item_kind,resource_id,source_url,source_page,page_title,language,variant,collection,resource_type,extension,status,local_path,bytes,sha256,content_type,http_status,etag,last_modified,downloaded_at,error
asset,43c1dcb9260415ca,https://mooreburkina.com/sites/www.mooreburkina.com/files/styles/max_750x750/public/pdf-files/02%20Dioula%20-%20fran%C3%A7ais%20-%20English.jpg.webp?itok=gVDMTovP,https://mooreburkina.com/fr/dioula/documents-dioula,Documents dioula | Mooré Burkina Faso,dioula;english;french;moore,,book_document,image,.webp,downloaded,assets/multilingual__dioula_english_french_moore/general/book_document/image/02_dioula_-_francais_-_english.jpg__43c1dcb9260415ca.webp,10690,8c7617040f14142952129b8269b57ab2ef41763b57be63288edc2c08aafa820f,image/webp,200,"""69ba75b5-29c2""","Wed, 18 Mar 2026 09:51:49 GMT",2026-10-03T20:11:50.323342+00:00,
asset,b29985e4ae9dbe97,https://mooreburkina.com/sites/www.mooreburkina.com/files/styles/max_750x750/public/pdf-files/Animaux%20Dioula-fran%C3%A7ais-anglais.jpg.webp?itok=shhG9WKK,https://mooreburkina.com/fr/dioula/documents-dioula,Documents dioula | Mooré Burkina Faso,dioula;english;french;moore,,book_document,image,.webp,downloaded,assets/multilingual__dioula_english_french_moore/general/book_document/image/animaux_dioula-francais-anglais.jpg__b29985e4ae9dbe97.webp,13442,51c1754ffebec63505b0d23a150a57a76fec2bda08654ca3d4990a427ace7522,image/webp,200,"""69ba75b6-3482""","Wed, 18 Mar 2026 09:51:50 GMT",2026-10-03T20:11:50.742265+00:00,
asset,8198d8f0007c2a7e,https://mooreburkina.com/sites/www.mooreburkina.com/files/styles/max_750x750/public/pdf-files/Corps%20humain%20dioula-fran%C3%A7ais-anglais.jpg.webp?itok=HzEenZSa,https://mooreburkina.com/fr/dioula/documents-dioula,Documents dioula | Mooré Burkina Faso,dioula;english;french;moore,,book_document,image,.webp,downloaded,assets/multilingual__dioula_english_french_moore/general/book_document/image/corps_humain_dioula-francais-anglais.jpg__8198d8f0007c2a7e.webp,14128,6ebcf756e44497eda8c5cf1f1f17a678db06cc2551a82db36c18f9cc0b83cf08,image/webp,200,"""69ba75b8-3730""","Wed, 18 Mar 2026 09:51:52 GMT",2026-10-03T20:11:51.221876+00:00,
asset,3d602df7fc9867ae,https://mooreburkina.com/sites/www.mooreburkina.com/files/styles/medium/public/pdf-files/Bambara%20Lexicon.pdf.jpg.webp?itok=V6trrPRi,https://mooreburkina.com/fr/dioula/documents-dioula,Documents dioula | Mooré Burkina Faso,dioula;english;french;moore,,dictionary,image,.webp,downloaded,assets/multilingual__dioula_english_french_moore/general/dictionary/image/bambara_lexicon.pdf.jpg__3d602df7fc9867ae.webp,50192,46f28b8b3d065590e4834c8b014773a9c3175f741880e50135f0a742cfc799f8,image/webp,200,"""69ba75b5-c410""","Wed, 18 Mar 2026 09:51:49 GMT",2026-10-03T20:11:51.799447+00:00,
asset,effc8f5e13b7de68,https://mooreburkina.com/sites/www.mooreburkina.com/files/pdf-files/02%20Dictionnaire%20Dioula%20-%20fran%C3%A7ais%20-%20English%20-%20Deutsch.pdf,https://mooreburkina.com/fr/dioula/documents-dioula,Documents dioula | Mooré Burkina Faso,dioula;english;french;moore,,dictionary,pdf,.pdf,downloaded,assets/multilingual__dioula_english_french_moore/general/dictionary/pdf/02_dictionnaire_dioula_-_francais_-_english_-_deutsch__effc8f5e13b7de68.pdf,5085887,f2c5122eafdc65fe3d55dbad8bcd9141783d011e1b75aadb3cb332a0ca18bdac,application/pdf,200,"""5e6f75d8-4d9abf""","Mon, 16 Mar 2020 12:49:28 GMT",2026-10-03T20:11:52.876180+00:00,
asset,1b423756f76a4297,https://mooreburkina.com/sites/www.mooreburkina.com/files/pdf-files/Animaux%20Dioula-fran%C3%A7ais-anglais-allemand.pdf,https://mooreburkina.com/fr/dioula/documents-dioula,Documents dioula | Mooré Burkina Faso,dioula;english;french;moore,,image_culture,pdf,.pdf,downloaded,assets/multilingual__dioula_english_french_moore/general/image_culture/pdf/animaux_dioula-francais-anglais-allemand__1b423756f76a4297.pdf,8007247,07655a978c205fade6794383c2031e63a7684930f61a752932f647f8a889a77e,application/pdf,200,"""5e626e15-7a2e4f""","Fri, 06 Mar 2020 15:36:53 GMT",2026-10-03T20:11:53.487733+00:00,
asset,560aba161478ff8c,https://mooreburkina.com/sites/www.mooreburkina.com/files/pdf-files/Corps%20humain%20dioula-fran%C3%A7ais-anglais-allemand.pdf,https://mooreburkina.com/fr/dioula/documents-dioula,Documents dioula | Mooré Burkina Faso,dioula;english;french;moore,,book_document,pdf,.pdf,downloaded,assets/multilingual__dioula_english_french_moore/general/book_document/pdf/corps_humain_dioula-francais-anglais-allemand__560aba161478ff8c.pdf,2503768,2db32016dde8b5d40dd934942263b2d2c3ae881ddfb13b03fff075ddbbeb6952,application/pdf,200,"""5e626dfc-263458""","Fri, 06 Mar 2020 15:36:28 GMT",2026-10-03T20:11:53.897694+00:00,
asset,a1a8470d28f02cf1,https://mooreburkina.com/sites/www.mooreburkina.com/files/pdf-files/Dioula%20-%20fran%C3%A7ais%20-%20English%20-%20deutsch%20avec%20images.pdf,https://mooreburkina.com/fr/dioula/documents-dioula,Documents dioula | Mooré Burkina Faso,dioula;english;french;moore,,dictionary,pdf,.pdf,downloaded,assets/multilingual__dioula_english_french_moore/general/dictionary/pdf/dioula_-_francais_-_english_-_deutsch_avec_images__a1a8470d28f02cf1.pdf,18770654,47077bd0c5e4afd5473991d7ff9aa876ad0ffa5fc2747a46b4a389c056d0816e,application/pdf,200,"""60016d68-11e6ade""","Fri, 15 Jan 2021 10:24:40 GMT",2026-10-03T20:11:54.869470+00:00,
asset,43fb58765b7963e7,https://mooreburkina.com/sites/www.mooreburkina.com/files/pdf-files/Dioula%20Agriculture%20fran%C3%A7ais%20-%20anglais%20-%20allemand.pdf,https://mooreburkina.com/fr/dioula/documents-dioula,Documents dioula | Mooré Burkina Faso,dioula;english;french;moore,,book_document,pdf,.pdf,downloaded,assets/multilingual__dioula_english_french_moore/general/book_document/pdf/dioula_agriculture_francais_-_anglais_-_allemand__43fb58765b7963e7.pdf,3031187,ae2a713804b867b45a726f1941606285ab3d89b82626016b1b943b0a41d6ffa7,application/pdf,200,"""5e626e65-2e4093""","Fri, 06 Mar 2020 15:38:13 GMT",2026-10-03T20:11:55.293233+00:00,
asset,3666c8a0ad74e160,https://mooreburkina.com/sites/www.mooreburkina.com/files/pdf-files/Dioula%20maladies%20Lexique.pdf,https://mooreburkina.com/fr/dioula/documents-dioula,Documents dioula | Mooré Burkina Faso,dioula;english;french;moore,,book_document,pdf,.pdf,downloaded,assets/multilingual__dioula_english_french_moore/general/book_document/pdf/dioula_maladies_lexique__3666c8a0ad74e160.pdf,1246670,24b0e00576db90a3af8ee1f18b364d5b93c2597b586cad8cea075d78db102075,application/pdf,200,"""5e63b146-1305ce""","Sat, 07 Mar 2020 14:35:50 GMT",2026-10-03T20:11:55.691494+00:00,
asset,f47c290530d49b29,https://mooreburkina.com/sites/www.mooreburkina.com/files/pdf-files/Dioula%20nourriture%20Lexique.pdf,https://mooreburkina.com/fr/dioula/documents-dioula,Documents dioula | Mooré Burkina Faso,dioula;english;french;moore,,book_document,pdf,.pdf,downloaded,assets/multilingual__dioula_english_french_moore/general/book_document/pdf/dioula_nourriture_lexique__f47c290530d49b29.pdf,3253813,48fdb6ce777f3357dc6da2e011153706b4cf99aa8e1b3bc85741c14f2e3c94ec,application/pdf,200,"""5e63b192-31a635""","Sat, 07 Mar 2020 14:37:06 GMT",2026-10-03T20:11:56.190955+00:00,
asset,2b2669570222c843,https://mooreburkina.com/sites/www.mooreburkina.com/files/styles/max_750x750/public/pdf-files/02%20Index%20English%20-%20Dioula.jpg.webp?itok=CMHv7EqC,https://mooreburkina.com/fr/dioula/documents-dioula,Documents dioula | Mooré Burkina Faso,dioula;english;moore,,book_document,image,.webp,downloaded,assets/multilingual__dioula_english_moore/general/book_document/image/02_index_english_-_dioula.jpg__2b2669570222c843.webp,5750,28f266062ae92c49aa9aaa705e2c7933afe3df238ff7b8946f28217ff99c13ba,image/webp,200,"""69ba75b9-1676""","Wed, 18 Mar 2026 09:51:53 GMT",2026-10-03T20:11:56.574978+00:00,
asset,2da005eb3c0bbc56,https://mooreburkina.com/sites/www.mooreburkina.com/files/styles/medium/public/pdf-files/Bambara%20-%20English%20Index.pdf.jpg.webp?itok=6BV8IbGk,https://mooreburkina.com/fr/dioula/documents-dioula,Documents dioula | Mooré Burkina Faso,dioula;english;moore,,book_document,image,.webp,downloaded,assets/multilingual__dioula_english_moore/general/book_document/image/bambara_-_english_index.pdf.jpg__2da005eb3c0bbc56.webp,35538,d480fbe550c1e13228a92cb5c19c72467a5181463399d1434ff57e10fb13fedc,image/webp,200,"""69ba75b8-8ad2""","Wed, 18 Mar 2026 09:51:52 GMT",2026-10-03T20:11:56.960357+00:00,
asset,a616a368dc9f1067,https://mooreburkina.com/sites/www.mooreburkina.com/files/pdf-files/02%20Index%20English%20-%20Dioula1.pdf,https://mooreburkina.com/fr/dioula/documents-dioula,Documents dioula | Mooré Burkina Faso,dioula;english;moore,,book_document,pdf,.pdf,downloaded,assets/multilingual__dioula_english_moore/general/book_document/pdf/02_index_english_-_dioula1__a616a368dc9f1067.pdf,2605292,eab0587aa8a6d1d92d3a5cee11a418ae149dd9312f12435fa672bda6c63db32e,application/pdf,200,"""5e6f75d9-27c0ec""","Mon, 16 Mar 2020 12:49:29 GMT",2026-10-03T20:11:57.553941+00:00,
asset,5c15da217be03f9b,https://mooreburkina.com/sites/www.mooreburkina.com/files/pdf-files/Bambara%20-%20English%20Index.pdf,https://mooreburkina.com/fr/dioula/documents-dioula,Documents dioula | Mooré Burkina Faso,dioula;english;moore,,book_document,pdf,.pdf,downloaded,assets/multilingual__dioula_english_moore/general/book_document/pdf/bambara_-_english_index__5c15da217be03f9b.pdf,2025643,515e32aed5fd4a96c5d5177796c0fed4ab867e00f930325af926f9ad1bf18c58,application/pdf,200,"""67b047cc-1ee8ab""","Sat, 15 Feb 2025 07:52:44 GMT",2026-10-03T20:11:58.040979+00:00,
asset,d8df5f071e0c11a1,https://mooreburkina.com/sites/www.mooreburkina.com/files/styles/max_750x750/public/2024-07/29%20Proverbes%20dioula%20dioula%20sur%20Play%20Store.jpg.webp?itok=vrjb9Hha,https://mooreburkina.com/fr/dioula-fulfulde/contes-dioula-et-fran%C3%A7ais;https://mooreburkina.com/fr/dioula/applis-en-dioula-jula,Proverbes dioula et français | Mooré Burkina Faso,dioula;french;fulfulde;moore,,folktale,image,.webp,downloaded,assets/multilingual__dioula_french_fulfulde_moore/general/folktale/image/29_proverbes_dioula_dioula_sur_play_store.jpg__d8df5f071e0c11a1.webp,84776,2869204605dab58179cee3df0dc35af016a983b84e0103b89fffb8804864ee03,image/webp,200,"""69ba6c16-14b28""","Wed, 18 Mar 2026 09:10:46 GMT",2026-10-03T20:11:58.427885+00:00,
asset,2842529a7ada7496,https://mooreburkina.com/sites/www.mooreburkina.com/files/styles/max_750x750/public/pdf-files/02%20Index%20Fran%C3%A7ais%20-%20Dioula.jpg.webp?itok=xWpRP-HF,https://mooreburkina.com/fr/dioula/documents-dioula,Documents dioula | Mooré Burkina Faso,dioula;french;moore,,book_document,image,.webp,downloaded,assets/multilingual__dioula_french_moore/general/book_document/image/02_index_francais_-_dioula.jpg__2842529a7ada7496.webp,4902,534896ab9ddf3b8bd16db6b25d98a89858d37c12409eb91a29a1a1c428cb601c,image/webp,200,"""69badc3f-1326""","Wed, 18 Mar 2026 17:09:19 GMT",2026-10-03T20:11:58.812860+00:00,
asset,c7fcbbb8c05b9029,https://mooreburkina.com/sites/www.mooreburkina.com/files/styles/medium/public/pdf-files/Bambara%20-%20Fran%C3%A7ais%20Index%20%28fran%C3%A7ais%29.pdf.jpg.webp?itok=8m8Ur-II,https://mooreburkina.com/fr/dioula/documents-dioula,Documents dioula | Mooré Burkina Faso,dioula;french;moore,,book_document,image,.webp,downloaded,assets/multilingual__dioula_french_moore/general/book_document/image/bambara_-_francais_index_francais_.pdf.jpg__c7fcbbb8c05b9029.webp,32562,5ba3512c11cca5503d8fcf2f5d1c3beb5c862b28208af69d3a2f6bf58bda994c,image/webp,200,"""69ba75b6-7f32""","Wed, 18 Mar 2026 09:51:50 GMT",2026-10-03T20:11:59.219563+00:00,
asset,66da62436e062397,https://mooreburkina.com/sites/www.mooreburkina.com/files/pdf-files/02%20Index%20Fran%C3%A7ais%20-%20Dioula.pdf,https://mooreburkina.com/fr/dioula/documents-dioula,Documents dioula | Mooré Burkina Faso,dioula;french;moore,,dictionary,pdf,.pdf,downloaded,assets/multilingual__dioula_french_moore/general/dictionary/pdf/02_index_francais_-_dioula__66da62436e062397.pdf,409163,6e158fdb043e4b110c7eb457728ba45a84c9e14d1db2baf7ea83ea90da1dd4d4,application/pdf,200,"""5e6f75da-63e4b""","Mon, 16 Mar 2020 12:49:30 GMT",2026-10-03T20:11:59.704280+00:00,
asset,2ca5c74c3672b38d,https://mooreburkina.com/sites/www.mooreburkina.com/files/pdf-files/Bambara%20-%20Fran%C3%A7ais%20Index%20%28fran%C3%A7ais%29.pdf,https://mooreburkina.com/fr/dioula/documents-dioula,Documents dioula | Mooré Burkina Faso,dioula;french;moore,,book_document,pdf,.pdf,downloaded,assets/multilingual__dioula_french_moore/general/book_document/pdf/bambara_-_francais_index_francais__2ca5c74c3672b38d.pdf,2008433,e1017a0119d770e9bd750ec2cd11e6df7c72cc175fc51102cad74868867348d0,application/pdf,200,"""67b047cf-1ea571""","Sat, 15 Feb 2025 07:52:47 GMT",2026-10-03T20:12:00.295930+00:00,
asset,9999e88a3b424bc1,https://mooreburkina.com/sites/www.mooreburkina.com/files/styles/max_750x750/public/2023-12/01%20dioula.jpg.webp?itok=Q3pQzyPQ,https://mooreburkina.com/fr/dioula-fulfulde,Dioula | Mooré Burkina Faso,dioula;fulfulde;moore,,other,image,.webp,downloaded,assets/multilingual__dioula_fulfulde_moore/general/other/image/01_dioula.jpg__9999e88a3b424bc1.webp,51614,fbc51090fb5722177c8b53f082abb34fa58e4cfcc6bf6dad5faeeed59822c888,image/webp,200,"""69ba0522-c99e""","Wed, 18 Mar 2026 01:51:30 GMT",2026-10-03T20:12:00.680761+00:00,
asset,50f4caf344d7a89c,https://mooreburkina.com/sites/www.mooreburkina.com/files/styles/max_750x750/public/2023-12/03%20dioula.jpg.webp?itok=mgPf8duR,https://mooreburkina.com/fr/dioula-fulfulde,Dioula | Mooré Burkina Faso,dioula;fulfulde;moore,,other,image,.webp,downloaded,assets/multilingual__dioula_fulfulde_moore/general/other/image/03_dioula.jpg__50f4caf344d7a89c.webp,69708,2931ed7d18561ee02c4f47e3ad8148dc2f2bf1bcf1ac58676a8c9684fbe06837,image/webp,200,"""69ba04d4-1104c""","Wed, 18 Mar 2026 01:50:12 GMT",2026-10-03T20:12:01.066053+00:00,
asset,7afdb15da435fc6b,https://mooreburkina.com/sites/www.mooreburkina.com/files/styles/max_750x750/public/2023-12/06%20dioula.jpg.webp?itok=vUXCgMNn,https://mooreburkina.com/fr/dioula-fulfulde,Dioula | Mooré Burkina Faso,dioula;fulfulde;moore,,religious,image,.webp,downloaded,assets/multilingual__dioula_fulfulde_moore/general/religious/image/06_dioula.jpg__7afdb15da435fc6b.webp,77762,5ff5a592ebee306106576d5d6e8a3d172ab7cebab043461371a7349137beee1b,image/webp,200,"""69ba05aa-12fc2""","Wed, 18 Mar 2026 01:53:46 GMT",2026-10-03T20:12:01.482855+00:00,
asset,10ca4b239cc0c75f,https://mooreburkina.com/sites/www.mooreburkina.com/files/styles/max_750x750/public/2023-12/Gaoua2007%20128.jpg.webp?itok=keqggrqp,https://mooreburkina.com/fr/dioula-fulfulde,Dioula | Mooré Burkina Faso,dioula;fulfulde;moore,,religious,image,.webp,downloaded,assets/multilingual__dioula_fulfulde_moore/general/religious/image/gaoua2007_128.jpg__10ca4b239cc0c75f.webp,76988,b16e6317acf7b2dad3eda3945fd6e463c65039dd4df89e92f85f62666166f7bc,image/webp,200,"""69ba0612-12cbc""","Wed, 18 Mar 2026 01:55:30 GMT",2026-10-03T20:12:01.870928+00:00,
asset,b6a3a28324a085c7,https://mooreburkina.com/sites/www.mooreburkina.com/files/styles/max_750x750/public/2025-02/Dioula%20Mogoya%20sur%20Play%20Store.jpg.webp?itok=4vv1XTwQ,https://mooreburkina.com/fr/dioula-fulfulde;https://mooreburkina.com/fr/dioula/applis-en-dioula-jula,Dioula | Mooré Burkina Faso,dioula;fulfulde;moore,,app,image,.webp,downloaded,assets/multilingual__dioula_fulfulde_moore/general/app/image/dioula_mogoya_sur_play_store.jpg__b6a3a28324a085c7.webp,114846,1dd75e3b08b7da3af74dae813c67dd91a139c64b93198ec7a24f42f05ba005d4,image/webp,200,"""69ba0542-1c09e""","Wed, 18 Mar 2026 01:52:02 GMT",2026-10-03T20:12:02.352165+00:00,
asset,2a73f41f439b07db,https://mooreburkina.com/sites/www.mooreburkina.com/files/styles/max_750x750/public/2026-02/Musokan%201%20Play%20Store.jpg.webp?itok=O-PArTk1,https://mooreburkina.com/fr/dioula-fulfulde;https://mooreburkina.com/fr/dioula/applis-en-dioula-jula,Dioula | Mooré Burkina Faso,dioula;fulfulde;moore,,app,image,.webp,downloaded,assets/multilingual__dioula_fulfulde_moore/general/app/image/musokan_1_play_store.jpg__2a73f41f439b07db.webp,86680,5e4a7876a3f48ff2c6696db190a640a8e19130a0ccf757314a91d5b7828cd401,image/webp,200,"""69ba04d6-15298""","Wed, 18 Mar 2026 01:50:14 GMT",2026-10-03T20:12:02.754764+00:00,
asset,a3358a3ab9e1e750,https://mooreburkina.com/sites/www.mooreburkina.com/files/media_stream/encodings/video_download_mp4_150/590-.mp4,https://mooreburkina.com/fr/dioula-fulfulde,Dioula | Mooré Burkina Faso,dioula;fulfulde;moore,,other,video,.mp4,downloaded,assets/multilingual__dioula_fulfulde_moore/general/other/video/590__a3358a3ab9e1e750.mp4,5820253,38c26669f8c07969a8fe1a61c5709b3e714debf368075eff30bb6404810945b8,video/mp4,200,"""5e51776a-58cf5d""","Sat, 22 Feb 2020 18:48:10 GMT",2026-10-03T20:12:03.722351+00:00,
asset,dcb9f9c81e43844c,https://mooreburkina.com/sites/www.mooreburkina.com/files/media_stream/encodings/video_download_mp4_orig_qual/590-.mp4,https://mooreburkina.com/fr/dioula-fulfulde,Dioula | Mooré Burkina Faso,dioula;fulfulde;moore,,other,video,.mp4,downloaded,assets/multilingual__dioula_fulfulde_moore/general/other/video/590__dcb9f9c81e43844c.mp4,22210539,d20a2ca99b4cd811c0647ff450ea23be0f87294b2ac7b7128c04a85acb4626c5,video/mp4,200,"""5e5177e3-152e7eb""","Sat, 22 Feb 2020 18:50:11 GMT",2026-10-03T20:12:04.695991+00:00,
asset,cddebe122288a88f,https://mooreburkina.com/sites/www.mooreburkina.com/files/Dictio%20apk/Dioula_Dictionary-3.0.apk,https://mooreburkina.com/;https://mooreburkina.com/fr;https://mooreburkina.com/fr/bienvenu-au-pays-mossi;https://mooreburkina.com/fr/dictionnaire-moor%C3%A9;https://mooreburkina.com/fr/dictionnaire-moor%C3%A9/aplications-de-dictionnaires-pour-ordinateur;https://mooreburkina.com/fr/dioula-fulfulde,Mooré Burkina Faso,dioula;moore,,dictionary,app,.apk,downloaded,assets/multilingual__dioula_moore/general/dictionary/app/dioula_dictionary-3.0__cddebe122288a88f.apk,68523748,d9a17d75b31c6a3fad8ffda7ba245453d21b284c2b1a7ca8da8c4cc7156b5264,application/octet-stream,200,"""5e4f17eb-41596e4""","Thu, 20 Feb 2020 23:36:11 GMT",2026-10-03T20:12:07.003431+00:00,
asset,ecac1564f72ed3ce,https://mooreburkina.com/modules/custom/arclight/images/1_jf-0-0/1_jf-0-0.webp,https://mooreburkina.com/fr/dioula/film-j%C3%A9sus-en-dioula;https://mooreburkina.com/fr/film-jesus-en-fulfulde-massina-mali;https://mooreburkina.com/fr/fulfulde/j%C3%A9sus-parle-le-fulfulde;https://mooreburkina.com/fr/gulimancema/film-de-j%C3%A9sus-gulmancema,Film Jésus en dioula | Mooré Burkina Faso,dioula;moore,,religious,image,.webp,downloaded,assets/multilingual__dioula_moore/general/religious/image/1_jf-0-0__ecac1564f72ed3ce.webp,23358,bf0d51ce4dc335e4cfd6e68f6f021c0f1ab3fa1da2422f4e2d970d5b56a96c7d,image/webp,200,"""6a5954a3-5b3e""","Thu, 16 Jul 2026 22:01:07 GMT",2026-10-03T20:12:07.388896+00:00,
asset,b8900aa6c5bcad23,https://mooreburkina.com/modules/custom/arclight/images/1_jf-0-0/1_jf6101-0-0.webp,https://mooreburkina.com/fr/dioula/film-j%C3%A9sus-en-dioula;https://mooreburkina.com/fr/film-jesus-en-fulfulde-massina-mali;https://mooreburkina.com/fr/fulfulde/j%C3%A9sus-parle-le-fulfulde;https://mooreburkina.com/fr/gulimancema/film-de-j%C3%A9sus-gulmancema,Film Jésus en dioula | Mooré Burkina Faso,dioula;moore,,religious,image,.webp,downloaded,assets/multilingual__dioula_moore/general/religious/image/1_jf6101-0-0__b8900aa6c5bcad23.webp,15304,5f3fb3d72407e59a9d04368f16ab155906913eabf0c853f405c483697fd873b5,image/webp,200,"""6a5954a3-3bc8""","Thu, 16 Jul 2026 22:01:07 GMT",2026-10-03T20:12:07.807227+00:00,
asset,995beee47e3ee29c,https://mooreburkina.com/modules/custom/arclight/images/1_jf-0-0/1_jf6102-0-0.webp,https://mooreburkina.com/fr/dioula/film-j%C3%A9sus-en-dioula;https://mooreburkina.com/fr/film-jesus-en-fulfulde-massina-mali;https://mooreburkina.com/fr/fulfulde/j%C3%A9sus-parle-le-fulfulde;https://mooreburkina.com/fr/gulimancema/film-de-j%C3%A9sus-gulmancema,Film Jésus en dioula | Mooré Burkina Faso,dioula;moore,,religious,image,.webp,downloaded,assets/multilingual__dioula_moore/general/religious/image/1_jf6102-0-0__995beee47e3ee29c.webp,18938,a05401909e801da70d6f3cf44371a070d5f044c2a4f0e5074bcad4a159e6e966,image/webp,200,"""6a5954a3-49fa""","Thu, 16 Jul 2026 22:01:07 GMT",2026-10-03T20:12:08.190060+00:00,
asset,9e9f8a57362563fd,https://mooreburkina.com/modules/custom/arclight/images/1_jf-0-0/1_jf6103-0-0.webp,https://mooreburkina.com/fr/dioula/film-j%C3%A9sus-en-dioula;https://mooreburkina.com/fr/film-jesus-en-fulfulde-massina-mali;https://mooreburkina.com/fr/fulfulde/j%C3%A9sus-parle-le-fulfulde;https://mooreburkina.com/fr/gulimancema/film-de-j%C3%A9sus-gulmancema,Film Jésus en dioula | Mooré Burkina Faso,dioula;moore,,religious,image,.webp,downloaded,assets/multilingual__dioula_moore/general/religious/image/1_jf6103-0-0__9e9f8a57362563fd.webp,32958,d9de1186b4f9cbccca5319f6514af1b57491e4db4e187a2d5c0d04c487498270,image/webp,200,"""6a5954a3-80be""","Thu, 16 Jul 2026 22:01:07 GMT",2026-10-03T20:12:08.573881+00:00,
asset,0d1e4b370accd2c6,https://mooreburkina.com/modules/custom/arclight/images/1_jf-0-0/1_jf6104-0-0.webp,https://mooreburkina.com/fr/dioula/film-j%C3%A9sus-en-dioula;https://mooreburkina.com/fr/film-jesus-en-fulfulde-massina-mali;https://mooreburkina.com/fr/fulfulde/j%C3%A9sus-parle-le-fulfulde;https://mooreburkina.com/fr/gulimancema/film-de-j%C3%A9sus-gulmancema,Film Jésus en dioula | Mooré Burkina Faso,dioula;moore,,religious,image,.webp,downloaded,assets/multilingual__dioula_moore/general/religious/image/1_jf6104-0-0__0d1e4b370accd2c6.webp,24932,ea7f816a194b20bacf7d0d0bf493f677d09f08498e09f15d17d8e9c41a6e6d75,image/webp,200,"""6a5954a3-6164""","Thu, 16 Jul 2026 22:01:07 GMT",2026-10-03T20:12:08.959424+00:00,
asset,88ee7cd57c944563,https://mooreburkina.com/modules/custom/arclight/images/1_jf-0-0/1_jf6105-0-0.webp,https://mooreburkina.com/fr/dioula/film-j%C3%A9sus-en-dioula;https://mooreburkina.com/fr/film-jesus-en-fulfulde-massina-mali;https://mooreburkina.com/fr/fulfulde/j%C3%A9sus-parle-le-fulfulde;https://mooreburkina.com/fr/gulimancema/film-de-j%C3%A9sus-gulmancema,Film Jésus en dioula | Mooré Burkina Faso,dioula;moore,,religious,image,.webp,downloaded,assets/multilingual__dioula_moore/general/religious/image/1_jf6105-0-0__88ee7cd57c944563.webp,45002,7d3fca0ccdf693c36c20c4a65f1bf695e766897e2e923b675fc9adc883b82778,image/webp,200,"""6a5954a3-afca""","Thu, 16 Jul 2026 22:01:07 GMT",2026-10-03T20:12:09.361569+00:00,
asset,8e20a0456edc194f,https://mooreburkina.com/modules/custom/arclight/images/1_jf-0-0/1_jf6106-0-0.webp,https://mooreburkina.com/fr/dioula/film-j%C3%A9sus-en-dioula;https://mooreburkina.com/fr/film-jesus-en-fulfulde-massina-mali;https://mooreburkina.com/fr/fulfulde/j%C3%A9sus-parle-le-fulfulde;https://mooreburkina.com/fr/gulimancema/film-de-j%C3%A9sus-gulmancema,Film Jésus en dioula | Mooré Burkina Faso,dioula;moore,,religious,image,.webp,downloaded,assets/multilingual__dioula_moore/general/religious/image/1_jf6106-0-0__8e20a0456edc194f.webp,38150,ec6869cafa5d6e90a17ae887597a1542c6963c9236d4ebd2af57cef6f19a3b4c,image/webp,200,"""6a5954a3-9506""","Thu, 16 Jul 2026 22:01:07 GMT",2026-10-03T20:12:09.762925+00:00,
asset,d5461f644767ce74,https://mooreburkina.com/modules/custom/arclight/images/1_jf-0-0/1_jf6107-0-0.webp,https://mooreburkina.com/fr/dioula/film-j%C3%A9sus-en-dioula;https://mooreburkina.com/fr/film-jesus-en-fulfulde-massina-mali;https://mooreburkina.com/fr/fulfulde/j%C3%A9sus-parle-le-fulfulde;https://mooreburkina.com/fr/gulimancema/film-de-j%C3%A9sus-gulmancema,Film Jésus en dioula | Mooré Burkina Faso,dioula;moore,,religious,image,.webp,downloaded,assets/multilingual__dioula_moore/general/religious/image/1_jf6107-0-0__d5461f644767ce74.webp,19072,aa403e9475b2203bf38a5120e1dbf2ca00c76cb63ca50d03a5a5121ff45d9ee6,image/webp,200,"""6a5954a3-4a80""","Thu, 16 Jul 2026 22:01:07 GMT",2026-10-03T20:12:10.147324+00:00,
asset,fc690653f859a4bd,https://mooreburkina.com/modules/custom/arclight/images/1_jf-0-0/1_jf6108-0-0.webp,https://mooreburkina.com/fr/dioula/film-j%C3%A9sus-en-dioula;https://mooreburkina.com/fr/film-jesus-en-fulfulde-massina-mali;https://mooreburkina.com/fr/fulfulde/j%C3%A9sus-parle-le-fulfulde;https://mooreburkina.com/fr/gulimancema/film-de-j%C3%A9sus-gulmancema,Film Jésus en dioula | Mooré Burkina Faso,dioula;moore,,religious,image,.webp,downloaded,assets/multilingual__dioula_moore/general/religious/image/1_jf6108-0-0__fc690653f859a4bd.webp,47220,d24bbab66c2ca65779c0cb2b5092de5913919ab363de06887266b68ea118cb84,image/webp,200,"""6a5954a3-b874""","Thu, 16 Jul 2026 22:01:07 GMT",2026-10-03T20:12:10.629176+00:00,
asset,58e099382ed9d465,https://mooreburkina.com/modules/custom/arclight/images/1_jf-0-0/1_jf6109-0-0.webp,https://mooreburkina.com/fr/dioula/film-j%C3%A9sus-en-dioula;https://mooreburkina.com/fr/film-jesus-en-fulfulde-massina-mali;https://mooreburkina.com/fr/fulfulde/j%C3%A9sus-parle-le-fulfulde;https://mooreburkina.com/fr/gulimancema/film-de-j%C3%A9sus-gulmancema,Film Jésus en dioula | Mooré Burkina Faso,dioula;moore,,religious,image,.webp,downloaded,assets/multilingual__dioula_moore/general/religious/image/1_jf6109-0-0__58e099382ed9d465.webp,15712,3cabe456bd5d3a199bd5a9de61215e7e4910eb72b71f2f661136de4413a750b4,image/webp,200,"""6a5954a3-3d60""","Thu, 16 Jul 2026 22:01:07 GMT",2026-10-03T20:12:11.015390+00:00,
asset,79d5fafa932cbb2d,https://mooreburkina.com/modules/custom/arclight/images/1_jf-0-0/1_jf6110-0-0.webp,https://mooreburkina.com/fr/dioula/film-j%C3%A9sus-en-dioula;https://mooreburkina.com/fr/film-jesus-en-fulfulde-massina-mali;https://mooreburkina.com/fr/fulfulde/j%C3%A9sus-parle-le-fulfulde;https://mooreburkina.com/fr/gulimancema/film-de-j%C3%A9sus-gulmancema,Film Jésus en dioula | Mooré Burkina Faso,dioula;moore,,religious,image,.webp,downloaded,assets/multilingual__dioula_moore/general/religious/image/1_jf6110-0-0__79d5fafa932cbb2d.webp,30948,9960be8a29f403cc3e7ef9645afe8785de064a6ab6242fbefb64984a7f75ee1f,image/webp,200,"""6a5954a3-78e4""","Thu, 16 Jul 2026 22:01:07 GMT",2026-10-03T20:12:11.494970+00:00,
asset,91153f33c4197e40,https://mooreburkina.com/modules/custom/arclight/images/1_jf-0-0/1_jf6111-0-0.webp,https://mooreburkina.com/fr/dioula/film-j%C3%A9sus-en-dioula;https://mooreburkina.com/fr/film-jesus-en-fulfulde-massina-mali;https://mooreburkina.com/fr/fulfulde/j%C3%A9sus-parle-le-fulfulde;https://mooreburkina.com/fr/gulimancema/film-de-j%C3%A9sus-gulmancema,Film Jésus en dioula | Mooré Burkina Faso,dioula;moore,,religious,image,.webp,downloaded,assets/multilingual__dioula_moore/general/religious/image/1_jf6111-0-0__91153f33c4197e40.webp,31228,a449edd5dd75d671818a7b549b1ffdb91227e8d15c039a7aea7a8d358e91225b,image/webp,200,"""6a5954a3-79fc""","Thu, 16 Jul 2026 22:01:07 GMT",2026-10-03T20:12:11.974754+00:00,
asset,706456767206ffea,https://mooreburkina.com/modules/custom/arclight/images/1_jf-0-0/1_jf6112-0-0.webp,https://mooreburkina.com/fr/dioula/film-j%C3%A9sus-en-dioula;https://mooreburkina.com/fr/film-jesus-en-fulfulde-massina-mali;https://mooreburkina.com/fr/fulfulde/j%C3%A9sus-parle-le-fulfulde;https://mooreburkina.com/fr/gulimancema/film-de-j%C3%A9sus-gulmancema,Film Jésus en dioula | Mooré Burkina Faso,dioula;moore,,religious,image,.webp,downloaded,assets/multilingual__dioula_moore/general/religious/image/1_jf6112-0-0__706456767206ffea.webp,50182,ca89d8d60070f381a03c21b558311dbb6487be211f47cf498adec5e44fa91222,image/webp,200,"""6a5954a3-c406""","Thu, 16 Jul 2026 22:01:07 GMT",2026-10-03T20:12:12.454042+00:00,
asset,0f772b355a8b8ae5,https://mooreburkina.com/modules/custom/arclight/images/1_jf-0-0/1_jf6113-0-0.webp,https://mooreburkina.com/fr/dioula/film-j%C3%A9sus-en-dioula;https://mooreburkina.com/fr/film-jesus-en-fulfulde-massina-mali;https://mooreburkina.com/fr/fulfulde/j%C3%A9sus-parle-le-fulfulde;https://mooreburkina.com/fr/gulimancema/film-de-j%C3%A9sus-gulmancema,Film Jésus en dioula | Mooré Burkina Faso,dioula;moore,,religious,image,.webp,downloaded,assets/multilingual__dioula_moore/general/religious/image/1_jf6113-0-0__0f772b355a8b8ae5.webp,46396,d2ea71ddb2dd8447bc135eda1cfef4f6fd3d5171048556dd565101d8227e7b5e,image/webp,200,"""6a5954a3-b53c""","Thu, 16 Jul 2026 22:01:07 GMT",2026-10-03T20:12:12.940082+00:00,
asset,7f64e5743c5aa77a,https://mooreburkina.com/modules/custom/arclight/images/1_jf-0-0/1_jf6114-0-0.webp,https://mooreburkina.com/fr/dioula/film-j%C3%A9sus-en-dioula;https://mooreburkina.com/fr/film-jesus-en-fulfulde-massina-mali;https://mooreburkina.com/fr/fulfulde/j%C3%A9sus-parle-le-fulfulde;https://mooreburkina.com/fr/gulimancema/film-de-j%C3%A9sus-gulmancema,Film Jésus en dioula | Mooré Burkina Faso,dioula;moore,,religious,image,.webp,downloaded,assets/multilingual__dioula_moore/general/religious/image/1_jf6114-0-0__7f64e5743c5aa77a.webp,35080,5124c63b2432a367914ebc2ef0b1570ee5a29829bafcbb44d77e3ef0c75f6c57,image/webp,200,"""6a5954a3-8908""","Thu, 16 Jul 2026 22:01:07 GMT",2026-10-03T20:12:13.346757+00:00,
asset,71abfd680b3002b8,https://mooreburkina.com/modules/custom/arclight/images/1_jf-0-0/1_jf6115-0-0.webp,https://mooreburkina.com/fr/dioula/film-j%C3%A9sus-en-dioula;https://mooreburkina.com/fr/film-jesus-en-fulfulde-massina-mali;https://mooreburkina.com/fr/fulfulde/j%C3%A9sus-parle-le-fulfulde;https://mooreburkina.com/fr/gulimancema/film-de-j%C3%A9sus-gulmancema,Film Jésus en dioula | Mooré Burkina Faso,dioula;moore,,religious,image,.webp,downloaded,assets/multilingual__dioula_moore/general/religious/image/1_jf6115-0-0__71abfd680b3002b8.webp,29228,23cf7b071ad04a84e839ff974f62c44fa88fdc0fc3ca7950d139032da84b2499,image/webp,200,"""6a5954a3-722c""","Thu, 16 Jul 2026 22:01:07 GMT",2026-10-03T20:12:13.730715+00:00,
asset,a62d7518916af4bc,https://mooreburkina.com/modules/custom/arclight/images/1_jf-0-0/1_jf6116-0-0.webp,https://mooreburkina.com/fr/dioula/film-j%C3%A9sus-en-dioula;https://mooreburkina.com/fr/film-jesus-en-fulfulde-massina-mali;https://mooreburkina.com/fr/fulfulde/j%C3%A9sus-parle-le-fulfulde;https://mooreburkina.com/fr/gulimancema/film-de-j%C3%A9sus-gulmancema,Film Jésus en dioula | Mooré Burkina Faso,dioula;moore,,religious,image,.webp,downloaded,assets/multilingual__dioula_moore/general/religious/image/1_jf6116-0-0__a62d7518916af4bc.webp,25728,de239c431ee02146294a744ae528f3eb60a6dbf90e23869afe974e40707545b2,image/webp,200,"""6a5954a3-6480""","Thu, 16 Jul 2026 22:01:07 GMT",2026-10-03T20:12:14.114552+00:00,
asset,8f9786d062be01ed,https://mooreburkina.com/modules/custom/arclight/images/1_jf-0-0/1_jf6117-0-0.webp,https://mooreburkina.com/fr/dioula/film-j%C3%A9sus-en-dioula;https://mooreburkina.com/fr/film-jesus-en-fulfulde-massina-mali;https://mooreburkina.com/fr/fulfulde/j%C3%A9sus-parle-le-fulfulde;https://mooreburkina.com/fr/gulimancema/film-de-j%C3%A9sus-gulmancema,Film Jésus en dioula | Mooré Burkina Faso,dioula;moore,,religious,image,.webp,downloaded,assets/multilingual__dioula_moore/general/religious/image/1_jf6117-0-0__8f9786d062be01ed.webp,41632,96dfd3ab22093a8d1905d5230d8250e24fa45013c79ae75d97ef449152329b57,image/webp,200,"""6a5954a3-a2a0""","Thu, 16 Jul 2026 22:01:07 GMT",2026-10-03T20:12:14.600249+00:00,
asset,78926dbffe79c953,https://mooreburkina.com/modules/custom/arclight/images/1_jf-0-0/1_jf6118-0-0.webp,https://mooreburkina.com/fr/dioula/film-j%C3%A9sus-en-dioula;https://mooreburkina.com/fr/film-jesus-en-fulfulde-massina-mali;https://mooreburkina.com/fr/fulfulde/j%C3%A9sus-parle-le-fulfulde;https://mooreburkina.com/fr/gulimancema/film-de-j%C3%A9sus-gulmancema,Film Jésus en dioula | Mooré Burkina Faso,dioula;moore,,religious,image,.webp,downloaded,assets/multilingual__dioula_moore/general/religious/image/1_jf6118-0-0__78926dbffe79c953.webp,37170,2d492be895f520920297fc07049540c194325a920c53e26ade530802188d7970,image/webp,200,"""6a5954a3-9132""","Thu, 16 Jul 2026 22:01:07 GMT",2026-10-03T20:12:15.081417+00:00,
asset,55a7244164b23a96,https://mooreburkina.com/modules/custom/arclight/images/1_jf-0-0/1_jf6119-0-0.webp,https://mooreburkina.com/fr/dioula/film-j%C3%A9sus-en-dioula;https://mooreburkina.com/fr/film-jesus-en-fulfulde-massina-mali;https://mooreburkina.com/fr/fulfulde/j%C3%A9sus-parle-le-fulfulde;https://mooreburkina.com/fr/gulimancema/film-de-j%C3%A9sus-gulmancema,Film Jésus en dioula | Mooré Burkina Faso,dioula;moore,,religious,image,.webp,downloaded,assets/multilingual__dioula_moore/general/religious/image/1_jf6119-0-0__55a7244164b23a96.webp,18726,8a9b9474358481c5b070b3dc1fde07e60b73137a98e40f5bef7f21773517ff39,image/webp,200,"""6a5954a3-4926""","Thu, 16 Jul 2026 22:01:07 GMT",2026-10-03T20:12:15.469301+00:00,
asset,af40cc83f87f9d9f,https://mooreburkina.com/modules/custom/arclight/images/1_jf-0-0/1_jf6120-0-0.webp,https://mooreburkina.com/fr/dioula/film-j%C3%A9sus-en-dioula;https://mooreburkina.com/fr/film-jesus-en-fulfulde-massina-mali;https://mooreburkina.com/fr/fulfulde/j%C3%A9sus-parle-le-fulfulde;https://mooreburkina.com/fr/gulimancema/film-de-j%C3%A9sus-gulmancema,Film Jésus en dioula | Mooré Burkina Faso,dioula;moore,,religious,image,.webp,downloaded,assets/multilingual__dioula_moore/general/religious/image/1_jf6120-0-0__af40cc83f87f9d9f.webp,27524,a071b8803a025dc7ce444ff6464f55e0e20248df877f1a8a0a06efcb24b6d667,image/webp,200,"""6a5954a3-6b84""","Thu, 16 Jul 2026 22:01:07 GMT",2026-10-03T20:12:15.946943+00:00,
asset,fd1afdb98f1ba322,https://mooreburkina.com/modules/custom/arclight/images/1_jf-0-0/1_jf6121-0-0.webp,https://mooreburkina.com/fr/dioula/film-j%C3%A9sus-en-dioula;https://mooreburkina.com/fr/film-jesus-en-fulfulde-massina-mali;https://mooreburkina.com/fr/fulfulde/j%C3%A9sus-parle-le-fulfulde;https://mooreburkina.com/fr/gulimancema/film-de-j%C3%A9sus-gulmancema,Film Jésus en dioula | Mooré Burkina Faso,dioula;moore,,religious,image,.webp,downloaded,assets/multilingual__dioula_moore/general/religious/image/1_jf6121-0-0__fd1afdb98f1ba322.webp,59528,432a6a384a0ab12c1d7cc1822ad0d96651e67c1ebb23de4a6bcf9b8d4d33e8fe,image/webp,200,"""6a5954a3-e888""","Thu, 16 Jul 2026 22:01:07 GMT",2026-10-03T20:12:16.431316+00:00,
asset,5439b0540cfa01cf,https://mooreburkina.com/modules/custom/arclight/images/1_jf-0-0/1_jf6122-0-0.webp,https://mooreburkina.com/fr/dioula/film-j%C3%A9sus-en-dioula;https://mooreburkina.com/fr/film-jesus-en-fulfulde-massina-mali;https://mooreburkina.com/fr/fulfulde/j%C3%A9sus-parle-le-fulfulde;https://mooreburkina.com/fr/gulimancema/film-de-j%C3%A9sus-gulmancema,Film Jésus en dioula | Mooré Burkina Faso,dioula;moore,,religious,image,.webp,downloaded,assets/multilingual__dioula_moore/general/religious/image/1_jf6122-0-0__5439b0540cfa01cf.webp,20316,9e1969389a35ac824cfd77bdf8518bfa905e913871ff7a102da19970c050f956,image/webp,200,"""6a5954a3-4f5c""","Thu, 16 Jul 2026 22:01:07 GMT",2026-10-03T20:12:16.814615+00:00,
asset,117a90b332ac6fb8,https://mooreburkina.com/modules/custom/arclight/images/1_jf-0-0/1_jf6123-0-0.webp,https://mooreburkina.com/fr/dioula/film-j%C3%A9sus-en-dioula;https://mooreburkina.com/fr/film-jesus-en-fulfulde-massina-mali;https://mooreburkina.com/fr/fulfulde/j%C3%A9sus-parle-le-fulfulde;https://mooreburkina.com/fr/gulimancema/film-de-j%C3%A9sus-gulmancema,Film Jésus en dioula | Mooré Burkina Faso,dioula;moore,,religious,image,.webp,downloaded,assets/multilingual__dioula_moore/general/religious/image/1_jf6123-0-0__117a90b332ac6fb8.webp,19908,968ba79af3f889f6f26a41026089018d3529b9484081403bbec5f7d78fde5181,image/webp,200,"""6a5954a3-4dc4""","Thu, 16 Jul 2026 22:01:07 GMT",2026-10-03T20:12:17.200559+00:00,
asset,414fae0f4749deec,https://mooreburkina.com/modules/custom/arclight/images/1_jf-0-0/1_jf6124-0-0.webp,https://mooreburkina.com/fr/dioula/film-j%C3%A9sus-en-dioula;https://mooreburkina.com/fr/film-jesus-en-fulfulde-massina-mali;https://mooreburkina.com/fr/fulfulde/j%C3%A9sus-parle-le-fulfulde;https://mooreburkina.com/fr/gulimancema/film-de-j%C3%A9sus-gulmancema,Film Jésus en dioula | Mooré Burkina Faso,dioula;moore,,religious,image,.webp,downloaded,assets/multilingual__dioula_moore/general/religious/image/1_jf6124-0-0__414fae0f4749deec.webp,41928,35daf23c0a7882aa80f2082daaaace892f52c79f3ea3ed9fc35379e0522a6312,image/webp,200,"""6a5954a3-a3c8""","Thu, 16 Jul 2026 22:01:07 GMT",2026-10-03T20:12:17.683180+00:00,
asset,56ce25c01410cb76,https://mooreburkina.com/modules/custom/arclight/images/1_jf-0-0/1_jf6125-0-0.webp,https://mooreburkina.com/fr/dioula/film-j%C3%A9sus-en-dioula;https://mooreburkina.com/fr/film-jesus-en-fulfulde-massina-mali;https://mooreburkina.com/fr/fulfulde/j%C3%A9sus-parle-le-fulfulde;https://mooreburkina.com/fr/gulimancema/film-de-j%C3%A9sus-gulmancema,Film Jésus en dioula | Mooré Burkina Faso,dioula;moore,,religious,image,.webp,downloaded,assets/multilingual__dioula_moore/general/religious/image/1_jf6125-0-0__56ce25c01410cb76.webp,12934,205abe4d366cef12d07d08a434f25f9a2594729ee0506cb63f2be12a255dc8b2,image/webp,200,"""6a5954a3-3286""","Thu, 16 Jul 2026 22:01:07 GMT",2026-10-03T20:12:18.074661+00:00,
asset,4d6553a6a874b550,https://mooreburkina.com/modules/custom/arclight/images/1_jf-0-0/1_jf6126-0-0.webp,https://mooreburkina.com/fr/dioula/film-j%C3%A9sus-en-dioula;https://mooreburkina.com/fr/film-jesus-en-fulfulde-massina-mali;https://mooreburkina.com/fr/fulfulde/j%C3%A9sus-parle-le-fulfulde;https://mooreburkina.com/fr/gulimancema/film-de-j%C3%A9sus-gulmancema,Film Jésus en dioula | Mooré Burkina Faso,dioula;moore,,religious,image,.webp,downloaded,assets/multilingual__dioula_moore/general/religious/image/1_jf6126-0-0__4d6553a6a874b550.webp,69572,cc927903d8464943715a74c381c8c853882e21f51f16502b708e3a9ce7059d60,image/webp,200,"""6a5954a3-10fc4""","Thu, 16 Jul 2026 22:01:07 GMT",2026-10-03T20:12:18.649988+00:00,
asset,fefcf9d3eaa92a0b,https://mooreburkina.com/modules/custom/arclight/images/1_jf-0-0/1_jf6127-0-0.webp,https://mooreburkina.com/fr/dioula/film-j%C3%A9sus-en-dioula;https://mooreburkina.com/fr/film-jesus-en-fulfulde-massina-mali;https://mooreburkina.com/fr/fulfulde/j%C3%A9sus-parle-le-fulfulde;https://mooreburkina.com/fr/gulimancema/film-de-j%C3%A9sus-gulmancema,Film Jésus en dioula | Mooré Burkina Faso,dioula;moore,,religious,image,.webp,downloaded,assets/multilingual__dioula_moore/general/religious/image/1_jf6127-0-0__fefcf9d3eaa92a0b.webp,44044,289c83c268674ded80d04c50d5f71a57c00a4360b50650b64c64176dc5740407,image/webp,200,"""6a5954a3-ac0c""","Thu, 16 Jul 2026 22:01:07 GMT",2026-10-03T20:12:19.130045+00:00,
asset,4ef306dadf178808,https://mooreburkina.com/modules/custom/arclight/images/1_jf-0-0/1_jf6128-0-0.webp,https://mooreburkina.com/fr/dioula/film-j%C3%A9sus-en-dioula;https://mooreburkina.com/fr/film-jesus-en-fulfulde-massina-mali;https://mooreburkina.com/fr/fulfulde/j%C3%A9sus-parle-le-fulfulde;https://mooreburkina.com/fr/gulimancema/film-de-j%C3%A9sus-gulmancema,Film Jésus en dioula | Mooré Burkina Faso,dioula;moore,,religious,image,.webp,downloaded,assets/multilingual__dioula_moore/general/religious/image/1_jf6128-0-0__4ef306dadf178808.webp,55612,75b2497042c35f769523e9a0c20590be3e1bc4ea79c5f44e8f1cc566913c02dc,image/webp,200,"""6a5954a3-d93c""","Thu, 16 Jul 2026 22:01:07 GMT",2026-10-03T20:12:19.609709+00:00,
asset,d4bb9c316ff37568,https://mooreburkina.com/modules/custom/arclight/images/1_jf-0-0/1_jf6129-0-0.webp,https://mooreburkina.com/fr/dioula/film-j%C3%A9sus-en-dioula;https://mooreburkina.com/fr/film-jesus-en-fulfulde-massina-mali;https://mooreburkina.com/fr/fulfulde/j%C3%A9sus-parle-le-fulfulde;https://mooreburkina.com/fr/gulimancema/film-de-j%C3%A9sus-gulmancema,Film Jésus en dioula | Mooré Burkina Faso,dioula;moore,,religious,image,.webp,downloaded,assets/multilingual__dioula_moore/general/religious/image/1_jf6129-0-0__d4bb9c316ff37568.webp,39782,98d53bab8bca9cb8c005ee4ed3a6cf2ef5f7c2a78dcab52c6d66f0d18c9e5dd5,image/webp,200,"""6a5954a3-9b66""","Thu, 16 Jul 2026 22:01:07 GMT",2026-10-03T20:12:20.019293+00:00,
asset,349e7d956d4c9574,https://mooreburkina.com/modules/custom/arclight/images/1_jf-0-0/1_jf6130-0-0.webp,https://mooreburkina.com/fr/dioula/film-j%C3%A9sus-en-dioula;https://mooreburkina.com/fr/film-jesus-en-fulfulde-massina-mali;https://mooreburkina.com/fr/fulfulde/j%C3%A9sus-parle-le-fulfulde;https://mooreburkina.com/fr/gulimancema/film-de-j%C3%A9sus-gulmancema,Film Jésus en dioula | Mooré Burkina Faso,dioula;moore,,religious,image,.webp,downloaded,assets/multilingual__dioula_moore/general/religious/image/1_jf6130-0-0__349e7d956d4c9574.webp,29932,38be8efe4824d20849374d979841191b07b71549e0bc4f262733a92e43b71393,image/webp,200,"""6a5954a3-74ec""","Thu, 16 Jul 2026 22:01:07 GMT",2026-10-03T20:12:20.418672+00:00,
asset,2b304a051a7e04ca,https://mooreburkina.com/modules/custom/arclight/images/1_jf-0-0/1_jf6131-0-0.webp,https://mooreburkina.com/fr/dioula/film-j%C3%A9sus-en-dioula;https://mooreburkina.com/fr/film-jesus-en-fulfulde-massina-mali;https://mooreburkina.com/fr/fulfulde/j%C3%A9sus-parle-le-fulfulde;https://mooreburkina.com/fr/gulimancema/film-de-j%C3%A9sus-gulmancema,Film Jésus en dioula | Mooré Burkina Faso,dioula;moore,,religious,image,.webp,downloaded,assets/multilingual__dioula_moore/general/religious/image/1_jf6131-0-0__2b304a051a7e04ca.webp,68292,a0fabde37238f70d2f8dfc8d214eab4328c6362f3a0a7d28579f479b8524eb6e,image/webp,200,"""6a5954a3-10ac4""","Thu, 16 Jul 2026 22:01:07 GMT",2026-10-03T20:12:20.899074+00:00,
asset,d15e46b6ed9ca119,https://mooreburkina.com/modules/custom/arclight/images/1_jf-0-0/1_jf6132-0-0.webp,https://mooreburkina.com/fr/dioula/film-j%C3%A9sus-en-dioula;https://mooreburkina.com/fr/film-jesus-en-fulfulde-massina-mali;https://mooreburkina.com/fr/fulfulde/j%C3%A9sus-parle-le-fulfulde;https://mooreburkina.com/fr/gulimancema/film-de-j%C3%A9sus-gulmancema,Film Jésus en dioula | Mooré Burkina Faso,dioula;moore,,religious,image,.webp,downloaded,assets/multilingual__dioula_moore/general/religious/image/1_jf6132-0-0__d15e46b6ed9ca119.webp,30280,15f89d47a212adc7a1a12c6d514c586e90a5c20cf5d3d113a78db7a3b133e133,image/webp,200,"""6a5954a3-7648""","Thu, 16 Jul 2026 22:01:07 GMT",2026-10-03T20:12:21.284560+00:00,
asset,80a9f30322f7b7b3,https://mooreburkina.com/modules/custom/arclight/images/1_jf-0-0/1_jf6133-0-0.webp,https://mooreburkina.com/fr/dioula/film-j%C3%A9sus-en-dioula;https://mooreburkina.com/fr/film-jesus-en-fulfulde-massina-mali;https://mooreburkina.com/fr/fulfulde/j%C3%A9sus-parle-le-fulfulde;https://mooreburkina.com/fr/gulimancema/film-de-j%C3%A9sus-gulmancema,Film Jésus en dioula | Mooré Burkina Faso,dioula;moore,,religious,image,.webp,downloaded,assets/multilingual__dioula_moore/general/religious/image/1_jf6133-0-0__80a9f30322f7b7b3.webp,45638,9a604425ff1ba7769a7458db428b5abbfc8086763f255214f32186551e5260d1,image/webp,200,"""6a5954a3-b246""","Thu, 16 Jul 2026 22:01:07 GMT",2026-10-03T20:12:21.763535+00:00,
asset,52df1ba99c0e0e1c,https://mooreburkina.com/modules/custom/arclight/images/1_jf-0-0/1_jf6134-0-0.webp,https://mooreburkina.com/fr/dioula/film-j%C3%A9sus-en-dioula;https://mooreburkina.com/fr/film-jesus-en-fulfulde-massina-mali;https://mooreburkina.com/fr/fulfulde/j%C3%A9sus-parle-le-fulfulde;https://mooreburkina.com/fr/gulimancema/film-de-j%C3%A9sus-gulmancema,Film Jésus en dioula | Mooré Burkina Faso,dioula;moore,,religious,image,.webp,downloaded,assets/multilingual__dioula_moore/general/religious/image/1_jf6134-0-0__52df1ba99c0e0e1c.webp,16874,969ee1defbc7ecf6111c0982f4c876327deefdb03bdb8d39baa47f6493c8cf3a,image/webp,200,"""6a5954a3-41ea""","Thu, 16 Jul 2026 22:01:07 GMT",2026-10-03T20:12:22.147574+00:00,
asset,cf21df94bb7924bb,https://mooreburkina.com/modules/custom/arclight/images/1_jf-0-0/1_jf6135-0-0.webp,https://mooreburkina.com/fr/dioula/film-j%C3%A9sus-en-dioula;https://mooreburkina.com/fr/film-jesus-en-fulfulde-massina-mali;https://mooreburkina.com/fr/fulfulde/j%C3%A9sus-parle-le-fulfulde;https://mooreburkina.com/fr/gulimancema/film-de-j%C3%A9sus-gulmancema,Film Jésus en dioula | Mooré Burkina Faso,dioula;moore,,religious,image,.webp,downloaded,assets/multilingual__dioula_moore/general/religious/image/1_jf6135-0-0__cf21df94bb7924bb.webp,22790,12bab1da0363cc5c3b36ca1b45d26db36d8aff9c272a8349cceebd394736f2d3,image/webp,200,"""6a5954a3-5906""","Thu, 16 Jul 2026 22:01:07 GMT",2026-10-03T20:12:22.634329+00:00,
asset,a18028683656a061,https://mooreburkina.com/modules/custom/arclight/images/1_jf-0-0/1_jf6136-0-0.webp,https://mooreburkina.com/fr/dioula/film-j%C3%A9sus-en-dioula;https://mooreburkina.com/fr/film-jesus-en-fulfulde-massina-mali;https://mooreburkina.com/fr/fulfulde/j%C3%A9sus-parle-le-fulfulde;https://mooreburkina.com/fr/gulimancema/film-de-j%C3%A9sus-gulmancema,Film Jésus en dioula | Mooré Burkina Faso,dioula;moore,,religious,image,.webp,downloaded,assets/multilingual__dioula_moore/general/religious/image/1_jf6136-0-0__a18028683656a061.webp,39044,181f7a6fc83e3e409d21fc4e17b17ba73b3330fa03f6b8f0384bf70d67a5f1fa,image/webp,200,"""6a5954a3-9884""","Thu, 16 Jul 2026 22:01:07 GMT",2026-10-03T20:12:23.116199+00:00,
asset,68db3dae2fa6a4ef,https://mooreburkina.com/modules/custom/arclight/images/1_jf-0-0/1_jf6137-0-0.webp,https://mooreburkina.com/fr/dioula/film-j%C3%A9sus-en-dioula;https://mooreburkina.com/fr/film-jesus-en-fulfulde-massina-mali;https://mooreburkina.com/fr/fulfulde/j%C3%A9sus-parle-le-fulfulde;https://mooreburkina.com/fr/gulimancema/film-de-j%C3%A9sus-gulmancema,Film Jésus en dioula | Mooré Burkina Faso,dioula;moore,,religious,image,.webp,downloaded,assets/multilingual__dioula_moore/general/religious/image/1_jf6137-0-0__68db3dae2fa6a4ef.webp,26644,9f60cd384dd5a47f96c620f0275b9ef48bfcfdcb90cce09d21720e316f11fbf6,image/webp,200,"""6a5954a3-6814""","Thu, 16 Jul 2026 22:01:07 GMT",2026-10-03T20:12:23.525640+00:00,
asset,fb1eee2df573b811,https://mooreburkina.com/modules/custom/arclight/images/1_jf-0-0/1_jf6138-0-0.webp,https://mooreburkina.com/fr/dioula/film-j%C3%A9sus-en-dioula;https://mooreburkina.com/fr/film-jesus-en-fulfulde-massina-mali;https://mooreburkina.com/fr/fulfulde/j%C3%A9sus-parle-le-fulfulde;https://mooreburkina.com/fr/gulimancema/film-de-j%C3%A9sus-gulmancema,Film Jésus en dioula | Mooré Burkina Faso,dioula;moore,,religious,image,.webp,downloaded,assets/multilingual__dioula_moore/general/religious/image/1_jf6138-0-0__fb1eee2df573b811.webp,27106,8099d04584a4fed53265d15f3be2a9e34b9d9ddf1cfc03c2ae0a9cfe08adeeb1,image/webp,200,"""6a5954a3-69e2""","Thu, 16 Jul 2026 22:01:07 GMT",2026-10-03T20:12:23.935376+00:00,
asset,b4592efd133948ef,https://mooreburkina.com/modules/custom/arclight/images/1_jf-0-0/1_jf6139-0-0.webp,https://mooreburkina.com/fr/dioula/film-j%C3%A9sus-en-dioula;https://mooreburkina.com/fr/film-jesus-en-fulfulde-massina-mali;https://mooreburkina.com/fr/fulfulde/j%C3%A9sus-parle-le-fulfulde;https://mooreburkina.com/fr/gulimancema/film-de-j%C3%A9sus-gulmancema,Film Jésus en dioula | Mooré Burkina Faso,dioula;moore,,religious,image,.webp,downloaded,assets/multilingual__dioula_moore/general/religious/image/1_jf6139-0-0__b4592efd133948ef.webp,35748,4d8a829c09ab8cac71d336360c81bd2d1fb7c4ba4f02b343edaba58dd18bd176,image/webp,200,"""6a5954a3-8ba4""","Thu, 16 Jul 2026 22:01:07 GMT",2026-10-03T20:12:24.414366+00:00,
asset,1404bb91c2622265,https://mooreburkina.com/modules/custom/arclight/images/1_jf-0-0/1_jf6140-0-0.webp,https://mooreburkina.com/fr/dioula/film-j%C3%A9sus-en-dioula;https://mooreburkina.com/fr/film-jesus-en-fulfulde-massina-mali;https://mooreburkina.com/fr/fulfulde/j%C3%A9sus-parle-le-fulfulde;https://mooreburkina.com/fr/gulimancema/film-de-j%C3%A9sus-gulmancema,Film Jésus en dioula | Mooré Burkina Faso,dioula;moore,,religious,image,.webp,downloaded,assets/multilingual__dioula_moore/general/religious/image/1_jf6140-0-0__1404bb91c2622265.webp,32106,4d2c7c5bd270aeac3bda0368d6374a2798612571cbd8ee6185e6b4afd301a0a5,image/webp,200,"""6a5954a3-7d6a""","Thu, 16 Jul 2026 22:01:07 GMT",2026-10-03T20:12:24.897447+00:00,
asset,d9df9ffbf20672ba,https://mooreburkina.com/modules/custom/arclight/images/1_jf-0-0/1_jf6141-0-0.webp,https://mooreburkina.com/fr/dioula/film-j%C3%A9sus-en-dioula;https://mooreburkina.com/fr/film-jesus-en-fulfulde-massina-mali;https://mooreburkina.com/fr/fulfulde/j%C3%A9sus-parle-le-fulfulde;https://mooreburkina.com/fr/gulimancema/film-de-j%C3%A9sus-gulmancema,Film Jésus en dioula | Mooré Burkina Faso,dioula;moore,,religious,image,.webp,downloaded,assets/multilingual__dioula_moore/general/religious/image/1_jf6141-0-0__d9df9ffbf20672ba.webp,39086,f1ecda3a48d38c24186299c411a7d3e2c5b33f10d008670ab32307dc3d1360b3,image/webp,200,"""6a5954a3-98ae""","Thu, 16 Jul 2026 22:01:07 GMT",2026-10-03T20:12:25.376764+00:00,
asset,a0efb4d7eaeda2dd,https://mooreburkina.com/modules/custom/arclight/images/1_jf-0-0/1_jf6142-0-0.webp,https://mooreburkina.com/fr/dioula/film-j%C3%A9sus-en-dioula;https://mooreburkina.com/fr/film-jesus-en-fulfulde-massina-mali;https://mooreburkina.com/fr/fulfulde/j%C3%A9sus-parle-le-fulfulde;https://mooreburkina.com/fr/gulimancema/film-de-j%C3%A9sus-gulmancema,Film Jésus en dioula | Mooré Burkina Faso,dioula;moore,,religious,image,.webp,downloaded,assets/multilingual__dioula_moore/general/religious/image/1_jf6142-0-0__a0efb4d7eaeda2dd.webp,15088,f8b21a78bf8e149016b02248f27e24683946effcd56a070da17f3445f8e662ab,image/webp,200,"""6a5954a3-3af0""","Thu, 16 Jul 2026 22:01:07 GMT",2026-10-03T20:12:25.759815+00:00,
asset,edad1d0c72a5e73f,https://mooreburkina.com/modules/custom/arclight/images/1_jf-0-0/1_jf6143-0-0.webp,https://mooreburkina.com/fr/dioula/film-j%C3%A9sus-en-dioula;https://mooreburkina.com/fr/film-jesus-en-fulfulde-massina-mali;https://mooreburkina.com/fr/fulfulde/j%C3%A9sus-parle-le-fulfulde;https://mooreburkina.com/fr/gulimancema/film-de-j%C3%A9sus-gulmancema,Film Jésus en dioula | Mooré Burkina Faso,dioula;moore,,religious,image,.webp,downloaded,assets/multilingual__dioula_moore/general/religious/image/1_jf6143-0-0__edad1d0c72a5e73f.webp,30982,3a768390baf94da361be6807897388c356f5e05b1729ee88a4a20caef04b9c53,image/webp,200,"""6a5954a3-7906""","Thu, 16 Jul 2026 22:01:07 GMT",2026-10-03T20:12:26.243201+00:00,
asset,f64ce7e968b82e09,https://mooreburkina.com/modules/custom/arclight/images/1_jf-0-0/1_jf6144-0-0.webp,https://mooreburkina.com/fr/dioula/film-j%C3%A9sus-en-dioula;https://mooreburkina.com/fr/film-jesus-en-fulfulde-massina-mali;https://mooreburkina.com/fr/fulfulde/j%C3%A9sus-parle-le-fulfulde;https://mooreburkina.com/fr/gulimancema/film-de-j%C3%A9sus-gulmancema,Film Jésus en dioula | Mooré Burkina Faso,dioula;moore,,religious,image,.webp,downloaded,assets/multilingual__dioula_moore/general/religious/image/1_jf6144-0-0__f64ce7e968b82e09.webp,28500,81f9bca0ccafea8310b3349dea8172af865927f8ee4c02f7f19ecefd3445758a,image/webp,200,"""6a5954a3-6f54""","Thu, 16 Jul 2026 22:01:07 GMT",2026-10-03T20:12:26.726324+00:00,
asset,c38e60102d576faa,https://mooreburkina.com/modules/custom/arclight/images/1_jf-0-0/1_jf6145-0-0.webp,https://mooreburkina.com/fr/dioula/film-j%C3%A9sus-en-dioula;https://mooreburkina.com/fr/film-jesus-en-fulfulde-massina-mali;https://mooreburkina.com/fr/fulfulde/j%C3%A9sus-parle-le-fulfulde;https://mooreburkina.com/fr/gulimancema/film-de-j%C3%A9sus-gulmancema,Film Jésus en dioula | Mooré Burkina Faso,dioula;moore,,religious,image,.webp,downloaded,assets/multilingual__dioula_moore/general/religious/image/1_jf6145-0-0__c38e60102d576faa.webp,17906,670df0f751a9636d11ac7049a7f2084b601c2ec65343bf83be304c41c206de90,image/webp,200,"""6a5954a3-45f2""","Thu, 16 Jul 2026 22:01:07 GMT",2026-10-03T20:12:27.121523+00:00,
asset,9d5a136d4c01fa70,https://mooreburkina.com/modules/custom/arclight/images/1_jf-0-0/1_jf6146-0-0.webp,https://mooreburkina.com/fr/dioula/film-j%C3%A9sus-en-dioula;https://mooreburkina.com/fr/film-jesus-en-fulfulde-massina-mali;https://mooreburkina.com/fr/fulfulde/j%C3%A9sus-parle-le-fulfulde;https://mooreburkina.com/fr/gulimancema/film-de-j%C3%A9sus-gulmancema,Film Jésus en dioula | Mooré Burkina Faso,dioula;moore,,religious,image,.webp,downloaded,assets/multilingual__dioula_moore/general/religious/image/1_jf6146-0-0__9d5a136d4c01fa70.webp,23252,c42adda1c54a807ca183c722025af2468182dfd915dcf0133d5d2041dd3f7010,image/webp,200,"""6a5954a3-5ad4""","Thu, 16 Jul 2026 22:01:07 GMT",2026-10-03T20:12:27.601802+00:00,
asset,6b5ce69faeeefa73,https://mooreburkina.com/modules/custom/arclight/images/1_jf-0-0/1_jf6147-0-0.webp,https://mooreburkina.com/fr/dioula/film-j%C3%A9sus-en-dioula;https://mooreburkina.com/fr/film-jesus-en-fulfulde-massina-mali;https://mooreburkina.com/fr/fulfulde/j%C3%A9sus-parle-le-fulfulde;https://mooreburkina.com/fr/gulimancema/film-de-j%C3%A9sus-gulmancema,Film Jésus en dioula | Mooré Burkina Faso,dioula;moore,,religious,image,.webp,downloaded,assets/multilingual__dioula_moore/general/religious/image/1_jf6147-0-0__6b5ce69faeeefa73.webp,16074,92a797b82f1043718cd469a9888bb5ad5ed66cfe20b75c052c1af3b764ef12ac,image/webp,200,"""6a5954a3-3eca""","Thu, 16 Jul 2026 22:01:07 GMT",2026-10-03T20:12:27.986492+00:00,
asset,8d312bf7be06d549,https://mooreburkina.com/modules/custom/arclight/images/1_jf-0-0/1_jf6148-0-0.webp,https://mooreburkina.com/fr/dioula/film-j%C3%A9sus-en-dioula;https://mooreburkina.com/fr/film-jesus-en-fulfulde-massina-mali;https://mooreburkina.com/fr/fulfulde/j%C3%A9sus-parle-le-fulfulde;https://mooreburkina.com/fr/gulimancema/film-de-j%C3%A9sus-gulmancema,Film Jésus en dioula | Mooré Burkina Faso,dioula;moore,,religious,image,.webp,downloaded,assets/multilingual__dioula_moore/general/religious/image/1_jf6148-0-0__8d312bf7be06d549.webp,20622,fede228a83b780ecad8263b7d2d0930bcd6809477ea81db56b5e0ba3c569ff99,image/webp,200,"""6a5954a3-508e""","Thu, 16 Jul 2026 22:01:07 GMT",2026-10-03T20:12:28.465684+00:00,
asset,0001b28b8d9abef1,https://mooreburkina.com/modules/custom/arclight/images/1_jf-0-0/1_jf6149-0-0.webp,https://mooreburkina.com/fr/dioula/film-j%C3%A9sus-en-dioula;https://mooreburkina.com/fr/film-jesus-en-fulfulde-massina-mali;https://mooreburkina.com/fr/fulfulde/j%C3%A9sus-parle-le-fulfulde;https://mooreburkina.com/fr/gulimancema/film-de-j%C3%A9sus-gulmancema,Film Jésus en dioula | Mooré Burkina Faso,dioula;moore,,religious,image,.webp,downloaded,assets/multilingual__dioula_moore/general/religious/image/1_jf6149-0-0__0001b28b8d9abef1.webp,15066,835392ac8e12078b2b1ab8c8c80ec51ae9d7328416ecb47d873653b1a497610c,image/webp,200,"""6a5954a3-3ada""","Thu, 16 Jul 2026 22:01:07 GMT",2026-10-03T20:12:28.852475+00:00,
asset,8afd332c083f9280,https://mooreburkina.com/modules/custom/arclight/images/1_jf-0-0/1_jf6150-0-0.webp,https://mooreburkina.com/fr/dioula/film-j%C3%A9sus-en-dioula;https://mooreburkina.com/fr/film-jesus-en-fulfulde-massina-mali;https://mooreburkina.com/fr/fulfulde/j%C3%A9sus-parle-le-fulfulde;https://mooreburkina.com/fr/gulimancema/film-de-j%C3%A9sus-gulmancema,Film Jésus en dioula | Mooré Burkina Faso,dioula;moore,,religious,image,.webp,downloaded,assets/multilingual__dioula_moore/general/religious/image/1_jf6150-0-0__8afd332c083f9280.webp,23638,ae2787257e7e24c9f05ef2d1569883abb54f97561f97a0699101528750430dc2,image/webp,200,"""6a5954a3-5c56""","Thu, 16 Jul 2026 22:01:07 GMT",2026-10-03T20:12:29.335883+00:00,
asset,9152350a2d1c5695,https://mooreburkina.com/modules/custom/arclight/images/1_jf-0-0/1_jf6151-0-0.webp,https://mooreburkina.com/fr/dioula/film-j%C3%A9sus-en-dioula;https://mooreburkina.com/fr/film-jesus-en-fulfulde-massina-mali;https://mooreburkina.com/fr/fulfulde/j%C3%A9sus-parle-le-fulfulde;https://mooreburkina.com/fr/gulimancema/film-de-j%C3%A9sus-gulmancema,Film Jésus en dioula | Mooré Burkina Faso,dioula;moore,,religious,image,.webp,downloaded,assets/multilingual__dioula_moore/general/religious/image/1_jf6151-0-0__9152350a2d1c5695.webp,33134,91f474f53d47b44fe92267b3ae66461ade2e5fc00f9d7f7973bbfe98b9af2999,image/webp,200,"""6a5954a3-816e""","Thu, 16 Jul 2026 22:01:07 GMT",2026-10-03T20:12:29.814891+00:00,
asset,4e7702da88ce86ca,https://mooreburkina.com/modules/custom/arclight/images/1_jf-0-0/1_jf6152-0-0.webp,https://mooreburkina.com/fr/dioula/film-j%C3%A9sus-en-dioula;https://mooreburkina.com/fr/film-jesus-en-fulfulde-massina-mali;https://mooreburkina.com/fr/fulfulde/j%C3%A9sus-parle-le-fulfulde;https://mooreburkina.com/fr/gulimancema/film-de-j%C3%A9sus-gulmancema,Film Jésus en dioula | Mooré Burkina Faso,dioula;moore,,religious,image,.webp,downloaded,assets/multilingual__dioula_moore/general/religious/image/1_jf6152-0-0__4e7702da88ce86ca.webp,19724,374ea8d7e0ddc15cb8167abff24bfb382d7a7232902b5ddf86d6b42f4abf33fc,image/webp,200,"""6a5954a3-4d0c""","Thu, 16 Jul 2026 22:01:07 GMT",2026-10-03T20:12:30.216620+00:00,
asset,009c8550740b7864,https://mooreburkina.com/modules/custom/arclight/images/1_jf-0-0/1_jf6153-0-0.webp,https://mooreburkina.com/fr/dioula/film-j%C3%A9sus-en-dioula;https://mooreburkina.com/fr/film-jesus-en-fulfulde-massina-mali;https://mooreburkina.com/fr/fulfulde/j%C3%A9sus-parle-le-fulfulde;https://mooreburkina.com/fr/gulimancema/film-de-j%C3%A9sus-gulmancema,Film Jésus en dioula | Mooré Burkina Faso,dioula;moore,,religious,image,.webp,downloaded,assets/multilingual__dioula_moore/general/religious/image/1_jf6153-0-0__009c8550740b7864.webp,30758,ea567acc2f16cf1d96c1f5b69ca5c2964e4c72802512dff46ba59808949c64d4,image/webp,200,"""6a5954a3-7826""","Thu, 16 Jul 2026 22:01:07 GMT",2026-10-03T20:12:30.695563+00:00,
asset,b5ebd64e4a44f027,https://mooreburkina.com/modules/custom/arclight/images/1_jf-0-0/1_jf6154-0-0.webp,https://mooreburkina.com/fr/dioula/film-j%C3%A9sus-en-dioula;https://mooreburkina.com/fr/film-jesus-en-fulfulde-massina-mali;https://mooreburkina.com/fr/fulfulde/j%C3%A9sus-parle-le-fulfulde;https://mooreburkina.com/fr/gulimancema/film-de-j%C3%A9sus-gulmancema,Film Jésus en dioula | Mooré Burkina Faso,dioula;moore,,religious,image,.webp,downloaded,assets/multilingual__dioula_moore/general/religious/image/1_jf6154-0-0__b5ebd64e4a44f027.webp,14282,704123838814308ba077f6caaca5d5382106fcefdcdf93859de92ff12d4c65bf,image/webp,200,"""6a5954a3-37ca""","Thu, 16 Jul 2026 22:01:07 GMT",2026-10-03T20:12:31.080060+00:00,
asset,766764732c92ced0,https://mooreburkina.com/modules/custom/arclight/images/1_jf-0-0/1_jf6155-0-0.webp,https://mooreburkina.com/fr/dioula/film-j%C3%A9sus-en-dioula;https://mooreburkina.com/fr/film-jesus-en-fulfulde-massina-mali;https://mooreburkina.com/fr/fulfulde/j%C3%A9sus-parle-le-fulfulde;https://mooreburkina.com/fr/gulimancema/film-de-j%C3%A9sus-gulmancema,Film Jésus en dioula | Mooré Burkina Faso,dioula;moore,,religious,image,.webp,downloaded,assets/multilingual__dioula_moore/general/religious/image/1_jf6155-0-0__766764732c92ced0.webp,16076,9bffce7dc058b9809164adf14fe82c403393f4f5518d1fa0e4a7cf4f6822f9f1,image/webp,200,"""6a5954a3-3ecc""","Thu, 16 Jul 2026 22:01:07 GMT",2026-10-03T20:12:31.559049+00:00,
asset,f7795c4d6aca0f38,https://mooreburkina.com/modules/custom/arclight/images/1_jf-0-0/1_jf6156-0-0.webp,https://mooreburkina.com/fr/dioula/film-j%C3%A9sus-en-dioula;https://mooreburkina.com/fr/film-jesus-en-fulfulde-massina-mali;https://mooreburkina.com/fr/fulfulde/j%C3%A9sus-parle-le-fulfulde;https://mooreburkina.com/fr/gulimancema/film-de-j%C3%A9sus-gulmancema,Film Jésus en dioula | Mooré Burkina Faso,dioula;moore,,religious,image,.webp,downloaded,assets/multilingual__dioula_moore/general/religious/image/1_jf6156-0-0__f7795c4d6aca0f38.webp,16284,dabd8ea5a783cbc19e38ab1c2c624d69d7288d66d9e89135bffc42c28baa1641,image/webp,200,"""6a5954a3-3f9c""","Thu, 16 Jul 2026 22:01:07 GMT",2026-10-03T20:12:32.038237+00:00,
asset,fe353df3b4de3aca,https://mooreburkina.com/modules/custom/arclight/images/1_jf-0-0/1_jf6157-0-0.webp,https://mooreburkina.com/fr/dioula/film-j%C3%A9sus-en-dioula;https://mooreburkina.com/fr/film-jesus-en-fulfulde-massina-mali;https://mooreburkina.com/fr/fulfulde/j%C3%A9sus-parle-le-fulfulde;https://mooreburkina.com/fr/gulimancema/film-de-j%C3%A9sus-gulmancema,Film Jésus en dioula | Mooré Burkina Faso,dioula;moore,,religious,image,.webp,downloaded,assets/multilingual__dioula_moore/general/religious/image/1_jf6157-0-0__fe353df3b4de3aca.webp,69866,b5ae6c4d04ae07dae61f28775f08f1794a94ab7ca43379c9d520752aeb699a79,image/webp,200,"""6a5954a3-110ea""","Thu, 16 Jul 2026 22:01:07 GMT",2026-10-03T20:12:32.615963+00:00,
asset,36de7eb1bf62bf37,https://mooreburkina.com/modules/custom/arclight/images/1_jf-0-0/1_jf6158-0-0.webp,https://mooreburkina.com/fr/dioula/film-j%C3%A9sus-en-dioula;https://mooreburkina.com/fr/film-jesus-en-fulfulde-massina-mali;https://mooreburkina.com/fr/fulfulde/j%C3%A9sus-parle-le-fulfulde;https://mooreburkina.com/fr/gulimancema/film-de-j%C3%A9sus-gulmancema,Film Jésus en dioula | Mooré Burkina Faso,dioula;moore,,religious,image,.webp,downloaded,assets/multilingual__dioula_moore/general/religious/image/1_jf6158-0-0__36de7eb1bf62bf37.webp,15542,9b46830be95668fce65e6d9320224080c72c7deac00b0ce0d42a595545f29455,image/webp,200,"""6a5954a3-3cb6""","Thu, 16 Jul 2026 22:01:07 GMT",2026-10-03T20:12:33.006061+00:00,
asset,5943a01d159ccd97,https://mooreburkina.com/modules/custom/arclight/images/1_jf-0-0/1_jf6159-0-0.webp,https://mooreburkina.com/fr/dioula/film-j%C3%A9sus-en-dioula;https://mooreburkina.com/fr/film-jesus-en-fulfulde-massina-mali;https://mooreburkina.com/fr/fulfulde/j%C3%A9sus-parle-le-fulfulde;https://mooreburkina.com/fr/gulimancema/film-de-j%C3%A9sus-gulmancema,Film Jésus en dioula | Mooré Burkina Faso,dioula;moore,,religious,image,.webp,downloaded,assets/multilingual__dioula_moore/general/religious/image/1_jf6159-0-0__5943a01d159ccd97.webp,14902,435c0487c48da1e47631f7ea4cb0785c3458e97cc8160f4782ed650bf96a37bd,image/webp,200,"""6a5954a3-3a36""","Thu, 16 Jul 2026 22:01:07 GMT",2026-10-03T20:12:33.391474+00:00,
asset,13dd42c9b6dee4cd,https://mooreburkina.com/modules/custom/arclight/images/1_jf-0-0/1_jf6160-0-0.webp,https://mooreburkina.com/fr/dioula/film-j%C3%A9sus-en-dioula;https://mooreburkina.com/fr/film-jesus-en-fulfulde-massina-mali;https://mooreburkina.com/fr/fulfulde/j%C3%A9sus-parle-le-fulfulde;https://mooreburkina.com/fr/gulimancema/film-de-j%C3%A9sus-gulmancema,Film Jésus en dioula | Mooré Burkina Faso,dioula;moore,,religious,image,.webp,downloaded,assets/multilingual__dioula_moore/general/religious/image/1_jf6160-0-0__13dd42c9b6dee4cd.webp,47722,355fcb295878d28f83a54f5d15e4a1c752c2211938e4b3f7c50acdf6d29ba26a,image/webp,200,"""6a5954a3-ba6a""","Thu, 16 Jul 2026 22:01:07 GMT",2026-10-03T20:12:33.967453+00:00,
asset,8f98d4b67569ca06,https://mooreburkina.com/modules/custom/arclight/images/1_jf-0-0/1_jf6161-0-0.webp,https://mooreburkina.com/fr/dioula/film-j%C3%A9sus-en-dioula;https://mooreburkina.com/fr/film-jesus-en-fulfulde-massina-mali;https://mooreburkina.com/fr/fulfulde/j%C3%A9sus-parle-le-fulfulde;https://mooreburkina.com/fr/gulimancema/film-de-j%C3%A9sus-gulmancema,Film Jésus en dioula | Mooré Burkina Faso,dioula;moore,,religious,image,.webp,downloaded,assets/multilingual__dioula_moore/general/religious/image/1_jf6161-0-0__8f98d4b67569ca06.webp,9192,17f7edf4791dd000d4247ca2d4fa7e2bcefb41c3b9d60587bea246e5a4a89949,image/webp,200,"""6a5954a3-23e8""","Thu, 16 Jul 2026 22:01:07 GMT",2026-10-03T20:12:34.350250+00:00,
asset,b08bc7968dbe3a2f,https://mooreburkina.com/sites/www.mooreburkina.com/files/styles/max_750x750/public/2023-06/201%20proverbes%20dioula%20sur%20Play%20Store_0.jpg.webp?itok=qqUGK8hi,https://mooreburkina.com/fr/applications-smartphone/applis-en-dioula;https://mooreburkina.com/fr/dioula/applis-en-dioula-jula,Applis en dioula | Mooré Burkina Faso,dioula;moore,,proverb,image,.webp,downloaded,assets/multilingual__dioula_moore/general/proverb/image/201_proverbes_dioula_sur_play_store_0.jpg__b08bc7968dbe3a2f.webp,79152,0d4255ae2522cb4145c5ff18db908a227e510403b23c8eb0bc0053b5882cb962,image/webp,200,"""69ba3651-13530""","Wed, 18 Mar 2026 05:21:21 GMT",2026-10-03T20:12:34.927025+00:00,
asset,fecc33435ac4c0ae,https://mooreburkina.com/sites/www.mooreburkina.com/files/styles/max_750x750/public/2023-06/App%20Store%20dioula%20proverbes.jpg.webp?itok=xN22EtGj,https://mooreburkina.com/fr/applications-smartphone/applis-en-dioula;https://mooreburkina.com/fr/dioula/applis-en-dioula-jula,Applis en dioula | Mooré Burkina Faso,dioula;moore,,proverb,image,.webp,downloaded,assets/multilingual__dioula_moore/general/proverb/image/app_store_dioula_proverbes.jpg__fecc33435ac4c0ae.webp,100340,1481913d70f628497f7bd62c36ee8cd3443cba00e892f7e53ce8d0901b33cac0,image/webp,200,"""69ba3643-187f4""","Wed, 18 Mar 2026 05:21:07 GMT",2026-10-03T20:12:35.406942+00:00,
asset,5f13ef06d4e28963,https://mooreburkina.com/sites/www.mooreburkina.com/files/styles/max_750x750/public/2023-12/Gaoua2007%20131.jpg.webp?itok=RIXSmT0b,https://mooreburkina.com/;https://mooreburkina.com/fr;https://mooreburkina.com/fr/bienvenu-au-pays-mossi,Mooré Burkina Faso,dioula;moore,,other,image,.webp,downloaded,assets/multilingual__dioula_moore/general/other/image/gaoua2007_131.jpg__5f13ef06d4e28963.webp,77106,8dacd9629ba4343eedbb5809e74e5e978ce86d9e843a4e4028590fe7d6674354,image/webp,200,"""69b9d387-12d32""","Tue, 17 Mar 2026 22:19:51 GMT",2026-10-03T20:12:35.888510+00:00,
asset,7ac68be478ee2dff,https://mooreburkina.com/sites/www.mooreburkina.com/files/styles/max_750x750/public/2023-12/map%20of%20BF%20Dioula%20speaking%20area.jpg.webp?itok=SnDyvnDT,https://mooreburkina.com/;https://mooreburkina.com/fr;https://mooreburkina.com/fr/bienvenu-au-pays-mossi;https://mooreburkina.com/fr/dioula-fulfulde,Mooré Burkina Faso,dioula;moore,,other,image,.webp,downloaded,assets/multilingual__dioula_moore/general/other/image/map_of_bf_dioula_speaking_area.jpg__7ac68be478ee2dff.webp,67766,5af64a0e72a4c93eeec350dd2459db39c4006ffb184a6f87ef55aa74af33395f,image/webp,200,"""69b9d387-108b6""","Tue, 17 Mar 2026 22:19:51 GMT",2026-10-03T20:12:36.289781+00:00,
asset,5934087630925d80,https://mooreburkina.com/sites/www.mooreburkina.com/files/styles/max_750x750/public/2024-06/Dioula%20Apps%202024a.jpg.webp?itok=glt003a6,https://mooreburkina.com/fr/applications-smartphone/applis-en-dioula,Applis en dioula | Mooré Burkina Faso,dioula;moore,,app,image,.webp,downloaded,assets/multilingual__dioula_moore/general/app/image/dioula_apps_2024a.jpg__5934087630925d80.webp,156412,994726b071617aaf0c57542dd931f42331bf489e3fd7755d1c9cc93924c4449e,image/webp,200,"""69ba3715-262fc""","Wed, 18 Mar 2026 05:24:37 GMT",2026-10-03T20:12:36.772283+00:00,
asset,58c60027a664923c,https://mooreburkina.com/sites/www.mooreburkina.com/files/styles/max_750x750/public/2024-07/Contes%20dioula%20Play%20Store%20fr.jpg.webp?itok=h-kRxJgp,https://mooreburkina.com/fr/dioula/applis-en-dioula-jula;https://mooreburkina.com/fr/dioula/contes-en-dioula-avec-audio-volume-2,"Contes en dioula avec audio, volume 2 | Mooré Burkina Faso",dioula;moore,,folktale,image,.webp,downloaded,assets/multilingual__dioula_moore/general/folktale/image/contes_dioula_play_store_fr.jpg__58c60027a664923c.webp,98642,8521e5ff9b792f84384fc707d119ec3de7b195d269a26d2b0e960dedea2a0424,image/webp,200,"""69ba2c7e-18152""","Wed, 18 Mar 2026 04:39:26 GMT",2026-10-03T20:12:37.174945+00:00,
asset,d98842742a719188,https://mooreburkina.com/sites/www.mooreburkina.com/files/styles/max_750x750/public/2024-07/Contes%20dioula%20vol2%20sur%20Play%20Store.jpg.webp?itok=DR2tSMAs,https://mooreburkina.com/fr/dioula/applis-en-dioula-jula;https://mooreburkina.com/fr/dioula/contes-en-dioula-avec-audio-volume-3,"Contes en dioula avec audio, volume 3 | Mooré Burkina Faso",dioula;moore,,folktale,image,.webp,downloaded,assets/multilingual__dioula_moore/general/folktale/image/contes_dioula_vol2_sur_play_store.jpg__d98842742a719188.webp,97284,ad1e916f6c7bb2f5db2a62ff8b4523640fab64741e7c1fcd461f6ed2c20e2752,image/webp,200,"""69ba52ea-17c04""","Wed, 18 Mar 2026 07:23:22 GMT",2026-10-03T20:12:37.577539+00:00,
asset,bb47d5f3ab2afeba,https://mooreburkina.com/sites/www.mooreburkina.com/files/styles/max_750x750/public/2024-07/Dioula%20Conte%20vol4%20Play%20Store.jpg.webp?itok=DuEdQT6o,https://mooreburkina.com/fr/dioula/applis-en-dioula-jula;https://mooreburkina.com/fr/dioula/contes-dioula-avec-audio-vol-4,Contes dioula avec audio vol. 4 | Mooré Burkina Faso,dioula;moore,,folktale,image,.webp,downloaded,assets/multilingual__dioula_moore/general/folktale/image/dioula_conte_vol4_play_store.jpg__bb47d5f3ab2afeba.webp,116140,91faebd2575034597d3c379a26240c6ca79dd7e3162655c354027aee1e6c5a2f,image/webp,200,"""69ba1c1c-1c5ac""","Wed, 18 Mar 2026 03:29:32 GMT",2026-10-03T20:12:38.057708+00:00,
asset,a7b44e709b0181a0,https://mooreburkina.com/sites/www.mooreburkina.com/files/styles/max_750x750/public/2024-07/Dioula%20facile%20sur%20Play%20Store.jpg.webp?itok=LX6nOFhL,https://mooreburkina.com/fr/dioula/applis-en-dioula-jula;https://mooreburkina.com/fr/dioula/dioula-facile-tome-1,Dioula facile tome 1 | Mooré Burkina Faso,dioula;moore,,app,image,.webp,downloaded,assets/multilingual__dioula_moore/general/app/image/dioula_facile_sur_play_store.jpg__a7b44e709b0181a0.webp,102562,0fc7f1b01c114872bd0ac5b8da49e9e4233b8af77bd92add9098cf8c9a3b318f,image/webp,200,"""69ba9be5-190a2""","Wed, 18 Mar 2026 12:34:45 GMT",2026-10-03T20:12:38.461701+00:00,
asset,4a82d674f82be986,https://mooreburkina.com/sites/www.mooreburkina.com/files/styles/max_750x750/public/2024-07/Google%20Play%20Store%20cesirijala.jpg.webp?itok=UtwoKkgJ,https://mooreburkina.com/fr/dioula/po%C3%A8mes-en-dioula,Poèmes en dioula | Mooré Burkina Faso,dioula;moore,,poem,image,.webp,downloaded,assets/multilingual__dioula_moore/general/poem/image/google_play_store_cesirijala.jpg__4a82d674f82be986.webp,110006,96f5b1ec8f89b0cb1a74f47aaa2b161f41eea5ad2f6dfa048579bdae48132c30,image/webp,200,"""69ba3261-1adb6""","Wed, 18 Mar 2026 05:04:33 GMT",2026-10-03T20:12:38.942182+00:00,
asset,e431db880fb230fd,https://mooreburkina.com/sites/www.mooreburkina.com/files/styles/max_750x750/public/2024-07/Poemes%20dioula%20sur%20Play%20Store.jpg.webp?itok=CUovqYNs,https://mooreburkina.com/fr/dioula/applis-en-dioula-jula;https://mooreburkina.com/fr/dioula/po%C3%A8mes-en-dioula,Poèmes en dioula | Mooré Burkina Faso,dioula;moore,,poem,image,.webp,downloaded,assets/multilingual__dioula_moore/general/poem/image/poemes_dioula_sur_play_store.jpg__e431db880fb230fd.webp,99038,2f8dc7dfae83a3443e0d934ac3457841721a278a4c79d827660d467f40de8f50,image/webp,200,"""69ba3268-182de""","Wed, 18 Mar 2026 05:04:40 GMT",2026-10-03T20:12:39.332843+00:00,
asset,593ddf8be5d1e413,https://mooreburkina.com/sites/www.mooreburkina.com/files/styles/max_750x750/public/2024-07/Proverbes%20dioula%20vol1%20sur%20Play%20Store.jpg.webp?itok=pCI7QL4z,https://mooreburkina.com/fr/dioula/applis-en-dioula-jula;https://mooreburkina.com/fr/dioula/proverbes-lu-en-dioula-vol-1,Proverbes dioula vol 1 | Mooré Burkina Faso,dioula;moore,,proverb,image,.webp,downloaded,assets/multilingual__dioula_moore/general/proverb/image/proverbes_dioula_vol1_sur_play_store.jpg__593ddf8be5d1e413.webp,94968,9e0797c0d63d839fc626925d2e2680c902c3ebbef12cb9b32db21630e0f15449,image/webp,200,"""69b9f062-172f8""","Wed, 18 Mar 2026 00:22:58 GMT",2026-10-03T20:12:39.729197+00:00,
asset,84ffc27d7406044e,https://mooreburkina.com/sites/www.mooreburkina.com/files/styles/max_750x750/public/2024-07/Proverbes%20dioula%20vol2%20sur%20Play%20Store.jpg.webp?itok=zmQLtyD6,https://mooreburkina.com/fr/dioula/applis-en-dioula-jula;https://mooreburkina.com/fr/dioula/proverbes-dioula-vol-3,Proverbes dioula vol 2 | Mooré Burkina Faso,dioula;moore,,proverb,image,.webp,downloaded,assets/multilingual__dioula_moore/general/proverb/image/proverbes_dioula_vol2_sur_play_store.jpg__84ffc27d7406044e.webp,84374,312b4772c6f97052676aced807e6dfd214fb6c1b2b522fe54a969cf60f591ded,image/webp,200,"""69ba2e48-14996""","Wed, 18 Mar 2026 04:47:04 GMT",2026-10-03T20:12:40.116599+00:00,
asset,01642d2681c23947,https://mooreburkina.com/sites/www.mooreburkina.com/files/styles/max_750x750/public/2024-07/cinq%20contes%20dioula%20sur%20Play%20Store.jpg.webp?itok=GIvLeI_U,https://mooreburkina.com/fr/dioula/5-contes-dioula;https://mooreburkina.com/fr/dioula/applis-en-dioula-jula,5 contes dioula | Mooré Burkina Faso,dioula;moore,,folktale,image,.webp,downloaded,assets/multilingual__dioula_moore/general/folktale/image/cinq_contes_dioula_sur_play_store.jpg__01642d2681c23947.webp,89240,9372583e1aaeaa7a7827bf7d0998bfece1ecf783c3c7575a91424730d2bc2bc8,image/webp,200,"""69ba1d98-15c98""","Wed, 18 Mar 2026 03:35:52 GMT",2026-10-03T20:12:40.596003+00:00,
asset,f53f0c78fcb0ff12,https://mooreburkina.com/sites/www.mooreburkina.com/files/styles/max_750x750/public/2024-07/cliquer%20ici%20pour%20prochain%20conte.jpg.webp?itok=1bIY5N0F,https://mooreburkina.com/fr/dioula/contes-dioula-avec-audio-vol-4,Contes dioula avec audio vol. 4 | Mooré Burkina Faso,dioula;moore,,folktale,image,.webp,downloaded,assets/multilingual__dioula_moore/general/folktale/image/cliquer_ici_pour_prochain_conte.jpg__f53f0c78fcb0ff12.webp,55076,6f987b6d9bc9801fa70099bd8b1e2d6e65e8236e7b68bcff042a4ec7d82840ac,image/webp,200,"""69ba1c1b-d724""","Wed, 18 Mar 2026 03:29:31 GMT",2026-10-03T20:12:40.991593+00:00,
asset,7c3a0c7e61e43f00,https://mooreburkina.com/sites/www.mooreburkina.com/files/styles/max_750x750/public/2024-07/contes%20dioula%20on%20App%20Store1.jpg.webp?itok=gMECHOsS,https://mooreburkina.com/fr/dioula/applis-en-dioula-jula;https://mooreburkina.com/fr/dioula/contes-dioula-avec-audio-vol-4,Contes dioula avec audio vol. 4 | Mooré Burkina Faso,dioula;moore,,folktale,image,.webp,downloaded,assets/multilingual__dioula_moore/general/folktale/image/contes_dioula_on_app_store1.jpg__7c3a0c7e61e43f00.webp,101734,12e5d72f9d1de29aa0f719b1d366c7f002f870d5d2ed672d753b8893920def04,image/webp,200,"""69ba4b10-18d66""","Wed, 18 Mar 2026 06:49:52 GMT",2026-10-03T20:12:41.476939+00:00,
asset,f8751abae9b830ce,https://mooreburkina.com/sites/www.mooreburkina.com/files/styles/max_750x750/public/2025-01/Jula%20dictionary%20sur%20Play%20Store.jpg.webp?itok=xWpbJoN1,https://mooreburkina.com/fr/applications-smartphone/applis-en-dioula,Applis en dioula | Mooré Burkina Faso,dioula;moore,,dictionary,image,.webp,downloaded,assets/multilingual__dioula_moore/general/dictionary/image/jula_dictionary_sur_play_store.jpg__f8751abae9b830ce.webp,64652,eff75ac271684e2de58ed26bdcd1fac2d52849fbcf869c79bfdef3edaebf992b,image/webp,200,"""69ba3691-fc8c""","Wed, 18 Mar 2026 05:22:25 GMT",2026-10-03T20:12:41.878030+00:00,
asset,cd07be6d94b33d00,https://mooreburkina.com/sites/www.mooreburkina.com/files/styles/max_750x750/public/2025-02/Bamanan%20App%20Store%20icon.jpg.webp?itok=FN7PbMRL,https://mooreburkina.com/fr/dioula/applis-en-dioula-jula,Applis en dioula / jula | Mooré Burkina Faso,dioula;moore,,dictionary,image,.webp,downloaded,assets/multilingual__dioula_moore/general/dictionary/image/bamanan_app_store_icon.jpg__cd07be6d94b33d00.webp,119520,14c5758e6b8dffae90cbdaabdaefda477af2bf8bab7ca687bf35e6c0bdd3ddf6,image/webp,200,"""69baf682-1d2e0""","Wed, 18 Mar 2026 19:01:22 GMT",2026-10-03T20:12:42.358494+00:00,
asset,7a55f57e98be6984,https://mooreburkina.com/sites/www.mooreburkina.com/files/styles/max_750x750/public/2025-02/Bambara%20Play%20Store.jpg.webp?itok=XRyjw0az,https://mooreburkina.com/fr/dioula/applis-en-dioula-jula,Applis en dioula / jula | Mooré Burkina Faso,dioula;moore,,app,image,.webp,downloaded,assets/multilingual__dioula_moore/general/app/image/bambara_play_store.jpg__7a55f57e98be6984.webp,99244,eb18ff632920785ca097832ed5645926ce3fda118bf68612d55ea5e2bc291e40,image/webp,200,"""69baf682-183ac""","Wed, 18 Mar 2026 19:01:22 GMT",2026-10-03T20:12:42.836854+00:00,
asset,9738e58fc40b4135,https://mooreburkina.com/sites/www.mooreburkina.com/files/styles/max_750x750/public/2025-02/Dioula%20dictionary%20on%20app%20Store.jpg.webp?itok=-PrF1oSM,https://mooreburkina.com/fr/dioula/applis-en-dioula-jula,Applis en dioula / jula | Mooré Burkina Faso,dioula;moore,,dictionary,image,.webp,downloaded,assets/multilingual__dioula_moore/general/dictionary/image/dioula_dictionary_on_app_store.jpg__9738e58fc40b4135.webp,59850,58ea4ce0495630ac28922c6159b4a68b46c5387ae463fbade99dd0a763058739,image/webp,200,"""69baf681-e9ca""","Wed, 18 Mar 2026 19:01:21 GMT",2026-10-03T20:12:43.220396+00:00,
asset,09088ad51a858f15,https://mooreburkina.com/sites/www.mooreburkina.com/files/styles/max_750x750/public/2025-02/Play%20Store%20jula1.jpg.webp?itok=czdCShqn,https://mooreburkina.com/fr/dioula/applis-en-dioula-jula,Applis en dioula / jula | Mooré Burkina Faso,dioula;moore,,app,image,.webp,downloaded,assets/multilingual__dioula_moore/general/app/image/play_store_jula1.jpg__09088ad51a858f15.webp,76184,c9ed99b6f3887135f659663dec82b718e6ff7c644ce98765114f66906aedacf5,image/webp,200,"""69baf681-12998""","Wed, 18 Mar 2026 19:01:21 GMT",2026-10-03T20:12:43.701843+00:00,
asset,ba75147022f9437d,https://mooreburkina.com/sites/www.mooreburkina.com/files/styles/max_750x750/public/2026-02/Proverbes%20Jula%20CI%20Play%20Store.jpg.webp?itok=bVBftniN,https://mooreburkina.com/fr/dioula/applis-en-dioula-jula,Applis en dioula / jula | Mooré Burkina Faso,dioula;moore,,proverb,image,.webp,downloaded,assets/multilingual__dioula_moore/general/proverb/image/proverbes_jula_ci_play_store.jpg__ba75147022f9437d.webp,101326,68fd3e613c2067d38905fb55fa9ee2bda186dd360853d54c504ea01b1de6bf72,image/webp,200,"""69baf682-18bce""","Wed, 18 Mar 2026 19:01:22 GMT",2026-10-03T20:12:44.183435+00:00,
asset,a927d6f80cd98837,https://mooreburkina.com/sites/www.mooreburkina.com/files/styles/max_750x750/public/2026-02/Webonary%20Dioula%20dico.jpg.webp?itok=gD_XYV8D,https://mooreburkina.com/fr/dictionnaire-moor%C3%A9/aplications-de-dictionnaires-pour-ordinateur,Applications de dictionnaires | Mooré Burkina Faso,dioula;moore,,dictionary,image,.webp,downloaded,assets/multilingual__dioula_moore/general/dictionary/image/webonary_dioula_dico.jpg__a927d6f80cd98837.webp,78252,f692a8b2e1e4ff178dfd817929de2e07612833c09fdb606220896232f961e374,image/webp,200,"""69b9eed9-131ac""","Wed, 18 Mar 2026 00:16:25 GMT",2026-10-03T20:12:44.587992+00:00,
asset,5d526a40cdff9ec6,https://mooreburkina.com/sites/www.mooreburkina.com/files/styles/max_750x750/public/2026-03/Sagesse%20Bambara%20sur%20App%20Store.jpg.webp?itok=cbJcXbq1,https://mooreburkina.com/fr/applications-smartphone/applis-en-dioula,Applis en dioula | Mooré Burkina Faso,dioula;moore,,app,image,.webp,downloaded,assets/multilingual__dioula_moore/general/app/image/sagesse_bambara_sur_app_store.jpg__5d526a40cdff9ec6.webp,132870,4fab2b72bba216f7ebcab82aba7ac4e77cce172a72c8532b41cc5c9d4a6895e5,image/webp,200,"""69c134e0-20706""","Mon, 23 Mar 2026 12:41:04 GMT",2026-10-03T20:12:45.070372+00:00,
asset,45dcc2b141b3aff0,https://mooreburkina.com/sites/www.mooreburkina.com/files/styles/max_750x750/public/2026-03/Sagesse%20Bambara%20sur%20Google%20Play%20Store.jpg.webp?itok=0-XkjmiW,https://mooreburkina.com/fr/applications-smartphone/applis-en-dioula;https://mooreburkina.com/fr/dioula/applis-en-dioula-jula,Applis en dioula | Mooré Burkina Faso,dioula;moore,,app,image,.webp,downloaded,assets/multilingual__dioula_moore/general/app/image/sagesse_bambara_sur_google_play_store.jpg__45dcc2b141b3aff0.webp,132880,220af89510c4b6eeae1a540b03a03487afcfcd862246ec8a773e688916be2b91,image/webp,200,"""69baf2da-20710""","Wed, 18 Mar 2026 18:45:46 GMT",2026-10-03T20:12:45.549006+00:00,
asset,7c64745a22aa6a21,https://mooreburkina.com/sites/www.mooreburkina.com/files/styles/max_750x750/public/Applis%20Play%20Store%20images/Applis%20dioula/02%20contes%20dioula%20audio%20vol1.jpg.webp?itok=J-Ydh-cq,https://mooreburkina.com/fr/applications-smartphone/applis-en-dioula,Applis en dioula | Mooré Burkina Faso,dioula;moore,,app,image,.webp,downloaded,assets/multilingual__dioula_moore/general/app/image/02_contes_dioula_audio_vol1.jpg__7c64745a22aa6a21.webp,50768,72119aaf49514b21f79ad2093a4200592242549afc53f239168542e146fd598f,image/webp,200,"""69ba4805-c650""","Wed, 18 Mar 2026 06:36:53 GMT",2026-10-03T20:12:45.935016+00:00,
asset,a017e5c7de5128c0,https://mooreburkina.com/sites/www.mooreburkina.com/files/styles/max_750x750/public/Applis%20Play%20Store%20images/Applis%20dioula/03%20contes%20dioula%20audio%20vol2.jpg.webp?itok=zSismrWN,https://mooreburkina.com/fr/applications-smartphone/applis-en-dioula,Applis en dioula | Mooré Burkina Faso,dioula;moore,,app,image,.webp,downloaded,assets/multilingual__dioula_moore/general/app/image/03_contes_dioula_audio_vol2.jpg__a017e5c7de5128c0.webp,48798,f47c5f86fa13dcc60bcd55eb4cbac6a99a4127c6924c16b1bb8fba0980ce46c0,image/webp,200,"""69ba36da-be9e""","Wed, 18 Mar 2026 05:23:38 GMT",2026-10-03T20:12:46.319420+00:00,
asset,2ee09b6408da6c82,https://mooreburkina.com/sites/www.mooreburkina.com/files/styles/max_750x750/public/Applis%20Play%20Store%20images/Applis%20dioula/04%20cesirijala.jpg.webp?itok=NeLiGQq_,https://mooreburkina.com/fr/applications-smartphone/applis-en-dioula,Applis en dioula | Mooré Burkina Faso,dioula;moore,,app,image,.webp,downloaded,assets/multilingual__dioula_moore/general/app/image/04_cesirijala.jpg__2ee09b6408da6c82.webp,53820,e7001ce77d0e8aaeeac80228333bb507f879aeaf2f645464f6ac32d3cb1e0a85,image/webp,200,"""69ba47da-d23c""","Wed, 18 Mar 2026 06:36:10 GMT",2026-10-03T20:12:46.798683+00:00,
asset,173cfb1e72bf9e96,https://mooreburkina.com/sites/www.mooreburkina.com/files/styles/max_750x750/public/Applis%20Play%20Store%20images/Applis%20dioula/05%20dioula%20facile.jpg.webp?itok=zhT7S8NM,https://mooreburkina.com/fr/applications-smartphone/applis-en-dioula,Applis en dioula | Mooré Burkina Faso,dioula;moore,,app,image,.webp,downloaded,assets/multilingual__dioula_moore/general/app/image/05_dioula_facile.jpg__173cfb1e72bf9e96.webp,49226,64bba78580658088894c4efe0d28cb2e7f6765d3b6673cb53abf7b470af1ebba,image/webp,200,"""69ba3697-c04a""","Wed, 18 Mar 2026 05:22:31 GMT",2026-10-03T20:12:47.191700+00:00,
asset,975258b7eaffc3da,https://mooreburkina.com/sites/www.mooreburkina.com/files/styles/max_750x750/public/Applis%20Play%20Store%20images/Applis%20dioula/06%20contes%20dioula%20dakuyo.jpg.webp?itok=Q3XZZrOk,https://mooreburkina.com/fr/applications-smartphone/applis-en-dioula,Applis en dioula | Mooré Burkina Faso,dioula;moore,,app,image,.webp,downloaded,assets/multilingual__dioula_moore/general/app/image/06_contes_dioula_dakuyo.jpg__975258b7eaffc3da.webp,41154,a6b9ad237fc2455b19d02082659568710a379fca3c01faf38e5bcc746aedeea7,image/webp,200,"""69ba36df-a0c2""","Wed, 18 Mar 2026 05:23:43 GMT",2026-10-03T20:12:47.576378+00:00,
asset,fdc6b60d616a0be4,https://mooreburkina.com/sites/www.mooreburkina.com/files/styles/max_750x750/public/Applis%20Play%20Store%20images/Applis%20dioula/07%20proverbes%20dioula%20avec%20audio.jpg.webp?itok=Ig9FDNUr,https://mooreburkina.com/fr/applications-smartphone/applis-en-dioula,Applis en dioula | Mooré Burkina Faso,dioula;moore,,app,image,.webp,downloaded,assets/multilingual__dioula_moore/general/app/image/07_proverbes_dioula_avec_audio.jpg__fdc6b60d616a0be4.webp,43918,255abc2b308c520ac865b251427cf4076897a7586fb2e9c6a5b9659eb00ba7a8,image/webp,200,"""69ba36dd-ab8e""","Wed, 18 Mar 2026 05:23:41 GMT",2026-10-03T20:12:48.060408+00:00,
asset,7317a2ce8b2c809a,https://mooreburkina.com/sites/www.mooreburkina.com/files/styles/max_750x750/public/Applis%20Play%20Store%20images/Applis%20dioula/08%20Bible%20Dioula%20BF.jpg.webp?itok=vUORevbF,https://mooreburkina.com/fr/applications-smartphone/applis-en-dioula;https://mooreburkina.com/fr/dioula/applis-en-dioula-jula,Applis en dioula | Mooré Burkina Faso,dioula;moore,,app,image,.webp,downloaded,assets/multilingual__dioula_moore/general/app/image/08_bible_dioula_bf.jpg__7317a2ce8b2c809a.webp,32832,93968bf7f6141b90f17dd5bd1ef018f81fb38122abd3ee8b58afa8754cd34817,image/webp,200,"""69ba36c5-8040""","Wed, 18 Mar 2026 05:23:17 GMT",2026-10-03T20:12:48.445163+00:00,
asset,8f1edb55c1beba4c,https://mooreburkina.com/sites/www.mooreburkina.com/files/styles/max_750x750/public/Applis%20Play%20Store%20images/Applis%20dioula/Dioula%20dictionary%20on%20app%20Store.jpg.webp?itok=oGniFawj,https://mooreburkina.com/fr/applications-smartphone/applis-en-dioula,Applis en dioula | Mooré Burkina Faso,dioula;moore,,app,image,.webp,downloaded,assets/multilingual__dioula_moore/general/app/image/dioula_dictionary_on_app_store.jpg__8f1edb55c1beba4c.webp,31608,5537518f5d2b1343d024bf7806fab6dfad884e5c8ccd50d6b98ea28b0e6e383e,image/webp,200,"""69ba36dc-7b78""","Wed, 18 Mar 2026 05:23:40 GMT",2026-10-03T20:12:48.828380+00:00,
asset,db3982b6c0f1d615,https://mooreburkina.com/sites/www.mooreburkina.com/files/styles/max_750x750/public/Applis%20Play%20Store%20images/Applis%20dioula/contes%20dioula%20on%20app%20Store.jpg.webp?itok=NOM7duRk,https://mooreburkina.com/fr/applications-smartphone/applis-en-dioula,Applis en dioula | Mooré Burkina Faso,dioula;moore,,app,image,.webp,downloaded,assets/multilingual__dioula_moore/general/app/image/contes_dioula_on_app_store.jpg__db3982b6c0f1d615.webp,37654,82a9c3e903164d9cce5657b6d1d12645c8c6e64a4db897fcd51f3931d59be307,image/webp,200,"""69ba36e1-9316""","Wed, 18 Mar 2026 05:23:45 GMT",2026-10-03T20:12:49.310984+00:00,
asset,c6538f5913ab30e6,https://mooreburkina.com/sites/www.mooreburkina.com/files/styles/max_750x750/public/Dictio%20apk/smarthphone%20dioula.jpg.webp?itok=KzTlKG3U,https://mooreburkina.com/fr/dictionnaire-moor%C3%A9/aplications-de-dictionnaires-pour-ordinateur,Applications de dictionnaires | Mooré Burkina Faso,dioula;moore,,dictionary,image,.webp,downloaded,assets/multilingual__dioula_moore/general/dictionary/image/smarthphone_dioula.jpg__c6538f5913ab30e6.webp,18824,ae9fdcc0e08cecfca528caaeee0e9e069e138b9d5b9bef42cdeaf48f94b820fe,image/webp,200,"""69b9eed9-4988""","Wed, 18 Mar 2026 00:16:25 GMT",2026-10-03T20:12:49.696593+00:00,
asset,9cbe14ce9c085abe,https://mooreburkina.com/sites/www.mooreburkina.com/files/styles/max_750x750/public/Diction%20exe/dictionnaire%20dioula.jpg.webp?itok=n8pY0lo1,https://mooreburkina.com/fr/dictionnaire-moor%C3%A9/aplications-de-dictionnaires-pour-ordinateur,Applications de dictionnaires | Mooré Burkina Faso,dioula;moore,,dictionary,image,.webp,downloaded,assets/multilingual__dioula_moore/general/dictionary/image/dictionnaire_dioula.jpg__9cbe14ce9c085abe.webp,11792,106930b9486ece385fb324bbcbe78005d33b06f35d1ea4b7743cff7fd67f8998,image/webp,200,"""69b9eed9-2e10""","Wed, 18 Mar 2026 00:16:25 GMT",2026-10-03T20:12:50.084954+00:00,
asset,7926fbe051315316,https://mooreburkina.com/sites/www.mooreburkina.com/files/styles/max_750x750/public/dioula%20facile%201a.jpg.webp?itok=ihWVroVz,https://mooreburkina.com/fr/dioula/dioula-facile-tome-1,Dioula facile tome 1 | Mooré Burkina Faso,dioula;moore,,other,image,.webp,downloaded,assets/multilingual__dioula_moore/general/other/image/dioula_facile_1a.jpg__7926fbe051315316.webp,32090,f717baef422cd1fefa34775a6ae767a8e9829d40ca2eacfe8169b4d076e0caa9,image/webp,200,"""69ba9be3-7d5a""","Wed, 18 Mar 2026 12:34:43 GMT",2026-10-03T20:12:50.565113+00:00,
asset,074df5b8c0a399b9,https://mooreburkina.com/sites/www.mooreburkina.com/files/styles/max_750x750/public/pdf-files/02%20Index%20Deutsch%20-%20Dioula.jpg.webp?itok=2UjN_eIq,https://mooreburkina.com/fr/dioula/documents-dioula,Documents dioula | Mooré Burkina Faso,dioula;moore,,book_document,image,.webp,downloaded,assets/multilingual__dioula_moore/general/book_document/image/02_index_deutsch_-_dioula.jpg__074df5b8c0a399b9.webp,5550,fb083b4c415ecd1d8c42b1e47c2ca310a514b234b21eca5590488ace3f4cc57a,image/webp,200,"""69ba75b5-15ae""","Wed, 18 Mar 2026 09:51:49 GMT",2026-10-03T20:12:50.949167+00:00,
asset,7d99ee3b9cbae781,https://mooreburkina.com/sites/www.mooreburkina.com/files/styles/max_750x750/public/pdf-files/Dioula%20Lexique%20fr%20en%20al%20klein.jpg.webp?itok=6TSeF9VY,https://mooreburkina.com/fr/dioula/documents-dioula,Documents dioula | Mooré Burkina Faso,dioula;moore,,book_document,image,.webp,downloaded,assets/multilingual__dioula_moore/general/book_document/image/dioula_lexique_fr_en_al_klein.jpg__7d99ee3b9cbae781.webp,25046,6ba7892d06db4016ddcc6d9ede0cdd2ad3a49c2e4eacb880e36f069df9dc8024,image/webp,200,"""69ba75ba-61d6""","Wed, 18 Mar 2026 09:51:54 GMT",2026-10-03T20:12:51.429894+00:00,
asset,158adf07537b4659,https://mooreburkina.com/sites/www.mooreburkina.com/files/styles/max_750x750/public/pdf-files/Dioula%20Plantes%20Lexique.jpg.webp?itok=_VUxqZ8a,https://mooreburkina.com/fr/dioula/documents-dioula,Documents dioula | Mooré Burkina Faso,dioula;moore,,book_document,image,.webp,downloaded,assets/multilingual__dioula_moore/general/book_document/image/dioula_plantes_lexique.jpg__158adf07537b4659.webp,14582,646139cf18a7a0f2eb35121738677d5ed5b2a37adcae4c147f3f0e3a880d50ca,image/webp,200,"""69ba75b6-38f6""","Wed, 18 Mar 2026 09:51:50 GMT",2026-10-03T20:12:51.831183+00:00,
asset,c14e7ee62c8764f3,https://mooreburkina.com/sites/www.mooreburkina.com/files/styles/max_750x750/public/pdf-files/Dioula%20maladies%20Lexique.jpg.webp?itok=6qlu3AjS,https://mooreburkina.com/fr/dioula/documents-dioula,Documents dioula | Mooré Burkina Faso,dioula;moore,,book_document,image,.webp,downloaded,assets/multilingual__dioula_moore/general/book_document/image/dioula_maladies_lexique.jpg__c14e7ee62c8764f3.webp,14762,2d6e9233f435d9315078e56c61c25857ba488e29eba54c8ddb65e3d1a2affaee,image/webp,200,"""69ba75ba-39aa""","Wed, 18 Mar 2026 09:51:54 GMT",2026-10-03T20:12:52.231727+00:00,
asset,f0dd5fe6665797b5,https://mooreburkina.com/sites/www.mooreburkina.com/files/styles/max_750x750/public/pdf-files/Dioula%20math%20et%20enseigne.jpg.webp?itok=k7q2FJiF,https://mooreburkina.com/fr/dioula/documents-dioula,Documents dioula | Mooré Burkina Faso,dioula;moore,,book_document,image,.webp,downloaded,assets/multilingual__dioula_moore/general/book_document/image/dioula_math_et_enseigne.jpg__f0dd5fe6665797b5.webp,10796,bbd3c990fd75bf4dee0bd25e4a42b057dc36ce01bd880a3168a12a4e29a7c9c5,image/webp,200,"""69ba75b5-2a2c""","Wed, 18 Mar 2026 09:51:49 GMT",2026-10-03T20:12:52.616696+00:00,
asset,de8171f36b20825c,https://mooreburkina.com/sites/www.mooreburkina.com/files/styles/max_750x750/public/pdf-files/Dioula%20nourriture%20Lexique1.jpg.webp?itok=j8h8cMBM,https://mooreburkina.com/fr/dioula/documents-dioula,Documents dioula | Mooré Burkina Faso,dioula;moore,,book_document,image,.webp,downloaded,assets/multilingual__dioula_moore/general/book_document/image/dioula_nourriture_lexique1.jpg__de8171f36b20825c.webp,12868,047eeb93669f6594cfdb602dba05f27cd93a01a45bace0effbbe7fd94262f8d3,image/webp,200,"""69ba75b9-3244""","Wed, 18 Mar 2026 09:51:53 GMT",2026-10-03T20:12:53.001305+00:00,
asset,942fc1fac7076349,https://mooreburkina.com/sites/www.mooreburkina.com/files/styles/max_750x750/public/pdf-files/dictionnaire%20dioula%20-%20fr%20-%20en%20-%20de%20avec%20images2.jpg.webp?itok=mWXyLfhs,https://mooreburkina.com/fr/dioula/documents-dioula,Documents dioula | Mooré Burkina Faso,dioula;moore,,book_document,image,.webp,downloaded,assets/multilingual__dioula_moore/general/book_document/image/dictionnaire_dioula_-_fr_-_en_-_de_avec_images2.jpg__942fc1fac7076349.webp,43182,321c4ff5c5f129805c87e91cb9f309d8cd37603c9486d7072cef84f1b0bc68fd,image/webp,200,"""69ba75b6-a8ae""","Wed, 18 Mar 2026 09:51:50 GMT",2026-10-03T20:12:53.577968+00:00,
asset,2f652abf76cb33a8,https://mooreburkina.com/sites/www.mooreburkina.com/files/styles/medium/public/pdf-files/Bambara%20-%20Allemand%20Index.pdf.jpg.webp?itok=FxwAPHhc,https://mooreburkina.com/fr/dioula/documents-dioula,Documents dioula | Mooré Burkina Faso,dioula;moore,,book_document,image,.webp,downloaded,assets/multilingual__dioula_moore/general/book_document/image/bambara_-_allemand_index.pdf.jpg__2f652abf76cb33a8.webp,35334,a27d7db09bf432ba920d06240d55b0cb49fdd1ddde64c75ec5cf1eb34150dda5,image/webp,200,"""69ba75b8-8a06""","Wed, 18 Mar 2026 09:51:52 GMT",2026-10-03T20:12:54.062255+00:00,
asset,88dc1cb527396b7f,https://mooreburkina.com/sites/www.mooreburkina.com/files/styles/medium/public/pdf-files/Bambara%20Animaux%20inf%C3%A9rieurs.pdf.jpg.webp?itok=uILbpLDd,https://mooreburkina.com/fr/dioula/documents-dioula,Documents dioula | Mooré Burkina Faso,dioula;moore,,image_culture,image,.webp,downloaded,assets/multilingual__dioula_moore/general/image_culture/image/bambara_animaux_inferieurs.pdf.jpg__88dc1cb527396b7f.webp,28286,b9b58c483e49e876f6fac328a0aa5346bf61e3304b2679702ff57a5bbb281e03,image/webp,200,"""69baf5c9-6e7e""","Wed, 18 Mar 2026 18:58:17 GMT",2026-10-03T20:12:54.468733+00:00,
asset,779d65bca02cd9e2,https://mooreburkina.com/sites/www.mooreburkina.com/files/styles/medium/public/pdf-files/Bambara%20Buissons%2C%20arbustes.pdf.jpg.webp?itok=9yPA0Tur,https://mooreburkina.com/fr/dioula/documents-dioula,Documents dioula | Mooré Burkina Faso,dioula;moore,,book_document,image,.webp,downloaded,assets/multilingual__dioula_moore/general/book_document/image/bambara_buissons_arbustes.pdf.jpg__779d65bca02cd9e2.webp,36968,2cb27f1b8ad94a593b0e03a672548e5f6a606444fe29c9e498c5692ab748a5f8,image/webp,200,"""69baf482-9068""","Wed, 18 Mar 2026 18:52:50 GMT",2026-10-03T20:12:54.947831+00:00,
asset,ac8a7ace4f0b0c74,https://mooreburkina.com/sites/www.mooreburkina.com/files/styles/medium/public/pdf-files/Bambara%20Herbes%2C%20plantes%20grimpantes.pdf.jpg.webp?itok=dNvOkN_U,https://mooreburkina.com/fr/dioula/documents-dioula,Documents dioula | Mooré Burkina Faso,dioula;moore,,book_document,image,.webp,downloaded,assets/multilingual__dioula_moore/general/book_document/image/bambara_herbes_plantes_grimpantes.pdf.jpg__ac8a7ace4f0b0c74.webp,26442,df0189cfa9cfec5c60f92447d760ddc96f9c83ed3c111dac7a2c9d50f154c313,image/webp,200,"""69baf4b9-674a""","Wed, 18 Mar 2026 18:53:45 GMT",2026-10-03T20:12:55.332163+00:00,
asset,52f2d7fed3a25c30,https://mooreburkina.com/sites/www.mooreburkina.com/files/styles/medium/public/pdf-files/Bambara%20Lexique.pdf.jpg.webp?itok=SYO6nWXs,https://mooreburkina.com/fr/dioula/documents-dioula,Documents dioula | Mooré Burkina Faso,dioula;moore,,dictionary,image,.webp,downloaded,assets/multilingual__dioula_moore/general/dictionary/image/bambara_lexique.pdf.jpg__52f2d7fed3a25c30.webp,49172,130e9842373a887bb48ea4eb2930168885b1ec12d00facc9c87ab5e61595dae1,image/webp,200,"""69ba75b8-c014""","Wed, 18 Mar 2026 09:51:52 GMT",2026-10-03T20:12:55.812835+00:00,
asset,ba925880ef108076,https://mooreburkina.com/sites/www.mooreburkina.com/files/styles/medium/public/pdf-files/Bambara%20Mammif%C3%A8res.pdf.jpg.webp?itok=7Ujz4FTi,https://mooreburkina.com/fr/dioula/documents-dioula,Documents dioula | Mooré Burkina Faso,dioula;moore,,book_document,image,.webp,downloaded,assets/multilingual__dioula_moore/general/book_document/image/bambara_mammiferes.pdf.jpg__ba925880ef108076.webp,26568,47d9b4af753ea1c51464292619f031bb078243ed4bbfc60f7d07d06bbe4a4a92,image/webp,200,"""69baf4e6-67c8""","Wed, 18 Mar 2026 18:54:30 GMT",2026-10-03T20:12:56.197300+00:00,
asset,28f243fb0e2afe32,https://mooreburkina.com/sites/www.mooreburkina.com/files/styles/medium/public/pdf-files/Bambara%20Oiseaux.pdf.jpg.webp?itok=rOxkpJgN,https://mooreburkina.com/fr/dioula/documents-dioula,Documents dioula | Mooré Burkina Faso,dioula;moore,,book_document,image,.webp,downloaded,assets/multilingual__dioula_moore/general/book_document/image/bambara_oiseaux.pdf.jpg__28f243fb0e2afe32.webp,23470,b24f39a2062961933189b680e1a7b8709d17252e1964a131d17ada94068325e0,image/webp,200,"""69baf510-5bae""","Wed, 18 Mar 2026 18:55:12 GMT",2026-10-03T20:12:56.582986+00:00,
asset,5afc86d6ee3f83ae,https://mooreburkina.com/sites/www.mooreburkina.com/files/styles/medium/public/pdf-files/Bambara%20Reptiles%20et%20Amphibiens.pdf.jpg.webp?itok=bBjjZsYQ,https://mooreburkina.com/fr/dioula/documents-dioula,Documents dioula | Mooré Burkina Faso,dioula;moore,,book_document,image,.webp,downloaded,assets/multilingual__dioula_moore/general/book_document/image/bambara_reptiles_et_amphibiens.pdf.jpg__5afc86d6ee3f83ae.webp,31916,525d4574ecd5601b809ec72edadf68bb11e5e467b6bc7e66b16ede2e0ac4ad88,image/webp,200,"""69baf535-7cac""","Wed, 18 Mar 2026 18:55:49 GMT",2026-10-03T20:12:57.060926+00:00,
asset,dfd7480bb5526146,https://mooreburkina.com/sites/www.mooreburkina.com/files/styles/medium/public/pdf-files/Bambara%20arbres_0.pdf.jpg.webp?itok=j-Pjawaq,https://mooreburkina.com/fr/dioula/documents-dioula,Documents dioula | Mooré Burkina Faso,dioula;moore,,book_document,image,.webp,downloaded,assets/multilingual__dioula_moore/general/book_document/image/bambara_arbres_0.pdf.jpg__dfd7480bb5526146.webp,32210,50fe02998e2f6b59f18e6b21e5c09d2227057cf2d38755652c673947fd649cf5,image/webp,200,"""69baf43f-7dd2""","Wed, 18 Mar 2026 18:51:43 GMT",2026-10-03T20:12:57.540276+00:00,
asset,0a8c087bf51cd5d4,https://mooreburkina.com/sites/www.mooreburkina.com/files/styles/medium/public/pdf-files/Bambara%20insectes%20et%20araign%C3%A9es.pdf.jpg.webp?itok=FXdIsDM3,https://mooreburkina.com/fr/dioula/documents-dioula,Documents dioula | Mooré Burkina Faso,dioula;moore,,book_document,image,.webp,downloaded,assets/multilingual__dioula_moore/general/book_document/image/bambara_insectes_et_araignees.pdf.jpg__0a8c087bf51cd5d4.webp,34020,7ad48e91d003d717563af12424b3b2f31c4a2480f40a37e200bc71bec0b3344a,image/webp,200,"""69baf585-84e4""","Wed, 18 Mar 2026 18:57:09 GMT",2026-10-03T20:12:58.021208+00:00,
asset,9ae4eb704139e6b5,https://mooreburkina.com/sites/www.mooreburkina.com/files/styles/medium/public/pdf-files/Bambara%20poissons.pdf.jpg.webp?itok=5pYsWLcN,https://mooreburkina.com/fr/dioula/documents-dioula,Documents dioula | Mooré Burkina Faso,dioula;moore,,book_document,image,.webp,downloaded,assets/multilingual__dioula_moore/general/book_document/image/bambara_poissons.pdf.jpg__9ae4eb704139e6b5.webp,33012,852ab87964f68a08c97e61aa2616449cbf497a1ae8daeb7e7a9f3741b690eee2,image/webp,200,"""69baf55e-80f4""","Wed, 18 Mar 2026 18:56:30 GMT",2026-10-03T20:12:58.500187+00:00,
asset,d2379a40e5086325,https://mooreburkina.com/sites/www.mooreburkina.com/files/styles/medium/public/pdf-files/Guide%20d%27orthographe%20dioula.pdf.jpg.webp?itok=jZmc5roq,https://mooreburkina.com/fr/dioula/documents-dioula,Documents dioula | Mooré Burkina Faso,dioula;moore,,orthography,image,.webp,downloaded,assets/multilingual__dioula_moore/general/orthography/image/guide_d_orthographe_dioula.pdf.jpg__d2379a40e5086325.webp,8458,9c730f4a5325855a3fb2f5dca180b1bc77e5f358198536f7e43e7a7eed4b8b66,image/webp,200,"""69ba75b8-210a""","Wed, 18 Mar 2026 09:51:52 GMT",2026-10-03T20:12:58.886401+00:00,
asset,7faa4b34b0b6ec7f,https://mooreburkina.com/sites/mooreburkina.af2.wfbuild.net/files/pdf-files/02%20Dioula%20-%20Index%20%28allemand%29.pdf,https://mooreburkina.com/fr/dioula/documents-dioula,Documents dioula | Mooré Burkina Faso,dioula;moore,,book_document,pdf,.pdf,error,assets/multilingual__dioula_moore/general/book_document/pdf/02_dioula_-_index_allemand__7faa4b34b0b6ec7f.pdf,,,text/html,404,,,,HTTPError: 404 Client Error: Not Found for url: https://mooreburkina.com/sites/mooreburkina.af2.wfbuild.net/files/pdf-files/02%20Dioula%20-%20Index%20%28allemand%29.pdf
asset,a0a1d17161b3877d,https://mooreburkina.com/sites/www.mooreburkina.com/files/pdf-files/02%20Dioula%20-%20Index%20%28allemand%29.pdf,https://mooreburkina.com/fr/dioula/documents-dioula,Documents dioula | Mooré Burkina Faso,dioula;moore,,dictionary,pdf,.pdf,downloaded,assets/multilingual__dioula_moore/general/dictionary/pdf/02_dioula_-_index_allemand__a0a1d17161b3877d.pdf,3843404,ef238af0b205d842f635858fe641d13d730cec70fbb1f6c07ef6ebb08cc8895e,application/pdf,200,"""5e6f75d9-3aa54c""","Mon, 16 Mar 2020 12:49:29 GMT",2026-10-03T20:13:01.127512+00:00,
asset,aa0ee07d1f911800,https://mooreburkina.com/sites/www.mooreburkina.com/files/pdf-files/Bambara%20-%20Allemand%20Index.pdf,https://mooreburkina.com/fr/dioula/documents-dioula,Documents dioula | Mooré Burkina Faso,dioula;moore,,book_document,pdf,.pdf,downloaded,assets/multilingual__dioula_moore/general/book_document/pdf/bambara_-_allemand_index__aa0ee07d1f911800.pdf,2144532,6373c1ffb903f6cd8e5e0b74a2a69b1212162cc70610facdc6e94393d3969dd9,application/pdf,200,"""67b047ca-20b914""","Sat, 15 Feb 2025 07:52:42 GMT",2026-10-03T20:13:01.610562+00:00,
asset,3fe5080a32430acc,https://mooreburkina.com/sites/www.mooreburkina.com/files/pdf-files/Bambara%20Animaux%20inf%C3%A9rieurs.pdf,https://mooreburkina.com/fr/dioula/documents-dioula,Documents dioula | Mooré Burkina Faso,dioula;moore,,book_document,pdf,.pdf,downloaded,assets/multilingual__dioula_moore/general/book_document/pdf/bambara_animaux_inferieurs__3fe5080a32430acc.pdf,610709,d06c899fda88034a69161cb38e24a568e18cd494981a68545531402d808a10b6,application/pdf,200,"""69baf598-95195""","Wed, 18 Mar 2026 18:57:28 GMT",2026-10-03T20:13:02.006218+00:00,
asset,a18101fd129aa9ce,https://mooreburkina.com/sites/www.mooreburkina.com/files/pdf-files/Bambara%20Buissons%2C%20arbustes.pdf,https://mooreburkina.com/fr/dioula/documents-dioula,Documents dioula | Mooré Burkina Faso,dioula;moore,,book_document,pdf,.pdf,downloaded,assets/multilingual__dioula_moore/general/book_document/pdf/bambara_buissons_arbustes__a18101fd129aa9ce.pdf,1528376,213f784c1c53b90918275756bacee6312fcf51200b194a8aa30e1ecb3eae6b93,application/pdf,200,"""69baf472-175238""","Wed, 18 Mar 2026 18:52:34 GMT",2026-10-03T20:13:02.510983+00:00,
asset,bb1f7897d0d0837c,https://mooreburkina.com/sites/www.mooreburkina.com/files/pdf-files/Bambara%20Herbes%2C%20plantes%20grimpantes.pdf,https://mooreburkina.com/fr/dioula/documents-dioula,Documents dioula | Mooré Burkina Faso,dioula;moore,,book_document,pdf,.pdf,downloaded,assets/multilingual__dioula_moore/general/book_document/pdf/bambara_herbes_plantes_grimpantes__bb1f7897d0d0837c.pdf,4842894,84b9eab01909c068021ce19ae7f8c75a5d86193799e8bee9e2533b0b4dc39e94,application/pdf,200,"""69baf4a7-49e58e""","Wed, 18 Mar 2026 18:53:27 GMT",2026-10-03T20:13:03.113020+00:00,
asset,2594104698bb1b07,https://mooreburkina.com/sites/www.mooreburkina.com/files/pdf-files/Bambara%20Lexicon.pdf,https://mooreburkina.com/fr/dioula/documents-dioula,Documents dioula | Mooré Burkina Faso,dioula;moore,,book_document,pdf,.pdf,downloaded,assets/multilingual__dioula_moore/general/book_document/pdf/bambara_lexicon__2594104698bb1b07.pdf,11135577,9deaf3c82c188c0182c228ce211342e452defcfefe97421d25f7780dd66463bf,application/pdf,200,"""697b1ff6-a9ea59""","Thu, 29 Jan 2026 08:53:10 GMT",2026-10-03T20:13:03.824992+00:00,
asset,17fbcb15beb44230,https://mooreburkina.com/sites/www.mooreburkina.com/files/pdf-files/Bambara%20Lexique.pdf,https://mooreburkina.com/fr/dioula/documents-dioula,Documents dioula | Mooré Burkina Faso,dioula;moore,,book_document,pdf,.pdf,downloaded,assets/multilingual__dioula_moore/general/book_document/pdf/bambara_lexique__17fbcb15beb44230.pdf,24249281,46b694ccd2e43afa461112b413fec53d2f80c2a96399a1c76d3eaadc521cf31a,application/pdf,200,"""67b047db-17203c1""","Sat, 15 Feb 2025 07:52:59 GMT",2026-10-03T20:13:04.890187+00:00,
asset,676a2a5bcf99a5d4,https://mooreburkina.com/sites/www.mooreburkina.com/files/pdf-files/Bambara%20Mammif%C3%A8res.pdf,https://mooreburkina.com/fr/dioula/documents-dioula,Documents dioula | Mooré Burkina Faso,dioula;moore,,book_document,pdf,.pdf,downloaded,assets/multilingual__dioula_moore/general/book_document/pdf/bambara_mammiferes__676a2a5bcf99a5d4.pdf,2881233,8fad51d7e33130675f0524c6acb72fdcc5e945355e1b2de3d40642c342c1a9a6,application/pdf,200,"""69baf4d3-2bf6d1""","Wed, 18 Mar 2026 18:54:11 GMT",2026-10-03T20:13:05.306298+00:00,
asset,c608d3a8551a6095,https://mooreburkina.com/sites/www.mooreburkina.com/files/pdf-files/Bambara%20Oiseaux.pdf,https://mooreburkina.com/fr/dioula/documents-dioula,Documents dioula | Mooré Burkina Faso,dioula;moore,,book_document,pdf,.pdf,downloaded,assets/multilingual__dioula_moore/general/book_document/pdf/bambara_oiseaux__c608d3a8551a6095.pdf,3332334,001cc90e1bdee0d07f551da3ec71d2de614b4bc9a30778eb7d5d13ceedd97fae,application/pdf,200,"""69baf4f7-32d8ee""","Wed, 18 Mar 2026 18:54:47 GMT",2026-10-03T20:13:05.791645+00:00,
asset,56da89eb8a277839,https://mooreburkina.com/sites/www.mooreburkina.com/files/pdf-files/Bambara%20Reptiles%20et%20Amphibiens.pdf,https://mooreburkina.com/fr/dioula/documents-dioula,Documents dioula | Mooré Burkina Faso,dioula;moore,,book_document,pdf,.pdf,downloaded,assets/multilingual__dioula_moore/general/book_document/pdf/bambara_reptiles_et_amphibiens__56da89eb8a277839.pdf,1256761,40ca289d37e10d4d4039715401be4bb40861a31547dae0cbadc1c48de0516d49,application/pdf,200,"""69baf524-132d39""","Wed, 18 Mar 2026 18:55:32 GMT",2026-10-03T20:13:06.191468+00:00,
asset,f6016ec23827c014,https://mooreburkina.com/sites/www.mooreburkina.com/files/pdf-files/Bambara%20arbres_0.pdf,https://mooreburkina.com/fr/dioula/documents-dioula,Documents dioula | Mooré Burkina Faso,dioula;moore,,book_document,pdf,.pdf,downloaded,assets/multilingual__dioula_moore/general/book_document/pdf/bambara_arbres_0__f6016ec23827c014.pdf,4159980,33d23bd056a8df899f316d1b36fa9703130e5464ae471fdbd8bf0f3124881429,application/pdf,200,"""69baf42c-3f79ec""","Wed, 18 Mar 2026 18:51:24 GMT",2026-10-03T20:13:06.705210+00:00,
asset,f9666f68950f1d8b,https://mooreburkina.com/sites/www.mooreburkina.com/files/pdf-files/Bambara%20insectes%20et%20araign%C3%A9es.pdf,https://mooreburkina.com/fr/dioula/documents-dioula,Documents dioula | Mooré Burkina Faso,dioula;moore,,book_document,pdf,.pdf,downloaded,assets/multilingual__dioula_moore/general/book_document/pdf/bambara_insectes_et_araignees__f9666f68950f1d8b.pdf,1368722,feeadfb8d13616da7e26f101f3794ea315b5c47ad5e36d101f86f1c5d416a75a,application/pdf,200,"""69baf572-14e292""","Wed, 18 Mar 2026 18:56:50 GMT",2026-10-03T20:13:07.099401+00:00,
asset,a289afc134accfa2,https://mooreburkina.com/sites/www.mooreburkina.com/files/pdf-files/Bambara%20poissons.pdf,https://mooreburkina.com/fr/dioula/documents-dioula,Documents dioula | Mooré Burkina Faso,dioula;moore,,book_document,pdf,.pdf,downloaded,assets/multilingual__dioula_moore/general/book_document/pdf/bambara_poissons__a289afc134accfa2.pdf,1243756,5e17f89818041556668757b6b9a08d9402234cbf8c455b81ef894529ac9f15f3,application/pdf,200,"""69baf54a-12fa6c""","Wed, 18 Mar 2026 18:56:10 GMT",2026-10-03T20:13:07.497310+00:00,
asset,a9b5aa7c73a96365,https://mooreburkina.com/sites/www.mooreburkina.com/files/pdf-files/Dioula%20Plantes%20Lexique.pdf,https://mooreburkina.com/fr/dioula/documents-dioula,Documents dioula | Mooré Burkina Faso,dioula;moore,,book_document,pdf,.pdf,downloaded,assets/multilingual__dioula_moore/general/book_document/pdf/dioula_plantes_lexique__a9b5aa7c73a96365.pdf,9151537,6451c4cc7f17642aaae61dd046d5383ccb24144f1a5193d5cc4cdbd3e730b975,application/pdf,200,"""5e63b1b2-8ba431""","Sat, 07 Mar 2020 14:37:38 GMT",2026-10-03T20:13:08.207996+00:00,
asset,f2aa45c9da3fbf01,https://mooreburkina.com/sites/www.mooreburkina.com/files/pdf-files/Dioula%20math%20et%20enseigne%20Lexique.pdf,https://mooreburkina.com/fr/dioula/documents-dioula,Documents dioula | Mooré Burkina Faso,dioula;moore,,book_document,pdf,.pdf,downloaded,assets/multilingual__dioula_moore/general/book_document/pdf/dioula_math_et_enseigne_lexique__f2aa45c9da3fbf01.pdf,2109147,1e06088b7f8b1748d10da5ad5bb9520b069f8a2ee14b29bb0e2de6fc20cfafeb,application/pdf,200,"""5e63b177-202edb""","Sat, 07 Mar 2020 14:36:39 GMT",2026-10-03T20:13:08.611166+00:00,
asset,577353a25889fa98,https://mooreburkina.com/sites/www.mooreburkina.com/files/pdf-files/Guide%20d%27orthographe%20dioula.pdf,https://mooreburkina.com/fr/dioula/documents-dioula,Documents dioula | Mooré Burkina Faso,dioula;moore,,book_document,pdf,.pdf,downloaded,assets/multilingual__dioula_moore/general/book_document/pdf/guide_d_orthographe_dioula__577353a25889fa98.pdf,1150938,18a884c3c5a09bbdbe6880975169e8821a958243473e5d4f343a30d186e3c9c7,application/pdf,200,"""67097c9d-118fda""","Fri, 11 Oct 2024 19:29:33 GMT",2026-10-03T20:13:09.009021+00:00,
asset,239d9f3d7856848a,https://mooreburkina.com/sites/www.mooreburkina.com/files/media_stream/encodings/video_download_mp4_150/1061-.mp4,https://mooreburkina.com/fr/dioula/videos-en-diaporama-dioula,Videos en diaporama dioula | Mooré Burkina Faso,dioula;moore,,other,video,.mp4,downloaded,assets/multilingual__dioula_moore/general/other/video/1061__239d9f3d7856848a.mp4,721002,4aaf6ddf7c952ccc48340c144977d77fdc5b738bdccdb97fe65352cec6228dcb,video/mp4,200,"""65942363-b006a""","Tue, 02 Jan 2024 14:53:23 GMT",2026-10-03T20:13:09.431854+00:00,
asset,57d20a9d636ffde5,https://mooreburkina.com/sites/www.mooreburkina.com/files/media_stream/encodings/video_download_mp4_150/1064-.mp4,https://mooreburkina.com/fr/dioula/videos-en-diaporama-dioula,Videos en diaporama dioula | Mooré Burkina Faso,dioula;moore,,other,video,.mp4,downloaded,assets/multilingual__dioula_moore/general/other/video/1064__57d20a9d636ffde5.mp4,1675459,3b22bf28cb194010a9846b6446867464c9a8866c8d569f6cb8b91ca436612fcf,video/mp4,200,"""659423c2-1990c3""","Tue, 02 Jan 2024 14:54:58 GMT",2026-10-03T20:13:09.945164+00:00,
asset,aa2f48a3aaf4a65b,https://mooreburkina.com/sites/www.mooreburkina.com/files/media_stream/encodings/video_download_mp4_150/1073-.mp4,https://mooreburkina.com/fr/dioula/videos-en-diaporama-dioula,Videos en diaporama dioula | Mooré Burkina Faso,dioula;moore,,other,video,.mp4,downloaded,assets/multilingual__dioula_moore/general/other/video/1073__aa2f48a3aaf4a65b.mp4,1484812,983561315c4992156d6cb717c1e0a8c20d85c7c4cc1785fb95d83464968364f3,video/mp4,200,"""659428fa-16a80c""","Tue, 02 Jan 2024 15:17:14 GMT",2026-10-03T20:13:10.427239+00:00,
asset,8dad5883f42036eb,https://mooreburkina.com/sites/www.mooreburkina.com/files/media_stream/encodings/video_download_mp4_150/1076-.mp4,https://mooreburkina.com/fr/dioula/videos-en-diaporama-dioula,Videos en diaporama dioula | Mooré Burkina Faso,dioula;moore,,other,video,.mp4,downloaded,assets/multilingual__dioula_moore/general/other/video/1076__8dad5883f42036eb.mp4,1760464,1db274f08956f3fb8541c9ea9ffd7e3a05604db6a136364dd20e77e763ba13e8,video/mp4,200,"""659429b3-1adcd0""","Tue, 02 Jan 2024 15:20:19 GMT",2026-10-03T20:13:10.915505+00:00,
asset,05e7d5e2232a04f4,https://mooreburkina.com/sites/www.mooreburkina.com/files/media_stream/encodings/video_download_mp4_150/763-.mp4,https://mooreburkina.com/fr/dioula/marcher-avec-j%C3%A9sus-1-5,Marcher avec Jésus 1 - 5 | Mooré Burkina Faso,dioula;moore,,religious,video,.mp4,downloaded,assets/multilingual__dioula_moore/general/religious/video/763__05e7d5e2232a04f4.mp4,14744391,367ddc7523bf96676eda262bda0e83e3157736e3698f429174a31fe1defddb16,video/mp4,200,"""64f36cc2-e0fb47""","Sat, 02 Sep 2023 17:11:30 GMT",2026-10-03T20:13:11.750877+00:00,
asset,e79208fcec8f9ec1,https://mooreburkina.com/sites/www.mooreburkina.com/files/media_stream/encodings/video_download_mp4_150/766-.mp4,https://mooreburkina.com/fr/dioula/marcher-avec-j%C3%A9sus-1-5,Marcher avec Jésus 1 - 5 | Mooré Burkina Faso,dioula;moore,,religious,video,.mp4,downloaded,assets/multilingual__dioula_moore/general/religious/video/766__e79208fcec8f9ec1.mp4,24746002,1308757feb1c899071610b9aa155312163213eaffe50c1e536e45c95ec1dcf1f,video/mp4,200,"""64f36d95-1799812""","Sat, 02 Sep 2023 17:15:01 GMT",2026-10-03T20:13:12.830489+00:00,
asset,aff75e282720384f,https://mooreburkina.com/sites/www.mooreburkina.com/files/media_stream/encodings/video_download_mp4_150/769-.mp4,https://mooreburkina.com/fr/dioula/marcher-avec-j%C3%A9sus-1-5,Marcher avec Jésus 1 - 5 | Mooré Burkina Faso,dioula;moore,,religious,video,.mp4,downloaded,assets/multilingual__dioula_moore/general/religious/video/769__aff75e282720384f.mp4,9782174,cb5ef7d63148c27b3bea33df930a1f9614ef17ce8c3ca251a7f7c17d264d2f02,video/mp4,200,"""64f36e1c-95439e""","Sat, 02 Sep 2023 17:17:16 GMT",2026-10-03T20:13:13.465766+00:00,
asset,b1a8f1cd6b450162,https://mooreburkina.com/sites/www.mooreburkina.com/files/media_stream/encodings/video_download_mp4_150/772-.mp4,https://mooreburkina.com/fr/dioula/marcher-avec-j%C3%A9sus-1-5,Marcher avec Jésus 1 - 5 | Mooré Burkina Faso,dioula;moore,,religious,video,.mp4,downloaded,assets/multilingual__dioula_moore/general/religious/video/772__b1a8f1cd6b450162.mp4,14685842,90b9452af581528800107fe00e053793a61daead3b092e2595fd62d2936c5553,video/mp4,200,"""64f36ec2-e01692""","Sat, 02 Sep 2023 17:20:02 GMT",2026-10-03T20:13:14.232162+00:00,
asset,98aab7443aba2f77,https://mooreburkina.com/sites/www.mooreburkina.com/files/media_stream/encodings/video_download_mp4_150/775-.mp4,https://mooreburkina.com/fr/dioula/marcher-avec-j%C3%A9sus-1-5,Marcher avec Jésus 1 - 5 | Mooré Burkina Faso,dioula;moore,,religious,video,.mp4,downloaded,assets/multilingual__dioula_moore/general/religious/video/775__98aab7443aba2f77.mp4,17734484,5a81cf707fa8d835d7656f5b0be3d862e8f4b9cc10865e2f769c0d19b44f9d06,video/mp4,200,"""64f36f60-10e9b54""","Sat, 02 Sep 2023 17:22:40 GMT",2026-10-03T20:13:15.157514+00:00,
asset,0bb916d29be79435,https://mooreburkina.com/sites/www.mooreburkina.com/files/media_stream/encodings/video_download_mp4_150/959-.mp4,https://mooreburkina.com/fr/dioula/videos-en-diaporama-dioula,Videos en diaporama dioula | Mooré Burkina Faso,dioula;moore,,other,video,.mp4,downloaded,assets/multilingual__dioula_moore/general/other/video/959__0bb916d29be79435.mp4,2690494,5c87713ed9e346dc7cb0038a578500eadf1a5eff5f2b812f1f87721c9e02d82f,video/mp4,200,"""658ab3b1-290dbe""","Tue, 26 Dec 2023 11:06:25 GMT",2026-10-03T20:13:15.567229+00:00,
asset,fb0a75c2b362d3c7,https://mooreburkina.com/sites/www.mooreburkina.com/files/media_stream/encodings/video_download_mp4_150/962-.mp4,https://mooreburkina.com/fr/dioula/videos-en-diaporama-dioula,Videos en diaporama dioula | Mooré Burkina Faso,dioula;moore,,other,video,.mp4,downloaded,assets/multilingual__dioula_moore/general/other/video/962__fb0a75c2b362d3c7.mp4,1271478,588f33a794055ccbe252683d0575337759c515a1505f77f74883c0d87fa7411f,video/mp4,200,"""6594248e-1366b6""","Tue, 02 Jan 2024 14:58:22 GMT",2026-10-03T20:13:15.968180+00:00,
asset,6aac3e75c263e49f,https://mooreburkina.com/sites/www.mooreburkina.com/files/media_stream/encodings/video_download_mp4_150/965-.mp4,https://mooreburkina.com/fr/dioula/videos-en-diaporama-dioula,Videos en diaporama dioula | Mooré Burkina Faso,dioula;moore,,other,video,.mp4,downloaded,assets/multilingual__dioula_moore/general/other/video/965__6aac3e75c263e49f.mp4,1279887,a65a572f5d613f7289fdcc55b77d7d9ff78a275854acd6942984e6ee907d531e,video/mp4,200,"""658ab52a-13878f""","Tue, 26 Dec 2023 11:12:42 GMT",2026-10-03T20:13:16.370561+00:00,
asset,9be6270ac1ad4919,https://mooreburkina.com/sites/www.mooreburkina.com/files/media_stream/encodings/video_download_mp4_150/968-.mp4,https://mooreburkina.com/fr/dioula/videos-en-diaporama-dioula,Videos en diaporama dioula | Mooré Burkina Faso,dioula;moore,,other,video,.mp4,downloaded,assets/multilingual__dioula_moore/general/other/video/968__9be6270ac1ad4919.mp4,857102,d8cef3c9210f8f370f51604575224a70cc29c4002e6f075408d9c2da28d8b5b2,video/mp4,200,"""658ab612-d140e""","Tue, 26 Dec 2023 11:16:34 GMT",2026-10-03T20:13:16.771298+00:00,
asset,3d3c0ac35ba6287b,https://mooreburkina.com/sites/www.mooreburkina.com/files/media_stream/encodings/video_download_mp4_480/1061-.mp4,https://mooreburkina.com/fr/dioula/videos-en-diaporama-dioula,Videos en diaporama dioula | Mooré Burkina Faso,dioula;moore,,other,video,.mp4,downloaded,assets/multilingual__dioula_moore/general/other/video/1061__3d3c0ac35ba6287b.mp4,4149229,6cee4c57e79ea29467e2e838a8454228e0ca769708a2f50cdb1fadb28a7866e0,video/mp4,200,"""65942364-3f4fed""","Tue, 02 Jan 2024 14:53:24 GMT",2026-10-03T20:13:17.362704+00:00,
asset,1200e34aed0110a3,https://mooreburkina.com/sites/www.mooreburkina.com/files/media_stream/encodings/video_download_mp4_480/1064-.mp4,https://mooreburkina.com/fr/dioula/videos-en-diaporama-dioula,Videos en diaporama dioula | Mooré Burkina Faso,dioula;moore,,other,video,.mp4,downloaded,assets/multilingual__dioula_moore/general/other/video/1064__1200e34aed0110a3.mp4,9745104,3aacbb8e8acd19cee04716e2b2f03ec4020cb6b229c9b5a6c3fc5a008c503b50,video/mp4,200,"""659423df-94b2d0""","Tue, 02 Jan 2024 14:55:27 GMT",2026-10-03T20:13:18.063438+00:00,
asset,629a294709ed2a13,https://mooreburkina.com/sites/www.mooreburkina.com/files/media_stream/encodings/video_download_mp4_480/1073-.mp4,https://mooreburkina.com/fr/dioula/videos-en-diaporama-dioula,Videos en diaporama dioula | Mooré Burkina Faso,dioula;moore,,other,video,.mp4,downloaded,assets/multilingual__dioula_moore/general/other/video/1073__629a294709ed2a13.mp4,8720072,6e8d9a0a9b648a1c49ad79a02ce104f097ec706a5320febff928935372d1c56f,video/mp4,200,"""659428f7-850ec8""","Tue, 02 Jan 2024 15:17:11 GMT",2026-10-03T20:13:18.680557+00:00,
asset,55d8375753921cd0,https://mooreburkina.com/sites/www.mooreburkina.com/files/media_stream/encodings/video_download_mp4_480/1076-.mp4,https://mooreburkina.com/fr/dioula/videos-en-diaporama-dioula,Videos en diaporama dioula | Mooré Burkina Faso,dioula;moore,,other,video,.mp4,downloaded,assets/multilingual__dioula_moore/general/other/video/1076__55d8375753921cd0.mp4,10253532,102dae0c3139760911080df20ce53d71cde26d5287de0c9086faf77816c0761b,video/mp4,200,"""65942975-9c74dc""","Tue, 02 Jan 2024 15:19:17 GMT",2026-10-03T20:13:19.315274+00:00,
asset,6a461cd5f278e094,https://mooreburkina.com/sites/www.mooreburkina.com/files/media_stream/encodings/video_download_mp4_480/959-.mp4,https://mooreburkina.com/fr/dioula/videos-en-diaporama-dioula,Videos en diaporama dioula | Mooré Burkina Faso,dioula;moore,,other,video,.mp4,downloaded,assets/multilingual__dioula_moore/general/other/video/959__6a461cd5f278e094.mp4,15592711,00b84cff9c7774bb4b8bfed8d694dab29b99c2a5aaf575953cfe54b2d7fa6315,video/mp4,200,"""658ab3c9-eded07""","Tue, 26 Dec 2023 11:06:49 GMT",2026-10-03T20:13:20.146185+00:00,
asset,96ca7626706b9b95,https://mooreburkina.com/sites/www.mooreburkina.com/files/media_stream/encodings/video_download_mp4_480/962-.mp4,https://mooreburkina.com/fr/dioula/videos-en-diaporama-dioula,Videos en diaporama dioula | Mooré Burkina Faso,dioula;moore,,other,video,.mp4,downloaded,assets/multilingual__dioula_moore/general/other/video/962__96ca7626706b9b95.mp4,7401801,479a90f06579a4209617c11c951518b26b2be9372faa4e26ed1c693a996dbacf,video/mp4,200,"""6594244f-70f149""","Tue, 02 Jan 2024 14:57:19 GMT",2026-10-03T20:13:20.747971+00:00,
asset,d7206c0c6c94efe8,https://mooreburkina.com/sites/www.mooreburkina.com/files/media_stream/encodings/video_download_mp4_480/965-.mp4,https://mooreburkina.com/fr/dioula/videos-en-diaporama-dioula,Videos en diaporama dioula | Mooré Burkina Faso,dioula;moore,,other,video,.mp4,downloaded,assets/multilingual__dioula_moore/general/other/video/965__d7206c0c6c94efe8.mp4,7463495,3f80adbcc8d7d6d28d24ea6a6efa50963450775f54935a793582cd048fde0b46,video/mp4,200,"""658ab52a-71e247""","Tue, 26 Dec 2023 11:12:42 GMT",2026-10-03T20:13:21.278454+00:00,
asset,fa135db46f0ed61e,https://mooreburkina.com/sites/www.mooreburkina.com/files/media_stream/encodings/video_download_mp4_480/968-.mp4,https://mooreburkina.com/fr/dioula/videos-en-diaporama-dioula,Videos en diaporama dioula | Mooré Burkina Faso,dioula;moore,,other,video,.mp4,downloaded,assets/multilingual__dioula_moore/general/other/video/968__fa135db46f0ed61e.mp4,4923809,ab982a13632257f25333eed5ca9671cd56769eaddbff4645d7d5d0d6effc4fa1,video/mp4,200,"""658ab600-4b21a1""","Tue, 26 Dec 2023 11:16:16 GMT",2026-10-03T20:13:21.786652+00:00,
asset,94fc9e9db1ad42b8,https://mooreburkina.com/sites/www.mooreburkina.com/files/media_stream/encodings/video_download_mp4_orig_qual/1061-.mp4,https://mooreburkina.com/fr/dioula/videos-en-diaporama-dioula,Videos en diaporama dioula | Mooré Burkina Faso,dioula;moore,,other,video,.mp4,downloaded,assets/multilingual__dioula_moore/general/other/video/1061__94fc9e9db1ad42b8.mp4,26526285,774e190c5b4688c369717292b7b6bea5cc1a7ec56ac303e6fa6b52d5320f3ce7,video/mp4,200,"""659424c6-194c24d""","Tue, 02 Jan 2024 14:59:18 GMT",2026-10-03T20:13:22.943550+00:00,
asset,3f7a96777cf061e3,https://mooreburkina.com/sites/www.mooreburkina.com/files/media_stream/encodings/video_download_mp4_orig_qual/1064-.mp4,https://mooreburkina.com/fr/dioula/videos-en-diaporama-dioula,Videos en diaporama dioula | Mooré Burkina Faso,dioula;moore,,other,video,.mp4,downloaded,assets/multilingual__dioula_moore/general/other/video/1064__3f7a96777cf061e3.mp4,62583728,f4e72152269bcdf47b8dbe3788716de547ee9a4481fcf928cad7a75040fa510d,video/mp4,200,"""65942663-3baf3b0""","Tue, 02 Jan 2024 15:06:11 GMT",2026-10-03T20:13:25.041624+00:00,
asset,ce299d2353697f9a,https://mooreburkina.com/sites/www.mooreburkina.com/files/media_stream/encodings/video_download_mp4_orig_qual/1073-.mp4,https://mooreburkina.com/fr/dioula/videos-en-diaporama-dioula,Videos en diaporama dioula | Mooré Burkina Faso,dioula;moore,,other,video,.mp4,downloaded,assets/multilingual__dioula_moore/general/other/video/1073__ce299d2353697f9a.mp4,45544680,8b46b5bb2162f4f1e36835888c945ebe3e4021a232f862c9cc1addad9ea2a3a7,video/mp4,200,"""65942a83-2b6f4e8""","Tue, 02 Jan 2024 15:23:47 GMT",2026-10-03T20:13:26.753355+00:00,
asset,66c85629916997ac,https://mooreburkina.com/sites/www.mooreburkina.com/files/media_stream/encodings/video_download_mp4_orig_qual/1076-.mp4,https://mooreburkina.com/fr/dioula/videos-en-diaporama-dioula,Videos en diaporama dioula | Mooré Burkina Faso,dioula;moore,,other,video,.mp4,downloaded,assets/multilingual__dioula_moore/general/other/video/1076__66c85629916997ac.mp4,58661477,d024712230b5cb5a9c9d0f02e535b8b385449fa37a208e3668bdc32d7dd3ad98,video/mp4,200,"""65942ba1-37f1a65""","Tue, 02 Jan 2024 15:28:33 GMT",2026-10-03T20:13:28.723783+00:00,
asset,64c10af4d4796e14,https://mooreburkina.com/sites/www.mooreburkina.com/files/media_stream/encodings/video_download_mp4_orig_qual/763-.mp4,https://mooreburkina.com/fr/dioula/marcher-avec-j%C3%A9sus-1-5,Marcher avec Jésus 1 - 5 | Mooré Burkina Faso,dioula;moore,,religious,video,.mp4,downloaded,assets/multilingual__dioula_moore/general/religious/video/763__64c10af4d4796e14.mp4,73094917,cc0e353f0436bba314efd8fe9757e816b30bbe726f48723aa3f652ed44879fe3,video/mp4,200,"""64f36dc2-45b5705""","Sat, 02 Sep 2023 17:15:46 GMT",2026-10-03T20:13:31.199112+00:00,
asset,22ef6faa31f02b6f,https://mooreburkina.com/sites/www.mooreburkina.com/files/media_stream/encodings/video_download_mp4_orig_qual/766-.mp4,https://mooreburkina.com/fr/dioula/marcher-avec-j%C3%A9sus-1-5,Marcher avec Jésus 1 - 5 | Mooré Burkina Faso,dioula;moore,,religious,video,.mp4,downloaded,assets/multilingual__dioula_moore/general/religious/video/766__22ef6faa31f02b6f.mp4,138680024,7d1351fbf8ca0b3a3b95593adcfc93ae0ed1dfff0c5c5ed9e68918ecd636ae10,video/mp4,200,"""64f36ee9-84416d8""","Sat, 02 Sep 2023 17:20:41 GMT",2026-10-03T20:13:35.469144+00:00,
asset,6bd7c27c1ae92abd,https://mooreburkina.com/sites/www.mooreburkina.com/files/media_stream/encodings/video_download_mp4_orig_qual/769-.mp4,https://mooreburkina.com/fr/dioula/marcher-avec-j%C3%A9sus-1-5,Marcher avec Jésus 1 - 5 | Mooré Burkina Faso,dioula;moore,,religious,video,.mp4,downloaded,assets/multilingual__dioula_moore/general/religious/video/769__6bd7c27c1ae92abd.mp4,53372777,c12eb70b19ee89f5fb3472dad00fed5f983afbf998cff1490008d5549243d784,video/mp4,200,"""64f36eb9-32e6769""","Sat, 02 Sep 2023 17:19:53 GMT",2026-10-03T20:13:37.458631+00:00,
asset,063ae837ffd3d9de,https://mooreburkina.com/sites/www.mooreburkina.com/files/media_stream/encodings/video_download_mp4_orig_qual/772-.mp4,https://mooreburkina.com/fr/dioula/marcher-avec-j%C3%A9sus-1-5,Marcher avec Jésus 1 - 5 | Mooré Burkina Faso,dioula;moore,,religious,video,.mp4,downloaded,assets/multilingual__dioula_moore/general/religious/video/772__063ae837ffd3d9de.mp4,74783366,d873f39786ffd2498351c9cad0082f7a215c0f95bb50fd4027f8f0e4d9b10d7b,video/mp4,200,"""64f36fc1-4751a86""","Sat, 02 Sep 2023 17:24:17 GMT",2026-10-03T20:13:40.106080+00:00,
asset,f5727feb2bccba02,https://mooreburkina.com/sites/www.mooreburkina.com/files/media_stream/encodings/video_download_mp4_orig_qual/775-.mp4,https://mooreburkina.com/fr/dioula/marcher-avec-j%C3%A9sus-1-5,Marcher avec Jésus 1 - 5 | Mooré Burkina Faso,dioula;moore,,religious,video,.mp4,downloaded,assets/multilingual__dioula_moore/general/religious/video/775__f5727feb2bccba02.mp4,81627053,19e9912bc7e2db1acb78ea120907d233b39545fa10f1ae1ac5924ab210dcb250,video/mp4,200,"""64f3705e-4dd87ad""","Sat, 02 Sep 2023 17:26:54 GMT",2026-10-03T20:13:42.831357+00:00,
asset,9c3c434ea85c0dbe,https://mooreburkina.com/sites/www.mooreburkina.com/files/media_stream/encodings/video_download_mp4_orig_qual/959-.mp4,https://mooreburkina.com/fr/dioula/videos-en-diaporama-dioula,Videos en diaporama dioula | Mooré Burkina Faso,dioula;moore,,other,video,.mp4,downloaded,assets/multilingual__dioula_moore/general/other/video/959__9c3c434ea85c0dbe.mp4,102498994,7ea1314174960603ce84f6d71c6a0b1fe5ea8a9efc0e63bde0d67772e9c88b11,video/mp4,200,"""658ab5c7-61c02b2""","Tue, 26 Dec 2023 11:15:19 GMT",2026-10-03T20:13:46.182788+00:00,
asset,7e9bb124fc474cfc,https://mooreburkina.com/sites/www.mooreburkina.com/files/media_stream/encodings/video_download_mp4_orig_qual/962-.mp4,https://mooreburkina.com/fr/dioula/videos-en-diaporama-dioula,Videos en diaporama dioula | Mooré Burkina Faso,dioula;moore,,other,video,.mp4,downloaded,assets/multilingual__dioula_moore/general/other/video/962__7e9bb124fc474cfc.mp4,55892285,2b467a731432d354ce2757d820382818a5eefb46696849d5c77100625e2b31a7,video/mp4,200,"""659426ee-354d93d""","Tue, 02 Jan 2024 15:08:30 GMT",2026-10-03T20:13:48.213366+00:00,
asset,e145fe0f41c70dc2,https://mooreburkina.com/sites/www.mooreburkina.com/files/media_stream/encodings/video_download_mp4_orig_qual/965-.mp4,https://mooreburkina.com/fr/dioula/videos-en-diaporama-dioula,Videos en diaporama dioula | Mooré Burkina Faso,dioula;moore,,other,video,.mp4,downloaded,assets/multilingual__dioula_moore/general/other/video/965__e145fe0f41c70dc2.mp4,50082344,6c639aac638f408dc793851a6cd56810d976259cf81186224c23088f5820ba48,video/mp4,200,"""658ab728-2fc3228""","Tue, 26 Dec 2023 11:21:12 GMT",2026-10-03T20:13:50.109900+00:00,
asset,e0659ae27098c558,https://mooreburkina.com/sites/www.mooreburkina.com/files/media_stream/encodings/video_download_mp4_orig_qual/968-.mp4,https://mooreburkina.com/fr/dioula/videos-en-diaporama-dioula,Videos en diaporama dioula | Mooré Burkina Faso,dioula;moore,,other,video,.mp4,downloaded,assets/multilingual__dioula_moore/general/other/video/968__e0659ae27098c558.mp4,32507425,e59019b8617e224052c34ecc1f8e1030b7ae0b5033d54394200443d14b218e26,video/mp4,200,"""658ab6e3-1f00621""","Tue, 26 Dec 2023 11:20:03 GMT",2026-10-03T20:13:51.468919+00:00,
asset,e274cacfbd9e87ae,https://mooreburkina.com/sites/www.mooreburkina.com/files/styles/max_750x750/public/pdf-files/03%20Dictionnaire%20Fulfulde%20-%20fran%C3%A7ais%20-%20English%20PT.jpg.webp?itok=1yOIVTzi,https://mooreburkina.com/fr/fulfulde/documents-pdf-fulfulde,Documents pdf Fulfulde | Mooré Burkina Faso,english;french;fulfulde;moore,fulfulde_gurmaare;fulfulde_jelgoore;fulfulde_moosiire;fulfulde_yaagaare,book_document,image,.webp,downloaded,assets/multilingual__english_french_fulfulde_moore/multi_variant__fulfulde_gurmaare_fulfulde_jelgoore_fulfulde_moosiire_fulfulde_yaagaare/book_document/image/03_dictionnaire_fulfulde_-_francais_-_english_pt.jpg__e274cacfbd9e87ae.webp,9378,b4702ecdc66bb9297109ec955c71736524ef3b86a872dcfed21672d32513518f,image/webp,200,"""69ba055b-24a2""","Wed, 18 Mar 2026 01:52:27 GMT",2026-10-03T20:13:51.850494+00:00,
asset,075bdcb0b27a569f,https://mooreburkina.com/sites/www.mooreburkina.com/files/styles/max_750x750/public/pdf-files/Dictionnaire%20Fulfulde%20-%20fran%C3%A7ais%20-%20english%20et%20images1.jpg.webp?itok=O7YebxfQ,https://mooreburkina.com/fr/fulfulde/documents-pdf-fulfulde,Documents pdf Fulfulde | Mooré Burkina Faso,english;french;fulfulde;moore,fulfulde_gurmaare;fulfulde_jelgoore;fulfulde_moosiire;fulfulde_yaagaare,book_document,image,.webp,downloaded,assets/multilingual__english_french_fulfulde_moore/multi_variant__fulfulde_gurmaare_fulfulde_jelgoore_fulfulde_moosiire_fulfulde_yaagaare/book_document/image/dictionnaire_fulfulde_-_francais_-_english_et_images1.jpg__075bdcb0b27a569f.webp,74556,472326c24c62f9fe0812d450085232a9d150a440e22776b80f04c0e1e75b5681,image/webp,200,"""69ba0585-1233c""","Wed, 18 Mar 2026 01:53:09 GMT",2026-10-03T20:13:52.233149+00:00,
asset,0592192efdfa8648,https://mooreburkina.com/sites/www.mooreburkina.com/files/pdf-files/03%20Dictionnaire%20fulfulde%20-%20francais%20%20English.pdf,https://mooreburkina.com/fr/fulfulde/documents-pdf-fulfulde,Documents pdf Fulfulde | Mooré Burkina Faso,english;french;fulfulde;moore,fulfulde_gurmaare;fulfulde_jelgoore;fulfulde_moosiire;fulfulde_yaagaare,dictionary,pdf,.pdf,downloaded,assets/multilingual__english_french_fulfulde_moore/multi_variant__fulfulde_gurmaare_fulfulde_jelgoore_fulfulde_moosiire_fulfulde_yaagaare/dictionary/pdf/03_dictionnaire_fulfulde_-_francais_english__0592192efdfa8648.pdf,9377199,cb137bc6708238416d4e967ef1642c3c72a7799b77fb860a8eef767c524431b3,application/pdf,200,"""5e6f759d-8f15af""","Mon, 16 Mar 2020 12:48:29 GMT",2026-10-03T20:13:52.969426+00:00,
asset,766f066372a4dd25,https://mooreburkina.com/sites/www.mooreburkina.com/files/pdf-files/1%20Fulfulde%20Lexique%20Elev%20et%20Agric.pdf,https://mooreburkina.com/fr/fulfulde/documents-pdf-fulfulde,Documents pdf Fulfulde | Mooré Burkina Faso,english;french;fulfulde;moore,fulfulde_gurmaare;fulfulde_jelgoore;fulfulde_moosiire;fulfulde_yaagaare,dictionary,pdf,.pdf,downloaded,assets/multilingual__english_french_fulfulde_moore/multi_variant__fulfulde_gurmaare_fulfulde_jelgoore_fulfulde_moosiire_fulfulde_yaagaare/dictionary/pdf/1_fulfulde_lexique_elev_et_agric__766f066372a4dd25.pdf,3138441,8e23d1540d7a565d83f654b9c4ab206df76af80947fd2c2f18b6f1e667960973,application/pdf,200,"""5e6c9ab6-2fe389""","Sat, 14 Mar 2020 08:49:58 GMT",2026-10-03T20:13:53.392663+00:00,
asset,a4b7ef8be3c10a85,https://mooreburkina.com/sites/www.mooreburkina.com/files/pdf-files/2%20fulfulde%20Lexique%20animaux.pdf,https://mooreburkina.com/fr/fulfulde/documents-pdf-fulfulde,Documents pdf Fulfulde | Mooré Burkina Faso,english;french;fulfulde;moore,fulfulde_gurmaare;fulfulde_jelgoore;fulfulde_moosiire;fulfulde_yaagaare,dictionary,pdf,.pdf,downloaded,assets/multilingual__english_french_fulfulde_moore/multi_variant__fulfulde_gurmaare_fulfulde_jelgoore_fulfulde_moosiire_fulfulde_yaagaare/dictionary/pdf/2_fulfulde_lexique_animaux__a4b7ef8be3c10a85.pdf,4784959,60a3f03a9ac2966baefbad8a5f9ef553d6c142d6ff2abd3d2debf8a0744ccea6,application/pdf,200,"""5e6cf1b5-49033f""","Sat, 14 Mar 2020 15:01:09 GMT",2026-10-03T20:13:53.901367+00:00,
asset,1fc7953d1fde3944,https://mooreburkina.com/sites/www.mooreburkina.com/files/pdf-files/3%20Fulfulde%20Lexique%20Corps.pdf,https://mooreburkina.com/fr/fulfulde/documents-pdf-fulfulde,Documents pdf Fulfulde | Mooré Burkina Faso,english;french;fulfulde;moore,fulfulde_gurmaare;fulfulde_jelgoore;fulfulde_moosiire;fulfulde_yaagaare,dictionary,pdf,.pdf,downloaded,assets/multilingual__english_french_fulfulde_moore/multi_variant__fulfulde_gurmaare_fulfulde_jelgoore_fulfulde_moosiire_fulfulde_yaagaare/dictionary/pdf/3_fulfulde_lexique_corps__1fc7953d1fde3944.pdf,2030252,35312b542987542120de57c25708f624b5a9324677697fe37c74009ff2d1a03f,application/pdf,200,"""5e6cf1c8-1efaac""","Sat, 14 Mar 2020 15:01:28 GMT",2026-10-03T20:13:54.309492+00:00,
asset,c639c95757976d97,https://mooreburkina.com/sites/www.mooreburkina.com/files/pdf-files/4%20Fulfulde%20Lexique%20maladies.pdf,https://mooreburkina.com/fr/fulfulde/documents-pdf-fulfulde,Documents pdf Fulfulde | Mooré Burkina Faso,english;french;fulfulde;moore,fulfulde_gurmaare;fulfulde_jelgoore;fulfulde_moosiire;fulfulde_yaagaare,dictionary,pdf,.pdf,downloaded,assets/multilingual__english_french_fulfulde_moore/multi_variant__fulfulde_gurmaare_fulfulde_jelgoore_fulfulde_moosiire_fulfulde_yaagaare/dictionary/pdf/4_fulfulde_lexique_maladies__c639c95757976d97.pdf,1527005,bd06378e55be30117d026c9bad323df50ebbd09b8b62e4e91c7474031154bf7a,application/pdf,200,"""5e6cf1da-174cdd""","Sat, 14 Mar 2020 15:01:46 GMT",2026-10-03T20:13:54.711929+00:00,
asset,0ee0bee72da5b8d2,https://mooreburkina.com/sites/www.mooreburkina.com/files/pdf-files/5%20fulfulde%20Lexique%20nourriture.pdf,https://mooreburkina.com/fr/fulfulde/documents-pdf-fulfulde,Documents pdf Fulfulde | Mooré Burkina Faso,english;french;fulfulde;moore,fulfulde_gurmaare;fulfulde_jelgoore;fulfulde_moosiire;fulfulde_yaagaare,dictionary,pdf,.pdf,downloaded,assets/multilingual__english_french_fulfulde_moore/multi_variant__fulfulde_gurmaare_fulfulde_jelgoore_fulfulde_moosiire_fulfulde_yaagaare/dictionary/pdf/5_fulfulde_lexique_nourriture__0ee0bee72da5b8d2.pdf,2205700,1118a2420ab73f91eadc76d4db23727fa65b398208c017da76f4d48532eb3a14,application/pdf,200,"""5e6cf1ea-21a804""","Sat, 14 Mar 2020 15:02:02 GMT",2026-10-03T20:13:55.203394+00:00,
asset,774f1c0a1adb3b28,https://mooreburkina.com/sites/www.mooreburkina.com/files/pdf-files/6%20Fulfulde%20Lexique%20Plantes.pdf,https://mooreburkina.com/fr/fulfulde/documents-pdf-fulfulde,Documents pdf Fulfulde | Mooré Burkina Faso,english;french;fulfulde;moore,fulfulde_gurmaare;fulfulde_jelgoore;fulfulde_moosiire;fulfulde_yaagaare,dictionary,pdf,.pdf,downloaded,assets/multilingual__english_french_fulfulde_moore/multi_variant__fulfulde_gurmaare_fulfulde_jelgoore_fulfulde_moosiire_fulfulde_yaagaare/dictionary/pdf/6_fulfulde_lexique_plantes__774f1c0a1adb3b28.pdf,4327873,a41557833a43c941cbc4d8bdcbe1da1d8705df3b06f23910613aba22e1eca110,application/pdf,200,"""5e6cf1fb-4209c1""","Sat, 14 Mar 2020 15:02:19 GMT",2026-10-03T20:13:55.734080+00:00,
asset,a9e6e3ff56ece0ea,https://mooreburkina.com/sites/www.mooreburkina.com/files/pdf-files/Dictionnaire%20Fulfulde%20-%20fran%C3%A7ais%20-%20english%20et%20images.pdf,https://mooreburkina.com/fr/fulfulde/documents-pdf-fulfulde,Documents pdf Fulfulde | Mooré Burkina Faso,english;french;fulfulde;moore,fulfulde_gurmaare;fulfulde_jelgoore;fulfulde_moosiire;fulfulde_yaagaare,dictionary,pdf,.pdf,downloaded,assets/multilingual__english_french_fulfulde_moore/multi_variant__fulfulde_gurmaare_fulfulde_jelgoore_fulfulde_moosiire_fulfulde_yaagaare/dictionary/pdf/dictionnaire_fulfulde_-_francais_-_english_et_images__a9e6e3ff56ece0ea.pdf,26002569,a61099ba7f18b781c8cb3e7fbe8299b27c1375248682f0d7789306fe0cd5e4b3,application/pdf,200,"""60015167-18cc489""","Fri, 15 Jan 2021 08:25:11 GMT",2026-10-03T20:13:56.820567+00:00,
asset,54c482cfe12ecb5f,https://mooreburkina.com/sites/www.mooreburkina.com/files/styles/max_750x750/public/2024-09/African%20Proverbs%20English%20Play%20Store.jpg.webp?itok=Hz5Gcbmw,https://mooreburkina.com/fr/fran%C3%A7ais-applications,Français applications | Mooré Burkina Faso,english;french;moore,,app,image,.webp,downloaded,assets/multilingual__english_french_moore/general/app/image/african_proverbs_english_play_store.jpg__54c482cfe12ecb5f.webp,107206,f698a99a2bdc6b5dd3932ea75d8a26a2bc37188174767c686ae06c1f1a4508f2,image/webp,200,"""69ba09c0-1a2c6""","Wed, 18 Mar 2026 02:11:12 GMT",2026-10-03T20:13:57.210202+00:00,
asset,0ed7aa87ddb82e34,https://mooreburkina.com/sites/www.mooreburkina.com/files/styles/max_750x750/public/2024-09/Dons%20spirituels%20English%20Play%20Store.jpg.webp?itok=hd5z-m75,https://mooreburkina.com/fr/fran%C3%A7ais-applications,Français applications | Mooré Burkina Faso,english;french;moore,,app,image,.webp,downloaded,assets/multilingual__english_french_moore/general/app/image/dons_spirituels_english_play_store.jpg__0ed7aa87ddb82e34.webp,109924,dea154557505b7d48f043b0a4dc43332412ac9a5f6a5264a8ab12c52be10abf3,image/webp,200,"""69ba0ab4-1ad64""","Wed, 18 Mar 2026 02:15:16 GMT",2026-10-03T20:13:57.592265+00:00,
asset,911c32151228b487,https://mooreburkina.com/sites/www.mooreburkina.com/files/styles/max_750x750/public/2024-09/Excision%20English%20Play%20Store.jpg.webp?itok=J8746CPy,https://mooreburkina.com/fr/fran%C3%A7ais-applications,Français applications | Mooré Burkina Faso,english;french;moore,,app,image,.webp,downloaded,assets/multilingual__english_french_moore/general/app/image/excision_english_play_store.jpg__911c32151228b487.webp,110012,519d38db91a63d35ead8f357c51993c7001ce5ed626f52d81657541574a10ec9,image/webp,200,"""69ba09a1-1adbc""","Wed, 18 Mar 2026 02:10:41 GMT",2026-10-03T20:13:57.979588+00:00,
asset,18a2ca1a2c115820,https://mooreburkina.com/sites/www.mooreburkina.com/files/styles/max_750x750/public/2024-09/Paradise%20English%20Play%20Store.jpg.webp?itok=zGP68uYG,https://mooreburkina.com/fr/fran%C3%A7ais-applications,Français applications | Mooré Burkina Faso,english;french;moore,,app,image,.webp,downloaded,assets/multilingual__english_french_moore/general/app/image/paradise_english_play_store.jpg__18a2ca1a2c115820.webp,107492,14457c85adcc4f9129a52a28582afa0b421033517bd9106a7fe794200633141d,image/webp,200,"""69ba09a1-1a3e4""","Wed, 18 Mar 2026 02:10:41 GMT",2026-10-03T20:13:58.362807+00:00,
asset,81ba68ec27324918,https://mooreburkina.com/sites/www.mooreburkina.com/files/styles/max_750x750/public/pdf-files/Agric%20et%20Elevage%20Moore%20-%20fran%C3%A7ais%20-%20anglais.jpg.webp?itok=IZDziqJU,https://mooreburkina.com/fr/livres-en-moor%C3%A9/t%C3%A9l%C3%A9charger-pdf,Télécharger des livres en mooré pdf | Mooré Burkina Faso,english;french;moore,,book_document,image,.webp,downloaded,assets/multilingual__english_french_moore/general/book_document/image/agric_et_elevage_moore_-_francais_-_anglais.jpg__81ba68ec27324918.webp,41774,90dbaefdb443770d6be0a2946c09bba167f3ef24c0ac1b564b6c458d58335317,image/webp,200,"""69ba1404-a32e""","Wed, 18 Mar 2026 02:55:00 GMT",2026-10-03T20:13:58.756746+00:00,
asset,72c1467fa5c4f2fb,https://mooreburkina.com/sites/www.mooreburkina.com/files/styles/max_750x750/public/pdf-files/Animaux%20en%20Moore%20-%20fran%C3%A7ais%20-%20anglais.jpg.webp?itok=LMrQdHl9,https://mooreburkina.com/fr/livres-en-moor%C3%A9/t%C3%A9l%C3%A9charger-pdf,Télécharger des livres en mooré pdf | Mooré Burkina Faso,english;french;moore,,book_document,image,.webp,downloaded,assets/multilingual__english_french_moore/general/book_document/image/animaux_en_moore_-_francais_-_anglais.jpg__72c1467fa5c4f2fb.webp,38366,351f76fd54014e562ee67c09078a87c81ae28c949030c72fac95cb2718010779,image/webp,200,"""69ba1404-95de""","Wed, 18 Mar 2026 02:55:00 GMT",2026-10-03T20:13:59.143119+00:00,
asset,0254ccf3c2d48e63,https://mooreburkina.com/sites/www.mooreburkina.com/files/styles/max_750x750/public/pdf-files/Dictionnaire%20Moore%20-%20fran%C3%A7ais%20-%20English%20avec%20images1.jpg.webp?itok=h7Z27FSP,https://mooreburkina.com/fr/livres-en-moor%C3%A9/t%C3%A9l%C3%A9charger-pdf,Télécharger des livres en mooré pdf | Mooré Burkina Faso,english;french;moore,,book_document,image,.webp,downloaded,assets/multilingual__english_french_moore/general/book_document/image/dictionnaire_moore_-_francais_-_english_avec_images1.jpg__0254ccf3c2d48e63.webp,72402,653873237027a1bd4006671184094881e2a6830a750326a62ae70e9b5a57d9a9,image/webp,200,"""69ba1404-11ad2""","Wed, 18 Mar 2026 02:55:00 GMT",2026-10-03T20:13:59.638390+00:00,
asset,4da2d6ebfd6d626c,https://mooreburkina.com/sites/www.mooreburkina.com/files/styles/max_750x750/public/pdf-files/Noms%20de%20maladies%20Moore%20-%20fran%C3%A7ais%20-%20anglais.jpg.webp?itok=WEZZnq9m,https://mooreburkina.com/fr/livres-en-moor%C3%A9/t%C3%A9l%C3%A9charger-pdf,Télécharger des livres en mooré pdf | Mooré Burkina Faso,english;french;moore,,book_document,image,.webp,downloaded,assets/multilingual__english_french_moore/general/book_document/image/noms_de_maladies_moore_-_francais_-_anglais.jpg__4da2d6ebfd6d626c.webp,28886,3959aaf4bb64d287c664a67a441da4f12d08100fe7124881d009d07564833929,image/webp,200,"""69ba1404-70d6""","Wed, 18 Mar 2026 02:55:00 GMT",2026-10-03T20:14:00.021456+00:00,
asset,c49309a90804726d,https://mooreburkina.com/sites/www.mooreburkina.com/files/styles/max_750x750/public/pdf-files/Nourriture%20moor%C3%A9-%20fran%C3%A7ais%20-%20anglais.jpg.webp?itok=N16xVo6S,https://mooreburkina.com/fr/livres-en-moor%C3%A9/t%C3%A9l%C3%A9charger-pdf,Télécharger des livres en mooré pdf | Mooré Burkina Faso,english;french;moore,,book_document,image,.webp,downloaded,assets/multilingual__english_french_moore/general/book_document/image/nourriture_moore-_francais_-_anglais.jpg__c49309a90804726d.webp,35800,52c39cff37dff6dcd50df4cc094172d8c10d2c85dd9a1152a5c4e53f75d1bf5f,image/webp,200,"""69ba1404-8bd8""","Wed, 18 Mar 2026 02:55:00 GMT",2026-10-03T20:14:00.501763+00:00,
asset,c568e218dade5815,https://mooreburkina.com/sites/www.mooreburkina.com/files/styles/max_750x750/public/pdf-files/Plantes%20en%20moor%C3%A9%20-%20fran%C3%A7ais%20-anglais.jpg.webp?itok=Xe5NWUFg,https://mooreburkina.com/fr/livres-en-moor%C3%A9/t%C3%A9l%C3%A9charger-pdf,Télécharger des livres en mooré pdf | Mooré Burkina Faso,english;french;moore,,book_document,image,.webp,downloaded,assets/multilingual__english_french_moore/general/book_document/image/plantes_en_moore_-_francais_-anglais.jpg__c568e218dade5815.webp,44230,6df89b5816cc037bb6ef8167c65bd60e71ba0e928aaffeee0568e61136959ec3,image/webp,200,"""69ba1404-acc6""","Wed, 18 Mar 2026 02:55:00 GMT",2026-10-03T20:14:00.982319+00:00,
asset,e0deeba862982496,https://mooreburkina.com/sites/www.mooreburkina.com/files/pdf-files/01%20Dictionnaire%20Moor%C3%A9%20-%20%20fran%C3%A7ais%20-%20English.pdf,https://mooreburkina.com/fr/livres-en-moor%C3%A9/t%C3%A9l%C3%A9charger-pdf,Télécharger des livres en mooré pdf | Mooré Burkina Faso,english;french;moore,,dictionary,pdf,.pdf,downloaded,assets/multilingual__english_french_moore/general/dictionary/pdf/01_dictionnaire_moore_-_francais_-_english__e0deeba862982496.pdf,5736070,bb95a668571fddc2257a57b09e75fae8cc5ffe4575b5de173364ee07a9f6082d,application/pdf,200,"""5e6f8d54-578686""","Mon, 16 Mar 2020 14:29:40 GMT",2026-10-03T20:14:02.048748+00:00,
asset,abaad52e2974af1e,https://mooreburkina.com/sites/www.mooreburkina.com/files/pdf-files/Agric%20et%20Elevage%20Moore%20-%20fran%C3%A7ais%20-%20anglais.pdf,https://mooreburkina.com/fr/livres-en-moor%C3%A9/t%C3%A9l%C3%A9charger-pdf,Télécharger des livres en mooré pdf | Mooré Burkina Faso,english;french;moore,,dictionary,pdf,.pdf,downloaded,assets/multilingual__english_french_moore/general/dictionary/pdf/agric_et_elevage_moore_-_francais_-_anglais__abaad52e2974af1e.pdf,2823089,47a33dd4cdced8fe42ba1d6647685bedbeab26110b7330d37824f4daab5a18c3,application/pdf,200,"""5e5ce26f-2b13b1""","Mon, 02 Mar 2020 10:39:43 GMT",2026-10-03T20:14:02.459821+00:00,
asset,031975f4c1156300,https://mooreburkina.com/sites/www.mooreburkina.com/files/pdf-files/Animaux%20en%20Moore%20-%20fran%C3%A7ais%20-%20anglais.pdf,https://mooreburkina.com/fr/livres-en-moor%C3%A9/t%C3%A9l%C3%A9charger-pdf,Télécharger des livres en mooré pdf | Mooré Burkina Faso,english;french;moore,,dictionary,pdf,.pdf,downloaded,assets/multilingual__english_french_moore/general/dictionary/pdf/animaux_en_moore_-_francais_-_anglais__031975f4c1156300.pdf,5366011,957a0169e366ca1c1da5980af935d2a621a5e9db8c512da0f2bed4f96c24dd35,application/pdf,200,"""5e5ce270-51e0fb""","Mon, 02 Mar 2020 10:39:44 GMT",2026-10-03T20:14:02.969375+00:00,
asset,b72e86e56b6ef93c,https://mooreburkina.com/sites/www.mooreburkina.com/files/pdf-files/Dictionnaire%20Moor%C3%A9%20-%20%20fran%C3%A7ais%20-%20English.pdf,https://mooreburkina.com/fr/livres-en-moor%C3%A9/t%C3%A9l%C3%A9charger-pdf,Télécharger des livres en mooré pdf | Mooré Burkina Faso,english;french;moore,,dictionary,pdf,.pdf,downloaded,assets/multilingual__english_french_moore/general/dictionary/pdf/dictionnaire_moore_-_francais_-_english__b72e86e56b6ef93c.pdf,5858506,f94721e5752683073d94d27ef730376b41c0c833ffbd06fd719783788580735c,application/pdf,200,"""5e4f1818-5964ca""","Thu, 20 Feb 2020 23:36:56 GMT",2026-10-03T20:14:03.483513+00:00,
asset,88e280a1a44e88fc,https://mooreburkina.com/sites/www.mooreburkina.com/files/pdf-files/Noms%20de%20maladies%20Moore%20-%20fran%C3%A7ais%20-%20anglais.pdf,https://mooreburkina.com/fr/livres-en-moor%C3%A9/t%C3%A9l%C3%A9charger-pdf,Télécharger des livres en mooré pdf | Mooré Burkina Faso,english;french;moore,,dictionary,pdf,.pdf,downloaded,assets/multilingual__english_french_moore/general/dictionary/pdf/noms_de_maladies_moore_-_francais_-_anglais__88e280a1a44e88fc.pdf,1748358,a0a2ab0e9f3fde5c6f74060de977b1da38330d12b1385c6f9b4b3d3a23e748bb,application/pdf,200,"""5e5ce271-1aad86""","Mon, 02 Mar 2020 10:39:45 GMT",2026-10-03T20:14:03.888139+00:00,
asset,e029ff7c66d5c50d,https://mooreburkina.com/sites/www.mooreburkina.com/files/pdf-files/Nourriture%20moor%C3%A9-%20fran%C3%A7ais%20-%20anglais.pdf,https://mooreburkina.com/fr/livres-en-moor%C3%A9/t%C3%A9l%C3%A9charger-pdf,Télécharger des livres en mooré pdf | Mooré Burkina Faso,english;french;moore,,dictionary,pdf,.pdf,downloaded,assets/multilingual__english_french_moore/general/dictionary/pdf/nourriture_moore-_francais_-_anglais__e029ff7c66d5c50d.pdf,2468393,df2ea6844530ce8e290b1cc80e750b6862f731580f136848aa3e36b1fc146a2b,application/pdf,200,"""5e5eb7c8-25aa29""","Tue, 03 Mar 2020 20:02:16 GMT",2026-10-03T20:14:04.445762+00:00,
asset,72b38cd321cc3ad3,https://mooreburkina.com/sites/www.mooreburkina.com/files/pdf-files/Parties%20du%20corps%20en%20moor%C3%A9.pdf,https://mooreburkina.com/fr/livres-en-moor%C3%A9/t%C3%A9l%C3%A9charger-pdf,Télécharger des livres en mooré pdf | Mooré Burkina Faso,english;french;moore,,dictionary,pdf,.pdf,downloaded,assets/multilingual__english_french_moore/general/dictionary/pdf/parties_du_corps_en_moore__72b38cd321cc3ad3.pdf,2199699,1a7b1f1f79e5fb87b5d5b23d18ae60c568744efaf2de196ae8c98bb6aac95bea,application/pdf,200,"""5e5ce272-219093""","Mon, 02 Mar 2020 10:39:46 GMT",2026-10-03T20:14:04.855694+00:00,
asset,38855f044bff4032,https://mooreburkina.com/sites/www.mooreburkina.com/files/pdf-files/Plantes%20en%20moor%C3%A9%20-%20fran%C3%A7ais%20-anglais.pdf,https://mooreburkina.com/fr/livres-en-moor%C3%A9/t%C3%A9l%C3%A9charger-pdf,Télécharger des livres en mooré pdf | Mooré Burkina Faso,english;french;moore,,dictionary,pdf,.pdf,downloaded,assets/multilingual__english_french_moore/general/dictionary/pdf/plantes_en_moore_-_francais_-anglais__38855f044bff4032.pdf,9985338,50cc8f60c2e4c4f7af7fc4ec9d7f826590f62a890696c3f24b31a65ea4b8962a,application/pdf,200,"""5e5ce26f-985d3a""","Mon, 02 Mar 2020 10:39:43 GMT",2026-10-03T20:14:05.560773+00:00,
asset,f0c9e68e7ef65cbe,https://mooreburkina.com/sites/www.mooreburkina.com/files/styles/max_750x750/public/pdf-files/03%20Index%20English%20-%20Fulfulde%20PT.JPG.webp?itok=2xkSfPGQ,https://mooreburkina.com/fr/fulfulde/documents-pdf-fulfulde,Documents pdf Fulfulde | Mooré Burkina Faso,english;fulfulde;moore,fulfulde_gurmaare;fulfulde_jelgoore;fulfulde_moosiire;fulfulde_yaagaare,book_document,image,.webp,downloaded,assets/multilingual__english_fulfulde_moore/multi_variant__fulfulde_gurmaare_fulfulde_jelgoore_fulfulde_moosiire_fulfulde_yaagaare/book_document/image/03_index_english_-_fulfulde_pt.jpg__f0c9e68e7ef65cbe.webp,3550,ce62e447558dee24cfc11e9b87e5dad5b766ecfcdfee2896f0c9c82ee0b3effa,image/webp,200,"""69ba060c-dde""","Wed, 18 Mar 2026 01:55:24 GMT",2026-10-03T20:14:05.942027+00:00,
asset,e4c9c8a683c35dd8,https://mooreburkina.com/sites/www.mooreburkina.com/files/pdf-files/03%20Fulfulde%20-%20Index%20%28anglais%29.pdf,https://mooreburkina.com/fr/fulfulde/documents-pdf-fulfulde,Documents pdf Fulfulde | Mooré Burkina Faso,english;fulfulde;moore,fulfulde_gurmaare;fulfulde_jelgoore;fulfulde_moosiire;fulfulde_yaagaare,dictionary,pdf,.pdf,downloaded,assets/multilingual__english_fulfulde_moore/multi_variant__fulfulde_gurmaare_fulfulde_jelgoore_fulfulde_moosiire_fulfulde_yaagaare/dictionary/pdf/03_fulfulde_-_index_anglais__e4c9c8a683c35dd8.pdf,3048673,b6105ef158f4f890eac867f9f8f54981da5daa92ba9bb7c93008214c0512389b,application/pdf,200,"""5e6f759d-2e84e1""","Mon, 16 Mar 2020 12:48:29 GMT",2026-10-03T20:14:06.434868+00:00,
asset,8db4de76dbd8857a,https://mooreburkina.com/sites/www.mooreburkina.com/files/styles/max_750x750/public/2023-06/dagbani%20dictionary.jpg.webp?itok=g__szUXG,https://mooreburkina.com/fr/dictionnaire-moor%C3%A9/aplications-de-dictionnaires-pour-ordinateur,Applications de dictionnaires | Mooré Burkina Faso,english;moore,,dictionary,image,.webp,downloaded,assets/multilingual__english_moore/general/dictionary/image/dagbani_dictionary.jpg__8db4de76dbd8857a.webp,27262,8ed751ac548c13579c912166d77f1a924b87f45e6a80f14f45b8027b6a799429,image/webp,200,"""69b9eed9-6a7e""","Wed, 18 Mar 2026 00:16:25 GMT",2026-10-03T20:14:06.818673+00:00,
asset,31e8551c6433b27e,https://mooreburkina.com/sites/www.mooreburkina.com/files/styles/max_750x750/public/2023-06/dictionary%20Gurene.jpg.webp?itok=5FCdATcP,https://mooreburkina.com/fr/dictionnaire-moor%C3%A9/aplications-de-dictionnaires-pour-ordinateur,Applications de dictionnaires | Mooré Burkina Faso,english;moore,,dictionary,image,.webp,downloaded,assets/multilingual__english_moore/general/dictionary/image/dictionary_gurene.jpg__31e8551c6433b27e.webp,40012,9c52560b3c70dfb11a8e21e37e0807662c1422e69da42ff0426f8c4802a1ace7,image/webp,200,"""69b9eed9-9c4c""","Wed, 18 Mar 2026 00:16:25 GMT",2026-10-03T20:14:07.202532+00:00,
asset,af0096b2a3d6c764,https://mooreburkina.com/sites/www.mooreburkina.com/files/styles/max_750x750/public/2023-06/dictionnaire%20Buli.jpg.webp?itok=_iAbUFjN,https://mooreburkina.com/fr/dictionnaire-moor%C3%A9/aplications-de-dictionnaires-pour-ordinateur,Applications de dictionnaires | Mooré Burkina Faso,english;moore,,dictionary,image,.webp,downloaded,assets/multilingual__english_moore/general/dictionary/image/dictionnaire_buli.jpg__af0096b2a3d6c764.webp,31622,caa9732af77be4c8a556a9f9eab1b3935cc8534ac935d3a7a67041ef8798a263,image/webp,200,"""69b9eed9-7b86""","Wed, 18 Mar 2026 00:16:25 GMT",2026-10-03T20:14:07.586789+00:00,
asset,a3fe0fa2d3adbea6,https://mooreburkina.com/sites/www.mooreburkina.com/files/styles/max_750x750/public/2024-01/Mampruli%20-%20English%20dictionary2.jpg.webp?itok=1Zdya39s,https://mooreburkina.com/fr/dictionnaire-moor%C3%A9/aplications-de-dictionnaires-pour-ordinateur,Applications de dictionnaires | Mooré Burkina Faso,english;moore,,dictionary,image,.webp,downloaded,assets/multilingual__english_moore/general/dictionary/image/mampruli_-_english_dictionary2.jpg__a3fe0fa2d3adbea6.webp,45648,cb06a8da24fb6ff72b67798cb400cd11e21d00a919baf9947c90e86c9c1e5994,image/webp,200,"""69b9eed9-b250""","Wed, 18 Mar 2026 00:16:25 GMT",2026-10-03T20:14:07.971848+00:00,
asset,b6a439f059188915,https://mooreburkina.com/sites/www.mooreburkina.com/files/styles/max_750x750/public/2024-11/dictionary%20Bamanan%20English.jpg.webp?itok=QUi4uqwi,https://mooreburkina.com/fr/dictionnaire-moor%C3%A9/aplications-de-dictionnaires-pour-ordinateur,Applications de dictionnaires | Mooré Burkina Faso,english;moore,,dictionary,image,.webp,downloaded,assets/multilingual__english_moore/general/dictionary/image/dictionary_bamanan_english.jpg__b6a439f059188915.webp,43496,762b54ff31f17a2e386477dbdc749a9bdb8297fee5c592954431c084aa12a37a,image/webp,200,"""69b9eed9-a9e8""","Wed, 18 Mar 2026 00:16:25 GMT",2026-10-03T20:14:08.362739+00:00,
asset,366d57a15c50a752,https://mooreburkina.com/sites/www.mooreburkina.com/files/styles/max_750x750/public/pdf-files/01%20index%20English-moore%20F%C3%A9vrier%202020%20klein.jpg.webp?itok=B2fhd4Et,https://mooreburkina.com/fr/livres-en-moor%C3%A9/t%C3%A9l%C3%A9charger-pdf,Télécharger des livres en mooré pdf | Mooré Burkina Faso,english;moore,,book_document,image,.webp,downloaded,assets/multilingual__english_moore/general/book_document/image/01_index_english-moore_fevrier_2020_klein.jpg__366d57a15c50a752.webp,3534,85e736da4fc795da395bb53cd183d56bee989f2f030e8ec771365987b07a64db,image/webp,200,"""69ba1404-dce""","Wed, 18 Mar 2026 02:55:00 GMT",2026-10-03T20:14:08.747840+00:00,
asset,8524083506e8d59c,https://mooreburkina.com/sites/www.mooreburkina.com/files/pdf-files/01%20Moore%20-%20Index%20%28anglais%29.pdf,https://mooreburkina.com/fr/livres-en-moor%C3%A9/t%C3%A9l%C3%A9charger-pdf,Télécharger des livres en mooré pdf | Mooré Burkina Faso,english;moore,,book_document,pdf,.pdf,downloaded,assets/multilingual__english_moore/general/book_document/pdf/01_moore_-_index_anglais__8524083506e8d59c.pdf,2003665,fd5f47e8120244d7784cc8dbcde510d67ce15a1e34ee07864842d0058d0559e8,application/pdf,200,"""5e6f8d6b-1e92d1""","Mon, 16 Mar 2020 14:30:03 GMT",2026-10-03T20:14:09.635095+00:00,
asset,d6e21ad2149abec6,https://mooreburkina.com/sites/www.mooreburkina.com/files/pdf-files/Moore%20-%20Index%20%28anglais%29.pdf,https://mooreburkina.com/fr/livres-en-moor%C3%A9/t%C3%A9l%C3%A9charger-pdf,Télécharger des livres en mooré pdf | Mooré Burkina Faso,english;moore,,book_document,pdf,.pdf,downloaded,assets/multilingual__english_moore/general/book_document/pdf/moore_-_index_anglais__d6e21ad2149abec6.pdf,2003818,fc8db19d913d888037aec5b96094ee3c5866ae4a059e5e2c4a1baf84d5718f56,application/pdf,200,"""5e4f1818-1e936a""","Thu, 20 Feb 2020 23:36:56 GMT",2026-10-03T20:14:10.127453+00:00,
asset,2e2643d841f669e5,https://mooreburkina.com/sites/www.mooreburkina.com/files/styles/max_750x750/public/pdf-files/03%20Index%20fran%C3%A7ais%20-%20fulfulde%20PT.jpg.webp?itok=QVJ_XnoJ,https://mooreburkina.com/fr/fulfulde/documents-pdf-fulfulde,Documents pdf Fulfulde | Mooré Burkina Faso,french;fulfulde;moore,fulfulde_gurmaare;fulfulde_jelgoore;fulfulde_moosiire;fulfulde_yaagaare,book_document,image,.webp,downloaded,assets/multilingual__french_fulfulde_moore/multi_variant__fulfulde_gurmaare_fulfulde_jelgoore_fulfulde_moosiire_fulfulde_yaagaare/book_document/image/03_index_francais_-_fulfulde_pt.jpg__2e2643d841f669e5.webp,23758,6bab24f8e041ebed1070b4338005b4d5314303ced49bdbe74bacf74fed6fcd74,image/webp,200,"""69ba05e7-5cce""","Wed, 18 Mar 2026 01:54:47 GMT",2026-10-03T20:14:10.510844+00:00,
asset,f999eb72a2d37478,https://mooreburkina.com/sites/www.mooreburkina.com/files/pdf-files/03%20Fulfulde%20-%20Index%20%28fran%C3%A7ais%29.pdf,https://mooreburkina.com/fr/fulfulde/documents-pdf-fulfulde,Documents pdf Fulfulde | Mooré Burkina Faso,french;fulfulde;moore,fulfulde_gurmaare;fulfulde_jelgoore;fulfulde_moosiire;fulfulde_yaagaare,dictionary,pdf,.pdf,downloaded,assets/multilingual__french_fulfulde_moore/multi_variant__fulfulde_gurmaare_fulfulde_jelgoore_fulfulde_moosiire_fulfulde_yaagaare/dictionary/pdf/03_fulfulde_-_index_francais__f999eb72a2d37478.pdf,3361091,9fdf1353df11b19d7fdec626e460a0e8c9d8b8d2cdbd3d4a01e2490aecf3e526,application/pdf,200,"""5e6f759d-334943""","Mon, 16 Mar 2020 12:48:29 GMT",2026-10-03T20:14:11.119913+00:00,
asset,c96bed35543b2651,https://mooreburkina.com/sites/www.mooreburkina.com/files/styles/max_750x750/public/2024-07/Contes%20moore%20vol%205%20on%20Play%20Store.jpg.webp?itok=ULkkYTjZ,https://mooreburkina.com/fr/contes-proverbes/contes-vol-5-avec-fran%C3%A7ais,Contes vol. 5 avec français | Mooré Burkina Faso,french;moore,,folktale,image,.webp,downloaded,assets/multilingual__french_moore/general/folktale/image/contes_moore_vol_5_on_play_store.jpg__c96bed35543b2651.webp,92104,663a6ff366226c92b2a7a316027fb22e5fb2a31ee4a26929706d47c99742a14c,image/webp,200,"""69babf86-167c8""","Wed, 18 Mar 2026 15:06:46 GMT",2026-10-03T20:14:11.502327+00:00,
asset,8d9ebfbcec8c0679,https://mooreburkina.com/sites/www.mooreburkina.com/files/styles/max_750x750/public/2024-09/32%20conseils%20sur%20App%20Store%20iPhone.jpg.webp?itok=lEsF0zs2,https://mooreburkina.com/fr/fran%C3%A7ais-applications,Français applications | Mooré Burkina Faso,french;moore,,app,image,.webp,downloaded,assets/multilingual__french_moore/general/app/image/32_conseils_sur_app_store_iphone.jpg__8d9ebfbcec8c0679.webp,0,e3b0c44298fc1c149afbf4c8996fb92427ae41e4649b934ca495991b7852b855,image/webp,200,"""69ba0aa4-0""","Wed, 18 Mar 2026 02:15:00 GMT",2026-10-03T20:14:11.884072+00:00,
asset,262901b875b02442,https://mooreburkina.com/sites/www.mooreburkina.com/files/styles/max_750x750/public/2024-09/32%20conseils%20sur%20Play%20Store.jpg.webp?itok=F3SAkgOE,https://mooreburkina.com/fr/fran%C3%A7ais-applications,Français applications | Mooré Burkina Faso,french;moore,,app,image,.webp,downloaded,assets/multilingual__french_moore/general/app/image/32_conseils_sur_play_store.jpg__262901b875b02442.webp,101486,cf83e0cb7afa4a0c4fe13873d174e89c392d05bc49af38838a1c2d08c29a391c,image/webp,200,"""69ba0aa4-18c6e""","Wed, 18 Mar 2026 02:15:00 GMT",2026-10-03T20:14:12.275198+00:00,
asset,27e5b8d3f43f3be5,https://mooreburkina.com/sites/www.mooreburkina.com/files/styles/max_750x750/public/2024-09/Bienvenu%20App%20Store.jpg.webp?itok=4K90LrGX,https://mooreburkina.com/fr/fran%C3%A7ais-applications,Français applications | Mooré Burkina Faso,french;moore,,app,image,.webp,downloaded,assets/multilingual__french_moore/general/app/image/bienvenu_app_store.jpg__27e5b8d3f43f3be5.webp,144946,1fcbb3cb1d479df61d95ac4cb1c6201888812208a07e44005e1acf73334188cf,image/webp,200,"""69ba09d1-23632""","Wed, 18 Mar 2026 02:11:29 GMT",2026-10-03T20:14:12.673677+00:00,
asset,6756c19611d207e3,https://mooreburkina.com/sites/www.mooreburkina.com/files/styles/max_750x750/public/2024-09/Choisir%20la%20vie%20sur%20Play%20Store.jpg.webp?itok=NCE1ZYU1,https://mooreburkina.com/fr/fran%C3%A7ais-applications,Français applications | Mooré Burkina Faso,french;moore,,app,image,.webp,downloaded,assets/multilingual__french_moore/general/app/image/choisir_la_vie_sur_play_store.jpg__6756c19611d207e3.webp,101026,2ddd3a2f2c9e4ade4adef3fd3a680a50a6991834bd3d788274c2e48212e5ed36,image/webp,200,"""69ba0a85-18aa2""","Wed, 18 Mar 2026 02:14:29 GMT",2026-10-03T20:14:13.071696+00:00,
asset,34a5ff844f1c950a,https://mooreburkina.com/sites/www.mooreburkina.com/files/styles/max_750x750/public/2024-09/Contes%20du%20Faso%20Play%20Store.jpg.webp?itok=gFS_2va-,https://mooreburkina.com/fr/fran%C3%A7ais-applications,Français applications | Mooré Burkina Faso,french;moore,,folktale,image,.webp,downloaded,assets/multilingual__french_moore/general/folktale/image/contes_du_faso_play_store.jpg__34a5ff844f1c950a.webp,110558,9e60fae1f04e84591356696c13a5a12b870a6722e07c16e79b8381c8b0c3a6f4,image/webp,200,"""69ba0adc-1afde""","Wed, 18 Mar 2026 02:15:56 GMT",2026-10-03T20:14:13.549993+00:00,
asset,c5ab2562e45c2f14,https://mooreburkina.com/sites/www.mooreburkina.com/files/styles/max_750x750/public/2024-09/Dons%20spirituels%20fran%C3%A7ais%20Play%20Store.jpg.webp?itok=KEr_goLM,https://mooreburkina.com/fr/fran%C3%A7ais-applications,Français applications | Mooré Burkina Faso,french;moore,,app,image,.webp,downloaded,assets/multilingual__french_moore/general/app/image/dons_spirituels_francais_play_store.jpg__c5ab2562e45c2f14.webp,113080,551a82eccb16d07545182b4a4f78c542bdaf017a1705bed6b099103ad731e1f3,image/webp,200,"""69ba0a6b-1b9b8""","Wed, 18 Mar 2026 02:14:03 GMT",2026-10-03T20:14:14.030820+00:00,
asset,01713f36851e6519,https://mooreburkina.com/sites/www.mooreburkina.com/files/styles/max_750x750/public/2024-09/Ecole%20de%20dimanche%202%20Play%20Store.jpg.webp?itok=o8_l3hds,https://mooreburkina.com/fr/fran%C3%A7ais-applications,Français applications | Mooré Burkina Faso,french;moore,,app,image,.webp,downloaded,assets/multilingual__french_moore/general/app/image/ecole_de_dimanche_2_play_store.jpg__01713f36851e6519.webp,113912,f072cacf1256904edaf783ba709acd4863beb63991423974d48543e79b5c8cc1,image/webp,200,"""69ba09d1-1bcf8""","Wed, 18 Mar 2026 02:11:29 GMT",2026-10-03T20:14:14.508543+00:00,
asset,f23a2033d9a5ab45,https://mooreburkina.com/sites/www.mooreburkina.com/files/styles/max_750x750/public/2024-09/Ecole%20de%20dimanche%203%20Play%20Store.jpg.webp?itok=RG1iAfnQ,https://mooreburkina.com/fr/fran%C3%A7ais-applications,Français applications | Mooré Burkina Faso,french;moore,,app,image,.webp,downloaded,assets/multilingual__french_moore/general/app/image/ecole_de_dimanche_3_play_store.jpg__f23a2033d9a5ab45.webp,122748,3fb637359a97b98c6548cb31db88902e7cd60d6af8fa6335ce867e9dc6204c42,image/webp,200,"""69ba09f0-1df7c""","Wed, 18 Mar 2026 02:12:00 GMT",2026-10-03T20:14:14.986604+00:00,
asset,83e14548cd5f6b1e,https://mooreburkina.com/sites/www.mooreburkina.com/files/styles/max_750x750/public/2024-09/Ecole%20de%20dimanche%20sur%20Play%20Store.jpg.webp?itok=8WhtU2z0,https://mooreburkina.com/fr/fran%C3%A7ais-applications,Français applications | Mooré Burkina Faso,french;moore,,app,image,.webp,downloaded,assets/multilingual__french_moore/general/app/image/ecole_de_dimanche_sur_play_store.jpg__83e14548cd5f6b1e.webp,107266,31936651c34efdfbdd5064ffdcb8a7faaa9ce13e41fddce973e6a43327b066e0,image/webp,200,"""69ba0973-1a302""","Wed, 18 Mar 2026 02:09:55 GMT",2026-10-03T20:14:15.384555+00:00,
asset,048b09cad21253be,https://mooreburkina.com/sites/www.mooreburkina.com/files/styles/max_750x750/public/2024-09/Evangile%20illustr%C3%A9%20avec%20contes%20Play%20Store.jpg.webp?itok=JoP5HykH,https://mooreburkina.com/fr/fran%C3%A7ais-applications,Français applications | Mooré Burkina Faso,french;moore,,folktale,image,.webp,downloaded,assets/multilingual__french_moore/general/folktale/image/evangile_illustre_avec_contes_play_store.jpg__048b09cad21253be.webp,113528,2dffd1968f049a1b2a3e6693e2a29016a29ec3c18cf43a5f09f0ad9260257799,image/webp,200,"""69ba0ab4-1bb78""","Wed, 18 Mar 2026 02:15:16 GMT",2026-10-03T20:14:15.860461+00:00,
asset,a7a14af6c3724310,https://mooreburkina.com/sites/www.mooreburkina.com/files/styles/max_750x750/public/2024-09/Evangile%20simplement%20Play%20Store.jpg.webp?itok=Oxw3bm2I,https://mooreburkina.com/fr/fran%C3%A7ais-applications,Français applications | Mooré Burkina Faso,french;moore,,religious,image,.webp,downloaded,assets/multilingual__french_moore/general/religious/image/evangile_simplement_play_store.jpg__a7a14af6c3724310.webp,116790,ae3cb392c0d198153ec279cfa46650519018b175e80d961e41c4d82d5169a7c7,image/webp,200,"""69ba0adc-1c836""","Wed, 18 Mar 2026 02:15:56 GMT",2026-10-03T20:14:16.336741+00:00,
asset,a5bfe757de8b2cce,https://mooreburkina.com/sites/www.mooreburkina.com/files/styles/max_750x750/public/2024-09/Excision%20Francais%20App%20Store%20iPhone.jpg.webp?itok=apq3GCtC,https://mooreburkina.com/fr/fran%C3%A7ais-applications,Français applications | Mooré Burkina Faso,french;moore,,app,image,.webp,downloaded,assets/multilingual__french_moore/general/app/image/excision_francais_app_store_iphone.jpg__a5bfe757de8b2cce.webp,120426,f23c3f881cdaefb119ce5a88fbf5b5f1339a4b70e2f8b838be4806a153bdb6cb,image/webp,200,"""69ba09c0-1d66a""","Wed, 18 Mar 2026 02:11:12 GMT",2026-10-03T20:14:16.813587+00:00,
asset,315cd70294d7e349,https://mooreburkina.com/sites/www.mooreburkina.com/files/styles/max_750x750/public/2024-09/Guerir%20maladies%20spirituelles%20Play%20Store.jpg.webp?itok=kODUq6Sy,https://mooreburkina.com/fr/fran%C3%A7ais-applications,Français applications | Mooré Burkina Faso,french;moore,,app,image,.webp,downloaded,assets/multilingual__french_moore/general/app/image/guerir_maladies_spirituelles_play_store.jpg__315cd70294d7e349.webp,99928,7f56ed78f22c9763ada1f6afbe6a8b9fa95755b5c283da9219173bbe5e141a39,image/webp,200,"""69ba0a4c-18658""","Wed, 18 Mar 2026 02:13:32 GMT",2026-10-03T20:14:17.201707+00:00,
asset,96a954968c7fa150,https://mooreburkina.com/sites/www.mooreburkina.com/files/styles/max_750x750/public/2024-09/Healing%20spiritual%20illnesses%20Play%20Store.jpg.webp?itok=nQ0o0NeX,https://mooreburkina.com/fr/fran%C3%A7ais-applications,Français applications | Mooré Burkina Faso,french;moore,,app,image,.webp,downloaded,assets/multilingual__french_moore/general/app/image/healing_spiritual_illnesses_play_store.jpg__96a954968c7fa150.webp,97706,f274303c070333f69e6d3ac7bb3012fd1ad61b54ba9fd6e0b85824c7f8502873,image/webp,200,"""69ba0a85-17daa""","Wed, 18 Mar 2026 02:14:29 GMT",2026-10-03T20:14:17.586498+00:00,
asset,7e969864ce59d174,https://mooreburkina.com/sites/www.mooreburkina.com/files/styles/max_750x750/public/2024-09/MGF%20Excision%20Francais%20Play%20Store.jpg.webp?itok=ydzVPaT9,https://mooreburkina.com/fr/fran%C3%A7ais-applications,Français applications | Mooré Burkina Faso,french;moore,,app,image,.webp,downloaded,assets/multilingual__french_moore/general/app/image/mgf_excision_francais_play_store.jpg__7e969864ce59d174.webp,106426,c3de37f8ad1ffe6e1469d6771a6f4bcc72d85312350239dc7cec1a978fc40a57,image/webp,200,"""69ba0a4c-19fba""","Wed, 18 Mar 2026 02:13:32 GMT",2026-10-03T20:14:18.064856+00:00,
asset,06a0fceae6e428ab,https://mooreburkina.com/sites/www.mooreburkina.com/files/styles/max_750x750/public/2024-09/Mariage%20selon%20Dieu%20Francais%20Play%20Store.jpg.webp?itok=BNu9-lfL,https://mooreburkina.com/fr/fran%C3%A7ais-applications,Français applications | Mooré Burkina Faso,french;moore,,app,image,.webp,downloaded,assets/multilingual__french_moore/general/app/image/mariage_selon_dieu_francais_play_store.jpg__06a0fceae6e428ab.webp,125328,215e24117960b16f3643c9e23b631831474077ae61429d1f5d8893424bc46a9e,image/webp,200,"""69ba0a13-1e990""","Wed, 18 Mar 2026 02:12:35 GMT",2026-10-03T20:14:18.548888+00:00,
asset,cec342cffc425e94,https://mooreburkina.com/sites/www.mooreburkina.com/files/styles/max_750x750/public/2024-09/Marriage%20according%20to%20God%20Play%20Store.jpg.webp?itok=nL_CuQF-,https://mooreburkina.com/fr/fran%C3%A7ais-applications,Français applications | Mooré Burkina Faso,french;moore,,app,image,.webp,downloaded,assets/multilingual__french_moore/general/app/image/marriage_according_to_god_play_store.jpg__cec342cffc425e94.webp,114940,a530e3615f9f3b742b819890e166b1f8f3c4864c7151b17b7d9fb2e302df6796,image/webp,200,"""69ba0a0d-1c0fc""","Wed, 18 Mar 2026 02:12:29 GMT",2026-10-03T20:14:19.026401+00:00,
asset,b616158ad16561db,https://mooreburkina.com/sites/www.mooreburkina.com/files/styles/max_750x750/public/2024-09/Proverbes%20africains%20francais%20Play%20Store.jpg.webp?itok=dJs-tR5G,https://mooreburkina.com/fr/fran%C3%A7ais-applications,Français applications | Mooré Burkina Faso,french;moore,,proverb,image,.webp,downloaded,assets/multilingual__french_moore/general/proverb/image/proverbes_africains_francais_play_store.jpg__b616158ad16561db.webp,110216,314972c8af32c529b1721e6ddec3364209b017859dc14eecec69bd69266412cb,image/webp,200,"""69ba0b0c-1ae88""","Wed, 18 Mar 2026 02:16:44 GMT",2026-10-03T20:14:19.424160+00:00,
asset,e9d55d249343a063,https://mooreburkina.com/sites/www.mooreburkina.com/files/styles/max_750x750/public/2024-09/Proverbes%20francais%20Play%20Store.jpg.webp?itok=Zi-lWGcU,https://mooreburkina.com/fr/fran%C3%A7ais-applications,Français applications | Mooré Burkina Faso,french;moore,,proverb,image,.webp,downloaded,assets/multilingual__french_moore/general/proverb/image/proverbes_francais_play_store.jpg__e9d55d249343a063.webp,109102,60e839307d59edef14826b9789b4d584f86b443b188fb4fabce5c9b805a1b713,image/webp,200,"""69ba0b05-1aa2e""","Wed, 18 Mar 2026 02:16:37 GMT",2026-10-03T20:14:19.823188+00:00,
asset,f770540db44ca7d0,https://mooreburkina.com/sites/www.mooreburkina.com/files/styles/max_750x750/public/2024-09/Tout%20entier%20sur%20Play%20Store.jpg.webp?itok=NQJIpkq0,https://mooreburkina.com/fr/fran%C3%A7ais-applications,Français applications | Mooré Burkina Faso,french;moore,,app,image,.webp,downloaded,assets/multilingual__french_moore/general/app/image/tout_entier_sur_play_store.jpg__f770540db44ca7d0.webp,137620,e8458776656797668d37fac07fd20e6afc80f222d661431ec332a1570a612835,image/webp,200,"""69ba0a13-21994""","Wed, 18 Mar 2026 02:12:35 GMT",2026-10-03T20:14:20.300796+00:00,
asset,8a35d1d809a1d595,https://mooreburkina.com/sites/www.mooreburkina.com/files/styles/max_750x750/public/2024-09/True%20richess%20Play%20Store.jpg.webp?itok=tS8aaZPu,https://mooreburkina.com/fr/fran%C3%A7ais-applications,Français applications | Mooré Burkina Faso,french;moore,,app,image,.webp,downloaded,assets/multilingual__french_moore/general/app/image/true_richess_play_store.jpg__8a35d1d809a1d595.webp,111560,d507142a6aa5ccd571df2d6475df6128c864ee5637f8bf418a51ecbb56f48797,image/webp,200,"""69ba09cb-1b3c8""","Wed, 18 Mar 2026 02:11:23 GMT",2026-10-03T20:14:20.699145+00:00,
asset,3e2d6d3599849df4,https://mooreburkina.com/sites/www.mooreburkina.com/files/styles/max_750x750/public/2024-09/Welcome%20on%20Play%20Store.jpg.webp?itok=KxZOY0NM,https://mooreburkina.com/fr/fran%C3%A7ais-applications,Français applications | Mooré Burkina Faso,french;moore,,app,image,.webp,downloaded,assets/multilingual__french_moore/general/app/image/welcome_on_play_store.jpg__3e2d6d3599849df4.webp,122946,c15951f79253fd3825c94797a9bc3a8d77140d677cdf70ab35c16ec51e970f5b,image/webp,200,"""69ba09cb-1e042""","Wed, 18 Mar 2026 02:11:23 GMT",2026-10-03T20:14:21.175236+00:00,
asset,a7cb5deaced081e6,https://mooreburkina.com/sites/www.mooreburkina.com/files/styles/max_750x750/public/2024-09/tout%20entier%20chretien.jpg.webp?itok=t0gw4PWU,https://mooreburkina.com/fr/fran%C3%A7ais-applications,Français applications | Mooré Burkina Faso,french;moore,,app,image,.webp,downloaded,assets/multilingual__french_moore/general/app/image/tout_entier_chretien.jpg__a7cb5deaced081e6.webp,81156,61ae955150c3400ad6833c3dfdbdd554a483b9e30c4653d97955467db4d41ed9,image/webp,200,"""69ba0a32-13d04""","Wed, 18 Mar 2026 02:13:06 GMT",2026-10-03T20:14:21.562071+00:00,
asset,6f417f486e5dd727,https://mooreburkina.com/sites/www.mooreburkina.com/files/styles/max_750x750/public/2025-10/Apocalypse%20Revelation%20sur%20Play%20Store.jpg.webp?itok=0vBjbANo,https://mooreburkina.com/fr/fran%C3%A7ais-applications,Français applications | Mooré Burkina Faso,french;moore,,app,image,.webp,downloaded,assets/multilingual__french_moore/general/app/image/apocalypse_revelation_sur_play_store.jpg__6f417f486e5dd727.webp,116668,9533c4c24fabaf06f48bba21b1fe23042ac837b076daf88a9811f68767ffaf2c,image/webp,200,"""69ba09f0-1c7bc""","Wed, 18 Mar 2026 02:12:00 GMT",2026-10-03T20:14:22.043205+00:00,
asset,892a7e2c16b39e8d,https://mooreburkina.com/sites/www.mooreburkina.com/files/styles/max_750x750/public/2025-10/Revelation%20explained.jpg.webp?itok=xCJNUb71,https://mooreburkina.com/fr/fran%C3%A7ais-applications,Français applications | Mooré Burkina Faso,french;moore,,app,image,.webp,downloaded,assets/multilingual__french_moore/general/app/image/revelation_explained.jpg__892a7e2c16b39e8d.webp,138810,d77506ff62f497ba5f1ea657431de2a27d83ef0ddfed57f8fac1c2f98ecc7ff3,image/webp,200,"""69ba0987-21e3a""","Wed, 18 Mar 2026 02:10:15 GMT",2026-10-03T20:14:22.521171+00:00,
asset,49f37c33d399060c,https://mooreburkina.com/sites/www.mooreburkina.com/files/styles/max_750x750/public/2025-12/Notre%20grand%20ennemi%20sur%20Play%20Store.jpg.webp?itok=aBRQZ8K-,https://mooreburkina.com/fr/fran%C3%A7ais-applications,Français applications | Mooré Burkina Faso,french;moore,,app,image,.webp,downloaded,assets/multilingual__french_moore/general/app/image/notre_grand_ennemi_sur_play_store.jpg__49f37c33d399060c.webp,119714,8fdcc2cf0c1dbae6507cb7a9c1049e449dc63009e8c8418d789f731b4245fab0,image/webp,200,"""69ba0a32-1d3a2""","Wed, 18 Mar 2026 02:13:06 GMT",2026-10-03T20:14:22.998004+00:00,
asset,5e92cd4fda08f10e,https://mooreburkina.com/sites/www.mooreburkina.com/files/styles/max_750x750/public/2025-12/Our%20great%20enemy%20on%20App%20Store.jpg.webp?itok=Y9stkJsP,https://mooreburkina.com/fr/fran%C3%A7ais-applications,Français applications | Mooré Burkina Faso,french;moore,,app,image,.webp,downloaded,assets/multilingual__french_moore/general/app/image/our_great_enemy_on_app_store.jpg__5e92cd4fda08f10e.webp,107268,88b3e5e56a6cbbc3d3c324b9e044166b07dd9cf3fbd8c1626c4bfcbcfffcb994,image/webp,200,"""69ba0987-1a304""","Wed, 18 Mar 2026 02:10:15 GMT",2026-10-03T20:14:23.403710+00:00,
asset,cbcf89cb213ff67e,https://mooreburkina.com/sites/www.mooreburkina.com/files/styles/max_750x750/public/2026-02/Hwohle-heartedly%20on%20Play%20Store.jpg.webp?itok=vn8vUDpo,https://mooreburkina.com/fr/fran%C3%A7ais-applications,Français applications | Mooré Burkina Faso,french;moore,,app,image,.webp,downloaded,assets/multilingual__french_moore/general/app/image/hwohle-heartedly_on_play_store.jpg__cbcf89cb213ff67e.webp,116890,637b966090aed074e3a4874d8ac7e1f3b5139e2f1910f0f9c7ec71ae1259eb84,image/webp,200,"""69ba0b05-1c89a""","Wed, 18 Mar 2026 02:16:37 GMT",2026-10-03T20:14:23.880986+00:00,
asset,e600f9bd01df7e33,https://mooreburkina.com/sites/www.mooreburkina.com/files/styles/max_750x750/public/2026-02/La%20vie%20selon%20Dieu.jpg.webp?itok=1M7aO8Vj,https://mooreburkina.com/fr/fran%C3%A7ais-applications,Français applications | Mooré Burkina Faso,french;moore,,app,image,.webp,downloaded,assets/multilingual__french_moore/general/app/image/la_vie_selon_dieu.jpg__e600f9bd01df7e33.webp,119202,296adf4e234d486e0db9db309fd9ecf7333970b5287d504202a179745ba5b5d4,image/webp,200,"""69ba0a0d-1d1a2""","Wed, 18 Mar 2026 02:12:29 GMT",2026-10-03T20:14:24.357311+00:00,
asset,9b067ca2c8c9f41c,https://mooreburkina.com/sites/www.mooreburkina.com/files/styles/max_750x750/public/2026-02/Plakat%20francais%202026%202%20beschriftet.jpg.webp?itok=3fc40k66,https://mooreburkina.com/fr/fran%C3%A7ais-applications,Français applications | Mooré Burkina Faso,french;moore,,app,image,.webp,downloaded,assets/multilingual__french_moore/general/app/image/plakat_francais_2026_2_beschriftet.jpg__9b067ca2c8c9f41c.webp,102186,c03b51a47b706caeb56ebbb6dd8e92e8323321462abd5be216f812fbd2131dcd,image/webp,200,"""69ba0b0c-18f2a""","Wed, 18 Mar 2026 02:16:44 GMT",2026-10-03T20:14:24.741610+00:00,
asset,792ecce767f2367e,https://mooreburkina.com/sites/www.mooreburkina.com/files/styles/max_750x750/public/pdf-files/01%20index%20fran%C3%A7ais%20-%20moor%C3%A9.jpg.webp?itok=56THm8y5,https://mooreburkina.com/fr/livres-en-moor%C3%A9/t%C3%A9l%C3%A9charger-pdf,Télécharger des livres en mooré pdf | Mooré Burkina Faso,french;moore,,book_document,image,.webp,downloaded,assets/multilingual__french_moore/general/book_document/image/01_index_francais_-_moore.jpg__792ecce767f2367e.webp,3744,4001d27502175b3bad88049d7c50340989475386dc3d9096e1de1a9cfbb22ab3,image/webp,200,"""69ba1404-ea0""","Wed, 18 Mar 2026 02:55:00 GMT",2026-10-03T20:14:25.123618+00:00,
asset,93f446a81d07eb67,https://mooreburkina.com/sites/www.mooreburkina.com/files/styles/max_750x750/public/pdf-files/SIDA%20moor%C3%A9%20-%20fran%C3%A7ais%20PT%20Klein.jpg.webp?itok=3zcS2TOo,https://mooreburkina.com/fr/livres-en-moor%C3%A9/t%C3%A9l%C3%A9charger-pdf,Télécharger des livres en mooré pdf | Mooré Burkina Faso,french;moore,,book_document,image,.webp,downloaded,assets/multilingual__french_moore/general/book_document/image/sida_moore_-_francais_pt_klein.jpg__93f446a81d07eb67.webp,26112,9b1d89ab731207a4d3ce0e0c2f7fbc43188a681237e9e314bea73b4efabbae96,image/webp,200,"""69ba1403-6600""","Wed, 18 Mar 2026 02:54:59 GMT",2026-10-03T20:14:25.510309+00:00,
asset,1acaff39df9287ff,https://mooreburkina.com/sites/www.mooreburkina.com/files/pdf-files/01%20Moore%20-%20Index%20%28fran%C3%A7ais%29.pdf,https://mooreburkina.com/fr/livres-en-moor%C3%A9/t%C3%A9l%C3%A9charger-pdf,Télécharger des livres en mooré pdf | Mooré Burkina Faso,french;moore,,book_document,pdf,.pdf,downloaded,assets/multilingual__french_moore/general/book_document/pdf/01_moore_-_index_francais__1acaff39df9287ff.pdf,1776540,97560e281295f75de5fe327a32b1ad203acff09963dc6f55040e19b98c38dff6,application/pdf,200,"""5e6f8d6d-1b1b9c""","Mon, 16 Mar 2020 14:30:05 GMT",2026-10-03T20:14:26.477762+00:00,
asset,4d2a06fdba592269,https://mooreburkina.com/sites/www.mooreburkina.com/files/pdf-files/2%20SIDA%20moor%C3%A9%20-%20fran%C3%A7ais.pdf,https://mooreburkina.com/fr/livres-en-moor%C3%A9/t%C3%A9l%C3%A9charger-pdf,Télécharger des livres en mooré pdf | Mooré Burkina Faso,french;moore,,book_document,pdf,.pdf,downloaded,assets/multilingual__french_moore/general/book_document/pdf/2_sida_moore_-_francais__4d2a06fdba592269.pdf,13076054,1db06cdbbbb52082648c8305f2ae32dd442bb878e43fd481261003dc139482f7,application/pdf,200,"""5e4f1818-c78656""","Thu, 20 Feb 2020 23:36:56 GMT",2026-10-03T20:14:27.319253+00:00,
asset,7233b8effb82716a,https://mooreburkina.com/sites/www.mooreburkina.com/files/pdf-files/Moore%20-%20Index%20%28fran%C3%A7ais%29.pdf,https://mooreburkina.com/fr/livres-en-moor%C3%A9/t%C3%A9l%C3%A9charger-pdf,Télécharger des livres en mooré pdf | Mooré Burkina Faso,french;moore,,book_document,pdf,.pdf,downloaded,assets/multilingual__french_moore/general/book_document/pdf/moore_-_index_francais__7233b8effb82716a.pdf,1774380,1570497b191d403c65a6e4d7307be57c201754e850549f046ea14e9c7a206f64,application/pdf,200,"""66abc9d0-1b132c""","Thu, 01 Aug 2024 17:45:52 GMT",2026-10-03T20:14:27.725935+00:00,
asset,02d711a64c950520,https://mooreburkina.com/sites/www.mooreburkina.com/files/Dictio%20apk/Fulfulde_dictionary-2.0.apk,https://mooreburkina.com/;https://mooreburkina.com/fr;https://mooreburkina.com/fr/bienvenu-au-pays-mossi;https://mooreburkina.com/fr/dictionnaire-moor%C3%A9,Mooré Burkina Faso,fulfulde;moore,,dictionary,app,.apk,downloaded,assets/multilingual__fulfulde_moore/general/dictionary/app/fulfulde_dictionary-2.0__02d711a64c950520.apk,48834866,3c671ddf68bf7031541a6113e01decf6c333738d533d9e129c90f028b6ac5cc3,application/octet-stream,200,"""5e4f17ec-2e92932""","Thu, 20 Feb 2020 23:36:12 GMT",2026-10-03T20:14:29.671741+00:00,
asset,9e695e4dcedbb7f0,https://mooreburkina.com/sites/www.mooreburkina.com/files/Dictio%20apk/Fulfulde_dictionary-2.0.apk?q=dictionnaire%20fulfulde&c=apps&hl=fr,https://mooreburkina.com/fr/dictionnaire-moor%C3%A9/aplications-de-dictionnaires-pour-ordinateur,Applications de dictionnaires | Mooré Burkina Faso,fulfulde;moore,,dictionary,app,.apk,downloaded,assets/multilingual__fulfulde_moore/general/dictionary/app/fulfulde_dictionary-2.0__9e695e4dcedbb7f0.apk,48834866,3c671ddf68bf7031541a6113e01decf6c333738d533d9e129c90f028b6ac5cc3,application/octet-stream,200,"""5e4f17ec-2e92932""","Thu, 20 Feb 2020 23:36:12 GMT",2026-10-03T20:14:31.406677+00:00,
asset,d75378fbc7627b2e,https://mooreburkina.com/modules/custom/wildfire_dbp/images/mat/mat_0101.webp,https://mooreburkina.com/fr/fulfulde/matthieu-en-fulfulde-massina,Matthieu en fulfulde Massina | Mooré Burkina Faso,fulfulde;moore,fulfulde_maasina,religious,image,.webp,downloaded,assets/multilingual__fulfulde_moore/fulfulde_maasina/religious/image/mat_0101__d75378fbc7627b2e.webp,66374,a35cdec75216797a33619dd5693ba7e2847b453055e8eeb0b16b3e6a94eb678a,image/webp,200,"""6a5954a3-10346""","Thu, 16 Jul 2026 22:01:07 GMT",2026-10-03T20:14:31.789852+00:00,
asset,75bc9b66a253706d,https://mooreburkina.com/modules/custom/wildfire_dbp/images/mat/mat_0118.webp,https://mooreburkina.com/fr/fulfulde/matthieu-en-fulfulde-massina,Matthieu en fulfulde Massina | Mooré Burkina Faso,fulfulde;moore,fulfulde_maasina,religious,image,.webp,downloaded,assets/multilingual__fulfulde_moore/fulfulde_maasina/religious/image/mat_0118__75bc9b66a253706d.webp,8528,5d00d245000760be370f2e32502d60901c1cff739df187cdd6647e290acfb7f1,image/webp,200,"""6a5954a3-2150""","Thu, 16 Jul 2026 22:01:07 GMT",2026-10-03T20:14:32.173938+00:00,
asset,7325c9a823830f44,https://mooreburkina.com/modules/custom/wildfire_dbp/images/mat/mat_0201.webp,https://mooreburkina.com/fr/fulfulde/matthieu-en-fulfulde-massina,Matthieu en fulfulde Massina | Mooré Burkina Faso,fulfulde;moore,fulfulde_maasina,religious,image,.webp,downloaded,assets/multilingual__fulfulde_moore/fulfulde_maasina/religious/image/mat_0201__7325c9a823830f44.webp,12788,a2d1f8a37dce6afa527aef96cd45c741b14b57d24cf381b17e42738c2e880afa,image/webp,200,"""6a5954a3-31f4""","Thu, 16 Jul 2026 22:01:07 GMT",2026-10-03T20:14:32.555077+00:00,
asset,3b9bdc3f37182c79,https://mooreburkina.com/modules/custom/wildfire_dbp/images/mat/mat_0301.webp,https://mooreburkina.com/fr/fulfulde/matthieu-en-fulfulde-massina,Matthieu en fulfulde Massina | Mooré Burkina Faso,fulfulde;moore,fulfulde_maasina,religious,image,.webp,downloaded,assets/multilingual__fulfulde_moore/fulfulde_maasina/religious/image/mat_0301__3b9bdc3f37182c79.webp,10688,8817e6eb7951235795478cc3d476ee48c223bdcf829210111e3f6dbe66cf9de3,image/webp,200,"""6a5954a3-29c0""","Thu, 16 Jul 2026 22:01:07 GMT",2026-10-03T20:14:32.936228+00:00,
asset,951e015591d30c0c,https://mooreburkina.com/modules/custom/wildfire_dbp/images/mat/mat_0401.webp,https://mooreburkina.com/fr/fulfulde/matthieu-en-fulfulde-massina,Matthieu en fulfulde Massina | Mooré Burkina Faso,fulfulde;moore,fulfulde_maasina,religious,image,.webp,downloaded,assets/multilingual__fulfulde_moore/fulfulde_maasina/religious/image/mat_0401__951e015591d30c0c.webp,5446,5d1d8c1a03695e260b52596aef0ce929836057a1677962ecf5ad0831224c9cb1,image/webp,200,"""6a5954a3-1546""","Thu, 16 Jul 2026 22:01:07 GMT",2026-10-03T20:14:33.318182+00:00,
asset,88a73cd36b12d0a0,https://mooreburkina.com/modules/custom/wildfire_dbp/images/mat/mat_0501.webp,https://mooreburkina.com/fr/fulfulde/matthieu-en-fulfulde-massina,Matthieu en fulfulde Massina | Mooré Burkina Faso,fulfulde;moore,fulfulde_maasina,religious,image,.webp,downloaded,assets/multilingual__fulfulde_moore/fulfulde_maasina/religious/image/mat_0501__88a73cd36b12d0a0.webp,32600,dfe9d14d6e14a50b4e0ba8d0c026a296a62442fa990fab4f146ffe096b9fe27f,image/webp,200,"""6a5954a3-7f58""","Thu, 16 Jul 2026 22:01:07 GMT",2026-10-03T20:14:33.706461+00:00,
asset,cc0af3ef6334e408,https://mooreburkina.com/modules/custom/wildfire_dbp/images/mat/mat_0527.webp,https://mooreburkina.com/fr/fulfulde/matthieu-en-fulfulde-massina,Matthieu en fulfulde Massina | Mooré Burkina Faso,fulfulde;moore,fulfulde_maasina,religious,image,.webp,downloaded,assets/multilingual__fulfulde_moore/fulfulde_maasina/religious/image/mat_0527__cc0af3ef6334e408.webp,37232,3bffaff9d6b29ee618e88ee5d49ef36f190a0be936e027ddfe5661bfba096216,image/webp,200,"""6a5954a3-9170""","Thu, 16 Jul 2026 22:01:07 GMT",2026-10-03T20:14:34.092824+00:00,
asset,26fff4ba083f40cd,https://mooreburkina.com/modules/custom/wildfire_dbp/images/mat/mat_0601.webp,https://mooreburkina.com/fr/fulfulde/matthieu-en-fulfulde-massina,Matthieu en fulfulde Massina | Mooré Burkina Faso,fulfulde;moore,fulfulde_maasina,religious,image,.webp,downloaded,assets/multilingual__fulfulde_moore/fulfulde_maasina/religious/image/mat_0601__26fff4ba083f40cd.webp,24902,2723fe7630ae9c3330c736552a89494ad83ad3317fceb5fabce75a3808588bb3,image/webp,200,"""6a5954a3-6146""","Thu, 16 Jul 2026 22:01:07 GMT",2026-10-03T20:14:34.475870+00:00,
asset,70fa9cd97f2695bf,https://mooreburkina.com/modules/custom/wildfire_dbp/images/mat/mat_0605.webp,https://mooreburkina.com/fr/fulfulde/matthieu-en-fulfulde-massina,Matthieu en fulfulde Massina | Mooré Burkina Faso,fulfulde;moore,fulfulde_maasina,religious,image,.webp,downloaded,assets/multilingual__fulfulde_moore/fulfulde_maasina/religious/image/mat_0605__70fa9cd97f2695bf.webp,36844,8eeec7ca70e73756d260edc6852702992e57f7e49d598c76f41c8b70dc5cf266,image/webp,200,"""6a5954a3-8fec""","Thu, 16 Jul 2026 22:01:07 GMT",2026-10-03T20:14:34.953610+00:00,
asset,5d00ccb643c67d8f,https://mooreburkina.com/modules/custom/wildfire_dbp/images/mat/mat_0701.webp,https://mooreburkina.com/fr/fulfulde/matthieu-en-fulfulde-massina,Matthieu en fulfulde Massina | Mooré Burkina Faso,fulfulde;moore,fulfulde_maasina,religious,image,.webp,downloaded,assets/multilingual__fulfulde_moore/fulfulde_maasina/religious/image/mat_0701__5d00ccb643c67d8f.webp,15246,12b66d7ce0cd523feffe1eee811346d62753cc32a752032aa16b30d620f857dc,image/webp,200,"""6a5954a3-3b8e""","Thu, 16 Jul 2026 22:01:07 GMT",2026-10-03T20:14:35.339268+00:00,
asset,b652ac33dd4c17d0,https://mooreburkina.com/modules/custom/wildfire_dbp/images/mat/mat_0801.webp,https://mooreburkina.com/fr/fulfulde/matthieu-en-fulfulde-massina,Matthieu en fulfulde Massina | Mooré Burkina Faso,fulfulde;moore,fulfulde_maasina,religious,image,.webp,downloaded,assets/multilingual__fulfulde_moore/fulfulde_maasina/religious/image/mat_0801__b652ac33dd4c17d0.webp,8350,39cd241c913f0829b25a5e5589b21f8dbfdc8b87c92fa698017d3b6981b6e82b,image/webp,200,"""6a5954a3-209e""","Thu, 16 Jul 2026 22:01:07 GMT",2026-10-03T20:14:35.721002+00:00,
asset,68d1854fb1045c86,https://mooreburkina.com/modules/custom/wildfire_dbp/images/mat/mat_0818.webp,https://mooreburkina.com/fr/fulfulde/matthieu-en-fulfulde-massina,Matthieu en fulfulde Massina | Mooré Burkina Faso,fulfulde;moore,fulfulde_maasina,religious,image,.webp,downloaded,assets/multilingual__fulfulde_moore/fulfulde_maasina/religious/image/mat_0818__68d1854fb1045c86.webp,11578,a347ca35bcaf1697217eaca36b28c878cb0016a0643b2cd8ccea75ff97b3482b,image/webp,200,"""6a5954a3-2d3a""","Thu, 16 Jul 2026 22:01:07 GMT",2026-10-03T20:14:36.102065+00:00,
asset,ef17de5208e334f4,https://mooreburkina.com/modules/custom/wildfire_dbp/images/mat/mat_0901.webp,https://mooreburkina.com/fr/fulfulde/matthieu-en-fulfulde-massina,Matthieu en fulfulde Massina | Mooré Burkina Faso,fulfulde;moore,fulfulde_maasina,religious,image,.webp,downloaded,assets/multilingual__fulfulde_moore/fulfulde_maasina/religious/image/mat_0901__ef17de5208e334f4.webp,9574,fab8b626b895cdc90efd2b0fcc77d69880c415b246bd4c145c96a215e0828aed,image/webp,200,"""6a5954a3-2566""","Thu, 16 Jul 2026 22:01:07 GMT",2026-10-03T20:14:36.493727+00:00,
asset,f2e70c854092a9ba,https://mooreburkina.com/modules/custom/wildfire_dbp/images/mat/mat_0918.webp,https://mooreburkina.com/fr/fulfulde/matthieu-en-fulfulde-massina,Matthieu en fulfulde Massina | Mooré Burkina Faso,fulfulde;moore,fulfulde_maasina,religious,image,.webp,downloaded,assets/multilingual__fulfulde_moore/fulfulde_maasina/religious/image/mat_0918__f2e70c854092a9ba.webp,10178,31d6906cbbcc0dc85c8abeb8fcbd74218f2ef1d2afde0c841d1b885b4a98d40b,image/webp,200,"""6a5954a3-27c2""","Thu, 16 Jul 2026 22:01:07 GMT",2026-10-03T20:14:36.876543+00:00,
asset,d6fe5f0ca5caf1ff,https://mooreburkina.com/modules/custom/wildfire_dbp/images/mat/mat_1001.webp,https://mooreburkina.com/fr/fulfulde/matthieu-en-fulfulde-massina,Matthieu en fulfulde Massina | Mooré Burkina Faso,fulfulde;moore,fulfulde_maasina,religious,image,.webp,downloaded,assets/multilingual__fulfulde_moore/fulfulde_maasina/religious/image/mat_1001__d6fe5f0ca5caf1ff.webp,60754,fa2fb5b54b9fb1e1aeb8456834e82531f62a49838853f1e8cb9d8fc7fcda0546,image/webp,200,"""6a5954a3-ed52""","Thu, 16 Jul 2026 22:01:07 GMT",2026-10-03T20:14:37.449524+00:00,
asset,bc544bf9152e97d3,https://mooreburkina.com/modules/custom/wildfire_dbp/images/mat/mat_1023.webp,https://mooreburkina.com/fr/fulfulde/matthieu-en-fulfulde-massina,Matthieu en fulfulde Massina | Mooré Burkina Faso,fulfulde;moore,fulfulde_maasina,religious,image,.webp,downloaded,assets/multilingual__fulfulde_moore/fulfulde_maasina/religious/image/mat_1023__bc544bf9152e97d3.webp,24526,4f06e493635a4f7961a98bd2580782e3de006288f86886e37652be21648b0b07,image/webp,200,"""6a5954a3-5fce""","Thu, 16 Jul 2026 22:01:07 GMT",2026-10-03T20:14:37.830278+00:00,
asset,c4371ee36e2e9f38,https://mooreburkina.com/modules/custom/wildfire_dbp/images/mat/mat_1101.webp,https://mooreburkina.com/fr/fulfulde/matthieu-en-fulfulde-massina,Matthieu en fulfulde Massina | Mooré Burkina Faso,fulfulde;moore,fulfulde_maasina,religious,image,.webp,downloaded,assets/multilingual__fulfulde_moore/fulfulde_maasina/religious/image/mat_1101__c4371ee36e2e9f38.webp,7644,6eaa74fd6baeafb8e063881c3b20cef8960b50e4a2f2adc9bea2e01902930a12,image/webp,200,"""6a5954a3-1ddc""","Thu, 16 Jul 2026 22:01:07 GMT",2026-10-03T20:14:38.217545+00:00,
asset,b59df5e39f6ef034,https://mooreburkina.com/modules/custom/wildfire_dbp/images/mat/mat_1120.webp,https://mooreburkina.com/fr/fulfulde/matthieu-en-fulfulde-massina,Matthieu en fulfulde Massina | Mooré Burkina Faso,fulfulde;moore,fulfulde_maasina,religious,image,.webp,downloaded,assets/multilingual__fulfulde_moore/fulfulde_maasina/religious/image/mat_1120__b59df5e39f6ef034.webp,23624,ba984bde069b6e050566f89a5c1c9d763404ec20caf2d9820db9d2dd6c2cfd44,image/webp,200,"""6a5954a3-5c48""","Thu, 16 Jul 2026 22:01:07 GMT",2026-10-03T20:14:38.698456+00:00,
asset,92484fe6519d145d,https://mooreburkina.com/modules/custom/wildfire_dbp/images/mat/mat_1201.webp,https://mooreburkina.com/fr/fulfulde/matthieu-en-fulfulde-massina,Matthieu en fulfulde Massina | Mooré Burkina Faso,fulfulde;moore,fulfulde_maasina,religious,image,.webp,downloaded,assets/multilingual__fulfulde_moore/fulfulde_maasina/religious/image/mat_1201__92484fe6519d145d.webp,7824,b330e6a14ed56006eef8428252a98ac5f6eb5d6269c9ff4198cfa70a5dc4c9bf,image/webp,200,"""6a5954a3-1e90""","Thu, 16 Jul 2026 22:01:07 GMT",2026-10-03T20:14:39.085997+00:00,
asset,9f0f2bccb7aef5a3,https://mooreburkina.com/modules/custom/wildfire_dbp/images/mat/mat_1222.webp,https://mooreburkina.com/fr/fulfulde/matthieu-en-fulfulde-massina,Matthieu en fulfulde Massina | Mooré Burkina Faso,fulfulde;moore,fulfulde_maasina,religious,image,.webp,downloaded,assets/multilingual__fulfulde_moore/fulfulde_maasina/religious/image/mat_1222__9f0f2bccb7aef5a3.webp,7418,506b47d06f7d46e0e5acfc29e426a0c43df826ca44710fd17237a49bd3fcadb9,image/webp,200,"""6a5954a3-1cfa""","Thu, 16 Jul 2026 22:01:07 GMT",2026-10-03T20:14:39.473758+00:00,
asset,e2f0928ff31a5938,https://mooreburkina.com/modules/custom/wildfire_dbp/images/mat/mat_1301.webp,https://mooreburkina.com/fr/fulfulde/matthieu-en-fulfulde-massina,Matthieu en fulfulde Massina | Mooré Burkina Faso,fulfulde;moore,fulfulde_maasina,religious,image,.webp,downloaded,assets/multilingual__fulfulde_moore/fulfulde_maasina/religious/image/mat_1301__e2f0928ff31a5938.webp,8496,1f7ad04d4ca85b89363f46e42f26c9d0acb2075d3b88c9590b11cac605293a65,image/webp,200,"""6a5954a3-2130""","Thu, 16 Jul 2026 22:01:07 GMT",2026-10-03T20:14:39.872176+00:00,
asset,5c38a9d2e27112cd,https://mooreburkina.com/modules/custom/wildfire_dbp/images/mat/mat_1324.webp,https://mooreburkina.com/fr/fulfulde/matthieu-en-fulfulde-massina,Matthieu en fulfulde Massina | Mooré Burkina Faso,fulfulde;moore,fulfulde_maasina,religious,image,.webp,downloaded,assets/multilingual__fulfulde_moore/fulfulde_maasina/religious/image/mat_1324__5c38a9d2e27112cd.webp,21102,a789ce94ae0d71ca027bbd3cf12fea3a1af734a80e2e7b90ef9e228c890d4e6d,image/webp,200,"""6a5954a3-526e""","Thu, 16 Jul 2026 22:01:07 GMT",2026-10-03T20:14:40.353445+00:00,
asset,e590b5a2642e702d,https://mooreburkina.com/modules/custom/wildfire_dbp/images/mat/mat_1347.webp,https://mooreburkina.com/fr/fulfulde/matthieu-en-fulfulde-massina,Matthieu en fulfulde Massina | Mooré Burkina Faso,fulfulde;moore,fulfulde_maasina,religious,image,.webp,downloaded,assets/multilingual__fulfulde_moore/fulfulde_maasina/religious/image/mat_1347__e590b5a2642e702d.webp,16290,27de48e8cad5c7a029dbef51fd50e08d0032677ade5f43c2eee14ea56c1f837c,image/webp,200,"""6a5954a3-3fa2""","Thu, 16 Jul 2026 22:01:07 GMT",2026-10-03T20:14:40.751262+00:00,
asset,68f043c6e4b4e793,https://mooreburkina.com/modules/custom/wildfire_dbp/images/mat/mat_1401.webp,https://mooreburkina.com/fr/fulfulde/matthieu-en-fulfulde-massina,Matthieu en fulfulde Massina | Mooré Burkina Faso,fulfulde;moore,fulfulde_maasina,religious,image,.webp,downloaded,assets/multilingual__fulfulde_moore/fulfulde_maasina/religious/image/mat_1401__68f043c6e4b4e793.webp,24930,e68c24a8e265f5b0cbf3a05ca9442ea90a4e1750be96261caf8596087f464845,image/webp,200,"""6a5954a3-6162""","Thu, 16 Jul 2026 22:01:07 GMT",2026-10-03T20:14:41.228925+00:00,
asset,ca1d2adcd1b908d9,https://mooreburkina.com/modules/custom/wildfire_dbp/images/mat/mat_1422.webp,https://mooreburkina.com/fr/fulfulde/matthieu-en-fulfulde-massina,Matthieu en fulfulde Massina | Mooré Burkina Faso,fulfulde;moore,fulfulde_maasina,religious,image,.webp,downloaded,assets/multilingual__fulfulde_moore/fulfulde_maasina/religious/image/mat_1422__ca1d2adcd1b908d9.webp,10794,a98b4fbf4720af9a3b921dabd6a08896d3deda7d6409aed38a004c539b09ea43,image/webp,200,"""6a5954a3-2a2a""","Thu, 16 Jul 2026 22:01:07 GMT",2026-10-03T20:14:41.615208+00:00,
asset,0daf1c54f64b0a74,https://mooreburkina.com/modules/custom/wildfire_dbp/images/mat/mat_1501.webp,https://mooreburkina.com/fr/fulfulde/matthieu-en-fulfulde-massina,Matthieu en fulfulde Massina | Mooré Burkina Faso,fulfulde;moore,fulfulde_maasina,religious,image,.webp,downloaded,assets/multilingual__fulfulde_moore/fulfulde_maasina/religious/image/mat_1501__0daf1c54f64b0a74.webp,12710,85e8aadb339b5985053ecf237df002ac64d279729ff498f1c6cb88188acf4e5f,image/webp,200,"""6a5954a3-31a6""","Thu, 16 Jul 2026 22:01:07 GMT",2026-10-03T20:14:42.013430+00:00,
asset,b9a6aa026e8f41ec,https://mooreburkina.com/modules/custom/wildfire_dbp/images/mat/mat_1521.webp,https://mooreburkina.com/fr/fulfulde/matthieu-en-fulfulde-massina,Matthieu en fulfulde Massina | Mooré Burkina Faso,fulfulde;moore,fulfulde_maasina,religious,image,.webp,downloaded,assets/multilingual__fulfulde_moore/fulfulde_maasina/religious/image/mat_1521__b9a6aa026e8f41ec.webp,14188,90b126edc7ee40adeb753765f57d3de44d0ef645d74d0bc82211d6af5591a77d,image/webp,200,"""6a5954a3-376c""","Thu, 16 Jul 2026 22:01:07 GMT",2026-10-03T20:14:42.506794+00:00,
asset,9f86838ae14c054e,https://mooreburkina.com/modules/custom/wildfire_dbp/images/mat/mat_1601.webp,https://mooreburkina.com/fr/fulfulde/matthieu-en-fulfulde-massina,Matthieu en fulfulde Massina | Mooré Burkina Faso,fulfulde;moore,fulfulde_maasina,religious,image,.webp,downloaded,assets/multilingual__fulfulde_moore/fulfulde_maasina/religious/image/mat_1601__9f86838ae14c054e.webp,16586,0bd0baf3d4e49bb94227fb2f464b2306a3801a6f816cb78619f2529906f47145,image/webp,200,"""6a5954a3-40ca""","Thu, 16 Jul 2026 22:01:07 GMT",2026-10-03T20:14:42.983185+00:00,
asset,f043efd711e9550f,https://mooreburkina.com/modules/custom/wildfire_dbp/images/mat/mat_1621.webp,https://mooreburkina.com/fr/fulfulde/matthieu-en-fulfulde-massina,Matthieu en fulfulde Massina | Mooré Burkina Faso,fulfulde;moore,fulfulde_maasina,religious,image,.webp,downloaded,assets/multilingual__fulfulde_moore/fulfulde_maasina/religious/image/mat_1621__f043efd711e9550f.webp,22592,9c57fdce39ddc503e08b0e3f8509cab3cacf7200e2f081881017868188d75bc6,image/webp,200,"""6a5954a3-5840""","Thu, 16 Jul 2026 22:01:07 GMT",2026-10-03T20:14:43.459366+00:00,
asset,a7cbdc9ad2312e19,https://mooreburkina.com/modules/custom/wildfire_dbp/images/mat/mat_1701.webp,https://mooreburkina.com/fr/fulfulde/matthieu-en-fulfulde-massina,Matthieu en fulfulde Massina | Mooré Burkina Faso,fulfulde;moore,fulfulde_maasina,religious,image,.webp,downloaded,assets/multilingual__fulfulde_moore/fulfulde_maasina/religious/image/mat_1701__a7cbdc9ad2312e19.webp,5938,20535ccf92554b5e7377794e6212ec1859c9f3cd5bc610995deaa26053b44fc0,image/webp,200,"""6a5954a3-1732""","Thu, 16 Jul 2026 22:01:07 GMT",2026-10-03T20:14:43.840794+00:00,
asset,c740d082ec24729c,https://mooreburkina.com/modules/custom/wildfire_dbp/images/mat/mat_1721.webp,https://mooreburkina.com/fr/fulfulde/matthieu-en-fulfulde-massina,Matthieu en fulfulde Massina | Mooré Burkina Faso,fulfulde;moore,fulfulde_maasina,religious,image,.webp,downloaded,assets/multilingual__fulfulde_moore/fulfulde_maasina/religious/image/mat_1721__c740d082ec24729c.webp,8656,56bfb523f84679b2575b5db1f8d61be18424bf5e64046429ae1a67d19ecb8ba0,image/webp,200,"""6a5954a3-21d0""","Thu, 16 Jul 2026 22:01:07 GMT",2026-10-03T20:14:44.221845+00:00,
asset,c28a6ea54f4a08b9,https://mooreburkina.com/modules/custom/wildfire_dbp/images/mat/mat_1801.webp,https://mooreburkina.com/fr/fulfulde/matthieu-en-fulfulde-massina,Matthieu en fulfulde Massina | Mooré Burkina Faso,fulfulde;moore,fulfulde_maasina,religious,image,.webp,downloaded,assets/multilingual__fulfulde_moore/fulfulde_maasina/religious/image/mat_1801__c28a6ea54f4a08b9.webp,9110,0a805dea35faeb1be65fd700b0dfc050eb06a889fdf6564f80c9eb3f1d3b50ee,image/webp,200,"""6a5954a3-2396""","Thu, 16 Jul 2026 22:01:07 GMT",2026-10-03T20:14:44.602825+00:00,
asset,2d5fb894fd37f996,https://mooreburkina.com/modules/custom/wildfire_dbp/images/mat/mat_1814.webp,https://mooreburkina.com/fr/fulfulde/matthieu-en-fulfulde-massina,Matthieu en fulfulde Massina | Mooré Burkina Faso,fulfulde;moore,fulfulde_maasina,religious,image,.webp,downloaded,assets/multilingual__fulfulde_moore/fulfulde_maasina/religious/image/mat_1814__2d5fb894fd37f996.webp,9354,67205d6b5f294f2a7b9c1acbc6eda48fe2992e0575f5b19c71b038d49274a5da,image/webp,200,"""6a5954a3-248a""","Thu, 16 Jul 2026 22:01:07 GMT",2026-10-03T20:14:45.005266+00:00,
asset,5e5ab98a9f3bc5f1,https://mooreburkina.com/modules/custom/wildfire_dbp/images/mat/mat_1901.webp,https://mooreburkina.com/fr/fulfulde/matthieu-en-fulfulde-massina,Matthieu en fulfulde Massina | Mooré Burkina Faso,fulfulde;moore,fulfulde_maasina,religious,image,.webp,downloaded,assets/multilingual__fulfulde_moore/fulfulde_maasina/religious/image/mat_1901__5e5ab98a9f3bc5f1.webp,30798,22606574e3a0ef12873e85a3984a61a01074237ea61c013775385d5f553a90e9,image/webp,200,"""6a5954a3-784e""","Thu, 16 Jul 2026 22:01:07 GMT",2026-10-03T20:14:45.485989+00:00,
asset,5fe6ce00d3fb691b,https://mooreburkina.com/modules/custom/wildfire_dbp/images/mat/mat_1916.webp,https://mooreburkina.com/fr/fulfulde/matthieu-en-fulfulde-massina,Matthieu en fulfulde Massina | Mooré Burkina Faso,fulfulde;moore,fulfulde_maasina,religious,image,.webp,downloaded,assets/multilingual__fulfulde_moore/fulfulde_maasina/religious/image/mat_1916__5fe6ce00d3fb691b.webp,10330,21b4caa2e6580f318ac051552e4b46d9a8cc89df16b0919c8d0366c281636ecf,image/webp,200,"""6a5954a3-285a""","Thu, 16 Jul 2026 22:01:07 GMT",2026-10-03T20:14:45.866357+00:00,
asset,a4d2082c44a62558,https://mooreburkina.com/modules/custom/wildfire_dbp/images/mat/mat_2001.webp,https://mooreburkina.com/fr/fulfulde/matthieu-en-fulfulde-massina,Matthieu en fulfulde Massina | Mooré Burkina Faso,fulfulde;moore,fulfulde_maasina,religious,image,.webp,downloaded,assets/multilingual__fulfulde_moore/fulfulde_maasina/religious/image/mat_2001__a4d2082c44a62558.webp,15114,8a7f7463c59c8f2918ee514be87a217638bbfef3da13cf653ca7a47bea01e2e7,image/webp,200,"""6a5954a3-3b0a""","Thu, 16 Jul 2026 22:01:07 GMT",2026-10-03T20:14:46.344747+00:00,
asset,52e52af4fdedc346,https://mooreburkina.com/modules/custom/wildfire_dbp/images/mat/mat_2017.webp,https://mooreburkina.com/fr/fulfulde/matthieu-en-fulfulde-massina,Matthieu en fulfulde Massina | Mooré Burkina Faso,fulfulde;moore,fulfulde_maasina,religious,image,.webp,downloaded,assets/multilingual__fulfulde_moore/fulfulde_maasina/religious/image/mat_2017__52e52af4fdedc346.webp,29990,bc22d8dde87594453c462d5568488721f23549fa17e0a6530205a9bc8acfe403,image/webp,200,"""6a5954a3-7526""","Thu, 16 Jul 2026 22:01:07 GMT",2026-10-03T20:14:46.831148+00:00,
asset,e6c8a578c9458b5a,https://mooreburkina.com/modules/custom/wildfire_dbp/images/mat/mat_2101.webp,https://mooreburkina.com/fr/fulfulde/matthieu-en-fulfulde-massina,Matthieu en fulfulde Massina | Mooré Burkina Faso,fulfulde;moore,fulfulde_maasina,religious,image,.webp,downloaded,assets/multilingual__fulfulde_moore/fulfulde_maasina/religious/image/mat_2101__e6c8a578c9458b5a.webp,21888,bb104f2610f5f5e5ae3372eb8604dd79d535f9060364e65bb4d0e4f9f89b13a2,image/webp,200,"""6a5954a3-5580""","Thu, 16 Jul 2026 22:01:07 GMT",2026-10-03T20:14:47.230490+00:00,
asset,c8d9b74e2e3df090,https://mooreburkina.com/modules/custom/wildfire_dbp/images/mat/mat_2118.webp,https://mooreburkina.com/fr/fulfulde/matthieu-en-fulfulde-massina,Matthieu en fulfulde Massina | Mooré Burkina Faso,fulfulde;moore,fulfulde_maasina,religious,image,.webp,downloaded,assets/multilingual__fulfulde_moore/fulfulde_maasina/religious/image/mat_2118__c8d9b74e2e3df090.webp,17298,9ea1f574d8ea1cd669514239266e276ffd3e96a7873fdee414785ecb03d07adc,image/webp,200,"""6a5954a3-4392""","Thu, 16 Jul 2026 22:01:07 GMT",2026-10-03T20:14:47.613847+00:00,
asset,6f39409f4f75ff8a,https://mooreburkina.com/modules/custom/wildfire_dbp/images/mat/mat_2128.webp,https://mooreburkina.com/fr/fulfulde/matthieu-en-fulfulde-massina,Matthieu en fulfulde Massina | Mooré Burkina Faso,fulfulde;moore,fulfulde_maasina,religious,image,.webp,downloaded,assets/multilingual__fulfulde_moore/fulfulde_maasina/religious/image/mat_2128__6f39409f4f75ff8a.webp,9558,6b769066e940c12ccd7e06ba5414ede7374518195b644786ce5e0937b29937df,image/webp,200,"""6a5954a3-2556""","Thu, 16 Jul 2026 22:01:07 GMT",2026-10-03T20:14:47.999989+00:00,
asset,957cc886dae9356c,https://mooreburkina.com/modules/custom/wildfire_dbp/images/mat/mat_2201.webp,https://mooreburkina.com/fr/fulfulde/matthieu-en-fulfulde-massina,Matthieu en fulfulde Massina | Mooré Burkina Faso,fulfulde;moore,fulfulde_maasina,religious,image,.webp,downloaded,assets/multilingual__fulfulde_moore/fulfulde_maasina/religious/image/mat_2201__957cc886dae9356c.webp,10732,856802ed6ef2c6ba99e89f8339b57b8793785a400e87514ed3856710fe8c6c2d,image/webp,200,"""6a5954a3-29ec""","Thu, 16 Jul 2026 22:01:07 GMT",2026-10-03T20:14:48.382668+00:00,
asset,43d0d451331b630c,https://mooreburkina.com/modules/custom/wildfire_dbp/images/mat/mat_2223.webp,https://mooreburkina.com/fr/fulfulde/matthieu-en-fulfulde-massina,Matthieu en fulfulde Massina | Mooré Burkina Faso,fulfulde;moore,fulfulde_maasina,religious,image,.webp,downloaded,assets/multilingual__fulfulde_moore/fulfulde_maasina/religious/image/mat_2223__43d0d451331b630c.webp,14352,798859db71a9c51ef7edfd3bc22d52a3da0120bf83a11671630bca452f229feb,image/webp,200,"""6a5954a3-3810""","Thu, 16 Jul 2026 22:01:07 GMT",2026-10-03T20:14:48.858675+00:00,
asset,586218166df9b179,https://mooreburkina.com/modules/custom/wildfire_dbp/images/mat/mat_2301.webp,https://mooreburkina.com/fr/fulfulde/matthieu-en-fulfulde-massina,Matthieu en fulfulde Massina | Mooré Burkina Faso,fulfulde;moore,fulfulde_maasina,religious,image,.webp,downloaded,assets/multilingual__fulfulde_moore/fulfulde_maasina/religious/image/mat_2301__586218166df9b179.webp,24806,48626d2b09bc24e283790b63ac1656374a7682cc4cd56f5b306ef8863dc50d78,image/webp,200,"""6a5954a3-60e6""","Thu, 16 Jul 2026 22:01:07 GMT",2026-10-03T20:14:49.337766+00:00,
asset,2addc396ab890730,https://mooreburkina.com/modules/custom/wildfire_dbp/images/mat/mat_2323.webp,https://mooreburkina.com/fr/fulfulde/matthieu-en-fulfulde-massina,Matthieu en fulfulde Massina | Mooré Burkina Faso,fulfulde;moore,fulfulde_maasina,religious,image,.webp,downloaded,assets/multilingual__fulfulde_moore/fulfulde_maasina/religious/image/mat_2323__2addc396ab890730.webp,13360,e2fafeb79554a745a75125474aecf054872af044011ec70a2bd7e9ea8ac0319c,image/webp,200,"""6a5954a3-3430""","Thu, 16 Jul 2026 22:01:07 GMT",2026-10-03T20:14:49.719659+00:00,
asset,afda2882693f52c6,https://mooreburkina.com/modules/custom/wildfire_dbp/images/mat/mat_2401.webp,https://mooreburkina.com/fr/fulfulde/matthieu-en-fulfulde-massina,Matthieu en fulfulde Massina | Mooré Burkina Faso,fulfulde;moore,fulfulde_maasina,religious,image,.webp,downloaded,assets/multilingual__fulfulde_moore/fulfulde_maasina/religious/image/mat_2401__afda2882693f52c6.webp,5722,b9bed4d03f4d448a08d2d7fcac51cf4ee76703abe77c9d7e6e83a6de26c791df,image/webp,200,"""6a5954a3-165a""","Thu, 16 Jul 2026 22:01:07 GMT",2026-10-03T20:14:50.106830+00:00,
asset,838c4bb69bcda67f,https://mooreburkina.com/modules/custom/wildfire_dbp/images/mat/mat_2432.webp,https://mooreburkina.com/fr/fulfulde/matthieu-en-fulfulde-massina,Matthieu en fulfulde Massina | Mooré Burkina Faso,fulfulde;moore,fulfulde_maasina,religious,image,.webp,downloaded,assets/multilingual__fulfulde_moore/fulfulde_maasina/religious/image/mat_2432__838c4bb69bcda67f.webp,6418,496d8522213bb57cea6b91365c47111d3eae1658f03029f38069509286628a48,image/webp,200,"""6a5954a3-1912""","Thu, 16 Jul 2026 22:01:07 GMT",2026-10-03T20:14:50.488658+00:00,
asset,87303aa131ea13b4,https://mooreburkina.com/modules/custom/wildfire_dbp/images/mat/mat_2501.webp,https://mooreburkina.com/fr/fulfulde/matthieu-en-fulfulde-massina,Matthieu en fulfulde Massina | Mooré Burkina Faso,fulfulde;moore,fulfulde_maasina,religious,image,.webp,downloaded,assets/multilingual__fulfulde_moore/fulfulde_maasina/religious/image/mat_2501__87303aa131ea13b4.webp,10216,e831b9f5a417d8cae420c2f67c22e218cb8cdd24bab5f7cbca14fe518bb54438,image/webp,200,"""6a5954a3-27e8""","Thu, 16 Jul 2026 22:01:07 GMT",2026-10-03T20:14:50.876793+00:00,
asset,1abd42370270c227,https://mooreburkina.com/modules/custom/wildfire_dbp/images/mat/mat_2531.webp,https://mooreburkina.com/fr/fulfulde/matthieu-en-fulfulde-massina,Matthieu en fulfulde Massina | Mooré Burkina Faso,fulfulde;moore,fulfulde_maasina,religious,image,.webp,downloaded,assets/multilingual__fulfulde_moore/fulfulde_maasina/religious/image/mat_2531__1abd42370270c227.webp,6604,589d199830e0836f7a69c885b5347c390ac6217b7c60eadc20ceba353b739212,image/webp,200,"""6a5954a3-19cc""","Thu, 16 Jul 2026 22:01:07 GMT",2026-10-03T20:14:51.257989+00:00,
asset,849650ca21b0426b,https://mooreburkina.com/modules/custom/wildfire_dbp/images/mat/mat_2601.webp,https://mooreburkina.com/fr/fulfulde/matthieu-en-fulfulde-massina,Matthieu en fulfulde Massina | Mooré Burkina Faso,fulfulde;moore,fulfulde_maasina,religious,image,.webp,downloaded,assets/multilingual__fulfulde_moore/fulfulde_maasina/religious/image/mat_2601__849650ca21b0426b.webp,9724,d888151c6fd2d1520290730ce20fd45a11359a6e34d06e2efcecad5c29117e48,image/webp,200,"""6a5954a3-25fc""","Thu, 16 Jul 2026 22:01:07 GMT",2026-10-03T20:14:51.638519+00:00,
asset,82bad6dcc77b4a6f,https://mooreburkina.com/modules/custom/wildfire_dbp/images/mat/mat_2626.webp,https://mooreburkina.com/fr/fulfulde/matthieu-en-fulfulde-massina,Matthieu en fulfulde Massina | Mooré Burkina Faso,fulfulde;moore,fulfulde_maasina,religious,image,.webp,downloaded,assets/multilingual__fulfulde_moore/fulfulde_maasina/religious/image/mat_2626__82bad6dcc77b4a6f.webp,8546,8368d6f829c7a0e3c47c8d73445ded1a65578e84755487d148c20f148dd775b1,image/webp,200,"""6a5954a3-2162""","Thu, 16 Jul 2026 22:01:07 GMT",2026-10-03T20:14:52.027267+00:00,
asset,c5d7989f942a142c,https://mooreburkina.com/modules/custom/wildfire_dbp/images/mat/mat_2647.webp,https://mooreburkina.com/fr/fulfulde/matthieu-en-fulfulde-massina,Matthieu en fulfulde Massina | Mooré Burkina Faso,fulfulde;moore,fulfulde_maasina,religious,image,.webp,downloaded,assets/multilingual__fulfulde_moore/fulfulde_maasina/religious/image/mat_2647__c5d7989f942a142c.webp,18182,cb0120a96b544abf29322f93ba433be2d9dc1bcc7b96b1aefb12a872ddfcefd9,image/webp,200,"""6a5954a3-4706""","Thu, 16 Jul 2026 22:01:07 GMT",2026-10-03T20:14:52.509884+00:00,
asset,e6fc950e1b0d844a,https://mooreburkina.com/modules/custom/wildfire_dbp/images/mat/mat_2701.webp,https://mooreburkina.com/fr/fulfulde/matthieu-en-fulfulde-massina,Matthieu en fulfulde Massina | Mooré Burkina Faso,fulfulde;moore,fulfulde_maasina,religious,image,.webp,downloaded,assets/multilingual__fulfulde_moore/fulfulde_maasina/religious/image/mat_2701__e6fc950e1b0d844a.webp,12188,d0d3129f7ecfe403f3d9183bb6358200dff3112d680b36431d6820b4b92e1d9e,image/webp,200,"""6a5954a3-2f9c""","Thu, 16 Jul 2026 22:01:07 GMT",2026-10-03T20:14:52.891702+00:00,
asset,9b5a371a375b3b52,https://mooreburkina.com/modules/custom/wildfire_dbp/images/mat/mat_2727.webp,https://mooreburkina.com/fr/fulfulde/matthieu-en-fulfulde-massina,Matthieu en fulfulde Massina | Mooré Burkina Faso,fulfulde;moore,fulfulde_maasina,religious,image,.webp,downloaded,assets/multilingual__fulfulde_moore/fulfulde_maasina/religious/image/mat_2727__9b5a371a375b3b52.webp,18592,9e624c6a02a9637fbf6a619deed773771f4fc85e9840654ce95c81d91d061a15,image/webp,200,"""6a5954a3-48a0""","Thu, 16 Jul 2026 22:01:07 GMT",2026-10-03T20:14:53.371284+00:00,
asset,683447a05b770769,https://mooreburkina.com/modules/custom/wildfire_dbp/images/mat/mat_2746.webp,https://mooreburkina.com/fr/fulfulde/matthieu-en-fulfulde-massina,Matthieu en fulfulde Massina | Mooré Burkina Faso,fulfulde;moore,fulfulde_maasina,religious,image,.webp,downloaded,assets/multilingual__fulfulde_moore/fulfulde_maasina/religious/image/mat_2746__683447a05b770769.webp,15712,b72f36e4f17164ac3be0dfc2d5ccb988ce86d812abc4fce4db36c6982407ccc0,image/webp,200,"""6a5954a3-3d60""","Thu, 16 Jul 2026 22:01:07 GMT",2026-10-03T20:14:53.780797+00:00,
asset,c26f4e1111a124d7,https://mooreburkina.com/modules/custom/wildfire_dbp/images/mat/mat_2801.webp,https://mooreburkina.com/fr/fulfulde/matthieu-en-fulfulde-massina,Matthieu en fulfulde Massina | Mooré Burkina Faso,fulfulde;moore,fulfulde_maasina,religious,image,.webp,downloaded,assets/multilingual__fulfulde_moore/fulfulde_maasina/religious/image/mat_2801__c26f4e1111a124d7.webp,4822,215d736747388a2cbb03dc03c7d277e3961c57b21435e2ac2615a94eff4cd8fc,image/webp,200,"""6a5954a3-12d6""","Thu, 16 Jul 2026 22:01:07 GMT",2026-10-03T20:14:54.162614+00:00,
asset,cb1858d083cfcf3e,https://mooreburkina.com/modules/custom/wildfire_dbp/images/mat/mat_credits.webp,https://mooreburkina.com/fr/fulfulde/matthieu-en-fulfulde-massina,Matthieu en fulfulde Massina | Mooré Burkina Faso,fulfulde;moore,fulfulde_maasina,religious,image,.webp,downloaded,assets/multilingual__fulfulde_moore/fulfulde_maasina/religious/image/mat_credits__cb1858d083cfcf3e.webp,2328,5e672285381527702fed7ba2f9c63b34ab35b30c8a22929768e9dd18a97c59d1,image/webp,200,"""6a5954a3-918""","Thu, 16 Jul 2026 22:01:07 GMT",2026-10-03T20:14:54.544758+00:00,
asset,9df95270105acb75,https://mooreburkina.com/modules/custom/wildfire_dbp/images/mrk/mrk_0121.webp,https://mooreburkina.com/fr/fulfulde/evangile-de-marc-fulfulde-massina,Evangile de Marc Fulfulde Massina | Mooré Burkina Faso,fulfulde;moore,fulfulde_maasina,religious,image,.webp,downloaded,assets/multilingual__fulfulde_moore/fulfulde_maasina/religious/image/mrk_0121__9df95270105acb75.webp,5958,0995141edd63bbd7374b8438d7336987817748f3a772b9d7f376554e10f3a2c0,image/webp,200,"""6a5954a3-1746""","Thu, 16 Jul 2026 22:01:07 GMT",2026-10-03T20:14:54.928542+00:00,
asset,0268aa974c1a5bcf,https://mooreburkina.com/modules/custom/wildfire_dbp/images/mrk/mrk_0215.webp,https://mooreburkina.com/fr/fulfulde/evangile-de-marc-fulfulde-massina,Evangile de Marc Fulfulde Massina | Mooré Burkina Faso,fulfulde;moore,fulfulde_maasina,religious,image,.webp,downloaded,assets/multilingual__fulfulde_moore/fulfulde_maasina/religious/image/mrk_0215__0268aa974c1a5bcf.webp,18098,82137cb7eaeecf5cf0c0c10f865820cabf4caf5cdb867b248c0a63dff4783989,image/webp,200,"""6a5954a3-46b2""","Thu, 16 Jul 2026 22:01:07 GMT",2026-10-03T20:14:55.407010+00:00,
asset,ad1774cde939f25e,https://mooreburkina.com/modules/custom/wildfire_dbp/images/mrk/mrk_0827.webp,https://mooreburkina.com/fr/fulfulde/evangile-de-marc-fulfulde-massina,Evangile de Marc Fulfulde Massina | Mooré Burkina Faso,fulfulde;moore,fulfulde_maasina,religious,image,.webp,downloaded,assets/multilingual__fulfulde_moore/fulfulde_maasina/religious/image/mrk_0827__ad1774cde939f25e.webp,24492,3184c44362ef1b8599c870ee61d45f612c4b001d113161b50a5868d433d0e99d,image/webp,200,"""6a5954a3-5fac""","Thu, 16 Jul 2026 22:01:07 GMT",2026-10-03T20:14:55.885617+00:00,
asset,d0f528fd42859d2f,https://mooreburkina.com/modules/custom/wildfire_dbp/images/mrk/mrk_1041.webp,https://mooreburkina.com/fr/fulfulde/evangile-de-marc-fulfulde-massina,Evangile de Marc Fulfulde Massina | Mooré Burkina Faso,fulfulde;moore,fulfulde_maasina,religious,image,.webp,downloaded,assets/multilingual__fulfulde_moore/fulfulde_maasina/religious/image/mrk_1041__d0f528fd42859d2f.webp,16140,6213f1498fe0bece88a433158dd403caf23c84e4101c7ed78c7d74414dd38cd2,image/webp,200,"""6a5954a3-3f0c""","Thu, 16 Jul 2026 22:01:07 GMT",2026-10-03T20:14:56.299575+00:00,
asset,e1ae812864c3eaf3,https://mooreburkina.com/modules/custom/wildfire_dbp/images/mrk/mrk_1311.webp,https://mooreburkina.com/fr/fulfulde/evangile-de-marc-fulfulde-massina,Evangile de Marc Fulfulde Massina | Mooré Burkina Faso,fulfulde;moore,fulfulde_maasina,religious,image,.webp,downloaded,assets/multilingual__fulfulde_moore/fulfulde_maasina/religious/image/mrk_1311__e1ae812864c3eaf3.webp,17176,136c66c3ff7c0e497e81173efef73436f89027eeeb81ed701863ac0d571a60b3,image/webp,200,"""6a5954a3-4318""","Thu, 16 Jul 2026 22:01:07 GMT",2026-10-03T20:14:56.775972+00:00,
asset,801b66532a8ccef2,https://mooreburkina.com/modules/custom/wildfire_dbp/images/mrk/mrk_1422.webp,https://mooreburkina.com/fr/fulfulde/evangile-de-marc-fulfulde-massina,Evangile de Marc Fulfulde Massina | Mooré Burkina Faso,fulfulde;moore,fulfulde_maasina,religious,image,.webp,downloaded,assets/multilingual__fulfulde_moore/fulfulde_maasina/religious/image/mrk_1422__801b66532a8ccef2.webp,8420,f22c988d6c902fbe1dd11d66525d295a241bde00f5de921254b6a78b759cf38a,image/webp,200,"""6a5954a3-20e4""","Thu, 16 Jul 2026 22:01:07 GMT",2026-10-03T20:14:57.170360+00:00,
asset,522efd092c7dd9ee,https://mooreburkina.com/sites/www.mooreburkina.com/files/styles/max_750x750/public/2023-06/Fulfulde%20Bible%20in%20App%20Store2.jpg.webp?itok=i_itFBej,https://mooreburkina.com/fr/applications-smartphone/applis-en-fulfulde,Applis en Fulfulde | Mooré Burkina Faso,fulfulde;moore,,app,image,.webp,downloaded,assets/multilingual__fulfulde_moore/general/app/image/fulfulde_bible_in_app_store2.jpg__522efd092c7dd9ee.webp,72868,dd91f19d05279b352393b58af4b55a46a9c6fd361748fc4972211d0341e06ba7,image/webp,200,"""69ba4b2b-11ca4""","Wed, 18 Mar 2026 06:50:19 GMT",2026-10-03T20:14:57.746708+00:00,
asset,efe1250fb7b38376,https://mooreburkina.com/sites/www.mooreburkina.com/files/styles/max_750x750/public/2023-06/Fulfulde%20Proverbes%20App%20Store.jpg.webp?itok=DgzNJi3a,https://mooreburkina.com/fr/applications-smartphone/applis-en-fulfulde,Applis en Fulfulde | Mooré Burkina Faso,fulfulde;moore,,proverb,image,.webp,downloaded,assets/multilingual__fulfulde_moore/general/proverb/image/fulfulde_proverbes_app_store.jpg__efe1250fb7b38376.webp,90518,9e266100a453b0c7689fc70160f3901a8ebd68b222b717fffce6bf0fb012b6e1,image/webp,200,"""69ba4b52-16196""","Wed, 18 Mar 2026 06:50:58 GMT",2026-10-03T20:14:58.225537+00:00,
asset,13f4aaa85863dfa9,https://mooreburkina.com/sites/www.mooreburkina.com/files/styles/max_750x750/public/2023-06/Fulfulde%20contes%20sur%20App%20Store.jpg.webp?itok=UDBmte9J,https://mooreburkina.com/fr/applications-smartphone/applis-en-fulfulde,Applis en Fulfulde | Mooré Burkina Faso,fulfulde;moore,,folktale,image,.webp,downloaded,assets/multilingual__fulfulde_moore/general/folktale/image/fulfulde_contes_sur_app_store.jpg__13f4aaa85863dfa9.webp,84700,e2a6beb5e5de14c80a5bb7a452f36ca51860e8872a43ad987e2aa431785902f1,image/webp,200,"""69ba4b7b-14adc""","Wed, 18 Mar 2026 06:51:39 GMT",2026-10-03T20:14:58.706478+00:00,
asset,2620149eaa5984c8,https://mooreburkina.com/sites/www.mooreburkina.com/files/styles/max_750x750/public/2023-12/case%20peul.jpg.webp?itok=jHCj6Vyw,https://mooreburkina.com/;https://mooreburkina.com/fr;https://mooreburkina.com/fr/bienvenu-au-pays-mossi,Mooré Burkina Faso,fulfulde;moore,,other,image,.webp,downloaded,assets/multilingual__fulfulde_moore/general/other/image/case_peul.jpg__2620149eaa5984c8.webp,30406,a52ef2825a20e3eb83d340ca118b2fdc29f7b6b038580bb5133409af5faedc59,image/webp,200,"""69b9d388-76c6""","Tue, 17 Mar 2026 22:19:52 GMT",2026-10-03T20:14:59.089971+00:00,
asset,f3753329d1d3cc9b,https://mooreburkina.com/sites/www.mooreburkina.com/files/styles/max_750x750/public/2023-12/espace%20fulfulde.jpg.webp?itok=-S4D32fP,https://mooreburkina.com/;https://mooreburkina.com/fr;https://mooreburkina.com/fr/bienvenu-au-pays-mossi,Mooré Burkina Faso,fulfulde;moore,,other,image,.webp,downloaded,assets/multilingual__fulfulde_moore/general/other/image/espace_fulfulde.jpg__f3753329d1d3cc9b.webp,54748,9b0d7afee9e0b95046ca9afde964f22ba20ed0dd86d8d1157038787144f9294b,image/webp,200,"""69b9d388-d5dc""","Tue, 17 Mar 2026 22:19:52 GMT",2026-10-03T20:14:59.567435+00:00,
asset,28f08d8d689ac8d6,https://mooreburkina.com/sites/www.mooreburkina.com/files/styles/max_750x750/public/2023-12/map%20of%20BF%20Fulfulde%20dialectes3.jpg.webp?itok=nsNczzUX,https://mooreburkina.com/fr/fulfulde/documents-pdf-fulfulde,Documents pdf Fulfulde | Mooré Burkina Faso,fulfulde;moore,fulfulde_gurmaare;fulfulde_jelgoore;fulfulde_moosiire;fulfulde_yaagaare,book_document,image,.webp,downloaded,assets/multilingual__fulfulde_moore/multi_variant__fulfulde_gurmaare_fulfulde_jelgoore_fulfulde_moosiire_fulfulde_yaagaare/book_document/image/map_of_bf_fulfulde_dialectes3.jpg__28f08d8d689ac8d6.webp,81712,3d16c50856e7aa1aa9857651270b638605ea65c5f9085d271eab280e685c0f19,image/webp,200,"""69ba05bf-13f30""","Wed, 18 Mar 2026 01:54:07 GMT",2026-10-03T20:15:00.045606+00:00,
asset,5d373c11199e89c2,https://mooreburkina.com/sites/www.mooreburkina.com/files/styles/max_750x750/public/2023-12/map%20of%20BF%20Fulfulde%20speaking%20area.jpg.webp?itok=fkzfvW9U,https://mooreburkina.com/;https://mooreburkina.com/fr;https://mooreburkina.com/fr/bienvenu-au-pays-mossi;https://mooreburkina.com/fr/fulfulde/documents-pdf-fulfulde,Mooré Burkina Faso,fulfulde;moore,,other,image,.webp,downloaded,assets/multilingual__fulfulde_moore/general/other/image/map_of_bf_fulfulde_speaking_area.jpg__5d373c11199e89c2.webp,70546,b71355a246c67c317b24bbf7cf14d96f033221caf465f9088cee2b597b7d90fe,image/webp,200,"""69b9d388-11392""","Tue, 17 Mar 2026 22:19:52 GMT",2026-10-03T20:15:00.524227+00:00,
asset,017fc331c5d16f5e,https://mooreburkina.com/sites/www.mooreburkina.com/files/styles/max_750x750/public/2024-06/Fulfulde%20apps%20Play%20Store%20et%20App%20Store%20Mars%202024.jpg.webp?itok=8KiPJdku,https://mooreburkina.com/fr/applications-smartphone/applis-en-fulfulde,Applis en Fulfulde | Mooré Burkina Faso,fulfulde;moore,,app,image,.webp,downloaded,assets/multilingual__fulfulde_moore/general/app/image/fulfulde_apps_play_store_et_app_store_mars_2024.jpg__017fc331c5d16f5e.webp,153348,c1794d65f9e258f1ad913b23c9f5c7c0b7ec9eb1acb3081107712cb3a9affbfa,image/webp,200,"""69ba4b22-25704""","Wed, 18 Mar 2026 06:50:10 GMT",2026-10-03T20:15:01.005797+00:00,
asset,2030068fcd13f0b6,https://mooreburkina.com/sites/www.mooreburkina.com/files/styles/max_750x750/public/2024-06/Pular%20Fuuta-Jallon.jpg.webp?itok=PYWVyFrb,https://mooreburkina.com/fr/applications-smartphone/applis-en-fulfulde,Applis en Fulfulde | Mooré Burkina Faso,fulfulde;moore,,app,image,.webp,downloaded,assets/multilingual__fulfulde_moore/general/app/image/pular_fuuta-jallon.jpg__2030068fcd13f0b6.webp,93092,43163e57b2bf75d6a87247b0751c6b17be28350fa3cec0a8cb977a727d3851fe,image/webp,200,"""69ba4bc8-16ba4""","Wed, 18 Mar 2026 06:52:56 GMT",2026-10-03T20:15:01.404405+00:00,
asset,cd34e676d22c219c,https://mooreburkina.com/sites/www.mooreburkina.com/files/styles/max_750x750/public/2026-02/Webonary%20Fulfulde%20dico.jpg.webp?itok=laJk8YRP,https://mooreburkina.com/fr/dictionnaire-moor%C3%A9/aplications-de-dictionnaires-pour-ordinateur,Applications de dictionnaires | Mooré Burkina Faso,fulfulde;moore,,dictionary,image,.webp,downloaded,assets/multilingual__fulfulde_moore/general/dictionary/image/webonary_fulfulde_dico.jpg__cd34e676d22c219c.webp,79382,07f33b0ba0d866c78700f291e5a862e279fc50347a3a91d7d37fb97eda56aa8f,image/webp,200,"""69b9eed9-13616""","Wed, 18 Mar 2026 00:16:25 GMT",2026-10-03T20:15:01.789430+00:00,
asset,825e38551c820e21,https://mooreburkina.com/sites/www.mooreburkina.com/files/styles/max_750x750/public/Applis%20Play%20Store%20images/Applis%20fulfulde/01%20Fulfulde%20dictionary.jpg.webp?itok=nx09FJ7a,https://mooreburkina.com/fr/applications-smartphone/applis-en-fulfulde,Applis en Fulfulde | Mooré Burkina Faso,fulfulde;moore,,app,image,.webp,downloaded,assets/multilingual__fulfulde_moore/general/app/image/01_fulfulde_dictionary.jpg__825e38551c820e21.webp,32210,efd4cb08c68ab8b50ccec296b1149cbd1dad93a7cc8bcde268662b3e23a9bd80,image/webp,200,"""69ba4b82-7dd2""","Wed, 18 Mar 2026 06:51:46 GMT",2026-10-03T20:15:02.198431+00:00,
asset,ceb9acb4a8e1c276,https://mooreburkina.com/sites/www.mooreburkina.com/files/styles/max_750x750/public/Applis%20Play%20Store%20images/Applis%20fulfulde/02%20fulfulde%20contes%20audio%20vol1.jpg.webp?itok=SFujGRNi,https://mooreburkina.com/fr/applications-smartphone/applis-en-fulfulde,Applis en Fulfulde | Mooré Burkina Faso,fulfulde;moore,,app,image,.webp,downloaded,assets/multilingual__fulfulde_moore/general/app/image/02_fulfulde_contes_audio_vol1.jpg__ceb9acb4a8e1c276.webp,54662,020343e5dd2a4313492506a1bd191a239b84662c7b232086bf849d5abe262050,image/webp,200,"""69ba4b4b-d586""","Wed, 18 Mar 2026 06:50:51 GMT",2026-10-03T20:15:02.677265+00:00,
asset,e0cf0b5f71190b55,https://mooreburkina.com/sites/www.mooreburkina.com/files/styles/max_750x750/public/Applis%20Play%20Store%20images/Applis%20fulfulde/03%20fulfulde%20contes%20audio%20vol2.jpg.webp?itok=ANQKQGYp,https://mooreburkina.com/fr/applications-smartphone/applis-en-fulfulde,Applis en Fulfulde | Mooré Burkina Faso,fulfulde;moore,,app,image,.webp,downloaded,assets/multilingual__fulfulde_moore/general/app/image/03_fulfulde_contes_audio_vol2.jpg__e0cf0b5f71190b55.webp,50148,984cc5f820f324941deb740f394d049efd18b0b3b3ef2b71a06d18e8959c2bf4,image/webp,200,"""69ba4b79-c3e4""","Wed, 18 Mar 2026 06:51:37 GMT",2026-10-03T20:15:03.158172+00:00,
asset,35a24e2f394df0f7,https://mooreburkina.com/sites/www.mooreburkina.com/files/styles/max_750x750/public/Applis%20Play%20Store%20images/Applis%20fulfulde/04%20fulfulde%20contes%20audio%20vol3.jpg.webp?itok=wHAd55RA,https://mooreburkina.com/fr/applications-smartphone/applis-en-fulfulde,Applis en Fulfulde | Mooré Burkina Faso,fulfulde;moore,,app,image,.webp,downloaded,assets/multilingual__fulfulde_moore/general/app/image/04_fulfulde_contes_audio_vol3.jpg__35a24e2f394df0f7.webp,50550,5caa033d0f73265927d3d09c2f50eafb316581f0224242723484c829b224ff74,image/webp,200,"""69ba4b50-c576""","Wed, 18 Mar 2026 06:50:56 GMT",2026-10-03T20:15:03.634505+00:00,
asset,85d41156f9a1217a,https://mooreburkina.com/sites/www.mooreburkina.com/files/styles/max_750x750/public/Applis%20Play%20Store%20images/Applis%20fulfulde/05%20fulfulde%20contes%20audio%20vol4.jpg.webp?itok=AeC6DY3y,https://mooreburkina.com/fr/applications-smartphone/applis-en-fulfulde,Applis en Fulfulde | Mooré Burkina Faso,fulfulde;moore,,app,image,.webp,downloaded,assets/multilingual__fulfulde_moore/general/app/image/05_fulfulde_contes_audio_vol4.jpg__85d41156f9a1217a.webp,47780,e223140681165339e84dd860a73143b42c2aadf3493a35b1314ccb58b92e1870,image/webp,200,"""69ba4bcf-baa4""","Wed, 18 Mar 2026 06:53:03 GMT",2026-10-03T20:15:04.032859+00:00,
asset,e5dae2c95b9143a0,https://mooreburkina.com/sites/www.mooreburkina.com/files/styles/max_750x750/public/Applis%20Play%20Store%20images/Applis%20fulfulde/06%20fulfulde%20contes%20audio%20vol5.jpg.webp?itok=Y4RINVjO,https://mooreburkina.com/fr/applications-smartphone/applis-en-fulfulde,Applis en Fulfulde | Mooré Burkina Faso,fulfulde;moore,,app,image,.webp,downloaded,assets/multilingual__fulfulde_moore/general/app/image/06_fulfulde_contes_audio_vol5.jpg__e5dae2c95b9143a0.webp,53168,6511b5153bfc355ca50cba62dd4f7c324ca9546896aa5af6f1b4d19218463aba,image/webp,200,"""69ba4bc6-cfb0""","Wed, 18 Mar 2026 06:52:54 GMT",2026-10-03T20:15:04.512898+00:00,
asset,81fca5fab67e139e,https://mooreburkina.com/sites/www.mooreburkina.com/files/styles/max_750x750/public/Applis%20Play%20Store%20images/Applis%20fulfulde/07%20Fulfulde%20proverbes%20vol1.jpg.webp?itok=zN2yoOr4,https://mooreburkina.com/fr/applications-smartphone/applis-en-fulfulde,Applis en Fulfulde | Mooré Burkina Faso,fulfulde;moore,,app,image,.webp,downloaded,assets/multilingual__fulfulde_moore/general/app/image/07_fulfulde_proverbes_vol1.jpg__81fca5fab67e139e.webp,48918,29705c8a8bbdbf19ad1a9c36122e16042bc5e3a8a6ff5d9446f01faca28a58c5,image/webp,200,"""69ba4bc5-bf16""","Wed, 18 Mar 2026 06:52:53 GMT",2026-10-03T20:15:04.911710+00:00,
asset,793a62c37fda8167,https://mooreburkina.com/sites/www.mooreburkina.com/files/styles/max_750x750/public/Applis%20Play%20Store%20images/Applis%20fulfulde/08%20Fulfulde%20proverbes%20vol2.jpg.webp?itok=RpNynGdA,https://mooreburkina.com/fr/applications-smartphone/applis-en-fulfulde,Applis en Fulfulde | Mooré Burkina Faso,fulfulde;moore,,app,image,.webp,downloaded,assets/multilingual__fulfulde_moore/general/app/image/08_fulfulde_proverbes_vol2.jpg__793a62c37fda8167.webp,45694,7fccd29e631ff31ff0b89f8d8b7f2cd0521d551899d3302d4be4cf8058c364b9,image/webp,200,"""69ba4b7d-b27e""","Wed, 18 Mar 2026 06:51:41 GMT",2026-10-03T20:15:05.294370+00:00,
asset,25d53321150b824f,https://mooreburkina.com/sites/www.mooreburkina.com/files/styles/max_750x750/public/Applis%20Play%20Store%20images/Applis%20fulfulde/09%20Fulfulde%20proverbes%20vol3.jpg.webp?itok=57CjjwZr,https://mooreburkina.com/fr/applications-smartphone/applis-en-fulfulde,Applis en Fulfulde | Mooré Burkina Faso,fulfulde;moore,,app,image,.webp,downloaded,assets/multilingual__fulfulde_moore/general/app/image/09_fulfulde_proverbes_vol3.jpg__25d53321150b824f.webp,45528,baf4d49c6e869237d241e9a889e8eec9b1c91c26faeb74830c2fa95dfa283471,image/webp,200,"""69ba4b3f-b1d8""","Wed, 18 Mar 2026 06:50:39 GMT",2026-10-03T20:15:05.692345+00:00,
asset,0199f9aef771c4a1,https://mooreburkina.com/sites/www.mooreburkina.com/files/styles/max_750x750/public/Applis%20Play%20Store%20images/Applis%20fulfulde/10%20Fulfulde%20proverbes%20vol4.jpg.webp?itok=6gCr_Ee3,https://mooreburkina.com/fr/applications-smartphone/applis-en-fulfulde,Applis en Fulfulde | Mooré Burkina Faso,fulfulde;moore,,app,image,.webp,downloaded,assets/multilingual__fulfulde_moore/general/app/image/10_fulfulde_proverbes_vol4.jpg__0199f9aef771c4a1.webp,51020,2202eef5c25613eb1442f063665ff3f5e41d870d3a8dc916b0910cce66839932,image/webp,200,"""69ba4bd1-c74c""","Wed, 18 Mar 2026 06:53:05 GMT",2026-10-03T20:15:06.169551+00:00,
asset,a7773134f5107a84,https://mooreburkina.com/sites/www.mooreburkina.com/files/styles/max_750x750/public/Applis%20Play%20Store%20images/Applis%20fulfulde/11%20Fulfulde%20proverbes%20vol5.jpg.webp?itok=Q1d_F-Y_,https://mooreburkina.com/fr/applications-smartphone/applis-en-fulfulde,Applis en Fulfulde | Mooré Burkina Faso,fulfulde;moore,,app,image,.webp,downloaded,assets/multilingual__fulfulde_moore/general/app/image/11_fulfulde_proverbes_vol5.jpg__a7773134f5107a84.webp,50498,ac0ee2fdaa8c4a1a1728f174f73e7261ce0739081a32ecdd4f7f03ac8c3b4c69,image/webp,200,"""69ba4b72-c542""","Wed, 18 Mar 2026 06:51:30 GMT",2026-10-03T20:15:06.645274+00:00,
asset,9592769c48926ce9,https://mooreburkina.com/sites/www.mooreburkina.com/files/styles/max_750x750/public/Applis%20Play%20Store%20images/Applis%20fulfulde/12%201400%20proverbes%20fulfulde.jpg.webp?itok=5ZsSnxdY,https://mooreburkina.com/fr/applications-smartphone/applis-en-fulfulde,Applis en Fulfulde | Mooré Burkina Faso,fulfulde;moore,,app,image,.webp,downloaded,assets/multilingual__fulfulde_moore/general/app/image/12_1400_proverbes_fulfulde.jpg__9592769c48926ce9.webp,44932,dcf4db127baedbca0ef0e2f5845191f6f02b6477e39d495b25ae32a4b96a524d,image/webp,200,"""69ba4b47-af84""","Wed, 18 Mar 2026 06:50:47 GMT",2026-10-03T20:15:07.026800+00:00,
asset,331f6ec5f545b699,https://mooreburkina.com/sites/www.mooreburkina.com/files/styles/max_750x750/public/Applis%20Play%20Store%20images/Applis%20fulfulde/13%20fulfulde%20contes%20vol1.jpg.webp?itok=2W8mxELv,https://mooreburkina.com/fr/applications-smartphone/applis-en-fulfulde,Applis en Fulfulde | Mooré Burkina Faso,fulfulde;moore,,app,image,.webp,downloaded,assets/multilingual__fulfulde_moore/general/app/image/13_fulfulde_contes_vol1.jpg__331f6ec5f545b699.webp,45686,4aac1a1aedfd6572df77d4551db6360f4ef389b250648617053daa2cd47d951a,image/webp,200,"""69ba4b3c-b276""","Wed, 18 Mar 2026 06:50:36 GMT",2026-10-03T20:15:07.414259+00:00,
asset,54a7966c62cc41d1,https://mooreburkina.com/sites/www.mooreburkina.com/files/styles/max_750x750/public/Applis%20Play%20Store%20images/Applis%20fulfulde/14%20fulfulde%20contes%20vol2.jpg.webp?itok=Y3-E0x_v,https://mooreburkina.com/fr/applications-smartphone/applis-en-fulfulde,Applis en Fulfulde | Mooré Burkina Faso,fulfulde;moore,,app,image,.webp,downloaded,assets/multilingual__fulfulde_moore/general/app/image/14_fulfulde_contes_vol2.jpg__54a7966c62cc41d1.webp,45574,7a169189e0ad2a4d4b26c2e00b9842d3fa6253faba600fd56e4b695bfd3f4f6e,image/webp,200,"""69ba4b49-b206""","Wed, 18 Mar 2026 06:50:49 GMT",2026-10-03T20:15:07.812131+00:00,
asset,c4494363ed3da45e,https://mooreburkina.com/sites/www.mooreburkina.com/files/styles/max_750x750/public/Applis%20Play%20Store%20images/Applis%20fulfulde/15%20fulfulde%20contes%20vol3%20audio.jpg.webp?itok=WuQ-BiPk,https://mooreburkina.com/fr/applications-smartphone/applis-en-fulfulde,Applis en Fulfulde | Mooré Burkina Faso,fulfulde;moore,,app,image,.webp,downloaded,assets/multilingual__fulfulde_moore/general/app/image/15_fulfulde_contes_vol3_audio.jpg__c4494363ed3da45e.webp,43098,9584a62b66ae4bc58b467aa0540846bb57a892e0640ffdbc04cfd187d9a639b8,image/webp,200,"""69ba4bc3-a85a""","Wed, 18 Mar 2026 06:52:51 GMT",2026-10-03T20:15:08.195404+00:00,
asset,393da002ee242925,https://mooreburkina.com/sites/www.mooreburkina.com/files/styles/max_750x750/public/Applis%20Play%20Store%20images/Applis%20fulfulde/16%20Bible%20Fulfulde%20BF.jpg.webp?itok=DZvwThYx,https://mooreburkina.com/fr/applications-smartphone/applis-en-fulfulde,Applis en Fulfulde | Mooré Burkina Faso,fulfulde;moore,,app,image,.webp,downloaded,assets/multilingual__fulfulde_moore/general/app/image/16_bible_fulfulde_bf.jpg__393da002ee242925.webp,40348,77b14bef8f0ee315dc32acc4131414307ac93ddbc7b2ed3c944b3af982ff116e,image/webp,200,"""69ba4b43-9d9c""","Wed, 18 Mar 2026 06:50:43 GMT",2026-10-03T20:15:08.576852+00:00,
asset,8777677ea66ee3be,https://mooreburkina.com/sites/www.mooreburkina.com/files/styles/max_750x750/public/Applis%20Play%20Store%20images/Applis%20fulfulde/Fulfulde%20dictionary%20on%20app%20Store.jpg.webp?itok=WQ6Yn6A7,https://mooreburkina.com/fr/applications-smartphone/applis-en-fulfulde,Applis en Fulfulde | Mooré Burkina Faso,fulfulde;moore,,app,image,.webp,downloaded,assets/multilingual__fulfulde_moore/general/app/image/fulfulde_dictionary_on_app_store.jpg__8777677ea66ee3be.webp,19122,07ab8776d70fb9cac8310203c559da909a78e2d88262a93c5853ed63c1f229bd,image/webp,200,"""69ba4b77-4ab2""","Wed, 18 Mar 2026 06:51:35 GMT",2026-10-03T20:15:08.958942+00:00,
asset,8c6efef9951ca831,https://mooreburkina.com/sites/www.mooreburkina.com/files/styles/max_750x750/public/Dictio%20apk/smarthphone%20fulfulde.jpg.webp?itok=kpUr8KaF,https://mooreburkina.com/fr/dictionnaire-moor%C3%A9/aplications-de-dictionnaires-pour-ordinateur,Applications de dictionnaires | Mooré Burkina Faso,fulfulde;moore,,dictionary,image,.webp,downloaded,assets/multilingual__fulfulde_moore/general/dictionary/image/smarthphone_fulfulde.jpg__8c6efef9951ca831.webp,25614,785347ed0e666ec36d193e159f863b2bd2489a10579fdac5d6350d9a819f2b25,image/webp,200,"""69b9eed9-640e""","Wed, 18 Mar 2026 00:16:25 GMT",2026-10-03T20:15:09.436922+00:00,
asset,505515bddcc08f80,https://mooreburkina.com/sites/www.mooreburkina.com/files/styles/max_750x750/public/Diction%20exe/dictionnaire%20fulfulde.jpg.webp?itok=2IQSdRt6,https://mooreburkina.com/fr/dictionnaire-moor%C3%A9/aplications-de-dictionnaires-pour-ordinateur,Applications de dictionnaires | Mooré Burkina Faso,fulfulde;moore,,dictionary,image,.webp,downloaded,assets/multilingual__fulfulde_moore/general/dictionary/image/dictionnaire_fulfulde.jpg__505515bddcc08f80.webp,11082,ff19d91c2f59ead6f480cb37b9a130ad2cb4bd83e0292991a94b72da3d800e81,image/webp,200,"""69b9eed9-2b4a""","Wed, 18 Mar 2026 00:16:25 GMT",2026-10-03T20:15:09.818620+00:00,
asset,5f6220cf8b8ebb82,https://mooreburkina.com/sites/www.mooreburkina.com/files/styles/max_750x750/public/pdf-files/1%20Fulfulde%20Lexique%20Corps.jpg.webp?itok=FsIeezka,https://mooreburkina.com/fr/fulfulde/documents-pdf-fulfulde,Documents pdf Fulfulde | Mooré Burkina Faso,fulfulde;moore,fulfulde_gurmaare;fulfulde_jelgoore;fulfulde_moosiire;fulfulde_yaagaare,book_document,image,.webp,downloaded,assets/multilingual__fulfulde_moore/multi_variant__fulfulde_gurmaare_fulfulde_jelgoore_fulfulde_moosiire_fulfulde_yaagaare/book_document/image/1_fulfulde_lexique_corps.jpg__5f6220cf8b8ebb82.webp,17660,1067f4804ad8ed0106ed74ef79937f5197dac25a9010db2226897ea95d8f968c,image/webp,200,"""69ba05be-44fc""","Wed, 18 Mar 2026 01:54:06 GMT",2026-10-03T20:15:10.296063+00:00,
asset,ef8f90ddb573c7e8,https://mooreburkina.com/sites/www.mooreburkina.com/files/styles/max_750x750/public/pdf-files/1%20Fulfulde%20Lexique%20Elev%20et%20Agric.jpg.webp?itok=FY7Yukyi,https://mooreburkina.com/fr/fulfulde/documents-pdf-fulfulde,Documents pdf Fulfulde | Mooré Burkina Faso,fulfulde;moore,fulfulde_gurmaare;fulfulde_jelgoore;fulfulde_moosiire;fulfulde_yaagaare,book_document,image,.webp,downloaded,assets/multilingual__fulfulde_moore/multi_variant__fulfulde_gurmaare_fulfulde_jelgoore_fulfulde_moosiire_fulfulde_yaagaare/book_document/image/1_fulfulde_lexique_elev_et_agric.jpg__ef8f90ddb573c7e8.webp,16634,cdb8d381d1ecbb2bcc0818830325348ecc07e8d1b542b7e82fef7b5b7896e77f,image/webp,200,"""69ba04d4-40fa""","Wed, 18 Mar 2026 01:50:12 GMT",2026-10-03T20:15:10.774244+00:00,
asset,523e90cf324c66ef,https://mooreburkina.com/sites/www.mooreburkina.com/files/styles/max_750x750/public/pdf-files/1%20Fulfulde%20Lexique%20Plantes.jpg.webp?itok=hZgpAj0s,https://mooreburkina.com/fr/fulfulde/documents-pdf-fulfulde,Documents pdf Fulfulde | Mooré Burkina Faso,fulfulde;moore,fulfulde_gurmaare;fulfulde_jelgoore;fulfulde_moosiire;fulfulde_yaagaare,book_document,image,.webp,downloaded,assets/multilingual__fulfulde_moore/multi_variant__fulfulde_gurmaare_fulfulde_jelgoore_fulfulde_moosiire_fulfulde_yaagaare/book_document/image/1_fulfulde_lexique_plantes.jpg__523e90cf324c66ef.webp,19048,c7e90c889010d3bc04640f0329cb276fb8e07af76a51d32a265edf3209a7d8ab,image/webp,200,"""69ba0518-4a68""","Wed, 18 Mar 2026 01:51:20 GMT",2026-10-03T20:15:11.249949+00:00,
asset,a84719759590730f,https://mooreburkina.com/sites/www.mooreburkina.com/files/styles/max_750x750/public/pdf-files/1%20Fulfulde%20Lexique%20maladies.jpg.webp?itok=gvMfBV_b,https://mooreburkina.com/fr/fulfulde/documents-pdf-fulfulde,Documents pdf Fulfulde | Mooré Burkina Faso,fulfulde;moore,fulfulde_gurmaare;fulfulde_jelgoore;fulfulde_moosiire;fulfulde_yaagaare,book_document,image,.webp,downloaded,assets/multilingual__fulfulde_moore/multi_variant__fulfulde_gurmaare_fulfulde_jelgoore_fulfulde_moosiire_fulfulde_yaagaare/book_document/image/1_fulfulde_lexique_maladies.jpg__a84719759590730f.webp,20180,bb514695e6478e6578da25add8b70e54bb24d923ec6a72b90af95e2d82208826,image/webp,200,"""69ba04d5-4ed4""","Wed, 18 Mar 2026 01:50:13 GMT",2026-10-03T20:15:11.726485+00:00,
asset,5116c1e3ccdaed59,https://mooreburkina.com/sites/www.mooreburkina.com/files/styles/max_750x750/public/pdf-files/1%20fulfulde%20Lexique%20animaux.jpg.webp?itok=SgtiuF0c,https://mooreburkina.com/fr/fulfulde/documents-pdf-fulfulde,Documents pdf Fulfulde | Mooré Burkina Faso,fulfulde;moore,fulfulde_gurmaare;fulfulde_jelgoore;fulfulde_moosiire;fulfulde_yaagaare,book_document,image,.webp,downloaded,assets/multilingual__fulfulde_moore/multi_variant__fulfulde_gurmaare_fulfulde_jelgoore_fulfulde_moosiire_fulfulde_yaagaare/book_document/image/1_fulfulde_lexique_animaux.jpg__5116c1e3ccdaed59.webp,20920,28d69f3764a9905aba1f9cb3742a17f407a61128dfddb401f4a6267203710ab4,image/webp,200,"""69ba0509-51b8""","Wed, 18 Mar 2026 01:51:05 GMT",2026-10-03T20:15:12.202351+00:00,
asset,3544e5ea0139e232,https://mooreburkina.com/sites/www.mooreburkina.com/files/styles/max_750x750/public/pdf-files/1%20fulfulde%20Lexique%20nourriture.jpg.webp?itok=LZCZe8CF,https://mooreburkina.com/fr/fulfulde/documents-pdf-fulfulde,Documents pdf Fulfulde | Mooré Burkina Faso,fulfulde;moore,fulfulde_gurmaare;fulfulde_jelgoore;fulfulde_moosiire;fulfulde_yaagaare,book_document,image,.webp,downloaded,assets/multilingual__fulfulde_moore/multi_variant__fulfulde_gurmaare_fulfulde_jelgoore_fulfulde_moosiire_fulfulde_yaagaare/book_document/image/1_fulfulde_lexique_nourriture.jpg__3544e5ea0139e232.webp,19226,79962ba1f1d3452c72d9bc87b9fffa5fd3e0b52565d6edc63165f71808bab26e,image/webp,200,"""69ba05aa-4b1a""","Wed, 18 Mar 2026 01:53:46 GMT",2026-10-03T20:15:12.602233+00:00,
asset,f3c9bf79209767fa,https://mooreburkina.com/sites/www.mooreburkina.com/files/Fulfulde%20grammar%20236%20pages.pdf,https://mooreburkina.com/fr/fulfulde/documents-pdf-fulfulde,Documents pdf Fulfulde | Mooré Burkina Faso,fulfulde;moore,fulfulde_gurmaare;fulfulde_jelgoore;fulfulde_moosiire;fulfulde_yaagaare,orthography,pdf,.pdf,downloaded,assets/multilingual__fulfulde_moore/multi_variant__fulfulde_gurmaare_fulfulde_jelgoore_fulfulde_moosiire_fulfulde_yaagaare/orthography/pdf/fulfulde_grammar_236_pages__f3c9bf79209767fa.pdf,2201843,db31c9870b62c15c5d4eff9cc27eeb426b4bdf5c71e636ff5ebbc19133aa4f25,application/pdf,200,"""656d9dd9-2198f3""","Mon, 04 Dec 2023 09:37:29 GMT",2026-10-03T20:15:13.577505+00:00,
asset,1b0c1223c6b5645c,https://mooreburkina.com/sites/www.mooreburkina.com/files/Gurmaare%20Language%20Learning%20lessons.pdf,https://mooreburkina.com/fr/fulfulde/documents-pdf-fulfulde,Documents pdf Fulfulde | Mooré Burkina Faso,fulfulde;moore,fulfulde_gurmaare,orthography,pdf,.pdf,downloaded,assets/multilingual__fulfulde_moore/fulfulde_gurmaare/orthography/pdf/gurmaare_language_learning_lessons__1b0c1223c6b5645c.pdf,5139020,f5f8bfb9dc6a38f1a2c6576adc82bd523dfc356f269a0d1d0f406e4dcdb31061,application/pdf,200,"""656d9e25-4e6a4c""","Mon, 04 Dec 2023 09:38:45 GMT",2026-10-03T20:15:14.178074+00:00,
asset,9cba54161e5a75b8,https://mooreburkina.com/sites/www.mooreburkina.com/files/Jelgoore%20Language%20Learning%20lessons.pdf,https://mooreburkina.com/fr/fulfulde/documents-pdf-fulfulde,Documents pdf Fulfulde | Mooré Burkina Faso,fulfulde;moore,fulfulde_jelgoore,orthography,pdf,.pdf,downloaded,assets/multilingual__fulfulde_moore/fulfulde_jelgoore/orthography/pdf/jelgoore_language_learning_lessons__9cba54161e5a75b8.pdf,4734435,54768828aa528cb4664a1264a288b6bb864b2f6b37b20c1996af48c305367bb7,application/pdf,200,"""656d9e59-483de3""","Mon, 04 Dec 2023 09:39:37 GMT",2026-10-03T20:15:14.703725+00:00,
asset,0a66e06de31b2a89,https://mooreburkina.com/sites/www.mooreburkina.com/files/Moosiire%20Language%20Learning%20lessons.pdf,https://mooreburkina.com/fr/fulfulde/documents-pdf-fulfulde,Documents pdf Fulfulde | Mooré Burkina Faso,fulfulde;moore,fulfulde_moosiire,orthography,pdf,.pdf,downloaded,assets/multilingual__fulfulde_moore/fulfulde_moosiire/orthography/pdf/moosiire_language_learning_lessons__0a66e06de31b2a89.pdf,5226896,f1c0d0f9e897a4839a9d2cedaca23eb55bb7baeb47b466c921b2aae124db1f8f,application/pdf,200,"""656d9e7f-4fc190""","Mon, 04 Dec 2023 09:40:15 GMT",2026-10-03T20:15:15.216067+00:00,
asset,638461467c597221,https://mooreburkina.com/sites/www.mooreburkina.com/files/Yaagaare%20Language%20Learning%20lessons.pdf,https://mooreburkina.com/fr/fulfulde/documents-pdf-fulfulde,Documents pdf Fulfulde | Mooré Burkina Faso,fulfulde;moore,fulfulde_yaagaare,orthography,pdf,.pdf,downloaded,assets/multilingual__fulfulde_moore/fulfulde_yaagaare/orthography/pdf/yaagaare_language_learning_lessons__638461467c597221.pdf,5124233,12170d0c9e1f584b0e1fc5e4f9f5fa99f8f48932265a8a120cdbb9f6c92841a1,application/pdf,200,"""656d9ea1-4e3089""","Mon, 04 Dec 2023 09:40:49 GMT",2026-10-03T20:15:15.729410+00:00,
asset,87c31eb8346736e4,https://mooreburkina.com/sites/www.mooreburkina.com/files/media_stream/encodings/video_download_mp4_150/1037-.mp4,https://mooreburkina.com/fr/fulfulde/vid%C3%A9os-en-diaporama-fulfulde,Vidéos en diaporama fulfulde | Mooré Burkina Faso,fulfulde;moore,,other,video,.mp4,downloaded,assets/multilingual__fulfulde_moore/general/other/video/1037__87c31eb8346736e4.mp4,729514,cf5f643fe81405929daf5204ac34aaaf19b2b130a0a0f0e4ca15e9a8e31c5d2f,video/mp4,200,"""65941011-b21aa""","Tue, 02 Jan 2024 13:30:57 GMT",2026-10-03T20:15:16.121528+00:00,
asset,904c753629373d00,https://mooreburkina.com/sites/www.mooreburkina.com/files/media_stream/encodings/video_download_mp4_150/1040-.mp4,https://mooreburkina.com/fr/fulfulde/vid%C3%A9os-en-diaporama-fulfulde,Vidéos en diaporama fulfulde | Mooré Burkina Faso,fulfulde;moore,,other,video,.mp4,downloaded,assets/multilingual__fulfulde_moore/general/other/video/1040__904c753629373d00.mp4,1619043,6470dbe4a45007451b525489f56aab89d6e64d70b79a7c6df566dbf4dab4ae29,video/mp4,200,"""659410dd-18b463""","Tue, 02 Jan 2024 13:34:21 GMT",2026-10-03T20:15:16.528167+00:00,
asset,79ec6e5f23b86ecb,https://mooreburkina.com/sites/www.mooreburkina.com/files/media_stream/encodings/video_download_mp4_150/1043-.mp4,https://mooreburkina.com/fr/fulfulde/vid%C3%A9os-en-diaporama-fulfulde,Vidéos en diaporama fulfulde | Mooré Burkina Faso,fulfulde;moore,,other,video,.mp4,downloaded,assets/multilingual__fulfulde_moore/general/other/video/1043__79ec6e5f23b86ecb.mp4,1403119,f65bc22e89c2c606d9946a7d09463dd890cb17eef642f99d2018654b9ff72a63,video/mp4,200,"""6594118f-1568ef""","Tue, 02 Jan 2024 13:37:19 GMT",2026-10-03T20:15:16.932331+00:00,
asset,2e0b265c4ae4ce3f,https://mooreburkina.com/sites/www.mooreburkina.com/files/media_stream/encodings/video_download_mp4_150/1046-.mp4,https://mooreburkina.com/fr/fulfulde/vid%C3%A9os-en-diaporama-fulfulde,Vidéos en diaporama fulfulde | Mooré Burkina Faso,fulfulde;moore,,other,video,.mp4,downloaded,assets/multilingual__fulfulde_moore/general/other/video/1046__2e0b265c4ae4ce3f.mp4,1653941,7bc145d46981b9ec499444ca66816565303310eecfb530fda3a22634d62dc24e,video/mp4,200,"""659411ec-193cb5""","Tue, 02 Jan 2024 13:38:52 GMT",2026-10-03T20:15:17.413729+00:00,
asset,42f5bd5dd1925fab,https://mooreburkina.com/sites/www.mooreburkina.com/files/media_stream/encodings/video_download_mp4_150/1049-.mp4,https://mooreburkina.com/fr/fulfulde/vid%C3%A9os-en-diaporama-fulfulde,Vidéos en diaporama fulfulde | Mooré Burkina Faso,fulfulde;moore,,other,video,.mp4,downloaded,assets/multilingual__fulfulde_moore/general/other/video/1049__42f5bd5dd1925fab.mp4,499142,b0dbcdadfe8938f87d0d45d471b1630a9388f3150d15717e6f3bb50cf53bc24d,video/mp4,200,"""65941bd2-79dc6""","Tue, 02 Jan 2024 14:21:06 GMT",2026-10-03T20:15:17.820390+00:00,
asset,fe8bad001aa7713b,https://mooreburkina.com/sites/www.mooreburkina.com/files/media_stream/encodings/video_download_mp4_150/1052-.mp4,https://mooreburkina.com/fr/fulfulde/vid%C3%A9os-en-diaporama-fulfulde,Vidéos en diaporama fulfulde | Mooré Burkina Faso,fulfulde;moore,,other,video,.mp4,downloaded,assets/multilingual__fulfulde_moore/general/other/video/1052__fe8bad001aa7713b.mp4,1425798,781f8fe99c438848457815f2f53d7085742f4e1da99b5937b33db90bb689c2f6,video/mp4,200,"""65941c87-15c186""","Tue, 02 Jan 2024 14:24:07 GMT",2026-10-03T20:15:18.310589+00:00,
asset,9063f115d7f590fb,https://mooreburkina.com/sites/www.mooreburkina.com/files/media_stream/encodings/video_download_mp4_150/1055-.mp4,https://mooreburkina.com/fr/fulfulde/vid%C3%A9os-en-diaporama-fulfulde,Vidéos en diaporama fulfulde | Mooré Burkina Faso,fulfulde;moore,,other,video,.mp4,downloaded,assets/multilingual__fulfulde_moore/general/other/video/1055__9063f115d7f590fb.mp4,3677402,69aefa644fa8868d4c15f2df42c3ba1a1970fff2c9a31f3b71f6bca5b489e599,video/mp4,200,"""65941da0-381cda""","Tue, 02 Jan 2024 14:28:48 GMT",2026-10-03T20:15:18.891674+00:00,
asset,47028644f0e1ed31,https://mooreburkina.com/sites/www.mooreburkina.com/files/media_stream/encodings/video_download_mp4_150/1058-.mp4,https://mooreburkina.com/fr/fulfulde/vid%C3%A9os-en-diaporama-fulfulde,Vidéos en diaporama fulfulde | Mooré Burkina Faso,fulfulde;moore,,other,video,.mp4,downloaded,assets/multilingual__fulfulde_moore/general/other/video/1058__47028644f0e1ed31.mp4,4809452,998b1d6659dc8bbb6155be0ec2e884be734a0eec9386b1444d632ae75407ee4d,video/mp4,200,"""65941f4f-4962ec""","Tue, 02 Jan 2024 14:35:59 GMT",2026-10-03T20:15:19.401816+00:00,
asset,530ec76ce52b502a,https://mooreburkina.com/sites/www.mooreburkina.com/files/media_stream/encodings/video_download_mp4_150/593-.mp4,https://mooreburkina.com/fr/fulfulde,Fulfulde | Mooré Burkina Faso,fulfulde;moore,,other,video,.mp4,downloaded,assets/multilingual__fulfulde_moore/general/other/video/593__530ec76ce52b502a.mp4,5464943,f4fc287c6a1f5a06d4cd47a13f2ccc4e5cfcea8b834e719db9bef6a2676e7edf,video/mp4,200,"""5e517b36-53636f""","Sat, 22 Feb 2020 19:04:22 GMT",2026-10-03T20:15:19.915176+00:00,
asset,4b716bd48901cb9f,https://mooreburkina.com/sites/www.mooreburkina.com/files/media_stream/encodings/video_download_mp4_150/971-.mp4,https://mooreburkina.com/fr/fulfulde/vid%C3%A9os-en-diaporama-fulfulde,Vidéos en diaporama fulfulde | Mooré Burkina Faso,fulfulde;moore,,other,video,.mp4,downloaded,assets/multilingual__fulfulde_moore/general/other/video/971__4b716bd48901cb9f.mp4,2279645,aa290ed04821442e1e463a266608f18d102c8ad0ca191d44da0e1fa8f1f874f6,video/mp4,200,"""658b3430-22c8dd""","Tue, 26 Dec 2023 20:14:40 GMT",2026-10-03T20:15:20.322236+00:00,
asset,23ad9e902de9d32a,https://mooreburkina.com/sites/www.mooreburkina.com/files/media_stream/encodings/video_download_mp4_150/974-.mp4,https://mooreburkina.com/fr/fulfulde/vid%C3%A9os-en-diaporama-fulfulde,Vidéos en diaporama fulfulde | Mooré Burkina Faso,fulfulde;moore,,other,video,.mp4,downloaded,assets/multilingual__fulfulde_moore/general/other/video/974__23ad9e902de9d32a.mp4,1146762,5de05fa02c3140b58e288cb10c47023f5df3cdf0ee5cc62816d50cb843f855bd,video/mp4,200,"""658b351f-117f8a""","Tue, 26 Dec 2023 20:18:39 GMT",2026-10-03T20:15:20.729529+00:00,
asset,dfa60ec8d782c0db,https://mooreburkina.com/sites/www.mooreburkina.com/files/media_stream/encodings/video_download_mp4_150/977-.mp4,https://mooreburkina.com/fr/fulfulde/vid%C3%A9os-en-diaporama-fulfulde,Vidéos en diaporama fulfulde | Mooré Burkina Faso,fulfulde;moore,,other,video,.mp4,downloaded,assets/multilingual__fulfulde_moore/general/other/video/977__dfa60ec8d782c0db.mp4,1117175,a37d59aa09e29121410d28710ce24ca65ea8ffedf18eb0a4ae87c3a1c9f86063,video/mp4,200,"""658b359f-110bf7""","Tue, 26 Dec 2023 20:20:47 GMT",2026-10-03T20:15:21.129575+00:00,
asset,a01f0ed4a4f6031a,https://mooreburkina.com/sites/www.mooreburkina.com/files/media_stream/encodings/video_download_mp4_150/980-.mp4,https://mooreburkina.com/fr/fulfulde/vid%C3%A9os-en-diaporama-fulfulde,Vidéos en diaporama fulfulde | Mooré Burkina Faso,fulfulde;moore,,other,video,.mp4,downloaded,assets/multilingual__fulfulde_moore/general/other/video/980__a01f0ed4a4f6031a.mp4,815522,caefbd58d476cabda517d9c4f7f50a2edef3c33d86207d2de5efc035132cdc7f,video/mp4,200,"""658b3639-c71a2""","Tue, 26 Dec 2023 20:23:21 GMT",2026-10-03T20:15:21.536348+00:00,
asset,356fdb57cf42abd1,https://mooreburkina.com/sites/www.mooreburkina.com/files/media_stream/encodings/video_download_mp4_480/1037-.mp4,https://mooreburkina.com/fr/fulfulde/vid%C3%A9os-en-diaporama-fulfulde,Vidéos en diaporama fulfulde | Mooré Burkina Faso,fulfulde;moore,,other,video,.mp4,downloaded,assets/multilingual__fulfulde_moore/general/other/video/1037__356fdb57cf42abd1.mp4,4201043,ac39040d2b69eac5bf11000a1e8112f8e9e65673a702cd2ab453fe2b3e6f00c9,video/mp4,200,"""65940ffd-401a53""","Tue, 02 Jan 2024 13:30:37 GMT",2026-10-03T20:15:22.152340+00:00,
asset,2026f1c95cb04668,https://mooreburkina.com/sites/www.mooreburkina.com/files/media_stream/encodings/video_download_mp4_480/1040-.mp4,https://mooreburkina.com/fr/fulfulde/vid%C3%A9os-en-diaporama-fulfulde,Vidéos en diaporama fulfulde | Mooré Burkina Faso,fulfulde;moore,,other,video,.mp4,downloaded,assets/multilingual__fulfulde_moore/general/other/video/1040__2026f1c95cb04668.mp4,9410777,50f3ebe0cd1116c97f56becb85e8b14e850c011f21ecaff045dd54bc069385f8,video/mp4,200,"""65941099-8f98d9""","Tue, 02 Jan 2024 13:33:13 GMT",2026-10-03T20:15:22.771372+00:00,
asset,f1b73ea9bf0d725e,https://mooreburkina.com/sites/www.mooreburkina.com/files/media_stream/encodings/video_download_mp4_480/1043-.mp4,https://mooreburkina.com/fr/fulfulde/vid%C3%A9os-en-diaporama-fulfulde,Vidéos en diaporama fulfulde | Mooré Burkina Faso,fulfulde;moore,,other,video,.mp4,downloaded,assets/multilingual__fulfulde_moore/general/other/video/1043__f1b73ea9bf0d725e.mp4,8253207,4f8e528a8ef04e60c818adbeb35b305f1b5031551c13d25a2a736dd6c3fb8e90,video/mp4,200,"""65941138-7def17""","Tue, 02 Jan 2024 13:35:52 GMT",2026-10-03T20:15:23.386047+00:00,
asset,c3ff0c85ba913c35,https://mooreburkina.com/sites/www.mooreburkina.com/files/media_stream/encodings/video_download_mp4_480/1046-.mp4,https://mooreburkina.com/fr/fulfulde/vid%C3%A9os-en-diaporama-fulfulde,Vidéos en diaporama fulfulde | Mooré Burkina Faso,fulfulde;moore,,other,video,.mp4,downloaded,assets/multilingual__fulfulde_moore/general/other/video/1046__c3ff0c85ba913c35.mp4,9584948,078e6fe58e4de86fbc04effa77d9f7ca43d3080990e110158731edaf2c887eb5,video/mp4,200,"""659411a3-924134""","Tue, 02 Jan 2024 13:37:39 GMT",2026-10-03T20:15:24.011244+00:00,
asset,6d5b863dee3bec1f,https://mooreburkina.com/sites/www.mooreburkina.com/files/media_stream/encodings/video_download_mp4_480/1049-.mp4,https://mooreburkina.com/fr/fulfulde/vid%C3%A9os-en-diaporama-fulfulde,Vidéos en diaporama fulfulde | Mooré Burkina Faso,fulfulde;moore,,other,video,.mp4,downloaded,assets/multilingual__fulfulde_moore/general/other/video/1049__6d5b863dee3bec1f.mp4,2996563,4262c45eb78882b8596606ebc04d027cff22f67c8039dc780e6369fabff4fcc2,video/mp4,200,"""65941bd3-2db953""","Tue, 02 Jan 2024 14:21:07 GMT",2026-10-03T20:15:24.426314+00:00,
asset,5ebf8caaf884194a,https://mooreburkina.com/sites/www.mooreburkina.com/files/media_stream/encodings/video_download_mp4_480/1052-.mp4,https://mooreburkina.com/fr/fulfulde/vid%C3%A9os-en-diaporama-fulfulde,Vidéos en diaporama fulfulde | Mooré Burkina Faso,fulfulde;moore,,other,video,.mp4,downloaded,assets/multilingual__fulfulde_moore/general/other/video/1052__5ebf8caaf884194a.mp4,8424214,12e2af777be0cb89e9ee131ded9dea6c8a6a4e684348ab9d2c8c541c2cdbe32a,video/mp4,200,"""65941c7d-808b16""","Tue, 02 Jan 2024 14:23:57 GMT",2026-10-03T20:15:25.046413+00:00,
asset,e32c8d7d04540a45,https://mooreburkina.com/sites/www.mooreburkina.com/files/media_stream/encodings/video_download_mp4_480/1055-.mp4,https://mooreburkina.com/fr/fulfulde/vid%C3%A9os-en-diaporama-fulfulde,Vidéos en diaporama fulfulde | Mooré Burkina Faso,fulfulde;moore,,other,video,.mp4,downloaded,assets/multilingual__fulfulde_moore/general/other/video/1055__e32c8d7d04540a45.mp4,21119621,eda7d1871609267c062617b77dd40ff23d714ae473e404376ed99a15b3e7ef7e,video/mp4,200,"""65941d80-1424285""","Tue, 02 Jan 2024 14:28:16 GMT",2026-10-03T20:15:26.075184+00:00,
asset,e48a24f70ce9eae8,https://mooreburkina.com/sites/www.mooreburkina.com/files/media_stream/encodings/video_download_mp4_480/1058-.mp4,https://mooreburkina.com/fr/fulfulde/vid%C3%A9os-en-diaporama-fulfulde,Vidéos en diaporama fulfulde | Mooré Burkina Faso,fulfulde;moore,,other,video,.mp4,downloaded,assets/multilingual__fulfulde_moore/general/other/video/1058__e48a24f70ce9eae8.mp4,27632637,c2ab14eb55eb793fe3f3bf2b149e682fe80775c31d6fb1e5a0ed134529335233,video/mp4,200,"""65941edf-1a5a3fd""","Tue, 02 Jan 2024 14:34:07 GMT",2026-10-03T20:15:27.240600+00:00,
asset,27a233e3830e3618,https://mooreburkina.com/sites/www.mooreburkina.com/files/media_stream/encodings/video_download_mp4_480/971-.mp4,https://mooreburkina.com/fr/fulfulde/vid%C3%A9os-en-diaporama-fulfulde,Vidéos en diaporama fulfulde | Mooré Burkina Faso,fulfulde;moore,,other,video,.mp4,downloaded,assets/multilingual__fulfulde_moore/general/other/video/971__27a233e3830e3618.mp4,13216150,6034f5cfc165b6220648ef36e457553d59625e6da98d47c179b004e5d68fde07,video/mp4,200,"""658b343f-c9a996""","Tue, 26 Dec 2023 20:14:55 GMT",2026-10-03T20:15:28.044305+00:00,
asset,43166277816a5f81,https://mooreburkina.com/sites/www.mooreburkina.com/files/media_stream/encodings/video_download_mp4_480/974-.mp4,https://mooreburkina.com/fr/fulfulde/vid%C3%A9os-en-diaporama-fulfulde,Vidéos en diaporama fulfulde | Mooré Burkina Faso,fulfulde;moore,,other,video,.mp4,downloaded,assets/multilingual__fulfulde_moore/general/other/video/974__43166277816a5f81.mp4,6586694,7c78f759d43481c9995bf3998684038bcd41bc556f8a4dde7bce5e1ccafe49c6,video/mp4,200,"""658b34d9-648146""","Tue, 26 Dec 2023 20:17:29 GMT",2026-10-03T20:15:28.570171+00:00,
asset,72c41bca10836b0c,https://mooreburkina.com/sites/www.mooreburkina.com/files/media_stream/encodings/video_download_mp4_480/977-.mp4,https://mooreburkina.com/fr/fulfulde/vid%C3%A9os-en-diaporama-fulfulde,Vidéos en diaporama fulfulde | Mooré Burkina Faso,fulfulde;moore,,other,video,.mp4,downloaded,assets/multilingual__fulfulde_moore/general/other/video/977__72c41bca10836b0c.mp4,6540794,428b162c7bdbcdea2d62bddd53e32e82567ab694370883679f8700f93e9331ed,video/mp4,200,"""658b355e-63cdfa""","Tue, 26 Dec 2023 20:19:42 GMT",2026-10-03T20:15:29.089852+00:00,
asset,6a9d62d739713fe7,https://mooreburkina.com/sites/www.mooreburkina.com/files/media_stream/encodings/video_download_mp4_480/980-.mp4,https://mooreburkina.com/fr/fulfulde/vid%C3%A9os-en-diaporama-fulfulde,Vidéos en diaporama fulfulde | Mooré Burkina Faso,fulfulde;moore,,other,video,.mp4,downloaded,assets/multilingual__fulfulde_moore/general/other/video/980__6a9d62d739713fe7.mp4,4723217,24fb86ff572373a84801b638ea04dc61ced6613edd37c40e42bc2b74a04aa2f6,video/mp4,200,"""658b35f3-481211""","Tue, 26 Dec 2023 20:22:11 GMT",2026-10-03T20:15:29.592454+00:00,
asset,8dca1e56b95c6770,https://mooreburkina.com/sites/www.mooreburkina.com/files/media_stream/encodings/video_download_mp4_orig_qual/1037-.mp4,https://mooreburkina.com/fr/fulfulde/vid%C3%A9os-en-diaporama-fulfulde,Vidéos en diaporama fulfulde | Mooré Burkina Faso,fulfulde;moore,,other,video,.mp4,downloaded,assets/multilingual__fulfulde_moore/general/other/video/1037__8dca1e56b95c6770.mp4,27040172,004d87ca32b70ef2ab774a4a22241596777ebf17542de5208c25d20410f7ef3e,video/mp4,200,"""6594111a-19c99ac""","Tue, 02 Jan 2024 13:35:22 GMT",2026-10-03T20:15:30.759399+00:00,
asset,e9a266340853ad92,https://mooreburkina.com/sites/www.mooreburkina.com/files/media_stream/encodings/video_download_mp4_orig_qual/1040-.mp4,https://mooreburkina.com/fr/fulfulde/vid%C3%A9os-en-diaporama-fulfulde,Vidéos en diaporama fulfulde | Mooré Burkina Faso,fulfulde;moore,,other,video,.mp4,downloaded,assets/multilingual__fulfulde_moore/general/other/video/1040__e9a266340853ad92.mp4,61175295,aee2db46857722d2b24a496185ae0d3145f79d84ffddda1d63dbc12830c27e10,video/mp4,200,"""659413af-3a575ff""","Tue, 02 Jan 2024 13:46:23 GMT",2026-10-03T20:15:32.898329+00:00,
asset,5608e4c16020c543,https://mooreburkina.com/sites/www.mooreburkina.com/files/media_stream/encodings/video_download_mp4_orig_qual/1043-.mp4,https://mooreburkina.com/fr/fulfulde/vid%C3%A9os-en-diaporama-fulfulde,Vidéos en diaporama fulfulde | Mooré Burkina Faso,fulfulde;moore,,other,video,.mp4,downloaded,assets/multilingual__fulfulde_moore/general/other/video/1043__5608e4c16020c543.mp4,42645565,3a31bd2cae69e0112c4ee03344616f0c73eb80e246f78391eee8c6f30f663e54,video/mp4,200,"""6594134a-28ab83d""","Tue, 02 Jan 2024 13:44:42 GMT",2026-10-03T20:15:34.568208+00:00,
asset,bdb25d108ae8efd0,https://mooreburkina.com/sites/www.mooreburkina.com/files/media_stream/encodings/video_download_mp4_orig_qual/1046-.mp4,https://mooreburkina.com/fr/fulfulde/vid%C3%A9os-en-diaporama-fulfulde,Vidéos en diaporama fulfulde | Mooré Burkina Faso,fulfulde;moore,,other,video,.mp4,downloaded,assets/multilingual__fulfulde_moore/general/other/video/1046__bdb25d108ae8efd0.mp4,56484266,f516f8d55871e9b8b2d0d01cfc45237446ec3d24f3b0d8a3f32392c3fe655497,video/mp4,200,"""65941464-35de1aa""","Tue, 02 Jan 2024 13:49:24 GMT",2026-10-03T20:15:36.679737+00:00,
asset,7ac75e1a213fb955,https://mooreburkina.com/sites/www.mooreburkina.com/files/media_stream/encodings/video_download_mp4_orig_qual/1049-.mp4,https://mooreburkina.com/fr/fulfulde/vid%C3%A9os-en-diaporama-fulfulde,Vidéos en diaporama fulfulde | Mooré Burkina Faso,fulfulde;moore,,other,video,.mp4,downloaded,assets/multilingual__fulfulde_moore/general/other/video/1049__7ac75e1a213fb955.mp4,16455272,14cd0934f763db8655dac29cb6f0db89de9250765843ae9d4678444537e148a7,video/mp4,200,"""65941c80-fb1668""","Tue, 02 Jan 2024 14:24:00 GMT",2026-10-03T20:15:37.525106+00:00,
asset,a2ca6a51109ecaa9,https://mooreburkina.com/sites/www.mooreburkina.com/files/media_stream/encodings/video_download_mp4_orig_qual/1052-.mp4,https://mooreburkina.com/fr/fulfulde/vid%C3%A9os-en-diaporama-fulfulde,Vidéos en diaporama fulfulde | Mooré Burkina Faso,fulfulde;moore,,other,video,.mp4,downloaded,assets/multilingual__fulfulde_moore/general/other/video/1052__a2ca6a51109ecaa9.mp4,45824955,404815d35380cf0b9e367119a0f52b9860bbf047d9c9f1dc3c0a1ac6863fa4f5,video/mp4,200,"""65941dfb-2bb3bbb""","Tue, 02 Jan 2024 14:30:19 GMT",2026-10-03T20:15:39.162367+00:00,
asset,da0e565cd185442d,https://mooreburkina.com/sites/www.mooreburkina.com/files/media_stream/encodings/video_download_mp4_orig_qual/1055-.mp4,https://mooreburkina.com/fr/fulfulde/vid%C3%A9os-en-diaporama-fulfulde,Vidéos en diaporama fulfulde | Mooré Burkina Faso,fulfulde;moore,,other,video,.mp4,downloaded,assets/multilingual__fulfulde_moore/general/other/video/1055__da0e565cd185442d.mp4,138957955,f625abbac49427205309adcc3fccda76d7b64c90619fff818f8360492df9bf9c,video/mp4,200,"""65942175-8485483""","Tue, 02 Jan 2024 14:45:09 GMT",2026-10-03T20:15:43.596667+00:00,
asset,a3020629b96fc1e1,https://mooreburkina.com/sites/www.mooreburkina.com/files/media_stream/encodings/video_download_mp4_orig_qual/1058-.mp4,https://mooreburkina.com/fr/fulfulde/vid%C3%A9os-en-diaporama-fulfulde,Vidéos en diaporama fulfulde | Mooré Burkina Faso,fulfulde;moore,,other,video,.mp4,downloaded,assets/multilingual__fulfulde_moore/general/other/video/1058__a3020629b96fc1e1.mp4,175678997,84f3bd034f51d6feef70ed59447eca08986e4663713e1cd1a22aafbca5b7d025,video/mp4,200,"""65942431-a78a615""","Tue, 02 Jan 2024 14:56:49 GMT",2026-10-03T20:15:49.161730+00:00,
asset,5188c1141bf53086,https://mooreburkina.com/sites/www.mooreburkina.com/files/media_stream/encodings/video_download_mp4_orig_qual/593-.mp4,https://mooreburkina.com/fr/fulfulde,Fulfulde | Mooré Burkina Faso,fulfulde;moore,,other,video,.mp4,downloaded,assets/multilingual__fulfulde_moore/general/other/video/593__5188c1141bf53086.mp4,18521403,81efbceb0c4dd48db56ad40c2d172796fed39dc85b9d09e0e466ff55d3084352,video/mp4,200,"""5e517b98-11a9d3b""","Sat, 22 Feb 2020 19:06:00 GMT",2026-10-03T20:15:50.028172+00:00,
asset,d766803ef0e00a7e,https://mooreburkina.com/sites/www.mooreburkina.com/files/media_stream/encodings/video_download_mp4_orig_qual/971-.mp4,https://mooreburkina.com/fr/fulfulde/vid%C3%A9os-en-diaporama-fulfulde,Vidéos en diaporama fulfulde | Mooré Burkina Faso,fulfulde;moore,,other,video,.mp4,downloaded,assets/multilingual__fulfulde_moore/general/other/video/971__d766803ef0e00a7e.mp4,92292809,b55dba3d3f2b9668b9b73ffa6c6a8795f4e8b81f5dac89b986004c3919bdbad9,video/mp4,200,"""658b3626-58046c9""","Tue, 26 Dec 2023 20:23:02 GMT",2026-10-03T20:15:52.983605+00:00,
asset,f00e5f28fab50368,https://mooreburkina.com/sites/www.mooreburkina.com/files/media_stream/encodings/video_download_mp4_orig_qual/974-.mp4,https://mooreburkina.com/fr/fulfulde/vid%C3%A9os-en-diaporama-fulfulde,Vidéos en diaporama fulfulde | Mooré Burkina Faso,fulfulde;moore,,other,video,.mp4,downloaded,assets/multilingual__fulfulde_moore/general/other/video/974__f00e5f28fab50368.mp4,49921792,6899a5c222ccbfebe7725b4fee7cb97072263050a65fb1149592dbbcf81558eb,video/mp4,200,"""658b368c-2f9bf00""","Tue, 26 Dec 2023 20:24:44 GMT",2026-10-03T20:15:54.912692+00:00,
asset,92d7a20300b40935,https://mooreburkina.com/sites/www.mooreburkina.com/files/media_stream/encodings/video_download_mp4_orig_qual/977-.mp4,https://mooreburkina.com/fr/fulfulde/vid%C3%A9os-en-diaporama-fulfulde,Vidéos en diaporama fulfulde | Mooré Burkina Faso,fulfulde;moore,,other,video,.mp4,downloaded,assets/multilingual__fulfulde_moore/general/other/video/977__92d7a20300b40935.mp4,44508911,6752ec00ca3121fa437e8f17e6a59bc66cd1f5ae327749282223ea4a16baf4fa,video/mp4,200,"""658b3722-2a726ef""","Tue, 26 Dec 2023 20:27:14 GMT",2026-10-03T20:15:56.626270+00:00,
asset,0988e60da526e19f,https://mooreburkina.com/sites/www.mooreburkina.com/files/media_stream/encodings/video_download_mp4_orig_qual/980-.mp4,https://mooreburkina.com/fr/fulfulde/vid%C3%A9os-en-diaporama-fulfulde,Vidéos en diaporama fulfulde | Mooré Burkina Faso,fulfulde;moore,,other,video,.mp4,downloaded,assets/multilingual__fulfulde_moore/general/other/video/980__0988e60da526e19f.mp4,32495589,efe454e25caf59de64e6894fe9e620a45a90b2f8e2a7ce69b70e4e3354225b2a,video/mp4,200,"""658b3719-1efd7e5""","Tue, 26 Dec 2023 20:27:05 GMT",2026-10-03T20:15:57.903294+00:00,
asset,062eedbb0210af17,https://mooreburkina.com/sites/www.mooreburkina.com/files/Dictio%20apk/Gourmanche_Dictionary-1.0.apk?id=com.gourma.dic.burkina&hl=fr,https://mooreburkina.com/fr/dictionnaire-moor%C3%A9/aplications-de-dictionnaires-pour-ordinateur,Applications de dictionnaires | Mooré Burkina Faso,gulimancema;moore,,dictionary,app,.apk,downloaded,assets/multilingual__gulimancema_moore/general/dictionary/app/gourmanche_dictionary-1.0__062eedbb0210af17.apk,95998571,2cf68757170e0d26115628d93fbe765aad5705f328099cffd1d52ae527ab8214,application/octet-stream,200,"""606db498-5b8d26b""","Wed, 07 Apr 2021 13:33:12 GMT",2026-10-03T20:16:01.175809+00:00,
asset,d2b943c64075b6ac,https://mooreburkina.com/modules/custom/wildfire_dbp/images/luk/luk_0637.webp,https://mooreburkina.com/fr/gulimancema/evangile-de-luc,Evangile de Luc | Mooré Burkina Faso,gulimancema;moore,,religious,image,.webp,downloaded,assets/multilingual__gulimancema_moore/general/religious/image/luk_0637__d2b943c64075b6ac.webp,22704,398375cc23b3fe2835905774bbe55279e644645394bbe7b9d4e7f02e6758920f,image/webp,200,"""6a5954a3-58b0""","Thu, 16 Jul 2026 22:01:07 GMT",2026-10-03T20:16:01.566710+00:00,
asset,7b8e82eb13d58406,https://mooreburkina.com/modules/custom/wildfire_dbp/images/luk/luk_0711.webp,https://mooreburkina.com/fr/gulimancema/evangile-de-luc,Evangile de Luc | Mooré Burkina Faso,gulimancema;moore,,religious,image,.webp,downloaded,assets/multilingual__gulimancema_moore/general/religious/image/luk_0711__7b8e82eb13d58406.webp,25752,86d118a4b65ce6f19fd0e699f2a80ec825bb5345d975a9a8b7b677289c03bb85,image/webp,200,"""6a5954a3-6498""","Thu, 16 Jul 2026 22:01:07 GMT",2026-10-03T20:16:01.947645+00:00,
asset,0b24ea1d36798196,https://mooreburkina.com/modules/custom/wildfire_dbp/images/luk/luk_0957.webp,https://mooreburkina.com/fr/gulimancema/evangile-de-luc,Evangile de Luc | Mooré Burkina Faso,gulimancema;moore,,religious,image,.webp,downloaded,assets/multilingual__gulimancema_moore/general/religious/image/luk_0957__0b24ea1d36798196.webp,8766,bda75bb716c0b57fa79f0fe9fa89361bd95aa234b357c5984117e9c06f78f04c,image/webp,200,"""6a5954a3-223e""","Thu, 16 Jul 2026 22:01:07 GMT",2026-10-03T20:16:02.328399+00:00,
asset,77ef84de1fc22491,https://mooreburkina.com/modules/custom/wildfire_dbp/images/luk/luk_1137.webp,https://mooreburkina.com/fr/gulimancema/evangile-de-luc,Evangile de Luc | Mooré Burkina Faso,gulimancema;moore,,religious,image,.webp,downloaded,assets/multilingual__gulimancema_moore/general/religious/image/luk_1137__77ef84de1fc22491.webp,12374,e5743b93de5a5a678e44fa1baf693d87960eed73f8de2767294a291c259c305c,image/webp,200,"""6a5954a3-3056""","Thu, 16 Jul 2026 22:01:07 GMT",2026-10-03T20:16:02.725298+00:00,
asset,ef1717b07251e54e,https://mooreburkina.com/modules/custom/wildfire_dbp/images/luk/luk_2027.webp,https://mooreburkina.com/fr/gulimancema/evangile-de-luc,Evangile de Luc | Mooré Burkina Faso,gulimancema;moore,,religious,image,.webp,downloaded,assets/multilingual__gulimancema_moore/general/religious/image/luk_2027__ef1717b07251e54e.webp,13178,d25f625a2bb1ed21fbe47be9818583949621a0bc34238fe461622b2b8017ed59,image/webp,200,"""6a5954a3-337a""","Thu, 16 Jul 2026 22:01:07 GMT",2026-10-03T20:16:03.107188+00:00,
asset,9010809ffd073b24,https://mooreburkina.com/sites/www.mooreburkina.com/files/styles/max_750x750/public/2023-12/Banner%20623x150.png.webp?itok=4HJvG-nj,https://mooreburkina.com/fr/gulimancema,Gulimancema | Mooré Burkina Faso,gulimancema;moore,,other,image,.webp,downloaded,assets/multilingual__gulimancema_moore/general/other/image/banner_623x150.png__9010809ffd073b24.webp,17130,5966d3cfcdc2414a6ac7c8a9de8b8289e84a444b1b15928e81db88e2797e39b7,image/webp,200,"""69b9e475-42ea""","Tue, 17 Mar 2026 23:32:05 GMT",2026-10-03T20:16:03.490350+00:00,
asset,af4ed41fcdc8f05b,https://mooreburkina.com/sites/www.mooreburkina.com/files/styles/max_750x750/public/2023-12/Banner2%20623x150.png.webp?itok=bALdw_qB,https://mooreburkina.com/fr/gulimancema,Gulimancema | Mooré Burkina Faso,gulimancema;moore,,other,image,.webp,downloaded,assets/multilingual__gulimancema_moore/general/other/image/banner2_623x150.png__af4ed41fcdc8f05b.webp,22708,4bd5812976f41ad258d1d2359a5b036f74c5d4657228e23f0e01f503a25949b4,image/webp,200,"""69b9e475-58b4""","Tue, 17 Mar 2026 23:32:05 GMT",2026-10-03T20:16:03.887178+00:00,
asset,c750e75a2b6a12a4,https://mooreburkina.com/sites/www.mooreburkina.com/files/styles/max_750x750/public/2023-12/danse%20gourma.jpg.webp?itok=IqKd1OiS,https://mooreburkina.com/;https://mooreburkina.com/fr;https://mooreburkina.com/fr/bienvenu-au-pays-mossi,Mooré Burkina Faso,gulimancema;moore,,other,image,.webp,downloaded,assets/multilingual__gulimancema_moore/general/other/image/danse_gourma.jpg__c750e75a2b6a12a4.webp,72030,86d5fed9ae5b4aa9692d307b1dcdbd2c961fb14147907f496e221e3cc1847437,image/webp,200,"""69b9d388-1195e""","Tue, 17 Mar 2026 22:19:52 GMT",2026-10-03T20:16:04.367227+00:00,
asset,6219490ccd46b784,https://mooreburkina.com/sites/www.mooreburkina.com/files/styles/max_750x750/public/2024-06/Applis%20Gourmanche.jpg.webp?itok=fbDFYKaO,https://mooreburkina.com/fr/gulimancema,Gulimancema | Mooré Burkina Faso,gulimancema;moore,,app,image,.webp,downloaded,assets/multilingual__gulimancema_moore/general/app/image/applis_gourmanche.jpg__6219490ccd46b784.webp,95180,b922f5f2d242378d3fb1cd1a741cebd17881a0b6ad1c0a3a64ca563806b516b7,image/webp,200,"""69ba39af-173cc""","Wed, 18 Mar 2026 05:35:43 GMT",2026-10-03T20:16:04.844998+00:00,
asset,3fa6a42d69820809,https://mooreburkina.com/sites/www.mooreburkina.com/files/styles/max_750x750/public/2024-06/Contes%20gulimance%20Play%20Store.jpg.webp?itok=94BxwLNk,https://mooreburkina.com/fr/gulimancema,Gulimancema | Mooré Burkina Faso,gulimancema;moore,,folktale,image,.webp,downloaded,assets/multilingual__gulimancema_moore/general/folktale/image/contes_gulimance_play_store.jpg__3fa6a42d69820809.webp,107038,d69eac9480e54a466e34e8ba670b26d762ee684383fa75413d5f7ce60ccf09f7,image/webp,200,"""69ba39f5-1a21e""","Wed, 18 Mar 2026 05:36:53 GMT",2026-10-03T20:16:05.323403+00:00,
asset,133f10c0dcedc8c4,https://mooreburkina.com/sites/www.mooreburkina.com/files/styles/max_750x750/public/2024-06/Contes%20gulimance2%20Play%20Store.jpg.webp?itok=4kkCIOEk,https://mooreburkina.com/fr/gulimancema,Gulimancema | Mooré Burkina Faso,gulimancema;moore,,folktale,image,.webp,downloaded,assets/multilingual__gulimancema_moore/general/folktale/image/contes_gulimance2_play_store.jpg__133f10c0dcedc8c4.webp,94398,e0a3212b70be00ea7a68d0bbad3b8e1b00d259b6670d63568c6705e776fb01ac,image/webp,200,"""69ba39b7-170be""","Wed, 18 Mar 2026 05:35:51 GMT",2026-10-03T20:16:05.801862+00:00,
asset,676680656b93cb4f,https://mooreburkina.com/sites/www.mooreburkina.com/files/styles/max_750x750/public/2024-06/Gol%20Prov%20iPhone%20Kalaam.jpg.webp?itok=5S2DUWRm,https://mooreburkina.com/fr/gulimancema,Gulimancema | Mooré Burkina Faso,gulimancema;moore,,other,image,.webp,downloaded,assets/multilingual__gulimancema_moore/general/other/image/gol_prov_iphone_kalaam.jpg__676680656b93cb4f.webp,135854,22fce36c08d8d62524f0a030dd1b5d2afa5121ff1f3380b929981dd42a6a5505,image/webp,200,"""69ba39ea-212ae""","Wed, 18 Mar 2026 05:36:42 GMT",2026-10-03T20:16:06.285818+00:00,
asset,aacaa453b96a5dd7,https://mooreburkina.com/sites/www.mooreburkina.com/files/styles/max_750x750/public/2024-06/Gourma%20Bible%20Plahy%20Store.jpg.webp?itok=cfXwluVJ,https://mooreburkina.com/fr/gulimancema,Gulimancema | Mooré Burkina Faso,gulimancema;moore,,other,image,.webp,downloaded,assets/multilingual__gulimancema_moore/general/other/image/gourma_bible_plahy_store.jpg__aacaa453b96a5dd7.webp,83646,75c2ecf4b9213128a4de36ed3302107c1dc4abc09a74295b3ecf705471ddbbda,image/webp,200,"""69ba3a69-146be""","Wed, 18 Mar 2026 05:38:49 GMT",2026-10-03T20:16:06.683348+00:00,
asset,967b46cd61870221,https://mooreburkina.com/sites/www.mooreburkina.com/files/styles/max_750x750/public/2024-06/Gourma%20proverbes%20Plahy%20Store%20vol%202.jpg.webp?itok=-2kLZKUV,https://mooreburkina.com/fr/gulimancema,Gulimancema | Mooré Burkina Faso,gulimancema;moore,,proverb,image,.webp,downloaded,assets/multilingual__gulimancema_moore/general/proverb/image/gourma_proverbes_plahy_store_vol_2.jpg__967b46cd61870221.webp,106994,cf049a209323b5066ea401abaaf0ec56459076ea2adf8f944c10b48caff805fd,image/webp,200,"""69ba3a77-1a1f2""","Wed, 18 Mar 2026 05:39:03 GMT",2026-10-03T20:16:07.158344+00:00,
asset,447ac573b46c60b4,https://mooreburkina.com/sites/www.mooreburkina.com/files/styles/max_750x750/public/2024-06/Gulmancema%20Dictionnaire%20App%20Store%20iPhone.jpg.webp?itok=LPu3pio9,https://mooreburkina.com/fr/gulimancema,Gulimancema | Mooré Burkina Faso,gulimancema;moore,,dictionary,image,.webp,downloaded,assets/multilingual__gulimancema_moore/general/dictionary/image/gulmancema_dictionnaire_app_store_iphone.jpg__447ac573b46c60b4.webp,78592,6c2206c5f2458de04518c10ded931565afc8a7a971b9deaa9cdf433b8ac9a569,image/webp,200,"""69ba39b3-13300""","Wed, 18 Mar 2026 05:35:47 GMT",2026-10-03T20:16:07.542173+00:00,
asset,ad0e37e71c271499,https://mooreburkina.com/sites/www.mooreburkina.com/files/styles/max_750x750/public/2024-06/Gulmancema%20Dictionnaire%20Play%20Store.jpg.webp?itok=wRRz2yQ5,https://mooreburkina.com/fr/gulimancema,Gulimancema | Mooré Burkina Faso,gulimancema;moore,,dictionary,image,.webp,downloaded,assets/multilingual__gulimancema_moore/general/dictionary/image/gulmancema_dictionnaire_play_store.jpg__ad0e37e71c271499.webp,71928,46cda455203906cbd1924a640d2a0f9f6b12a164ee364c38e3bf0adc8917639b,image/webp,200,"""69ba3a99-118f8""","Wed, 18 Mar 2026 05:39:37 GMT",2026-10-03T20:16:07.923969+00:00,
asset,663c62aec20c1f64,https://mooreburkina.com/sites/www.mooreburkina.com/files/styles/max_750x750/public/2024-06/gulimancema%20proverbes%20Play%20Store.jpg.webp?itok=VL_jP0-r,https://mooreburkina.com/fr/gulimancema,Gulimancema | Mooré Burkina Faso,gulimancema;moore,,proverb,image,.webp,downloaded,assets/multilingual__gulimancema_moore/general/proverb/image/gulimancema_proverbes_play_store.jpg__663c62aec20c1f64.webp,100754,092b2f03ecdabb383bc964184d3daf6f6f230585df55f2cc402b884fd4bf2962,image/webp,200,"""69ba3aac-18992""","Wed, 18 Mar 2026 05:39:56 GMT",2026-10-03T20:16:08.402893+00:00,
asset,e3a07ea16ecac4dc,https://mooreburkina.com/sites/www.mooreburkina.com/files/styles/max_750x750/public/2024-06/sur%20Plahy%20Store%20vol%201.jpg.webp?itok=n__QaO8U,https://mooreburkina.com/fr/gulimancema,Gulimancema | Mooré Burkina Faso,gulimancema;moore,,proverb,image,.webp,downloaded,assets/multilingual__gulimancema_moore/general/proverb/image/sur_plahy_store_vol_1.jpg__e3a07ea16ecac4dc.webp,100904,d81bd2d2e9df91bf9811ec2b917a30a3da500183f97fa801a81db50708eed2fc,image/webp,200,"""69ba39b5-18a28""","Wed, 18 Mar 2026 05:35:49 GMT",2026-10-03T20:16:08.891547+00:00,
asset,fc00f8363da94edb,https://mooreburkina.com/sites/www.mooreburkina.com/files/styles/max_750x750/public/2024-08/Applis%20Gourmanche.jpg.webp?itok=I5uFzYl2,https://mooreburkina.com/fr/gulimancema/applications-gulmanchema,Applications gulmanchema | Mooré Burkina Faso,gulimancema;moore,,app,image,.webp,downloaded,assets/multilingual__gulimancema_moore/general/app/image/applis_gourmanche.jpg__fc00f8363da94edb.webp,95180,b922f5f2d242378d3fb1cd1a741cebd17881a0b6ad1c0a3a64ca563806b516b7,image/webp,200,"""69ba55bc-173cc""","Wed, 18 Mar 2026 07:35:24 GMT",2026-10-03T20:16:09.368663+00:00,
asset,53a54f2b10d8ecdc,https://mooreburkina.com/sites/www.mooreburkina.com/files/styles/max_750x750/public/2024-08/Applis%20gulmance%20iPhone%202024%20jpg.jpg.webp?itok=f0vv2Rfr,https://mooreburkina.com/fr/gulimancema/applications-gulmanchema,Applications gulmanchema | Mooré Burkina Faso,gulimancema;moore,,app,image,.webp,downloaded,assets/multilingual__gulimancema_moore/general/app/image/applis_gulmance_iphone_2024_jpg.jpg__53a54f2b10d8ecdc.webp,44354,3fa6a79522050b943dc5ff97927500beb12589b524b1d14d3764d80f7729cda3,image/webp,200,"""69ba55ee-ad42""","Wed, 18 Mar 2026 07:36:14 GMT",2026-10-03T20:16:09.750685+00:00,
asset,764d9cd7bca4db73,https://mooreburkina.com/sites/www.mooreburkina.com/files/styles/max_750x750/public/2024-08/Applis%20gulmance%20iPhone%20AppStore%202024%20jpg.jpg.webp?itok=pvQ62aPJ,https://mooreburkina.com/fr/gulimancema/applications-gulmanchema,Applications gulmanchema | Mooré Burkina Faso,gulimancema;moore,,dictionary,image,.webp,downloaded,assets/multilingual__gulimancema_moore/general/dictionary/image/applis_gulmance_iphone_appstore_2024_jpg.jpg__764d9cd7bca4db73.webp,79522,eb700cb58edcdb5398277c3033b2be5ade575995b6a0b8acf8fc9cb6a12f2db0,image/webp,200,"""69ba55af-136a2""","Wed, 18 Mar 2026 07:35:11 GMT",2026-10-03T20:16:10.241849+00:00,
asset,0cfda88149011da5,https://mooreburkina.com/sites/www.mooreburkina.com/files/styles/max_750x750/public/2024-08/Applis%20gulmance%20iPhone%20AppStoreProverbes.jpg.webp?itok=9vY1FXTd,https://mooreburkina.com/fr/gulimancema/applications-gulmanchema,Applications gulmanchema | Mooré Burkina Faso,gulimancema;moore,,proverb,image,.webp,downloaded,assets/multilingual__gulimancema_moore/general/proverb/image/applis_gulmance_iphone_appstoreproverbes.jpg__0cfda88149011da5.webp,119588,dcbc04ee479b9f609358d1e8f3e8f0697d6731e7b57be43e42b8c577d583caa5,image/webp,200,"""69ba55c8-1d324""","Wed, 18 Mar 2026 07:35:36 GMT",2026-10-03T20:16:10.723892+00:00,
asset,74dd72de0ccd03ed,https://mooreburkina.com/sites/www.mooreburkina.com/files/styles/max_750x750/public/2024-08/Bible%20Gourma%20sur%20Play%20Store.jpg.webp?itok=MzrmGTUw,https://mooreburkina.com/fr/gulimancema/applications-gulmanchema,Applications gulmanchema | Mooré Burkina Faso,gulimancema;moore,,app,image,.webp,downloaded,assets/multilingual__gulimancema_moore/general/app/image/bible_gourma_sur_play_store.jpg__74dd72de0ccd03ed.webp,75580,26aec795528dd4559f3bb6be9b44a7371da3e52ab4f9483c6898eb6378c9056b,image/webp,200,"""69ba55cb-1273c""","Wed, 18 Mar 2026 07:35:39 GMT",2026-10-03T20:16:11.190696+00:00,
asset,fdcc303461e90f6d,https://mooreburkina.com/sites/www.mooreburkina.com/files/styles/max_750x750/public/2024-08/Contes%20gulimance%20Play%20Store.jpg.webp?itok=KNJD-0ab,https://mooreburkina.com/fr/gulimancema/applications-gulmanchema,Applications gulmanchema | Mooré Burkina Faso,gulimancema;moore,,folktale,image,.webp,downloaded,assets/multilingual__gulimancema_moore/general/folktale/image/contes_gulimance_play_store.jpg__fdcc303461e90f6d.webp,107038,d69eac9480e54a466e34e8ba670b26d762ee684383fa75413d5f7ce60ccf09f7,image/webp,200,"""69ba55f0-1a21e""","Wed, 18 Mar 2026 07:36:16 GMT",2026-10-03T20:16:11.676768+00:00,
asset,6beb80afe4d65469,https://mooreburkina.com/sites/www.mooreburkina.com/files/styles/max_750x750/public/2024-08/Contes%20gulimance2%20Play%20Store.jpg.webp?itok=yZx2FvmS,https://mooreburkina.com/fr/gulimancema/applications-gulmanchema,Applications gulmanchema | Mooré Burkina Faso,gulimancema;moore,,folktale,image,.webp,downloaded,assets/multilingual__gulimancema_moore/general/folktale/image/contes_gulimance2_play_store.jpg__6beb80afe4d65469.webp,94398,e0a3212b70be00ea7a68d0bbad3b8e1b00d259b6670d63568c6705e776fb01ac,image/webp,200,"""69ba55b3-170be""","Wed, 18 Mar 2026 07:35:15 GMT",2026-10-03T20:16:12.152997+00:00,
asset,80891c182ff6aba9,https://mooreburkina.com/sites/www.mooreburkina.com/files/styles/max_750x750/public/2024-08/Gourma%20proverbes%20Plahy%20Store%20vol%202.jpg.webp?itok=sCkzmkLZ,https://mooreburkina.com/fr/gulimancema/applications-gulmanchema,Applications gulmanchema | Mooré Burkina Faso,gulimancema;moore,,proverb,image,.webp,downloaded,assets/multilingual__gulimancema_moore/general/proverb/image/gourma_proverbes_plahy_store_vol_2.jpg__80891c182ff6aba9.webp,106994,cf049a209323b5066ea401abaaf0ec56459076ea2adf8f944c10b48caff805fd,image/webp,200,"""69ba55c4-1a1f2""","Wed, 18 Mar 2026 07:35:32 GMT",2026-10-03T20:16:12.632202+00:00,
asset,ac75cf73dbe1b53d,https://mooreburkina.com/sites/www.mooreburkina.com/files/styles/max_750x750/public/2024-08/Gulmancema%20Dictionnaire%20App%20Store%20iPhone1.jpg.webp?itok=o4pGoCJ3,https://mooreburkina.com/fr/gulimancema/dictionnaire-gulmanchema,Dictionnaire Gulmanchema | Mooré Burkina Faso,gulimancema;moore,,dictionary,image,.webp,downloaded,assets/multilingual__gulimancema_moore/general/dictionary/image/gulmancema_dictionnaire_app_store_iphone1.jpg__ac75cf73dbe1b53d.webp,86242,b569c58b6f653afc41035fddbc66cd6684fa694ec0a58bbd0694073640566101,image/webp,200,"""69b9f3f4-150e2""","Wed, 18 Mar 2026 00:38:12 GMT",2026-10-03T20:16:13.043436+00:00,
asset,7c03b8f072aa0b83,https://mooreburkina.com/sites/www.mooreburkina.com/files/styles/max_750x750/public/2024-08/Gulmancema%20Dictionnaire%20Play%20Store1.jpg.webp?itok=xHV7iHdg,https://mooreburkina.com/fr/gulimancema/dictionnaire-gulmanchema,Dictionnaire Gulmanchema | Mooré Burkina Faso,gulimancema;moore,,dictionary,image,.webp,downloaded,assets/multilingual__gulimancema_moore/general/dictionary/image/gulmancema_dictionnaire_play_store1.jpg__7c03b8f072aa0b83.webp,88024,4a0328953724a26d8c813dbb1db88c4b9be245a4f4876d63410af7f4072130c5,image/webp,200,"""69b9f3f4-157d8""","Wed, 18 Mar 2026 00:38:12 GMT",2026-10-03T20:16:13.518517+00:00,
asset,e9d269433e39cce2,https://mooreburkina.com/sites/www.mooreburkina.com/files/styles/max_750x750/public/2024-08/gulimancema%20proverbes%20Play%20Store.jpg.webp?itok=PwE8bB93,https://mooreburkina.com/fr/gulimancema/applications-gulmanchema,Applications gulmanchema | Mooré Burkina Faso,gulimancema;moore,,proverb,image,.webp,downloaded,assets/multilingual__gulimancema_moore/general/proverb/image/gulimancema_proverbes_play_store.jpg__e9d269433e39cce2.webp,100754,092b2f03ecdabb383bc964184d3daf6f6f230585df55f2cc402b884fd4bf2962,image/webp,200,"""69ba55e9-18992""","Wed, 18 Mar 2026 07:36:09 GMT",2026-10-03T20:16:14.002605+00:00,
asset,e155cff2efd10ae6,https://mooreburkina.com/sites/www.mooreburkina.com/files/styles/max_750x750/public/2024-08/sur%20Plahy%20Store%20vol%201.jpg.webp?itok=SizmTAYa,https://mooreburkina.com/fr/gulimancema/applications-gulmanchema,Applications gulmanchema | Mooré Burkina Faso,gulimancema;moore,,proverb,image,.webp,downloaded,assets/multilingual__gulimancema_moore/general/proverb/image/sur_plahy_store_vol_1.jpg__e155cff2efd10ae6.webp,100904,d81bd2d2e9df91bf9811ec2b917a30a3da500183f97fa801a81db50708eed2fc,image/webp,200,"""69ba55b1-18a28""","Wed, 18 Mar 2026 07:35:13 GMT",2026-10-03T20:16:14.479159+00:00,
asset,0c65147e0fa850de,https://mooreburkina.com/sites/www.mooreburkina.com/files/styles/max_750x750/public/Dictio%20apk/smarthphone%20gourmanchema.jpg.webp?itok=cmGzQxDg,https://mooreburkina.com/fr/dictionnaire-moor%C3%A9/aplications-de-dictionnaires-pour-ordinateur,Applications de dictionnaires | Mooré Burkina Faso,gulimancema;moore,,dictionary,image,.webp,downloaded,assets/multilingual__gulimancema_moore/general/dictionary/image/smarthphone_gourmanchema.jpg__0c65147e0fa850de.webp,21528,33f6ff957e94fd9c573a35a1ae5246dbd58ef3926fe1399638ac7c7f9b4a28e3,image/webp,200,"""69b9eed9-5418""","Wed, 18 Mar 2026 00:16:25 GMT",2026-10-03T20:16:14.869557+00:00,
asset,7b5c88c38da26c3a,https://mooreburkina.com/sites/www.mooreburkina.com/files/styles/max_750x750/public/Diction%20exe/dictionnaire%20gourmanche.jpg.webp?itok=LXqdl2Fs,https://mooreburkina.com/fr/dictionnaire-moor%C3%A9/aplications-de-dictionnaires-pour-ordinateur,Applications de dictionnaires | Mooré Burkina Faso,gulimancema;moore,,dictionary,image,.webp,downloaded,assets/multilingual__gulimancema_moore/general/dictionary/image/dictionnaire_gourmanche.jpg__7b5c88c38da26c3a.webp,14376,5bfdf9ed59c70480ed879075d7adf772ecfb4a064dbb77a6910d3a4e54996f06,image/webp,200,"""69b9eed9-3828""","Wed, 18 Mar 2026 00:16:25 GMT",2026-10-03T20:16:15.252489+00:00,
asset,bce8a407a09ad4c1,https://mooreburkina.com/sites/www.mooreburkina.com/files/media_stream/encodings/video_download_mp4_150/886-.mp4,https://mooreburkina.com/fr/gulimancema,Gulimancema | Mooré Burkina Faso,gulimancema;moore,,other,video,.mp4,downloaded,assets/multilingual__gulimancema_moore/general/other/video/886__bce8a407a09ad4c1.mp4,5413775,89798902663d6e79fec17af7e32ec9641450b4c4d1507a9568468df0bc1f3532,video/mp4,200,"""656daa53-529b8f""","Mon, 04 Dec 2023 10:30:43 GMT",2026-10-03T20:16:16.342261+00:00,
asset,22b38d430b7c2b69,https://mooreburkina.com/sites/www.mooreburkina.com/files/media_stream/encodings/video_download_mp4_150/983-.mp4,https://mooreburkina.com/fr/gulimancema/vid%C3%A9os-en-diaporama-gulmancema,Vidéos en diaporama gulmancema | Mooré Burkina Faso,gulimancema;moore,,other,video,.mp4,downloaded,assets/multilingual__gulimancema_moore/general/other/video/983__22b38d430b7c2b69.mp4,2822811,ef4ce2a3a477bbdeb14b5374235f929da15f1042354cc40ebf49e0e1dda652b2,video/mp4,200,"""658bcf55-2b129b""","Wed, 27 Dec 2023 07:16:37 GMT",2026-10-03T20:16:16.822487+00:00,
asset,0ec9d0b9fec30ccd,https://mooreburkina.com/sites/www.mooreburkina.com/files/media_stream/encodings/video_download_mp4_150/986-.mp4,https://mooreburkina.com/fr/gulimancema/vid%C3%A9os-en-diaporama-gulmancema,Vidéos en diaporama gulmancema | Mooré Burkina Faso,gulimancema;moore,,other,video,.mp4,downloaded,assets/multilingual__gulimancema_moore/general/other/video/986__0ec9d0b9fec30ccd.mp4,1416693,9a058c504927efd7824bef4ff4a4eb97b7b8f59e32a82dcf54c8d2007717a2d4,video/mp4,200,"""658bd0a2-159df5""","Wed, 27 Dec 2023 07:22:10 GMT",2026-10-03T20:16:17.219837+00:00,
asset,88719e40c933fd21,https://mooreburkina.com/sites/www.mooreburkina.com/files/media_stream/encodings/video_download_mp4_150/989-.mp4,https://mooreburkina.com/fr/gulimancema/vid%C3%A9os-en-diaporama-gulmancema,Vidéos en diaporama gulmancema | Mooré Burkina Faso,gulimancema;moore,,other,video,.mp4,downloaded,assets/multilingual__gulimancema_moore/general/other/video/989__88719e40c933fd21.mp4,1268548,04dbc026aa57949bc99806df07a3936b0aeea6b71bfac5aab1969c26b8856df5,video/mp4,200,"""658bd13e-135b44""","Wed, 27 Dec 2023 07:24:46 GMT",2026-10-03T20:16:17.620627+00:00,
asset,2aa4357890d7a26a,https://mooreburkina.com/sites/www.mooreburkina.com/files/media_stream/encodings/video_download_mp4_150/992-.mp4,https://mooreburkina.com/fr/gulimancema/vid%C3%A9os-en-diaporama-gulmancema,Vidéos en diaporama gulmancema | Mooré Burkina Faso,gulimancema;moore,,other,video,.mp4,downloaded,assets/multilingual__gulimancema_moore/general/other/video/992__2aa4357890d7a26a.mp4,848028,a248998122b6dcfc4146eb71e965711d10106b913d900799be7a741caea781cd,video/mp4,200,"""658bd1c2-cf09c""","Wed, 27 Dec 2023 07:26:58 GMT",2026-10-03T20:16:18.013574+00:00,
asset,d97df520616e0379,https://mooreburkina.com/sites/www.mooreburkina.com/files/media_stream/encodings/video_download_mp4_480/983-.mp4,https://mooreburkina.com/fr/gulimancema/vid%C3%A9os-en-diaporama-gulmancema,Vidéos en diaporama gulmancema | Mooré Burkina Faso,gulimancema;moore,,other,video,.mp4,downloaded,assets/multilingual__gulimancema_moore/general/other/video/983__d97df520616e0379.mp4,16301638,a464bfc4581dd9db062c6827fbdc2d3df01310da569c5f6988377906da646dbe,video/mp4,200,"""658bcf4c-f8be46""","Wed, 27 Dec 2023 07:16:28 GMT",2026-10-03T20:16:18.940630+00:00,
asset,2f5ce78d4f52635c,https://mooreburkina.com/sites/www.mooreburkina.com/files/media_stream/encodings/video_download_mp4_480/986-.mp4,https://mooreburkina.com/fr/gulimancema/vid%C3%A9os-en-diaporama-gulmancema,Vidéos en diaporama gulmancema | Mooré Burkina Faso,gulimancema;moore,,other,video,.mp4,downloaded,assets/multilingual__gulimancema_moore/general/other/video/986__2f5ce78d4f52635c.mp4,8236007,43a3dd36c5f90a3dace4a6a604eec1c9b006b941b1a8964f492fe1f258a9bbd4,video/mp4,200,"""658bd087-7dabe7""","Wed, 27 Dec 2023 07:21:43 GMT",2026-10-03T20:16:19.548849+00:00,
asset,e903ac3738edcea1,https://mooreburkina.com/sites/www.mooreburkina.com/files/media_stream/encodings/video_download_mp4_480/989-.mp4,https://mooreburkina.com/fr/gulimancema/vid%C3%A9os-en-diaporama-gulmancema,Vidéos en diaporama gulmancema | Mooré Burkina Faso,gulimancema;moore,,other,video,.mp4,downloaded,assets/multilingual__gulimancema_moore/general/other/video/989__e903ac3738edcea1.mp4,7523729,e2df4874d103e2acbafd433365f11bac7075bfc74df66ced55eaf329cd4b51ba,video/mp4,200,"""658bd0ed-72cd91""","Wed, 27 Dec 2023 07:23:25 GMT",2026-10-03T20:16:20.157404+00:00,
asset,894b260794e1b2a8,https://mooreburkina.com/sites/www.mooreburkina.com/files/media_stream/encodings/video_download_mp4_480/992-.mp4,https://mooreburkina.com/fr/gulimancema/vid%C3%A9os-en-diaporama-gulmancema,Vidéos en diaporama gulmancema | Mooré Burkina Faso,gulimancema;moore,,other,video,.mp4,downloaded,assets/multilingual__gulimancema_moore/general/other/video/992__894b260794e1b2a8.mp4,4941631,67018e07af4727f21154c81f0465b7e985087005a4748cd0faacb5cba46c8f1f,video/mp4,200,"""658bd17c-4b673f""","Wed, 27 Dec 2023 07:25:48 GMT",2026-10-03T20:16:20.664251+00:00,
asset,ab01f6c717aed462,https://mooreburkina.com/sites/www.mooreburkina.com/files/media_stream/encodings/video_download_mp4_orig_qual/886-.mp4,https://mooreburkina.com/fr/gulimancema,Gulimancema | Mooré Burkina Faso,gulimancema;moore,,other,video,.mp4,downloaded,assets/multilingual__gulimancema_moore/general/other/video/886__ab01f6c717aed462.mp4,22118022,85538b8675663502bd9018a1e20a5bc9f4dc5abc31bbc24f18b23ad7c2d7cb2c,video/mp4,200,"""656daa81-1517e86""","Mon, 04 Dec 2023 10:31:29 GMT",2026-10-03T20:16:21.637377+00:00,
asset,070d442b3a6542d0,https://mooreburkina.com/sites/www.mooreburkina.com/files/media_stream/encodings/video_download_mp4_orig_qual/983-.mp4,https://mooreburkina.com/fr/gulimancema/vid%C3%A9os-en-diaporama-gulmancema,Vidéos en diaporama gulmancema | Mooré Burkina Faso,gulimancema;moore,,other,video,.mp4,downloaded,assets/multilingual__gulimancema_moore/general/other/video/983__070d442b3a6542d0.mp4,107209152,4b5287a43c9f301f9371c5802e4169ebb494820640450d3054b0c9ab49367ed8,video/mp4,200,"""658bd17b-663e1c0""","Wed, 27 Dec 2023 07:25:47 GMT",2026-10-03T20:16:25.110440+00:00,
asset,7ce96973cf04c02c,https://mooreburkina.com/sites/www.mooreburkina.com/files/media_stream/encodings/video_download_mp4_orig_qual/986-.mp4,https://mooreburkina.com/fr/gulimancema/vid%C3%A9os-en-diaporama-gulmancema,Vidéos en diaporama gulmancema | Mooré Burkina Faso,gulimancema;moore,,other,video,.mp4,downloaded,assets/multilingual__gulimancema_moore/general/other/video/986__7ce96973cf04c02c.mp4,63679423,7a2fa3ad434fa99d05f29184e5c754af4fca1c093412fce72be9a16c9c95ab48,video/mp4,200,"""658bd265-3cbabbf""","Wed, 27 Dec 2023 07:29:41 GMT",2026-10-03T20:16:27.287807+00:00,
asset,935742c42eb6217f,https://mooreburkina.com/sites/www.mooreburkina.com/files/media_stream/encodings/video_download_mp4_orig_qual/989-.mp4,https://mooreburkina.com/fr/gulimancema/vid%C3%A9os-en-diaporama-gulmancema,Vidéos en diaporama gulmancema | Mooré Burkina Faso,gulimancema;moore,,other,video,.mp4,downloaded,assets/multilingual__gulimancema_moore/general/other/video/989__935742c42eb6217f.mp4,51347086,407a0b699f9e387413f08f6cfa77d42f20eb8e43c5ef51a47bdc20d1a32ae14c,video/mp4,200,"""658bd2ce-30f7e8e""","Wed, 27 Dec 2023 07:31:26 GMT",2026-10-03T20:16:29.113655+00:00,
asset,aaae4d2911cf357a,https://mooreburkina.com/sites/www.mooreburkina.com/files/media_stream/encodings/video_download_mp4_orig_qual/992-.mp4,https://mooreburkina.com/fr/gulimancema/vid%C3%A9os-en-diaporama-gulmancema,Vidéos en diaporama gulmancema | Mooré Burkina Faso,gulimancema;moore,,other,video,.mp4,downloaded,assets/multilingual__gulimancema_moore/general/other/video/992__aaae4d2911cf357a.mp4,33934153,24ec08e10ae6353f25076af589b183bf82b30a4e515436ef20c8c062c1f16969,video/mp4,200,"""658bd2ac-205cb49""","Wed, 27 Dec 2023 07:30:52 GMT",2026-10-03T20:16:30.482454+00:00,
asset,a52dfd2df7e14cbb,https://mooreburkina.com/sites/www.mooreburkina.com/files/Dictio%20apk/Lobiri_Dictionary-1.0.apk,https://mooreburkina.com/fr/dictionnaire-moor%C3%A9/aplications-de-dictionnaires-pour-ordinateur,Applications de dictionnaires | Mooré Burkina Faso,lobiri;moore,,dictionary,app,.apk,downloaded,assets/multilingual__lobiri_moore/general/dictionary/app/lobiri_dictionary-1.0__a52dfd2df7e14cbb.apk,21725900,dfc9c7a4db0359e01475c0eafe8d558882f766ab91bf7bb4833897bc2f10bea0,application/octet-stream,200,"""63870c1c-14b82cc""","Wed, 30 Nov 2022 07:54:04 GMT",2026-10-03T20:16:31.527292+00:00,
asset,7b7f5d5e16550591,https://mooreburkina.com/sites/www.mooreburkina.com/files/styles/max_750x750/public/2026-02/Play%20Store%20Lobiri%20dico.jpg.webp?itok=m0mebhV5,https://mooreburkina.com/fr/dictionnaire-moor%C3%A9/aplications-de-dictionnaires-pour-ordinateur,Applications de dictionnaires | Mooré Burkina Faso,lobiri;moore,,dictionary,image,.webp,downloaded,assets/multilingual__lobiri_moore/general/dictionary/image/play_store_lobiri_dico.jpg__7b7f5d5e16550591.webp,59528,6c5e6054497d3176ed4704a5602953e603d543763cde908192c6485eac243661,image/webp,200,"""69b9eed9-e888""","Wed, 18 Mar 2026 00:16:25 GMT",2026-10-03T20:16:31.912350+00:00,
asset,8483d0bb62e18023,https://mooreburkina.com/sites/www.mooreburkina.com/files/styles/max_750x750/public/Dictio%20apk/smarthphone%20Lobiri.jpg.webp?itok=FN0yQf_0,https://mooreburkina.com/fr/dictionnaire-moor%C3%A9/aplications-de-dictionnaires-pour-ordinateur,Applications de dictionnaires | Mooré Burkina Faso,lobiri;moore,,dictionary,image,.webp,downloaded,assets/multilingual__lobiri_moore/general/dictionary/image/smarthphone_lobiri.jpg__8483d0bb62e18023.webp,18712,61af1c25b4c50db8f1f1074c0cee41f103a0c366befabb5881169c821a519a6e,image/webp,200,"""69b9eeda-4918""","Wed, 18 Mar 2026 00:16:26 GMT",2026-10-03T20:16:32.294589+00:00,
asset,18a6f1436ed5eece,https://mooreburkina.com/sites/www.mooreburkina.com/files/styles/max_750x750/public/Diction%20exe/dictionnaire%20Lobiri.jpg.webp?itok=IHr3O0s-,https://mooreburkina.com/fr/dictionnaire-moor%C3%A9/aplications-de-dictionnaires-pour-ordinateur,Applications de dictionnaires | Mooré Burkina Faso,lobiri;moore,,dictionary,image,.webp,downloaded,assets/multilingual__lobiri_moore/general/dictionary/image/dictionnaire_lobiri.jpg__18a6f1436ed5eece.webp,10122,53ea5cfc52607657409f85e01dc8d140b817136e1b1b0c78f04333711dfce034,image/webp,200,"""69b9eed9-278a""","Wed, 18 Mar 2026 00:16:25 GMT",2026-10-03T20:16:32.675285+00:00,
asset,17cfc3b6cfc4e378,https://mooreburkina.com/sites/www.mooreburkina.com/files/Dictio%20apk/Kassem_Dictionary-1.0.apk,https://mooreburkina.com/fr/dictionnaire-moor%C3%A9/aplications-de-dictionnaires-pour-ordinateur,Applications de dictionnaires | Mooré Burkina Faso,moore,,dictionary,app,.apk,downloaded,assets/moore/general/dictionary/app/kassem_dictionary-1.0__17cfc3b6cfc4e378.apk,34257441,f652bcfa09fc0c6bd93467362e845b4bd843b6d1bd31bb1464d5ff52be3e8016,application/octet-stream,200,"""5e2ea46c-20aba21""","Mon, 27 Jan 2020 08:50:52 GMT",2026-10-03T20:16:34.230440+00:00,
asset,7ce7397cace4ec81,https://mooreburkina.com/sites/www.mooreburkina.com/files/Dictio%20apk/Kassem_Dictionary-1.0.apk?id=org.sim.bf.kassem.dictionary&hl=fr,https://mooreburkina.com/fr/dictionnaire-moor%C3%A9/aplications-de-dictionnaires-pour-ordinateur,Applications de dictionnaires | Mooré Burkina Faso,moore,,dictionary,app,.apk,downloaded,assets/moore/general/dictionary/app/kassem_dictionary-1.0__7ce7397cace4ec81.apk,34257441,f652bcfa09fc0c6bd93467362e845b4bd843b6d1bd31bb1464d5ff52be3e8016,application/octet-stream,200,"""5e2ea46c-20aba21""","Mon, 27 Jan 2020 08:50:52 GMT",2026-10-03T20:16:35.592784+00:00,
asset,a554384ea77f0535,https://mooreburkina.com/sites/www.mooreburkina.com/files/Dictio%20apk/Ninkare_Dictionary-1.0.apk?id=org.sim.bf.ninkare.dictionary&hl=fr,https://mooreburkina.com/fr/dictionnaire-moor%C3%A9/aplications-de-dictionnaires-pour-ordinateur,Applications de dictionnaires | Mooré Burkina Faso,moore,,dictionary,app,.apk,downloaded,assets/moore/general/dictionary/app/ninkare_dictionary-1.0__a554384ea77f0535.apk,25835707,850ae5c9bcef74ed08e6f991ec452cb9b86e53fa5009633bcc1e7cb7b1c2267c,application/octet-stream,200,"""5e2f5712-18a38bb""","Mon, 27 Jan 2020 21:33:06 GMT",2026-10-03T20:16:36.664336+00:00,
asset,5f6bb7b1b2a4dc53,https://mooreburkina.com/sites/www.mooreburkina.com/files/Dictio%20apk/dictionnaire.moore-4.0.apk,https://mooreburkina.com/;https://mooreburkina.com/fr;https://mooreburkina.com/fr/bienvenu-au-pays-mossi;https://mooreburkina.com/fr/dictionnaire-moor%C3%A9,Mooré Burkina Faso,moore,,dictionary,app,.apk,downloaded,assets/moore/general/dictionary/app/dictionnaire.moore-4.0__5f6bb7b1b2a4dc53.apk,77280853,3f9d040748961cd3c1d38ad5b5ce3ad93b051d8674f243dfe2af363a50676b81,application/octet-stream,200,"""5e4f17f3-49b3655""","Thu, 20 Feb 2020 23:36:19 GMT",2026-10-03T20:16:39.248805+00:00,
asset,e4f51a4f62bc4748,https://mooreburkina.com/modules/contrib/share_everywhere/img/share-icon.svg,https://mooreburkina.com/;https://mooreburkina.com/fr;https://mooreburkina.com/fr/36-contes-fulfulde-sans-audio;https://mooreburkina.com/fr/37-contes-fulfulde-sans-audio;https://mooreburkina.com/fr/alphabet-clip-rumauntsch-puter;https://mooreburkina.com/fr/applications-smartphone;https://mooreburkina.com/fr/applications-smartphone/applis-en-dioula;https://mooreburkina.com/fr/applications-smartphone/applis-en-fulfulde;https://mooreburkina.com/fr/applications-smartphone/applis-en-moor%C3%A9;https://mooreburkina.com/fr/applications-smartphone/applis-smartphone-en-langues-burkina;https://mooreburkina.com/fr/bienvenu-au-pays-mossi;https://mooreburkina.com/fr/chants-et-musique/alphabet-en-langues-nationales;https://mooreburkina.com/fr/chants-et-musique/chants-de-la-chorale-1;https://mooreburkina.com/fr/chants-et-musique/chants-et-clips-de-youtube;https://mooreburkina.com/fr/chants-et-musique/chants-et-clips-de-youtube-2;https://mooreburkina.com/fr/chants-et-musique/hymnes-nationales;https://mooreburkina.com/fr/collection-2-12-contes-en-moor%C3%A9;https://mooreburkina.com/fr/contes-et-proverbes-en-moor%C3%A9/contes-en-moor%C3%A9;https://mooreburkina.com/fr/contes-et-proverbes-en-moor%C3%A9/proverbes-en-moor%C3%A9-vol-1;https://mooreburkina.com/fr/contes-proverbes/contes-vol-3-avec-audio;https://mooreburkina.com/fr/contes-proverbes/contes-vol-4-avec-audio;https://mooreburkina.com/fr/contes-proverbes/contes-vol-5-avec-fran%C3%A7ais;https://mooreburkina.com/fr/contes-proverbes/devinettes-en-moor%C3%A9;https://mooreburkina.com/fr/contes-proverbes/la-sagesse-du-moogo-vol-1;https://mooreburkina.com/fr/contes-proverbes/la-sagesse-du-moogo-vol-2;https://mooreburkina.com/fr/contes-proverbes/moor%C3%A9-proverbes-vol-12;https://mooreburkina.com/fr/contes-proverbes/proverbes-en-moor%C3%A9-vol-10;https://mooreburkina.com/fr/contes-proverbes/proverbes-en-moor%C3%A9-vol-2;https://mooreburkina.com/fr/contes-proverbes/proverbes-en-moor%C3%A9-vol-3;https://mooreburkina.com/fr/contes-proverbes/proverbes-en-moor%C3%A9-vol-4;https://mooreburkina.com/fr/contes-proverbes/proverbes-en-moor%C3%A9-vol-5;https://mooreburkina.com/fr/contes-proverbes/proverbes-en-moor%C3%A9-vol-6;https://mooreburkina.com/fr/contes-proverbes/proverbes-en-moor%C3%A9-vol-7;https://mooreburkina.com/fr/contes-proverbes/proverbes-en-moor%C3%A9-vol-8;https://mooreburkina.com/fr/contes-proverbes/proverbes-en-moor%C3%A9-vol-9;https://mooreburkina.com/fr/contes-proverbes/proverbes-moor%C3%A9-vol-11;https://mooreburkina.com/fr/dictionnaire-dioula-en-ligne-0;https://mooreburkina.com/fr/dictionnaire-moor%C3%A9;https://mooreburkina.com/fr/dictionnaire-moor%C3%A9/aplications-de-dictionnaires-pour-ordinateur;https://mooreburkina.com/fr/dictionnaire-moor%C3%A9/dictionnaire-dioula-fran%C3%A7ais-english;https://mooreburkina.com/fr/dictionnaire-moor%C3%A9/dictionnaire-fulfulde-fran%C3%A7ais-english;https://mooreburkina.com/fr/dictionnaire-moor%C3%A9/dictionnaire-moore-en-ligne;https://mooreburkina.com/fr/dictionnaire-moore-en-ligne;https://mooreburkina.com/fr/dioula-fulfulde;https://mooreburkina.com/fr/dioula-fulfulde/%C3%A9couter-la-parole-de-dieu-en-dioula;https://mooreburkina.com/fr/dioula-fulfulde/%C3%A9couter-la-parole-de-dieu-en-fulfulde;https://mooreburkina.com/fr/dioula-fulfulde/contes-dioula-et-fran%C3%A7ais;https://mooreburkina.com/fr/dioula/5-contes-dioula;https://mooreburkina.com/fr/dioula/applis-en-dioula-jula;https://mooreburkina.com/fr/dioula/contes-dioula-avec-audio-vol-4;https://mooreburkina.com/fr/dioula/contes-en-dioula-avec-audio-volume-2;https://mooreburkina.com/fr/dioula/contes-en-dioula-avec-audio-volume-3;https://mooreburkina.com/fr/dioula/dioula-facile-tome-1;https://mooreburkina.com/fr/dioula/documents-dioula;https://mooreburkina.com/fr/dioula/evangile-de-marc-en-dioula;https://mooreburkina.com/fr/dioula/film-j%C3%A9sus-en-dioula;https://mooreburkina.com/fr/dioula/guide-dorthographe-dioula;https://mooreburkina.com/fr/dioula/la-parole-de-dieu;https://mooreburkina.com/fr/dioula/marcher-avec-j%C3%A9sus-1-5;https://mooreburkina.com/fr/dioula/marie-de-magdala-en-dioula;https://mooreburkina.com/fr/dioula/po%C3%A8mes-en-dioula;https://mooreburkina.com/fr/dioula/proverbes-dioula-vol-3;https://mooreburkina.com/fr/dioula/proverbes-dioula-vol-3-0;https://mooreburkina.com/fr/dioula/proverbes-dioula-vol-4;https://mooreburkina.com/fr/dioula/proverbes-lu-en-dioula-vol-1;https://mooreburkina.com/fr/dioula/videos-en-diaporama-dioula;https://mooreburkina.com/fr/dioula/youtube-chants-diuola;https://mooreburkina.com/fr/film-jesus-en-fulfulde-massina-mali;https://mooreburkina.com/fr/films-clips/clip-de-divers-chorales;https://mooreburkina.com/fr/films-clips/evangile-de-luc;https://mooreburkina.com/fr/films-clips/evangile-de-marc-prot;https://mooreburkina.com/fr/films-clips/evangile-selon-marc-cath;https://mooreburkina.com/fr/films-clips/marcher-avec-j%C3%A9sus;https://mooreburkina.com/fr/films-clips/vid%C3%A9os-de-diaporama;https://mooreburkina.com/fr/films-et-clips/chants-de-diff%C3%A9rentes-chorales-asc;https://mooreburkina.com/fr/films-et-clips/film-j%C3%A9sus-en-moor%C3%A9;https://mooreburkina.com/fr/films-et-clips/le-film-de-magdala-en-moor%C3%A9;https://mooreburkina.com/fr/fran%C3%A7ais-applications;https://mooreburkina.com/fr/fulfulde;https://mooreburkina.com/fr/fulfulde/1495-proverbes-en-fulfulde;https://mooreburkina.com/fr/fulfulde/15-contes-en-fulfulde;https://mooreburkina.com/fr/fulfulde/chants-jam-tan-youtube;https://mooreburkina.com/fr/fulfulde/contes-lus-en-fulfulde;https://mooreburkina.com/fr/fulfulde/contes-lus-en-fulfulde-0;https://mooreburkina.com/fr/fulfulde/contes-lus-en-fulfulde-5;https://mooreburkina.com/fr/fulfulde/contes-lus-en-fulfulde-vol-3;https://mooreburkina.com/fr/fulfulde/dictionnaire-fulfulde-en-ligne;https://mooreburkina.com/fr/fulfulde/documents-pdf-fulfulde;https://mooreburkina.com/fr/fulfulde/evangile-de-marc-fulfulde-massina;https://mooreburkina.com/fr/fulfulde/j%C3%A9sus-parle-le-fulfulde;https://mooreburkina.com/fr/fulfulde/la-parole-de-dieu-en-fulfulde;https://mooreburkina.com/fr/fulfulde/le-chemin-de-la-justice;https://mooreburkina.com/fr/fulfulde/matthieu-en-fulfulde-massina;https://mooreburkina.com/fr/fulfulde/proverbes-dioula-vol-4;https://mooreburkina.com/fr/fulfulde/proverbes-fulfulde-avec-audio;https://mooreburkina.com/fr/fulfulde/proverbes-fulfulde-avec-audio-vol-5;https://mooreburkina.com/fr/fulfulde/proverbes-fulfulde-avec-audio-vol2;https://mooreburkina.com/fr/fulfulde/proverbes-fulfulde-avec-audio-vol3;https://mooreburkina.com/fr/fulfulde/proverbes-fulfulde-avec-audio-vol4;https://mooreburkina.com/fr/fulfulde/vid%C3%A9os-en-diaporama-fulfulde;https://mooreburkina.com/fr/fulfulde/youtube-chants-fulfulde;https://mooreburkina.com/fr/gulimancema;https://mooreburkina.com/fr/gulimancema/applications-gulmanchema;https://mooreburkina.com/fr/gulimancema/chants-et-musique-gulmanche;https://mooreburkina.com/fr/gulimancema/dictionnaire-gulmanchema;https://mooreburkina.com/fr/gulimancema/evangile-de-luc;https://mooreburkina.com/fr/gulimancema/film-de-j%C3%A9sus-gulmancema;https://mooreburkina.com/fr/gulimancema/le-chemin-de-la-justice;https://mooreburkina.com/fr/gulimancema/marc-en-gurmancema;https://mooreburkina.com/fr/gulimancema/vid%C3%A9os-en-diaporama-gulmancema;https://mooreburkina.com/fr/images/animaux;https://mooreburkina.com/fr/images/fotos-du-pays-mossi/gens-et-impressions;https://mooreburkina.com/fr/images/impression-de-ouagadougou;https://mooreburkina.com/fr/images/le-burkina-faso-en-images;https://mooreburkina.com/fr/images/ouagadougou;https://mooreburkina.com/fr/images/tissus;https://mooreburkina.com/fr/impressum;https://mooreburkina.com/fr/la-parole-de-dieu/la-parole-de-dieu-en-moor%C3%A9;https://mooreburkina.com/fr/livres-en-moor%C3%A9/%C3%A9crire-les-langues-nationales;https://mooreburkina.com/fr/livres-en-moor%C3%A9/t%C3%A9l%C3%A9charger-pdf;https://mooreburkina.com/fr/parole-de-dieu/%C3%A9couter-le-nouveau-testament-en-moor%C3%A9;https://mooreburkina.com/fr/parole-de-dieu/le-chemin-de-la-justice;https://mooreburkina.com/fr/sitemap,Mooré Burkina Faso,moore,,other,image,.svg,downloaded,assets/moore/general/other/image/share-icon__e4f51a4f62bc4748.svg,909,5dd6c512b287f56972ecd396bb5317309a33daee80f24d99c1e5390598259864,image/svg+xml,200,"W/""6a5954a3-38d""","Thu, 16 Jul 2026 22:01:07 GMT",2026-10-03T20:16:39.636564+00:00,
asset,a9b8196878a20233,https://mooreburkina.com/modules/custom/arclight/images/MAG1/1_wl-0-0.webp,https://mooreburkina.com/fr/dioula/marie-de-magdala-en-dioula;https://mooreburkina.com/fr/films-et-clips/le-film-de-magdala-en-moor%C3%A9,Marie de Magdala en mooré | Mooré Burkina Faso,moore,,religious,image,.webp,downloaded,assets/moore/general/religious/image/1_wl-0-0__a9b8196878a20233.webp,22466,6599975dce85e36d9af10d7a690c1d48496d4ae51a0e00116f7bee9a2c7b3ae4,image/webp,200,"""6a5954a3-57c2""","Thu, 16 Jul 2026 22:01:07 GMT",2026-10-03T20:16:40.017771+00:00,
asset,7243c2c59015f909,https://mooreburkina.com/modules/custom/arclight/images/MAG1/1_wl604401-0-0.webp,https://mooreburkina.com/fr/dioula/marie-de-magdala-en-dioula;https://mooreburkina.com/fr/films-et-clips/le-film-de-magdala-en-moor%C3%A9,Marie de Magdala en mooré | Mooré Burkina Faso,moore,,religious,image,.webp,downloaded,assets/moore/general/religious/image/1_wl604401-0-0__7243c2c59015f909.webp,12258,e49523bbcc29868d6b157731b39eed3b7ec6453756f62f453e7144196ed79502,image/webp,200,"""6a5954a3-2fe2""","Thu, 16 Jul 2026 22:01:07 GMT",2026-10-03T20:16:40.399797+00:00,
asset,82f40907c4c564b6,https://mooreburkina.com/modules/custom/arclight/images/MAG1/1_wl604402-0-0.webp,https://mooreburkina.com/fr/dioula/marie-de-magdala-en-dioula;https://mooreburkina.com/fr/films-et-clips/le-film-de-magdala-en-moor%C3%A9,Marie de Magdala en mooré | Mooré Burkina Faso,moore,,religious,image,.webp,downloaded,assets/moore/general/religious/image/1_wl604402-0-0__82f40907c4c564b6.webp,24154,ca6a3295df9a19ee0a6a61d6655778cfdd3c1b162ccd78873841c017750a16ca,image/webp,200,"""6a5954a3-5e5a""","Thu, 16 Jul 2026 22:01:07 GMT",2026-10-03T20:16:40.791388+00:00,
asset,fca4b3fe121aabce,https://mooreburkina.com/modules/custom/arclight/images/MAG1/1_wl604403-0-0.webp,https://mooreburkina.com/fr/dioula/marie-de-magdala-en-dioula;https://mooreburkina.com/fr/films-et-clips/le-film-de-magdala-en-moor%C3%A9,Marie de Magdala en mooré | Mooré Burkina Faso,moore,,religious,image,.webp,downloaded,assets/moore/general/religious/image/1_wl604403-0-0__fca4b3fe121aabce.webp,15304,5f3fb3d72407e59a9d04368f16ab155906913eabf0c853f405c483697fd873b5,image/webp,200,"""6a5954a3-3bc8""","Thu, 16 Jul 2026 22:01:07 GMT",2026-10-03T20:16:41.174357+00:00,
asset,b231df952ef0d0da,https://mooreburkina.com/modules/custom/arclight/images/MAG1/1_wl604404-0-0.webp,https://mooreburkina.com/fr/dioula/marie-de-magdala-en-dioula;https://mooreburkina.com/fr/films-et-clips/le-film-de-magdala-en-moor%C3%A9,Marie de Magdala en mooré | Mooré Burkina Faso,moore,,religious,image,.webp,downloaded,assets/moore/general/religious/image/1_wl604404-0-0__b231df952ef0d0da.webp,9304,603333bc539f894b9efa094dfba51c1dc33249303bd4029f20974eea31db23f6,image/webp,200,"""6a5954a3-2458""","Thu, 16 Jul 2026 22:01:07 GMT",2026-10-03T20:16:41.554119+00:00,
asset,54e05bee5b3b9d24,https://mooreburkina.com/modules/custom/arclight/images/MAG1/1_wl604405-0-0.webp,https://mooreburkina.com/fr/dioula/marie-de-magdala-en-dioula;https://mooreburkina.com/fr/films-et-clips/le-film-de-magdala-en-moor%C3%A9,Marie de Magdala en mooré | Mooré Burkina Faso,moore,,religious,image,.webp,downloaded,assets/moore/general/religious/image/1_wl604405-0-0__54e05bee5b3b9d24.webp,49468,e97161df1eabe004ac1f3fb3e80e21ad28cfc29b6775815c125632f59895b275,image/webp,200,"""6a5954a3-c13c""","Thu, 16 Jul 2026 22:01:07 GMT",2026-10-03T20:16:41.950966+00:00,
asset,9dd6e950c67f3fb8,https://mooreburkina.com/modules/custom/arclight/images/MAG1/1_wl604406-0-0.webp,https://mooreburkina.com/fr/dioula/marie-de-magdala-en-dioula;https://mooreburkina.com/fr/films-et-clips/le-film-de-magdala-en-moor%C3%A9,Marie de Magdala en mooré | Mooré Burkina Faso,moore,,religious,image,.webp,downloaded,assets/moore/general/religious/image/1_wl604406-0-0__9dd6e950c67f3fb8.webp,21094,397c1abfcc60dfda7d327a32b7304713474ed546b58e43705d7e3fde74d2201c,image/webp,200,"""6a5954a3-5266""","Thu, 16 Jul 2026 22:01:07 GMT",2026-10-03T20:16:42.341924+00:00,
asset,5b6bd0fe29229ddd,https://mooreburkina.com/modules/custom/arclight/images/MAG1/1_wl604407-0-0.webp,https://mooreburkina.com/fr/dioula/marie-de-magdala-en-dioula;https://mooreburkina.com/fr/films-et-clips/le-film-de-magdala-en-moor%C3%A9,Marie de Magdala en mooré | Mooré Burkina Faso,moore,,religious,image,.webp,downloaded,assets/moore/general/religious/image/1_wl604407-0-0__5b6bd0fe29229ddd.webp,9270,a18823c8910a64090cca988671b5eb34398145cec7c7a6a6984efd79625ef0fb,image/webp,200,"""6a5954a3-2436""","Thu, 16 Jul 2026 22:01:07 GMT",2026-10-03T20:16:42.722014+00:00,
asset,da8723391dad9b73,https://mooreburkina.com/modules/custom/arclight/images/MAG1/1_wl604408-0-0.webp,https://mooreburkina.com/fr/dioula/marie-de-magdala-en-dioula;https://mooreburkina.com/fr/films-et-clips/le-film-de-magdala-en-moor%C3%A9,Marie de Magdala en mooré | Mooré Burkina Faso,moore,,religious,image,.webp,downloaded,assets/moore/general/religious/image/1_wl604408-0-0__da8723391dad9b73.webp,15332,49a621f140ed69317767890e8b5cbd5c515ff51608896ffdc51c12dee4fa391c,image/webp,200,"""6a5954a3-3be4""","Thu, 16 Jul 2026 22:01:07 GMT",2026-10-03T20:16:43.199501+00:00,
asset,f62edd3e2f7ec800,https://mooreburkina.com/modules/custom/arclight/images/MAG1/1_wl604409-0-0.webp,https://mooreburkina.com/fr/dioula/marie-de-magdala-en-dioula;https://mooreburkina.com/fr/films-et-clips/le-film-de-magdala-en-moor%C3%A9,Marie de Magdala en mooré | Mooré Burkina Faso,moore,,religious,image,.webp,downloaded,assets/moore/general/religious/image/1_wl604409-0-0__f62edd3e2f7ec800.webp,14834,8cdba331b69e6ce86e1f5d348f85f9277b47161d6450213ca94f7a737f4ed5fa,image/webp,200,"""6a5954a3-39f2""","Thu, 16 Jul 2026 22:01:07 GMT",2026-10-03T20:16:43.602057+00:00,
asset,8c4ded5b8d7f1037,https://mooreburkina.com/modules/custom/arclight/images/MAG1/1_wl604410-0-0.webp,https://mooreburkina.com/fr/dioula/marie-de-magdala-en-dioula;https://mooreburkina.com/fr/films-et-clips/le-film-de-magdala-en-moor%C3%A9,Marie de Magdala en mooré | Mooré Burkina Faso,moore,,religious,image,.webp,downloaded,assets/moore/general/religious/image/1_wl604410-0-0__8c4ded5b8d7f1037.webp,18246,e37baab37ae37f8b1529187633001504e54615a994eec9e1efb12f9aa72cebfe,image/webp,200,"""6a5954a3-4746""","Thu, 16 Jul 2026 22:01:07 GMT",2026-10-03T20:16:44.077518+00:00,
asset,480cba764b1c5e24,https://mooreburkina.com/modules/custom/arclight/images/MAG1/1_wl604411-0-0.webp,https://mooreburkina.com/fr/dioula/marie-de-magdala-en-dioula;https://mooreburkina.com/fr/films-et-clips/le-film-de-magdala-en-moor%C3%A9,Marie de Magdala en mooré | Mooré Burkina Faso,moore,,religious,image,.webp,downloaded,assets/moore/general/religious/image/1_wl604411-0-0__480cba764b1c5e24.webp,22534,2481e60dad457bb2f76e040b2ffb8d16ef4fdb42b394821054861d11f058f2cc,image/webp,200,"""6a5954a3-5806""","Thu, 16 Jul 2026 22:01:07 GMT",2026-10-03T20:16:44.552875+00:00,
asset,f08b41edb030928f,https://mooreburkina.com/modules/custom/arclight/images/MAG1/1_wl604412-0-0.webp,https://mooreburkina.com/fr/dioula/marie-de-magdala-en-dioula;https://mooreburkina.com/fr/films-et-clips/le-film-de-magdala-en-moor%C3%A9,Marie de Magdala en mooré | Mooré Burkina Faso,moore,,religious,image,.webp,downloaded,assets/moore/general/religious/image/1_wl604412-0-0__f08b41edb030928f.webp,18648,e3c1266269337f920e31617f00e051e3a7b623273a85b2b905a81b2c70836e4a,image/webp,200,"""6a5954a3-48d8""","Thu, 16 Jul 2026 22:01:07 GMT",2026-10-03T20:16:44.951358+00:00,
asset,90e2de3129f8f2c3,https://mooreburkina.com/modules/custom/arclight/images/MAG1/1_wl604413-0-0.webp,https://mooreburkina.com/fr/dioula/marie-de-magdala-en-dioula;https://mooreburkina.com/fr/films-et-clips/le-film-de-magdala-en-moor%C3%A9,Marie de Magdala en mooré | Mooré Burkina Faso,moore,,religious,image,.webp,downloaded,assets/moore/general/religious/image/1_wl604413-0-0__90e2de3129f8f2c3.webp,24932,ea7f816a194b20bacf7d0d0bf493f677d09f08498e09f15d17d8e9c41a6e6d75,image/webp,200,"""6a5954a3-6164""","Thu, 16 Jul 2026 22:01:07 GMT",2026-10-03T20:16:45.426865+00:00,
asset,9bdb6261125fe6ff,https://mooreburkina.com/modules/custom/arclight/images/MAG1/1_wl604414-0-0.webp,https://mooreburkina.com/fr/dioula/marie-de-magdala-en-dioula;https://mooreburkina.com/fr/films-et-clips/le-film-de-magdala-en-moor%C3%A9,Marie de Magdala en mooré | Mooré Burkina Faso,moore,,religious,image,.webp,downloaded,assets/moore/general/religious/image/1_wl604414-0-0__9bdb6261125fe6ff.webp,38150,ec6869cafa5d6e90a17ae887597a1542c6963c9236d4ebd2af57cef6f19a3b4c,image/webp,200,"""6a5954a3-9506""","Thu, 16 Jul 2026 22:01:07 GMT",2026-10-03T20:16:45.902223+00:00,
asset,21d6ed0337205f48,https://mooreburkina.com/modules/custom/arclight/images/MAG1/1_wl604415-0-0.webp,https://mooreburkina.com/fr/dioula/marie-de-magdala-en-dioula;https://mooreburkina.com/fr/films-et-clips/le-film-de-magdala-en-moor%C3%A9,Marie de Magdala en mooré | Mooré Burkina Faso,moore,,religious,image,.webp,downloaded,assets/moore/general/religious/image/1_wl604415-0-0__21d6ed0337205f48.webp,20324,cffb48ec94b77c0bd37164c8bd6433bd1f4fea54a82201812146c882837e0899,image/webp,200,"""6a5954a3-4f64""","Thu, 16 Jul 2026 22:01:07 GMT",2026-10-03T20:16:46.290722+00:00,
asset,b59bd3094f0771a2,https://mooreburkina.com/modules/custom/arclight/images/MAG1/1_wl604416-0-0.webp,https://mooreburkina.com/fr/dioula/marie-de-magdala-en-dioula;https://mooreburkina.com/fr/films-et-clips/le-film-de-magdala-en-moor%C3%A9,Marie de Magdala en mooré | Mooré Burkina Faso,moore,,religious,image,.webp,downloaded,assets/moore/general/religious/image/1_wl604416-0-0__b59bd3094f0771a2.webp,45288,18db74abe071237945204832d7d02ce2e0b904566bbde4309334139e3cf9e001,image/webp,200,"""6a5954a3-b0e8""","Thu, 16 Jul 2026 22:01:07 GMT",2026-10-03T20:16:46.770402+00:00,
asset,bcf50398c743f682,https://mooreburkina.com/modules/custom/arclight/images/MAG1/1_wl604417-0-0.webp,https://mooreburkina.com/fr/dioula/marie-de-magdala-en-dioula;https://mooreburkina.com/fr/films-et-clips/le-film-de-magdala-en-moor%C3%A9,Marie de Magdala en mooré | Mooré Burkina Faso,moore,,religious,image,.webp,downloaded,assets/moore/general/religious/image/1_wl604417-0-0__bcf50398c743f682.webp,31228,a449edd5dd75d671818a7b549b1ffdb91227e8d15c039a7aea7a8d358e91225b,image/webp,200,"""6a5954a3-79fc""","Thu, 16 Jul 2026 22:01:07 GMT",2026-10-03T20:16:47.167614+00:00,
asset,107e386026184185,https://mooreburkina.com/modules/custom/arclight/images/MAG1/1_wl604418-0-0.webp,https://mooreburkina.com/fr/dioula/marie-de-magdala-en-dioula;https://mooreburkina.com/fr/films-et-clips/le-film-de-magdala-en-moor%C3%A9,Marie de Magdala en mooré | Mooré Burkina Faso,moore,,religious,image,.webp,downloaded,assets/moore/general/religious/image/1_wl604418-0-0__107e386026184185.webp,35464,264c0e391a7b7352e6f649b7d797f8e86eed9ee02786333cf327102961ab36e4,image/webp,200,"""6a5954a3-8a88""","Thu, 16 Jul 2026 22:01:07 GMT",2026-10-03T20:16:47.642467+00:00,
asset,3c5fae4a012ff572,https://mooreburkina.com/modules/custom/arclight/images/MAG1/1_wl604419-0-0.webp,https://mooreburkina.com/fr/dioula/marie-de-magdala-en-dioula;https://mooreburkina.com/fr/films-et-clips/le-film-de-magdala-en-moor%C3%A9,Marie de Magdala en mooré | Mooré Burkina Faso,moore,,religious,image,.webp,downloaded,assets/moore/general/religious/image/1_wl604419-0-0__3c5fae4a012ff572.webp,50182,ca89d8d60070f381a03c21b558311dbb6487be211f47cf498adec5e44fa91222,image/webp,200,"""6a5954a3-c406""","Thu, 16 Jul 2026 22:01:07 GMT",2026-10-03T20:16:48.119516+00:00,
asset,2697b74346686cc1,https://mooreburkina.com/modules/custom/arclight/images/MAG1/1_wl604420-0-0.webp,https://mooreburkina.com/fr/dioula/marie-de-magdala-en-dioula;https://mooreburkina.com/fr/films-et-clips/le-film-de-magdala-en-moor%C3%A9,Marie de Magdala en mooré | Mooré Burkina Faso,moore,,religious,image,.webp,downloaded,assets/moore/general/religious/image/1_wl604420-0-0__2697b74346686cc1.webp,43972,d071b3fe7a3fce28794bfc61a1a46a62000a11022211b748f8fa222d32e135bb,image/webp,200,"""6a5954a3-abc4""","Thu, 16 Jul 2026 22:01:07 GMT",2026-10-03T20:16:48.596427+00:00,
asset,8e0b44a8db944c71,https://mooreburkina.com/modules/custom/arclight/images/MAG1/1_wl604421-0-0.webp,https://mooreburkina.com/fr/dioula/marie-de-magdala-en-dioula;https://mooreburkina.com/fr/films-et-clips/le-film-de-magdala-en-moor%C3%A9,Marie de Magdala en mooré | Mooré Burkina Faso,moore,,religious,image,.webp,downloaded,assets/moore/general/religious/image/1_wl604421-0-0__8e0b44a8db944c71.webp,69572,cc927903d8464943715a74c381c8c853882e21f51f16502b708e3a9ce7059d60,image/webp,200,"""6a5954a3-10fc4""","Thu, 16 Jul 2026 22:01:07 GMT",2026-10-03T20:16:49.075637+00:00,
asset,d1156da87c632834,https://mooreburkina.com/modules/custom/arclight/images/MAG1/1_wl604422-0-0.webp,https://mooreburkina.com/fr/dioula/marie-de-magdala-en-dioula;https://mooreburkina.com/fr/films-et-clips/le-film-de-magdala-en-moor%C3%A9,Marie de Magdala en mooré | Mooré Burkina Faso,moore,,religious,image,.webp,downloaded,assets/moore/general/religious/image/1_wl604422-0-0__d1156da87c632834.webp,39782,98d53bab8bca9cb8c005ee4ed3a6cf2ef5f7c2a78dcab52c6d66f0d18c9e5dd5,image/webp,200,"""6a5954a3-9b66""","Thu, 16 Jul 2026 22:01:07 GMT",2026-10-03T20:16:49.482318+00:00,
asset,e72f1187eb21cdd2,https://mooreburkina.com/modules/custom/arclight/images/MAG1/1_wl604423-0-0.webp,https://mooreburkina.com/fr/dioula/marie-de-magdala-en-dioula;https://mooreburkina.com/fr/films-et-clips/le-film-de-magdala-en-moor%C3%A9,Marie de Magdala en mooré | Mooré Burkina Faso,moore,,religious,image,.webp,downloaded,assets/moore/general/religious/image/1_wl604423-0-0__e72f1187eb21cdd2.webp,37068,a16618368d471c29a70546ea2973c9eaa2135f67f8cee905bc910a0b4706d7e4,image/webp,200,"""6a5954a3-90cc""","Thu, 16 Jul 2026 22:01:07 GMT",2026-10-03T20:16:49.864683+00:00,
asset,47d6073c17e9151d,https://mooreburkina.com/modules/custom/arclight/images/MAG1/1_wl604424-0-0.webp,https://mooreburkina.com/fr/dioula/marie-de-magdala-en-dioula;https://mooreburkina.com/fr/films-et-clips/le-film-de-magdala-en-moor%C3%A9,Marie de Magdala en mooré | Mooré Burkina Faso,moore,,religious,image,.webp,downloaded,assets/moore/general/religious/image/1_wl604424-0-0__47d6073c17e9151d.webp,15712,3cabe456bd5d3a199bd5a9de61215e7e4910eb72b71f2f661136de4413a750b4,image/webp,200,"""6a5954a3-3d60""","Thu, 16 Jul 2026 22:01:07 GMT",2026-10-03T20:16:50.246547+00:00,
asset,d5e6a3a8ca9a7b83,https://mooreburkina.com/modules/custom/arclight/images/MAG1/1_wl604425-0-0.webp,https://mooreburkina.com/fr/dioula/marie-de-magdala-en-dioula;https://mooreburkina.com/fr/films-et-clips/le-film-de-magdala-en-moor%C3%A9,Marie de Magdala en mooré | Mooré Burkina Faso,moore,,religious,image,.webp,downloaded,assets/moore/general/religious/image/1_wl604425-0-0__d5e6a3a8ca9a7b83.webp,59528,432a6a384a0ab12c1d7cc1822ad0d96651e67c1ebb23de4a6bcf9b8d4d33e8fe,image/webp,200,"""6a5954a3-e888""","Thu, 16 Jul 2026 22:01:07 GMT",2026-10-03T20:16:50.824679+00:00,
asset,bf9ab0cd08850399,https://mooreburkina.com/modules/custom/arclight/images/MAG1/1_wl604426-0-0.webp,https://mooreburkina.com/fr/dioula/marie-de-magdala-en-dioula;https://mooreburkina.com/fr/films-et-clips/le-film-de-magdala-en-moor%C3%A9,Marie de Magdala en mooré | Mooré Burkina Faso,moore,,religious,image,.webp,downloaded,assets/moore/general/religious/image/1_wl604426-0-0__bf9ab0cd08850399.webp,12282,0778ec8cd34d9705d84fbf4eb89d293409f3fddfa9e76aa02c50781ad5af97bb,image/webp,200,"""6a5954a3-2ffa""","Thu, 16 Jul 2026 22:01:07 GMT",2026-10-03T20:16:51.207516+00:00,
asset,94bbf0fff1895be6,https://mooreburkina.com/modules/custom/arclight/images/MAG1/1_wl604427-0-0.webp,https://mooreburkina.com/fr/dioula/marie-de-magdala-en-dioula;https://mooreburkina.com/fr/films-et-clips/le-film-de-magdala-en-moor%C3%A9,Marie de Magdala en mooré | Mooré Burkina Faso,moore,,religious,image,.webp,downloaded,assets/moore/general/religious/image/1_wl604427-0-0__94bbf0fff1895be6.webp,19770,3748ddbfed751f7b3911c302de6960399a15202932a1acda6e5a247fe4a19e1c,image/webp,200,"""6a5954a3-4d3a""","Thu, 16 Jul 2026 22:01:07 GMT",2026-10-03T20:16:51.689788+00:00,
asset,fd8b45bd719c4516,https://mooreburkina.com/modules/custom/arclight/images/MAG1/1_wl604428-0-0.webp,https://mooreburkina.com/fr/dioula/marie-de-magdala-en-dioula;https://mooreburkina.com/fr/films-et-clips/le-film-de-magdala-en-moor%C3%A9,Marie de Magdala en mooré | Mooré Burkina Faso,moore,,religious,image,.webp,downloaded,assets/moore/general/religious/image/1_wl604428-0-0__fd8b45bd719c4516.webp,19708,b99e25564e12636dc7b5636dc6e182d65b810ffb5fcbba6e969188069dbd12f8,image/webp,200,"""6a5954a3-4cfc""","Thu, 16 Jul 2026 22:01:07 GMT",2026-10-03T20:16:52.165611+00:00,
asset,3ea378fbe7b9b6dc,https://mooreburkina.com/modules/custom/arclight/images/MAG1/1_wl604429-0-0.webp,https://mooreburkina.com/fr/dioula/marie-de-magdala-en-dioula;https://mooreburkina.com/fr/films-et-clips/le-film-de-magdala-en-moor%C3%A9,Marie de Magdala en mooré | Mooré Burkina Faso,moore,,religious,image,.webp,downloaded,assets/moore/general/religious/image/1_wl604429-0-0__3ea378fbe7b9b6dc.webp,20742,519506ee8632653689e1d467dc5193ada74100d7a8d9e5906afe1b86d85944d4,image/webp,200,"""6a5954a3-5106""","Thu, 16 Jul 2026 22:01:07 GMT",2026-10-03T20:16:52.645691+00:00,
asset,0e07cb52be8f6084,https://mooreburkina.com/modules/custom/arclight/images/MAG1/1_wl604430-0-0.webp,https://mooreburkina.com/fr/dioula/marie-de-magdala-en-dioula;https://mooreburkina.com/fr/films-et-clips/le-film-de-magdala-en-moor%C3%A9,Marie de Magdala en mooré | Mooré Burkina Faso,moore,,religious,image,.webp,downloaded,assets/moore/general/religious/image/1_wl604430-0-0__0e07cb52be8f6084.webp,14602,89b64471522b9fabbfc3541ea8d8f5120818dec09f319a1e67459fa6e2d7daf5,image/webp,200,"""6a5954a3-390a""","Thu, 16 Jul 2026 22:01:07 GMT",2026-10-03T20:16:53.026602+00:00,
asset,b1a88e03990f7fda,https://mooreburkina.com/modules/custom/arclight/images/MAG1/1_wl604431-0-0.webp,https://mooreburkina.com/fr/dioula/marie-de-magdala-en-dioula;https://mooreburkina.com/fr/films-et-clips/le-film-de-magdala-en-moor%C3%A9,Marie de Magdala en mooré | Mooré Burkina Faso,moore,,religious,image,.webp,downloaded,assets/moore/general/religious/image/1_wl604431-0-0__b1a88e03990f7fda.webp,17664,c36dfe2ed04f8d16942133ac0559eb5616e794db07d58b02078af5af74bd2053,image/webp,200,"""6a5954a3-4500""","Thu, 16 Jul 2026 22:01:07 GMT",2026-10-03T20:16:53.508720+00:00,
asset,0b05a8cdb76a5d58,https://mooreburkina.com/modules/custom/arclight/images/MAG1/1_wl604432-0-0.webp,https://mooreburkina.com/fr/dioula/marie-de-magdala-en-dioula;https://mooreburkina.com/fr/films-et-clips/le-film-de-magdala-en-moor%C3%A9,Marie de Magdala en mooré | Mooré Burkina Faso,moore,,religious,image,.webp,downloaded,assets/moore/general/religious/image/1_wl604432-0-0__0b05a8cdb76a5d58.webp,28500,81f9bca0ccafea8310b3349dea8172af865927f8ee4c02f7f19ecefd3445758a,image/webp,200,"""6a5954a3-6f54""","Thu, 16 Jul 2026 22:01:07 GMT",2026-10-03T20:16:53.984032+00:00,
asset,ec6b4e71f06034b1,https://mooreburkina.com/modules/custom/arclight/images/MAG1/1_wl604433-0-0.webp,https://mooreburkina.com/fr/dioula/marie-de-magdala-en-dioula;https://mooreburkina.com/fr/films-et-clips/le-film-de-magdala-en-moor%C3%A9,Marie de Magdala en mooré | Mooré Burkina Faso,moore,,religious,image,.webp,downloaded,assets/moore/general/religious/image/1_wl604433-0-0__ec6b4e71f06034b1.webp,29914,b143d7cb4c87dea3e2f2da9e7261349d19f3dd4e63c4139dd40416208da7401d,image/webp,200,"""6a5954a3-74da""","Thu, 16 Jul 2026 22:01:07 GMT",2026-10-03T20:16:54.461862+00:00,
asset,a59837aa4e93472b,https://mooreburkina.com/modules/custom/arclight/images/MAG1/1_wl604434-0-0.webp,https://mooreburkina.com/fr/dioula/marie-de-magdala-en-dioula;https://mooreburkina.com/fr/films-et-clips/le-film-de-magdala-en-moor%C3%A9,Marie de Magdala en mooré | Mooré Burkina Faso,moore,,religious,image,.webp,downloaded,assets/moore/general/religious/image/1_wl604434-0-0__a59837aa4e93472b.webp,16756,b7192ef321fcfd9e581724cd22a389071fa4cd148a5fa544786dc25978db7762,image/webp,200,"""6a5954a3-4174""","Thu, 16 Jul 2026 22:01:07 GMT",2026-10-03T20:16:54.846768+00:00,
asset,4ab3684762b2606b,https://mooreburkina.com/modules/custom/arclight/images/MAG1/1_wl604435-0-0.webp,https://mooreburkina.com/fr/dioula/marie-de-magdala-en-dioula;https://mooreburkina.com/fr/films-et-clips/le-film-de-magdala-en-moor%C3%A9,Marie de Magdala en mooré | Mooré Burkina Faso,moore,,religious,image,.webp,downloaded,assets/moore/general/religious/image/1_wl604435-0-0__4ab3684762b2606b.webp,13226,4c1480b4018fe75fdecfd80ab98acf8b3a03278c16d0dbcdede01b6d1599e301,image/webp,200,"""6a5954a3-33aa""","Thu, 16 Jul 2026 22:01:07 GMT",2026-10-03T20:16:55.228000+00:00,
asset,2773eabd68b028e1,https://mooreburkina.com/modules/custom/arclight/images/MAG1/1_wl604436-0-0.webp,https://mooreburkina.com/fr/dioula/marie-de-magdala-en-dioula;https://mooreburkina.com/fr/films-et-clips/le-film-de-magdala-en-moor%C3%A9,Marie de Magdala en mooré | Mooré Burkina Faso,moore,,religious,image,.webp,downloaded,assets/moore/general/religious/image/1_wl604436-0-0__2773eabd68b028e1.webp,14282,704123838814308ba077f6caaca5d5382106fcefdcdf93859de92ff12d4c65bf,image/webp,200,"""6a5954a3-37ca""","Thu, 16 Jul 2026 22:01:07 GMT",2026-10-03T20:16:55.706420+00:00,
asset,93f47389d2880cb5,https://mooreburkina.com/modules/custom/arclight/images/MAG1/1_wl604437-0-0.webp,https://mooreburkina.com/fr/dioula/marie-de-magdala-en-dioula;https://mooreburkina.com/fr/films-et-clips/le-film-de-magdala-en-moor%C3%A9,Marie de Magdala en mooré | Mooré Burkina Faso,moore,,religious,image,.webp,downloaded,assets/moore/general/religious/image/1_wl604437-0-0__93f47389d2880cb5.webp,16076,9bffce7dc058b9809164adf14fe82c403393f4f5518d1fa0e4a7cf4f6822f9f1,image/webp,200,"""6a5954a3-3ecc""","Thu, 16 Jul 2026 22:01:07 GMT",2026-10-03T20:16:56.182874+00:00,
asset,eefd1746b216c305,https://mooreburkina.com/modules/custom/arclight/images/MAG1/1_wl604438-0-0.webp,https://mooreburkina.com/fr/dioula/marie-de-magdala-en-dioula;https://mooreburkina.com/fr/films-et-clips/le-film-de-magdala-en-moor%C3%A9,Marie de Magdala en mooré | Mooré Burkina Faso,moore,,religious,image,.webp,downloaded,assets/moore/general/religious/image/1_wl604438-0-0__eefd1746b216c305.webp,16284,dabd8ea5a783cbc19e38ab1c2c624d69d7288d66d9e89135bffc42c28baa1641,image/webp,200,"""6a5954a3-3f9c""","Thu, 16 Jul 2026 22:01:07 GMT",2026-10-03T20:16:56.666390+00:00,
asset,5c135e46485cd72a,https://mooreburkina.com/modules/custom/arclight/images/MAG1/1_wl604439-0-0.webp,https://mooreburkina.com/fr/dioula/marie-de-magdala-en-dioula;https://mooreburkina.com/fr/films-et-clips/le-film-de-magdala-en-moor%C3%A9,Marie de Magdala en mooré | Mooré Burkina Faso,moore,,religious,image,.webp,downloaded,assets/moore/general/religious/image/1_wl604439-0-0__5c135e46485cd72a.webp,29248,d896745b18b9b27620f1e6430c34adc007c294e21a4e1c41840062f96199a79e,image/webp,200,"""6a5954a3-7240""","Thu, 16 Jul 2026 22:01:07 GMT",2026-10-03T20:16:57.143751+00:00,
asset,cd7a324f466e351a,https://mooreburkina.com/modules/custom/arclight/images/MAG1/1_wl604440-0-0.webp,https://mooreburkina.com/fr/dioula/marie-de-magdala-en-dioula;https://mooreburkina.com/fr/films-et-clips/le-film-de-magdala-en-moor%C3%A9,Marie de Magdala en mooré | Mooré Burkina Faso,moore,,religious,image,.webp,downloaded,assets/moore/general/religious/image/1_wl604440-0-0__cd7a324f466e351a.webp,22804,bde05fa81c4f783b907dc9a6f134e4ad6cf483b318dbb9059cfa5349a3d9b87b,image/webp,200,"""6a5954a3-5914""","Thu, 16 Jul 2026 22:01:07 GMT",2026-10-03T20:16:57.619763+00:00,
asset,c855e4191a885919,https://mooreburkina.com/modules/custom/arclight/images/MAG1/1_wl604441-0-0.webp,https://mooreburkina.com/fr/dioula/marie-de-magdala-en-dioula;https://mooreburkina.com/fr/films-et-clips/le-film-de-magdala-en-moor%C3%A9,Marie de Magdala en mooré | Mooré Burkina Faso,moore,,religious,image,.webp,downloaded,assets/moore/general/religious/image/1_wl604441-0-0__c855e4191a885919.webp,36226,f7dc82449385769fd7b1c70e2fa6fa8c63a15ab7ff04d015168103cb120cf6a6,image/webp,200,"""6a5954a3-8d82""","Thu, 16 Jul 2026 22:01:07 GMT",2026-10-03T20:16:58.097023+00:00,
asset,4d27e6e29bcb6cc6,https://mooreburkina.com/modules/custom/arclight/images/MAG1/1_wl604442-0-0.webp,https://mooreburkina.com/fr/dioula/marie-de-magdala-en-dioula;https://mooreburkina.com/fr/films-et-clips/le-film-de-magdala-en-moor%C3%A9,Marie de Magdala en mooré | Mooré Burkina Faso,moore,,religious,image,.webp,downloaded,assets/moore/general/religious/image/1_wl604442-0-0__4d27e6e29bcb6cc6.webp,12754,2795c3139f2391e52712979ae9f5003262470e4469b39a93c1084b47ae8e5d5f,image/webp,200,"""6a5954a3-31d2""","Thu, 16 Jul 2026 22:01:07 GMT",2026-10-03T20:16:58.478560+00:00,
asset,294c8e3b0c407af7,https://mooreburkina.com/modules/custom/arclight/images/MAG1/1_wl604443-0-0.webp,https://mooreburkina.com/fr/dioula/marie-de-magdala-en-dioula;https://mooreburkina.com/fr/films-et-clips/le-film-de-magdala-en-moor%C3%A9,Marie de Magdala en mooré | Mooré Burkina Faso,moore,,religious,image,.webp,downloaded,assets/moore/general/religious/image/1_wl604443-0-0__294c8e3b0c407af7.webp,17332,0119143a97453e14f562bbd2720151eb582c423a3a8152802df7146d530f2e2f,image/webp,200,"""6a5954a3-43b4""","Thu, 16 Jul 2026 22:01:07 GMT",2026-10-03T20:16:58.954707+00:00,
asset,5fae129532e3b4a1,https://mooreburkina.com/modules/custom/arclight/images/MAG1/1_wl604444-0-0.webp,https://mooreburkina.com/fr/dioula/marie-de-magdala-en-dioula;https://mooreburkina.com/fr/films-et-clips/le-film-de-magdala-en-moor%C3%A9,Marie de Magdala en mooré | Mooré Burkina Faso,moore,,religious,image,.webp,downloaded,assets/moore/general/religious/image/1_wl604444-0-0__5fae129532e3b4a1.webp,9706,c3ee6440336ce9f67142bb0f7abe5b17831b6be333a7a9a06e32aab088a84157,image/webp,200,"""6a5954a3-25ea""","Thu, 16 Jul 2026 22:01:07 GMT",2026-10-03T20:16:59.338430+00:00,
asset,7ebc8ebf310799c6,https://mooreburkina.com/modules/custom/arclight/images/MAG1/MAG1.webp,https://mooreburkina.com/fr/dioula/marie-de-magdala-en-dioula;https://mooreburkina.com/fr/films-et-clips/le-film-de-magdala-en-moor%C3%A9,Marie de Magdala en mooré | Mooré Burkina Faso,moore,,religious,image,.webp,downloaded,assets/moore/general/religious/image/mag1__7ebc8ebf310799c6.webp,36822,6530fe13dbeeb9e00bf1468d6f8c0b20223c5096a18be31306279c74ad23c44b,image/webp,200,"""6a5954a3-8fd6""","Thu, 16 Jul 2026 22:01:07 GMT",2026-10-03T20:16:59.815902+00:00,
asset,f760c89337c9acfc,https://mooreburkina.com/modules/custom/wildfire_dbp/images/default_audio.webp,https://mooreburkina.com/fr/dioula-fulfulde/%C3%A9couter-la-parole-de-dieu-en-dioula;https://mooreburkina.com/fr/dioula-fulfulde/%C3%A9couter-la-parole-de-dieu-en-fulfulde;https://mooreburkina.com/fr/parole-de-dieu/%C3%A9couter-le-nouveau-testament-en-moor%C3%A9,Écouter le Nouveau Testament en mooré | Mooré Burkina Faso,moore,,religious,image,.webp,downloaded,assets/moore/general/religious/image/default_audio__f760c89337c9acfc.webp,1244,2d0ede7ff411ce974f76e3fb8245693f2ef51307547ada236bd5d2284346eb30,image/webp,200,"""6a5954a3-4dc""","Thu, 16 Jul 2026 22:01:07 GMT",2026-10-03T20:17:00.198611+00:00,
asset,666c698ba6d9c976,https://mooreburkina.com/modules/custom/wildfire_dbp/images/luk/luk_0101.webp,https://mooreburkina.com/fr/films-clips/evangile-de-luc;https://mooreburkina.com/fr/gulimancema/evangile-de-luc,Evangile de Luc | Mooré Burkina Faso,moore,,religious,image,.webp,downloaded,assets/moore/general/religious/image/luk_0101__666c698ba6d9c976.webp,31496,9e46364c2df69076d50281df028a981b6d9d41e53c31e9a7186a6d2aee530507,image/webp,200,"""6a5954a3-7b08""","Thu, 16 Jul 2026 22:01:07 GMT",2026-10-03T20:17:00.675070+00:00,
asset,c8738dff233873b5,https://mooreburkina.com/modules/custom/wildfire_dbp/images/luk/luk_0126.webp,https://mooreburkina.com/fr/films-clips/evangile-de-luc;https://mooreburkina.com/fr/gulimancema/evangile-de-luc,Evangile de Luc | Mooré Burkina Faso,moore,,religious,image,.webp,downloaded,assets/moore/general/religious/image/luk_0126__c8738dff233873b5.webp,5858,227db2007e3aa63df8596acc9b41f672c79e22539cf6c136fe956fe661e50a58,image/webp,200,"""6a5954a3-16e2""","Thu, 16 Jul 2026 22:01:07 GMT",2026-10-03T20:17:01.055686+00:00,
asset,2527814e040c20da,https://mooreburkina.com/modules/custom/wildfire_dbp/images/luk/luk_0157.webp,https://mooreburkina.com/fr/films-clips/evangile-de-luc;https://mooreburkina.com/fr/gulimancema/evangile-de-luc,Evangile de Luc | Mooré Burkina Faso,moore,,religious,image,.webp,downloaded,assets/moore/general/religious/image/luk_0157__2527814e040c20da.webp,12604,8c61510280658410878858419104c335207af056155aefbd717dc5f8a488b957,image/webp,200,"""6a5954a3-313c""","Thu, 16 Jul 2026 22:01:07 GMT",2026-10-03T20:17:01.450218+00:00,
asset,542f9d83d695941e,https://mooreburkina.com/modules/custom/wildfire_dbp/images/luk/luk_0201.webp,https://mooreburkina.com/fr/films-clips/evangile-de-luc;https://mooreburkina.com/fr/gulimancema/evangile-de-luc,Evangile de Luc | Mooré Burkina Faso,moore,,religious,image,.webp,downloaded,assets/moore/general/religious/image/luk_0201__542f9d83d695941e.webp,6660,809b710831c2bafa00b7fcc2e4a31263989d3a574daa6a83a9002dd70f967e94,image/webp,200,"""6a5954a3-1a04""","Thu, 16 Jul 2026 22:01:07 GMT",2026-10-03T20:17:01.943992+00:00,
asset,afee3e775882000c,https://mooreburkina.com/modules/custom/wildfire_dbp/images/luk/luk_0222.webp,https://mooreburkina.com/fr/films-clips/evangile-de-luc;https://mooreburkina.com/fr/gulimancema/evangile-de-luc,Evangile de Luc | Mooré Burkina Faso,moore,,religious,image,.webp,downloaded,assets/moore/general/religious/image/luk_0222__afee3e775882000c.webp,19224,ca044da0dd9bacd7e946497be29ba427f3aced29165104013507be8d6719421b,image/webp,200,"""6a5954a3-4b18""","Thu, 16 Jul 2026 22:01:07 GMT",2026-10-03T20:17:02.595869+00:00,
asset,1e6508d710380fca,https://mooreburkina.com/modules/custom/wildfire_dbp/images/luk/luk_0301.webp,https://mooreburkina.com/fr/films-clips/evangile-de-luc;https://mooreburkina.com/fr/gulimancema/evangile-de-luc,Evangile de Luc | Mooré Burkina Faso,moore,,religious,image,.webp,downloaded,assets/moore/general/religious/image/luk_0301__1e6508d710380fca.webp,11996,c3dab0bff5788b683389612c4d8f3f568ff78d6ffa5729ee9afa1f7c2a7fc072,image/webp,200,"""6a5954a3-2edc""","Thu, 16 Jul 2026 22:01:07 GMT",2026-10-03T20:17:02.977985+00:00,
asset,5a15be509dd34a3f,https://mooreburkina.com/modules/custom/wildfire_dbp/images/luk/luk_0318.webp,https://mooreburkina.com/fr/films-clips/evangile-de-luc;https://mooreburkina.com/fr/gulimancema/evangile-de-luc,Evangile de Luc | Mooré Burkina Faso,moore,,religious,image,.webp,downloaded,assets/moore/general/religious/image/luk_0318__5a15be509dd34a3f.webp,12402,4a364cb111fbb4cd86d0cd6634bd9dafe47076e2309b969c52989b562723c286,image/webp,200,"""6a5954a3-3072""","Thu, 16 Jul 2026 22:01:07 GMT",2026-10-03T20:17:03.454007+00:00,
asset,52bb3993545c0158,https://mooreburkina.com/modules/custom/wildfire_dbp/images/luk/luk_0401.webp,https://mooreburkina.com/fr/films-clips/evangile-de-luc;https://mooreburkina.com/fr/gulimancema/evangile-de-luc,Evangile de Luc | Mooré Burkina Faso,moore,,religious,image,.webp,downloaded,assets/moore/general/religious/image/luk_0401__52bb3993545c0158.webp,23036,a99e1103ced9832e8aee5e9276b851f583eb124f0c1860e0a00d95ca9069db4a,image/webp,200,"""6a5954a3-59fc""","Thu, 16 Jul 2026 22:01:07 GMT",2026-10-03T20:17:03.931116+00:00,
asset,669d25e288adeb08,https://mooreburkina.com/modules/custom/wildfire_dbp/images/luk/luk_0431.webp,https://mooreburkina.com/fr/films-clips/evangile-de-luc;https://mooreburkina.com/fr/gulimancema/evangile-de-luc,Evangile de Luc | Mooré Burkina Faso,moore,,religious,image,.webp,downloaded,assets/moore/general/religious/image/luk_0431__669d25e288adeb08.webp,8234,588e221c2298c6f1d5c11abe190ae90b5942e7008bc5e2a65c5b7231570f52dd,image/webp,200,"""6a5954a3-202a""","Thu, 16 Jul 2026 22:01:07 GMT",2026-10-03T20:17:04.333168+00:00,
asset,316393d76738482d,https://mooreburkina.com/modules/custom/wildfire_dbp/images/luk/luk_0501.webp,https://mooreburkina.com/fr/films-clips/evangile-de-luc;https://mooreburkina.com/fr/gulimancema/evangile-de-luc,Evangile de Luc | Mooré Burkina Faso,moore,,religious,image,.webp,downloaded,assets/moore/general/religious/image/luk_0501__316393d76738482d.webp,16588,696613ae01c3c9783079fdb545fa9305c0757231a76e37730f20678d66cfc70b,image/webp,200,"""6a5954a3-40cc""","Thu, 16 Jul 2026 22:01:07 GMT",2026-10-03T20:17:04.810629+00:00,
asset,63f05d63250d1da3,https://mooreburkina.com/modules/custom/wildfire_dbp/images/luk/luk_0517.webp,https://mooreburkina.com/fr/films-clips/evangile-de-luc;https://mooreburkina.com/fr/gulimancema/evangile-de-luc,Evangile de Luc | Mooré Burkina Faso,moore,,religious,image,.webp,downloaded,assets/moore/general/religious/image/luk_0517__63f05d63250d1da3.webp,9306,499a61af5915ca5774d43881f520b9dfe7c2aa0722db72ca975a60e4d210ef77,image/webp,200,"""6a5954a3-245a""","Thu, 16 Jul 2026 22:01:07 GMT",2026-10-03T20:17:05.191788+00:00,
asset,5b80a296887c408f,https://mooreburkina.com/modules/custom/wildfire_dbp/images/luk/luk_0601.webp,https://mooreburkina.com/fr/films-clips/evangile-de-luc;https://mooreburkina.com/fr/gulimancema/evangile-de-luc,Evangile de Luc | Mooré Burkina Faso,moore,,religious,image,.webp,downloaded,assets/moore/general/religious/image/luk_0601__5b80a296887c408f.webp,13728,a50aa994a652310617b8fa5eff995fc7bd9d140f8a93fda68422debba8c53f9a,image/webp,200,"""6a5954a3-35a0""","Thu, 16 Jul 2026 22:01:07 GMT",2026-10-03T20:17:05.576161+00:00,
asset,8202ee3532ec28b1,https://mooreburkina.com/modules/custom/wildfire_dbp/images/luk/luk_0617.webp,https://mooreburkina.com/fr/films-clips/evangile-de-luc;https://mooreburkina.com/fr/gulimancema/evangile-de-luc,Evangile de Luc | Mooré Burkina Faso,moore,,religious,image,.webp,downloaded,assets/moore/general/religious/image/luk_0617__8202ee3532ec28b1.webp,29692,ae93b456e12730b53f3ab695e0dec983bfe5392dc96c48628062c96c30fa4590,image/webp,200,"""6a5954a3-73fc""","Thu, 16 Jul 2026 22:01:07 GMT",2026-10-03T20:17:06.052485+00:00,
asset,0393e19849710193,https://mooreburkina.com/modules/custom/wildfire_dbp/images/luk/luk_0701.webp,https://mooreburkina.com/fr/films-clips/evangile-de-luc;https://mooreburkina.com/fr/gulimancema/evangile-de-luc,Evangile de Luc | Mooré Burkina Faso,moore,,religious,image,.webp,downloaded,assets/moore/general/religious/image/luk_0701__0393e19849710193.webp,9202,1bb66a9074fec4ea61195fd4ba401693c125a671be7c78ac02fd2343c9da7e97,image/webp,200,"""6a5954a3-23f2""","Thu, 16 Jul 2026 22:01:07 GMT",2026-10-03T20:17:06.434708+00:00,
asset,013e6e4c63a148c8,https://mooreburkina.com/modules/custom/wildfire_dbp/images/luk/luk_0736.webp,https://mooreburkina.com/fr/films-clips/evangile-de-luc;https://mooreburkina.com/fr/gulimancema/evangile-de-luc,Evangile de Luc | Mooré Burkina Faso,moore,,religious,image,.webp,downloaded,assets/moore/general/religious/image/luk_0736__013e6e4c63a148c8.webp,7526,6f3d5af36c47648fa4b2e494400293f945cc40847281d59109443718c95c47c8,image/webp,200,"""6a5954a3-1d66""","Thu, 16 Jul 2026 22:01:07 GMT",2026-10-03T20:17:06.815927+00:00,
asset,0534db86fc775579,https://mooreburkina.com/modules/custom/wildfire_dbp/images/luk/luk_0801.webp,https://mooreburkina.com/fr/films-clips/evangile-de-luc;https://mooreburkina.com/fr/gulimancema/evangile-de-luc,Evangile de Luc | Mooré Burkina Faso,moore,,religious,image,.webp,downloaded,assets/moore/general/religious/image/luk_0801__0534db86fc775579.webp,23924,abbdd259a8a7b9a6b3d5a931d6800af7b55cf597593e90aa8526fa6416e0a1dc,image/webp,200,"""6a5954a3-5d74""","Thu, 16 Jul 2026 22:01:07 GMT",2026-10-03T20:17:07.292780+00:00,
asset,3370ff6199ee0d87,https://mooreburkina.com/modules/custom/wildfire_dbp/images/luk/luk_0822.webp,https://mooreburkina.com/fr/films-clips/evangile-de-luc;https://mooreburkina.com/fr/gulimancema/evangile-de-luc,Evangile de Luc | Mooré Burkina Faso,moore,,religious,image,.webp,downloaded,assets/moore/general/religious/image/luk_0822__3370ff6199ee0d87.webp,23122,25554446eb5228b5d564c31fb4afa72c21cd6b97fd0b5199cf218f7547ed9fbe,image/webp,200,"""6a5954a3-5a52""","Thu, 16 Jul 2026 22:01:07 GMT",2026-10-03T20:17:07.773306+00:00,
asset,b26882cb8fccd841,https://mooreburkina.com/modules/custom/wildfire_dbp/images/luk/luk_0840.webp,https://mooreburkina.com/fr/films-clips/evangile-de-luc;https://mooreburkina.com/fr/gulimancema/evangile-de-luc,Evangile de Luc | Mooré Burkina Faso,moore,,religious,image,.webp,downloaded,assets/moore/general/religious/image/luk_0840__b26882cb8fccd841.webp,7108,4f88cabbca63554a85e0ae307e2ea178e10904f85bdec7c6d525298d422a08cb,image/webp,200,"""6a5954a3-1bc4""","Thu, 16 Jul 2026 22:01:07 GMT",2026-10-03T20:17:08.158112+00:00,
asset,a4dde92340893fe2,https://mooreburkina.com/modules/custom/wildfire_dbp/images/luk/luk_0901.webp,https://mooreburkina.com/fr/films-clips/evangile-de-luc;https://mooreburkina.com/fr/gulimancema/evangile-de-luc,Evangile de Luc | Mooré Burkina Faso,moore,,religious,image,.webp,downloaded,assets/moore/general/religious/image/luk_0901__a4dde92340893fe2.webp,56516,477eb656531266e5b02565878534c517823454107aeb7e0abf7140e9b86f1167,image/webp,200,"""6a5954a3-dcc4""","Thu, 16 Jul 2026 22:01:07 GMT",2026-10-03T20:17:08.731758+00:00,
asset,06171eab3a1d45a6,https://mooreburkina.com/modules/custom/wildfire_dbp/images/luk/luk_0927.webp,https://mooreburkina.com/fr/films-clips/evangile-de-luc;https://mooreburkina.com/fr/gulimancema/evangile-de-luc,Evangile de Luc | Mooré Burkina Faso,moore,,religious,image,.webp,downloaded,assets/moore/general/religious/image/luk_0927__06171eab3a1d45a6.webp,11524,5d07fa97460cc2d41152ca2c37339dab9104fa516ab60b537b69732d4bfc0652,image/webp,200,"""6a5954a3-2d04""","Thu, 16 Jul 2026 22:01:07 GMT",2026-10-03T20:17:09.114646+00:00,
asset,5e6f4d8852dc7f51,https://mooreburkina.com/modules/custom/wildfire_dbp/images/luk/luk_1001.webp,https://mooreburkina.com/fr/films-clips/evangile-de-luc;https://mooreburkina.com/fr/gulimancema/evangile-de-luc,Evangile de Luc | Mooré Burkina Faso,moore,,religious,image,.webp,downloaded,assets/moore/general/religious/image/luk_1001__5e6f4d8852dc7f51.webp,19116,98a076133faa819604adad85f88b5cfbef4d6655d888a54c4a67dc1bd064a86d,image/webp,200,"""6a5954a3-4aac""","Thu, 16 Jul 2026 22:01:07 GMT",2026-10-03T20:17:09.592969+00:00,
asset,e7bebf40560d8380,https://mooreburkina.com/modules/custom/wildfire_dbp/images/luk/luk_1025.webp,https://mooreburkina.com/fr/films-clips/evangile-de-luc;https://mooreburkina.com/fr/gulimancema/evangile-de-luc,Evangile de Luc | Mooré Burkina Faso,moore,,religious,image,.webp,downloaded,assets/moore/general/religious/image/luk_1025__e7bebf40560d8380.webp,9086,84d3d167e1baf20deae1b151c17234ead8239132eba8f038ae218ebd9f420941,image/webp,200,"""6a5954a3-237e""","Thu, 16 Jul 2026 22:01:07 GMT",2026-10-03T20:17:09.975730+00:00,
asset,8dca85163778b19f,https://mooreburkina.com/modules/custom/wildfire_dbp/images/luk/luk_1101.webp,https://mooreburkina.com/fr/films-clips/evangile-de-luc;https://mooreburkina.com/fr/gulimancema/evangile-de-luc,Evangile de Luc | Mooré Burkina Faso,moore,,religious,image,.webp,downloaded,assets/moore/general/religious/image/luk_1101__8dca85163778b19f.webp,44830,1713bc3fa110841b55dee1a4104ef6faded931d23e559a3a06e1be9a76e1c13e,image/webp,200,"""6a5954a3-af1e""","Thu, 16 Jul 2026 22:01:07 GMT",2026-10-03T20:17:10.548021+00:00,
asset,411c185cbefb3135,https://mooreburkina.com/modules/custom/wildfire_dbp/images/luk/luk_1124.webp,https://mooreburkina.com/fr/films-clips/evangile-de-luc;https://mooreburkina.com/fr/gulimancema/evangile-de-luc,Evangile de Luc | Mooré Burkina Faso,moore,,religious,image,.webp,downloaded,assets/moore/general/religious/image/luk_1124__411c185cbefb3135.webp,14348,d499e40138d068091d5edea88a29a0e8738a506514c8a741743762c3a26e146f,image/webp,200,"""6a5954a3-380c""","Thu, 16 Jul 2026 22:01:07 GMT",2026-10-03T20:17:10.941475+00:00,
asset,c3480e52be7a645d,https://mooreburkina.com/modules/custom/wildfire_dbp/images/luk/luk_1201.webp,https://mooreburkina.com/fr/films-clips/evangile-de-luc;https://mooreburkina.com/fr/gulimancema/evangile-de-luc,Evangile de Luc | Mooré Burkina Faso,moore,,religious,image,.webp,downloaded,assets/moore/general/religious/image/luk_1201__c3480e52be7a645d.webp,25558,cdacd92a41124413edc369e5cf7425bc989b29aa17b8d44d99e05d70651f4a9b,image/webp,200,"""6a5954a3-63d6""","Thu, 16 Jul 2026 22:01:07 GMT",2026-10-03T20:17:11.418579+00:00,
asset,2e791c6c1a8196c7,https://mooreburkina.com/modules/custom/wildfire_dbp/images/luk/luk_1232.webp,https://mooreburkina.com/fr/films-clips/evangile-de-luc;https://mooreburkina.com/fr/gulimancema/evangile-de-luc,Evangile de Luc | Mooré Burkina Faso,moore,,religious,image,.webp,downloaded,assets/moore/general/religious/image/luk_1232__2e791c6c1a8196c7.webp,26992,2c53175a56920a3d0d9272eb18f6778bcf0494b5db843917aaa5b6d9625b416e,image/webp,200,"""6a5954a3-6970""","Thu, 16 Jul 2026 22:01:07 GMT",2026-10-03T20:17:11.895093+00:00,
asset,3aefd84ef5740190,https://mooreburkina.com/modules/custom/wildfire_dbp/images/luk/luk_1301.webp,https://mooreburkina.com/fr/films-clips/evangile-de-luc;https://mooreburkina.com/fr/gulimancema/evangile-de-luc,Evangile de Luc | Mooré Burkina Faso,moore,,religious,image,.webp,downloaded,assets/moore/general/religious/image/luk_1301__3aefd84ef5740190.webp,21610,b20b927e447f389f7449d8d70d6025fce319c93d09a3ec0d75a600d23b048368,image/webp,200,"""6a5954a3-546a""","Thu, 16 Jul 2026 22:01:07 GMT",2026-10-03T20:17:12.293151+00:00,
asset,92c9990b8c9dedf5,https://mooreburkina.com/modules/custom/wildfire_dbp/images/luk/luk_1322.webp,https://mooreburkina.com/fr/films-clips/evangile-de-luc;https://mooreburkina.com/fr/gulimancema/evangile-de-luc,Evangile de Luc | Mooré Burkina Faso,moore,,religious,image,.webp,downloaded,assets/moore/general/religious/image/luk_1322__92c9990b8c9dedf5.webp,19184,4ed4b8adafd2825e68888310a379dfe5c4f7d88e602262e389ecaacba1f195b3,image/webp,200,"""6a5954a3-4af0""","Thu, 16 Jul 2026 22:01:07 GMT",2026-10-03T20:17:12.674632+00:00,
asset,93a1dd166a895b98,https://mooreburkina.com/modules/custom/wildfire_dbp/images/luk/luk_1401.webp,https://mooreburkina.com/fr/films-clips/evangile-de-luc;https://mooreburkina.com/fr/gulimancema/evangile-de-luc,Evangile de Luc | Mooré Burkina Faso,moore,,religious,image,.webp,downloaded,assets/moore/general/religious/image/luk_1401__93a1dd166a895b98.webp,11290,fbef9b7b56cfbfcaae80ba2b53a164a6f34600d9f7a0bc59ce2d1c130657b1a4,image/webp,200,"""6a5954a3-2c1a""","Thu, 16 Jul 2026 22:01:07 GMT",2026-10-03T20:17:13.066610+00:00,
asset,a42e0cc1118a9665,https://mooreburkina.com/modules/custom/wildfire_dbp/images/luk/luk_1425.webp,https://mooreburkina.com/fr/films-clips/evangile-de-luc;https://mooreburkina.com/fr/gulimancema/evangile-de-luc,Evangile de Luc | Mooré Burkina Faso,moore,,religious,image,.webp,downloaded,assets/moore/general/religious/image/luk_1425__a42e0cc1118a9665.webp,14064,bb30ce8db7b791caaa834d625ed4fe20d29754b0b1fa5f09d336fbc839005202,image/webp,200,"""6a5954a3-36f0""","Thu, 16 Jul 2026 22:01:07 GMT",2026-10-03T20:17:13.546118+00:00,
asset,fe86d86d1753ccc3,https://mooreburkina.com/modules/custom/wildfire_dbp/images/luk/luk_1501.webp,https://mooreburkina.com/fr/films-clips/evangile-de-luc;https://mooreburkina.com/fr/gulimancema/evangile-de-luc,Evangile de Luc | Mooré Burkina Faso,moore,,religious,image,.webp,downloaded,assets/moore/general/religious/image/luk_1501__fe86d86d1753ccc3.webp,7080,dca5cc20e0938b9fe568d2ba07d2aac62d16ee9722f33035f44f7ca64d23391b,image/webp,200,"""6a5954a3-1ba8""","Thu, 16 Jul 2026 22:01:07 GMT",2026-10-03T20:17:13.932458+00:00,
asset,c5058c595ca3715f,https://mooreburkina.com/modules/custom/wildfire_dbp/images/luk/luk_1511.webp,https://mooreburkina.com/fr/films-clips/evangile-de-luc;https://mooreburkina.com/fr/gulimancema/evangile-de-luc,Evangile de Luc | Mooré Burkina Faso,moore,,religious,image,.webp,downloaded,assets/moore/general/religious/image/luk_1511__c5058c595ca3715f.webp,28486,8614fd39b744108cbf82b3e530078cd02d50b3a22613dfe6fc5d06145b207809,image/webp,200,"""6a5954a3-6f46""","Thu, 16 Jul 2026 22:01:07 GMT",2026-10-03T20:17:14.409014+00:00,
asset,1a3d75ccc1404b45,https://mooreburkina.com/modules/custom/wildfire_dbp/images/luk/luk_1601.webp,https://mooreburkina.com/fr/films-clips/evangile-de-luc;https://mooreburkina.com/fr/gulimancema/evangile-de-luc,Evangile de Luc | Mooré Burkina Faso,moore,,religious,image,.webp,downloaded,assets/moore/general/religious/image/luk_1601__1a3d75ccc1404b45.webp,8858,04275d15ef1aa2ae5ea2f36bc1a5cec1fa5fa6bc4a1955c55cbb5abdc06e3a9a,image/webp,200,"""6a5954a3-229a""","Thu, 16 Jul 2026 22:01:07 GMT",2026-10-03T20:17:14.791198+00:00,
asset,e2411debeedb63f1,https://mooreburkina.com/modules/custom/wildfire_dbp/images/luk/luk_1619.webp,https://mooreburkina.com/fr/films-clips/evangile-de-luc;https://mooreburkina.com/fr/gulimancema/evangile-de-luc,Evangile de Luc | Mooré Burkina Faso,moore,,religious,image,.webp,downloaded,assets/moore/general/religious/image/luk_1619__e2411debeedb63f1.webp,14492,8a1ba2b3232efbcb7c0dbb023c97426fda097e1ff1fe506dab21983202ea18e9,image/webp,200,"""6a5954a3-389c""","Thu, 16 Jul 2026 22:01:07 GMT",2026-10-03T20:17:15.282198+00:00,
asset,83f5c4005c370026,https://mooreburkina.com/modules/custom/wildfire_dbp/images/luk/luk_1701.webp,https://mooreburkina.com/fr/films-clips/evangile-de-luc;https://mooreburkina.com/fr/gulimancema/evangile-de-luc,Evangile de Luc | Mooré Burkina Faso,moore,,religious,image,.webp,downloaded,assets/moore/general/religious/image/luk_1701__83f5c4005c370026.webp,11466,f69bede78957be9a4f692a658dfff06a8616ef107c961151baf89b9a113659dc,image/webp,200,"""6a5954a3-2cca""","Thu, 16 Jul 2026 22:01:07 GMT",2026-10-03T20:17:15.662950+00:00,
asset,261537d17019a2b7,https://mooreburkina.com/modules/custom/wildfire_dbp/images/luk/luk_1720.webp,https://mooreburkina.com/fr/films-clips/evangile-de-luc;https://mooreburkina.com/fr/gulimancema/evangile-de-luc,Evangile de Luc | Mooré Burkina Faso,moore,,religious,image,.webp,downloaded,assets/moore/general/religious/image/luk_1720__261537d17019a2b7.webp,19522,075ca87524ea08f9ed64b947b4386e1e23cf17d39c4598b50029692a9f3b130b,image/webp,200,"""6a5954a3-4c42""","Thu, 16 Jul 2026 22:01:07 GMT",2026-10-03T20:17:16.140262+00:00,
asset,5a2556dbd2dcd088,https://mooreburkina.com/modules/custom/wildfire_dbp/images/luk/luk_1801.webp,https://mooreburkina.com/fr/films-clips/evangile-de-luc;https://mooreburkina.com/fr/gulimancema/evangile-de-luc,Evangile de Luc | Mooré Burkina Faso,moore,,religious,image,.webp,downloaded,assets/moore/general/religious/image/luk_1801__5a2556dbd2dcd088.webp,17702,3d65cfe05123827bc9729140dc4eb5f3a2deed89cdbd91f55b1d600040bd4b3d,image/webp,200,"""6a5954a3-4526""","Thu, 16 Jul 2026 22:01:07 GMT",2026-10-03T20:17:16.620192+00:00,
asset,8b1cf173b111e9f5,https://mooreburkina.com/modules/custom/wildfire_dbp/images/luk/luk_1818.webp,https://mooreburkina.com/fr/films-clips/evangile-de-luc;https://mooreburkina.com/fr/gulimancema/evangile-de-luc,Evangile de Luc | Mooré Burkina Faso,moore,,religious,image,.webp,downloaded,assets/moore/general/religious/image/luk_1818__8b1cf173b111e9f5.webp,22576,0f7688d2c403f1ccbade5f0e40c17201f77f9282de8a6f407c3f8c9d526f34df,image/webp,200,"""6a5954a3-5830""","Thu, 16 Jul 2026 22:01:07 GMT",2026-10-03T20:17:17.105225+00:00,
asset,38fe6a01a8ef7406,https://mooreburkina.com/modules/custom/wildfire_dbp/images/luk/luk_1901.webp,https://mooreburkina.com/fr/films-clips/evangile-de-luc;https://mooreburkina.com/fr/gulimancema/evangile-de-luc,Evangile de Luc | Mooré Burkina Faso,moore,,religious,image,.webp,downloaded,assets/moore/general/religious/image/luk_1901__38fe6a01a8ef7406.webp,21246,097520217e23fc0826d70facbf4e609fd06d78c787ee73c107000aebab2715a5,image/webp,200,"""6a5954a3-52fe""","Thu, 16 Jul 2026 22:01:07 GMT",2026-10-03T20:17:17.588242+00:00,
asset,dce59775bdeb082e,https://mooreburkina.com/modules/custom/wildfire_dbp/images/luk/luk_1928.webp,https://mooreburkina.com/fr/films-clips/evangile-de-luc;https://mooreburkina.com/fr/gulimancema/evangile-de-luc,Evangile de Luc | Mooré Burkina Faso,moore,,religious,image,.webp,downloaded,assets/moore/general/religious/image/luk_1928__dce59775bdeb082e.webp,15580,b804e784525ff1536b49cdd0f4ba1c7d5bb95cc7c80d9355022fff2044725237,image/webp,200,"""6a5954a3-3cdc""","Thu, 16 Jul 2026 22:01:07 GMT",2026-10-03T20:17:17.970826+00:00,
asset,44918fe0badc5700,https://mooreburkina.com/modules/custom/wildfire_dbp/images/luk/luk_2001.webp,https://mooreburkina.com/fr/films-clips/evangile-de-luc;https://mooreburkina.com/fr/gulimancema/evangile-de-luc,Evangile de Luc | Mooré Burkina Faso,moore,,religious,image,.webp,downloaded,assets/moore/general/religious/image/luk_2001__44918fe0badc5700.webp,21466,fa8b2610f610c016e409ffe87034ddd7a19681be9e4f8d9803c7590f0748a26f,image/webp,200,"""6a5954a3-53da""","Thu, 16 Jul 2026 22:01:07 GMT",2026-10-03T20:17:18.446698+00:00,
asset,658c18d3b14cfd04,https://mooreburkina.com/modules/custom/wildfire_dbp/images/luk/luk_2020.webp,https://mooreburkina.com/fr/films-clips/evangile-de-luc,Evangile de Luc | Mooré Burkina Faso,moore,,religious,image,.webp,downloaded,assets/moore/general/religious/image/luk_2020__658c18d3b14cfd04.webp,7182,28f523aa5eeb62e04c226d3f0a471fd9b29d0e39c360cf2a10107ebb91edc48a,image/webp,200,"""6a5954a3-1c0e""","Thu, 16 Jul 2026 22:01:07 GMT",2026-10-03T20:17:18.827243+00:00,
asset,a1647d3d9a0da25b,https://mooreburkina.com/modules/custom/wildfire_dbp/images/luk/luk_2101.webp,https://mooreburkina.com/fr/films-clips/evangile-de-luc;https://mooreburkina.com/fr/gulimancema/evangile-de-luc,Evangile de Luc | Mooré Burkina Faso,moore,,religious,image,.webp,downloaded,assets/moore/general/religious/image/luk_2101__a1647d3d9a0da25b.webp,14104,728661cda73c5883a3b9532e9b3b5d35112613934082f26ca2fd1bf634e20862,image/webp,200,"""6a5954a3-3718""","Thu, 16 Jul 2026 22:01:07 GMT",2026-10-03T20:17:19.302813+00:00,
asset,d0069326ab3efe70,https://mooreburkina.com/modules/custom/wildfire_dbp/images/luk/luk_2129.webp,https://mooreburkina.com/fr/films-clips/evangile-de-luc;https://mooreburkina.com/fr/gulimancema/evangile-de-luc,Evangile de Luc | Mooré Burkina Faso,moore,,religious,image,.webp,downloaded,assets/moore/general/religious/image/luk_2129__d0069326ab3efe70.webp,19414,d5c377ee34d931482f7b20b3d8901e5a55631947adb53df95249d18829322cee,image/webp,200,"""6a5954a3-4bd6""","Thu, 16 Jul 2026 22:01:07 GMT",2026-10-03T20:17:19.779168+00:00,
asset,934bca769b447212,https://mooreburkina.com/modules/custom/wildfire_dbp/images/luk/luk_2201.webp,https://mooreburkina.com/fr/films-clips/evangile-de-luc;https://mooreburkina.com/fr/gulimancema/evangile-de-luc,Evangile de Luc | Mooré Burkina Faso,moore,,religious,image,.webp,downloaded,assets/moore/general/religious/image/luk_2201__934bca769b447212.webp,11932,e07c9dbb255e1a062dcd084cb24e575848e0c551d10cb3c0382cffd5ec91d477,image/webp,200,"""6a5954a3-2e9c""","Thu, 16 Jul 2026 22:01:07 GMT",2026-10-03T20:17:20.159525+00:00,
asset,0724710f4bfcde47,https://mooreburkina.com/modules/custom/wildfire_dbp/images/luk/luk_2239.webp,https://mooreburkina.com/fr/films-clips/evangile-de-luc;https://mooreburkina.com/fr/gulimancema/evangile-de-luc,Evangile de Luc | Mooré Burkina Faso,moore,,religious,image,.webp,downloaded,assets/moore/general/religious/image/luk_2239__0724710f4bfcde47.webp,7538,29b670d6ad47b71177173e6b4f45e0c47f98174187e00dd57169c0defda0d010,image/webp,200,"""6a5954a3-1d72""","Thu, 16 Jul 2026 22:01:07 GMT",2026-10-03T20:17:20.542324+00:00,
asset,18bc86f75c5557e9,https://mooreburkina.com/modules/custom/wildfire_dbp/images/luk/luk_2301.webp,https://mooreburkina.com/fr/films-clips/evangile-de-luc;https://mooreburkina.com/fr/gulimancema/evangile-de-luc,Evangile de Luc | Mooré Burkina Faso,moore,,religious,image,.webp,downloaded,assets/moore/general/religious/image/luk_2301__18bc86f75c5557e9.webp,16782,8bc278dfc33833783dc8fcafe39257f216fe3f12755598257e55f664168c22d5,image/webp,200,"""6a5954a3-418e""","Thu, 16 Jul 2026 22:01:07 GMT",2026-10-03T20:17:21.022401+00:00,
asset,17e0fb090e8c67b6,https://mooreburkina.com/modules/custom/wildfire_dbp/images/luk/luk_2326.webp,https://mooreburkina.com/fr/films-clips/evangile-de-luc;https://mooreburkina.com/fr/gulimancema/evangile-de-luc,Evangile de Luc | Mooré Burkina Faso,moore,,religious,image,.webp,downloaded,assets/moore/general/religious/image/luk_2326__17e0fb090e8c67b6.webp,5946,617a766e68e20cc19e4ca46ce8fa7ae8713c0676edb676156e33f8b599897bf1,image/webp,200,"""6a5954a3-173a""","Thu, 16 Jul 2026 22:01:07 GMT",2026-10-03T20:17:21.402222+00:00,
asset,0b17dc5ec39f6dcb,https://mooreburkina.com/modules/custom/wildfire_dbp/images/luk/luk_2344.webp,https://mooreburkina.com/fr/films-clips/evangile-de-luc;https://mooreburkina.com/fr/gulimancema/evangile-de-luc,Evangile de Luc | Mooré Burkina Faso,moore,,religious,image,.webp,downloaded,assets/moore/general/religious/image/luk_2344__0b17dc5ec39f6dcb.webp,4944,c9868b7776476f805ebf67e1f2b3da49acd1980015651a7cb42ea4f9e33e30b9,image/webp,200,"""6a5954a3-1350""","Thu, 16 Jul 2026 22:01:07 GMT",2026-10-03T20:17:21.784019+00:00,
asset,3dfa4326a351a339,https://mooreburkina.com/modules/custom/wildfire_dbp/images/luk/luk_2401.webp,https://mooreburkina.com/fr/films-clips/evangile-de-luc;https://mooreburkina.com/fr/gulimancema/evangile-de-luc,Evangile de Luc | Mooré Burkina Faso,moore,,religious,image,.webp,downloaded,assets/moore/general/religious/image/luk_2401__3dfa4326a351a339.webp,6280,ee457115e076abc90506ada91ce65624acfa9a4039e7393d7ea9762adcf28a6e,image/webp,200,"""6a5954a3-1888""","Thu, 16 Jul 2026 22:01:07 GMT",2026-10-03T20:17:22.165533+00:00,
asset,64e4bdd1c721aeed,https://mooreburkina.com/modules/custom/wildfire_dbp/images/luk/luk_2436.webp,https://mooreburkina.com/fr/films-clips/evangile-de-luc;https://mooreburkina.com/fr/gulimancema/evangile-de-luc,Evangile de Luc | Mooré Burkina Faso,moore,,religious,image,.webp,downloaded,assets/moore/general/religious/image/luk_2436__64e4bdd1c721aeed.webp,16178,6f14573b8eb289620e9764484d19e43e12f7d3499b131eec74da0e08de212fbc,image/webp,200,"""6a5954a3-3f32""","Thu, 16 Jul 2026 22:01:07 GMT",2026-10-03T20:17:22.641661+00:00,
asset,cab3bf133904a6a5,https://mooreburkina.com/modules/custom/wildfire_dbp/images/luk/luk_credits.webp,https://mooreburkina.com/fr/films-clips/evangile-de-luc;https://mooreburkina.com/fr/gulimancema/evangile-de-luc,Evangile de Luc | Mooré Burkina Faso,moore,,religious,image,.webp,downloaded,assets/moore/general/religious/image/luk_credits__cab3bf133904a6a5.webp,2136,cdcd9d32c8eb5643bfd92535e55e10575afda3499876ce7cba341320cd617feb,image/webp,200,"""6a5954a3-858""","Thu, 16 Jul 2026 22:01:07 GMT",2026-10-03T20:17:23.023620+00:00,
asset,f8dba10b77541937,https://mooreburkina.com/modules/custom/wildfire_dbp/images/mrk/mrk_0101.webp,https://mooreburkina.com/fr/dioula/evangile-de-marc-en-dioula;https://mooreburkina.com/fr/films-clips/evangile-de-marc-prot;https://mooreburkina.com/fr/films-clips/evangile-selon-marc-cath;https://mooreburkina.com/fr/fulfulde/evangile-de-marc-fulfulde-massina;https://mooreburkina.com/fr/gulimancema/marc-en-gurmancema,Evangile de Marc (Prot.) | Mooré Burkina Faso,moore,,religious,image,.webp,downloaded,assets/moore/general/religious/image/mrk_0101__f8dba10b77541937.webp,53752,75e88423e5432aff37ab8fdd1c53d5c0b669fdb249635cc1f1f834161b9373aa,image/webp,200,"""6a5954a3-d1f8""","Thu, 16 Jul 2026 22:01:07 GMT",2026-10-03T20:17:23.599844+00:00,
asset,a06729da011e3f83,https://mooreburkina.com/modules/custom/wildfire_dbp/images/mrk/mrk_0114.webp,https://mooreburkina.com/fr/dioula/evangile-de-marc-en-dioula;https://mooreburkina.com/fr/films-clips/evangile-de-marc-prot;https://mooreburkina.com/fr/films-clips/evangile-selon-marc-cath;https://mooreburkina.com/fr/gulimancema/marc-en-gurmancema,Evangile de Marc (Prot.) | Mooré Burkina Faso,moore,,religious,image,.webp,downloaded,assets/moore/general/religious/image/mrk_0114__a06729da011e3f83.webp,23030,9ac001758972d6d9f02ae01b7687a31befe75d517b69ddc53e9c15d6c6a5674b,image/webp,200,"""6a5954a3-59f6""","Thu, 16 Jul 2026 22:01:07 GMT",2026-10-03T20:17:23.981291+00:00,
asset,58b17437b00dd3a9,https://mooreburkina.com/modules/custom/wildfire_dbp/images/mrk/mrk_0132.webp,https://mooreburkina.com/fr/films-clips/evangile-de-marc-prot,Evangile de Marc (Prot.) | Mooré Burkina Faso,moore,,religious,image,.webp,downloaded,assets/moore/general/religious/image/mrk_0132__58b17437b00dd3a9.webp,8662,7d498adfa020136d4308a41a50cedbfac8bcc4947bf24d50913a96cfab84f4d9,image/webp,200,"""6a5954a3-21d6""","Thu, 16 Jul 2026 22:01:07 GMT",2026-10-03T20:17:24.363965+00:00,
asset,62a8853f92bd5654,https://mooreburkina.com/modules/custom/wildfire_dbp/images/mrk/mrk_0201.webp,https://mooreburkina.com/fr/dioula/evangile-de-marc-en-dioula;https://mooreburkina.com/fr/films-clips/evangile-de-marc-prot;https://mooreburkina.com/fr/films-clips/evangile-selon-marc-cath;https://mooreburkina.com/fr/fulfulde/evangile-de-marc-fulfulde-massina;https://mooreburkina.com/fr/gulimancema/marc-en-gurmancema,Evangile de Marc (Prot.) | Mooré Burkina Faso,moore,,religious,image,.webp,downloaded,assets/moore/general/religious/image/mrk_0201__62a8853f92bd5654.webp,8176,41e07e0b9872ad541515cbfae27bd9ce956d09e4be339c3a0ded9dcfda348001,image/webp,200,"""6a5954a3-1ff0""","Thu, 16 Jul 2026 22:01:07 GMT",2026-10-03T20:17:24.746028+00:00,
asset,a6ceac49cbc3bd0f,https://mooreburkina.com/modules/custom/wildfire_dbp/images/mrk/mrk_0213.webp,https://mooreburkina.com/fr/dioula/evangile-de-marc-en-dioula;https://mooreburkina.com/fr/films-clips/evangile-de-marc-prot;https://mooreburkina.com/fr/films-clips/evangile-selon-marc-cath;https://mooreburkina.com/fr/gulimancema/marc-en-gurmancema,Evangile de Marc (Prot.) | Mooré Burkina Faso,moore,,religious,image,.webp,downloaded,assets/moore/general/religious/image/mrk_0213__a6ceac49cbc3bd0f.webp,10426,71296ae6e5b97b1a92060f5e0157be6c5d0c63c342ffefc9e2506e6af6d661b0,image/webp,200,"""6a5954a3-28ba""","Thu, 16 Jul 2026 22:01:07 GMT",2026-10-03T20:17:25.134416+00:00,
asset,364b44b857d8fea7,https://mooreburkina.com/modules/custom/wildfire_dbp/images/mrk/mrk_0301.webp,https://mooreburkina.com/fr/dioula/evangile-de-marc-en-dioula;https://mooreburkina.com/fr/films-clips/evangile-de-marc-prot;https://mooreburkina.com/fr/films-clips/evangile-selon-marc-cath;https://mooreburkina.com/fr/fulfulde/evangile-de-marc-fulfulde-massina;https://mooreburkina.com/fr/gulimancema/marc-en-gurmancema,Evangile de Marc (Prot.) | Mooré Burkina Faso,moore,,religious,image,.webp,downloaded,assets/moore/general/religious/image/mrk_0301__364b44b857d8fea7.webp,10186,7b5bb4b13de175e9ee7bf0a016b2b199adc88d70a8af03ab8015ae0ca1eb4c75,image/webp,200,"""6a5954a3-27ca""","Thu, 16 Jul 2026 22:01:07 GMT",2026-10-03T20:17:25.520951+00:00,
asset,e9bc790b91d9714d,https://mooreburkina.com/modules/custom/wildfire_dbp/images/mrk/mrk_0320.webp,https://mooreburkina.com/fr/dioula/evangile-de-marc-en-dioula;https://mooreburkina.com/fr/films-clips/evangile-de-marc-prot;https://mooreburkina.com/fr/films-clips/evangile-selon-marc-cath;https://mooreburkina.com/fr/fulfulde/evangile-de-marc-fulfulde-massina;https://mooreburkina.com/fr/gulimancema/marc-en-gurmancema,Evangile de Marc (Prot.) | Mooré Burkina Faso,moore,,religious,image,.webp,downloaded,assets/moore/general/religious/image/mrk_0320__e9bc790b91d9714d.webp,15018,6a338105f8d39f9df212d311b95ffb44d18ed85c2862d0b3498a02111de6dc55,image/webp,200,"""6a5954a3-3aaa""","Thu, 16 Jul 2026 22:01:07 GMT",2026-10-03T20:17:26.001762+00:00,
asset,f7db6b39960b2dd7,https://mooreburkina.com/modules/custom/wildfire_dbp/images/mrk/mrk_0401.webp,https://mooreburkina.com/fr/dioula/evangile-de-marc-en-dioula;https://mooreburkina.com/fr/films-clips/evangile-de-marc-prot;https://mooreburkina.com/fr/films-clips/evangile-selon-marc-cath;https://mooreburkina.com/fr/fulfulde/evangile-de-marc-fulfulde-massina;https://mooreburkina.com/fr/gulimancema/marc-en-gurmancema,Evangile de Marc (Prot.) | Mooré Burkina Faso,moore,,religious,image,.webp,downloaded,assets/moore/general/religious/image/mrk_0401__f7db6b39960b2dd7.webp,8292,2c5c14ac037776c8c6985915922fb16f1a868f63e27730c6971d36091d03aed4,image/webp,200,"""6a5954a3-2064""","Thu, 16 Jul 2026 22:01:07 GMT",2026-10-03T20:17:26.382951+00:00,
asset,cfebe9bd36296d51,https://mooreburkina.com/modules/custom/wildfire_dbp/images/mrk/mrk_0421.webp,https://mooreburkina.com/fr/dioula/evangile-de-marc-en-dioula;https://mooreburkina.com/fr/films-clips/evangile-de-marc-prot;https://mooreburkina.com/fr/films-clips/evangile-selon-marc-cath;https://mooreburkina.com/fr/fulfulde/evangile-de-marc-fulfulde-massina;https://mooreburkina.com/fr/gulimancema/marc-en-gurmancema,Evangile de Marc (Prot.) | Mooré Burkina Faso,moore,,religious,image,.webp,downloaded,assets/moore/general/religious/image/mrk_0421__cfebe9bd36296d51.webp,12676,e74ffb8d05892e4034658235ea16ec16320cc944777b0661d0e0110030c9d552,image/webp,200,"""6a5954a3-3184""","Thu, 16 Jul 2026 22:01:07 GMT",2026-10-03T20:17:26.773516+00:00,
asset,48d5fb3ed0f20282,https://mooreburkina.com/modules/custom/wildfire_dbp/images/mrk/mrk_0501.webp,https://mooreburkina.com/fr/dioula/evangile-de-marc-en-dioula;https://mooreburkina.com/fr/films-clips/evangile-de-marc-prot;https://mooreburkina.com/fr/films-clips/evangile-selon-marc-cath;https://mooreburkina.com/fr/fulfulde/evangile-de-marc-fulfulde-massina;https://mooreburkina.com/fr/gulimancema/marc-en-gurmancema,Evangile de Marc (Prot.) | Mooré Burkina Faso,moore,,religious,image,.webp,downloaded,assets/moore/general/religious/image/mrk_0501__48d5fb3ed0f20282.webp,60326,6290c48d0e82b6c3443964f5c3c82747d91ffcf209c5883b57e3d6f5f7f1d051,image/webp,200,"""6a5954a3-eba6""","Thu, 16 Jul 2026 22:01:07 GMT",2026-10-03T20:17:27.352065+00:00,
asset,aa5c367e1c2dbb45,https://mooreburkina.com/modules/custom/wildfire_dbp/images/mrk/mrk_0519.webp,https://mooreburkina.com/fr/dioula/evangile-de-marc-en-dioula;https://mooreburkina.com/fr/films-clips/evangile-de-marc-prot;https://mooreburkina.com/fr/films-clips/evangile-selon-marc-cath;https://mooreburkina.com/fr/fulfulde/evangile-de-marc-fulfulde-massina;https://mooreburkina.com/fr/gulimancema/marc-en-gurmancema,Evangile de Marc (Prot.) | Mooré Burkina Faso,moore,,religious,image,.webp,downloaded,assets/moore/general/religious/image/mrk_0519__aa5c367e1c2dbb45.webp,14522,f886cc84c1fe7e63f8ce034e5613a740f7cba03b304266031e75b3bf99edb6ad,image/webp,200,"""6a5954a3-38ba""","Thu, 16 Jul 2026 22:01:07 GMT",2026-10-03T20:17:27.734245+00:00,
asset,d2a1bb2f41c5e211,https://mooreburkina.com/modules/custom/wildfire_dbp/images/mrk/mrk_0601.webp,https://mooreburkina.com/fr/dioula/evangile-de-marc-en-dioula;https://mooreburkina.com/fr/films-clips/evangile-de-marc-prot;https://mooreburkina.com/fr/films-clips/evangile-selon-marc-cath;https://mooreburkina.com/fr/fulfulde/evangile-de-marc-fulfulde-massina;https://mooreburkina.com/fr/gulimancema/marc-en-gurmancema,Evangile de Marc (Prot.) | Mooré Burkina Faso,moore,,religious,image,.webp,downloaded,assets/moore/general/religious/image/mrk_0601__d2a1bb2f41c5e211.webp,10460,3033fb57474beb6c98d79df1f6550a762c03bcef59894fd2cdf716d742a225ca,image/webp,200,"""6a5954a3-28dc""","Thu, 16 Jul 2026 22:01:07 GMT",2026-10-03T20:17:28.115053+00:00,
asset,2b99696c151d4dd0,https://mooreburkina.com/modules/custom/wildfire_dbp/images/mrk/mrk_0614.webp,https://mooreburkina.com/fr/films-clips/evangile-selon-marc-cath;https://mooreburkina.com/fr/fulfulde/evangile-de-marc-fulfulde-massina;https://mooreburkina.com/fr/gulimancema/marc-en-gurmancema,Evangile selon Marc (Cath.) | Mooré Burkina Faso,moore,,religious,image,.webp,downloaded,assets/moore/general/religious/image/mrk_0614__2b99696c151d4dd0.webp,6956,29c82b6e90c41c4b4e86ba3e7669ea45bb87dd6ae3927a985bfc9492659923c4,image/webp,200,"""6a5954a3-1b2c""","Thu, 16 Jul 2026 22:01:07 GMT",2026-10-03T20:17:28.498260+00:00,
asset,813f08c461aaf265,https://mooreburkina.com/modules/custom/wildfire_dbp/images/mrk/mrk_0630.webp,https://mooreburkina.com/fr/dioula/evangile-de-marc-en-dioula;https://mooreburkina.com/fr/films-clips/evangile-de-marc-prot;https://mooreburkina.com/fr/films-clips/evangile-selon-marc-cath;https://mooreburkina.com/fr/fulfulde/evangile-de-marc-fulfulde-massina;https://mooreburkina.com/fr/gulimancema/marc-en-gurmancema,Evangile de Marc (Prot.) | Mooré Burkina Faso,moore,,religious,image,.webp,downloaded,assets/moore/general/religious/image/mrk_0630__813f08c461aaf265.webp,25278,2cc860e7ad859c3f8bf090cb0146493775c981801d24674e55e3e978c58414a6,image/webp,200,"""6a5954a3-62be""","Thu, 16 Jul 2026 22:01:07 GMT",2026-10-03T20:17:28.974718+00:00,
asset,ef22b5fed4fb4234,https://mooreburkina.com/modules/custom/wildfire_dbp/images/mrk/mrk_0701.webp,https://mooreburkina.com/fr/dioula/evangile-de-marc-en-dioula;https://mooreburkina.com/fr/films-clips/evangile-de-marc-prot;https://mooreburkina.com/fr/films-clips/evangile-selon-marc-cath;https://mooreburkina.com/fr/fulfulde/evangile-de-marc-fulfulde-massina;https://mooreburkina.com/fr/gulimancema/marc-en-gurmancema,Evangile de Marc (Prot.) | Mooré Burkina Faso,moore,,religious,image,.webp,downloaded,assets/moore/general/religious/image/mrk_0701__ef22b5fed4fb4234.webp,22004,4fac5b42e4aff0dda8e42332fb3f866aa6aab16e06f4e4ea033103e788e005e6,image/webp,200,"""6a5954a3-55f4""","Thu, 16 Jul 2026 22:01:07 GMT",2026-10-03T20:17:29.464952+00:00,
asset,29cb942d14c28307,https://mooreburkina.com/modules/custom/wildfire_dbp/images/mrk/mrk_0724.webp,https://mooreburkina.com/fr/dioula/evangile-de-marc-en-dioula;https://mooreburkina.com/fr/films-clips/evangile-de-marc-prot;https://mooreburkina.com/fr/films-clips/evangile-selon-marc-cath;https://mooreburkina.com/fr/fulfulde/evangile-de-marc-fulfulde-massina;https://mooreburkina.com/fr/gulimancema/marc-en-gurmancema,Evangile de Marc (Prot.) | Mooré Burkina Faso,moore,,religious,image,.webp,downloaded,assets/moore/general/religious/image/mrk_0724__29cb942d14c28307.webp,11468,ae345ac31152dcda7e17f25ad37453edf7281bcb78726baa9dc0e2283af07817,image/webp,200,"""6a5954a3-2ccc""","Thu, 16 Jul 2026 22:01:07 GMT",2026-10-03T20:17:29.849933+00:00,
asset,52088b5c4fb33f49,https://mooreburkina.com/modules/custom/wildfire_dbp/images/mrk/mrk_0801.webp,https://mooreburkina.com/fr/dioula/evangile-de-marc-en-dioula;https://mooreburkina.com/fr/films-clips/evangile-de-marc-prot;https://mooreburkina.com/fr/films-clips/evangile-selon-marc-cath;https://mooreburkina.com/fr/fulfulde/evangile-de-marc-fulfulde-massina;https://mooreburkina.com/fr/gulimancema/marc-en-gurmancema,Evangile de Marc (Prot.) | Mooré Burkina Faso,moore,,religious,image,.webp,downloaded,assets/moore/general/religious/image/mrk_0801__52088b5c4fb33f49.webp,22450,15320a6b66db4f316325700f06728d2a2fb90dc8d39f5aea53e07182a7a5c2a5,image/webp,200,"""6a5954a3-57b2""","Thu, 16 Jul 2026 22:01:07 GMT",2026-10-03T20:17:30.326388+00:00,
asset,17ced2f02993271d,https://mooreburkina.com/modules/custom/wildfire_dbp/images/mrk/mrk_0822.webp,https://mooreburkina.com/fr/dioula/evangile-de-marc-en-dioula;https://mooreburkina.com/fr/films-clips/evangile-de-marc-prot;https://mooreburkina.com/fr/films-clips/evangile-selon-marc-cath;https://mooreburkina.com/fr/gulimancema/marc-en-gurmancema,Evangile de Marc (Prot.) | Mooré Burkina Faso,moore,,religious,image,.webp,downloaded,assets/moore/general/religious/image/mrk_0822__17ced2f02993271d.webp,11748,4ef40734128373a026b6646c9b092eccb0c5cfc03a44bc29054449eb95c0d34c,image/webp,200,"""6a5954a3-2de4""","Thu, 16 Jul 2026 22:01:07 GMT",2026-10-03T20:17:30.710445+00:00,
asset,55b9e08f87a97dbe,https://mooreburkina.com/modules/custom/wildfire_dbp/images/mrk/mrk_0901.webp,https://mooreburkina.com/fr/dioula/evangile-de-marc-en-dioula;https://mooreburkina.com/fr/films-clips/evangile-de-marc-prot;https://mooreburkina.com/fr/films-clips/evangile-selon-marc-cath;https://mooreburkina.com/fr/fulfulde/evangile-de-marc-fulfulde-massina;https://mooreburkina.com/fr/gulimancema/marc-en-gurmancema,Evangile de Marc (Prot.) | Mooré Burkina Faso,moore,,religious,image,.webp,downloaded,assets/moore/general/religious/image/mrk_0901__55b9e08f87a97dbe.webp,12250,86f92599ac24af6b550dc507278bb0953f24963dade5fed5ce5bc85a1b0346f4,image/webp,200,"""6a5954a3-2fda""","Thu, 16 Jul 2026 22:01:07 GMT",2026-10-03T20:17:31.091290+00:00,
asset,080a0522fe621ff0,https://mooreburkina.com/modules/custom/wildfire_dbp/images/mrk/mrk_0913.webp,https://mooreburkina.com/fr/dioula/evangile-de-marc-en-dioula;https://mooreburkina.com/fr/films-clips/evangile-de-marc-prot;https://mooreburkina.com/fr/films-clips/evangile-selon-marc-cath;https://mooreburkina.com/fr/fulfulde/evangile-de-marc-fulfulde-massina;https://mooreburkina.com/fr/gulimancema/marc-en-gurmancema,Evangile de Marc (Prot.) | Mooré Burkina Faso,moore,,religious,image,.webp,downloaded,assets/moore/general/religious/image/mrk_0913__080a0522fe621ff0.webp,10158,311de37c9f0d52266b8523e6fb39db84d8f86db02242dcc5fe6aea865294bc40,image/webp,200,"""6a5954a3-27ae""","Thu, 16 Jul 2026 22:01:07 GMT",2026-10-03T20:17:31.472498+00:00,
asset,1175f74b3fe0e1d1,https://mooreburkina.com/modules/custom/wildfire_dbp/images/mrk/mrk_0933.webp,https://mooreburkina.com/fr/dioula/evangile-de-marc-en-dioula;https://mooreburkina.com/fr/films-clips/evangile-de-marc-prot;https://mooreburkina.com/fr/films-clips/evangile-selon-marc-cath;https://mooreburkina.com/fr/gulimancema/marc-en-gurmancema,Evangile de Marc (Prot.) | Mooré Burkina Faso,moore,,religious,image,.webp,downloaded,assets/moore/general/religious/image/mrk_0933__1175f74b3fe0e1d1.webp,10480,497c474c01eb8864f9c3c6c3792eacdb7631157f370671822c60c063a33185e8,image/webp,200,"""6a5954a3-28f0""","Thu, 16 Jul 2026 22:01:07 GMT",2026-10-03T20:17:31.854288+00:00,
asset,65e2f41c8099d2b0,https://mooreburkina.com/modules/custom/wildfire_dbp/images/mrk/mrk_1001.webp,https://mooreburkina.com/fr/dioula/evangile-de-marc-en-dioula;https://mooreburkina.com/fr/films-clips/evangile-de-marc-prot;https://mooreburkina.com/fr/films-clips/evangile-selon-marc-cath;https://mooreburkina.com/fr/fulfulde/evangile-de-marc-fulfulde-massina;https://mooreburkina.com/fr/gulimancema/marc-en-gurmancema,Evangile de Marc (Prot.) | Mooré Burkina Faso,moore,,religious,image,.webp,downloaded,assets/moore/general/religious/image/mrk_1001__65e2f41c8099d2b0.webp,20250,7ed0aeacc95d52547dec405ef29181e71fea009e8a4e0d76fac78fd947bfe040,image/webp,200,"""6a5954a3-4f1a""","Thu, 16 Jul 2026 22:01:07 GMT",2026-10-03T20:17:32.331145+00:00,
asset,b7a30c8872527f56,https://mooreburkina.com/modules/custom/wildfire_dbp/images/mrk/mrk_1017.webp,https://mooreburkina.com/fr/dioula/evangile-de-marc-en-dioula;https://mooreburkina.com/fr/films-clips/evangile-de-marc-prot;https://mooreburkina.com/fr/films-clips/evangile-selon-marc-cath;https://mooreburkina.com/fr/fulfulde/evangile-de-marc-fulfulde-massina;https://mooreburkina.com/fr/gulimancema/marc-en-gurmancema,Evangile de Marc (Prot.) | Mooré Burkina Faso,moore,,religious,image,.webp,downloaded,assets/moore/general/religious/image/mrk_1017__b7a30c8872527f56.webp,12488,71e07bed27943aeb39150bfa20c09d70825410a59cdeeb3b3a5d27662bfd44ad,image/webp,200,"""6a5954a3-30c8""","Thu, 16 Jul 2026 22:01:07 GMT",2026-10-03T20:17:32.712147+00:00,
asset,1ec8f01fa1e2f9e8,https://mooreburkina.com/modules/custom/wildfire_dbp/images/mrk/mrk_1035.webp,https://mooreburkina.com/fr/dioula/evangile-de-marc-en-dioula;https://mooreburkina.com/fr/films-clips/evangile-de-marc-prot;https://mooreburkina.com/fr/films-clips/evangile-selon-marc-cath;https://mooreburkina.com/fr/gulimancema/marc-en-gurmancema,Evangile de Marc (Prot.) | Mooré Burkina Faso,moore,,religious,image,.webp,downloaded,assets/moore/general/religious/image/mrk_1035__1ec8f01fa1e2f9e8.webp,14320,be868344f225c5e04bcee7bc6a5d69ebd34984e722fe9d10b7b54d6d86a3f3b9,image/webp,200,"""6a5954a3-37f0""","Thu, 16 Jul 2026 22:01:07 GMT",2026-10-03T20:17:33.190335+00:00,
asset,24ad6a0400ade5af,https://mooreburkina.com/modules/custom/wildfire_dbp/images/mrk/mrk_1101.webp,https://mooreburkina.com/fr/dioula/evangile-de-marc-en-dioula;https://mooreburkina.com/fr/films-clips/evangile-de-marc-prot;https://mooreburkina.com/fr/films-clips/evangile-selon-marc-cath;https://mooreburkina.com/fr/fulfulde/evangile-de-marc-fulfulde-massina;https://mooreburkina.com/fr/gulimancema/marc-en-gurmancema,Evangile de Marc (Prot.) | Mooré Burkina Faso,moore,,religious,image,.webp,downloaded,assets/moore/general/religious/image/mrk_1101__24ad6a0400ade5af.webp,29078,b64e512962893814415da851d59d317e6c94dbee0f143fb2f4c113fab8d0f0d7,image/webp,200,"""6a5954a3-7196""","Thu, 16 Jul 2026 22:01:07 GMT",2026-10-03T20:17:33.672119+00:00,
asset,4334856dc4b6c04e,https://mooreburkina.com/modules/custom/wildfire_dbp/images/mrk/mrk_1112.webp,https://mooreburkina.com/fr/dioula/evangile-de-marc-en-dioula;https://mooreburkina.com/fr/films-clips/evangile-de-marc-prot;https://mooreburkina.com/fr/films-clips/evangile-selon-marc-cath;https://mooreburkina.com/fr/fulfulde/evangile-de-marc-fulfulde-massina;https://mooreburkina.com/fr/gulimancema/marc-en-gurmancema,Evangile de Marc (Prot.) | Mooré Burkina Faso,moore,,religious,image,.webp,downloaded,assets/moore/general/religious/image/mrk_1112__4334856dc4b6c04e.webp,17878,ad6d9abad3eb774f896b1b10f510c128c4ec19f8bdc1f02de86370a1a4f455af,image/webp,200,"""6a5954a3-45d6""","Thu, 16 Jul 2026 22:01:07 GMT",2026-10-03T20:17:34.070615+00:00,
asset,d7241677863a5065,https://mooreburkina.com/modules/custom/wildfire_dbp/images/mrk/mrk_1201.webp,https://mooreburkina.com/fr/dioula/evangile-de-marc-en-dioula;https://mooreburkina.com/fr/films-clips/evangile-de-marc-prot;https://mooreburkina.com/fr/films-clips/evangile-selon-marc-cath;https://mooreburkina.com/fr/fulfulde/evangile-de-marc-fulfulde-massina;https://mooreburkina.com/fr/gulimancema/marc-en-gurmancema,Evangile de Marc (Prot.) | Mooré Burkina Faso,moore,,religious,image,.webp,downloaded,assets/moore/general/religious/image/mrk_1201__d7241677863a5065.webp,16398,8736c2eec93988731e62042888b4ff03148cbb935b591ccd41aec6389c1a3674,image/webp,200,"""6a5954a3-400e""","Thu, 16 Jul 2026 22:01:07 GMT",2026-10-03T20:17:34.467405+00:00,
asset,ec6153eb54573690,https://mooreburkina.com/modules/custom/wildfire_dbp/images/mrk/mrk_1218.webp,https://mooreburkina.com/fr/dioula/evangile-de-marc-en-dioula;https://mooreburkina.com/fr/films-clips/evangile-de-marc-prot;https://mooreburkina.com/fr/films-clips/evangile-selon-marc-cath;https://mooreburkina.com/fr/fulfulde/evangile-de-marc-fulfulde-massina;https://mooreburkina.com/fr/gulimancema/marc-en-gurmancema,Evangile de Marc (Prot.) | Mooré Burkina Faso,moore,,religious,image,.webp,downloaded,assets/moore/general/religious/image/mrk_1218__ec6153eb54573690.webp,17726,f587bf26468e0dc0ca5ed8910d446aa6dfdf3edc9d01d662331c049752e8b6eb,image/webp,200,"""6a5954a3-453e""","Thu, 16 Jul 2026 22:01:07 GMT",2026-10-03T20:17:34.943546+00:00,
asset,660cd1cc8a353605,https://mooreburkina.com/modules/custom/wildfire_dbp/images/mrk/mrk_1235.webp,https://mooreburkina.com/fr/dioula/evangile-de-marc-en-dioula;https://mooreburkina.com/fr/films-clips/evangile-de-marc-prot;https://mooreburkina.com/fr/films-clips/evangile-selon-marc-cath;https://mooreburkina.com/fr/gulimancema/marc-en-gurmancema,Evangile de Marc (Prot.) | Mooré Burkina Faso,moore,,religious,image,.webp,downloaded,assets/moore/general/religious/image/mrk_1235__660cd1cc8a353605.webp,27676,5f578534d9addba9f22cc91f779adbb3f1d8c5b97958c2cb49285a1dc98b653a,image/webp,200,"""6a5954a3-6c1c""","Thu, 16 Jul 2026 22:01:07 GMT",2026-10-03T20:17:35.423029+00:00,
asset,5f803e05e8b019c6,https://mooreburkina.com/modules/custom/wildfire_dbp/images/mrk/mrk_1301.webp,https://mooreburkina.com/fr/dioula/evangile-de-marc-en-dioula;https://mooreburkina.com/fr/films-clips/evangile-de-marc-prot;https://mooreburkina.com/fr/films-clips/evangile-selon-marc-cath;https://mooreburkina.com/fr/fulfulde/evangile-de-marc-fulfulde-massina;https://mooreburkina.com/fr/gulimancema/marc-en-gurmancema,Evangile de Marc (Prot.) | Mooré Burkina Faso,moore,,religious,image,.webp,downloaded,assets/moore/general/religious/image/mrk_1301__5f803e05e8b019c6.webp,15874,3e8a4e06e3f548333b64ce86f2b3c01d25f5c46b776ba162965b1e0ee9b6e6ba,image/webp,200,"""6a5954a3-3e02""","Thu, 16 Jul 2026 22:01:07 GMT",2026-10-03T20:17:35.814011+00:00,
asset,e3f8f8b4d047dd38,https://mooreburkina.com/modules/custom/wildfire_dbp/images/mrk/mrk_1328.webp,https://mooreburkina.com/fr/dioula/evangile-de-marc-en-dioula;https://mooreburkina.com/fr/films-clips/evangile-de-marc-prot;https://mooreburkina.com/fr/films-clips/evangile-selon-marc-cath;https://mooreburkina.com/fr/gulimancema/marc-en-gurmancema,Evangile de Marc (Prot.) | Mooré Burkina Faso,moore,,religious,image,.webp,downloaded,assets/moore/general/religious/image/mrk_1328__e3f8f8b4d047dd38.webp,22604,38a166d56b3253ce9006026879a207e9e318ff5fd460d3aad8d24bf78643f123,image/webp,200,"""6a5954a3-584c""","Thu, 16 Jul 2026 22:01:07 GMT",2026-10-03T20:17:36.293561+00:00,
asset,ce79c6451050994c,https://mooreburkina.com/modules/custom/wildfire_dbp/images/mrk/mrk_1401.webp,https://mooreburkina.com/fr/dioula/evangile-de-marc-en-dioula;https://mooreburkina.com/fr/films-clips/evangile-de-marc-prot;https://mooreburkina.com/fr/films-clips/evangile-selon-marc-cath;https://mooreburkina.com/fr/fulfulde/evangile-de-marc-fulfulde-massina;https://mooreburkina.com/fr/gulimancema/marc-en-gurmancema,Evangile de Marc (Prot.) | Mooré Burkina Faso,moore,,religious,image,.webp,downloaded,assets/moore/general/religious/image/mrk_1401__ce79c6451050994c.webp,7124,d6d4641b9051df672682f3dbb8e21f3c7bb4cf61c92a0ec8614ff260da270bbc,image/webp,200,"""6a5954a3-1bd4""","Thu, 16 Jul 2026 22:01:07 GMT",2026-10-03T20:17:36.674307+00:00,
asset,7d7e58c4cb12824e,https://mooreburkina.com/modules/custom/wildfire_dbp/images/mrk/mrk_1412.webp,https://mooreburkina.com/fr/dioula/evangile-de-marc-en-dioula;https://mooreburkina.com/fr/films-clips/evangile-selon-marc-cath;https://mooreburkina.com/fr/gulimancema/marc-en-gurmancema,Evangile selon Marc (Cath.) | Mooré Burkina Faso,moore,,religious,image,.webp,downloaded,assets/moore/general/religious/image/mrk_1412__7d7e58c4cb12824e.webp,9188,fe2396be50c22cbc3a8c0c51edd725eba7a7391a3004a9d814440ea57185022d,image/webp,200,"""6a5954a3-23e4""","Thu, 16 Jul 2026 22:01:07 GMT",2026-10-03T20:17:37.055866+00:00,
asset,7f5a24e552cac7df,https://mooreburkina.com/modules/custom/wildfire_dbp/images/mrk/mrk_1432.webp,https://mooreburkina.com/fr/dioula/evangile-de-marc-en-dioula;https://mooreburkina.com/fr/films-clips/evangile-de-marc-prot;https://mooreburkina.com/fr/films-clips/evangile-selon-marc-cath;https://mooreburkina.com/fr/fulfulde/evangile-de-marc-fulfulde-massina;https://mooreburkina.com/fr/gulimancema/marc-en-gurmancema,Evangile de Marc (Prot.) | Mooré Burkina Faso,moore,,religious,image,.webp,downloaded,assets/moore/general/religious/image/mrk_1432__7f5a24e552cac7df.webp,6498,336f336253e0501651239115ddde3447abfbe3b1d76b3abcabc1b88386278594,image/webp,200,"""6a5954a3-1962""","Thu, 16 Jul 2026 22:01:07 GMT",2026-10-03T20:17:37.439662+00:00,
asset,61afa76ff8b73428,https://mooreburkina.com/modules/custom/wildfire_dbp/images/mrk/mrk_1453.webp,https://mooreburkina.com/fr/dioula/evangile-de-marc-en-dioula;https://mooreburkina.com/fr/films-clips/evangile-de-marc-prot;https://mooreburkina.com/fr/films-clips/evangile-selon-marc-cath;https://mooreburkina.com/fr/fulfulde/evangile-de-marc-fulfulde-massina;https://mooreburkina.com/fr/gulimancema/marc-en-gurmancema,Evangile de Marc (Prot.) | Mooré Burkina Faso,moore,,religious,image,.webp,downloaded,assets/moore/general/religious/image/mrk_1453__61afa76ff8b73428.webp,8400,4abb7d53b3afc900321bb7e70ac33fd2d982a94f946bf02b0afe117313a3d98e,image/webp,200,"""6a5954a3-20d0""","Thu, 16 Jul 2026 22:01:07 GMT",2026-10-03T20:17:37.820956+00:00,
asset,262557646f2e7838,https://mooreburkina.com/modules/custom/wildfire_dbp/images/mrk/mrk_1501.webp,https://mooreburkina.com/fr/dioula/evangile-de-marc-en-dioula;https://mooreburkina.com/fr/films-clips/evangile-de-marc-prot;https://mooreburkina.com/fr/films-clips/evangile-selon-marc-cath;https://mooreburkina.com/fr/fulfulde/evangile-de-marc-fulfulde-massina;https://mooreburkina.com/fr/gulimancema/marc-en-gurmancema,Evangile de Marc (Prot.) | Mooré Burkina Faso,moore,,religious,image,.webp,downloaded,assets/moore/general/religious/image/mrk_1501__262557646f2e7838.webp,16762,65d138d1588cb49b5dbd20eec29313ccfb63ab349ec8515a8cd217ad8e8313b7,image/webp,200,"""6a5954a3-417a""","Thu, 16 Jul 2026 22:01:07 GMT",2026-10-03T20:17:38.300410+00:00,
asset,439b07c8e64d829e,https://mooreburkina.com/modules/custom/wildfire_dbp/images/mrk/mrk_1521.webp,https://mooreburkina.com/fr/dioula/evangile-de-marc-en-dioula;https://mooreburkina.com/fr/films-clips/evangile-de-marc-prot;https://mooreburkina.com/fr/films-clips/evangile-selon-marc-cath;https://mooreburkina.com/fr/fulfulde/evangile-de-marc-fulfulde-massina;https://mooreburkina.com/fr/gulimancema/marc-en-gurmancema,Evangile de Marc (Prot.) | Mooré Burkina Faso,moore,,religious,image,.webp,downloaded,assets/moore/general/religious/image/mrk_1521__439b07c8e64d829e.webp,4990,ab523113a711a0f5d2300ee57be321a032ffc9e65b6bd4cb2cf8c6365423674d,image/webp,200,"""6a5954a3-137e""","Thu, 16 Jul 2026 22:01:07 GMT",2026-10-03T20:17:38.683194+00:00,
asset,0b3615bf3e4af0f5,https://mooreburkina.com/modules/custom/wildfire_dbp/images/mrk/mrk_1601.webp,https://mooreburkina.com/fr/dioula/evangile-de-marc-en-dioula;https://mooreburkina.com/fr/films-clips/evangile-de-marc-prot;https://mooreburkina.com/fr/films-clips/evangile-selon-marc-cath;https://mooreburkina.com/fr/fulfulde/evangile-de-marc-fulfulde-massina;https://mooreburkina.com/fr/gulimancema/marc-en-gurmancema,Evangile de Marc (Prot.) | Mooré Burkina Faso,moore,,religious,image,.webp,downloaded,assets/moore/general/religious/image/mrk_1601__0b3615bf3e4af0f5.webp,6348,c9b1dbb8ce0a437f8f041282fad1a62b43f705ed31680cf7534c3bcd9835dca7,image/webp,200,"""6a5954a3-18cc""","Thu, 16 Jul 2026 22:01:07 GMT",2026-10-03T20:17:39.066393+00:00,
asset,b84bb4cedea7c16e,https://mooreburkina.com/modules/custom/wildfire_dbp/images/mrk/mrk_credits.webp,https://mooreburkina.com/fr/dioula/evangile-de-marc-en-dioula;https://mooreburkina.com/fr/films-clips/evangile-de-marc-prot;https://mooreburkina.com/fr/films-clips/evangile-selon-marc-cath;https://mooreburkina.com/fr/fulfulde/evangile-de-marc-fulfulde-massina;https://mooreburkina.com/fr/gulimancema/marc-en-gurmancema,Evangile de Marc (Prot.) | Mooré Burkina Faso,moore,,religious,image,.webp,downloaded,assets/moore/general/religious/image/mrk_credits__b84bb4cedea7c16e.webp,2174,7d26d528de36646dffeb6820bb45c782a270bcf6cd84b360a97afcd80e3c684e,image/webp,200,"""6a5954a3-87e""","Thu, 16 Jul 2026 22:01:07 GMT",2026-10-03T20:17:39.446557+00:00,
asset,c55f5e4511eefcf0,https://mooreburkina.com/modules/custom/wildfire_pwa/pwa.gif,https://mooreburkina.com/fr/pwa/instructions,Instructions d'installation de Progressive Web App | Mooré Burkina Faso,moore,,other,image,.gif,downloaded,assets/moore/general/other/image/pwa__c55f5e4511eefcf0.gif,571966,76ddc83bb8362a4d153825608a7ca7686e11bd7a94bbe30f7f3517349c8c96ba,image/gif,200,"""6a5954a3-8ba3e""","Thu, 16 Jul 2026 22:01:07 GMT",2026-10-03T20:17:40.307534+00:00,
asset,46846b4c4e78dc3f,https://mooreburkina.com/sites/www.mooreburkina.com/files/styles/gallery/public/gallery-images/Boeuf.jpg.webp?itok=0k-h_-6O,https://mooreburkina.com/fr/images/animaux,Animaux | Mooré Burkina Faso,moore,,image_culture,image,.webp,downloaded,assets/moore/general/image_culture/image/boeuf.jpg__46846b4c4e78dc3f.webp,9142,2639f1fb2bea5e3584f2a958bf6912ed50a479cf4126cd4bd2d3a290d8eef2c6,image/webp,200,"""69b9f4a4-23b6""","Wed, 18 Mar 2026 00:41:08 GMT",2026-10-03T20:17:40.690187+00:00,
asset,a4a08cc46280f7ed,https://mooreburkina.com/sites/www.mooreburkina.com/files/styles/gallery/public/gallery-images/Hippo.JPG.webp?itok=qAgyAvNN,https://mooreburkina.com/fr/images/animaux,Animaux | Mooré Burkina Faso,moore,,image_culture,image,.webp,downloaded,assets/moore/general/image_culture/image/hippo.jpg__a4a08cc46280f7ed.webp,17056,adfee829ef9bb45786b0fda3d880eaf1a88b5449078d49e60a220820cfd0d7e0,image/webp,200,"""69b9f3f0-42a0""","Wed, 18 Mar 2026 00:38:08 GMT",2026-10-03T20:17:41.072336+00:00,
asset,5afa6feb5c39ee02,https://mooreburkina.com/sites/www.mooreburkina.com/files/styles/gallery/public/gallery-images/Hippotrague.jpg.webp?itok=o2DJrTgH,https://mooreburkina.com/fr/images/animaux,Animaux | Mooré Burkina Faso,moore,,image_culture,image,.webp,downloaded,assets/moore/general/image_culture/image/hippotrague.jpg__5afa6feb5c39ee02.webp,48814,28d40fff875e3e54991124e561783a28444a58afe7a70a7a84ba54075bf498db,image/webp,200,"""69b9f528-beae""","Wed, 18 Mar 2026 00:43:20 GMT",2026-10-03T20:17:41.470310+00:00,
asset,23332cea24fdd937,https://mooreburkina.com/sites/www.mooreburkina.com/files/styles/gallery/public/gallery-images/Oryct%C3%A9rope.jpg.webp?itok=vGLHUw7Y,https://mooreburkina.com/fr/images/animaux,Animaux | Mooré Burkina Faso,moore,,image_culture,image,.webp,downloaded,assets/moore/general/image_culture/image/orycterope.jpg__23332cea24fdd937.webp,14076,663207692f2a2bfa16de97c9c639e76638e87f7626104247b9be21fa76943240,image/webp,200,"""69b9f499-36fc""","Wed, 18 Mar 2026 00:40:57 GMT",2026-10-03T20:17:41.851976+00:00,
asset,e15ceac7888cef29,https://mooreburkina.com/sites/www.mooreburkina.com/files/styles/gallery/public/gallery-images/Phyton.jpg.webp?itok=U0YHWdf_,https://mooreburkina.com/fr/images/animaux,Animaux | Mooré Burkina Faso,moore,,image_culture,image,.webp,downloaded,assets/moore/general/image_culture/image/phyton.jpg__e15ceac7888cef29.webp,17782,cd067a8987aca4ef98c506d080071174d5e0b4ce198b11d06c35739a6002aca3,image/webp,200,"""69b9f3f1-4576""","Wed, 18 Mar 2026 00:38:09 GMT",2026-10-03T20:17:42.237734+00:00,
asset,dbc595b15bcfbae1,https://mooreburkina.com/sites/www.mooreburkina.com/files/styles/gallery/public/gallery-images/Rat.jpg.webp?itok=kooeyHZL,https://mooreburkina.com/fr/images/animaux,Animaux | Mooré Burkina Faso,moore,,image_culture,image,.webp,downloaded,assets/moore/general/image_culture/image/rat.jpg__dbc595b15bcfbae1.webp,6788,52dddb42841c7affff2f4bd3c4d803326992b3c5d1e14b5ee567c9466d52bdd9,image/webp,200,"""69b9f3f7-1a84""","Wed, 18 Mar 2026 00:38:15 GMT",2026-10-03T20:17:42.618289+00:00,
asset,1bf085e821147433,https://mooreburkina.com/sites/www.mooreburkina.com/files/styles/gallery/public/gallery-images/aigle%20bateleur.jpg.webp?itok=6YhUk2mM,https://mooreburkina.com/fr/images/animaux,Animaux | Mooré Burkina Faso,moore,,image_culture,image,.webp,downloaded,assets/moore/general/image_culture/image/aigle_bateleur.jpg__1bf085e821147433.webp,13964,8b39b133c1bd43d1c185982f36d6411f43e45f7b768182fd82d461ea88649dfa,image/webp,200,"""69b9f55a-368c""","Wed, 18 Mar 2026 00:44:10 GMT",2026-10-03T20:17:43.097505+00:00,
asset,7a0c5bdd595435c0,https://mooreburkina.com/sites/www.mooreburkina.com/files/styles/gallery/public/gallery-images/ane.jpg.webp?itok=zXIHSash,https://mooreburkina.com/fr/images/animaux,Animaux | Mooré Burkina Faso,moore,,image_culture,image,.webp,downloaded,assets/moore/general/image_culture/image/ane.jpg__7a0c5bdd595435c0.webp,10288,ca41bddacf666192d9c79192d726a720a5a99006d4eb0087381342d4ac0f1171,image/webp,200,"""69b9f3f0-2830""","Wed, 18 Mar 2026 00:38:08 GMT",2026-10-03T20:17:43.479551+00:00,
asset,e38ddc82a93263e1,https://mooreburkina.com/sites/www.mooreburkina.com/files/styles/gallery/public/gallery-images/babouin.jpg.webp?itok=BTNgivQG,https://mooreburkina.com/fr/images/animaux,Animaux | Mooré Burkina Faso,moore,,image_culture,image,.webp,downloaded,assets/moore/general/image_culture/image/babouin.jpg__e38ddc82a93263e1.webp,18964,5c732c401c22a07a56c85de3ba350e17075cf7e22f4955d6f8ad58b6c4578996,image/webp,200,"""69b9f4d5-4a14""","Wed, 18 Mar 2026 00:41:57 GMT",2026-10-03T20:17:43.956406+00:00,
asset,3d5320904d6be5bf,https://mooreburkina.com/sites/www.mooreburkina.com/files/styles/gallery/public/gallery-images/cheval%202.jpg.webp?itok=b0zD1bTx,https://mooreburkina.com/fr/images/animaux,Animaux | Mooré Burkina Faso,moore,,image_culture,image,.webp,downloaded,assets/moore/general/image_culture/image/cheval_2.jpg__3d5320904d6be5bf.webp,19912,e52fa5e26cff2576d005eb4644f6c083b6f86d1fd0a9bf3a12d2d9a139ffd75e,image/webp,200,"""69b9f3f6-4dc8""","Wed, 18 Mar 2026 00:38:14 GMT",2026-10-03T20:17:44.433565+00:00,
asset,e9b88f85654eb3c9,https://mooreburkina.com/sites/www.mooreburkina.com/files/styles/gallery/public/gallery-images/chien.jpg.webp?itok=iz7Ggo1B,https://mooreburkina.com/fr/images/animaux,Animaux | Mooré Burkina Faso,moore,,image_culture,image,.webp,downloaded,assets/moore/general/image_culture/image/chien.jpg__e9b88f85654eb3c9.webp,19468,65861634c80d180cd38f9e0d603fd2256d7a3e51a0b0a4f3fb7d0b9e3a206246,image/webp,200,"""69b9f48f-4c0c""","Wed, 18 Mar 2026 00:40:47 GMT",2026-10-03T20:17:44.912697+00:00,
asset,8250a09a7199d1db,https://mooreburkina.com/sites/www.mooreburkina.com/files/styles/gallery/public/gallery-images/cobe%20de%20buffon.jpg.webp?itok=0h8TwaTt,https://mooreburkina.com/fr/images/animaux,Animaux | Mooré Burkina Faso,moore,,image_culture,image,.webp,downloaded,assets/moore/general/image_culture/image/cobe_de_buffon.jpg__8250a09a7199d1db.webp,21364,87a1dc4ac1f4f7f1d914177ff5a6c581c3368e41ca192e6fc0facb58371d6957,image/webp,200,"""69b9f550-5374""","Wed, 18 Mar 2026 00:44:00 GMT",2026-10-03T20:17:45.390787+00:00,
asset,34b10dc086287eff,https://mooreburkina.com/sites/www.mooreburkina.com/files/styles/gallery/public/gallery-images/crocodile.jpg.webp?itok=8Ny7_T8g,https://mooreburkina.com/fr/images/animaux,Animaux | Mooré Burkina Faso,moore,,image_culture,image,.webp,downloaded,assets/moore/general/image_culture/image/crocodile.jpg__34b10dc086287eff.webp,39146,4d5056ecf0e02fdb81fa25aee505d41780e84c629ddee4c3581e5390986223f1,image/webp,200,"""69b9f44d-98ea""","Wed, 18 Mar 2026 00:39:41 GMT",2026-10-03T20:17:45.868105+00:00,
asset,70dcc08cd8c97c30,https://mooreburkina.com/sites/www.mooreburkina.com/files/styles/gallery/public/gallery-images/ecureuil.jpg.webp?itok=ITV2P-rk,https://mooreburkina.com/fr/images/animaux,Animaux | Mooré Burkina Faso,moore,,image_culture,image,.webp,downloaded,assets/moore/general/image_culture/image/ecureuil.jpg__70dcc08cd8c97c30.webp,40950,094fecdbef89e53f8a40e0356d3d20d7a0d3e4e466e9ade137b63e73dff85448,image/webp,200,"""69b9f551-9ff6""","Wed, 18 Mar 2026 00:44:01 GMT",2026-10-03T20:17:46.345255+00:00,
asset,742496f6aa06e583,https://mooreburkina.com/sites/www.mooreburkina.com/files/styles/gallery/public/gallery-images/elephant.jpg.webp?itok=0_xPWkoX,https://mooreburkina.com/fr/images/animaux,Animaux | Mooré Burkina Faso,moore,,image_culture,image,.webp,downloaded,assets/moore/general/image_culture/image/elephant.jpg__742496f6aa06e583.webp,26036,04856ca7982e54bb5f2fb51e773662993383340ee0efff148c88dc1bafe221f5,image/webp,200,"""69b9f568-65b4""","Wed, 18 Mar 2026 00:44:24 GMT",2026-10-03T20:17:46.743796+00:00,
asset,5721bda4101f12bb,https://mooreburkina.com/sites/www.mooreburkina.com/files/styles/gallery/public/gallery-images/heron%20cendre%20grey%20heron.jpg.webp?itok=lGhtkGXu,https://mooreburkina.com/fr/images/animaux,Animaux | Mooré Burkina Faso,moore,,image_culture,image,.webp,downloaded,assets/moore/general/image_culture/image/heron_cendre_grey_heron.jpg__5721bda4101f12bb.webp,10222,e20b7d5f59b2161a3a2cc70f71334c39e0bea3a701dac36c430ab3a8426793bb,image/webp,200,"""69b9f4fb-27ee""","Wed, 18 Mar 2026 00:42:35 GMT",2026-10-03T20:17:47.127656+00:00,
asset,147e21b603690a17,https://mooreburkina.com/sites/www.mooreburkina.com/files/styles/gallery/public/gallery-images/hyene.jpg.webp?itok=ffooKr4b,https://mooreburkina.com/fr/images/animaux,Animaux | Mooré Burkina Faso,moore,,image_culture,image,.webp,downloaded,assets/moore/general/image_culture/image/hyene.jpg__147e21b603690a17.webp,32062,4c5b9c2a51918450c5193c758a561791c1fa40572ab72a64e6a25ec3b3799249,image/webp,200,"""69b9f550-7d3e""","Wed, 18 Mar 2026 00:44:00 GMT",2026-10-03T20:17:47.614753+00:00,
asset,ad57f90ce01c432c,https://mooreburkina.com/sites/www.mooreburkina.com/files/styles/gallery/public/gallery-images/lievre1.jpg.webp?itok=v9SnEJ0u,https://mooreburkina.com/fr/images/animaux,Animaux | Mooré Burkina Faso,moore,,image_culture,image,.webp,downloaded,assets/moore/general/image_culture/image/lievre1.jpg__ad57f90ce01c432c.webp,33486,ccfabc2c96ca5c6e62aac1140551c989aa3007ae22b99820db8ac9e400eeb8aa,image/webp,200,"""69b9f4fb-82ce""","Wed, 18 Mar 2026 00:42:35 GMT",2026-10-03T20:17:48.094797+00:00,
asset,3514e5d7b8aa6f94,https://mooreburkina.com/sites/www.mooreburkina.com/files/styles/gallery/public/gallery-images/lion.jpg.webp?itok=OIl_IZIO,https://mooreburkina.com/fr/images/animaux,Animaux | Mooré Burkina Faso,moore,,image_culture,image,.webp,downloaded,assets/moore/general/image_culture/image/lion.jpg__3514e5d7b8aa6f94.webp,14064,dacab97705ee8c9e49cc10f54d18e7cc46d6819e61be8be6c3d6c055138ef218,image/webp,200,"""69b9f569-36f0""","Wed, 18 Mar 2026 00:44:25 GMT",2026-10-03T20:17:48.475761+00:00,
asset,237b159c28d2942a,https://mooreburkina.com/sites/www.mooreburkina.com/files/styles/gallery/public/gallery-images/oisvarn%20du%20nil.JPG.webp?itok=q2UTowFK,https://mooreburkina.com/fr/images/animaux,Animaux | Mooré Burkina Faso,moore,,image_culture,image,.webp,downloaded,assets/moore/general/image_culture/image/oisvarn_du_nil.jpg__237b159c28d2942a.webp,19258,9f576e946682984afb8eb3f622838bcfe6135f18ce5d4af21098356a8a205ec5,image/webp,200,"""69b9f42a-4b3a""","Wed, 18 Mar 2026 00:39:06 GMT",2026-10-03T20:17:48.954653+00:00,
asset,8e5f8cf5f9331a2b,https://mooreburkina.com/sites/www.mooreburkina.com/files/styles/gallery/public/gallery-images/ouaga01.jpg.webp?itok=2r3dy7zq,https://mooreburkina.com/fr/images/impression-de-ouagadougou,Impression de Ouagadougou | Mooré Burkina Faso,moore,,image_culture,image,.webp,downloaded,assets/moore/general/image_culture/image/ouaga01.jpg__8e5f8cf5f9331a2b.webp,18316,fddab68e507ef7d6a804c987ca5922b4cc70bc337fdd01fd3660b474f57eacd3,image/webp,200,"""69ba8eba-478c""","Wed, 18 Mar 2026 11:38:34 GMT",2026-10-03T20:17:49.432671+00:00,
asset,7503d3a2186c2f40,https://mooreburkina.com/sites/www.mooreburkina.com/files/styles/gallery/public/gallery-images/ouaga02.jpg.webp?itok=-sRnhZnW,https://mooreburkina.com/fr/images/impression-de-ouagadougou,Impression de Ouagadougou | Mooré Burkina Faso,moore,,image_culture,image,.webp,downloaded,assets/moore/general/image_culture/image/ouaga02.jpg__7503d3a2186c2f40.webp,24130,878f4c7660b5b977e9a7809648c4e9547678b028a66e99644f7993c9606708b3,image/webp,200,"""69ba8e51-5e42""","Wed, 18 Mar 2026 11:36:49 GMT",2026-10-03T20:17:49.909664+00:00,
asset,10b14d10b73e3876,https://mooreburkina.com/sites/www.mooreburkina.com/files/styles/gallery/public/gallery-images/ouaga03.JPG.webp?itok=Bgguqnb0,https://mooreburkina.com/fr/images/impression-de-ouagadougou,Impression de Ouagadougou | Mooré Burkina Faso,moore,,image_culture,image,.webp,downloaded,assets/moore/general/image_culture/image/ouaga03.jpg__10b14d10b73e3876.webp,23768,29a1a305c792cb32ca47749d3a126420d4be00684080719ff040cea52f170ad1,image/webp,200,"""69ba8ea1-5cd8""","Wed, 18 Mar 2026 11:38:09 GMT",2026-10-03T20:17:50.386575+00:00,
asset,6eccdff59173d75a,https://mooreburkina.com/sites/www.mooreburkina.com/files/styles/gallery/public/gallery-images/ouaga04.JPG.webp?itok=vi4-8B2-,https://mooreburkina.com/fr/images/impression-de-ouagadougou,Impression de Ouagadougou | Mooré Burkina Faso,moore,,image_culture,image,.webp,downloaded,assets/moore/general/image_culture/image/ouaga04.jpg__6eccdff59173d75a.webp,63240,aece6f7f85ea55e2ffdd2f2e687e40f5437be9ad19f8dd6283451e6d7cae1f48,image/webp,200,"""69ba8e4c-f708""","Wed, 18 Mar 2026 11:36:44 GMT",2026-10-03T20:17:50.865322+00:00,
asset,1899c0386b7f885b,https://mooreburkina.com/sites/www.mooreburkina.com/files/styles/gallery/public/gallery-images/ouaga05.jpg.webp?itok=P9X606fM,https://mooreburkina.com/fr/images/impression-de-ouagadougou,Impression de Ouagadougou | Mooré Burkina Faso,moore,,image_culture,image,.webp,downloaded,assets/moore/general/image_culture/image/ouaga05.jpg__1899c0386b7f885b.webp,21160,c5b99c1fcdca86db90d3f136c7f55a8cdc381ed4e8b734c5a13bb58197b19762,image/webp,200,"""69ba8e74-52a8""","Wed, 18 Mar 2026 11:37:24 GMT",2026-10-03T20:17:51.247666+00:00,
asset,4f7e494cca92960e,https://mooreburkina.com/sites/www.mooreburkina.com/files/styles/gallery/public/gallery-images/ouaga07.jpg.webp?itok=PhUpRsuA,https://mooreburkina.com/fr/images/impression-de-ouagadougou,Impression de Ouagadougou | Mooré Burkina Faso,moore,,image_culture,image,.webp,downloaded,assets/moore/general/image_culture/image/ouaga07.jpg__4f7e494cca92960e.webp,29896,2c29c33f24ddc942b4dae033ed9317b93ebff6806f1ed80b5682ada0ab4f571d,image/webp,200,"""69ba8e22-74c8""","Wed, 18 Mar 2026 11:36:02 GMT",2026-10-03T20:17:51.723800+00:00,
asset,f8ff6c351939d01d,https://mooreburkina.com/sites/www.mooreburkina.com/files/styles/gallery/public/gallery-images/ouaga08.JPG.webp?itok=SxAj5lSW,https://mooreburkina.com/fr/images/impression-de-ouagadougou,Impression de Ouagadougou | Mooré Burkina Faso,moore,,image_culture,image,.webp,downloaded,assets/moore/general/image_culture/image/ouaga08.jpg__f8ff6c351939d01d.webp,20922,72a470cc8bd3eb6311cd9ba0822a6f4b3cf05dbe378bd46592d8d60087b4c601,image/webp,200,"""69ba8ea4-51ba""","Wed, 18 Mar 2026 11:38:12 GMT",2026-10-03T20:17:52.106458+00:00,
asset,e4acab0a75dbf021,https://mooreburkina.com/sites/www.mooreburkina.com/files/styles/gallery/public/gallery-images/ouaga09.jpg.webp?itok=GFJ-t8TG,https://mooreburkina.com/fr/images/impression-de-ouagadougou,Impression de Ouagadougou | Mooré Burkina Faso,moore,,image_culture,image,.webp,downloaded,assets/moore/general/image_culture/image/ouaga09.jpg__e4acab0a75dbf021.webp,24352,c2e8d00d8f58bbdf0d027edec31098230e71a0aecb778e0d3fbbf90808b19a92,image/webp,200,"""69ba8e20-5f20""","Wed, 18 Mar 2026 11:36:00 GMT",2026-10-03T20:17:52.598670+00:00,
asset,ca40fdc4f60e87a8,https://mooreburkina.com/sites/www.mooreburkina.com/files/styles/gallery/public/gallery-images/ouaga10.jpg.webp?itok=h2ByFH7h,https://mooreburkina.com/fr/images/impression-de-ouagadougou,Impression de Ouagadougou | Mooré Burkina Faso,moore,,image_culture,image,.webp,downloaded,assets/moore/general/image_culture/image/ouaga10.jpg__ca40fdc4f60e87a8.webp,25674,2922fe107d3b0b57176d5cf9af7e9e3dc1bbcded9b58bce4cb87556dd000523f,image/webp,200,"""69ba8de3-644a""","Wed, 18 Mar 2026 11:34:59 GMT",2026-10-03T20:17:53.078539+00:00,
asset,e20570a7ca6e9b1c,https://mooreburkina.com/sites/www.mooreburkina.com/files/styles/gallery/public/gallery-images/ouaga13.jpg.webp?itok=0OWNKwcz,https://mooreburkina.com/fr/images/impression-de-ouagadougou,Impression de Ouagadougou | Mooré Burkina Faso,moore,,image_culture,image,.webp,downloaded,assets/moore/general/image_culture/image/ouaga13.jpg__e20570a7ca6e9b1c.webp,20790,dc24c3ef82715cf25d2d47a4be16a7bd5261dcf0e9d1a49a3fc78cade465bd15,image/webp,200,"""69ba8ea5-5136""","Wed, 18 Mar 2026 11:38:13 GMT",2026-10-03T20:17:53.461454+00:00,
asset,f9736f6fef3dd46c,https://mooreburkina.com/sites/www.mooreburkina.com/files/styles/gallery/public/gallery-images/ouaga15.jpg.webp?itok=-3HExM98,https://mooreburkina.com/fr/images/impression-de-ouagadougou,Impression de Ouagadougou | Mooré Burkina Faso,moore,,image_culture,image,.webp,downloaded,assets/moore/general/image_culture/image/ouaga15.jpg__f9736f6fef3dd46c.webp,33848,e684c1a157a28cb42f07d44a02356c2889cbeca5b51bc45d593f7e2130d837fc,image/webp,200,"""69ba8ea7-8438""","Wed, 18 Mar 2026 11:38:15 GMT",2026-10-03T20:17:53.938864+00:00,
asset,0be7c07fd4abac24,https://mooreburkina.com/sites/www.mooreburkina.com/files/styles/gallery/public/gallery-images/ouaga16.jpg.webp?itok=CocwTKdu,https://mooreburkina.com/fr/images/impression-de-ouagadougou,Impression de Ouagadougou | Mooré Burkina Faso,moore,,image_culture,image,.webp,downloaded,assets/moore/general/image_culture/image/ouaga16.jpg__0be7c07fd4abac24.webp,34840,4ac13da4bac326be42ce6f480e7aaead568cc97d80fd98b4381654fd9b0634fe,image/webp,200,"""69ba8ec1-8818""","Wed, 18 Mar 2026 11:38:41 GMT",2026-10-03T20:17:54.417507+00:00,
asset,fe8c9bfce9d3d106,https://mooreburkina.com/sites/www.mooreburkina.com/files/styles/gallery/public/gallery-images/ouaga17.jpg.webp?itok=KCUNud52,https://mooreburkina.com/fr/images/impression-de-ouagadougou,Impression de Ouagadougou | Mooré Burkina Faso,moore,,image_culture,image,.webp,downloaded,assets/moore/general/image_culture/image/ouaga17.jpg__fe8c9bfce9d3d106.webp,32102,c44ade2c81e78b55ce6caf0fe79a3fa2942c36ac9f0c006038e5636244101561,image/webp,200,"""69ba8dfc-7d66""","Wed, 18 Mar 2026 11:35:24 GMT",2026-10-03T20:17:54.892801+00:00,
asset,71ad6aa5fd6ff0c5,https://mooreburkina.com/sites/www.mooreburkina.com/files/styles/gallery/public/gallery-images/ouaga18.jpg.webp?itok=LHYbtWk5,https://mooreburkina.com/fr/images/impression-de-ouagadougou,Impression de Ouagadougou | Mooré Burkina Faso,moore,,image_culture,image,.webp,downloaded,assets/moore/general/image_culture/image/ouaga18.jpg__71ad6aa5fd6ff0c5.webp,33196,bdf3dc9a230f97acc64e8e8fdc4409fe3e4a379dc9c5e130cdb9b677af738c68,image/webp,200,"""69ba8eb9-81ac""","Wed, 18 Mar 2026 11:38:33 GMT",2026-10-03T20:17:55.373534+00:00,
asset,af55cc9cca6715a8,https://mooreburkina.com/sites/www.mooreburkina.com/files/styles/gallery/public/gallery-images/ouaga19.jpg.webp?itok=poXMIoTX,https://mooreburkina.com/fr/images/impression-de-ouagadougou,Impression de Ouagadougou | Mooré Burkina Faso,moore,,image_culture,image,.webp,downloaded,assets/moore/general/image_culture/image/ouaga19.jpg__af55cc9cca6715a8.webp,10278,fdd6d555e4eaef6bf707c2e6f0a8d73dc2571a2d8ff596e83f17d8398482c2a7,image/webp,200,"""69ba8dfd-2826""","Wed, 18 Mar 2026 11:35:25 GMT",2026-10-03T20:17:55.756709+00:00,
asset,da1fb6ed6abb57ba,https://mooreburkina.com/sites/www.mooreburkina.com/files/styles/gallery/public/gallery-images/ouaga20.jpg.webp?itok=P7xr3f8z,https://mooreburkina.com/fr/images/impression-de-ouagadougou,Impression de Ouagadougou | Mooré Burkina Faso,moore,,image_culture,image,.webp,downloaded,assets/moore/general/image_culture/image/ouaga20.jpg__da1fb6ed6abb57ba.webp,35552,4c909b8f7944ed15377e520886cb234490980e50dbc1402ffc4cf130cec5ce5b,image/webp,200,"""69ba8ebd-8ae0""","Wed, 18 Mar 2026 11:38:37 GMT",2026-10-03T20:17:56.236132+00:00,
asset,34dd5b8f3203c0c9,https://mooreburkina.com/sites/www.mooreburkina.com/files/styles/gallery/public/gallery-images/ouaga21.jpg.webp?itok=9GPOm_T8,https://mooreburkina.com/fr/images/impression-de-ouagadougou,Impression de Ouagadougou | Mooré Burkina Faso,moore,,image_culture,image,.webp,downloaded,assets/moore/general/image_culture/image/ouaga21.jpg__34dd5b8f3203c0c9.webp,22330,980e4b3d74043d96c0f949cdfa8558c7f2a12a4e92adde3f436663d8771d8a26,image/webp,200,"""69ba8ead-573a""","Wed, 18 Mar 2026 11:38:21 GMT",2026-10-03T20:17:56.636148+00:00,
asset,b2b0469d166cf1dd,https://mooreburkina.com/sites/www.mooreburkina.com/files/styles/gallery/public/gallery-images/ouaga22.png.webp?itok=R4R4r5Tt,https://mooreburkina.com/fr/images/impression-de-ouagadougou,Impression de Ouagadougou | Mooré Burkina Faso,moore,,image_culture,image,.webp,downloaded,assets/moore/general/image_culture/image/ouaga22.png__b2b0469d166cf1dd.webp,19540,2421005c20374102db061cf72a849a19e6505d4c20a4a8c42fa848001fc11496,image/webp,200,"""69ba8df4-4c54""","Wed, 18 Mar 2026 11:35:16 GMT",2026-10-03T20:17:57.017739+00:00,
asset,e745d88811ce062d,https://mooreburkina.com/sites/www.mooreburkina.com/files/styles/gallery/public/gallery-images/ouaga23.jpg.webp?itok=vF2ekTJP,https://mooreburkina.com/fr/images/impression-de-ouagadougou,Impression de Ouagadougou | Mooré Burkina Faso,moore,,image_culture,image,.webp,downloaded,assets/moore/general/image_culture/image/ouaga23.jpg__e745d88811ce062d.webp,17522,322b4c1a958d8db2ad1f1c5a36fe40c6e57d89f54cf894e819964d8315685858,image/webp,200,"""69ba8ec3-4472""","Wed, 18 Mar 2026 11:38:43 GMT",2026-10-03T20:17:57.400171+00:00,
asset,d8241680c3f6390b,https://mooreburkina.com/sites/www.mooreburkina.com/files/styles/gallery/public/gallery-images/ouaga24.jpg.webp?itok=XuremylV,https://mooreburkina.com/fr/images/impression-de-ouagadougou,Impression de Ouagadougou | Mooré Burkina Faso,moore,,image_culture,image,.webp,downloaded,assets/moore/general/image_culture/image/ouaga24.jpg__d8241680c3f6390b.webp,17390,413e3edc2f38204afc5650b493805a1ba479c56907e2949713b06ff681c9c416,image/webp,200,"""69ba8eae-43ee""","Wed, 18 Mar 2026 11:38:22 GMT",2026-10-03T20:17:57.782984+00:00,
asset,9b93f1076be94519,https://mooreburkina.com/sites/www.mooreburkina.com/files/styles/gallery/public/gallery-images/ouagao06.jpg.webp?itok=9wbAcIpl,https://mooreburkina.com/fr/images/impression-de-ouagadougou,Impression de Ouagadougou | Mooré Burkina Faso,moore,,image_culture,image,.webp,downloaded,assets/moore/general/image_culture/image/ouagao06.jpg__9b93f1076be94519.webp,35264,71e3aea2c39b826cbbd418f7d486cf854e33a807da66b0a9a3be97fdd200f055,image/webp,200,"""69ba8e78-89c0""","Wed, 18 Mar 2026 11:37:28 GMT",2026-10-03T20:17:58.260339+00:00,
asset,50e674443fa80f33,https://mooreburkina.com/sites/www.mooreburkina.com/files/styles/gallery/public/gallery-images/papillon.jpg.webp?itok=-3Ze54r9,https://mooreburkina.com/fr/images/animaux,Animaux | Mooré Burkina Faso,moore,,image_culture,image,.webp,downloaded,assets/moore/general/image_culture/image/papillon.jpg__50e674443fa80f33.webp,16502,c2256c5800f28d507531e6f5d9b8ba24346c392218aa2b4e227a25e40e373e29,image/webp,200,"""69b9f44c-4076""","Wed, 18 Mar 2026 00:39:40 GMT",2026-10-03T20:17:58.641378+00:00,
asset,ef02c1fc8dd95c6f,https://mooreburkina.com/sites/www.mooreburkina.com/files/styles/gallery/public/gallery-images/tisser01.jpg.webp?itok=Ac7avILx,https://mooreburkina.com/fr/images/tissus,Tissus | Mooré Burkina Faso,moore,,image_culture,image,.webp,downloaded,assets/moore/general/image_culture/image/tisser01.jpg__ef02c1fc8dd95c6f.webp,50232,c116c8a3ddb83754b5ee80b25a478a31b4bf8caf73aa221eaf5a3ac282d1bec2,image/webp,200,"""69ba5628-c438""","Wed, 18 Mar 2026 07:37:12 GMT",2026-10-03T20:17:59.117818+00:00,
asset,4fcc5a75190f0005,https://mooreburkina.com/sites/www.mooreburkina.com/files/styles/gallery/public/gallery-images/tisser02.jpg.webp?itok=1MZrsEpQ,https://mooreburkina.com/fr/images/tissus,Tissus | Mooré Burkina Faso,moore,,image_culture,image,.webp,downloaded,assets/moore/general/image_culture/image/tisser02.jpg__4fcc5a75190f0005.webp,33592,b529391e23b95c091b22a2699e6452666afd987536f9f543b6cef82bfca6b887,image/webp,200,"""69ba5629-8338""","Wed, 18 Mar 2026 07:37:13 GMT",2026-10-03T20:17:59.517372+00:00,
asset,4102c40912badd68,https://mooreburkina.com/sites/www.mooreburkina.com/files/styles/gallery/public/gallery-images/tissu01.jpg.webp?itok=TOYyiGXW,https://mooreburkina.com/fr/images/tissus,Tissus | Mooré Burkina Faso,moore,,image_culture,image,.webp,downloaded,assets/moore/general/image_culture/image/tissu01.jpg__4102c40912badd68.webp,30474,4159c28532096cda53699648378a8e4a3945ee553eda3c5fb2fa6d52c5ef3569,image/webp,200,"""69ba55fc-770a""","Wed, 18 Mar 2026 07:36:28 GMT",2026-10-03T20:17:59.904584+00:00,
asset,879dbf1533dd2a97,https://mooreburkina.com/sites/www.mooreburkina.com/files/styles/gallery/public/gallery-images/tissu02.jpg.webp?itok=bJh8pCOu,https://mooreburkina.com/fr/images/tissus,Tissus | Mooré Burkina Faso,moore,,image_culture,image,.webp,downloaded,assets/moore/general/image_culture/image/tissu02.jpg__879dbf1533dd2a97.webp,9148,08b76d3c5327d11cce720ab6f58ce37839ef4deadc7687f9fe15ad6d0ee1ddbb,image/webp,200,"""69ba559b-23bc""","Wed, 18 Mar 2026 07:34:51 GMT",2026-10-03T20:18:00.291234+00:00,
asset,5804fecb16cb50e3,https://mooreburkina.com/sites/www.mooreburkina.com/files/styles/gallery/public/gallery-images/tissu04.jpeg.webp?itok=AgVMjI17,https://mooreburkina.com/fr/images/tissus,Tissus | Mooré Burkina Faso,moore,,image_culture,image,.webp,downloaded,assets/moore/general/image_culture/image/tissu04.jpeg__5804fecb16cb50e3.webp,25550,f222805654702bfda3db11917cf2b8396b7274b113339c90cc367838fc373a2e,image/webp,200,"""69ba55e8-63ce""","Wed, 18 Mar 2026 07:36:08 GMT",2026-10-03T20:18:00.770174+00:00,
asset,7e5989759ee70dfc,https://mooreburkina.com/sites/www.mooreburkina.com/files/styles/gallery/public/gallery-images/tissu05.jpg.webp?itok=iLhLHy92,https://mooreburkina.com/fr/images/tissus,Tissus | Mooré Burkina Faso,moore,,image_culture,image,.webp,downloaded,assets/moore/general/image_culture/image/tissu05.jpg__7e5989759ee70dfc.webp,20698,99cafbc7aa2f986d3b22ebf9c572e008a4ef29a1d25e51164c9eefca4642e663,image/webp,200,"""69ba5598-50da""","Wed, 18 Mar 2026 07:34:48 GMT",2026-10-03T20:18:01.169256+00:00,
asset,6115cd4fee443642,https://mooreburkina.com/sites/www.mooreburkina.com/files/styles/gallery/public/gallery-images/tissu06.jpg.webp?itok=W8N_SAzi,https://mooreburkina.com/fr/images/tissus,Tissus | Mooré Burkina Faso,moore,,image_culture,image,.webp,downloaded,assets/moore/general/image_culture/image/tissu06.jpg__6115cd4fee443642.webp,26768,26402432535c06d9ce496898456aa3053be01161e4eff8cc851a940399fb7792,image/webp,200,"""69ba55e7-6890""","Wed, 18 Mar 2026 07:36:07 GMT",2026-10-03T20:18:01.662095+00:00,
asset,72d6df2236e184e9,https://mooreburkina.com/sites/www.mooreburkina.com/files/styles/gallery/public/gallery-images/tissu07.jpg.webp?itok=ni4pfbWm,https://mooreburkina.com/fr/images/tissus,Tissus | Mooré Burkina Faso,moore,,image_culture,image,.webp,downloaded,assets/moore/general/image_culture/image/tissu07.jpg__72d6df2236e184e9.webp,54072,b56ae35ce3a47ec3713acafe522a3c8a12ec2a9586267fc123f10e5796d8b815,image/webp,200,"""69ba5591-d338""","Wed, 18 Mar 2026 07:34:41 GMT",2026-10-03T20:18:02.142747+00:00,
asset,e7e14e1b2556cbe8,https://mooreburkina.com/sites/www.mooreburkina.com/files/styles/gallery/public/gallery-images/tissu08.jpg.webp?itok=z14Z-Mn8,https://mooreburkina.com/fr/images/tissus,Tissus | Mooré Burkina Faso,moore,,image_culture,image,.webp,downloaded,assets/moore/general/image_culture/image/tissu08.jpg__e7e14e1b2556cbe8.webp,24886,e1432c19cec0f7f0ee413ea0b05831825822e1154e1602f48b145450af7d567e,image/webp,200,"""69ba562c-6136""","Wed, 18 Mar 2026 07:37:16 GMT",2026-10-03T20:18:02.547985+00:00,
asset,307de1f0edb4d991,https://mooreburkina.com/sites/www.mooreburkina.com/files/styles/gallery/public/gallery-images/tissu09.jpg.webp?itok=0yes6MCI,https://mooreburkina.com/fr/images/tissus,Tissus | Mooré Burkina Faso,moore,,image_culture,image,.webp,downloaded,assets/moore/general/image_culture/image/tissu09.jpg__307de1f0edb4d991.webp,27678,d1791540ef86922017f92e40a5d46fd8258a99cde35a24e572e80271ab86657b,image/webp,200,"""69ba55d9-6c1e""","Wed, 18 Mar 2026 07:35:53 GMT",2026-10-03T20:18:03.026688+00:00,
asset,4e6f5cfdd283ad08,https://mooreburkina.com/sites/www.mooreburkina.com/files/styles/gallery/public/gallery-images/tissu10.jpg.webp?itok=ZoPTgFGq,https://mooreburkina.com/fr/images/tissus,Tissus | Mooré Burkina Faso,moore,,image_culture,image,.webp,downloaded,assets/moore/general/image_culture/image/tissu10.jpg__4e6f5cfdd283ad08.webp,16494,74dd1dbdb87fc43f232736fb958272dbab0940832a5907e19aef260f568bc07e,image/webp,200,"""69ba5627-406e""","Wed, 18 Mar 2026 07:37:11 GMT",2026-10-03T20:18:03.411007+00:00,
asset,b073c6c339e0f613,https://mooreburkina.com/sites/www.mooreburkina.com/files/styles/gallery/public/gallery-images/tissu11.jpg.webp?itok=QlnTXZBR,https://mooreburkina.com/fr/images/tissus,Tissus | Mooré Burkina Faso,moore,,image_culture,image,.webp,downloaded,assets/moore/general/image_culture/image/tissu11.jpg__b073c6c339e0f613.webp,27554,6866a89a910a1f6911b9e3e8841d285254afed7845ff3c1d64d9a02878a93344,image/webp,200,"""69ba559c-6ba2""","Wed, 18 Mar 2026 07:34:52 GMT",2026-10-03T20:18:03.888135+00:00,
asset,c85dc8be89722996,https://mooreburkina.com/sites/www.mooreburkina.com/files/styles/gallery/public/gallery-images/tissu12.jpg.webp?itok=Ns0N2Kou,https://mooreburkina.com/fr/images/tissus,Tissus | Mooré Burkina Faso,moore,,image_culture,image,.webp,downloaded,assets/moore/general/image_culture/image/tissu12.jpg__c85dc8be89722996.webp,36334,9e614a157d21e3991993ba8bfddbaabba5d20c630494a9089b8779b6e7966a38,image/webp,200,"""69ba5616-8dee""","Wed, 18 Mar 2026 07:36:54 GMT",2026-10-03T20:18:04.374315+00:00,
asset,2aa101adc3dbecb3,https://mooreburkina.com/sites/www.mooreburkina.com/files/styles/gallery/public/gallery-images/tissu13.jpg.webp?itok=tAlcmMS_,https://mooreburkina.com/fr/images/tissus,Tissus | Mooré Burkina Faso,moore,,image_culture,image,.webp,downloaded,assets/moore/general/image_culture/image/tissu13.jpg__2aa101adc3dbecb3.webp,32432,9ec20639ea1ce1a381f3e213384b786aafd7cf1e7004785ae5a01873208fab2a,image/webp,200,"""69ba55eb-7eb0""","Wed, 18 Mar 2026 07:36:11 GMT",2026-10-03T20:18:04.854504+00:00,
asset,c8d2fe26a6c6a95b,https://mooreburkina.com/sites/www.mooreburkina.com/files/styles/gallery/public/gallery-images/tissu14.jpg.webp?itok=226lC4qn,https://mooreburkina.com/fr/images/tissus,Tissus | Mooré Burkina Faso,moore,,image_culture,image,.webp,downloaded,assets/moore/general/image_culture/image/tissu14.jpg__c8d2fe26a6c6a95b.webp,34436,3a5bf3a5eb0913fac42449f620738d14b12c4766f664cb40906ec5ae75e7d8ca,image/webp,200,"""69ba5594-8684""","Wed, 18 Mar 2026 07:34:44 GMT",2026-10-03T20:18:05.330333+00:00,
asset,7c31351a7e1d055d,https://mooreburkina.com/sites/www.mooreburkina.com/files/styles/gallery/public/gallery-images/tissu15.jpg.webp?itok=VKxaHj8g,https://mooreburkina.com/fr/images/tissus,Tissus | Mooré Burkina Faso,moore,,image_culture,image,.webp,downloaded,assets/moore/general/image_culture/image/tissu15.jpg__7c31351a7e1d055d.webp,24884,cf436d3292ffc64108d066da0b54bb1b9c7a02fc2e117a4a8acddee035fcaa6f,image/webp,200,"""69ba55e3-6134""","Wed, 18 Mar 2026 07:36:03 GMT",2026-10-03T20:18:05.712958+00:00,
asset,3e587e9b92d41ff4,https://mooreburkina.com/sites/www.mooreburkina.com/files/styles/gallery/public/gallery-images/tortue.jpg.webp?itok=KEhvOnw8,https://mooreburkina.com/fr/images/animaux,Animaux | Mooré Burkina Faso,moore,,image_culture,image,.webp,downloaded,assets/moore/general/image_culture/image/tortue.jpg__3e587e9b92d41ff4.webp,29800,8663f75f8e3bfa43a2b5d70542855ff31855be2df6b3740636fe7aff065aee5e,image/webp,200,"""69b9f4d4-7468""","Wed, 18 Mar 2026 00:41:56 GMT",2026-10-03T20:18:06.191222+00:00,
asset,84d783ef8db98331,https://mooreburkina.com/sites/www.mooreburkina.com/files/styles/gallery/public/gallery-images/vetement01.jpg.webp?itok=kC4G6URp,https://mooreburkina.com/fr/images/tissus,Tissus | Mooré Burkina Faso,moore,,image_culture,image,.webp,downloaded,assets/moore/general/image_culture/image/vetement01.jpg__84d783ef8db98331.webp,51330,b7c996c2bfa27598c5dc0d1f0ce9e55fe8100cf85573f00eaf545a6538de24f2,image/webp,200,"""69ba55db-c882""","Wed, 18 Mar 2026 07:35:55 GMT",2026-10-03T20:18:06.669278+00:00,
asset,61b06235d90ac0c3,https://mooreburkina.com/sites/www.mooreburkina.com/files/styles/gallery/public/gallery-images/vetement02.jpg.webp?itok=y59n4mKY,https://mooreburkina.com/fr/images/tissus,Tissus | Mooré Burkina Faso,moore,,image_culture,image,.webp,downloaded,assets/moore/general/image_culture/image/vetement02.jpg__61b06235d90ac0c3.webp,68638,79b50d3298daaf5a8b9beb2e7b856d603c1f276990a14b353e0ff2833945aaba,image/webp,200,"""69ba562a-10c1e""","Wed, 18 Mar 2026 07:37:14 GMT",2026-10-03T20:18:07.161157+00:00,
asset,e6422f2dcf8c9ae0,https://mooreburkina.com/sites/www.mooreburkina.com/files/styles/gallery/public/gallery-images/vetement03.jpg.webp?itok=PxlgH5FF,https://mooreburkina.com/fr/images/tissus,Tissus | Mooré Burkina Faso,moore,,image_culture,image,.webp,downloaded,assets/moore/general/image_culture/image/vetement03.jpg__e6422f2dcf8c9ae0.webp,26566,27ec897f70846315cc8d667a3c6d3caded1fc6ef21c9abf7719e150144feb5fe,image/webp,200,"""69ba5625-67c6""","Wed, 18 Mar 2026 07:37:09 GMT",2026-10-03T20:18:07.542200+00:00,
asset,7c0a3660c8b63996,https://mooreburkina.com/sites/www.mooreburkina.com/files/styles/gallery/public/gallery-images/vetement04.jpg.webp?itok=CmS27_M7,https://mooreburkina.com/fr/images/tissus,Tissus | Mooré Burkina Faso,moore,,image_culture,image,.webp,downloaded,assets/moore/general/image_culture/image/vetement04.jpg__7c0a3660c8b63996.webp,30888,867251224c0d89b50bf232bc10b1adc4360f12885f9111cb382ddca05538d97c,image/webp,200,"""69ba55de-78a8""","Wed, 18 Mar 2026 07:35:58 GMT",2026-10-03T20:18:08.018203+00:00,
asset,d59bf83771be7ca3,https://mooreburkina.com/sites/www.mooreburkina.com/files/styles/gallery/public/gallery-images/vetement05.jpg.webp?itok=4m1ZwwRk,https://mooreburkina.com/fr/images/tissus,Tissus | Mooré Burkina Faso,moore,,image_culture,image,.webp,downloaded,assets/moore/general/image_culture/image/vetement05.jpg__d59bf83771be7ca3.webp,33498,6208698051bbaaafb6b00929df4a3147efa113aafcf698f7b64fbd68926c288d,image/webp,200,"""69ba5596-82da""","Wed, 18 Mar 2026 07:34:46 GMT",2026-10-03T20:18:08.497658+00:00,
asset,fa6ae655e1f8302c,https://mooreburkina.com/sites/www.mooreburkina.com/files/styles/max_2600x2600/public/gallery-images/Boeuf.jpg.webp?itok=bTR9FNW8,https://mooreburkina.com/fr/images/animaux,Animaux | Mooré Burkina Faso,moore,,image_culture,image,.webp,downloaded,assets/moore/general/image_culture/image/boeuf.jpg__fa6ae655e1f8302c.webp,7836,d0452ea72b73e5d05ee51b9bd8cd356fb8ef70d829900028faa80617f392811f,image/webp,200,"""69b9f559-1e9c""","Wed, 18 Mar 2026 00:44:09 GMT",2026-10-03T20:18:08.886429+00:00,
asset,e2193321d3ec8254,https://mooreburkina.com/sites/www.mooreburkina.com/files/styles/max_2600x2600/public/gallery-images/Hippo.JPG.webp?itok=QW03swtk,https://mooreburkina.com/fr/images/animaux,Animaux | Mooré Burkina Faso,moore,,image_culture,image,.webp,downloaded,assets/moore/general/image_culture/image/hippo.jpg__e2193321d3ec8254.webp,115686,98c4e3280db5fc99641624473ac1c1e6e312ba8cd68d32966466bbfd4a77ef34,image/webp,200,"""69b9f569-1c3e6""","Wed, 18 Mar 2026 00:44:25 GMT",2026-10-03T20:18:09.556854+00:00,
asset,e72872d83bebe357,https://mooreburkina.com/sites/www.mooreburkina.com/files/styles/max_2600x2600/public/gallery-images/Hippotrague.jpg.webp?itok=FjoelFmN,https://mooreburkina.com/fr/images/animaux,Animaux | Mooré Burkina Faso,moore,,image_culture,image,.webp,downloaded,assets/moore/general/image_culture/image/hippotrague.jpg__e72872d83bebe357.webp,48144,b0f1fa495c00aa1a920034e04af0cc9ac093cc8b906ec54bfc7f432d1aea1578,image/webp,200,"""69b9f48f-bc10""","Wed, 18 Mar 2026 00:40:47 GMT",2026-10-03T20:18:09.939798+00:00,
asset,638aebb56483a45d,https://mooreburkina.com/sites/www.mooreburkina.com/files/styles/max_2600x2600/public/gallery-images/Oryct%C3%A9rope.jpg.webp?itok=IWP7Tdkp,https://mooreburkina.com/fr/images/animaux,Animaux | Mooré Burkina Faso,moore,,image_culture,image,.webp,downloaded,assets/moore/general/image_culture/image/orycterope.jpg__638aebb56483a45d.webp,95714,f98fdf1ddba7a4818cfbe160f5bd57d9471777f6f24225b7fc9b48be529d07ec,image/webp,200,"""69b9f4fa-175e2""","Wed, 18 Mar 2026 00:42:34 GMT",2026-10-03T20:18:10.417961+00:00,
asset,89cb4687c0cca52c,https://mooreburkina.com/sites/www.mooreburkina.com/files/styles/max_2600x2600/public/gallery-images/Phyton.jpg.webp?itok=xzNyLSiE,https://mooreburkina.com/fr/images/animaux,Animaux | Mooré Burkina Faso,moore,,image_culture,image,.webp,downloaded,assets/moore/general/image_culture/image/phyton.jpg__89cb4687c0cca52c.webp,171920,69180c1c797d77ed7a742f8f8a32d923ddcf239fa21371f62303f8e002af9a44,image/webp,200,"""69b9f44f-29f90""","Wed, 18 Mar 2026 00:39:43 GMT",2026-10-03T20:18:10.896643+00:00,
asset,05a261cae890e7bd,https://mooreburkina.com/sites/www.mooreburkina.com/files/styles/max_2600x2600/public/gallery-images/Rat.jpg.webp?itok=rOHDnhrl,https://mooreburkina.com/fr/images/animaux,Animaux | Mooré Burkina Faso,moore,,image_culture,image,.webp,downloaded,assets/moore/general/image_culture/image/rat.jpg__05a261cae890e7bd.webp,5530,47f92430ed1e85220c207cd56422a1c06ecee49d683dd3794503a6ccfb35525b,image/webp,200,"""69b9f4fe-159a""","Wed, 18 Mar 2026 00:42:38 GMT",2026-10-03T20:18:11.281403+00:00,
asset,c3240bd4fa840174,https://mooreburkina.com/sites/www.mooreburkina.com/files/styles/max_2600x2600/public/gallery-images/aigle%20bateleur.jpg.webp?itok=piPL9Y6q,https://mooreburkina.com/fr/images/animaux,Animaux | Mooré Burkina Faso,moore,,image_culture,image,.webp,downloaded,assets/moore/general/image_culture/image/aigle_bateleur.jpg__c3240bd4fa840174.webp,12036,01299d11ce6301841a112b64a96d4b381d616d835914e3b6acaa17e331f23c72,image/webp,200,"""69b9f49a-2f04""","Wed, 18 Mar 2026 00:40:58 GMT",2026-10-03T20:18:11.674227+00:00,
asset,217b4dc00644f92b,https://mooreburkina.com/sites/www.mooreburkina.com/files/styles/max_2600x2600/public/gallery-images/ane.jpg.webp?itok=fkOV2UtK,https://mooreburkina.com/fr/images/animaux,Animaux | Mooré Burkina Faso,moore,,image_culture,image,.webp,downloaded,assets/moore/general/image_culture/image/ane.jpg__217b4dc00644f92b.webp,8434,11af525b59f84c7bfc976458fb9439df91cde30248c27f90c43d11a0948dcee9,image/webp,200,"""69b9f3f6-20f2""","Wed, 18 Mar 2026 00:38:14 GMT",2026-10-03T20:18:12.058124+00:00,
asset,e642b7acb58699c3,https://mooreburkina.com/sites/www.mooreburkina.com/files/styles/max_2600x2600/public/gallery-images/babouin.jpg.webp?itok=DBI8kbd8,https://mooreburkina.com/fr/images/animaux,Animaux | Mooré Burkina Faso,moore,,image_culture,image,.webp,downloaded,assets/moore/general/image_culture/image/babouin.jpg__e642b7acb58699c3.webp,7454,3ba94553a7454ad88a024ccaa5c71b0c6a03780c2b2052844bd77b045e4ef9d9,image/webp,200,"""69b9f4a5-1d1e""","Wed, 18 Mar 2026 00:41:09 GMT",2026-10-03T20:18:12.439558+00:00,
asset,f64e28238a459296,https://mooreburkina.com/sites/www.mooreburkina.com/files/styles/max_2600x2600/public/gallery-images/cheval%202.jpg.webp?itok=7XqI9wp3,https://mooreburkina.com/fr/images/animaux,Animaux | Mooré Burkina Faso,moore,,image_culture,image,.webp,downloaded,assets/moore/general/image_culture/image/cheval_2.jpg__f64e28238a459296.webp,16780,ffad416e0f079dc0fa8ebec909386c2d779a71939933b93886a030f673a62d0f,image/webp,200,"""69b9f44e-418c""","Wed, 18 Mar 2026 00:39:42 GMT",2026-10-03T20:18:12.917018+00:00,
asset,eabb80452e379f79,https://mooreburkina.com/sites/www.mooreburkina.com/files/styles/max_2600x2600/public/gallery-images/chien.jpg.webp?itok=HHmelJxm,https://mooreburkina.com/fr/images/animaux,Animaux | Mooré Burkina Faso,moore,,image_culture,image,.webp,downloaded,assets/moore/general/image_culture/image/chien.jpg__eabb80452e379f79.webp,16532,d5787986ccb11da11c507e1a6ba2383d47b336cc0629859b51c5a8c534e94fe5,image/webp,200,"""69b9f528-4094""","Wed, 18 Mar 2026 00:43:20 GMT",2026-10-03T20:18:13.394016+00:00,
asset,e0a58ee46cd93762,https://mooreburkina.com/sites/www.mooreburkina.com/files/styles/max_2600x2600/public/gallery-images/cobe%20de%20buffon.jpg.webp?itok=kWBOo-U6,https://mooreburkina.com/fr/images/animaux,Animaux | Mooré Burkina Faso,moore,,image_culture,image,.webp,downloaded,assets/moore/general/image_culture/image/cobe_de_buffon.jpg__e0a58ee46cd93762.webp,12622,3badf9f7b5670cf1b74f76c6404764eabe880e176f0d17a569ff9fdc872ab853,image/webp,200,"""69b9f55a-314e""","Wed, 18 Mar 2026 00:44:10 GMT",2026-10-03T20:18:13.775201+00:00,
asset,a55a9cdf3269cc1e,https://mooreburkina.com/sites/www.mooreburkina.com/files/styles/max_2600x2600/public/gallery-images/crocodile.jpg.webp?itok=gltJeKLk,https://mooreburkina.com/fr/images/animaux,Animaux | Mooré Burkina Faso,moore,,image_culture,image,.webp,downloaded,assets/moore/general/image_culture/image/crocodile.jpg__a55a9cdf3269cc1e.webp,59114,8e40196a2e046ae6937bf26dc2387beaa3ca42837c77ff00341d0600375658e1,image/webp,200,"""69b9f44c-e6ea""","Wed, 18 Mar 2026 00:39:40 GMT",2026-10-03T20:18:14.346980+00:00,
asset,332962cd4c734af3,https://mooreburkina.com/sites/www.mooreburkina.com/files/styles/max_2600x2600/public/gallery-images/ecureuil.jpg.webp?itok=5CNAC4HJ,https://mooreburkina.com/fr/images/animaux,Animaux | Mooré Burkina Faso,moore,,image_culture,image,.webp,downloaded,assets/moore/general/image_culture/image/ecureuil.jpg__332962cd4c734af3.webp,33182,d5b51a5e0c81ad50fd64a5aa825ff29a760d2405af244a073585f8b511a5fca7,image/webp,200,"""69b9f499-819e""","Wed, 18 Mar 2026 00:40:57 GMT",2026-10-03T20:18:14.744630+00:00,
asset,f6279145b150f0f3,https://mooreburkina.com/sites/www.mooreburkina.com/files/styles/max_2600x2600/public/gallery-images/elephant.jpg.webp?itok=EiIFC2Id,https://mooreburkina.com/fr/images/animaux,Animaux | Mooré Burkina Faso,moore,,image_culture,image,.webp,downloaded,assets/moore/general/image_culture/image/elephant.jpg__f6279145b150f0f3.webp,21736,16790bb3562b0dbccfc2ccab0fe2786d84859eb2b334b9f8d0e27e061b20b415,image/webp,200,"""69b9f429-54e8""","Wed, 18 Mar 2026 00:39:05 GMT",2026-10-03T20:18:15.125022+00:00,
asset,8a65903014a6243d,https://mooreburkina.com/sites/www.mooreburkina.com/files/styles/max_2600x2600/public/gallery-images/heron%20cendre%20grey%20heron.jpg.webp?itok=FLteT5QX,https://mooreburkina.com/fr/images/animaux,Animaux | Mooré Burkina Faso,moore,,image_culture,image,.webp,downloaded,assets/moore/general/image_culture/image/heron_cendre_grey_heron.jpg__8a65903014a6243d.webp,8766,1f4ee0b371d269d1432fd18a53ba4bd25a6d33f9aec68456294d8baef615d0a7,image/webp,200,"""69b9f4fe-223e""","Wed, 18 Mar 2026 00:42:38 GMT",2026-10-03T20:18:15.512523+00:00,
asset,fdd8ae82e58dc9ff,https://mooreburkina.com/sites/www.mooreburkina.com/files/styles/max_2600x2600/public/gallery-images/hyene.jpg.webp?itok=ou0DdlL5,https://mooreburkina.com/fr/images/animaux,Animaux | Mooré Burkina Faso,moore,,image_culture,image,.webp,downloaded,assets/moore/general/image_culture/image/hyene.jpg__fdd8ae82e58dc9ff.webp,41756,39ebdaead53ccf685c6b6cf729865a007e94ea68b25cf7e495319c5d483cede7,image/webp,200,"""69b9f528-a31c""","Wed, 18 Mar 2026 00:43:20 GMT",2026-10-03T20:18:15.988585+00:00,
asset,45a70ce13ae149ce,https://mooreburkina.com/sites/www.mooreburkina.com/files/styles/max_2600x2600/public/gallery-images/lievre1.jpg.webp?itok=W5O0l5iY,https://mooreburkina.com/fr/images/animaux,Animaux | Mooré Burkina Faso,moore,,image_culture,image,.webp,downloaded,assets/moore/general/image_culture/image/lievre1.jpg__45a70ce13ae149ce.webp,23046,9f90453937869b17234a7b4c40f399bab09882e31f4101ac622ed937c7b8e122,image/webp,200,"""69b9f504-5a06""","Wed, 18 Mar 2026 00:42:44 GMT",2026-10-03T20:18:16.370681+00:00,
asset,a900b1cf4d009b68,https://mooreburkina.com/sites/www.mooreburkina.com/files/styles/max_2600x2600/public/gallery-images/lion.jpg.webp?itok=s__m0xY9,https://mooreburkina.com/fr/images/animaux,Animaux | Mooré Burkina Faso,moore,,image_culture,image,.webp,downloaded,assets/moore/general/image_culture/image/lion.jpg__a900b1cf4d009b68.webp,8770,445628b541c962b47cfec96fb012f908b974e36bcf1a64bb8e81d524c4f4ff99,image/webp,200,"""69b9f4a4-2242""","Wed, 18 Mar 2026 00:41:08 GMT",2026-10-03T20:18:16.752654+00:00,
asset,afdfd1667b4c2a80,https://mooreburkina.com/sites/www.mooreburkina.com/files/styles/max_2600x2600/public/gallery-images/oisvarn%20du%20nil.JPG.webp?itok=IQ544dLz,https://mooreburkina.com/fr/images/animaux,Animaux | Mooré Burkina Faso,moore,,image_culture,image,.webp,downloaded,assets/moore/general/image_culture/image/oisvarn_du_nil.jpg__afdfd1667b4c2a80.webp,129064,9e8710703f8d4b8737dea5b4c7424ac19a381f91dddc0bfc979023963a4c2ac0,image/webp,200,"""69b9f4d4-1f828""","Wed, 18 Mar 2026 00:41:56 GMT",2026-10-03T20:18:17.426766+00:00,
asset,d3b67f7e40a1b9f3,https://mooreburkina.com/sites/www.mooreburkina.com/files/styles/max_2600x2600/public/gallery-images/ouaga01.jpg.webp?itok=997Vd2p5,https://mooreburkina.com/fr/images/impression-de-ouagadougou,Impression de Ouagadougou | Mooré Burkina Faso,moore,,image_culture,image,.webp,downloaded,assets/moore/general/image_culture/image/ouaga01.jpg__d3b67f7e40a1b9f3.webp,24596,065fe73e4e0efe5baca3b359d5b60cbd0515feb4630cb07c3ba8d613ee03460a,image/webp,200,"""69ba4d9a-6014""","Wed, 18 Mar 2026 07:00:42 GMT",2026-10-03T20:18:17.807852+00:00,
asset,b8bc96a0dab7636d,https://mooreburkina.com/sites/www.mooreburkina.com/files/styles/max_2600x2600/public/gallery-images/ouaga02.jpg.webp?itok=5vVHIyST,https://mooreburkina.com/fr/images/impression-de-ouagadougou,Impression de Ouagadougou | Mooré Burkina Faso,moore,,image_culture,image,.webp,downloaded,assets/moore/general/image_culture/image/ouaga02.jpg__b8bc96a0dab7636d.webp,10542,9ea6e8608a8b2254e3e4e5f7b7b3989c82aea39ddc5c3d8026040329c386c16d,image/webp,200,"""69ba4d9b-292e""","Wed, 18 Mar 2026 07:00:43 GMT",2026-10-03T20:18:18.244290+00:00,
asset,48dae4b4312196c2,https://mooreburkina.com/sites/www.mooreburkina.com/files/styles/max_2600x2600/public/gallery-images/ouaga03.JPG.webp?itok=y1daLIRR,https://mooreburkina.com/fr/images/impression-de-ouagadougou,Impression de Ouagadougou | Mooré Burkina Faso,moore,,image_culture,image,.webp,downloaded,assets/moore/general/image_culture/image/ouaga03.jpg__48dae4b4312196c2.webp,44740,de4403fec9f2c1611f60abaa3d6f467e5cbec0ec1fd73b5c58b899acbf1d52db,image/webp,200,"""69ba4d9d-aec4""","Wed, 18 Mar 2026 07:00:45 GMT",2026-10-03T20:18:18.721348+00:00,
asset,d741f204416582ab,https://mooreburkina.com/sites/www.mooreburkina.com/files/styles/max_2600x2600/public/gallery-images/ouaga04.JPG.webp?itok=yEQQIuo2,https://mooreburkina.com/fr/images/impression-de-ouagadougou,Impression de Ouagadougou | Mooré Burkina Faso,moore,,image_culture,image,.webp,downloaded,assets/moore/general/image_culture/image/ouaga04.jpg__d741f204416582ab.webp,468164,271dcea9e298b8b9982c9e81b079fcdcb1977983b7487b3e4d68037dba6c7f3a,image/webp,200,"""69ba4da2-724c4""","Wed, 18 Mar 2026 07:00:50 GMT",2026-10-03T20:18:19.484908+00:00,
asset,06a4ea4b79f94a54,https://mooreburkina.com/sites/www.mooreburkina.com/files/styles/max_2600x2600/public/gallery-images/ouaga05.jpg.webp?itok=2SuS8R7j,https://mooreburkina.com/fr/images/impression-de-ouagadougou,Impression de Ouagadougou | Mooré Burkina Faso,moore,,image_culture,image,.webp,downloaded,assets/moore/general/image_culture/image/ouaga05.jpg__06a4ea4b79f94a54.webp,24150,2238fd7db7911b6aecd0e9cf73d3fa97fc6b16b97ccab00cf8ae8d7961d00a91,image/webp,200,"""69ba4da4-5e56""","Wed, 18 Mar 2026 07:00:52 GMT",2026-10-03T20:18:19.869932+00:00,
asset,e934dce54b8bb562,https://mooreburkina.com/sites/www.mooreburkina.com/files/styles/max_2600x2600/public/gallery-images/ouaga07.jpg.webp?itok=nWZCDTq1,https://mooreburkina.com/fr/images/impression-de-ouagadougou,Impression de Ouagadougou | Mooré Burkina Faso,moore,,image_culture,image,.webp,downloaded,assets/moore/general/image_culture/image/ouaga07.jpg__e934dce54b8bb562.webp,34342,9b86aa04b648bbfb72de7584f8a0bb8b3d9453200acd12e9c8c83796b0b1be93,image/webp,200,"""69ba4da5-8626""","Wed, 18 Mar 2026 07:00:53 GMT",2026-10-03T20:18:20.252688+00:00,
asset,9bc15ad2dbd11d34,https://mooreburkina.com/sites/www.mooreburkina.com/files/styles/max_2600x2600/public/gallery-images/ouaga08.JPG.webp?itok=nucdQbAH,https://mooreburkina.com/fr/images/impression-de-ouagadougou,Impression de Ouagadougou | Mooré Burkina Faso,moore,,image_culture,image,.webp,downloaded,assets/moore/general/image_culture/image/ouaga08.jpg__9bc15ad2dbd11d34.webp,162274,2e7a70ae7de90ea66c2312b0b53e4ae4b6d0d15d1afeb656ebd9a8f4e21ce85f,image/webp,200,"""69ba4da8-279e2""","Wed, 18 Mar 2026 07:00:56 GMT",2026-10-03T20:18:20.730740+00:00,
asset,3261c70210d08cd7,https://mooreburkina.com/sites/www.mooreburkina.com/files/styles/max_2600x2600/public/gallery-images/ouaga09.jpg.webp?itok=P_ucoxV_,https://mooreburkina.com/fr/images/impression-de-ouagadougou,Impression de Ouagadougou | Mooré Burkina Faso,moore,,image_culture,image,.webp,downloaded,assets/moore/general/image_culture/image/ouaga09.jpg__3261c70210d08cd7.webp,29520,d3992d4809949ae3fae2edebe17dd6b4604556bafc49c568d36c0487b0d73ba1,image/webp,200,"""69ba4daa-7350""","Wed, 18 Mar 2026 07:00:58 GMT",2026-10-03T20:18:21.113719+00:00,
asset,b3b5ee5ecf99c44d,https://mooreburkina.com/sites/www.mooreburkina.com/files/styles/max_2600x2600/public/gallery-images/ouaga10.jpg.webp?itok=KVAHSZqW,https://mooreburkina.com/fr/images/impression-de-ouagadougou,Impression de Ouagadougou | Mooré Burkina Faso,moore,,image_culture,image,.webp,downloaded,assets/moore/general/image_culture/image/ouaga10.jpg__b3b5ee5ecf99c44d.webp,35040,861ac67c57ef9fb9c8f8f30c1daee7381660f937c8f9a8035d645cb786fbd271,image/webp,200,"""69ba4db2-88e0""","Wed, 18 Mar 2026 07:01:06 GMT",2026-10-03T20:18:21.502830+00:00,
asset,65ecddb60c6addff,https://mooreburkina.com/sites/www.mooreburkina.com/files/styles/max_2600x2600/public/gallery-images/ouaga13.jpg.webp?itok=8rLjNJRW,https://mooreburkina.com/fr/images/impression-de-ouagadougou,Impression de Ouagadougou | Mooré Burkina Faso,moore,,image_culture,image,.webp,downloaded,assets/moore/general/image_culture/image/ouaga13.jpg__65ecddb60c6addff.webp,23590,ab3b91ed6885ea11ed9b5b9f8de4ecb0484dde719f73c914de8930c5df47ab84,image/webp,200,"""69ba4db4-5c26""","Wed, 18 Mar 2026 07:01:08 GMT",2026-10-03T20:18:21.884168+00:00,
asset,50e3dcd244e7e9c3,https://mooreburkina.com/sites/www.mooreburkina.com/files/styles/max_2600x2600/public/gallery-images/ouaga15.jpg.webp?itok=PDhFMn_V,https://mooreburkina.com/fr/images/impression-de-ouagadougou,Impression de Ouagadougou | Mooré Burkina Faso,moore,,image_culture,image,.webp,downloaded,assets/moore/general/image_culture/image/ouaga15.jpg__50e3dcd244e7e9c3.webp,66354,f50714dca37a25e6624693102bebe1a7d9f6b6f45ecdcf3cb3a6a2bf7f54719a,image/webp,200,"""69ba4db6-10332""","Wed, 18 Mar 2026 07:01:10 GMT",2026-10-03T20:18:22.364940+00:00,
asset,66a303ea9ef4f9bb,https://mooreburkina.com/sites/www.mooreburkina.com/files/styles/max_2600x2600/public/gallery-images/ouaga16.jpg.webp?itok=1ESOX40y,https://mooreburkina.com/fr/images/impression-de-ouagadougou,Impression de Ouagadougou | Mooré Burkina Faso,moore,,image_culture,image,.webp,downloaded,assets/moore/general/image_culture/image/ouaga16.jpg__66a303ea9ef4f9bb.webp,76344,caec5cc68a9dacac515bf4342551fc882324cc988239394b6ddb96bbf6841049,image/webp,200,"""69ba4db8-12a38""","Wed, 18 Mar 2026 07:01:12 GMT",2026-10-03T20:18:22.843710+00:00,
asset,2a8f43b793be22ca,https://mooreburkina.com/sites/www.mooreburkina.com/files/styles/max_2600x2600/public/gallery-images/ouaga17.jpg.webp?itok=zig3Votc,https://mooreburkina.com/fr/images/impression-de-ouagadougou,Impression de Ouagadougou | Mooré Burkina Faso,moore,,image_culture,image,.webp,downloaded,assets/moore/general/image_culture/image/ouaga17.jpg__2a8f43b793be22ca.webp,118674,2937016357ef560913f4b840a32107859a4148a3e7564ebfe0ba5f3f7e294822,image/webp,200,"""69ba4dba-1cf92""","Wed, 18 Mar 2026 07:01:14 GMT",2026-10-03T20:18:23.329011+00:00,
asset,3a253949b16a3085,https://mooreburkina.com/sites/www.mooreburkina.com/files/styles/max_2600x2600/public/gallery-images/ouaga18.jpg.webp?itok=Dp7XJGeX,https://mooreburkina.com/fr/images/impression-de-ouagadougou,Impression de Ouagadougou | Mooré Burkina Faso,moore,,image_culture,image,.webp,downloaded,assets/moore/general/image_culture/image/ouaga18.jpg__3a253949b16a3085.webp,25596,94e25b9d7c7e431032862bcf5b1cc6442f85159eb61ce2e3c6d5a5ecf301f1f2,image/webp,200,"""69ba4dbc-63fc""","Wed, 18 Mar 2026 07:01:16 GMT",2026-10-03T20:18:23.711022+00:00,
asset,7486a3edd0d24aca,https://mooreburkina.com/sites/www.mooreburkina.com/files/styles/max_2600x2600/public/gallery-images/ouaga19.jpg.webp?itok=fXZgLVQP,https://mooreburkina.com/fr/images/impression-de-ouagadougou,Impression de Ouagadougou | Mooré Burkina Faso,moore,,image_culture,image,.webp,downloaded,assets/moore/general/image_culture/image/ouaga19.jpg__7486a3edd0d24aca.webp,29036,6defff7783e429770a03245827d07a3270fb3fe5ee344e6941d479e6daf43a4e,image/webp,200,"""69ba4dbe-716c""","Wed, 18 Mar 2026 07:01:18 GMT",2026-10-03T20:18:24.111385+00:00,
asset,9fb985541dd01014,https://mooreburkina.com/sites/www.mooreburkina.com/files/styles/max_2600x2600/public/gallery-images/ouaga20.jpg.webp?itok=kVrS_TLL,https://mooreburkina.com/fr/images/impression-de-ouagadougou,Impression de Ouagadougou | Mooré Burkina Faso,moore,,image_culture,image,.webp,downloaded,assets/moore/general/image_culture/image/ouaga20.jpg__9fb985541dd01014.webp,33434,3ba3d309f853f848afa771d9aa88f78fde804c32f2a4647ae91ef62498fc524f,image/webp,200,"""69ba4dc0-829a""","Wed, 18 Mar 2026 07:01:20 GMT",2026-10-03T20:18:24.587189+00:00,
asset,43fe8654e6569a9b,https://mooreburkina.com/sites/www.mooreburkina.com/files/styles/max_2600x2600/public/gallery-images/ouaga21.jpg.webp?itok=yHfmXhUk,https://mooreburkina.com/fr/images/impression-de-ouagadougou,Impression de Ouagadougou | Mooré Burkina Faso,moore,,image_culture,image,.webp,downloaded,assets/moore/general/image_culture/image/ouaga21.jpg__43fe8654e6569a9b.webp,69194,ea9a8b5206f10f535d780b72f8fb299d457491496c4a6f7929a99a4431254bad,image/webp,200,"""69ba4dc2-10e4a""","Wed, 18 Mar 2026 07:01:22 GMT",2026-10-03T20:18:25.064919+00:00,
asset,f3ca419837f9afc3,https://mooreburkina.com/sites/www.mooreburkina.com/files/styles/max_2600x2600/public/gallery-images/ouaga22.png.webp?itok=Xht3h-i_,https://mooreburkina.com/fr/images/impression-de-ouagadougou,Impression de Ouagadougou | Mooré Burkina Faso,moore,,image_culture,image,.webp,downloaded,assets/moore/general/image_culture/image/ouaga22.png__f3ca419837f9afc3.webp,27004,7bc0af8c20b32b943b9e15d88c5c290ace0d5efb5d72d41a80f79b3bbb357b60,image/webp,200,"""69ba4dc4-697c""","Wed, 18 Mar 2026 07:01:24 GMT",2026-10-03T20:18:25.449438+00:00,
asset,fed96031ff5e9a51,https://mooreburkina.com/sites/www.mooreburkina.com/files/styles/max_2600x2600/public/gallery-images/ouaga23.jpg.webp?itok=7ZIw75rf,https://mooreburkina.com/fr/images/impression-de-ouagadougou,Impression de Ouagadougou | Mooré Burkina Faso,moore,,image_culture,image,.webp,downloaded,assets/moore/general/image_culture/image/ouaga23.jpg__fed96031ff5e9a51.webp,39188,9418b935ac3f9b44526f86e1cbe62cc7d6d863454bb413d7bf337867e4d031fc,image/webp,200,"""69ba4dc7-9914""","Wed, 18 Mar 2026 07:01:27 GMT",2026-10-03T20:18:25.927099+00:00,
asset,3dbef765cbefacc6,https://mooreburkina.com/sites/www.mooreburkina.com/files/styles/max_2600x2600/public/gallery-images/ouaga24.jpg.webp?itok=8gfZYW4k,https://mooreburkina.com/fr/images/impression-de-ouagadougou,Impression de Ouagadougou | Mooré Burkina Faso,moore,,image_culture,image,.webp,downloaded,assets/moore/general/image_culture/image/ouaga24.jpg__3dbef765cbefacc6.webp,75522,24cae951609b5356c244f0b7da9504e3a1a0da9e9f5cd907c58e12b30354a852,image/webp,200,"""69ba4dc9-12702""","Wed, 18 Mar 2026 07:01:29 GMT",2026-10-03T20:18:26.422285+00:00,
asset,5bf15e488460a28d,https://mooreburkina.com/sites/www.mooreburkina.com/files/styles/max_2600x2600/public/gallery-images/ouagao06.jpg.webp?itok=Nw2chls5,https://mooreburkina.com/fr/images/impression-de-ouagadougou,Impression de Ouagadougou | Mooré Burkina Faso,moore,,image_culture,image,.webp,downloaded,assets/moore/general/image_culture/image/ouagao06.jpg__5bf15e488460a28d.webp,196898,33b51f83d6c7f50b01d9807037b2e72662987b914f0c3309a5b12d25e29f8639,image/webp,200,"""69ba4dcb-30122""","Wed, 18 Mar 2026 07:01:31 GMT",2026-10-03T20:18:27.003198+00:00,
asset,49c863a742dc9361,https://mooreburkina.com/sites/www.mooreburkina.com/files/styles/max_2600x2600/public/gallery-images/papillon.jpg.webp?itok=5ZlBt2Fi,https://mooreburkina.com/fr/images/animaux,Animaux | Mooré Burkina Faso,moore,,image_culture,image,.webp,downloaded,assets/moore/general/image_culture/image/papillon.jpg__49c863a742dc9361.webp,13940,376caebf22165d517e1c13693e2f60099a0c0881838da7cfac0fa2294f1b0bdf,image/webp,200,"""69b9f48f-3674""","Wed, 18 Mar 2026 00:40:47 GMT",2026-10-03T20:18:27.389722+00:00,
asset,dedbcd6c8192d817,https://mooreburkina.com/sites/www.mooreburkina.com/files/styles/max_2600x2600/public/gallery-images/phacochere.jpg.webp?itok=Ol41OaGb,https://mooreburkina.com/fr/images/animaux,Animaux | Mooré Burkina Faso,moore,,image_culture,image,.webp,downloaded,assets/moore/general/image_culture/image/phacochere.jpg__dedbcd6c8192d817.webp,26544,fa0301aaed247a82c3d4d35e454e8611559d626e42e6f1d80afecaac0a99aa7b,image/webp,200,"""69b9f44e-67b0""","Wed, 18 Mar 2026 00:39:42 GMT",2026-10-03T20:18:27.772444+00:00,
asset,67fe128c9bfbe1c3,https://mooreburkina.com/sites/www.mooreburkina.com/files/styles/max_2600x2600/public/gallery-images/tisser01.jpg.webp?itok=bH8N1MTh,https://mooreburkina.com/fr/images/tissus,Tissus | Mooré Burkina Faso,moore,,image_culture,image,.webp,downloaded,assets/moore/general/image_culture/image/tisser01.jpg__67fe128c9bfbe1c3.webp,166182,a3be8cc49f6888c628591fc5e8cf78c024f51b9b2d83e44a22d91efd64b0c62b,image/webp,200,"""69ba4dd0-28926""","Wed, 18 Mar 2026 07:01:36 GMT",2026-10-03T20:18:28.347326+00:00,
asset,8cf82f7f2cb2d3fd,https://mooreburkina.com/sites/www.mooreburkina.com/files/styles/max_2600x2600/public/gallery-images/tisser02.jpg.webp?itok=u4M4Mb24,https://mooreburkina.com/fr/images/tissus,Tissus | Mooré Burkina Faso,moore,,image_culture,image,.webp,downloaded,assets/moore/general/image_culture/image/tisser02.jpg__8cf82f7f2cb2d3fd.webp,226618,41c09e61f6be138afa5546fc3613be8a37452476cd0dc3ffb0e824ea355c16d7,image/webp,200,"""69ba4dd3-3753a""","Wed, 18 Mar 2026 07:01:39 GMT",2026-10-03T20:18:28.827370+00:00,
asset,dae6746ba6dbf078,https://mooreburkina.com/sites/www.mooreburkina.com/files/styles/max_2600x2600/public/gallery-images/tissu01.jpg.webp?itok=ZppQxwq0,https://mooreburkina.com/fr/images/tissus,Tissus | Mooré Burkina Faso,moore,,image_culture,image,.webp,downloaded,assets/moore/general/image_culture/image/tissu01.jpg__dae6746ba6dbf078.webp,140908,1eb255fa44fcf92b3504ee55103071257385faaaca547f14655809ed5ea582f7,image/webp,200,"""69ba4dd4-2266c""","Wed, 18 Mar 2026 07:01:40 GMT",2026-10-03T20:18:29.228874+00:00,
asset,5e056f0496b06be5,https://mooreburkina.com/sites/www.mooreburkina.com/files/styles/max_2600x2600/public/gallery-images/tissu02.jpg.webp?itok=Dw3LAoHg,https://mooreburkina.com/fr/images/tissus,Tissus | Mooré Burkina Faso,moore,,image_culture,image,.webp,downloaded,assets/moore/general/image_culture/image/tissu02.jpg__5e056f0496b06be5.webp,180120,c5cc4d451d6209bf484a48fe533332d009d7e604be0fac8d391727dd585e9682,image/webp,200,"""69ba4dd6-2bf98""","Wed, 18 Mar 2026 07:01:42 GMT",2026-10-03T20:18:29.706056+00:00,
asset,39137e2a4a313e61,https://mooreburkina.com/sites/www.mooreburkina.com/files/styles/max_2600x2600/public/gallery-images/tissu04.jpeg.webp?itok=4xBOby7J,https://mooreburkina.com/fr/images/tissus,Tissus | Mooré Burkina Faso,moore,,image_culture,image,.webp,downloaded,assets/moore/general/image_culture/image/tissu04.jpeg__39137e2a4a313e61.webp,127366,a41797f6d160b5fc232223924eb55ea40c96807bb8fe3adf2fe7e9f7bc4e596d,image/webp,200,"""69ba4ddd-1f186""","Wed, 18 Mar 2026 07:01:49 GMT",2026-10-03T20:18:30.089624+00:00,
asset,f88538ce07d62bb3,https://mooreburkina.com/sites/www.mooreburkina.com/files/styles/max_2600x2600/public/gallery-images/tissu05.jpg.webp?itok=ylB3EzIZ,https://mooreburkina.com/fr/images/tissus,Tissus | Mooré Burkina Faso,moore,,image_culture,image,.webp,downloaded,assets/moore/general/image_culture/image/tissu05.jpg__f88538ce07d62bb3.webp,21868,ddd3c0c287e4bc73eec1babba00d9aa846d690aa634fd160b32f764905404293,image/webp,200,"""69ba4de0-556c""","Wed, 18 Mar 2026 07:01:52 GMT",2026-10-03T20:18:30.470780+00:00,
asset,5a22d90f0e7b18b1,https://mooreburkina.com/sites/www.mooreburkina.com/files/styles/max_2600x2600/public/gallery-images/tissu06.jpg.webp?itok=F4OY6kWF,https://mooreburkina.com/fr/images/tissus,Tissus | Mooré Burkina Faso,moore,,image_culture,image,.webp,downloaded,assets/moore/general/image_culture/image/tissu06.jpg__5a22d90f0e7b18b1.webp,21838,4d4a5bd153f4a7b8d566ceb0f57c4b778eb3c0f3145a981d303bfad1f012601c,image/webp,200,"""69ba4de2-554e""","Wed, 18 Mar 2026 07:01:54 GMT",2026-10-03T20:18:30.851402+00:00,
asset,53a0a225eb01b22b,https://mooreburkina.com/sites/www.mooreburkina.com/files/styles/max_2600x2600/public/gallery-images/tissu07.jpg.webp?itok=dhyunEHS,https://mooreburkina.com/fr/images/tissus,Tissus | Mooré Burkina Faso,moore,,image_culture,image,.webp,downloaded,assets/moore/general/image_culture/image/tissu07.jpg__53a0a225eb01b22b.webp,255330,31a5c8ecbc5ba6cf048fd1f02b1ba004e8c2d455dbaa243ebd9d12e526972204,image/webp,200,"""69ba4de4-3e562""","Wed, 18 Mar 2026 07:01:56 GMT",2026-10-03T20:18:31.521133+00:00,
asset,001a90969c6407cb,https://mooreburkina.com/sites/www.mooreburkina.com/files/styles/max_2600x2600/public/gallery-images/tissu08.jpg.webp?itok=BIkkHl6d,https://mooreburkina.com/fr/images/tissus,Tissus | Mooré Burkina Faso,moore,,image_culture,image,.webp,downloaded,assets/moore/general/image_culture/image/tissu08.jpg__001a90969c6407cb.webp,96594,81a1173e7df723121409c85092768aefc70d76aee672ac2f692b60d0b79c6cde,image/webp,200,"""69ba4de7-17952""","Wed, 18 Mar 2026 07:01:59 GMT",2026-10-03T20:18:31.901903+00:00,
asset,8b27e6fa9096a2ba,https://mooreburkina.com/sites/www.mooreburkina.com/files/styles/max_2600x2600/public/gallery-images/tissu09.jpg.webp?itok=lvP2s7ad,https://mooreburkina.com/fr/images/tissus,Tissus | Mooré Burkina Faso,moore,,image_culture,image,.webp,downloaded,assets/moore/general/image_culture/image/tissu09.jpg__8b27e6fa9096a2ba.webp,38022,3a85eb91fc7e6c2eaebd61db4a6f06753fbe780013672be4ec4bfc121b47dba4,image/webp,200,"""69ba4de8-9486""","Wed, 18 Mar 2026 07:02:00 GMT",2026-10-03T20:18:32.285681+00:00,
asset,a7ad2eb6345aea4b,https://mooreburkina.com/sites/www.mooreburkina.com/files/styles/max_2600x2600/public/gallery-images/tissu10.jpg.webp?itok=97ZlCm2a,https://mooreburkina.com/fr/images/tissus,Tissus | Mooré Burkina Faso,moore,,image_culture,image,.webp,downloaded,assets/moore/general/image_culture/image/tissu10.jpg__a7ad2eb6345aea4b.webp,10178,414ee8f09add18484b82c5c40c594ba3250137639e8b7afd96753ca82d49b0b0,image/webp,200,"""69ba4dea-27c2""","Wed, 18 Mar 2026 07:02:02 GMT",2026-10-03T20:18:32.676703+00:00,
asset,7df91cdaf6c84074,https://mooreburkina.com/sites/www.mooreburkina.com/files/styles/max_2600x2600/public/gallery-images/tissu11.jpg.webp?itok=hkJo3zPN,https://mooreburkina.com/fr/images/tissus,Tissus | Mooré Burkina Faso,moore,,image_culture,image,.webp,downloaded,assets/moore/general/image_culture/image/tissu11.jpg__7df91cdaf6c84074.webp,319976,321e2e21aad91d8e3996afcbeac839c93efc4c299c826862eb697d6797e94c25,image/webp,200,"""69ba4dec-4e1e8""","Wed, 18 Mar 2026 07:02:04 GMT",2026-10-03T20:18:33.346344+00:00,
asset,de4f9f50a49f341a,https://mooreburkina.com/sites/www.mooreburkina.com/files/styles/max_2600x2600/public/gallery-images/tissu12.jpg.webp?itok=2SiyKFkl,https://mooreburkina.com/fr/images/tissus,Tissus | Mooré Burkina Faso,moore,,image_culture,image,.webp,downloaded,assets/moore/general/image_culture/image/tissu12.jpg__de4f9f50a49f341a.webp,73420,844e4bf8a81c1bada52479f6ee1916568b35881bee79f4c4f8e84b6cd95668f4,image/webp,200,"""69ba4dee-11ecc""","Wed, 18 Mar 2026 07:02:06 GMT",2026-10-03T20:18:33.732216+00:00,
asset,c3e641f2287f9069,https://mooreburkina.com/sites/www.mooreburkina.com/files/styles/max_2600x2600/public/gallery-images/tissu13.jpg.webp?itok=b4JZQuAU,https://mooreburkina.com/fr/images/tissus,Tissus | Mooré Burkina Faso,moore,,image_culture,image,.webp,downloaded,assets/moore/general/image_culture/image/tissu13.jpg__c3e641f2287f9069.webp,51962,5a651e3a065b006c644566c7fa4f49f64290224815aa9bc6b294ea317096dd3e,image/webp,200,"""69ba4df0-cafa""","Wed, 18 Mar 2026 07:02:08 GMT",2026-10-03T20:18:34.115316+00:00,
asset,b61803ec7d5c7322,https://mooreburkina.com/sites/www.mooreburkina.com/files/styles/max_2600x2600/public/gallery-images/tissu14.jpg.webp?itok=jEGPkDCe,https://mooreburkina.com/fr/images/tissus,Tissus | Mooré Burkina Faso,moore,,image_culture,image,.webp,downloaded,assets/moore/general/image_culture/image/tissu14.jpg__b61803ec7d5c7322.webp,41686,9515a99c14dec958090d2c7d3aa82bbdec17252d2f51ecc1fc76d73016de9753,image/webp,200,"""69ba4df2-a2d6""","Wed, 18 Mar 2026 07:02:10 GMT",2026-10-03T20:18:34.510274+00:00,
asset,990123744e2b7acb,https://mooreburkina.com/sites/www.mooreburkina.com/files/styles/max_2600x2600/public/gallery-images/tissu15.jpg.webp?itok=uYpwG_Zx,https://mooreburkina.com/fr/images/tissus,Tissus | Mooré Burkina Faso,moore,,image_culture,image,.webp,downloaded,assets/moore/general/image_culture/image/tissu15.jpg__990123744e2b7acb.webp,116004,f7413bc2f4d46a7596dda5e3dfc77bc04d7b91a6d6f6d71a2d1acf3ea7cab82b,image/webp,200,"""69ba4df4-1c524""","Wed, 18 Mar 2026 07:02:12 GMT",2026-10-03T20:18:34.992602+00:00,
asset,2442b6074be97660,https://mooreburkina.com/sites/www.mooreburkina.com/files/styles/max_2600x2600/public/gallery-images/tortue.jpg.webp?itok=jYm8gvlC,https://mooreburkina.com/fr/images/animaux,Animaux | Mooré Burkina Faso,moore,,image_culture,image,.webp,downloaded,assets/moore/general/image_culture/image/tortue.jpg__2442b6074be97660.webp,25160,6d8d698e1ae1f2469d1cf7a6487dc8285522cf440e5d483b824df85c478fa9c8,image/webp,200,"""69b9f4fe-6248""","Wed, 18 Mar 2026 00:42:38 GMT",2026-10-03T20:18:35.374238+00:00,
asset,f816073ea0aeea69,https://mooreburkina.com/sites/www.mooreburkina.com/files/styles/max_2600x2600/public/gallery-images/vetement01.jpg.webp?itok=RqGVRdTR,https://mooreburkina.com/fr/images/tissus,Tissus | Mooré Burkina Faso,moore,,image_culture,image,.webp,downloaded,assets/moore/general/image_culture/image/vetement01.jpg__f816073ea0aeea69.webp,60510,403e6403744a330c69f091ec5ef119949ddd8a3ea81dcde4649efd3dd8de74ec,image/webp,200,"""69ba4df7-ec5e""","Wed, 18 Mar 2026 07:02:15 GMT",2026-10-03T20:18:35.850335+00:00,
asset,773987cf4f063ab4,https://mooreburkina.com/sites/www.mooreburkina.com/files/styles/max_2600x2600/public/gallery-images/vetement02.jpg.webp?itok=osCBN-C2,https://mooreburkina.com/fr/images/tissus,Tissus | Mooré Burkina Faso,moore,,image_culture,image,.webp,downloaded,assets/moore/general/image_culture/image/vetement02.jpg__773987cf4f063ab4.webp,48956,9cc417b635cf8248f437d286eea5e4202c9760bb0a3364fb173b90a7af74e023,image/webp,200,"""69ba4df9-bf3c""","Wed, 18 Mar 2026 07:02:17 GMT",2026-10-03T20:18:36.249605+00:00,
asset,60f6bcdd6f9f9ea4,https://mooreburkina.com/sites/www.mooreburkina.com/files/styles/max_2600x2600/public/gallery-images/vetement03.jpg.webp?itok=oSnV2zGx,https://mooreburkina.com/fr/images/tissus,Tissus | Mooré Burkina Faso,moore,,image_culture,image,.webp,downloaded,assets/moore/general/image_culture/image/vetement03.jpg__60f6bcdd6f9f9ea4.webp,29398,3b8446102a83460a47984811e0b9fe29f39ead7120c72e93ae6563c3a2a56b18,image/webp,200,"""69ba4dfc-72d6""","Wed, 18 Mar 2026 07:02:20 GMT",2026-10-03T20:18:36.636855+00:00,
asset,7d3524910ddcd938,https://mooreburkina.com/sites/www.mooreburkina.com/files/styles/max_2600x2600/public/gallery-images/vetement04.jpg.webp?itok=QYRteh6p,https://mooreburkina.com/fr/images/tissus,Tissus | Mooré Burkina Faso,moore,,image_culture,image,.webp,downloaded,assets/moore/general/image_culture/image/vetement04.jpg__7d3524910ddcd938.webp,65998,c030b128e2aa075e990958dc6c40b288c0631c2b466615b9de6ffc2257eea4cf,image/webp,200,"""69ba4dfe-101ce""","Wed, 18 Mar 2026 07:02:22 GMT",2026-10-03T20:18:37.117384+00:00,
asset,3d57b6f16d1035e0,https://mooreburkina.com/sites/www.mooreburkina.com/files/styles/max_2600x2600/public/gallery-images/vetement05.jpg.webp?itok=3osk0s9Y,https://mooreburkina.com/fr/images/tissus,Tissus | Mooré Burkina Faso,moore,,image_culture,image,.webp,downloaded,assets/moore/general/image_culture/image/vetement05.jpg__3d57b6f16d1035e0.webp,44534,aacb7c931e5d960d9ae5b3e2c3d362b831cd664ee83e49f266a6f3cdd1fe8325,image/webp,200,"""69ba4e00-adf6""","Wed, 18 Mar 2026 07:02:24 GMT",2026-10-03T20:18:37.520530+00:00,
asset,f6e658248b6a940c,https://mooreburkina.com/sites/www.mooreburkina.com/files/styles/max_750x750/public/2023-06/Banner%20moore%201200x400k.jpg.webp?itok=SXHSmie2,https://mooreburkina.com/;https://mooreburkina.com/fr;https://mooreburkina.com/fr/bienvenu-au-pays-mossi,Mooré Burkina Faso,moore,,other,image,.webp,downloaded,assets/moore/general/other/image/banner_moore_1200x400k.jpg__f6e658248b6a940c.webp,74514,bc2961a18efbeb8419c2b77859552cdb58ce7998866fe1a319e574d0094ee183,image/webp,200,"""69b9d8fa-12312""","Tue, 17 Mar 2026 22:43:06 GMT",2026-10-03T20:18:37.999851+00:00,
asset,5c1aff0c71bed0f3,https://mooreburkina.com/sites/www.mooreburkina.com/files/styles/max_750x750/public/2023-11/dictionnaire%20karaboro1.jpg.webp?itok=Fk4vj9-V,https://mooreburkina.com/fr/dictionnaire-moor%C3%A9/aplications-de-dictionnaires-pour-ordinateur,Applications de dictionnaires | Mooré Burkina Faso,moore,,dictionary,image,.webp,downloaded,assets/moore/general/dictionary/image/dictionnaire_karaboro1.jpg__5c1aff0c71bed0f3.webp,28392,9c6f783018e54f2bbd2d71c05a7d091b9699d653bd4e94c4e4c8c1b9b055d7e6,image/webp,200,"""69b9eed9-6ee8""","Wed, 18 Mar 2026 00:16:25 GMT",2026-10-03T20:18:38.385430+00:00,
asset,1c6f5b434cbae756,https://mooreburkina.com/sites/www.mooreburkina.com/files/styles/max_750x750/public/2023-12/32%20conseils%20drawer%20576x324a.png.webp?itok=lMyP7EaZ,https://mooreburkina.com/;https://mooreburkina.com/fr;https://mooreburkina.com/fr/bienvenu-au-pays-mossi,Mooré Burkina Faso,moore,,other,image,.webp,downloaded,assets/moore/general/other/image/32_conseils_drawer_576x324a.png__1c6f5b434cbae756.webp,30420,057bda13b27c69ce13980279fbd60577ee2ea3b1878ec1079cddc945ef9befaf,image/webp,200,"""69b9d388-76d4""","Tue, 17 Mar 2026 22:19:52 GMT",2026-10-03T20:18:38.866336+00:00,
asset,b840ee1259ce0aa8,https://mooreburkina.com/sites/www.mooreburkina.com/files/styles/max_750x750/public/2023-12/Cont%20kinda%20vol1%20512x512.png.webp?itok=KHn8SGDf,https://mooreburkina.com/fr/contes-proverbes/contes-vol-3-avec-audio,Contes vol. 3 avec audio | Mooré Burkina Faso,moore,,folktale,image,.webp,downloaded,assets/moore/general/folktale/image/cont_kinda_vol1_512x512.png__b840ee1259ce0aa8.webp,25330,412174f16c702abbcba3239fc04fb1c59b1f2e751f3b13453ceb3f10aaf1ac69,image/webp,200,"""69b9f6a3-62f2""","Wed, 18 Mar 2026 00:49:39 GMT",2026-10-03T20:18:39.247893+00:00,
asset,4ffa04eb1712821e,https://mooreburkina.com/sites/www.mooreburkina.com/files/styles/max_750x750/public/2023-12/dictionnaire%20Dagara%20wule.jpg.webp?itok=05l61AnJ,https://mooreburkina.com/fr/dictionnaire-moor%C3%A9/aplications-de-dictionnaires-pour-ordinateur,Applications de dictionnaires | Mooré Burkina Faso,moore,,dictionary,image,.webp,downloaded,assets/moore/general/dictionary/image/dictionnaire_dagara_wule.jpg__4ffa04eb1712821e.webp,43126,670d31ab0fd4efbf9948029ebd7f80ff49a41a6cadbb3686d820b78ebc53e2e4,image/webp,200,"""69b9eed9-a876""","Wed, 18 Mar 2026 00:16:25 GMT",2026-10-03T20:18:39.726230+00:00,
asset,f06ff37a8b2635c5,https://mooreburkina.com/sites/www.mooreburkina.com/files/styles/max_750x750/public/2023-12/download%20button1.jpg.webp?itok=AQEQ-Q-1,https://mooreburkina.com/fr/dictionnaire-moor%C3%A9/aplications-de-dictionnaires-pour-ordinateur,Applications de dictionnaires | Mooré Burkina Faso,moore,,dictionary,image,.webp,downloaded,assets/moore/general/dictionary/image/download_button1.jpg__f06ff37a8b2635c5.webp,9412,b930d5322d103fe799dd76c73416c5c061d79c6b1e18923402096192cd5eb2de,image/webp,200,"""69b9eed9-24c4""","Wed, 18 Mar 2026 00:16:25 GMT",2026-10-03T20:18:40.114257+00:00,
asset,e8dd461451abd3c3,https://mooreburkina.com/sites/www.mooreburkina.com/files/styles/max_750x750/public/2023-12/map%20of%20BF%20Gulmancema%20speaking%20area.jpg.webp?itok=OdrAVlvl,https://mooreburkina.com/;https://mooreburkina.com/fr;https://mooreburkina.com/fr/bienvenu-au-pays-mossi;https://mooreburkina.com/fr/gulimancema,Mooré Burkina Faso,moore,,other,image,.webp,downloaded,assets/moore/general/other/image/map_of_bf_gulmancema_speaking_area.jpg__e8dd461451abd3c3.webp,69476,628ea6f71722e024294819c72af0d2c3be10e2900327882afa9bb23b9ce8dab1,image/webp,200,"""69b9d388-10f64""","Tue, 17 Mar 2026 22:19:52 GMT",2026-10-03T20:18:40.688637+00:00,
asset,9f60e35f01be635f,https://mooreburkina.com/sites/www.mooreburkina.com/files/styles/max_750x750/public/2023-12/map%20of%20BF%20Moore%20speaking%20area.jpg.webp?itok=d64VrZgL,https://mooreburkina.com/;https://mooreburkina.com/fr;https://mooreburkina.com/fr/bienvenu-au-pays-mossi,Mooré Burkina Faso,moore,,other,image,.webp,downloaded,assets/moore/general/other/image/map_of_bf_moore_speaking_area.jpg__9f60e35f01be635f.webp,70216,cbdf6ce921cb28a5bad0dd10c420c7ef16d1b4b82a0c3d4c82a0241360449b4e,image/webp,200,"""69b9d8fb-11248""","Tue, 17 Mar 2026 22:43:07 GMT",2026-10-03T20:18:41.166752+00:00,
asset,9a294dfd720b6376,https://mooreburkina.com/sites/www.mooreburkina.com/files/styles/max_750x750/public/2023-12/mossi%2001.jpg.webp?itok=kRXMt_-W,https://mooreburkina.com/;https://mooreburkina.com/fr;https://mooreburkina.com/fr/bienvenu-au-pays-mossi,Mooré Burkina Faso,moore,,other,image,.webp,downloaded,assets/moore/general/other/image/mossi_01.jpg__9a294dfd720b6376.webp,80606,b6231bf191c31da0708e1431bc31852af3642aa59ca779d1c9f71ddfef395e9c,image/webp,200,"""69b9d8fa-13ade""","Tue, 17 Mar 2026 22:43:06 GMT",2026-10-03T20:18:41.645849+00:00,
asset,82057e1ef27d52f8,https://mooreburkina.com/sites/www.mooreburkina.com/files/styles/max_750x750/public/2023-12/mossi%2006.jpg.webp?itok=9OFa4eWJ,https://mooreburkina.com/;https://mooreburkina.com/fr;https://mooreburkina.com/fr/bienvenu-au-pays-mossi,Mooré Burkina Faso,moore,,other,image,.webp,downloaded,assets/moore/general/other/image/mossi_06.jpg__82057e1ef27d52f8.webp,80538,5686dee081b48e733d8b0b835cd5f6b3aa1472bfc4f13eda80a5e4847b3fb32d,image/webp,200,"""69b9d387-13a9a""","Tue, 17 Mar 2026 22:19:51 GMT",2026-10-03T20:18:42.122389+00:00,
asset,b5a117cfcecb5c2d,https://mooreburkina.com/sites/www.mooreburkina.com/files/styles/max_750x750/public/2024-01/dictionnaire%20kasem%20Ghana2.jpg.webp?itok=6do8iflA,https://mooreburkina.com/fr/dictionnaire-moor%C3%A9/aplications-de-dictionnaires-pour-ordinateur,Applications de dictionnaires | Mooré Burkina Faso,moore,,dictionary,image,.webp,downloaded,assets/moore/general/dictionary/image/dictionnaire_kasem_ghana2.jpg__b5a117cfcecb5c2d.webp,47474,cf838afedb90d95397cceb1e529bfd44904fe041b3f08ab551631f267eb80094,image/webp,200,"""69b9eed9-b972""","Wed, 18 Mar 2026 00:16:25 GMT",2026-10-03T20:18:42.512567+00:00,
asset,af2fa9b29f82b614,https://mooreburkina.com/sites/www.mooreburkina.com/files/styles/max_750x750/public/2024-02/Moore%20Bible%20App%20Store%202024.jpg.webp?itok=UDGcIoi_,https://mooreburkina.com/fr/applications-smartphone/applis-en-moor%C3%A9,Applis en mooré | Mooré Burkina Faso,moore,,app,image,.webp,downloaded,assets/moore/general/app/image/moore_bible_app_store_2024.jpg__af2fa9b29f82b614.webp,98134,434399ae3dfbbda82781c8ec6bd6417d03ca5fc5344bea62f11b3dd05bf85cf5,image/webp,200,"""69ba29b9-17f56""","Wed, 18 Mar 2026 04:27:37 GMT",2026-10-03T20:18:42.991764+00:00,
asset,f573d6ef044fa44c,https://mooreburkina.com/sites/www.mooreburkina.com/files/styles/max_750x750/public/2024-05/Contes%20moore%20vol.2-bl.jpg.webp?itok=cQe7zBWj,https://mooreburkina.com/fr/contes-proverbes/contes-vol-4-avec-audio,Contes vol. 4 avec audio | Mooré Burkina Faso,moore,,folktale,image,.webp,downloaded,assets/moore/general/folktale/image/contes_moore_vol.2-bl.jpg__f573d6ef044fa44c.webp,15876,ac3b747a26bb9a617d36360cefe83efb2b7f75ef98c1e4eb636cfb920bfb2305,image/webp,200,"""69ba8704-3e04""","Wed, 18 Mar 2026 11:05:40 GMT",2026-10-03T20:18:43.373339+00:00,
asset,07c433f2dfe37731,https://mooreburkina.com/sites/www.mooreburkina.com/files/styles/max_750x750/public/2024-06/52%20contes%20moore%20Kalaam.jpg.webp?itok=MUdm5EOw,https://mooreburkina.com/fr/applications-smartphone/applis-en-moor%C3%A9,Applis en mooré | Mooré Burkina Faso,moore,,folktale,image,.webp,downloaded,assets/moore/general/folktale/image/52_contes_moore_kalaam.jpg__07c433f2dfe37731.webp,104292,888169152e99e037fd3712f07ecea277271e72adc91ee8d321af5746001fe4e6,image/webp,200,"""69bac520-19764""","Wed, 18 Mar 2026 15:30:40 GMT",2026-10-03T20:18:43.869141+00:00,
asset,90f3c9d865d60fb0,https://mooreburkina.com/sites/www.mooreburkina.com/files/styles/max_750x750/public/2024-06/Captures%20ecran%20Moore.jpg.webp?itok=g6o3A7Oi,https://mooreburkina.com/fr/applications-smartphone/applis-en-moor%C3%A9,Applis en mooré | Mooré Burkina Faso,moore,,app,image,.webp,downloaded,assets/moore/general/app/image/captures_ecran_moore.jpg__90f3c9d865d60fb0.webp,173794,23e1026b9264d36b8ed57bc07065880d678826bf993c478568b59db245e090e8,image/webp,200,"""69ba29b9-2a6e2""","Wed, 18 Mar 2026 04:27:37 GMT",2026-10-03T20:18:44.358462+00:00,
asset,c871c2bf4ca1c1ee,https://mooreburkina.com/sites/www.mooreburkina.com/files/styles/max_750x750/public/2024-06/Moore%20iPhone%20512x512.png.webp?itok=-EqRZYC8,https://mooreburkina.com/fr/applications-smartphone/applis-en-moor%C3%A9,Applis en mooré | Mooré Burkina Faso,moore,,app,image,.webp,downloaded,assets/moore/general/app/image/moore_iphone_512x512.png__c871c2bf4ca1c1ee.webp,19826,fe02adca678555fef0f4e3eff80159baafa1f25cb88e10f121a519bde5685e9a,image/webp,200,"""69ba29fc-4d72""","Wed, 18 Mar 2026 04:28:44 GMT",2026-10-03T20:18:44.739560+00:00,
asset,784e8425d5aecbb3,https://mooreburkina.com/sites/www.mooreburkina.com/files/styles/max_750x750/public/2024-06/Moore%20pour%20smartphone%20Mars%202024.jpg.webp?itok=yyH261NM,https://mooreburkina.com/fr/applications-smartphone/applis-en-moor%C3%A9,Applis en mooré | Mooré Burkina Faso,moore,,app,image,.webp,downloaded,assets/moore/general/app/image/moore_pour_smartphone_mars_2024.jpg__784e8425d5aecbb3.webp,154648,9e644849b19264eeee5e98b21bdd50d5c7f420dc05d6f25639058ab40efbcc98,image/webp,200,"""69ba29e1-25c18""","Wed, 18 Mar 2026 04:28:17 GMT",2026-10-03T20:18:45.215850+00:00,
asset,14424cad512ca93b,https://mooreburkina.com/sites/www.mooreburkina.com/files/styles/max_750x750/public/2024-06/moore%20prov%20iPhone%20Kalaam.jpg.webp?itok=1FHJZkjg,https://mooreburkina.com/fr/applications-smartphone/applis-en-moor%C3%A9,Applis en mooré | Mooré Burkina Faso,moore,,app,image,.webp,downloaded,assets/moore/general/app/image/moore_prov_iphone_kalaam.jpg__14424cad512ca93b.webp,172182,589c8550a1ce67bf333c1dc91cd802d0743d677b466168e9e965a48edc34bfe1,image/webp,200,"""69ba2ade-2a096""","Wed, 18 Mar 2026 04:32:30 GMT",2026-10-03T20:18:45.693899+00:00,
asset,9a375bec5c85f313,https://mooreburkina.com/sites/www.mooreburkina.com/files/styles/max_750x750/public/2024-07/Contes%20moore%20vol%202%20on%20Play%20Store.png.webp?itok=EwJv0g8k,https://mooreburkina.com/fr/contes-proverbes/contes-vol-3-avec-audio,Contes vol. 3 avec audio | Mooré Burkina Faso,moore,,folktale,image,.webp,downloaded,assets/moore/general/folktale/image/contes_moore_vol_2_on_play_store.png__9a375bec5c85f313.webp,49498,a014e9a53d12c705b69baf8e5b60cf901eab443154cc2d616e46ade00849b32c,image/webp,200,"""69b9f5bc-c15a""","Wed, 18 Mar 2026 00:45:48 GMT",2026-10-03T20:18:46.074336+00:00,
asset,ea146a739fc4b895,https://mooreburkina.com/sites/www.mooreburkina.com/files/styles/max_750x750/public/2024-07/Contes%20moore%20vol%204%20on%20Play%20Store.png.webp?itok=rnndH7KZ,https://mooreburkina.com/fr/contes-proverbes/contes-vol-4-avec-audio,Contes vol. 4 avec audio | Mooré Burkina Faso,moore,,folktale,image,.webp,downloaded,assets/moore/general/folktale/image/contes_moore_vol_4_on_play_store.png__ea146a739fc4b895.webp,52116,e3436bf814bc7b05a12637a389438b970eae3128df9ed3142fa0b3abab205c66,image/webp,200,"""69ba880d-cb94""","Wed, 18 Mar 2026 11:10:05 GMT",2026-10-03T20:18:46.475373+00:00,
asset,1f5b20a5117526a2,https://mooreburkina.com/sites/www.mooreburkina.com/files/styles/max_750x750/public/2024-07/Contes%20vol%202%20sur%20Play%20Store.jpg.webp?itok=oaQGZcah,https://mooreburkina.com/fr/contes-et-proverbes-en-moor%C3%A9/contes-en-moor%C3%A9,Contes vol 2 avec audio | Mooré Burkina Faso,moore,,folktale,image,.webp,downloaded,assets/moore/general/folktale/image/contes_vol_2_sur_play_store.jpg__1f5b20a5117526a2.webp,104860,1ddcecf438b398d29e5c33010eb04cfe8fca092db5e1b3cc3ef3c8d8d1b59dca,image/webp,200,"""69ba32b4-1999c""","Wed, 18 Mar 2026 05:05:56 GMT",2026-10-03T20:18:46.952705+00:00,
asset,2239f5835b8bfb33,https://mooreburkina.com/sites/www.mooreburkina.com/files/styles/max_750x750/public/2024-07/Devinettes%20moore%20sur%20Play%20Store.jpg.webp?itok=5jFxf0pR,https://mooreburkina.com/fr/contes-proverbes/devinettes-en-moor%C3%A9,Devinettes en mooré | Mooré Burkina Faso,moore,,folktale,image,.webp,downloaded,assets/moore/general/folktale/image/devinettes_moore_sur_play_store.jpg__2239f5835b8bfb33.webp,98430,d9d354313a532de35b915e8ff51665b203f746eae36612f0e0461ef326a0845a,image/webp,200,"""69ba6733-1807e""","Wed, 18 Mar 2026 08:49:55 GMT",2026-10-03T20:18:47.430111+00:00,
asset,9bec00e0bf449e13,https://mooreburkina.com/sites/www.mooreburkina.com/files/styles/max_750x750/public/2024-07/Moore%20Proverbes%20sur%20App%20Store%20pour%20iPhone.jpg.webp?itok=qh-_obZq,https://mooreburkina.com/fr/contes-proverbes/proverbes-en-moor%C3%A9-vol-9,Proverbes en mooré vol. 9 | Mooré Burkina Faso,moore,,folktale,image,.webp,downloaded,assets/moore/general/folktale/image/moore_proverbes_sur_app_store_pour_iphone.jpg__9bec00e0bf449e13.webp,101068,ed9eaefb5b13db112718dfbe0fa1e790da77a686f1048212d347ebd86e500fba,image/webp,200,"""69baa2e8-18acc""","Wed, 18 Mar 2026 13:04:40 GMT",2026-10-03T20:18:47.907943+00:00,
asset,a430273f5c39b74d,https://mooreburkina.com/sites/www.mooreburkina.com/files/styles/max_750x750/public/2024-07/Moore%20Proverbes%20vol%2012%20sur%20Play%20Store.jpg.webp?itok=aXeCxEpX,https://mooreburkina.com/fr/contes-proverbes/moor%C3%A9-proverbes-vol-12,Mooré proverbes vol. 12 | Mooré Burkina Faso,moore,,folktale,image,.webp,downloaded,assets/moore/general/folktale/image/moore_proverbes_vol_12_sur_play_store.jpg__a430273f5c39b74d.webp,92938,a4df18830d5f56dfbbae3e0f79ae2b64bf91e0c0fdf8d7cd35c0fd7796178a1c,image/webp,200,"""69ba070f-16b0a""","Wed, 18 Mar 2026 01:59:43 GMT",2026-10-03T20:18:48.316151+00:00,
asset,a4f67820b33e2e45,https://mooreburkina.com/sites/www.mooreburkina.com/files/styles/max_750x750/public/2024-07/Proverbes%20moore%20vol%201%20sur%20Play%20Store.jpg.webp?itok=BaEPY5eY,https://mooreburkina.com/fr/contes-proverbes/proverbes-en-moor%C3%A9-vol-9,Proverbes en mooré vol. 9 | Mooré Burkina Faso,moore,,folktale,image,.webp,downloaded,assets/moore/general/folktale/image/proverbes_moore_vol_1_sur_play_store.jpg__a4f67820b33e2e45.webp,96524,eff1b82c9566adfd6483911d806f5ee6cc6a92c1795269c9f42b4f85451cacd3,image/webp,200,"""69baa2f4-1790c""","Wed, 18 Mar 2026 13:04:52 GMT",2026-10-03T20:18:48.795007+00:00,
asset,55048ee28be6990a,https://mooreburkina.com/sites/www.mooreburkina.com/files/styles/max_750x750/public/2024-07/Proverbes%20moore%20vol%202%20sur%20Play%20Store.jpg.webp?itok=wQnROQlV,https://mooreburkina.com/fr/contes-proverbes/proverbes-en-moor%C3%A9-vol-10,Proverbes en mooré vol. 10 | Mooré Burkina Faso,moore,,folktale,image,.webp,downloaded,assets/moore/general/folktale/image/proverbes_moore_vol_2_sur_play_store.jpg__55048ee28be6990a.webp,104694,dbd1b89635d17cdc2e7895086348334f4a9aaa706ca5f4527ea16b2956c73869,image/webp,200,"""69ba2a36-198f6""","Wed, 18 Mar 2026 04:29:42 GMT",2026-10-03T20:18:49.272761+00:00,
asset,a30485000b5eadf9,https://mooreburkina.com/sites/www.mooreburkina.com/files/styles/max_750x750/public/2024-07/Proverbes%20moore%20vol%202%20sur%20Play%20Store_0.jpg.webp?itok=T3HLB0V5,https://mooreburkina.com/fr/contes-proverbes/proverbes-en-moor%C3%A9-vol-2,Proverbes en mooré vol. 2 | Mooré Burkina Faso,moore,,folktale,image,.webp,downloaded,assets/moore/general/folktale/image/proverbes_moore_vol_2_sur_play_store_0.jpg__a30485000b5eadf9.webp,94238,7fcc2a30697e148f369c4f4f167f09250dc52e280106acf71301d3db5898764d,image/webp,200,"""69ba3606-1701e""","Wed, 18 Mar 2026 05:20:06 GMT",2026-10-03T20:18:49.669540+00:00,
asset,c4979a15d00cd052,https://mooreburkina.com/sites/www.mooreburkina.com/files/styles/max_750x750/public/2024-07/Proverbes%20moore%20vol%203%20sur%20Play%20Store.jpg.webp?itok=LoTg0Sci,https://mooreburkina.com/fr/contes-proverbes/proverbes-moor%C3%A9-vol-11,Proverbes mooré. vol. 11 | Mooré Burkina Faso,moore,,folktale,image,.webp,downloaded,assets/moore/general/folktale/image/proverbes_moore_vol_3_sur_play_store.jpg__c4979a15d00cd052.webp,108818,d61213aea757a4119030936a1589e846d02c4b6ea76cf94f9ada44c11215cab1,image/webp,200,"""69ba2e48-1a912""","Wed, 18 Mar 2026 04:47:04 GMT",2026-10-03T20:18:50.146563+00:00,
asset,82308ad061d9abec,https://mooreburkina.com/sites/www.mooreburkina.com/files/styles/max_750x750/public/2024-07/Proverbes%20moore%20vol%203%20sur%20Play%20Store_0.jpg.webp?itok=3yx3J34n,https://mooreburkina.com/fr/contes-proverbes/proverbes-en-moor%C3%A9-vol-3,Proverbes en mooré vol. 3 | Mooré Burkina Faso,moore,,folktale,image,.webp,downloaded,assets/moore/general/folktale/image/proverbes_moore_vol_3_sur_play_store_0.jpg__82308ad061d9abec.webp,70178,483cfa28cd239eff83b0d1a8b4cc026f7b4d6462caeccae7f70dacc402d2fd87,image/webp,200,"""69ba5ab3-11222""","Wed, 18 Mar 2026 07:56:35 GMT",2026-10-03T20:18:50.529496+00:00,
asset,5698cbe4e3ab1f0b,https://mooreburkina.com/sites/www.mooreburkina.com/files/styles/max_750x750/public/2024-07/Proverbes%20moore%20vol%204%20sur%20Play%20Store.jpg.webp?itok=vY2_q6J5,https://mooreburkina.com/fr/contes-proverbes/proverbes-en-moor%C3%A9-vol-4,Proverbes en mooré vol. 4 | Mooré Burkina Faso,moore,,folktale,image,.webp,downloaded,assets/moore/general/folktale/image/proverbes_moore_vol_4_sur_play_store.jpg__5698cbe4e3ab1f0b.webp,87406,c4e1c7226105c84fbd654fd42689ab95d01cf4bbbb479c160d01fdadbce2bcaa,image/webp,200,"""69ba32ba-1556e""","Wed, 18 Mar 2026 05:06:02 GMT",2026-10-03T20:18:51.006469+00:00,
asset,c6d8d9ebe0d2401e,https://mooreburkina.com/sites/www.mooreburkina.com/files/styles/max_750x750/public/2024-07/Proverbes%20moore%20vol%205%20sur%20Play%20Store.jpg.webp?itok=7GrZetlh,https://mooreburkina.com/fr/contes-proverbes/proverbes-en-moor%C3%A9-vol-5,Proverbes en mooré vol. 5 | Mooré Burkina Faso,moore,,folktale,image,.webp,downloaded,assets/moore/general/folktale/image/proverbes_moore_vol_5_sur_play_store.jpg__c6d8d9ebe0d2401e.webp,71810,dc3b2d1fd05bfa5acc0e002998a6eac7872ecc7d9a38251da33241e70b8b2710,image/webp,200,"""69ba2e6a-11882""","Wed, 18 Mar 2026 04:47:38 GMT",2026-10-03T20:18:51.402668+00:00,
asset,7d4576aff533b388,https://mooreburkina.com/sites/www.mooreburkina.com/files/styles/max_750x750/public/2024-07/Proverbes%20moore%20vol%206%20sur%20Play%20Store.jpg.webp?itok=osl5dWYm,https://mooreburkina.com/fr/contes-proverbes/proverbes-en-moor%C3%A9-vol-6,Proverbes en mooré vol. 6 | Mooré Burkina Faso,moore,,folktale,image,.webp,downloaded,assets/moore/general/folktale/image/proverbes_moore_vol_6_sur_play_store.jpg__7d4576aff533b388.webp,70994,a1d1ec771518d1f874179d0cc5e74558536c1e57f15cce5864438de6a9070a57,image/webp,200,"""69ba86cc-11552""","Wed, 18 Mar 2026 11:04:44 GMT",2026-10-03T20:18:51.800284+00:00,
asset,983d4b409579a4dc,https://mooreburkina.com/sites/www.mooreburkina.com/files/styles/max_750x750/public/2024-07/Proverbes%20moore%20vol%207%20sur%20Play%20Store.jpg.webp?itok=nrkaGtrw,https://mooreburkina.com/fr/contes-proverbes/proverbes-en-moor%C3%A9-vol-7,Proverbes en mooré vol. 7 | Mooré Burkina Faso,moore,,folktale,image,.webp,downloaded,assets/moore/general/folktale/image/proverbes_moore_vol_7_sur_play_store.jpg__983d4b409579a4dc.webp,82476,616ebb3530ae2eaa515c771e07b3645e3851b15ebe5f55966dc5779963e13ac2,image/webp,200,"""69b9f176-1422c""","Wed, 18 Mar 2026 00:27:34 GMT",2026-10-03T20:18:52.277699+00:00,
asset,ace560f848a5a4d7,https://mooreburkina.com/sites/www.mooreburkina.com/files/styles/max_750x750/public/2024-07/Proverbes%20moore%20vol%208%20sur%20Play%20Store.png.webp?itok=twbDY2vl,https://mooreburkina.com/fr/contes-proverbes/proverbes-en-moor%C3%A9-vol-8,Proverbes en mooré vol. 8 | Mooré Burkina Faso,moore,,folktale,image,.webp,downloaded,assets/moore/general/folktale/image/proverbes_moore_vol_8_sur_play_store.png__ace560f848a5a4d7.webp,43010,267b2d44a67e4d48a0992f59f8e1454596734b5e7927f39d6368c2c215b7cdf1,image/webp,200,"""69ba4e8e-a802""","Wed, 18 Mar 2026 07:04:46 GMT",2026-10-03T20:18:52.666591+00:00,
asset,cd468acc0c52bdfe,https://mooreburkina.com/sites/www.mooreburkina.com/files/styles/max_750x750/public/2024-07/Yam%20wekr%20sur%20Play%20Store.jpg.webp?itok=w8eico3d,https://mooreburkina.com/fr/collection-2-12-contes-en-moor%C3%A9,Contes vol 1 avec audio | Mooré Burkina Faso,moore,,folktale,image,.webp,downloaded,assets/moore/general/folktale/image/yam_wekr_sur_play_store.jpg__cd468acc0c52bdfe.webp,103026,49a4ce8b394eb1fe1506dca18715d7195a0732d525e3a2abe75a18587d6ebb37,image/webp,200,"""69ba1ddf-19272""","Wed, 18 Mar 2026 03:37:03 GMT",2026-10-03T20:18:53.148392+00:00,
asset,e1f35ad67a1aa534,https://mooreburkina.com/sites/www.mooreburkina.com/files/styles/max_750x750/public/2024-07/proverbes%20en%20moore%20Play%20Store1.jpg.webp?itok=v6BySIIN,https://mooreburkina.com/fr/contes-et-proverbes-en-moor%C3%A9/proverbes-en-moor%C3%A9-vol-1,Proverbes en mooré vol. 1 | Mooré Burkina Faso,moore,,folktale,image,.webp,downloaded,assets/moore/general/folktale/image/proverbes_en_moore_play_store1.jpg__e1f35ad67a1aa534.webp,94944,732e42ccf3bb5e9dc9bf9ef1981aee513709989c451ebb3765042365175dc8ed,image/webp,200,"""69b9e11c-172e0""","Tue, 17 Mar 2026 23:17:48 GMT",2026-10-03T20:18:53.624939+00:00,
asset,c8cef3b1d7533086,https://mooreburkina.com/sites/www.mooreburkina.com/files/styles/max_750x750/public/2024-11/Bamanan%20App%20Store%20icon.jpg.webp?itok=tGzMkApS,https://mooreburkina.com/fr/dictionnaire-moor%C3%A9/aplications-de-dictionnaires-pour-ordinateur,Applications de dictionnaires | Mooré Burkina Faso,moore,,dictionary,image,.webp,downloaded,assets/moore/general/dictionary/image/bamanan_app_store_icon.jpg__c8cef3b1d7533086.webp,119520,14c5758e6b8dffae90cbdaabdaefda477af2bf8bab7ca687bf35e6c0bdd3ddf6,image/webp,200,"""69b9eed9-1d2e0""","Wed, 18 Mar 2026 00:16:25 GMT",2026-10-03T20:18:54.102926+00:00,
asset,b5446f48c4e62945,https://mooreburkina.com/sites/www.mooreburkina.com/files/styles/max_750x750/public/2024-11/Bambara%20Play%20Store.jpg.webp?itok=3YSlRUgO,https://mooreburkina.com/fr/dictionnaire-moor%C3%A9/aplications-de-dictionnaires-pour-ordinateur,Applications de dictionnaires | Mooré Burkina Faso,moore,,dictionary,image,.webp,downloaded,assets/moore/general/dictionary/image/bambara_play_store.jpg__b5446f48c4e62945.webp,99244,eb18ff632920785ca097832ed5645926ce3fda118bf68612d55ea5e2bc291e40,image/webp,200,"""69b9eed9-183ac""","Wed, 18 Mar 2026 00:16:25 GMT",2026-10-03T20:18:54.503965+00:00,
asset,14d093c39bf8d09b,https://mooreburkina.com/sites/www.mooreburkina.com/files/styles/max_750x750/public/2025-03/Contes%20moore%20vol%202%20on%20Play%20Store.png.webp?itok=FWJgLAlm,https://mooreburkina.com/fr/applications-smartphone/applis-en-moor%C3%A9,Applis en mooré | Mooré Burkina Faso,moore,,folktale,image,.webp,downloaded,assets/moore/general/folktale/image/contes_moore_vol_2_on_play_store.png__14d093c39bf8d09b.webp,49498,a014e9a53d12c705b69baf8e5b60cf901eab443154cc2d616e46ade00849b32c,image/webp,200,"""69ba2b22-c15a""","Wed, 18 Mar 2026 04:33:38 GMT",2026-10-03T20:18:54.884787+00:00,
asset,0177828d1960f077,https://mooreburkina.com/sites/www.mooreburkina.com/files/styles/max_750x750/public/2025-03/Contes%20moore%20vol%204%20on%20Play%20Store.png.webp?itok=pHsNwx_m,https://mooreburkina.com/fr/applications-smartphone/applis-en-moor%C3%A9,Applis en mooré | Mooré Burkina Faso,moore,,folktale,image,.webp,downloaded,assets/moore/general/folktale/image/contes_moore_vol_4_on_play_store.png__0177828d1960f077.webp,52116,e3436bf814bc7b05a12637a389438b970eae3128df9ed3142fa0b3abab205c66,image/webp,200,"""69bac52b-cb94""","Wed, 18 Mar 2026 15:30:51 GMT",2026-10-03T20:18:55.361273+00:00,
asset,9276e1fbf6c2f71b,https://mooreburkina.com/sites/www.mooreburkina.com/files/styles/max_750x750/public/2025-04/Moore%20dictionary2%20sur%20Play%20Store.jpg.webp?itok=Q7jMtX9S,https://mooreburkina.com/fr/applications-smartphone/applis-en-moor%C3%A9,Applis en mooré | Mooré Burkina Faso,moore,,dictionary,image,.webp,downloaded,assets/moore/general/dictionary/image/moore_dictionary2_sur_play_store.jpg__9276e1fbf6c2f71b.webp,89658,3b22591fb596448d49e53a696b0e1c3fde66ae225c16f414cb1e06c536414cd8,image/webp,200,"""69ba29f0-15e3a""","Wed, 18 Mar 2026 04:28:32 GMT",2026-10-03T20:18:55.840481+00:00,
asset,57ab1dd53529ac46,https://mooreburkina.com/sites/www.mooreburkina.com/files/styles/max_750x750/public/2026-02/Play%20Store%20Dagara%20Wule%20dico.jpg.webp?itok=9Hi1V3Uy,https://mooreburkina.com/fr/dictionnaire-moor%C3%A9/aplications-de-dictionnaires-pour-ordinateur,Applications de dictionnaires | Mooré Burkina Faso,moore,,dictionary,image,.webp,downloaded,assets/moore/general/dictionary/image/play_store_dagara_wule_dico.jpg__57ab1dd53529ac46.webp,71930,c8adf91baa98d16a946e1b71c0e94e13750828d48a422518fac1c7a03f004090,image/webp,200,"""69b9eed9-118fa""","Wed, 18 Mar 2026 00:16:25 GMT",2026-10-03T20:18:56.324250+00:00,
asset,1c2a6f3d068c517c,https://mooreburkina.com/sites/www.mooreburkina.com/files/styles/max_750x750/public/2026-02/Webonary%20Bambara%20dico.jpg.webp?itok=tDSxRx2Z,https://mooreburkina.com/fr/dictionnaire-moor%C3%A9/aplications-de-dictionnaires-pour-ordinateur,Applications de dictionnaires | Mooré Burkina Faso,moore,,dictionary,image,.webp,downloaded,assets/moore/general/dictionary/image/webonary_bambara_dico.jpg__1c2a6f3d068c517c.webp,79066,e4a1e3173fb124a02af086462820875b8cd287236c83f3f21847509a331035d1,image/webp,200,"""69b9eed9-134da""","Wed, 18 Mar 2026 00:16:25 GMT",2026-10-03T20:18:56.813467+00:00,
asset,a3a5b3cd66cca603,https://mooreburkina.com/sites/www.mooreburkina.com/files/styles/max_750x750/public/2026-02/Webonary%20Buli%20GH%20dico.jpg.webp?itok=pjlLu3Bo,https://mooreburkina.com/fr/dictionnaire-moor%C3%A9/aplications-de-dictionnaires-pour-ordinateur,Applications de dictionnaires | Mooré Burkina Faso,moore,,dictionary,image,.webp,downloaded,assets/moore/general/dictionary/image/webonary_buli_gh_dico.jpg__a3a5b3cd66cca603.webp,81244,8e78ab4bd487589b1d47ecf4c7bc1ae673ab187e22310445cff43b8807127e6b,image/webp,200,"""69b9eed9-13d5c""","Wed, 18 Mar 2026 00:16:25 GMT",2026-10-03T20:18:57.290810+00:00,
asset,e605da77d03529a2,https://mooreburkina.com/sites/www.mooreburkina.com/files/styles/max_750x750/public/2026-02/Webonary%20Dagbani%20GH%20dico.jpg.webp?itok=gmBDR0M7,https://mooreburkina.com/fr/dictionnaire-moor%C3%A9/aplications-de-dictionnaires-pour-ordinateur,Applications de dictionnaires | Mooré Burkina Faso,moore,,dictionary,image,.webp,downloaded,assets/moore/general/dictionary/image/webonary_dagbani_gh_dico.jpg__e605da77d03529a2.webp,71610,4b4bf9ba42333533ea689188fe93a3a8850e4baa07461271382a6e2f7259f938,image/webp,200,"""69b9eed9-117ba""","Wed, 18 Mar 2026 00:16:25 GMT",2026-10-03T20:18:57.690166+00:00,
asset,e165d71d0b4de75f,https://mooreburkina.com/sites/www.mooreburkina.com/files/styles/max_750x750/public/2026-02/Webonary%20Gulimanchema%20dico.jpg.webp?itok=twXyH0jr,https://mooreburkina.com/fr/dictionnaire-moor%C3%A9/aplications-de-dictionnaires-pour-ordinateur,Applications de dictionnaires | Mooré Burkina Faso,moore,,dictionary,image,.webp,downloaded,assets/moore/general/dictionary/image/webonary_gulimanchema_dico.jpg__e165d71d0b4de75f.webp,87176,3476cf841a29b3056bcb3ce894feb781a794e59899c5643edc52e6696a80ab52,image/webp,200,"""69b9eed9-15488""","Wed, 18 Mar 2026 00:16:25 GMT",2026-10-03T20:18:58.173269+00:00,
asset,544b7d428a9a575f,https://mooreburkina.com/sites/www.mooreburkina.com/files/styles/max_750x750/public/2026-02/Webonary%20Gurene%20GH%20dico.jpg.webp?itok=uZhTFgUN,https://mooreburkina.com/fr/dictionnaire-moor%C3%A9/aplications-de-dictionnaires-pour-ordinateur,Applications de dictionnaires | Mooré Burkina Faso,moore,,dictionary,image,.webp,downloaded,assets/moore/general/dictionary/image/webonary_gurene_gh_dico.jpg__544b7d428a9a575f.webp,93194,249be748a57a9fad1e3f062093f9b15405ac71e6b0e5ab5051cee59564557756,image/webp,200,"""69b9eed9-16c0a""","Wed, 18 Mar 2026 00:16:25 GMT",2026-10-03T20:18:58.654152+00:00,
asset,96b2f40075bbc585,https://mooreburkina.com/sites/www.mooreburkina.com/files/styles/max_750x750/public/2026-02/Webonary%20Karaboro%20dico.jpg.webp?itok=nsFBDHmG,https://mooreburkina.com/fr/dictionnaire-moor%C3%A9/aplications-de-dictionnaires-pour-ordinateur,Applications de dictionnaires | Mooré Burkina Faso,moore,,dictionary,image,.webp,downloaded,assets/moore/general/dictionary/image/webonary_karaboro_dico.jpg__96b2f40075bbc585.webp,60038,238553b85fee45c651b285dec4e99ff072c7ca29335240dc5c1534b8b8d47ae1,image/webp,200,"""69b9eed9-ea86""","Wed, 18 Mar 2026 00:16:25 GMT",2026-10-03T20:18:59.035402+00:00,
asset,faa8a3421350b7aa,https://mooreburkina.com/sites/www.mooreburkina.com/files/styles/max_750x750/public/2026-02/Webonary%20Kasem%20GH%20dico.jpg.webp?itok=ECk1eUQ_,https://mooreburkina.com/fr/dictionnaire-moor%C3%A9/aplications-de-dictionnaires-pour-ordinateur,Applications de dictionnaires | Mooré Burkina Faso,moore,,dictionary,image,.webp,downloaded,assets/moore/general/dictionary/image/webonary_kasem_gh_dico.jpg__faa8a3421350b7aa.webp,83704,63885c1443b722bd9f20a96a28f5d0550c12eef73f40cfafa8d6c88a4b39abff,image/webp,200,"""69b9eed9-146f8""","Wed, 18 Mar 2026 00:16:25 GMT",2026-10-03T20:18:59.512365+00:00,
asset,4709e650bf5a37f5,https://mooreburkina.com/sites/www.mooreburkina.com/files/styles/max_750x750/public/2026-02/Webonary%20Kassem%20BF%20dico.jpg.webp?itok=ughNaX2b,https://mooreburkina.com/fr/dictionnaire-moor%C3%A9/aplications-de-dictionnaires-pour-ordinateur,Applications de dictionnaires | Mooré Burkina Faso,moore,,dictionary,image,.webp,downloaded,assets/moore/general/dictionary/image/webonary_kassem_bf_dico.jpg__4709e650bf5a37f5.webp,92694,6ef9a1e12ab0cdbf2ca15ece16c7cf0645f3d70a76b39af787ee75b3e9504b3a,image/webp,200,"""69b9eed9-16a16""","Wed, 18 Mar 2026 00:16:25 GMT",2026-10-03T20:18:59.988447+00:00,
asset,27d12b8ccbe092be,https://mooreburkina.com/sites/www.mooreburkina.com/files/styles/max_750x750/public/2026-02/Webonary%20Kusaal%20Agole%20GH%20dico.jpg.webp?itok=cO4TCpdC,https://mooreburkina.com/fr/dictionnaire-moor%C3%A9/aplications-de-dictionnaires-pour-ordinateur,Applications de dictionnaires | Mooré Burkina Faso,moore,,dictionary,image,.webp,downloaded,assets/moore/general/dictionary/image/webonary_kusaal_agole_gh_dico.jpg__27d12b8ccbe092be.webp,53054,5e80c46ce899a34d3c8ce5ccd8625bbb4909bf5f03a2525755ebb2954492eb57,image/webp,200,"""69b9eed9-cf3e""","Wed, 18 Mar 2026 00:16:25 GMT",2026-10-03T20:19:00.370368+00:00,
asset,c73863c2501e8042,https://mooreburkina.com/sites/www.mooreburkina.com/files/styles/max_750x750/public/2026-02/Webonary%20Kusaall%20Tonde%20dico.jpg.webp?itok=5x2ETfAD,https://mooreburkina.com/fr/dictionnaire-moor%C3%A9/aplications-de-dictionnaires-pour-ordinateur,Applications de dictionnaires | Mooré Burkina Faso,moore,,dictionary,image,.webp,downloaded,assets/moore/general/dictionary/image/webonary_kusaall_tonde_dico.jpg__c73863c2501e8042.webp,88232,2f137b49ee2d1ae3de9dd775ff6df610e241da0b01bbcc7bb5193d672a421ad6,image/webp,200,"""69b9eed9-158a8""","Wed, 18 Mar 2026 00:16:25 GMT",2026-10-03T20:19:00.847799+00:00,
asset,20bb7753c38e8d0e,https://mooreburkina.com/sites/www.mooreburkina.com/files/styles/max_750x750/public/2026-02/Webonary%20Mampruli%20GH%20dico.jpg.webp?itok=iVSNdCVa,https://mooreburkina.com/fr/dictionnaire-moor%C3%A9/aplications-de-dictionnaires-pour-ordinateur,Applications de dictionnaires | Mooré Burkina Faso,moore,,dictionary,image,.webp,downloaded,assets/moore/general/dictionary/image/webonary_mampruli_gh_dico.jpg__20bb7753c38e8d0e.webp,59508,97804e65aa10120945606f5c396977905a9739484e735b6cc9fbfe24083aaa0f,image/webp,200,"""69b9eed9-e874""","Wed, 18 Mar 2026 00:16:25 GMT",2026-10-03T20:19:01.248186+00:00,
asset,b79a77556c53f14c,https://mooreburkina.com/sites/www.mooreburkina.com/files/styles/max_750x750/public/2026-02/Webonary%20Ninkare%20BF%20dico.jpg.webp?itok=f9tJACs0,https://mooreburkina.com/fr/dictionnaire-moor%C3%A9/aplications-de-dictionnaires-pour-ordinateur,Applications de dictionnaires | Mooré Burkina Faso,moore,,dictionary,image,.webp,downloaded,assets/moore/general/dictionary/image/webonary_ninkare_bf_dico.jpg__b79a77556c53f14c.webp,88790,188b39ba6fc4b2e83d737354e0d271052ad77a723d1768ca39a3883aab4ff888,image/webp,200,"""69b9eed9-15ad6""","Wed, 18 Mar 2026 00:16:25 GMT",2026-10-03T20:19:01.735059+00:00,
asset,b87727bb6189ae96,https://mooreburkina.com/sites/www.mooreburkina.com/files/styles/max_750x750/public/2026-02/Webonarz%20Moore%20dico.jpg.webp?itok=I6bQRoFy,https://mooreburkina.com/fr/dictionnaire-moor%C3%A9/aplications-de-dictionnaires-pour-ordinateur,Applications de dictionnaires | Mooré Burkina Faso,moore,,dictionary,image,.webp,downloaded,assets/moore/general/dictionary/image/webonarz_moore_dico.jpg__b87727bb6189ae96.webp,80598,40c32495aec2df1f28d3e42d7fb4c8f2f4d09251f49c102b64e6271ab887b657,image/webp,200,"""69b9eed8-13ad6""","Wed, 18 Mar 2026 00:16:24 GMT",2026-10-03T20:19:02.211501+00:00,
asset,d149efbfc43ce312,https://mooreburkina.com/sites/www.mooreburkina.com/files/styles/max_750x750/public/2026-04/Tiefo%20dictionnaire%20sur%20Play%20Store.jpg.webp?itok=6Rrx3oMm,https://mooreburkina.com/fr/dictionnaire-moor%C3%A9/aplications-de-dictionnaires-pour-ordinateur,Applications de dictionnaires | Mooré Burkina Faso,moore,,dictionary,image,.webp,downloaded,assets/moore/general/dictionary/image/tiefo_dictionnaire_sur_play_store.jpg__d149efbfc43ce312.webp,78832,9235ba88823a9f58c01b5ed6a82f38091eb993900d60d5fd0145f2309310bb19,image/webp,200,"""69d003c4-133f0""","Fri, 03 Apr 2026 18:15:32 GMT",2026-10-03T20:19:02.687866+00:00,
asset,36843534652a9043,https://mooreburkina.com/sites/www.mooreburkina.com/files/styles/max_750x750/public/6%20Dictionnaires%20BF2.jpg.webp?itok=i1XC9wTx,https://mooreburkina.com/fr/dictionnaire-moor%C3%A9,Dictionnaires | Mooré Burkina Faso,moore,,dictionary,image,.webp,downloaded,assets/moore/general/dictionary/image/6_dictionnaires_bf2.jpg__36843534652a9043.webp,43120,056113bbbbb3913fb5d3aec1b4aecc93b7f415d7f861f655530b63015972b2bf,image/webp,200,"""69ba1a53-a870""","Wed, 18 Mar 2026 03:21:55 GMT",2026-10-03T20:19:03.070820+00:00,
asset,d8510cc9b0cb3ba6,https://mooreburkina.com/sites/www.mooreburkina.com/files/styles/max_750x750/public/6%20Dictionnaires%20BFmoore1.jpg.webp?itok=dadfpmni,https://mooreburkina.com/fr/dictionnaire-moor%C3%A9,Dictionnaires | Mooré Burkina Faso,moore,,dictionary,image,.webp,downloaded,assets/moore/general/dictionary/image/6_dictionnaires_bfmoore1.jpg__d8510cc9b0cb3ba6.webp,63018,84c5d45c23ec7727ef1b384a47e28dfc93079a755b2d8cbc14b90d0ff0304f9f,image/webp,200,"""69ba1a25-f62a""","Wed, 18 Mar 2026 03:21:09 GMT",2026-10-03T20:19:03.555738+00:00,
asset,77ad7b2e18108921,https://mooreburkina.com/sites/www.mooreburkina.com/files/styles/max_750x750/public/Applis%20Play%20Store%20images/Applis%20moore/01%20proverbes%20moore%20avec%20audio%20vol1.jpg.webp?itok=KkpCgLdq,https://mooreburkina.com/fr/applications-smartphone/applis-en-moor%C3%A9,Applis en mooré | Mooré Burkina Faso,moore,,app,image,.webp,downloaded,assets/moore/general/app/image/01_proverbes_moore_avec_audio_vol1.jpg__77ad7b2e18108921.webp,46620,db2f882b1f9d4d408de75676353b62cf09af9c6ac8874897b795602e368e7541,image/webp,200,"""69ba2aca-b61c""","Wed, 18 Mar 2026 04:32:10 GMT",2026-10-03T20:19:03.955744+00:00,
asset,998f227f00eb5d4a,https://mooreburkina.com/sites/www.mooreburkina.com/files/styles/max_750x750/public/Applis%20Play%20Store%20images/Applis%20moore/02%20proverbes%20moore%20avec%20audio%20vol2.jpg.webp?itok=2q8yh_zz,https://mooreburkina.com/fr/applications-smartphone/applis-en-moor%C3%A9,Applis en mooré | Mooré Burkina Faso,moore,,app,image,.webp,downloaded,assets/moore/general/app/image/02_proverbes_moore_avec_audio_vol2.jpg__998f227f00eb5d4a.webp,50846,894970bae6d83b4a1e4bdff8e80d06b8422adbb7dd244c3380a5f4f4ee93f6f9,image/webp,200,"""69ba2b2c-c69e""","Wed, 18 Mar 2026 04:33:48 GMT",2026-10-03T20:19:04.431816+00:00,
asset,153a479766da89a0,https://mooreburkina.com/sites/www.mooreburkina.com/files/styles/max_750x750/public/Applis%20Play%20Store%20images/Applis%20moore/03%20proverbes%20moore%20avec%20audio%20vol3.jpg.webp?itok=emohs5SP,https://mooreburkina.com/fr/applications-smartphone/applis-en-moor%C3%A9,Applis en mooré | Mooré Burkina Faso,moore,,app,image,.webp,downloaded,assets/moore/general/app/image/03_proverbes_moore_avec_audio_vol3.jpg__153a479766da89a0.webp,51454,6c04818b52b0ac8cfc79a65e98b3d471caa3371d3699c37e6fd513e389bf986e,image/webp,200,"""69ba2a36-c8fe""","Wed, 18 Mar 2026 04:29:42 GMT",2026-10-03T20:19:04.907939+00:00,
asset,e054d7e804225ac8,https://mooreburkina.com/sites/www.mooreburkina.com/files/styles/max_750x750/public/Applis%20Play%20Store%20images/Applis%20moore/04%20devinettes%20moore.jpg.webp?itok=k7aHysqV,https://mooreburkina.com/fr/applications-smartphone/applis-en-moor%C3%A9,Applis en mooré | Mooré Burkina Faso,moore,,app,image,.webp,downloaded,assets/moore/general/app/image/04_devinettes_moore.jpg__e054d7e804225ac8.webp,47784,2d29a017c584ea951b61f46b049c20f38d6a00e53d399f0d4f95d54b8bd52b27,image/webp,200,"""69ba2a30-baa8""","Wed, 18 Mar 2026 04:29:36 GMT",2026-10-03T20:19:05.290199+00:00,
asset,659f73b0ce5fd326,https://mooreburkina.com/sites/www.mooreburkina.com/files/styles/max_750x750/public/Applis%20Play%20Store%20images/Applis%20moore/05%20moore%20dictionary.jpg.webp?itok=7xsY8fhW,https://mooreburkina.com/fr/applications-smartphone/applis-en-moor%C3%A9,Applis en mooré | Mooré Burkina Faso,moore,,app,image,.webp,downloaded,assets/moore/general/app/image/05_moore_dictionary.jpg__659f73b0ce5fd326.webp,33614,3edd65bf7863da63c572c70ce42ffba9445ad1df149e224247de065b5cbf3cd8,image/webp,200,"""69ba29fc-834e""","Wed, 18 Mar 2026 04:28:44 GMT",2026-10-03T20:19:05.680188+00:00,
asset,84e2f1d5889799ee,https://mooreburkina.com/sites/www.mooreburkina.com/files/styles/max_750x750/public/Applis%20Play%20Store%20images/Applis%20moore/06%20contes%20moore%20audio%20vol%201.jpg.webp?itok=ifMErzNf,https://mooreburkina.com/fr/applications-smartphone/applis-en-moor%C3%A9,Applis en mooré | Mooré Burkina Faso,moore,,app,image,.webp,downloaded,assets/moore/general/app/image/06_contes_moore_audio_vol_1.jpg__84e2f1d5889799ee.webp,50300,5a3ae0b9ac108edadfe45f0a63c6acce18de5d6d17fa49d16c3f311503e9e0a7,image/webp,200,"""69ba2a79-c47c""","Wed, 18 Mar 2026 04:30:49 GMT",2026-10-03T20:19:06.159197+00:00,
asset,5629695b200d2501,https://mooreburkina.com/sites/www.mooreburkina.com/files/styles/max_750x750/public/Applis%20Play%20Store%20images/Applis%20moore/07%20contes%20moore%20audio%20vol%202.jpg.webp?itok=GZtqqDiY,https://mooreburkina.com/fr/applications-smartphone/applis-en-moor%C3%A9,Applis en mooré | Mooré Burkina Faso,moore,,app,image,.webp,downloaded,assets/moore/general/app/image/07_contes_moore_audio_vol_2.jpg__5629695b200d2501.webp,53574,b6b45192d5a71260e891833aa8c1978b395df6f1ea5c00418d89c7903c2a63a1,image/webp,200,"""69ba2b2c-d146""","Wed, 18 Mar 2026 04:33:48 GMT",2026-10-03T20:19:06.638210+00:00,
asset,5655333513e78006,https://mooreburkina.com/sites/www.mooreburkina.com/files/styles/max_750x750/public/Applis%20Play%20Store%20images/Applis%20moore/08%20912%20proverbes%20sissao.jpg.webp?itok=_f0TLf8p,https://mooreburkina.com/fr/applications-smartphone/applis-en-moor%C3%A9,Applis en mooré | Mooré Burkina Faso,moore,,app,image,.webp,downloaded,assets/moore/general/app/image/08_912_proverbes_sissao.jpg__5655333513e78006.webp,50394,f5ed04653b5047f3e5b5dc6ee3ff36995c4733f867ce2e3586c87083eb37b184,image/webp,200,"""69ba2a76-c4da""","Wed, 18 Mar 2026 04:30:46 GMT",2026-10-03T20:19:07.114586+00:00,
asset,90ea36e8efa5cb05,https://mooreburkina.com/sites/www.mooreburkina.com/files/styles/max_750x750/public/Applis%20Play%20Store%20images/Applis%20moore/09%20Burkina%20soalma.jpg.webp?itok=LtnsgNco,https://mooreburkina.com/fr/applications-smartphone/applis-en-moor%C3%A9,Applis en mooré | Mooré Burkina Faso,moore,,app,image,.webp,downloaded,assets/moore/general/app/image/09_burkina_soalma.jpg__90ea36e8efa5cb05.webp,44726,11f91b8c3507b9f9cfc9f4627e1a145ee19d2986ff6644cb90bc81bcb745ff88,image/webp,200,"""69ba2a79-aeb6""","Wed, 18 Mar 2026 04:30:49 GMT",2026-10-03T20:19:07.526019+00:00,
asset,f71aab3cde2c1fdc,https://mooreburkina.com/sites/www.mooreburkina.com/files/styles/max_750x750/public/Applis%20Play%20Store%20images/Applis%20moore/10%20Sagesse%20du%20Moogo%20vol%201.jpg.webp?itok=DGkApCAx,https://mooreburkina.com/fr/applications-smartphone/applis-en-moor%C3%A9,Applis en mooré | Mooré Burkina Faso,moore,,app,image,.webp,downloaded,assets/moore/general/app/image/10_sagesse_du_moogo_vol_1.jpg__f71aab3cde2c1fdc.webp,48638,e9f2797f42a28b050ac8586189ce728d8171db6e51dc3ebfe2f304f6cfc5aaf4,image/webp,200,"""69ba2a45-bdfe""","Wed, 18 Mar 2026 04:29:57 GMT",2026-10-03T20:19:08.001942+00:00,
asset,fa7649639742a538,https://mooreburkina.com/sites/www.mooreburkina.com/files/styles/max_750x750/public/Applis%20Play%20Store%20images/Applis%20moore/11%20Sagesse%20du%20Moogo%20vol%202.jpg.webp?itok=i4vUG66e,https://mooreburkina.com/fr/applications-smartphone/applis-en-moor%C3%A9,Applis en mooré | Mooré Burkina Faso,moore,,app,image,.webp,downloaded,assets/moore/general/app/image/11_sagesse_du_moogo_vol_2.jpg__fa7649639742a538.webp,51178,365d13415ad9ff271bcb4accfe96cb06fd7546cb15b40bf62a61f5344d05e263,image/webp,200,"""69ba2a44-c7ea""","Wed, 18 Mar 2026 04:29:56 GMT",2026-10-03T20:19:08.477581+00:00,
asset,af5e3793dc8451ab,https://mooreburkina.com/sites/www.mooreburkina.com/files/styles/max_750x750/public/Applis%20Play%20Store%20images/Applis%20moore/12%20Cantiques%20en%20moore.jpg.webp?itok=oF_ZYTph,https://mooreburkina.com/fr/applications-smartphone/applis-en-moor%C3%A9,Applis en mooré | Mooré Burkina Faso,moore,,app,image,.webp,downloaded,assets/moore/general/app/image/12_cantiques_en_moore.jpg__af5e3793dc8451ab.webp,47570,6be33476cf632d320b1fa6c9873c5893b220f727d49b8c38497d6802e209c2e2,image/webp,200,"""69ba2a76-b9d2""","Wed, 18 Mar 2026 04:30:46 GMT",2026-10-03T20:19:08.878496+00:00,
asset,13ebe33aee758098,https://mooreburkina.com/sites/www.mooreburkina.com/files/styles/max_750x750/public/Applis%20Play%20Store%20images/Applis%20moore/13%20Ruthi%20sebre.jpg.webp?itok=eqB-b1OZ,https://mooreburkina.com/fr/applications-smartphone/applis-en-moor%C3%A9,Applis en mooré | Mooré Burkina Faso,moore,,app,image,.webp,downloaded,assets/moore/general/app/image/13_ruthi_sebre.jpg__13ebe33aee758098.webp,50952,3c04a29e4e185555a68766f946ffcf268e3560053e8bc32598aeff9237aca18d,image/webp,200,"""69ba2a30-c708""","Wed, 18 Mar 2026 04:29:36 GMT",2026-10-03T20:19:09.356768+00:00,
asset,5c1c82f036b70192,https://mooreburkina.com/sites/www.mooreburkina.com/files/styles/max_750x750/public/Applis%20Play%20Store%20images/Applis%20moore/14%20proverbes%20moore%20vol1.jpg.webp?itok=mfeCgBSH,https://mooreburkina.com/fr/applications-smartphone/applis-en-moor%C3%A9,Applis en mooré | Mooré Burkina Faso,moore,,app,image,.webp,downloaded,assets/moore/general/app/image/14_proverbes_moore_vol1.jpg__5c1c82f036b70192.webp,49406,f98541f2edf977909abfcd0f20b3fe036692604aaffa9b69f81f73a7422df8e9,image/webp,200,"""69ba2a26-c0fe""","Wed, 18 Mar 2026 04:29:26 GMT",2026-10-03T20:19:09.755229+00:00,
asset,c394a6ee4ad861c6,https://mooreburkina.com/sites/www.mooreburkina.com/files/styles/max_750x750/public/Applis%20Play%20Store%20images/Applis%20moore/22%20Bibble%20Moore%20AB.jpg.webp?itok=LcgL6Q4-,https://mooreburkina.com/fr/applications-smartphone/applis-en-moor%C3%A9,Applis en mooré | Mooré Burkina Faso,moore,,app,image,.webp,downloaded,assets/moore/general/app/image/22_bibble_moore_ab.jpg__c394a6ee4ad861c6.webp,35684,3778fab5df8738ad4923b9779acd655252e853cc1f93ae72034d64a07f46b4f8,image/webp,200,"""69ba2b21-8b64""","Wed, 18 Mar 2026 04:33:37 GMT",2026-10-03T20:19:10.150376+00:00,
asset,a608a875912d0c28,https://mooreburkina.com/sites/www.mooreburkina.com/files/styles/max_750x750/public/Applis%20Play%20Store%20images/Applis%20moore/23%20Bibble%20Moore%20Cath.jpg.webp?itok=yjquCN6e,https://mooreburkina.com/fr/applications-smartphone/applis-en-moor%C3%A9,Applis en mooré | Mooré Burkina Faso,moore,,app,image,.webp,downloaded,assets/moore/general/app/image/23_bibble_moore_cath.jpg__a608a875912d0c28.webp,37912,c0479759a31030dbf81321023837a57ad5ad6b6c22f67d036060fffa1b734b36,image/webp,200,"""69ba2a26-9418""","Wed, 18 Mar 2026 04:29:26 GMT",2026-10-03T20:19:10.646008+00:00,
asset,0f19243b2f5cc1d5,https://mooreburkina.com/sites/www.mooreburkina.com/files/styles/max_750x750/public/Applis%20Play%20Store%20images/Applis%20moore/24%20Bibble%20Moore%20Delma.jpg.webp?itok=aaUTyCp_,https://mooreburkina.com/fr/applications-smartphone/applis-en-moor%C3%A9,Applis en mooré | Mooré Burkina Faso,moore,,app,image,.webp,downloaded,assets/moore/general/app/image/24_bibble_moore_delma.jpg__0f19243b2f5cc1d5.webp,40426,6fdb7a6fbe9b9c7e0baf9fb6cf8d139643807f917e09749a247905dc378399b7,image/webp,200,"""69ba2ade-9dea""","Wed, 18 Mar 2026 04:32:30 GMT",2026-10-03T20:19:11.125947+00:00,
asset,8fbdf81ee22cd040,https://mooreburkina.com/sites/www.mooreburkina.com/files/styles/max_750x750/public/Applis%20Play%20Store%20images/Applis%20moore/Moore%20dictionary%20on%20app%20Store.jpg.webp?itok=3OJCtfHq,https://mooreburkina.com/fr/applications-smartphone/applis-en-moor%C3%A9,Applis en mooré | Mooré Burkina Faso,moore,,app,image,.webp,downloaded,assets/moore/general/app/image/moore_dictionary_on_app_store.jpg__8fbdf81ee22cd040.webp,13742,d6c15de68188143d18dfb825fd3d4cae380f1f344829006b2a46d1334ffed4e2,image/webp,200,"""69ba29f0-35ae""","Wed, 18 Mar 2026 04:28:32 GMT",2026-10-03T20:19:11.511241+00:00,
asset,54bcaa31153dff98,https://mooreburkina.com/sites/www.mooreburkina.com/files/styles/max_750x750/public/Applis%20Play%20Store%20images/smartphone%20apply%20Play%20Store.jpg.webp?itok=DcLyXBiw,https://mooreburkina.com/fr/applications-smartphone,Applications smartphone | Mooré Burkina Faso,moore,,app,image,.webp,downloaded,assets/moore/general/app/image/smartphone_apply_play_store.jpg__54bcaa31153dff98.webp,22870,7a1c06d05c8481b5375490ce91090d4829bd48c8361d7d6fcdd6613d8e8c8aa5,image/webp,200,"""69b9e5e0-5956""","Tue, 17 Mar 2026 23:38:08 GMT",2026-10-03T20:19:11.990132+00:00,
asset,f22b6f4b9c1f37fc,https://mooreburkina.com/sites/www.mooreburkina.com/files/styles/max_750x750/public/Dictio%20apk/google-play-store%20jpg.jpg.webp?itok=5w7WYuob,https://mooreburkina.com/fr/dictionnaire-moor%C3%A9/aplications-de-dictionnaires-pour-ordinateur,Applications de dictionnaires | Mooré Burkina Faso,moore,,dictionary,image,.webp,downloaded,assets/moore/general/dictionary/image/google-play-store_jpg.jpg__f22b6f4b9c1f37fc.webp,3076,4d59388ce22d505ca7378b762deebfca75fb3f4fa1c7d76bfdb200513b6ff80f,image/webp,200,"""69b9eed9-c04""","Wed, 18 Mar 2026 00:16:25 GMT",2026-10-03T20:19:12.372001+00:00,
asset,aedeb943654666e5,https://mooreburkina.com/sites/www.mooreburkina.com/files/styles/max_750x750/public/Dictio%20apk/smarthphone%20Kusaal-bf.jpg.webp?itok=WM_awmp5,https://mooreburkina.com/fr/dictionnaire-moor%C3%A9/aplications-de-dictionnaires-pour-ordinateur,Applications de dictionnaires | Mooré Burkina Faso,moore,,dictionary,image,.webp,downloaded,assets/moore/general/dictionary/image/smarthphone_kusaal-bf.jpg__aedeb943654666e5.webp,23816,8843db2255676b524ae7ac3f3fa6319b0db706c5f7be2d28a9f9fbf43c50b6cc,image/webp,200,"""69b9eeda-5d08""","Wed, 18 Mar 2026 00:16:26 GMT",2026-10-03T20:19:12.853364+00:00,
asset,cca7c0fd522a6f9b,https://mooreburkina.com/sites/www.mooreburkina.com/files/styles/max_750x750/public/Dictio%20apk/smarthphone%20kassem.jpg.webp?itok=bMRLitbW,https://mooreburkina.com/fr/dictionnaire-moor%C3%A9/aplications-de-dictionnaires-pour-ordinateur,Applications de dictionnaires | Mooré Burkina Faso,moore,,dictionary,image,.webp,downloaded,assets/moore/general/dictionary/image/smarthphone_kassem.jpg__cca7c0fd522a6f9b.webp,25864,44766d52e1e88b3df39c4ee455b9b74aa5423bc90045cf622bf67c1b69d72d56,image/webp,200,"""69b9eed9-6508""","Wed, 18 Mar 2026 00:16:25 GMT",2026-10-03T20:19:13.332994+00:00,
asset,6ce34dce7ca1829d,https://mooreburkina.com/sites/www.mooreburkina.com/files/styles/max_750x750/public/Dictio%20apk/smarthphone%20moore.jpg.webp?itok=JdbI1GLZ,https://mooreburkina.com/fr/dictionnaire-moor%C3%A9/aplications-de-dictionnaires-pour-ordinateur,Applications de dictionnaires | Mooré Burkina Faso,moore,,dictionary,image,.webp,downloaded,assets/moore/general/dictionary/image/smarthphone_moore.jpg__6ce34dce7ca1829d.webp,23238,93b5fc7efbb8490dc2bd154988c3b585f4dcaef5959a46c165e76441723a0140,image/webp,200,"""69b9eed9-5ac6""","Wed, 18 Mar 2026 00:16:25 GMT",2026-10-03T20:19:13.814982+00:00,
asset,266ecc7af9f2c422,https://mooreburkina.com/sites/www.mooreburkina.com/files/styles/max_750x750/public/Dictio%20apk/smarthphone%20ninkare.jpg.webp?itok=AnQttPtL,https://mooreburkina.com/fr/dictionnaire-moor%C3%A9/aplications-de-dictionnaires-pour-ordinateur,Applications de dictionnaires | Mooré Burkina Faso,moore,,dictionary,image,.webp,downloaded,assets/moore/general/dictionary/image/smarthphone_ninkare.jpg__266ecc7af9f2c422.webp,25082,7dd2c60a27f2e7809f0ce06d3593ac010d3aaf97f2d3090f42ff000f51a6a22e,image/webp,200,"""69b9eeda-61fa""","Wed, 18 Mar 2026 00:16:26 GMT",2026-10-03T20:19:14.290773+00:00,
asset,386c2b5f13224e79,https://mooreburkina.com/sites/www.mooreburkina.com/files/styles/max_750x750/public/Dictio%20apk/smartphone%20dic%201.png.webp?itok=XSB3NHOO,https://mooreburkina.com/fr/dictionnaire-moor%C3%A9,Dictionnaires | Mooré Burkina Faso,moore,,dictionary,image,.webp,downloaded,assets/moore/general/dictionary/image/smartphone_dic_1.png__386c2b5f13224e79.webp,14014,e6fe15fdd025536d8ff088475460a2f0a5d3397c3695302eabab8cba5cade241,image/webp,200,"""69ba1a39-36be""","Wed, 18 Mar 2026 03:21:29 GMT",2026-10-03T20:19:14.671760+00:00,
asset,4350879b9ce235b5,https://mooreburkina.com/sites/www.mooreburkina.com/files/styles/max_750x750/public/Diction%20exe/Ordinateur%20portable%20dic%20moore.jpg.webp?itok=3A0LP8hf,https://mooreburkina.com/fr/dictionnaire-moor%C3%A9;https://mooreburkina.com/fr/dictionnaire-moor%C3%A9/aplications-de-dictionnaires-pour-ordinateur,Applications de dictionnaires | Mooré Burkina Faso,moore,,dictionary,image,.webp,downloaded,assets/moore/general/dictionary/image/ordinateur_portable_dic_moore.jpg__4350879b9ce235b5.webp,18928,558064d795b6b4587f66b324fe3f89ef98dd7241a6857e72e1031950cf3be512,image/webp,200,"""69b9eed8-49f0""","Wed, 18 Mar 2026 00:16:24 GMT",2026-10-03T20:19:15.149286+00:00,
asset,3a026ec6b7127eb8,https://mooreburkina.com/sites/www.mooreburkina.com/files/styles/max_750x750/public/Diction%20exe/dictionnaire%20kassem.png.webp?itok=5wxrPr6z,https://mooreburkina.com/fr/dictionnaire-moor%C3%A9/aplications-de-dictionnaires-pour-ordinateur,Applications de dictionnaires | Mooré Burkina Faso,moore,,dictionary,image,.webp,downloaded,assets/moore/general/dictionary/image/dictionnaire_kassem.png__3a026ec6b7127eb8.webp,13510,893a1e010aa160f9cd3197ad95a96e97834caf6b8c3859c87129527e169dd073,image/webp,200,"""69b9eed9-34c6""","Wed, 18 Mar 2026 00:16:25 GMT",2026-10-03T20:19:15.535287+00:00,
asset,466516c579fb5e9a,https://mooreburkina.com/sites/www.mooreburkina.com/files/styles/max_750x750/public/Diction%20exe/dictionnaire%20kusaal-bf.jpg.webp?itok=3CZsA-nG,https://mooreburkina.com/fr/dictionnaire-moor%C3%A9/aplications-de-dictionnaires-pour-ordinateur,Applications de dictionnaires | Mooré Burkina Faso,moore,,dictionary,image,.webp,downloaded,assets/moore/general/dictionary/image/dictionnaire_kusaal-bf.jpg__466516c579fb5e9a.webp,12310,f03b626de9ac8264e420fc02a3594b05ea771b3fbfee78bc8332870d1fed117c,image/webp,200,"""69b9eed9-3016""","Wed, 18 Mar 2026 00:16:25 GMT",2026-10-03T20:19:15.919618+00:00,
asset,415d866796940a27,https://mooreburkina.com/sites/www.mooreburkina.com/files/styles/max_750x750/public/Diction%20exe/dictionnaire%20ninkare.jpg.webp?itok=faScIPBE,https://mooreburkina.com/fr/dictionnaire-moor%C3%A9/aplications-de-dictionnaires-pour-ordinateur,Applications de dictionnaires | Mooré Burkina Faso,moore,,dictionary,image,.webp,downloaded,assets/moore/general/dictionary/image/dictionnaire_ninkare.jpg__415d866796940a27.webp,12198,b2d51b9660fde6a798cf048a0df894adca5d611e5932bddce05d9b9c75e63e19,image/webp,200,"""69b9eed9-2fa6""","Wed, 18 Mar 2026 00:16:25 GMT",2026-10-03T20:19:16.300895+00:00,
asset,03a2be45033a92b1,https://mooreburkina.com/sites/www.mooreburkina.com/files/styles/max_750x750/public/Keyman%20Clavier%20du%20Burkina.jpg.webp?itok=KB1diPdj,https://mooreburkina.com/fr/livres-en-moor%C3%A9/%C3%A9crire-les-langues-nationales,Écrire les langues nationales | Mooré Burkina Faso,moore,,book_document,image,.webp,downloaded,assets/moore/general/book_document/image/keyman_clavier_du_burkina.jpg__03a2be45033a92b1.webp,25586,589e3b017be24aada79604ba7fbe7e4fc5d98d8b518932f87f899b00ace48eea,image/webp,200,"""69b9d37a-63f2""","Tue, 17 Mar 2026 22:19:38 GMT",2026-10-03T20:19:16.779200+00:00,
asset,6a6b17b59ede6378,https://mooreburkina.com/sites/www.mooreburkina.com/files/styles/max_750x750/public/Keyman%20characteres%20speciaux%201.jpg.webp?itok=DwXYOHKX,https://mooreburkina.com/fr/livres-en-moor%C3%A9/%C3%A9crire-les-langues-nationales,Écrire les langues nationales | Mooré Burkina Faso,moore,,book_document,image,.webp,downloaded,assets/moore/general/book_document/image/keyman_characteres_speciaux_1.jpg__6a6b17b59ede6378.webp,24486,7c47c8034a1f559928ef80bc730c21338e8d18a65b1495cfc721c7ffe23dabb9,image/webp,200,"""69b9d37b-5fa6""","Tue, 17 Mar 2026 22:19:39 GMT",2026-10-03T20:19:17.262131+00:00,
asset,9d3a75605edd4c72,https://mooreburkina.com/sites/www.mooreburkina.com/files/styles/max_750x750/public/Keyman%20characteres%20speciaux.jpg.webp?itok=31HOMEuh,https://mooreburkina.com/fr/livres-en-moor%C3%A9/%C3%A9crire-les-langues-nationales,Écrire les langues nationales | Mooré Burkina Faso,moore,,book_document,image,.webp,downloaded,assets/moore/general/book_document/image/keyman_characteres_speciaux.jpg__9d3a75605edd4c72.webp,33674,45e6d38e284213732eccdbc811ee3c55af4cb4c3f9bd2c29f60d3cf56cd9c9a3,image/webp,200,"""69b9d37a-838a""","Tue, 17 Mar 2026 22:19:38 GMT",2026-10-03T20:19:17.741351+00:00,
asset,8991ee8c8af03b8a,https://mooreburkina.com/sites/www.mooreburkina.com/files/styles/max_750x750/public/Kouraogo%20et%20Larle%20Naaba.jpg.webp?itok=Yn0z26Mc,https://mooreburkina.com/fr/contes-proverbes/la-sagesse-du-moogo-vol-1;https://mooreburkina.com/fr/contes-proverbes/la-sagesse-du-moogo-vol-2,La sagesse du Moogo vol. 1 | Mooré Burkina Faso,moore,,folktale,image,.webp,downloaded,assets/moore/general/folktale/image/kouraogo_et_larle_naaba.jpg__8991ee8c8af03b8a.webp,3644,58f6ef194b12e186b7fde6ccc8e413bb2118d7b63b01096564b0d2cac97b8f2f,image/webp,200,"""69b9f8eb-e3c""","Wed, 18 Mar 2026 00:59:23 GMT",2026-10-03T20:19:18.121986+00:00,
asset,52ff4daab7911ca1,https://mooreburkina.com/sites/www.mooreburkina.com/files/styles/max_750x750/public/Photos%20chants/3%20smartphones%20dic%20jan%202018.png.webp?itok=SXkC9mH0,https://mooreburkina.com/;https://mooreburkina.com/fr;https://mooreburkina.com/fr/bienvenu-au-pays-mossi,Mooré Burkina Faso,moore,,other,image,.webp,downloaded,assets/moore/general/other/image/3_smartphones_dic_jan_2018.png__52ff4daab7911ca1.webp,54684,0c3e09eeb2407aa2ba37bab636dced7acc9979fb7018896cc8c0fc258c0d7b96,image/webp,200,"""69b9d8fa-d59c""","Tue, 17 Mar 2026 22:43:06 GMT",2026-10-03T20:19:18.695058+00:00,
asset,77f4ece2fd7a35f0,https://mooreburkina.com/sites/www.mooreburkina.com/files/styles/max_750x750/public/Photos%20chants/Accueil%201%20Kopie.jpg.webp?itok=usxheNlG,https://mooreburkina.com/;https://mooreburkina.com/fr;https://mooreburkina.com/fr/bienvenu-au-pays-mossi,Mooré Burkina Faso,moore,,other,image,.webp,downloaded,assets/moore/general/other/image/accueil_1_kopie.jpg__77f4ece2fd7a35f0.webp,69744,4dece392e6a4a23fc8b4b4a5f3aff3a60ca53666c5e41942d1f042ca65af71e0,image/webp,200,"""69b9d8fa-11070""","Tue, 17 Mar 2026 22:43:06 GMT",2026-10-03T20:19:19.175801+00:00,
asset,521d88c8e25a6eae,https://mooreburkina.com/sites/www.mooreburkina.com/files/styles/max_750x750/public/Photos%20chants/Ordinateur%20portable%20dic%20moore.jpg.webp?itok=JGrl24PJ,https://mooreburkina.com/;https://mooreburkina.com/fr;https://mooreburkina.com/fr/bienvenu-au-pays-mossi,Mooré Burkina Faso,moore,,other,image,.webp,downloaded,assets/moore/general/other/image/ordinateur_portable_dic_moore.jpg__521d88c8e25a6eae.webp,18928,558064d795b6b4587f66b324fe3f89ef98dd7241a6857e72e1031950cf3be512,image/webp,200,"""69b9d8fa-49f0""","Tue, 17 Mar 2026 22:43:06 GMT",2026-10-03T20:19:19.558134+00:00,
asset,d12e5e5d8585838c,https://mooreburkina.com/sites/www.mooreburkina.com/files/styles/max_750x750/public/Photos%20chants/accueil%20contes%20moore400.jpg.webp?itok=FzOzbktF,https://mooreburkina.com/;https://mooreburkina.com/fr;https://mooreburkina.com/fr/bienvenu-au-pays-mossi,Mooré Burkina Faso,moore,,other,image,.webp,downloaded,assets/moore/general/other/image/accueil_contes_moore400.jpg__d12e5e5d8585838c.webp,23392,eb47b8d5fc0c81df354beb5658117765dac32f0eddf75f91715a8a7f22862698,image/webp,200,"""69b9d8fa-5b60""","Tue, 17 Mar 2026 22:43:06 GMT",2026-10-03T20:19:19.960204+00:00,
asset,401adeb3cc1b65d2,https://mooreburkina.com/sites/www.mooreburkina.com/files/styles/max_750x750/public/Sagesse%20du%20moogo%201.jpg.webp?itok=x6111MgC,https://mooreburkina.com/fr/contes-proverbes/la-sagesse-du-moogo-vol-1,La sagesse du Moogo vol. 1 | Mooré Burkina Faso,moore,,folktale,image,.webp,downloaded,assets/moore/general/folktale/image/sagesse_du_moogo_1.jpg__401adeb3cc1b65d2.webp,57266,1117999da0d17493bdbc613467271b174c372eece443da7894bab6315270ec04,image/webp,200,"""69b9f8ec-dfb2""","Wed, 18 Mar 2026 00:59:24 GMT",2026-10-03T20:19:20.436779+00:00,
asset,279a69980fb5e97c,https://mooreburkina.com/sites/www.mooreburkina.com/files/styles/max_750x750/public/Sagesse%20du%20moogo%202.jpg.webp?itok=ZUzae3Xj,https://mooreburkina.com/fr/contes-proverbes/la-sagesse-du-moogo-vol-2,La sagesse du Moogo vol. 2 | Mooré Burkina Faso,moore,,folktale,image,.webp,downloaded,assets/moore/general/folktale/image/sagesse_du_moogo_2.jpg__279a69980fb5e97c.webp,60800,dd3da1c395eba5300cea0e67738ba6588f1462f941a4f960068b2e11bfceb428,image/webp,200,"""69ba6b1c-ed80""","Wed, 18 Mar 2026 09:06:36 GMT",2026-10-03T20:19:20.913770+00:00,
asset,3fd53aa17939f5db,https://mooreburkina.com/sites/www.mooreburkina.com/files/styles/max_750x750/public/caracteres%20speciaux1b.jpg.webp?itok=Lxu7MyIe,https://mooreburkina.com/fr/livres-en-moor%C3%A9/%C3%A9crire-les-langues-nationales,Écrire les langues nationales | Mooré Burkina Faso,moore,,book_document,image,.webp,downloaded,assets/moore/general/book_document/image/caracteres_speciaux1b.jpg__3fd53aa17939f5db.webp,25052,6140a3042d9d91defac1a804d5d5985b8762aae96b8c35c89cd0bd96d360551e,image/webp,200,"""69b9d37b-61dc""","Tue, 17 Mar 2026 22:19:39 GMT",2026-10-03T20:19:21.297935+00:00,
asset,8b715890db8b8fb8,https://mooreburkina.com/sites/www.mooreburkina.com/files/styles/max_750x750/public/keyman%202%20installer.png.webp?itok=SSlVB6R2,https://mooreburkina.com/fr/livres-en-moor%C3%A9/%C3%A9crire-les-langues-nationales,Écrire les langues nationales | Mooré Burkina Faso,moore,,book_document,image,.webp,downloaded,assets/moore/general/book_document/image/keyman_2_installer.png__8b715890db8b8fb8.webp,34032,85706110222209d710bf9ae398c8485e7a031aa802bc7070a9b737c535041037,image/webp,200,"""69b9d37b-84f0""","Tue, 17 Mar 2026 22:19:39 GMT",2026-10-03T20:19:21.773939+00:00,
asset,7b43e2f063e6ef1a,https://mooreburkina.com/sites/www.mooreburkina.com/files/styles/max_750x750/public/keyman%20AYERTY%20et%20QUERTY.jpg.webp?itok=EiqgyY91,https://mooreburkina.com/fr/livres-en-moor%C3%A9/%C3%A9crire-les-langues-nationales,Écrire les langues nationales | Mooré Burkina Faso,moore,,book_document,image,.webp,downloaded,assets/moore/general/book_document/image/keyman_ayerty_et_querty.jpg__7b43e2f063e6ef1a.webp,10672,ef2a4a7f49b20b7460af9d9f6d063ffb6a55eafb54ca102149c84bf3a3e87518,image/webp,200,"""69b9d37b-29b0""","Tue, 17 Mar 2026 22:19:39 GMT",2026-10-03T20:19:22.160956+00:00,
asset,b2c5f00b0d3ea387,https://mooreburkina.com/sites/www.mooreburkina.com/files/styles/max_750x750/public/keyman%20drapeau%20BF%20AZERTY.png.webp?itok=CHxSer7E,https://mooreburkina.com/fr/livres-en-moor%C3%A9/%C3%A9crire-les-langues-nationales,Écrire les langues nationales | Mooré Burkina Faso,moore,,book_document,image,.webp,downloaded,assets/moore/general/book_document/image/keyman_drapeau_bf_azerty.png__b2c5f00b0d3ea387.webp,688,08c4bd9f254f57011f5a810fda7b64e0603a6a0dd95ec2b6d43954f6c1eaf4d0,image/webp,200,"""69b9d37b-2b0""","Tue, 17 Mar 2026 22:19:39 GMT",2026-10-03T20:19:22.542324+00:00,
asset,2ec504ee7cb2b5fe,https://mooreburkina.com/sites/www.mooreburkina.com/files/styles/max_750x750/public/keyman%20drapeau%20BF%20QUERTY.jpg.webp?itok=vMfrvNP6,https://mooreburkina.com/fr/livres-en-moor%C3%A9/%C3%A9crire-les-langues-nationales,Écrire les langues nationales | Mooré Burkina Faso,moore,,book_document,image,.webp,downloaded,assets/moore/general/book_document/image/keyman_drapeau_bf_querty.jpg__2ec504ee7cb2b5fe.webp,2798,f2ef43a72ef59e0aaa4326206b54c139404587e35a1e2b72fcaef3ed5628d49c,image/webp,200,"""69b9d37b-aee""","Tue, 17 Mar 2026 22:19:39 GMT",2026-10-03T20:19:22.938056+00:00,
asset,aacda1feb01a675a,https://mooreburkina.com/sites/www.mooreburkina.com/files/styles/max_750x750/public/pdf-files/01%20Dictionnaire%20Moore%20Franc%20Page%20titre1.jpg.webp?itok=j8kkYtRi,https://mooreburkina.com/fr/livres-en-moor%C3%A9/t%C3%A9l%C3%A9charger-pdf,Télécharger des livres en mooré pdf | Mooré Burkina Faso,moore,,book_document,image,.webp,downloaded,assets/moore/general/book_document/image/01_dictionnaire_moore_franc_page_titre1.jpg__aacda1feb01a675a.webp,11858,903f106ba8fdf855fb7eaf2440ac0bb8967bce6dd2df7a7c056ca1c82b41946d,image/webp,200,"""69ba1404-2e52""","Wed, 18 Mar 2026 02:55:00 GMT",2026-10-03T20:19:23.323210+00:00,
asset,f1909ff48b46cadc,https://mooreburkina.com/sites/www.mooreburkina.com/files/styles/max_750x750/public/pdf-files/Elle%20et%20Lui%20le%20couple%20se%20construit.jpg.webp?itok=kD_zPklf,https://mooreburkina.com/fr/livres-en-moor%C3%A9/t%C3%A9l%C3%A9charger-pdf,Télécharger des livres en mooré pdf | Mooré Burkina Faso,moore,,book_document,image,.webp,downloaded,assets/moore/general/book_document/image/elle_et_lui_le_couple_se_construit.jpg__f1909ff48b46cadc.webp,14010,3a230affd0c428db3657c55cfe8e37a51f6374fd7fb6f6550b65a3a66071e41f,image/webp,200,"""69ba1403-36ba""","Wed, 18 Mar 2026 02:54:59 GMT",2026-10-03T20:19:23.800963+00:00,
asset,0bf0e612ff3474c8,https://mooreburkina.com/sites/www.mooreburkina.com/files/styles/max_750x750/public/pdf-files/Parties%20du%20corps%20en%20moor%C3%A9.jpg.webp?itok=sOUWl-bm,https://mooreburkina.com/fr/livres-en-moor%C3%A9/t%C3%A9l%C3%A9charger-pdf,Télécharger des livres en mooré pdf | Mooré Burkina Faso,moore,,book_document,image,.webp,downloaded,assets/moore/general/book_document/image/parties_du_corps_en_moore.jpg__0bf0e612ff3474c8.webp,37518,dbb7aa5e2f7f427811784487972235d4ded0e2f68b63ec2e967df2a7107fb17e,image/webp,200,"""69ba1404-928e""","Wed, 18 Mar 2026 02:55:00 GMT",2026-10-03T20:19:24.281145+00:00,
asset,46a5c848179a8fb8,https://mooreburkina.com/sites/www.mooreburkina.com/files/styles/max_750x750/public/pdf-files/SIDA%20Poko%20facilitateur.jpg.webp?itok=fIl2f9II,https://mooreburkina.com/fr/livres-en-moor%C3%A9/t%C3%A9l%C3%A9charger-pdf,Télécharger des livres en mooré pdf | Mooré Burkina Faso,moore,,book_document,image,.webp,downloaded,assets/moore/general/book_document/image/sida_poko_facilitateur.jpg__46a5c848179a8fb8.webp,17948,d232b806f66bd4f10a5a7a652c200b8d723c690178f31b00beb4dc21b7c5d341,image/webp,200,"""69ba1404-461c""","Wed, 18 Mar 2026 02:55:00 GMT",2026-10-03T20:19:24.665397+00:00,
asset,eea56bcdd994cbc9,https://mooreburkina.com/sites/www.mooreburkina.com/files/styles/max_750x750/public/pdf-files/SIDa%20Poko%20en%20moore.jpg.webp?itok=y2OcXP4y,https://mooreburkina.com/fr/livres-en-moor%C3%A9/t%C3%A9l%C3%A9charger-pdf,Télécharger des livres en mooré pdf | Mooré Burkina Faso,moore,,book_document,image,.webp,downloaded,assets/moore/general/book_document/image/sida_poko_en_moore.jpg__eea56bcdd994cbc9.webp,20464,4875ad78f9f01b05ee4359f8bf05cafb77f9c90709fba180798d680ed5a44284,image/webp,200,"""69ba1404-4ff0""","Wed, 18 Mar 2026 02:55:00 GMT",2026-10-03T20:19:25.142804+00:00,
asset,445fbdf6e7d4e858,https://mooreburkina.com/sites/www.mooreburkina.com/files/styles/max_750x750/public/slideshow-images/Femmes01.jpg.webp?itok=lUyZxNXO,https://mooreburkina.com/fr/images/fotos-du-pays-mossi/gens-et-impressions,Gens et leur quotidien | Mooré Burkina Faso,moore,,image_culture,image,.webp,downloaded,assets/moore/general/image_culture/image/femmes01.jpg__445fbdf6e7d4e858.webp,103890,ca30bc0519b07b4f09db84244458b8e6f588e6afcb22305f373b8e8923fee341,image/webp,200,"""69ba0367-195d2""","Wed, 18 Mar 2026 01:44:07 GMT",2026-10-03T20:19:25.718710+00:00,
asset,e6c4c50951369643,https://mooreburkina.com/sites/www.mooreburkina.com/files/styles/max_750x750/public/slideshow-images/acheter01.jpg.webp?itok=Bk_UaKT-,https://mooreburkina.com/fr/images/fotos-du-pays-mossi/gens-et-impressions,Gens et leur quotidien | Mooré Burkina Faso,moore,,image_culture,image,.webp,downloaded,assets/moore/general/image_culture/image/acheter01.jpg__e6c4c50951369643.webp,65690,da17d47023baaf738146ffaf26d81756d32005d80a9e7f701686e668fd1a9a6d,image/webp,200,"""69ba035d-1009a""","Wed, 18 Mar 2026 01:43:57 GMT",2026-10-03T20:19:26.197647+00:00,
asset,3989105c3ac126e8,https://mooreburkina.com/sites/www.mooreburkina.com/files/styles/max_750x750/public/slideshow-images/agri01.jpg.webp?itok=OAi-5k05,https://mooreburkina.com/fr/images/fotos-du-pays-mossi/gens-et-impressions,Gens et leur quotidien | Mooré Burkina Faso,moore,,image_culture,image,.webp,downloaded,assets/moore/general/image_culture/image/agri01.jpg__3989105c3ac126e8.webp,150056,260bc795ccb5e78e3283dd4cd9c7417e746fed3f510a0e23b9d01af4f1dd0359,image/webp,200,"""69ba0367-24a28""","Wed, 18 Mar 2026 01:44:07 GMT",2026-10-03T20:19:26.678630+00:00,
asset,e27c2d7efa7fc724,https://mooreburkina.com/sites/www.mooreburkina.com/files/styles/max_750x750/public/slideshow-images/agri03.jpg.webp?itok=7IulGK-r,https://mooreburkina.com/fr/images/fotos-du-pays-mossi/gens-et-impressions,Gens et leur quotidien | Mooré Burkina Faso,moore,,image_culture,image,.webp,downloaded,assets/moore/general/image_culture/image/agri03.jpg__e27c2d7efa7fc724.webp,58368,4566fa0c209274401f801e2a50b831e5dea91f31ba0d48fd6ca401074a0dbb30,image/webp,200,"""69ba04b5-e400""","Wed, 18 Mar 2026 01:49:41 GMT",2026-10-03T20:19:27.061698+00:00,
asset,e994011a8552535d,https://mooreburkina.com/sites/www.mooreburkina.com/files/styles/max_750x750/public/slideshow-images/cheval01.jpg.webp?itok=IAezMrzh,https://mooreburkina.com/fr/images/fotos-du-pays-mossi/gens-et-impressions,Gens et leur quotidien | Mooré Burkina Faso,moore,,image_culture,image,.webp,downloaded,assets/moore/general/image_culture/image/cheval01.jpg__e994011a8552535d.webp,51042,d5b270a55d2c4334a6bcda7e1cff59f4bb5eb47d167767b74e58971f51c1d232,image/webp,200,"""69ba032a-c762""","Wed, 18 Mar 2026 01:43:06 GMT",2026-10-03T20:19:27.456972+00:00,
asset,6396db71a324176c,https://mooreburkina.com/sites/www.mooreburkina.com/files/styles/max_750x750/public/slideshow-images/cheval02.jpg.webp?itok=T-nfWchO,https://mooreburkina.com/fr/images/fotos-du-pays-mossi/gens-et-impressions,Gens et leur quotidien | Mooré Burkina Faso,moore,,image_culture,image,.webp,downloaded,assets/moore/general/image_culture/image/cheval02.jpg__6396db71a324176c.webp,32814,2195d611c9d98955e4fae31a3eb76528ccda9cd5f948851a55afa56107157122,image/webp,200,"""69ba0456-802e""","Wed, 18 Mar 2026 01:48:06 GMT",2026-10-03T20:19:27.838152+00:00,
asset,904b523d0ccca410,https://mooreburkina.com/sites/www.mooreburkina.com/files/styles/max_750x750/public/slideshow-images/circulation01.JPG.webp?itok=27mYfwV3,https://mooreburkina.com/fr/images/fotos-du-pays-mossi/gens-et-impressions,Gens et leur quotidien | Mooré Burkina Faso,moore,,image_culture,image,.webp,downloaded,assets/moore/general/image_culture/image/circulation01.jpg__904b523d0ccca410.webp,55582,2f7335ea3cf5b8e87639b3c3fef7eea10aafbccc47b974efe7e3c2367a6093a3,image/webp,200,"""69ba030a-d91e""","Wed, 18 Mar 2026 01:42:34 GMT",2026-10-03T20:19:28.314594+00:00,
asset,4393e1d7ed1853a2,https://mooreburkina.com/sites/www.mooreburkina.com/files/styles/max_750x750/public/slideshow-images/eau01.jpg.webp?itok=2u6C1k7T,https://mooreburkina.com/fr/images/fotos-du-pays-mossi/gens-et-impressions,Gens et leur quotidien | Mooré Burkina Faso,moore,,image_culture,image,.webp,downloaded,assets/moore/general/image_culture/image/eau01.jpg__4393e1d7ed1853a2.webp,69752,68e1cc492557ef6ddc536578d96c37b5c2725a78e0d274d1ccdc7de804fe77f6,image/webp,200,"""69ba0467-11078""","Wed, 18 Mar 2026 01:48:23 GMT",2026-10-03T20:19:28.792517+00:00,
asset,21f5904d6b64aab9,https://mooreburkina.com/sites/www.mooreburkina.com/files/styles/max_750x750/public/slideshow-images/eau04.jpg.webp?itok=QV8YCyvv,https://mooreburkina.com/fr/images/fotos-du-pays-mossi/gens-et-impressions,Gens et leur quotidien | Mooré Burkina Faso,moore,,image_culture,image,.webp,downloaded,assets/moore/general/image_culture/image/eau04.jpg__21f5904d6b64aab9.webp,29528,d995d316fd303c4db4e713805d1686da02d8e58b8d5199148c0d21595d641170,image/webp,200,"""69ba032a-7358""","Wed, 18 Mar 2026 01:43:06 GMT",2026-10-03T20:19:29.174436+00:00,
asset,71fdd936d0c62e85,https://mooreburkina.com/sites/www.mooreburkina.com/files/styles/max_750x750/public/slideshow-images/eau05.jpg.webp?itok=6IBzr_EH,https://mooreburkina.com/fr/images/fotos-du-pays-mossi/gens-et-impressions,Gens et leur quotidien | Mooré Burkina Faso,moore,,image_culture,image,.webp,downloaded,assets/moore/general/image_culture/image/eau05.jpg__71fdd936d0c62e85.webp,66656,6ac840c87bcd6492d57b610eef631ac5104cbbbdf3723876a263ee55f3bccda4,image/webp,200,"""69ba035d-10460""","Wed, 18 Mar 2026 01:43:57 GMT",2026-10-03T20:19:29.652097+00:00,
asset,9619e9a4375ca284,https://mooreburkina.com/sites/www.mooreburkina.com/files/styles/max_750x750/public/slideshow-images/eau06.jpg.webp?itok=wmCAIZ9g,https://mooreburkina.com/fr/images/fotos-du-pays-mossi/gens-et-impressions,Gens et leur quotidien | Mooré Burkina Faso,moore,,image_culture,image,.webp,downloaded,assets/moore/general/image_culture/image/eau06.jpg__9619e9a4375ca284.webp,67200,4265d87939c49a2a28b4c7d2e4b28b0242f3751b96c3b046b21ecbb0cbeae00e,image/webp,200,"""69ba046a-10680""","Wed, 18 Mar 2026 01:48:26 GMT",2026-10-03T20:19:30.133144+00:00,
asset,469727f0f047ce3d,https://mooreburkina.com/sites/www.mooreburkina.com/files/styles/max_750x750/public/slideshow-images/eau08.jpg.webp?itok=sLHrnR-V,https://mooreburkina.com/fr/images/fotos-du-pays-mossi/gens-et-impressions,Gens et leur quotidien | Mooré Burkina Faso,moore,,image_culture,image,.webp,downloaded,assets/moore/general/image_culture/image/eau08.jpg__469727f0f047ce3d.webp,16152,ee543e1f7ccfffbb9d87dfe86fd45e8a3e74b5343c7653ee85e0a11f2ce083c1,image/webp,200,"""69ba0456-3f18""","Wed, 18 Mar 2026 01:48:06 GMT",2026-10-03T20:19:30.514245+00:00,
asset,cf590631c3575011,https://mooreburkina.com/sites/www.mooreburkina.com/files/styles/max_750x750/public/slideshow-images/ecole01.png.webp?itok=Cn9GGWSr,https://mooreburkina.com/fr/images/fotos-du-pays-mossi/gens-et-impressions,Gens et leur quotidien | Mooré Burkina Faso,moore,,image_culture,image,.webp,downloaded,assets/moore/general/image_culture/image/ecole01.png__cf590631c3575011.webp,25066,c71e0d35422d1b55c377fbbc8a2abb8eef770fa1887ca9a3b49f4702b69900d0,image/webp,200,"""69ba030a-61ea""","Wed, 18 Mar 2026 01:42:34 GMT",2026-10-03T20:19:30.914223+00:00,
asset,d90d600d5a9f8f5f,https://mooreburkina.com/sites/www.mooreburkina.com/files/styles/max_750x750/public/slideshow-images/enfants01.jpg.webp?itok=yD91-rc7,https://mooreburkina.com/fr/images/fotos-du-pays-mossi/gens-et-impressions,Gens et leur quotidien | Mooré Burkina Faso,moore,,image_culture,image,.webp,downloaded,assets/moore/general/image_culture/image/enfants01.jpg__d90d600d5a9f8f5f.webp,25670,012f59e22046c799152707eca95eda4f7b18ee2dc4c2d4be8c9133ec1765fe32,image/webp,200,"""69ba03ab-6446""","Wed, 18 Mar 2026 01:45:15 GMT",2026-10-03T20:19:31.312246+00:00,
asset,7d1b3bd8ac88049f,https://mooreburkina.com/sites/www.mooreburkina.com/files/styles/max_750x750/public/slideshow-images/enfants02.jpg.webp?itok=8Cb0ytAr,https://mooreburkina.com/fr/images/fotos-du-pays-mossi/gens-et-impressions,Gens et leur quotidien | Mooré Burkina Faso,moore,,image_culture,image,.webp,downloaded,assets/moore/general/image_culture/image/enfants02.jpg__7d1b3bd8ac88049f.webp,95310,f8d8f94ee1fe2eabb66ababef37f8ef2a17f867fbec85cb29aeca622ff257f99,image/webp,200,"""69ba03ad-1744e""","Wed, 18 Mar 2026 01:45:17 GMT",2026-10-03T20:19:31.884910+00:00,
asset,20803b8025066602,https://mooreburkina.com/sites/www.mooreburkina.com/files/styles/max_750x750/public/slideshow-images/enfants03.jpg.webp?itok=lx0xmvTI,https://mooreburkina.com/fr/images/fotos-du-pays-mossi/gens-et-impressions,Gens et leur quotidien | Mooré Burkina Faso,moore,,image_culture,image,.webp,downloaded,assets/moore/general/image_culture/image/enfants03.jpg__20803b8025066602.webp,26072,f4f8b1f3ddcbcb98c4a44aa1e2872f79d00802c913fc4e49e9af22e7dd2dbf86,image/webp,200,"""69ba0473-65d8""","Wed, 18 Mar 2026 01:48:35 GMT",2026-10-03T20:19:32.269481+00:00,
asset,e5a648e458000acf,https://mooreburkina.com/sites/www.mooreburkina.com/files/styles/max_750x750/public/slideshow-images/enfants04.jpg.webp?itok=mIRBJd2f,https://mooreburkina.com/fr/images/fotos-du-pays-mossi/gens-et-impressions,Gens et leur quotidien | Mooré Burkina Faso,moore,,image_culture,image,.webp,downloaded,assets/moore/general/image_culture/image/enfants04.jpg__e5a648e458000acf.webp,95024,7050f0e9281fe4674d6e1405f7ee666a97b2c79ea12d54efb88b488a2d9627c4,image/webp,200,"""69ba046a-17330""","Wed, 18 Mar 2026 01:48:26 GMT",2026-10-03T20:19:32.841567+00:00,
asset,581f2de086c3353c,https://mooreburkina.com/sites/www.mooreburkina.com/files/styles/max_750x750/public/slideshow-images/enfants05.jpg.webp?itok=yrvKbx-r,https://mooreburkina.com/fr/images/fotos-du-pays-mossi/gens-et-impressions,Gens et leur quotidien | Mooré Burkina Faso,moore,,image_culture,image,.webp,downloaded,assets/moore/general/image_culture/image/enfants05.jpg__581f2de086c3353c.webp,70566,a098b77cec425f0796708d53b5e8cc88e764e4f4abf11b820f027e7c36aeeb17,image/webp,200,"""69ba03ab-113a6""","Wed, 18 Mar 2026 01:45:15 GMT",2026-10-03T20:19:33.318786+00:00,
asset,345b22efff85bb17,https://mooreburkina.com/sites/www.mooreburkina.com/files/styles/max_750x750/public/slideshow-images/femmes06.jpg.webp?itok=8OH9nbhJ,https://mooreburkina.com/fr/images/fotos-du-pays-mossi/gens-et-impressions,Gens et leur quotidien | Mooré Burkina Faso,moore,,image_culture,image,.webp,downloaded,assets/moore/general/image_culture/image/femmes06.jpg__345b22efff85bb17.webp,47694,6a65e0e705b14e2f775b76eaa56de7f50a872872f63b068682ee46c16768dc8e,image/webp,200,"""69ba03c0-ba4e""","Wed, 18 Mar 2026 01:45:36 GMT",2026-10-03T20:19:33.700996+00:00,
asset,f24e283fa39e101f,https://mooreburkina.com/sites/www.mooreburkina.com/files/styles/max_750x750/public/slideshow-images/femmes07.jpg.webp?itok=NJkRIk1c,https://mooreburkina.com/fr/images/fotos-du-pays-mossi/gens-et-impressions,Gens et leur quotidien | Mooré Burkina Faso,moore,,image_culture,image,.webp,downloaded,assets/moore/general/image_culture/image/femmes07.jpg__f24e283fa39e101f.webp,37456,e2146fa5490d3509ff45886ee8179531f12060b5e93b7b70b610463e8ef380a9,image/webp,200,"""69ba037d-9250""","Wed, 18 Mar 2026 01:44:29 GMT",2026-10-03T20:19:34.082432+00:00,
asset,3fdfff70c353b85c,https://mooreburkina.com/sites/www.mooreburkina.com/files/styles/max_750x750/public/slideshow-images/femmes08.jpg.webp?itok=slneK0Dp,https://mooreburkina.com/fr/images/fotos-du-pays-mossi/gens-et-impressions,Gens et leur quotidien | Mooré Burkina Faso,moore,,image_culture,image,.webp,downloaded,assets/moore/general/image_culture/image/femmes08.jpg__3fdfff70c353b85c.webp,38614,7af87a6bc735aa85952e87a3d90231b90ed9488606a8d8b86b63784ec0e0647c,image/webp,200,"""69ba03ad-96d6""","Wed, 18 Mar 2026 01:45:17 GMT",2026-10-03T20:19:34.561027+00:00,
asset,f0ca831895e0a66d,https://mooreburkina.com/sites/www.mooreburkina.com/files/styles/max_750x750/public/slideshow-images/femmes09.jpg.webp?itok=RyGWP1ai,https://mooreburkina.com/fr/images/fotos-du-pays-mossi/gens-et-impressions,Gens et leur quotidien | Mooré Burkina Faso,moore,,image_culture,image,.webp,downloaded,assets/moore/general/image_culture/image/femmes09.jpg__f0ca831895e0a66d.webp,62824,72c000f386df52761efc414f12248139fa592850e3831d00d976a8d432f643e5,image/webp,200,"""69ba04b5-f568""","Wed, 18 Mar 2026 01:49:41 GMT",2026-10-03T20:19:35.036122+00:00,
asset,addf5c7492f60689,https://mooreburkina.com/sites/www.mooreburkina.com/files/styles/max_750x750/public/slideshow-images/femmes11.jpg.webp?itok=RhxcNEMt,https://mooreburkina.com/fr/images/fotos-du-pays-mossi/gens-et-impressions,Gens et leur quotidien | Mooré Burkina Faso,moore,,image_culture,image,.webp,downloaded,assets/moore/general/image_culture/image/femmes11.jpg__addf5c7492f60689.webp,77268,5d77f0bedecc193deae54e99bf00b8b04eb771c1b7d5cf883ca3fd8d370aa49e,image/webp,200,"""69ba037d-12dd4""","Wed, 18 Mar 2026 01:44:29 GMT",2026-10-03T20:19:35.515742+00:00,
asset,3fc2f2a189327ee7,https://mooreburkina.com/sites/www.mooreburkina.com/files/styles/small/public/Hymne%20nationale%20BF/hymne%20national%20bf2.jpg.webp?itok=hKtKV_fa,https://mooreburkina.com/fr/chants-et-musique/hymnes-nationales,Hymnes Nationales | Mooré Burkina Faso,moore,,music,image,.webp,downloaded,assets/moore/general/music/image/hymne_national_bf2.jpg__3fc2f2a189327ee7.webp,3526,91ae37cab80ef7730c64ef9f095477091b879cb2e0d5f9168c3f070084aab69d,image/webp,200,"""69b9dde2-dc6""","Tue, 17 Mar 2026 23:04:02 GMT",2026-10-03T20:19:35.899100+00:00,
asset,9a0a48946dd5d930,https://mooreburkina.com/sites/www.mooreburkina.com/files/styles/small/public/posters/playlist/chants%20Chorale1%20Playlist.png.webp?itok=O0C5NLaQ,https://mooreburkina.com/fr/chants-et-musique/chants-de-la-chorale-1,Chants de la chorale 1 | Mooré Burkina Faso,moore,,music,image,.webp,downloaded,assets/moore/general/music/image/chants_chorale1_playlist.png__9a0a48946dd5d930.webp,5440,a33ad9bad639f82dfef21acd3c31391991e9a553578ce1f03fed1f94a006417a,image/webp,200,"""69ba479b-1540""","Wed, 18 Mar 2026 06:35:07 GMT",2026-10-03T20:19:36.279881+00:00,
asset,3ce357fbe1c934cb,https://mooreburkina.com/sites/www.mooreburkina.com/files/pdf-files/Pag%20ne%20a%20Sid%20viim.pdf,https://mooreburkina.com/fr/livres-en-moor%C3%A9/t%C3%A9l%C3%A9charger-pdf,Télécharger des livres en mooré pdf | Mooré Burkina Faso,moore,,book_document,pdf,.pdf,downloaded,assets/moore/general/book_document/pdf/pag_ne_a_sid_viim__3ce357fbe1c934cb.pdf,3388005,154c352a3745730ada416ac5eae7503a51910def766d623f27a87a15137f3a91,application/pdf,200,"""66abc9d4-33b265""","Thu, 01 Aug 2024 17:45:56 GMT",2026-10-03T20:19:37.360752+00:00,
asset,34cb85834190fc17,https://mooreburkina.com/sites/www.mooreburkina.com/files/pdf-files/SIDA%20Histoire%20de%20Poko%20en%20moore%20livre%20du%20Facilitateur.pdf,https://mooreburkina.com/fr/livres-en-moor%C3%A9/t%C3%A9l%C3%A9charger-pdf,Télécharger des livres en mooré pdf | Mooré Burkina Faso,moore,,book_document,pdf,.pdf,downloaded,assets/moore/general/book_document/pdf/sida_histoire_de_poko_en_moore_livre_du_facilitateur__34cb85834190fc17.pdf,15913975,609923521b9ce22738a53908b2d701391815a41151b7940bb73f874d57222477,application/pdf,200,"""66abc9ed-f2d3f7""","Thu, 01 Aug 2024 17:46:21 GMT",2026-10-03T20:19:38.200229+00:00,
asset,b36465589b749409,https://mooreburkina.com/sites/www.mooreburkina.com/files/pdf-files/SIDA%20Histoire%20de%20Poko%20en%20moore.pdf,https://mooreburkina.com/fr/livres-en-moor%C3%A9/t%C3%A9l%C3%A9charger-pdf,Télécharger des livres en mooré pdf | Mooré Burkina Faso,moore,,book_document,pdf,.pdf,downloaded,assets/moore/general/book_document/pdf/sida_histoire_de_poko_en_moore__b36465589b749409.pdf,10731017,8e3108eac3b2de18d4eb3c23daf09443e8880e7e856f3cd5a9525561207aaa9c,application/pdf,200,"""5e309aa7-a3be09""","Tue, 28 Jan 2020 20:33:43 GMT",2026-10-03T20:19:38.913928+00:00,
asset,b620009eabcdcf21,https://mooreburkina.com/sites/www.mooreburkina.com/files/media_stream/encodings/video_download_mp4_150/1001-.mp4,https://mooreburkina.com/fr/films-clips/marcher-avec-j%C3%A9sus,Marcher avec Jésus | Mooré Burkina Faso,moore,,religious,video,.mp4,downloaded,assets/moore/general/religious/video/1001__b620009eabcdcf21.mp4,9612155,598f4607fc0cca093b12c0f67f7d25c6b4213da8c2a927d58d60190898fe724c,video/mp4,200,"""658bda24-92ab7b""","Wed, 27 Dec 2023 08:02:44 GMT",2026-10-03T20:19:39.540610+00:00,
asset,81e264aa171ed99b,https://mooreburkina.com/sites/www.mooreburkina.com/files/media_stream/encodings/video_download_mp4_150/1004-.mp4,https://mooreburkina.com/fr/films-clips/marcher-avec-j%C3%A9sus,Marcher avec Jésus | Mooré Burkina Faso,moore,,religious,video,.mp4,downloaded,assets/moore/general/religious/video/1004__81e264aa171ed99b.mp4,5278453,2a59ed20a4ddc94b80f54d08ddd40d98c956248854e8fe3e56e347cc491146b4,video/mp4,200,"""658bda6e-508af5""","Wed, 27 Dec 2023 08:03:58 GMT",2026-10-03T20:19:40.054431+00:00,
asset,0ef3bae59277eb2e,https://mooreburkina.com/sites/www.mooreburkina.com/files/media_stream/encodings/video_download_mp4_150/1007-.mp4,https://mooreburkina.com/fr/films-clips/marcher-avec-j%C3%A9sus,Marcher avec Jésus | Mooré Burkina Faso,moore,,religious,video,.mp4,downloaded,assets/moore/general/religious/video/1007__0ef3bae59277eb2e.mp4,17481128,c5e1f52f437470a62d77ae5d2811dfcca2f42aa058f3575b4187d472e9227387,video/mp4,200,"""658bdb00-10abda8""","Wed, 27 Dec 2023 08:06:24 GMT",2026-10-03T20:19:40.974192+00:00,
asset,a8e9bae9f6d92e05,https://mooreburkina.com/sites/www.mooreburkina.com/files/media_stream/encodings/video_download_mp4_150/1013-.mp4,https://mooreburkina.com/fr/films-clips/vid%C3%A9os-de-diaporama,Vidéos de diaporama | Mooré Burkina Faso,moore,,other,video,.mp4,downloaded,assets/moore/general/other/video/1013__a8e9bae9f6d92e05.mp4,697810,3ea51ac25b9ad41ce370576388e5443fd38922a430853076729d8ec6a913b3f2,video/mp4,200,"""659300e5-aa5d2""","Mon, 01 Jan 2024 18:13:57 GMT",2026-10-03T20:19:41.368064+00:00,
asset,631926dcaa3c859c,https://mooreburkina.com/sites/www.mooreburkina.com/files/media_stream/encodings/video_download_mp4_150/1016-.mp4,https://mooreburkina.com/fr/films-clips/vid%C3%A9os-de-diaporama,Vidéos de diaporama | Mooré Burkina Faso,moore,,other,video,.mp4,downloaded,assets/moore/general/other/video/1016__631926dcaa3c859c.mp4,1685356,b749eb1645ddf938746f81af29d495a8f5f10becea4487a8db75805e4e1d642e,video/mp4,200,"""65930163-19b76c""","Mon, 01 Jan 2024 18:16:03 GMT",2026-10-03T20:19:41.781163+00:00,
asset,a921033ed059dc04,https://mooreburkina.com/sites/www.mooreburkina.com/files/media_stream/encodings/video_download_mp4_150/1019-.mp4,https://mooreburkina.com/fr/films-clips/vid%C3%A9os-de-diaporama,Vidéos de diaporama | Mooré Burkina Faso,moore,,other,video,.mp4,downloaded,assets/moore/general/other/video/1019__a921033ed059dc04.mp4,1336577,f6b23b930237c97ac5fa5852a286842fc982b76f16b09362f559f2e8d6b104af,video/mp4,200,"""659301b1-146501""","Mon, 01 Jan 2024 18:17:21 GMT",2026-10-03T20:19:42.184180+00:00,
asset,58016d093bdc4356,https://mooreburkina.com/sites/www.mooreburkina.com/files/media_stream/encodings/video_download_mp4_150/1022-.mp4,https://mooreburkina.com/fr/films-clips/vid%C3%A9os-de-diaporama,Vidéos de diaporama | Mooré Burkina Faso,moore,,other,video,.mp4,downloaded,assets/moore/general/other/video/1022__58016d093bdc4356.mp4,1472445,cd247ef059ec8c14756862fea360d5ddca03194b3b39420a95c33ec362d77bcd,video/mp4,200,"""65930247-1677bd""","Mon, 01 Jan 2024 18:19:51 GMT",2026-10-03T20:19:42.667053+00:00,
asset,44083a2cddf5a5d1,https://mooreburkina.com/sites/www.mooreburkina.com/files/media_stream/encodings/video_download_mp4_150/1025-.mp4,https://mooreburkina.com/fr/films-clips/vid%C3%A9os-de-diaporama,Vidéos de diaporama | Mooré Burkina Faso,moore,,other,video,.mp4,downloaded,assets/moore/general/other/video/1025__44083a2cddf5a5d1.mp4,446241,69a69257ad0533249a787ba257251899e0b0a66859b5bef30d5dfba6bacabc8e,video/mp4,200,"""659303ca-6cf21""","Mon, 01 Jan 2024 18:26:18 GMT",2026-10-03T20:19:43.056344+00:00,
asset,14eca571c98d296a,https://mooreburkina.com/sites/www.mooreburkina.com/files/media_stream/encodings/video_download_mp4_150/1028-.mp4,https://mooreburkina.com/fr/films-clips/vid%C3%A9os-de-diaporama,Vidéos de diaporama | Mooré Burkina Faso,moore,,other,video,.mp4,downloaded,assets/moore/general/other/video/1028__14eca571c98d296a.mp4,1351579,44f73fb45c1876875955cb1716170a642b2296ce5339a9bde50934b76d8a1bbd,video/mp4,200,"""6593041e-149f9b""","Mon, 01 Jan 2024 18:27:42 GMT",2026-10-03T20:19:43.542970+00:00,
asset,7df682acd02b6c29,https://mooreburkina.com/sites/www.mooreburkina.com/files/media_stream/encodings/video_download_mp4_150/1031-.mp4,https://mooreburkina.com/fr/films-clips/vid%C3%A9os-de-diaporama,Vidéos de diaporama | Mooré Burkina Faso,moore,,other,video,.mp4,downloaded,assets/moore/general/other/video/1031__7df682acd02b6c29.mp4,3678684,e581b48d60e8792604cf8f2e165a0090dfa462eacdb5604f134d143f32bdd5ea,video/mp4,200,"""659304d2-3821dc""","Mon, 01 Jan 2024 18:30:42 GMT",2026-10-03T20:19:44.129899+00:00,
asset,0432f977008a5607,https://mooreburkina.com/sites/www.mooreburkina.com/files/media_stream/encodings/video_download_mp4_150/1034-.mp4,https://mooreburkina.com/fr/films-clips/vid%C3%A9os-de-diaporama,Vidéos de diaporama | Mooré Burkina Faso,moore,,other,video,.mp4,downloaded,assets/moore/general/other/video/1034__0432f977008a5607.mp4,4993324,f6e70d525655ca606f577608279aba5e2ab650f871f2c1b8b0000c36de9736fe,video/mp4,200,"""65930596-4c312c""","Mon, 01 Jan 2024 18:33:58 GMT",2026-10-03T20:19:44.636822+00:00,
asset,a1d2f01cb2868816,https://mooreburkina.com/sites/www.mooreburkina.com/files/media_stream/encodings/video_download_mp4_150/1175-.mp4,https://mooreburkina.com/fr/applications-smartphone/applis-en-moor%C3%A9,Applis en mooré | Mooré Burkina Faso,moore,,app,video,.mp4,downloaded,assets/moore/general/app/video/1175__a1d2f01cb2868816.mp4,1624670,760dfdc5e34328b13071a1c747b78b6e10e3181540237744331fff3847afc382,video/mp4,200,"""6661f7cb-18ca5e""","Thu, 06 Jun 2024 17:54:19 GMT",2026-10-03T20:19:45.040015+00:00,
asset,9edb4b33accd43e4,https://mooreburkina.com/sites/www.mooreburkina.com/files/media_stream/encodings/video_download_mp4_150/2188-.mp4,https://mooreburkina.com/fr/chants-et-musique/alphabet-en-langues-nationales,Alphabet en langues nationales | Mooré Burkina Faso,moore,,orthography,video,.mp4,downloaded,assets/moore/general/orthography/video/2188__9edb4b33accd43e4.mp4,4639695,fc34a85168f0ce234aa1488b82cd3295f789f8ae8ef8fc1e525a7e4be8ec71a2,video/mp4,200,"""69e5228d-46cbcf""","Sun, 19 Apr 2026 18:44:29 GMT",2026-10-03T20:19:45.550803+00:00,
asset,8881db7435cfc5d6,https://mooreburkina.com/sites/www.mooreburkina.com/files/media_stream/encodings/video_download_mp4_150/2191-.mp4,https://mooreburkina.com/fr/alphabet-clip-rumauntsch-puter,Alphabet Clip Rumauntsch Puter | Mooré Burkina Faso,moore,,orthography,video,.mp4,downloaded,assets/moore/general/orthography/video/2191__8881db7435cfc5d6.mp4,4694833,b845f6dd13d2820507b550dc1b7804d4d10143cad5b8b4951f99221d27bfe84a,video/mp4,200,"""69e61830-47a331""","Mon, 20 Apr 2026 12:12:32 GMT",2026-10-03T20:19:46.052733+00:00,
asset,060d2285d6db7a6b,https://mooreburkina.com/sites/www.mooreburkina.com/files/media_stream/encodings/video_download_mp4_150/778-.mp4,https://mooreburkina.com/fr/applications-smartphone,Applications smartphone | Mooré Burkina Faso,moore,,app,video,.mp4,downloaded,assets/moore/general/app/video/778__060d2285d6db7a6b.mp4,2857251,77a076835824fee37c8447c25604be6920e8af1387abc056b6a8806d78b2cc79,video/mp4,200,"""6514899b-2b9923""","Wed, 27 Sep 2023 19:59:23 GMT",2026-10-03T20:19:46.464931+00:00,
asset,e63636b9199f6ed7,https://mooreburkina.com/sites/www.mooreburkina.com/files/media_stream/encodings/video_download_mp4_150/947-.mp4,https://mooreburkina.com/fr/films-clips/vid%C3%A9os-de-diaporama,Vidéos de diaporama | Mooré Burkina Faso,moore,,other,video,.mp4,downloaded,assets/moore/general/other/video/947__e63636b9199f6ed7.mp4,2372764,562d3fb8a1f6384c517de378ba7304f807bc28f3080653fd9677659923eb808f,video/mp4,200,"""658aaa51-24349c""","Tue, 26 Dec 2023 10:26:25 GMT",2026-10-03T20:19:46.873460+00:00,
asset,d788c5dbeb6fc042,https://mooreburkina.com/sites/www.mooreburkina.com/files/media_stream/encodings/video_download_mp4_150/950-.mp4,https://mooreburkina.com/fr/films-clips/vid%C3%A9os-de-diaporama,Vidéos de diaporama | Mooré Burkina Faso,moore,,other,video,.mp4,downloaded,assets/moore/general/other/video/950__d788c5dbeb6fc042.mp4,1174209,3d1913f1e45bfb34cb24a5be7b40415bb04e63e1b3f8ca82796e2c06d7e21639,video/mp4,200,"""658aab79-11eac1""","Tue, 26 Dec 2023 10:31:21 GMT",2026-10-03T20:19:47.272406+00:00,
asset,1aa3f8f32d4f8e03,https://mooreburkina.com/sites/www.mooreburkina.com/files/media_stream/encodings/video_download_mp4_150/953-.mp4,https://mooreburkina.com/fr/films-clips/vid%C3%A9os-de-diaporama,Vidéos de diaporama | Mooré Burkina Faso,moore,,other,video,.mp4,downloaded,assets/moore/general/other/video/953__1aa3f8f32d4f8e03.mp4,1156283,3a9f513889bb1243114e7062c537bb4419bedbb26eb99a12b20cfa993a94b4a9,video/mp4,200,"""658aac99-11a4bb""","Tue, 26 Dec 2023 10:36:09 GMT",2026-10-03T20:19:47.676797+00:00,
asset,63f5a473efe768bd,https://mooreburkina.com/sites/www.mooreburkina.com/files/media_stream/encodings/video_download_mp4_150/956-.mp4,https://mooreburkina.com/fr/films-clips/vid%C3%A9os-de-diaporama,Vidéos de diaporama | Mooré Burkina Faso,moore,,other,video,.mp4,downloaded,assets/moore/general/other/video/956__63f5a473efe768bd.mp4,692535,b42dfbae4cf8247c289ad212f220091ffc425b111496e8969a7c15b5d096f9c0,video/mp4,200,"""658aae83-a9137""","Tue, 26 Dec 2023 10:44:19 GMT",2026-10-03T20:19:48.066027+00:00,
asset,6d0e3f7ba21062ba,https://mooreburkina.com/sites/www.mooreburkina.com/files/media_stream/encodings/video_download_mp4_150/995-.mp4,https://mooreburkina.com/fr/films-clips/marcher-avec-j%C3%A9sus,Marcher avec Jésus | Mooré Burkina Faso,moore,,religious,video,.mp4,downloaded,assets/moore/general/religious/video/995__6d0e3f7ba21062ba.mp4,14691683,90470c19c54b32214d7bdba754ba36e57f057632e7683693880b041ae9e6c2f3,video/mp4,200,"""658bd731-e02d63""","Wed, 27 Dec 2023 07:50:09 GMT",2026-10-03T20:19:48.992633+00:00,
asset,2cd3ef8f86a1f5fe,https://mooreburkina.com/sites/www.mooreburkina.com/files/media_stream/encodings/video_download_mp4_150/998-.mp4,https://mooreburkina.com/fr/films-clips/marcher-avec-j%C3%A9sus,Marcher avec Jésus | Mooré Burkina Faso,moore,,religious,video,.mp4,downloaded,assets/moore/general/religious/video/998__2cd3ef8f86a1f5fe.mp4,15308076,768ded9003a7872b7845af69d0b8d0da478bc27c1ab858ee0a21537ed730d93d,video/mp4,200,"""658bda08-e9952c""","Wed, 27 Dec 2023 08:02:16 GMT",2026-10-03T20:19:49.750160+00:00,
asset,325ca2ba9a17a2a5,https://mooreburkina.com/sites/www.mooreburkina.com/files/media_stream/encodings/video_download_mp4_480/1001-.mp4,https://mooreburkina.com/fr/films-clips/marcher-avec-j%C3%A9sus,Marcher avec Jésus | Mooré Burkina Faso,moore,,religious,video,.mp4,downloaded,assets/moore/general/religious/video/1001__325ca2ba9a17a2a5.mp4,54685531,35cd4647645ec9f5c0fac4bf8a3843112a266e662efd1712536a4a60b1c0dda5,video/mp4,200,"""658bd8f4-3426f5b""","Wed, 27 Dec 2023 07:57:40 GMT",2026-10-03T20:19:51.750536+00:00,
asset,685c2c6af6cc4735,https://mooreburkina.com/sites/www.mooreburkina.com/files/media_stream/encodings/video_download_mp4_480/1004-.mp4,https://mooreburkina.com/fr/films-clips/marcher-avec-j%C3%A9sus,Marcher avec Jésus | Mooré Burkina Faso,moore,,religious,video,.mp4,downloaded,assets/moore/general/religious/video/1004__685c2c6af6cc4735.mp4,29897876,1e511b2190c4a3e5444b3a0ff547c24c1d14bdf43639d56afc0f85234b1c6078,video/mp4,200,"""658bd999-1c83494""","Wed, 27 Dec 2023 08:00:25 GMT",2026-10-03T20:19:52.939027+00:00,
asset,a3a2fa6ca6a40fe3,https://mooreburkina.com/sites/www.mooreburkina.com/files/media_stream/encodings/video_download_mp4_480/1007-.mp4,https://mooreburkina.com/fr/films-clips/marcher-avec-j%C3%A9sus,Marcher avec Jésus | Mooré Burkina Faso,moore,,religious,video,.mp4,downloaded,assets/moore/general/religious/video/1007__a3a2fa6ca6a40fe3.mp4,101229697,70f553efb1e76409f564d3b84cce4b9f4fe7e6d0d2209961596927407821264c,video/mp4,200,"""658bdaac-608a481""","Wed, 27 Dec 2023 08:05:00 GMT",2026-10-03T20:19:56.266026+00:00,
asset,56f8b3cf98fb9ba3,https://mooreburkina.com/sites/www.mooreburkina.com/files/media_stream/encodings/video_download_mp4_480/1013-.mp4,https://mooreburkina.com/fr/films-clips/vid%C3%A9os-de-diaporama,Vidéos de diaporama | Mooré Burkina Faso,moore,,other,video,.mp4,downloaded,assets/moore/general/other/video/1013__56f8b3cf98fb9ba3.mp4,3995718,2c862a252b10f59f9dc8353b7731845a62b95d2165189f17e10cb0131dbaedc5,video/mp4,200,"""659300d4-3cf846""","Mon, 01 Jan 2024 18:13:40 GMT",2026-10-03T20:19:56.760551+00:00,
asset,1936b7cbe0bc0acc,https://mooreburkina.com/sites/www.mooreburkina.com/files/media_stream/encodings/video_download_mp4_480/1016-.mp4,https://mooreburkina.com/fr/films-clips/vid%C3%A9os-de-diaporama,Vidéos de diaporama | Mooré Burkina Faso,moore,,other,video,.mp4,downloaded,assets/moore/general/other/video/1016__1936b7cbe0bc0acc.mp4,9792825,9de31d9dbccbdebefdbb394f4e1b9eaf7e467400721bdbcac1f3ad2c5b270a2f,video/mp4,200,"""65930142-956d39""","Mon, 01 Jan 2024 18:15:30 GMT",2026-10-03T20:19:57.388476+00:00,
asset,89c1913853219a0f,https://mooreburkina.com/sites/www.mooreburkina.com/files/media_stream/encodings/video_download_mp4_480/1019-.mp4,https://mooreburkina.com/fr/films-clips/vid%C3%A9os-de-diaporama,Vidéos de diaporama | Mooré Burkina Faso,moore,,other,video,.mp4,downloaded,assets/moore/general/other/video/1019__89c1913853219a0f.mp4,7859555,ff5fee1aa378329f7edcbf7d0738c304d02a85c8181b5cc8b9a546170dd4d011,video/mp4,200,"""65930196-77ed63""","Mon, 01 Jan 2024 18:16:54 GMT",2026-10-03T20:19:57.992689+00:00,
asset,e6e32c004f34155c,https://mooreburkina.com/sites/www.mooreburkina.com/files/media_stream/encodings/video_download_mp4_480/1022-.mp4,https://mooreburkina.com/fr/films-clips/vid%C3%A9os-de-diaporama,Vidéos de diaporama | Mooré Burkina Faso,moore,,other,video,.mp4,downloaded,assets/moore/general/other/video/1022__e6e32c004f34155c.mp4,8532933,3b95728de5015937336fc99f71df4d6a12c29ec49d2f07c2852837540a45da43,video/mp4,200,"""659301fb-8233c5""","Mon, 01 Jan 2024 18:18:35 GMT",2026-10-03T20:19:58.607089+00:00,
asset,50a5c100f52d680e,https://mooreburkina.com/sites/www.mooreburkina.com/files/media_stream/encodings/video_download_mp4_480/1025-.mp4,https://mooreburkina.com/fr/films-clips/vid%C3%A9os-de-diaporama,Vidéos de diaporama | Mooré Burkina Faso,moore,,other,video,.mp4,downloaded,assets/moore/general/other/video/1025__50a5c100f52d680e.mp4,2687809,a752bb050dc0ddb2f4c0b910f0d43624e504ca8029f94bec48d5575a1fc55dfd,video/mp4,200,"""6593038b-290341""","Mon, 01 Jan 2024 18:25:15 GMT",2026-10-03T20:19:59.021312+00:00,
asset,0de61beee0b7881e,https://mooreburkina.com/sites/www.mooreburkina.com/files/media_stream/encodings/video_download_mp4_480/1028-.mp4,https://mooreburkina.com/fr/films-clips/vid%C3%A9os-de-diaporama,Vidéos de diaporama | Mooré Burkina Faso,moore,,other,video,.mp4,downloaded,assets/moore/general/other/video/1028__0de61beee0b7881e.mp4,7975547,1b96de1da7af7283d8f186b9ad22e5506f887002b4fea10c7376ad8a472e15d5,video/mp4,200,"""65930411-79b27b""","Mon, 01 Jan 2024 18:27:29 GMT",2026-10-03T20:19:59.627200+00:00,
asset,85fb42281b6da167,https://mooreburkina.com/sites/www.mooreburkina.com/files/media_stream/encodings/video_download_mp4_480/1031-.mp4,https://mooreburkina.com/fr/films-clips/vid%C3%A9os-de-diaporama,Vidéos de diaporama | Mooré Burkina Faso,moore,,other,video,.mp4,downloaded,assets/moore/general/other/video/1031__85fb42281b6da167.mp4,21151749,7a8b0b955771ce2948f462c9f4b6bd7d5b4aaca077395bb06205817b96cb1e33,video/mp4,200,"""659304a9-142c005""","Mon, 01 Jan 2024 18:30:01 GMT",2026-10-03T20:20:00.660828+00:00,
asset,843f25c16aba9bec,https://mooreburkina.com/sites/www.mooreburkina.com/files/media_stream/encodings/video_download_mp4_480/1034-.mp4,https://mooreburkina.com/fr/films-clips/vid%C3%A9os-de-diaporama,Vidéos de diaporama | Mooré Burkina Faso,moore,,other,video,.mp4,downloaded,assets/moore/general/other/video/1034__843f25c16aba9bec.mp4,28665868,82e50af6d93c79c66ce2cb96b448878beb494d89c8fe96313eda68fb776217d7,video/mp4,200,"""6593059a-1b5680c""","Mon, 01 Jan 2024 18:34:02 GMT",2026-10-03T20:20:01.942587+00:00,
asset,09dea036d16d2c14,https://mooreburkina.com/sites/www.mooreburkina.com/files/media_stream/encodings/video_download_mp4_480/1175-.mp4,https://mooreburkina.com/fr/applications-smartphone/applis-en-moor%C3%A9,Applis en mooré | Mooré Burkina Faso,moore,,app,video,.mp4,downloaded,assets/moore/general/app/video/1175__09dea036d16d2c14.mp4,11897268,04f265d3203f64bb54685008117e3620220b36665440bfc75c9511fb75d97aa8,video/mp4,200,"""6661f7d3-b589b4""","Thu, 06 Jun 2024 17:54:27 GMT",2026-10-03T20:20:02.773294+00:00,
asset,91b38b87372b007d,https://mooreburkina.com/sites/www.mooreburkina.com/files/media_stream/encodings/video_download_mp4_480/2191-.mp4,https://mooreburkina.com/fr/alphabet-clip-rumauntsch-puter,Alphabet Clip Rumauntsch Puter | Mooré Burkina Faso,moore,,orthography,video,.mp4,downloaded,assets/moore/general/orthography/video/2191__91b38b87372b007d.mp4,27285636,8550021af59e34258df3c7f833ff2c0098d61b06c23f866fdb9aad23d9f4f360,video/mp4,200,"""69e61875-1a05884""","Mon, 20 Apr 2026 12:13:41 GMT",2026-10-03T20:20:04.075254+00:00,
asset,da07602cb940aefd,https://mooreburkina.com/sites/www.mooreburkina.com/files/media_stream/encodings/video_download_mp4_480/778-.mp4,https://mooreburkina.com/fr/applications-smartphone,Applications smartphone | Mooré Burkina Faso,moore,,app,video,.mp4,downloaded,assets/moore/general/app/video/778__da07602cb940aefd.mp4,17213026,adb1ce9e8576b0b3bab687da99128ba399fe2a1b633bce85cef882f2bd0a9b4c,video/mp4,200,"""651489a2-106a662""","Wed, 27 Sep 2023 19:59:30 GMT",2026-10-03T20:20:04.942744+00:00,
asset,a1cee594a699385e,https://mooreburkina.com/sites/www.mooreburkina.com/files/media_stream/encodings/video_download_mp4_480/947-.mp4,https://mooreburkina.com/fr/films-clips/vid%C3%A9os-de-diaporama,Vidéos de diaporama | Mooré Burkina Faso,moore,,other,video,.mp4,downloaded,assets/moore/general/other/video/947__a1cee594a699385e.mp4,13753244,8622faa75b9e68bb8e90fecd2457cca9521ecc3889cabbaf700affcc14bfd57e,video/mp4,200,"""658aaa68-d1db9c""","Tue, 26 Dec 2023 10:26:48 GMT",2026-10-03T20:20:05.681329+00:00,
asset,2057dce53253cd05,https://mooreburkina.com/sites/www.mooreburkina.com/files/media_stream/encodings/video_download_mp4_480/950-.mp4,https://mooreburkina.com/fr/films-clips/vid%C3%A9os-de-diaporama,Vidéos de diaporama | Mooré Burkina Faso,moore,,other,video,.mp4,downloaded,assets/moore/general/other/video/950__2057dce53253cd05.mp4,6843539,5722899bc52a7d41f3d177939dffef557f3a85906648e4e0a8ac18f6fbd67d95,video/mp4,200,"""658aab7c-686c93""","Tue, 26 Dec 2023 10:31:24 GMT",2026-10-03T20:20:06.271873+00:00,
asset,379ffffc05d2db52,https://mooreburkina.com/sites/www.mooreburkina.com/files/media_stream/encodings/video_download_mp4_480/953-.mp4,https://mooreburkina.com/fr/films-clips/vid%C3%A9os-de-diaporama,Vidéos de diaporama | Mooré Burkina Faso,moore,,other,video,.mp4,downloaded,assets/moore/general/other/video/953__379ffffc05d2db52.mp4,6750809,3cb000cf87eda3a5edb157ff1a0be33c09473e25f84599ca6b165335d6cc55ec,video/mp4,200,"""658aac53-670259""","Tue, 26 Dec 2023 10:34:59 GMT",2026-10-03T20:20:06.800953+00:00,
asset,6094ce413340f65f,https://mooreburkina.com/sites/www.mooreburkina.com/files/media_stream/encodings/video_download_mp4_480/956-.mp4,https://mooreburkina.com/fr/films-clips/vid%C3%A9os-de-diaporama,Vidéos de diaporama | Mooré Burkina Faso,moore,,other,video,.mp4,downloaded,assets/moore/general/other/video/956__6094ce413340f65f.mp4,4004337,8e97c135f8d747cef4c5a127997edcff966a9c628592d1458401107407a701ce,video/mp4,200,"""658aae6e-3d19f1""","Tue, 26 Dec 2023 10:43:58 GMT",2026-10-03T20:20:07.296888+00:00,
asset,83a045aaeb4a69bd,https://mooreburkina.com/sites/www.mooreburkina.com/files/media_stream/encodings/video_download_mp4_480/995-.mp4,https://mooreburkina.com/fr/films-clips/marcher-avec-j%C3%A9sus,Marcher avec Jésus | Mooré Burkina Faso,moore,,religious,video,.mp4,downloaded,assets/moore/general/religious/video/995__83a045aaeb4a69bd.mp4,84720035,f50b444326167ab70db6b538f0a822754c13441af98bc87c96d92959641b9131,video/mp4,200,"""658bd7e8-50cb9a3""","Wed, 27 Dec 2023 07:53:12 GMT",2026-10-03T20:20:10.249817+00:00,
asset,01b76b3f37abf274,https://mooreburkina.com/sites/www.mooreburkina.com/files/media_stream/encodings/video_download_mp4_480/998-.mp4,https://mooreburkina.com/fr/films-clips/marcher-avec-j%C3%A9sus,Marcher avec Jésus | Mooré Burkina Faso,moore,,religious,video,.mp4,downloaded,assets/moore/general/religious/video/998__01b76b3f37abf274.mp4,88186834,4083912a449fd9db2318113394685717cffd27e080f2bc7d803b2929f9c34552,video/mp4,200,"""658bd8f8-5419fd2""","Wed, 27 Dec 2023 07:57:44 GMT",2026-10-03T20:20:13.233561+00:00,
asset,0734f3100c612032,https://mooreburkina.com/sites/www.mooreburkina.com/files/media_stream/encodings/video_download_mp4_orig_qual/1001-.mp4,https://mooreburkina.com/fr/films-clips/marcher-avec-j%C3%A9sus,Marcher avec Jésus | Mooré Burkina Faso,moore,,religious,video,.mp4,downloaded,assets/moore/general/religious/video/1001__0734f3100c612032.mp4,95836120,3b22eba50dc7a3392b52fd52aef4f7d2b404545c8a1667cd6c73c4c9e0aa7e06,video/mp4,200,"""658bdce3-5b657d8""","Wed, 27 Dec 2023 08:14:27 GMT",2026-10-03T20:20:16.350699+00:00,
asset,ad6e0193b3ca02f0,https://mooreburkina.com/sites/www.mooreburkina.com/files/media_stream/encodings/video_download_mp4_orig_qual/1004-.mp4,https://mooreburkina.com/fr/films-clips/marcher-avec-j%C3%A9sus,Marcher avec Jésus | Mooré Burkina Faso,moore,,religious,video,.mp4,downloaded,assets/moore/general/religious/video/1004__ad6e0193b3ca02f0.mp4,53225961,a535c91d3248fcb4c7d9f44e039032b6b9313a53433c01383e9e1a520441a447,video/mp4,200,"""658bdd89-32c29e9""","Wed, 27 Dec 2023 08:17:13 GMT",2026-10-03T20:20:18.197768+00:00,
asset,f88854a6921b43bb,https://mooreburkina.com/sites/www.mooreburkina.com/files/media_stream/encodings/video_download_mp4_orig_qual/1007-.mp4,https://mooreburkina.com/fr/films-clips/marcher-avec-j%C3%A9sus,Marcher avec Jésus | Mooré Burkina Faso,moore,,religious,video,.mp4,downloaded,assets/moore/general/religious/video/1007__f88854a6921b43bb.mp4,150139721,d0eed6647a0ed2de21424508475f7b157aa82a06c79ef25681c35d158b23150b,video/mp4,200,"""658bdff1-8f2f349""","Wed, 27 Dec 2023 08:27:29 GMT",2026-10-03T20:20:23.066517+00:00,
asset,cd57e7861b677b03,https://mooreburkina.com/sites/www.mooreburkina.com/files/media_stream/encodings/video_download_mp4_orig_qual/1013-.mp4,https://mooreburkina.com/fr/films-clips/vid%C3%A9os-de-diaporama,Vidéos de diaporama | Mooré Burkina Faso,moore,,other,video,.mp4,downloaded,assets/moore/general/other/video/1013__cd57e7861b677b03.mp4,25217939,f581b7e03cdaec208c3e73fb35d7b7f4c9445b72a7166e94ab691e84ec45b2c5,video/mp4,200,"""65930188-180cb93""","Mon, 01 Jan 2024 18:16:40 GMT",2026-10-03T20:20:24.131080+00:00,
asset,06ec9d4dcfb7dedc,https://mooreburkina.com/sites/www.mooreburkina.com/files/media_stream/encodings/video_download_mp4_orig_qual/1016-.mp4,https://mooreburkina.com/fr/films-clips/vid%C3%A9os-de-diaporama,Vidéos de diaporama | Mooré Burkina Faso,moore,,other,video,.mp4,downloaded,assets/moore/general/other/video/1016__06ec9d4dcfb7dedc.mp4,63327007,412bfc855e87ce20fd11d8e175635e32fc9f722bb61f45642a05aa046ec57096,video/mp4,200,"""65930305-3c64b1f""","Mon, 01 Jan 2024 18:23:01 GMT",2026-10-03T20:20:26.363965+00:00,
asset,da5827177dd29a7b,https://mooreburkina.com/sites/www.mooreburkina.com/files/media_stream/encodings/video_download_mp4_orig_qual/1019-.mp4,https://mooreburkina.com/fr/films-clips/vid%C3%A9os-de-diaporama,Vidéos de diaporama | Mooré Burkina Faso,moore,,other,video,.mp4,downloaded,assets/moore/general/other/video/1019__da5827177dd29a7b.mp4,40915716,f84805916cac888df3daadee8de306f69a9f0bdc9013ae61a3231871c6696536,video/mp4,200,"""6593033f-2705304""","Mon, 01 Jan 2024 18:23:59 GMT",2026-10-03T20:20:27.872994+00:00,
asset,a001b44a855598a3,https://mooreburkina.com/sites/www.mooreburkina.com/files/media_stream/encodings/video_download_mp4_orig_qual/1022-.mp4,https://mooreburkina.com/fr/films-clips/vid%C3%A9os-de-diaporama,Vidéos de diaporama | Mooré Burkina Faso,moore,,other,video,.mp4,downloaded,assets/moore/general/other/video/1022__a001b44a855598a3.mp4,51073201,2a28c0f3359c8596fc9c9937adf957df48f65d442b0b3b13f77ed002c3d20496,video/mp4,200,"""659303d1-30b50b1""","Mon, 01 Jan 2024 18:26:25 GMT",2026-10-03T20:20:29.876645+00:00,
asset,4a8f585ab15fba6e,https://mooreburkina.com/sites/www.mooreburkina.com/files/media_stream/encodings/video_download_mp4_orig_qual/1025-.mp4,https://mooreburkina.com/fr/films-clips/vid%C3%A9os-de-diaporama,Vidéos de diaporama | Mooré Burkina Faso,moore,,other,video,.mp4,downloaded,assets/moore/general/other/video/1025__4a8f585ab15fba6e.mp4,14687723,72e7cf9c72f62b941719101f3bff5a19614842e590af78035789bdb7244c19cd,video/mp4,200,"""659305c0-e01deb""","Mon, 01 Jan 2024 18:34:40 GMT",2026-10-03T20:20:30.634879+00:00,
asset,f55a4fd7bbc1a639,https://mooreburkina.com/sites/www.mooreburkina.com/files/media_stream/encodings/video_download_mp4_orig_qual/1028-.mp4,https://mooreburkina.com/fr/films-clips/vid%C3%A9os-de-diaporama,Vidéos de diaporama | Mooré Burkina Faso,moore,,other,video,.mp4,downloaded,assets/moore/general/other/video/1028__f55a4fd7bbc1a639.mp4,44953461,3ad3cdab491ef9441d349efce0bc81f14b2052c5ea75924cc14318178756e12f,video/mp4,200,"""659306bd-2adef75""","Mon, 01 Jan 2024 18:38:53 GMT",2026-10-03T20:20:32.247977+00:00,
asset,0ad07475d93ca13b,https://mooreburkina.com/sites/www.mooreburkina.com/files/media_stream/encodings/video_download_mp4_orig_qual/1031-.mp4,https://mooreburkina.com/fr/films-clips/vid%C3%A9os-de-diaporama,Vidéos de diaporama | Mooré Burkina Faso,moore,,other,video,.mp4,downloaded,assets/moore/general/other/video/1031__0ad07475d93ca13b.mp4,139914064,8166860f28514643f375cd87db7fff4c5ee7de97f38b090b7cd00b6113550c75,video/mp4,200,"""659308aa-856eb50""","Mon, 01 Jan 2024 18:47:06 GMT",2026-10-03T20:20:36.534978+00:00,
asset,096e8bb5204816a7,https://mooreburkina.com/sites/www.mooreburkina.com/files/media_stream/encodings/video_download_mp4_orig_qual/1034-.mp4,https://mooreburkina.com/fr/films-clips/vid%C3%A9os-de-diaporama,Vidéos de diaporama | Mooré Burkina Faso,moore,,other,video,.mp4,downloaded,assets/moore/general/other/video/1034__096e8bb5204816a7.mp4,176589741,268d78a130e6a195f6395249ecebe60df4a332574a7f8053762364e190792692,video/mp4,200,"""65930a81-a868bad""","Mon, 01 Jan 2024 18:54:57 GMT",2026-10-03T20:20:41.920385+00:00,
asset,334da34bb66b7177,https://mooreburkina.com/sites/www.mooreburkina.com/files/media_stream/encodings/video_download_mp4_orig_qual/1175-.mp4,https://mooreburkina.com/fr/applications-smartphone/applis-en-moor%C3%A9,Applis en mooré | Mooré Burkina Faso,moore,,app,video,.mp4,downloaded,assets/moore/general/app/video/1175__334da34bb66b7177.mp4,14340367,9b3a9709322dd61235b7d37f189a11d72e61982e51baefd9be0f32adf9b8e8b6,video/mp4,200,"""6661f93f-dad10f""","Thu, 06 Jun 2024 18:00:31 GMT",2026-10-03T20:20:42.749321+00:00,
asset,f0f69fa4ea32ecdf,https://mooreburkina.com/sites/www.mooreburkina.com/files/media_stream/encodings/video_download_mp4_orig_qual/2188-.mp4,https://mooreburkina.com/fr/chants-et-musique/alphabet-en-langues-nationales,Alphabet en langues nationales | Mooré Burkina Faso,moore,,orthography,video,.mp4,downloaded,assets/moore/general/orthography/video/2188__f0f69fa4ea32ecdf.mp4,19280002,176916a146da7d81fa921f9821b0801b9133c2317ea0516179e873aa2f027ef5,video/mp4,200,"""69e522bf-1263082""","Sun, 19 Apr 2026 18:45:19 GMT",2026-10-03T20:20:43.689144+00:00,
asset,2716ab8cdccaeb49,https://mooreburkina.com/sites/www.mooreburkina.com/files/media_stream/encodings/video_download_mp4_orig_qual/2191-.mp4,https://mooreburkina.com/fr/alphabet-clip-rumauntsch-puter,Alphabet Clip Rumauntsch Puter | Mooré Burkina Faso,moore,,orthography,video,.mp4,downloaded,assets/moore/general/orthography/video/2191__2716ab8cdccaeb49.mp4,45055438,67f3f6c00371a0ed341130be954e10652f2cd03e0b9325f36747c1eb9fd49fdd,video/mp4,200,"""69e61990-2af7dce""","Mon, 20 Apr 2026 12:18:24 GMT",2026-10-03T20:20:45.382454+00:00,
asset,442559a4af2e66b6,https://mooreburkina.com/sites/www.mooreburkina.com/files/media_stream/encodings/video_download_mp4_orig_qual/778-.mp4,https://mooreburkina.com/fr/applications-smartphone,Applications smartphone | Mooré Burkina Faso,moore,,app,video,.mp4,downloaded,assets/moore/general/app/video/778__442559a4af2e66b6.mp4,12066337,7d00366fcc4c8fd065ec9680b756adc770d49931a0fef75318deecb4871ef9ef,video/mp4,200,"""65148a3e-b81e21""","Wed, 27 Sep 2023 20:02:06 GMT",2026-10-03T20:20:46.122596+00:00,
asset,c71655f5dcf7d07b,https://mooreburkina.com/sites/www.mooreburkina.com/files/media_stream/encodings/video_download_mp4_orig_qual/947-.mp4,https://mooreburkina.com/fr/films-clips/vid%C3%A9os-de-diaporama,Vidéos de diaporama | Mooré Burkina Faso,moore,,other,video,.mp4,downloaded,assets/moore/general/other/video/947__c71655f5dcf7d07b.mp4,94191404,be69ca4a2a17b9206b5cd7a1bd34463ccfda6aee16b567683ed7d88d00ad9c14,video/mp4,200,"""658aac49-59d3f2c""","Tue, 26 Dec 2023 10:34:49 GMT",2026-10-03T20:20:49.302011+00:00,
asset,ba9d1cb3728440be,https://mooreburkina.com/sites/www.mooreburkina.com/files/media_stream/encodings/video_download_mp4_orig_qual/950-.mp4,https://mooreburkina.com/fr/films-clips/vid%C3%A9os-de-diaporama,Vidéos de diaporama | Mooré Burkina Faso,moore,,other,video,.mp4,downloaded,assets/moore/general/other/video/950__ba9d1cb3728440be.mp4,53169470,5ad2a07602394b547a28c927fbeab4d4faa43e2534255fcbe15f68c409d593eb,video/mp4,200,"""658aad19-32b4d3e""","Tue, 26 Dec 2023 10:38:17 GMT",2026-10-03T20:20:51.181988+00:00,
asset,8c38ada6eae04eab,https://mooreburkina.com/sites/www.mooreburkina.com/files/media_stream/encodings/video_download_mp4_orig_qual/953-.mp4,https://mooreburkina.com/fr/films-clips/vid%C3%A9os-de-diaporama,Vidéos de diaporama | Mooré Burkina Faso,moore,,other,video,.mp4,downloaded,assets/moore/general/other/video/953__8c38ada6eae04eab.mp4,46862362,6568d0935612531bd1db623800aeb4d7620da5d0fafa3a3f1fdb30f8700b8e76,video/mp4,200,"""658aad91-2cb101a""","Tue, 26 Dec 2023 10:40:17 GMT",2026-10-03T20:20:52.904881+00:00,
asset,9b76f26fb2f3acf8,https://mooreburkina.com/sites/www.mooreburkina.com/files/media_stream/encodings/video_download_mp4_orig_qual/956-.mp4,https://mooreburkina.com/fr/films-clips/vid%C3%A9os-de-diaporama,Vidéos de diaporama | Mooré Burkina Faso,moore,,other,video,.mp4,downloaded,assets/moore/general/other/video/956__9b76f26fb2f3acf8.mp4,29256247,fd197a36835d2e2518fe1a7a335d40b1ed646c1d4ba2d3bb80d87e03e5d519bf,video/mp4,200,"""658aaf28-1be6a37""","Tue, 26 Dec 2023 10:47:04 GMT",2026-10-03T20:20:54.154727+00:00,
asset,9156442a40e9e5ed,https://mooreburkina.com/sites/www.mooreburkina.com/files/media_stream/encodings/video_download_mp4_orig_qual/995-.mp4,https://mooreburkina.com/fr/films-clips/marcher-avec-j%C3%A9sus,Marcher avec Jésus | Mooré Burkina Faso,moore,,religious,video,.mp4,downloaded,assets/moore/general/religious/video/995__9156442a40e9e5ed.mp4,135097415,cf5bb437ecd95501ff4ddeb36a59b6c3360c41b0c6b74c60b1205f965a0b371a,video/mp4,200,"""658bd9a8-80d6c47""","Wed, 27 Dec 2023 08:00:40 GMT",2026-10-03T20:20:58.362882+00:00,
asset,337d000e493117a0,https://mooreburkina.com/sites/www.mooreburkina.com/files/media_stream/encodings/video_download_mp4_orig_qual/998-.mp4,https://mooreburkina.com/fr/films-clips/marcher-avec-j%C3%A9sus,Marcher avec Jésus | Mooré Burkina Faso,moore,,religious,video,.mp4,downloaded,assets/moore/general/religious/video/998__337d000e493117a0.mp4,159109452,94c771b12b93cbda663cdca2e10a2809bb5fde60793f918ad41c96cbcd6f45bb,video/mp4,200,"""658bdd81-97bd14c""","Wed, 27 Dec 2023 08:17:05 GMT",2026-10-03T20:21:04.463673+00:00,
asset,e0b32b800ddbbe54,https://mooreburkina.com/sites/www.mooreburkina.com/files/Dictio%20apk/San_Dictionnaire-1.0.apk,https://mooreburkina.com/fr/dictionnaire-moor%C3%A9/aplications-de-dictionnaires-pour-ordinateur,Applications de dictionnaires | Mooré Burkina Faso,moore;san,,dictionary,app,.apk,downloaded,assets/multilingual__moore_san/general/dictionary/app/san_dictionnaire-1.0__e0b32b800ddbbe54.apk,43377387,d6c2604ca5fe0d23bd28eca07339f108b6caea4bb7dc479c86654c03cd7ace49,application/octet-stream,200,"""607f45b6-295e2eb""","Tue, 20 Apr 2021 21:20:54 GMT",2026-10-03T20:21:06.285621+00:00,
asset,ea4e656d46155f0d,https://mooreburkina.com/sites/www.mooreburkina.com/files/styles/gallery/public/gallery-images/phacochere.jpg.webp?itok=Z74ghhzX,https://mooreburkina.com/fr/images/animaux,Animaux | Mooré Burkina Faso,moore;san,,image_culture,image,.webp,downloaded,assets/multilingual__moore_san/general/image_culture/image/phacochere.jpg__ea4e656d46155f0d.webp,31984,1cdd8a55b9cf11f70b28d2e1e367c5f4d434a8733408670dfa72399b60337992,image/webp,200,"""69b9f42a-7cf0""","Wed, 18 Mar 2026 00:39:06 GMT",2026-10-03T20:21:06.669427+00:00,
asset,ab8d2c8bff518816,https://mooreburkina.com/sites/www.mooreburkina.com/files/styles/max_750x750/public/2023-11/dictionnaire%20San%20Matya.jpg.webp?itok=uHbkAXSm,https://mooreburkina.com/fr/dictionnaire-moor%C3%A9/aplications-de-dictionnaires-pour-ordinateur,Applications de dictionnaires | Mooré Burkina Faso,moore;san,,dictionary,image,.webp,downloaded,assets/multilingual__moore_san/general/dictionary/image/dictionnaire_san_matya.jpg__ab8d2c8bff518816.webp,32150,8e504e102cf779c14cde8444091359f2a8564f7ef3b700f3138f5b3ef294e390,image/webp,200,"""69b9eed9-7d96""","Wed, 18 Mar 2026 00:16:25 GMT",2026-10-03T20:21:07.050766+00:00,
asset,08e14d768b911bae,https://mooreburkina.com/sites/www.mooreburkina.com/files/styles/max_750x750/public/2026-02/Play%20Store%20San%20Matya%20dico.jpg.webp?itok=HYUJJs0s,https://mooreburkina.com/fr/dictionnaire-moor%C3%A9/aplications-de-dictionnaires-pour-ordinateur,Applications de dictionnaires | Mooré Burkina Faso,moore;san,,dictionary,image,.webp,downloaded,assets/multilingual__moore_san/general/dictionary/image/play_store_san_matya_dico.jpg__08e14d768b911bae.webp,62900,433b6d578977fa2d487469c47aed0d6afd3e130c08508399057bd4a5f387e01a,image/webp,200,"""69b9eed9-f5b4""","Wed, 18 Mar 2026 00:16:25 GMT",2026-10-03T20:21:07.439048+00:00,
asset,d08a1e20529e265e,https://mooreburkina.com/sites/www.mooreburkina.com/files/styles/max_750x750/public/2026-02/Webonary%20San%20du%20sud%20dico.jpg.webp?itok=-e68YfUk,https://mooreburkina.com/fr/dictionnaire-moor%C3%A9/aplications-de-dictionnaires-pour-ordinateur,Applications de dictionnaires | Mooré Burkina Faso,moore;san,,dictionary,image,.webp,downloaded,assets/multilingual__moore_san/general/dictionary/image/webonary_san_du_sud_dico.jpg__d08a1e20529e265e.webp,73036,892379ecc98e57b6230ce59d390545bf098e8323fa37df6b00555c523a62b048,image/webp,200,"""69b9eed9-11d4c""","Wed, 18 Mar 2026 00:16:25 GMT",2026-10-03T20:21:07.822914+00:00,
asset,d661b02489dea689,https://mooreburkina.com/sites/www.mooreburkina.com/files/styles/max_750x750/public/Dictio%20apk/smarthphone%20san%20sud.jpg.webp?itok=1BHvCcTt,https://mooreburkina.com/fr/dictionnaire-moor%C3%A9/aplications-de-dictionnaires-pour-ordinateur,Applications de dictionnaires | Mooré Burkina Faso,moore;san,,dictionary,image,.webp,downloaded,assets/multilingual__moore_san/general/dictionary/image/smarthphone_san_sud.jpg__d661b02489dea689.webp,20452,aff9eaea9a4aad32859c2f2dd6e10718d720c317e0822000c73d010fbabc0689,image/webp,200,"""69b9eeda-4fe4""","Wed, 18 Mar 2026 00:16:26 GMT",2026-10-03T20:21:08.205731+00:00,
asset,3f40dd9233e1f20f,https://mooreburkina.com/sites/www.mooreburkina.com/files/styles/max_750x750/public/Diction%20exe/dictionnaire%20San%20du%20sud.jpg.webp?itok=MpP2sQq_,https://mooreburkina.com/fr/dictionnaire-moor%C3%A9/aplications-de-dictionnaires-pour-ordinateur,Applications de dictionnaires | Mooré Burkina Faso,moore;san,,dictionary,image,.webp,downloaded,assets/multilingual__moore_san/general/dictionary/image/dictionnaire_san_du_sud.jpg__3f40dd9233e1f20f.webp,9952,f8908cacc68e371ef4dad3cf1b7e6fe1ce90e72ae76ea864a72ced4560f07f34,image/webp,200,"""69b9eed9-26e0""","Wed, 18 Mar 2026 00:16:25 GMT",2026-10-03T20:21:08.590036+00:00,
asset,ec56f53b12b01984,https://mooreburkina.com/sites/www.mooreburkina.com/files/styles/max_750x750/public/slideshow-images/artisan03.jpg.webp?itok=rAwh0obA,https://mooreburkina.com/fr/images/fotos-du-pays-mossi/gens-et-impressions,Gens et leur quotidien | Mooré Burkina Faso,moore;san,,image_culture,image,.webp,downloaded,assets/multilingual__moore_san/general/image_culture/image/artisan03.jpg__ec56f53b12b01984.webp,59524,19a1daac828b37a6622ae71797767409fbb37e3327c39e2a789743f50d8e4895,image/webp,200,"""69ba0468-e884""","Wed, 18 Mar 2026 01:48:24 GMT",2026-10-03T20:21:09.066588+00:00,
page,ffb0befbdad602eb,https://mooreburkina.com/fr/chants-et-musique/alphabet-en-langues-nationales,https://mooreburkina.com/fr/chants-et-musique/alphabet-en-langues-nationales,Alphabet en langues nationales | Mooré Burkina Faso,dioula;english;french;fulfulde;gulimancema;lobiri;lyele;moore;nuni;san,,orthography,html_page,.html,downloaded,pages/multilingual__dioula_english_french_fulfulde_gulimancema_lobiri_lyele_moore_nuni_san/general/orthography/ffb0befbdad602eb.html;pages/multilingual__dioula_english_french_fulfulde_gulimancema_lobiri_lyele_moore_nuni_san/general/orthography/ffb0befbdad602eb.txt,138756,19053dfc7a7c0a136502cc85fabf91fba01a5601ff5ea74c02f495cadb754ec6,text/html; charset=UTF-8,200,"W/""1790798330""","Wed, 30 Sep 2026 19:58:50 GMT",2026-10-03T20:21:14.932867+00:00,
page,1f0395aae8c8af3d,https://mooreburkina.com/fr/dictionnaire-moor%C3%A9/aplications-de-dictionnaires-pour-ordinateur,https://mooreburkina.com/fr/dictionnaire-moor%C3%A9/aplications-de-dictionnaires-pour-ordinateur,Applications de dictionnaires | Mooré Burkina Faso,dioula;english;french;fulfulde;gulimancema;moore,,dictionary,html_page,.html,downloaded,pages/multilingual__dioula_english_french_fulfulde_gulimancema_moore/general/dictionary/1f0395aae8c8af3d.html;pages/multilingual__dioula_english_french_fulfulde_gulimancema_moore/general/dictionary/1f0395aae8c8af3d.txt,248811,0673d2730069e04cbed441d740bfec582d464c8e3f6f1900d2e8415fafc71a75,text/html; charset=UTF-8,200,"W/""1790808149""","Wed, 30 Sep 2026 22:42:29 GMT",2026-10-03T20:21:27.839239+00:00,
page,9feeecf5bb85c525,https://mooreburkina.com/fr/gulimancema,https://mooreburkina.com/fr/gulimancema,Gulimancema | Mooré Burkina Faso,dioula;english;french;fulfulde;gulimancema;moore,,other,html_page,.html,downloaded,pages/multilingual__dioula_english_french_fulfulde_gulimancema_moore/general/other/9feeecf5bb85c525.html;pages/multilingual__dioula_english_french_fulfulde_gulimancema_moore/general/other/9feeecf5bb85c525.txt,101925,5556738357f46a293a10397099878e6f1b72949905e8bb6890fe91ac9d2dd04e,text/html; charset=UTF-8,200,"W/""1790809601""","Wed, 30 Sep 2026 23:06:41 GMT",2026-10-03T20:21:57.536537+00:00,
page,36fe38a640b09b7a,https://mooreburkina.com/fr/gulimancema/chants-et-musique-gulmanche,https://mooreburkina.com/fr/gulimancema/chants-et-musique-gulmanche,Chants et musique gulmanche | Mooré Burkina Faso,dioula;english;french;fulfulde;gulimancema;moore,,music,html_page,.html,downloaded,pages/multilingual__dioula_english_french_fulfulde_gulimancema_moore/general/music/36fe38a640b09b7a.html;pages/multilingual__dioula_english_french_fulfulde_gulimancema_moore/general/music/36fe38a640b09b7a.txt,86511,aa463bad63ae59213d02fc84e4ca5915dc209c22b717ee29dd7abec4a228a864,text/html; charset=UTF-8,200,"W/""1790835611""","Thu, 01 Oct 2026 06:20:11 GMT",2026-10-03T20:21:58.396922+00:00,
page,c46be58588644824,https://mooreburkina.com/fr/gulimancema/dictionnaire-gulmanchema,https://mooreburkina.com/fr/gulimancema/dictionnaire-gulmanchema,Dictionnaire Gulmanchema | Mooré Burkina Faso,dioula;english;french;fulfulde;gulimancema;moore,,dictionary,html_page,.html,downloaded,pages/multilingual__dioula_english_french_fulfulde_gulimancema_moore/general/dictionary/c46be58588644824.html;pages/multilingual__dioula_english_french_fulfulde_gulimancema_moore/general/dictionary/c46be58588644824.txt,75796,48ce47536b7cb7723943fe5341341a2053fd29e719bc52151ef8e8a18d42ee06,text/html; charset=UTF-8,200,"W/""1790806181""","Wed, 30 Sep 2026 22:09:41 GMT",2026-10-03T20:21:58.821687+00:00,
page,f7b11faac69aecaa,https://mooreburkina.com/fr/chants-et-musique/hymnes-nationales,https://mooreburkina.com/fr/chants-et-musique/hymnes-nationales,Hymnes Nationales | Mooré Burkina Faso,dioula;english;french;fulfulde;lobiri;lyele;moore;nuni;san,,music,html_page,.html,downloaded,pages/multilingual__dioula_english_french_fulfulde_lobiri_lyele_moore_nuni_san/general/music/f7b11faac69aecaa.html;pages/multilingual__dioula_english_french_fulfulde_lobiri_lyele_moore_nuni_san/general/music/f7b11faac69aecaa.txt,81734,d404c68746cde489206c8b61bdb8dcf133ec3aaea9120ae7b4f793c372735939,text/html; charset=UTF-8,200,"W/""1790835611""","Thu, 01 Oct 2026 06:20:11 GMT",2026-10-03T20:21:16.651911+00:00,
page,d9f5dfd453548b71,https://mooreburkina.com/,https://mooreburkina.com/,Mooré Burkina Faso,dioula;english;french;fulfulde;moore,,other,html_page,.html,downloaded,pages/multilingual__dioula_english_french_fulfulde_moore/general/other/d9f5dfd453548b71.html;pages/multilingual__dioula_english_french_fulfulde_moore/general/other/d9f5dfd453548b71.txt,116948,0d038945d39b686809878213c165a693c699e777f1995582e6f5b722748049cc,text/html; charset=UTF-8,200,"W/""1790797077""","Wed, 30 Sep 2026 19:37:57 GMT",2026-10-03T20:21:09.535640+00:00,
page,7369e5c85bfd2357,https://mooreburkina.com/fr,https://mooreburkina.com/fr,Mooré Burkina Faso,dioula;english;french;fulfulde;moore,,other,html_page,.html,downloaded,pages/multilingual__dioula_english_french_fulfulde_moore/general/other/7369e5c85bfd2357.html;pages/multilingual__dioula_english_french_fulfulde_moore/general/other/7369e5c85bfd2357.txt,116952,e7ddff706c6e19f266021971cbec2d5fb4f37f1e35afd37b78300a8410aa747f,text/html; charset=UTF-8,200,"W/""1790798340""","Wed, 30 Sep 2026 19:59:00 GMT",2026-10-03T20:21:09.981233+00:00,
page,734854de9318b915,https://mooreburkina.com/fr/alphabet-clip-rumauntsch-puter,https://mooreburkina.com/fr/alphabet-clip-rumauntsch-puter,Alphabet Clip Rumauntsch Puter | Mooré Burkina Faso,dioula;english;french;fulfulde;moore,,orthography,html_page,.html,downloaded,pages/multilingual__dioula_english_french_fulfulde_moore/general/orthography/734854de9318b915.html;pages/multilingual__dioula_english_french_fulfulde_moore/general/orthography/734854de9318b915.txt,70679,1116137035332b04d09e2a9cb459ae5c17eb06533d29aa28157927f5f97840d2,text/html; charset=UTF-8,200,"W/""1790805801""","Wed, 30 Sep 2026 22:03:21 GMT",2026-10-03T20:21:11.350213+00:00,
page,136325a91a74707b,https://mooreburkina.com/fr/applications-smartphone,https://mooreburkina.com/fr/applications-smartphone,Applications smartphone | Mooré Burkina Faso,dioula;english;french;fulfulde;moore,,app,html_page,.html,downloaded,pages/multilingual__dioula_english_french_fulfulde_moore/general/app/136325a91a74707b.html;pages/multilingual__dioula_english_french_fulfulde_moore/general/app/136325a91a74707b.txt,79049,202949ced8f00342a28c0cff62d31d3bb11cca4e2239195dfb30958c4db5377f,text/html; charset=UTF-8,200,"W/""1790802647""","Wed, 30 Sep 2026 21:10:47 GMT",2026-10-03T20:21:11.881692+00:00,
page,350831112273aa7a,https://mooreburkina.com/fr/applications-smartphone/applis-en-dioula,https://mooreburkina.com/fr/applications-smartphone/applis-en-dioula,Applis en dioula | Mooré Burkina Faso,dioula;english;french;fulfulde;moore,,app,html_page,.html,downloaded,pages/multilingual__dioula_english_french_fulfulde_moore/general/app/350831112273aa7a.html;pages/multilingual__dioula_english_french_fulfulde_moore/general/app/350831112273aa7a.txt,99477,be98cf2af8f2341217125f258c0f0ac0fe654fac72cda4823a6089f683cc56dc,text/html; charset=UTF-8,200,"W/""1790831138""","Thu, 01 Oct 2026 05:05:38 GMT",2026-10-03T20:21:12.418296+00:00,
page,530075bc1ace3e4b,https://mooreburkina.com/fr/applications-smartphone/applis-en-fulfulde,https://mooreburkina.com/fr/applications-smartphone/applis-en-fulfulde,Applis en Fulfulde | Mooré Burkina Faso,dioula;english;french;fulfulde;moore,,app,html_page,.html,downloaded,pages/multilingual__dioula_english_french_fulfulde_moore/general/app/530075bc1ace3e4b.html;pages/multilingual__dioula_english_french_fulfulde_moore/general/app/530075bc1ace3e4b.txt,113508,fcfc3fb1d0a68c192c2b37e161687a44e70f0b4fc09e6d4f817697a8bd93841e,text/html; charset=UTF-8,200,"W/""1790807694""","Wed, 30 Sep 2026 22:34:54 GMT",2026-10-03T20:21:12.938933+00:00,
page,98d278e7681391f3,https://mooreburkina.com/fr/applications-smartphone/applis-en-moor%C3%A9,https://mooreburkina.com/fr/applications-smartphone/applis-en-moor%C3%A9,Applis en mooré | Mooré Burkina Faso,dioula;english;french;fulfulde;moore,,app,html_page,.html,downloaded,pages/multilingual__dioula_english_french_fulfulde_moore/general/app/98d278e7681391f3.html;pages/multilingual__dioula_english_french_fulfulde_moore/general/app/98d278e7681391f3.txt,126620,cd49a1ce2a09263c853dc2438f09f35dd0c0e4c004d5e132d90ccbd1db63f66c,text/html; charset=UTF-8,200,"W/""1790816319""","Thu, 01 Oct 2026 00:58:39 GMT",2026-10-03T20:21:13.463899+00:00,
page,d473a432934b73f8,https://mooreburkina.com/fr/applications-smartphone/applis-smartphone-en-langues-burkina,https://mooreburkina.com/fr/applications-smartphone/applis-smartphone-en-langues-burkina,Applis Smartphone en langues Burkina | Mooré Burkina Faso,dioula;english;french;fulfulde;moore,,app,html_page,.html,downloaded,pages/multilingual__dioula_english_french_fulfulde_moore/general/app/d473a432934b73f8.html;pages/multilingual__dioula_english_french_fulfulde_moore/general/app/d473a432934b73f8.txt,79579,cdfc5d720982c98e3b381fa379cc88a3de7e8f234d725f74563f33f522da7f46,text/html; charset=UTF-8,200,"W/""1790819561""","Thu, 01 Oct 2026 01:52:41 GMT",2026-10-03T20:21:13.879289+00:00,
page,b7cd113278903c1a,https://mooreburkina.com/fr/bienvenu-au-pays-mossi,https://mooreburkina.com/fr/bienvenu-au-pays-mossi,Mooré Burkina Faso,dioula;english;french;fulfulde;moore,,other,html_page,.html,downloaded,pages/multilingual__dioula_english_french_fulfulde_moore/general/other/b7cd113278903c1a.html;pages/multilingual__dioula_english_french_fulfulde_moore/general/other/b7cd113278903c1a.txt,116997,a65f20c60d163fa395c6ee296ebbf16893fc1257ece04251e15088024bfae079,text/html; charset=UTF-8,200,"W/""1790799106""","Wed, 30 Sep 2026 20:11:46 GMT",2026-10-03T20:21:14.412668+00:00,
page,7ad2e9a7246ca1cb,https://mooreburkina.com/fr/chants-et-musique/chants-de-la-chorale-1,https://mooreburkina.com/fr/chants-et-musique/chants-de-la-chorale-1,Chants de la chorale 1 | Mooré Burkina Faso,dioula;english;french;fulfulde;moore,,music,html_page,.html,downloaded,pages/multilingual__dioula_english_french_fulfulde_moore/general/music/7ad2e9a7246ca1cb.html;pages/multilingual__dioula_english_french_fulfulde_moore/general/music/7ad2e9a7246ca1cb.txt,80712,9e1e5b83ee5e4f842ce453f0dac39be67b6d9623cd1d952843df22fa2cfd9ad4,text/html; charset=UTF-8,200,"W/""1790800702""","Wed, 30 Sep 2026 20:38:22 GMT",2026-10-03T20:21:15.360932+00:00,
page,14bd46f5ed384dd5,https://mooreburkina.com/fr/chants-et-musique/chants-et-clips-de-youtube,https://mooreburkina.com/fr/chants-et-musique/chants-et-clips-de-youtube,Chants et clips de Youtube 1 | Mooré Burkina Faso,dioula;english;french;fulfulde;moore,,music,html_page,.html,downloaded,pages/multilingual__dioula_english_french_fulfulde_moore/general/music/14bd46f5ed384dd5.html;pages/multilingual__dioula_english_french_fulfulde_moore/general/music/14bd46f5ed384dd5.txt,84570,bc0616ab3feb24bfca02a0dd9771909d1eb9dc1f0bc0ff996d0a799432b4a646,text/html; charset=UTF-8,200,"W/""1790805699""","Wed, 30 Sep 2026 22:01:39 GMT",2026-10-03T20:21:15.791026+00:00,
page,3bf96fe95985d8d0,https://mooreburkina.com/fr/chants-et-musique/chants-et-clips-de-youtube-2,https://mooreburkina.com/fr/chants-et-musique/chants-et-clips-de-youtube-2,Chants et clips de Youtube 2 | Mooré Burkina Faso,dioula;english;french;fulfulde;moore,,music,html_page,.html,downloaded,pages/multilingual__dioula_english_french_fulfulde_moore/general/music/3bf96fe95985d8d0.html;pages/multilingual__dioula_english_french_fulfulde_moore/general/music/3bf96fe95985d8d0.txt,83525,9e7c5935cf9ed0aa46de47a7f4549683a59069783d40e11668448d8c11d6db2e,text/html; charset=UTF-8,200,"W/""1790835611""","Thu, 01 Oct 2026 06:20:11 GMT",2026-10-03T20:21:16.234216+00:00,
page,bf4849a49b1dba98,https://mooreburkina.com/fr/contes-proverbes/contes-vol-3-avec-audio,https://mooreburkina.com/fr/contes-proverbes/contes-vol-3-avec-audio,Contes vol. 3 avec audio | Mooré Burkina Faso,dioula;english;french;fulfulde;moore,,folktale,html_page,.html,downloaded,pages/multilingual__dioula_english_french_fulfulde_moore/general/folktale/bf4849a49b1dba98.html;pages/multilingual__dioula_english_french_fulfulde_moore/general/folktale/bf4849a49b1dba98.txt,77884,3c5c29e2d23894fdc3eb21f2bf9766e7dc4dbd12f9ddf979b96a07f182438710,text/html; charset=UTF-8,200,"W/""1790813510""","Thu, 01 Oct 2026 00:11:50 GMT",2026-10-03T20:21:18.375537+00:00,
page,49c00fee2e23d3b8,https://mooreburkina.com/fr/contes-proverbes/contes-vol-4-avec-audio,https://mooreburkina.com/fr/contes-proverbes/contes-vol-4-avec-audio,Contes vol. 4 avec audio | Mooré Burkina Faso,dioula;english;french;fulfulde;moore,,folktale,html_page,.html,downloaded,pages/multilingual__dioula_english_french_fulfulde_moore/general/folktale/49c00fee2e23d3b8.html;pages/multilingual__dioula_english_french_fulfulde_moore/general/folktale/49c00fee2e23d3b8.txt,81133,78f3a2f4c3b4dd2d54c11e2de397edd95d34404df0223b106d8def0daff8bf9b,text/html; charset=UTF-8,200,"W/""1790813536""","Thu, 01 Oct 2026 00:12:16 GMT",2026-10-03T20:21:18.827674+00:00,
page,b2d1bdbae62bde0c,https://mooreburkina.com/fr/contes-proverbes/devinettes-en-moor%C3%A9,https://mooreburkina.com/fr/contes-proverbes/devinettes-en-moor%C3%A9,Devinettes en mooré | Mooré Burkina Faso,dioula;english;french;fulfulde;moore,,folktale,html_page,.html,downloaded,pages/multilingual__dioula_english_french_fulfulde_moore/general/folktale/b2d1bdbae62bde0c.html;pages/multilingual__dioula_english_french_fulfulde_moore/general/folktale/b2d1bdbae62bde0c.txt,72318,78154d75afaba45ad9633e4fc2bbd4e7233dc2295578cee599232a32d5a6ec1f,text/html; charset=UTF-8,200,"W/""1790806877""","Wed, 30 Sep 2026 22:21:17 GMT",2026-10-03T20:21:19.800876+00:00,
page,d5be2dd95030ee66,https://mooreburkina.com/fr/contes-proverbes/proverbes-en-moor%C3%A9-vol-10,https://mooreburkina.com/fr/contes-proverbes/proverbes-en-moor%C3%A9-vol-10,Proverbes en mooré vol. 10 | Mooré Burkina Faso,dioula;english;french;fulfulde;moore,,folktale,html_page,.html,downloaded,pages/multilingual__dioula_english_french_fulfulde_moore/general/folktale/d5be2dd95030ee66.html;pages/multilingual__dioula_english_french_fulfulde_moore/general/folktale/d5be2dd95030ee66.txt,72652,ff56058fdf18334972d7a825188205c63665d2ec7d154b9e7c62881193799080,text/html; charset=UTF-8,200,"W/""1790807615""","Wed, 30 Sep 2026 22:33:35 GMT",2026-10-03T20:21:21.693576+00:00,
page,8830e00382181d17,https://mooreburkina.com/fr/contes-proverbes/proverbes-en-moor%C3%A9-vol-9,https://mooreburkina.com/fr/contes-proverbes/proverbes-en-moor%C3%A9-vol-9,Proverbes en mooré vol. 9 | Mooré Burkina Faso,dioula;english;french;fulfulde;moore,,folktale,html_page,.html,downloaded,pages/multilingual__dioula_english_french_fulfulde_moore/general/folktale/8830e00382181d17.html;pages/multilingual__dioula_english_french_fulfulde_moore/general/folktale/8830e00382181d17.txt,74957,78e021b3884a9cad6b230d1dc2f16b578ee858e348f2f157ac6a9f327171a994,text/html; charset=UTF-8,200,"W/""1790829186""","Thu, 01 Oct 2026 04:33:06 GMT",2026-10-03T20:21:25.874366+00:00,
page,ef84179fe9185909,https://mooreburkina.com/fr/contes-proverbes/proverbes-moor%C3%A9-vol-11,https://mooreburkina.com/fr/contes-proverbes/proverbes-moor%C3%A9-vol-11,Proverbes mooré. vol. 11 | Mooré Burkina Faso,dioula;english;french;fulfulde;moore,,folktale,html_page,.html,downloaded,pages/multilingual__dioula_english_french_fulfulde_moore/general/folktale/ef84179fe9185909.html;pages/multilingual__dioula_english_french_fulfulde_moore/general/folktale/ef84179fe9185909.txt,72580,2018d795f5b84182f15e4a3eb51dfc991667d26d087b6785daf945047c3eb2cf,text/html; charset=UTF-8,200,"W/""1790835610""","Thu, 01 Oct 2026 06:20:10 GMT",2026-10-03T20:21:26.317801+00:00,
page,5a500dccc03f834c,https://mooreburkina.com/fr/dictionnaire-dioula-en-ligne-0,https://mooreburkina.com/fr/dictionnaire-dioula-en-ligne-0,Dictionnaire dioula en ligne | Mooré Burkina Faso,dioula;english;french;fulfulde;moore,,dictionary,html_page,.html,downloaded,pages/multilingual__dioula_english_french_fulfulde_moore/general/dictionary/5a500dccc03f834c.html;pages/multilingual__dioula_english_french_fulfulde_moore/general/dictionary/5a500dccc03f834c.txt,72447,d57f574cef95bf57ee8b8089b6d56ffb0136fcceec0100fe0f4e04427e8645d1,text/html; charset=UTF-8,200,"W/""1790812314""","Wed, 30 Sep 2026 23:51:54 GMT",2026-10-03T20:21:26.765183+00:00,
page,3253621685faa835,https://mooreburkina.com/fr/dictionnaire-moor%C3%A9,https://mooreburkina.com/fr/dictionnaire-moor%C3%A9,Dictionnaires | Mooré Burkina Faso,dioula;english;french;fulfulde;moore,,dictionary,html_page,.html,downloaded,pages/multilingual__dioula_english_french_fulfulde_moore/general/dictionary/3253621685faa835.html;pages/multilingual__dioula_english_french_fulfulde_moore/general/dictionary/3253621685faa835.txt,83743,3c2646ea26e4e21898668d3e4a01f4e4c6c78935eff2ad0bcaa61f56d0d1d883,text/html; charset=UTF-8,200,"W/""1790815964""","Thu, 01 Oct 2026 00:52:44 GMT",2026-10-03T20:21:27.281124+00:00,
page,124b5e7092882f4f,https://mooreburkina.com/fr/dictionnaire-moor%C3%A9/dictionnaire-dioula-fran%C3%A7ais-english,https://mooreburkina.com/fr/dictionnaire-moor%C3%A9/dictionnaire-dioula-fran%C3%A7ais-english,Dictionnaire dioula en-ligne | Mooré Burkina Faso,dioula;english;french;fulfulde;moore,,dictionary,html_page,.html,downloaded,pages/multilingual__dioula_english_french_fulfulde_moore/general/dictionary/124b5e7092882f4f.html;pages/multilingual__dioula_english_french_fulfulde_moore/general/dictionary/124b5e7092882f4f.txt,69776,9aba85cc1ef66197289e40c9bd8d50af92eb9f4e3cef6ec89dee3f3ee9e247f9,text/html; charset=UTF-8,200,"W/""1790829193""","Thu, 01 Oct 2026 04:33:13 GMT",2026-10-03T20:21:28.280514+00:00,
page,60dd1fccd5183b61,https://mooreburkina.com/fr/dictionnaire-moor%C3%A9/dictionnaire-fulfulde-fran%C3%A7ais-english,https://mooreburkina.com/fr/dictionnaire-moor%C3%A9/dictionnaire-fulfulde-fran%C3%A7ais-english,Dictionnaire fulfulde en ligne | Mooré Burkina Faso,dioula;english;french;fulfulde;moore,,dictionary,html_page,.html,downloaded,pages/multilingual__dioula_english_french_fulfulde_moore/general/dictionary/60dd1fccd5183b61.html;pages/multilingual__dioula_english_french_fulfulde_moore/general/dictionary/60dd1fccd5183b61.txt,69834,d51c8b5ea5dce179fbdb86b92a77694b781a0180a99427ed9bbc29a26ec42421,text/html; charset=UTF-8,200,"W/""1790829188""","Thu, 01 Oct 2026 04:33:08 GMT",2026-10-03T20:21:28.709957+00:00,
page,04c81702b0d74f61,https://mooreburkina.com/fr/dictionnaire-moor%C3%A9/dictionnaire-moore-en-ligne,https://mooreburkina.com/fr/dictionnaire-moor%C3%A9/dictionnaire-moore-en-ligne,Dictionnaire moore en ligne | Mooré Burkina Faso,dioula;english;french;fulfulde;moore,,dictionary,html_page,.html,downloaded,pages/multilingual__dioula_english_french_fulfulde_moore/general/dictionary/04c81702b0d74f61.html;pages/multilingual__dioula_english_french_fulfulde_moore/general/dictionary/04c81702b0d74f61.txt,70572,0147a59ab0ef60a10fbfae5b13a1872936154951b1ac3265191a3dd822710c8d,text/html; charset=UTF-8,200,"W/""1790835612""","Thu, 01 Oct 2026 06:20:12 GMT",2026-10-03T20:21:29.169218+00:00,
page,2c74b1822759d50d,https://mooreburkina.com/fr/dictionnaire-moore-en-ligne,https://mooreburkina.com/fr/dictionnaire-moore-en-ligne,Dictionnaire moore en ligne | Mooré Burkina Faso,dioula;english;french;fulfulde;moore,,dictionary,html_page,.html,downloaded,pages/multilingual__dioula_english_french_fulfulde_moore/general/dictionary/2c74b1822759d50d.html;pages/multilingual__dioula_english_french_fulfulde_moore/general/dictionary/2c74b1822759d50d.txt,71826,021ecdc7d966f97913946ba10c8f0843b1bdfb5d88371471c5f6e5f4ba6c9f4b,text/html; charset=UTF-8,200,"W/""1790842147""","Thu, 01 Oct 2026 08:09:07 GMT",2026-10-03T20:21:29.602811+00:00,
page,6ec3838ba742a566,https://mooreburkina.com/fr/dioula-fulfulde,https://mooreburkina.com/fr/dioula-fulfulde,Dioula | Mooré Burkina Faso,dioula;english;french;fulfulde;moore,,other,html_page,.html,downloaded,pages/multilingual__dioula_english_french_fulfulde_moore/general/other/6ec3838ba742a566.html;pages/multilingual__dioula_english_french_fulfulde_moore/general/other/6ec3838ba742a566.txt,106842,42887e3975e818dd5b7fe64dbcf5a8f97fcdc27208bb118ef67cb2639450655e,text/html; charset=UTF-8,200,"W/""1790809148""","Wed, 30 Sep 2026 22:59:08 GMT",2026-10-03T20:21:30.127118+00:00,
page,f7317d56532b238f,https://mooreburkina.com/fr/dioula-fulfulde/%C3%A9couter-la-parole-de-dieu-en-dioula,https://mooreburkina.com/fr/dioula-fulfulde/%C3%A9couter-la-parole-de-dieu-en-dioula,Écouter la parole de Dieu en dioula | Mooré Burkina Faso,dioula;english;french;fulfulde;moore,,religious,html_page,.html,downloaded,pages/multilingual__dioula_english_french_fulfulde_moore/general/religious/f7317d56532b238f.html;pages/multilingual__dioula_english_french_fulfulde_moore/general/religious/f7317d56532b238f.txt,77031,fc23d3b222a6a742e3cafe5b07fc209c3678f984a4258ec02050f659afe9d689,text/html; charset=UTF-8,200,"W/""1790811992""","Wed, 30 Sep 2026 23:46:32 GMT",2026-10-03T20:21:30.567411+00:00,
page,3444f7c11785f595,https://mooreburkina.com/fr/dioula-fulfulde/%C3%A9couter-la-parole-de-dieu-en-fulfulde,https://mooreburkina.com/fr/dioula-fulfulde/%C3%A9couter-la-parole-de-dieu-en-fulfulde,Écouter la parole de Dieu en fulfulde | Mooré Burkina Faso,dioula;english;french;fulfulde;moore,,religious,html_page,.html,downloaded,pages/multilingual__dioula_english_french_fulfulde_moore/general/religious/3444f7c11785f595.html;pages/multilingual__dioula_english_french_fulfulde_moore/general/religious/3444f7c11785f595.txt,75003,3b04a7f3f910b6739f8c7402e5f1ac2ecf57a68c15e74f9b38133f5bddf6f0a1,text/html; charset=UTF-8,200,"W/""1790820655""","Thu, 01 Oct 2026 02:10:55 GMT",2026-10-03T20:21:31.003509+00:00,
page,f76adae17006287d,https://mooreburkina.com/fr/dioula-fulfulde/contes-dioula-et-fran%C3%A7ais,https://mooreburkina.com/fr/dioula-fulfulde/contes-dioula-et-fran%C3%A7ais,Proverbes dioula et français | Mooré Burkina Faso,dioula;english;french;fulfulde;moore,,folktale,html_page,.html,downloaded,pages/multilingual__dioula_english_french_fulfulde_moore/general/folktale/f76adae17006287d.html;pages/multilingual__dioula_english_french_fulfulde_moore/general/folktale/f76adae17006287d.txt,75883,e8715e93b415e47c081f2d40858d976abf713b89eb750e38b0d180f7c53da4e7,text/html; charset=UTF-8,200,"W/""1790835610""","Thu, 01 Oct 2026 06:20:10 GMT",2026-10-03T20:21:31.419617+00:00,
page,a4d11eda354b2bf0,https://mooreburkina.com/fr/dioula/guide-dorthographe-dioula,https://mooreburkina.com/fr/dioula/guide-dorthographe-dioula,Guide d'orthographe dioula | Mooré Burkina Faso,dioula;english;french;fulfulde;moore,,orthography,html_page,.html,downloaded,pages/multilingual__dioula_english_french_fulfulde_moore/general/orthography/a4d11eda354b2bf0.html;pages/multilingual__dioula_english_french_fulfulde_moore/general/orthography/a4d11eda354b2bf0.txt,71141,e4920aa863c9e50182ee069b88f8d897aaf877f9181e9238ae4009f9b73898dd,text/html; charset=UTF-8,200,"W/""1790835610""","Thu, 01 Oct 2026 06:20:10 GMT",2026-10-03T20:21:36.143186+00:00,
page,34ddbfddddb81736,https://mooreburkina.com/fr/dioula/marcher-avec-j%C3%A9sus-1-5,https://mooreburkina.com/fr/dioula/marcher-avec-j%C3%A9sus-1-5,Marcher avec Jésus 1 - 5 | Mooré Burkina Faso,dioula;english;french;fulfulde;moore,,religious,html_page,.html,downloaded,pages/multilingual__dioula_english_french_fulfulde_moore/general/religious/34ddbfddddb81736.html;pages/multilingual__dioula_english_french_fulfulde_moore/general/religious/34ddbfddddb81736.txt,80533,99f246d564550c088ca82524e18179ea7a4f0ff2d9f1c9939041f9bd37760043,text/html; charset=UTF-8,200,"W/""1790807595""","Wed, 30 Sep 2026 22:33:15 GMT",2026-10-03T20:21:37.183275+00:00,
page,9eaca521508dcde8,https://mooreburkina.com/fr/dioula/po%C3%A8mes-en-dioula,https://mooreburkina.com/fr/dioula/po%C3%A8mes-en-dioula,Poèmes en dioula | Mooré Burkina Faso,dioula;english;french;fulfulde;moore,,poem,html_page,.html,downloaded,pages/multilingual__dioula_english_french_fulfulde_moore/general/poem/9eaca521508dcde8.html;pages/multilingual__dioula_english_french_fulfulde_moore/general/poem/9eaca521508dcde8.txt,78685,b8bd07d1d53f47661ab65f316e0d105955145560c458bbb53a5a7a1734d083f8,text/html; charset=UTF-8,200,"W/""1790812899""","Thu, 01 Oct 2026 00:01:39 GMT",2026-10-03T20:21:38.167302+00:00,
page,73a81b87255785dc,https://mooreburkina.com/fr/dioula/proverbes-dioula-vol-3,https://mooreburkina.com/fr/dioula/proverbes-dioula-vol-3,Proverbes dioula vol 2 | Mooré Burkina Faso,dioula;english;french;fulfulde;moore,,proverb,html_page,.html,downloaded,pages/multilingual__dioula_english_french_fulfulde_moore/general/proverb/73a81b87255785dc.html;pages/multilingual__dioula_english_french_fulfulde_moore/general/proverb/73a81b87255785dc.txt,72766,ca78a4544a5480d145034937ba9fadcef6c33eebd1596b0b1662d5aa1a3ea786,text/html; charset=UTF-8,200,"W/""1790810524""","Wed, 30 Sep 2026 23:22:04 GMT",2026-10-03T20:21:38.601443+00:00,
page,7de663c52001817a,https://mooreburkina.com/fr/dioula/proverbes-dioula-vol-3-0,https://mooreburkina.com/fr/dioula/proverbes-dioula-vol-3-0,Proverbes dioula vol 3 | Mooré Burkina Faso,dioula;english;french;fulfulde;moore,,proverb,html_page,.html,downloaded,pages/multilingual__dioula_english_french_fulfulde_moore/general/proverb/7de663c52001817a.html;pages/multilingual__dioula_english_french_fulfulde_moore/general/proverb/7de663c52001817a.txt,70412,bfc378044d1e29f21963d86ed7ce567666b898c188d55c93f056b7d3b909914c,text/html; charset=UTF-8,200,"W/""1790824257""","Thu, 01 Oct 2026 03:10:57 GMT",2026-10-03T20:21:39.043756+00:00,
page,c6ef10a1b15595fe,https://mooreburkina.com/fr/dioula/proverbes-dioula-vol-4,https://mooreburkina.com/fr/dioula/proverbes-dioula-vol-4,Proverbes dioula vol 4 | Mooré Burkina Faso,dioula;english;french;fulfulde;moore,,proverb,html_page,.html,downloaded,pages/multilingual__dioula_english_french_fulfulde_moore/general/proverb/c6ef10a1b15595fe.html;pages/multilingual__dioula_english_french_fulfulde_moore/general/proverb/c6ef10a1b15595fe.txt,70376,2e1cbae2d3ae21b4ad25c76dc25371e69e64720fa3f1ab819c989fa91037293f,text/html; charset=UTF-8,200,"W/""1790816858""","Thu, 01 Oct 2026 01:07:38 GMT",2026-10-03T20:21:39.486210+00:00,
page,e00a83c531413c0f,https://mooreburkina.com/fr/dioula/proverbes-lu-en-dioula-vol-1,https://mooreburkina.com/fr/dioula/proverbes-lu-en-dioula-vol-1,Proverbes dioula vol 1 | Mooré Burkina Faso,dioula;english;french;fulfulde;moore,,proverb,html_page,.html,downloaded,pages/multilingual__dioula_english_french_fulfulde_moore/general/proverb/e00a83c531413c0f.html;pages/multilingual__dioula_english_french_fulfulde_moore/general/proverb/e00a83c531413c0f.txt,72751,0138c74527a1aa363f39425da77ae7e80b746478e19594b05463023165de9ee0,text/html; charset=UTF-8,200,"W/""1790835610""","Thu, 01 Oct 2026 06:20:10 GMT",2026-10-03T20:21:39.926975+00:00,
page,cbab6528e5f1c911,https://mooreburkina.com/fr/dioula/youtube-chants-diuola,https://mooreburkina.com/fr/dioula/youtube-chants-diuola,Youtube chants diuola | Mooré Burkina Faso,dioula;english;french;fulfulde;moore,,music,html_page,.html,downloaded,pages/multilingual__dioula_english_french_fulfulde_moore/general/music/cbab6528e5f1c911.html;pages/multilingual__dioula_english_french_fulfulde_moore/general/music/cbab6528e5f1c911.txt,77585,d5046b5c63d22b3aa4b7df8e72aeb4af71626431c619d7d0fab87b6629180e95,text/html; charset=UTF-8,200,"W/""1790830007""","Thu, 01 Oct 2026 04:46:47 GMT",2026-10-03T20:21:40.964586+00:00,
page,85da5f19ac19e474,https://mooreburkina.com/fr/films-clips/clip-de-divers-chorales,https://mooreburkina.com/fr/films-clips/clip-de-divers-chorales,Des clips de divers chorales | Mooré Burkina Faso,dioula;english;french;fulfulde;moore,,music,html_page,.html,downloaded,pages/multilingual__dioula_english_french_fulfulde_moore/general/music/85da5f19ac19e474.html;pages/multilingual__dioula_english_french_fulfulde_moore/general/music/85da5f19ac19e474.txt,83690,6dfdeff6b049626f8bc3a7256963899596f08ff2b6b23d3987f4c6208d077b17,text/html; charset=UTF-8,200,"W/""1790813485""","Thu, 01 Oct 2026 00:11:25 GMT",2026-10-03T20:21:41.934359+00:00,
page,92b580c0a2ada6fe,https://mooreburkina.com/fr/films-et-clips/chants-de-diff%C3%A9rentes-chorales-asc,https://mooreburkina.com/fr/films-et-clips/chants-de-diff%C3%A9rentes-chorales-asc,Chants de chorales ASC | Mooré Burkina Faso,dioula;english;french;fulfulde;moore,,music,html_page,.html,downloaded,pages/multilingual__dioula_english_french_fulfulde_moore/general/music/92b580c0a2ada6fe.html;pages/multilingual__dioula_english_french_fulfulde_moore/general/music/92b580c0a2ada6fe.txt,79274,3b8ec5b8c71e69a75cf554614bb1d050133f43a2de40cdec31b4f2c118fb1dee,text/html; charset=UTF-8,200,"W/""1790808081""","Wed, 30 Sep 2026 22:41:21 GMT",2026-10-03T20:21:44.942354+00:00,
page,1bfb16aaeb63a1da,https://mooreburkina.com/fr/fulfulde/1495-proverbes-en-fulfulde,https://mooreburkina.com/fr/fulfulde/1495-proverbes-en-fulfulde,1495 proverbes en fulfulde | Mooré Burkina Faso,dioula;english;french;fulfulde;moore,,proverb,html_page,.html,downloaded,pages/multilingual__dioula_english_french_fulfulde_moore/general/proverb/1bfb16aaeb63a1da.html;pages/multilingual__dioula_english_french_fulfulde_moore/general/proverb/1bfb16aaeb63a1da.txt,71515,468e5fb2dfb43cca0fb86ccec75a2de6a2a19de97fcc40129ec026289f4535db,text/html; charset=UTF-8,200,"W/""1790835611""","Thu, 01 Oct 2026 06:20:11 GMT",2026-10-03T20:21:47.324156+00:00,
page,fa38995d08bbca4d,https://mooreburkina.com/fr/fulfulde/15-contes-en-fulfulde,https://mooreburkina.com/fr/fulfulde/15-contes-en-fulfulde,15 contes en fulfulde | Mooré Burkina Faso,dioula;english;french;fulfulde;moore,,folktale,html_page,.html,downloaded,pages/multilingual__dioula_english_french_fulfulde_moore/general/folktale/fa38995d08bbca4d.html;pages/multilingual__dioula_english_french_fulfulde_moore/general/folktale/fa38995d08bbca4d.txt,74659,5df4ed2b21a04f5b154263611badbf86c2b8605e0c8a9a811c65ddb3420e12f1,text/html; charset=UTF-8,200,"W/""1790835613""","Thu, 01 Oct 2026 06:20:13 GMT",2026-10-03T20:21:47.761025+00:00,
page,c3d2c349566058ad,https://mooreburkina.com/fr/fulfulde/contes-lus-en-fulfulde,https://mooreburkina.com/fr/fulfulde/contes-lus-en-fulfulde,Contes lus en fulfulde vol 1 | Mooré Burkina Faso,dioula;english;french;fulfulde;moore,,folktale,html_page,.html,downloaded,pages/multilingual__dioula_english_french_fulfulde_moore/general/folktale/c3d2c349566058ad.html;pages/multilingual__dioula_english_french_fulfulde_moore/general/folktale/c3d2c349566058ad.txt,72890,6e434b175f66a5312dac85275d747b4f5bd575b7e1a7c2a55002ce0407dbea07,text/html; charset=UTF-8,200,"W/""1790835611""","Thu, 01 Oct 2026 06:20:11 GMT",2026-10-03T20:21:48.716372+00:00,
page,2424bdbf1516a9cf,https://mooreburkina.com/fr/fulfulde/contes-lus-en-fulfulde-0,https://mooreburkina.com/fr/fulfulde/contes-lus-en-fulfulde-0,Contes lus en fulfulde vol 2 | Mooré Burkina Faso,dioula;english;french;fulfulde;moore,,folktale,html_page,.html,downloaded,pages/multilingual__dioula_english_french_fulfulde_moore/general/folktale/2424bdbf1516a9cf.html;pages/multilingual__dioula_english_french_fulfulde_moore/general/folktale/2424bdbf1516a9cf.txt,72993,a9e58ba260497e47ff2c867dd052aceb5a7f6377bc88e01e3a833db116592e3d,text/html; charset=UTF-8,200,"W/""1790802656""","Wed, 30 Sep 2026 21:10:56 GMT",2026-10-03T20:21:49.147309+00:00,
page,3b898871bae623dc,https://mooreburkina.com/fr/fulfulde/contes-lus-en-fulfulde-5,https://mooreburkina.com/fr/fulfulde/contes-lus-en-fulfulde-5,Contes lus en fulfulde vol 5 | Mooré Burkina Faso,dioula;english;french;fulfulde;moore,,folktale,html_page,.html,downloaded,pages/multilingual__dioula_english_french_fulfulde_moore/general/folktale/3b898871bae623dc.html;pages/multilingual__dioula_english_french_fulfulde_moore/general/folktale/3b898871bae623dc.txt,73085,503f39b2164615c9e563ada9f5ae32b719a95376bf5eb935e37b8e2dc6a31072,text/html; charset=UTF-8,200,"W/""1790826666""","Thu, 01 Oct 2026 03:51:06 GMT",2026-10-03T20:21:49.589417+00:00,
page,6c4ce3e3f67db718,https://mooreburkina.com/fr/fulfulde/contes-lus-en-fulfulde-vol-3,https://mooreburkina.com/fr/fulfulde/contes-lus-en-fulfulde-vol-3,Contes lus en fulfulde vol 3 | Mooré Burkina Faso,dioula;english;french;fulfulde;moore,,folktale,html_page,.html,downloaded,pages/multilingual__dioula_english_french_fulfulde_moore/general/folktale/6c4ce3e3f67db718.html;pages/multilingual__dioula_english_french_fulfulde_moore/general/folktale/6c4ce3e3f67db718.txt,74425,48b3d5d3723fb5994894a25154e47c2ab9810a6bf0be6fd7b0e8154dd77ee860,text/html; charset=UTF-8,200,"W/""1790835611""","Thu, 01 Oct 2026 06:20:11 GMT",2026-10-03T20:21:50.003057+00:00,
page,f416da72686f5b83,https://mooreburkina.com/fr/fulfulde/dictionnaire-fulfulde-en-ligne,https://mooreburkina.com/fr/fulfulde/dictionnaire-fulfulde-en-ligne,Dictionnaire fulfulde en ligne | Mooré Burkina Faso,dioula;english;french;fulfulde;moore,,dictionary,html_page,.html,downloaded,pages/multilingual__dioula_english_french_fulfulde_moore/general/dictionary/f416da72686f5b83.html;pages/multilingual__dioula_english_french_fulfulde_moore/general/dictionary/f416da72686f5b83.txt,72531,46f6e34f375cc79b4590473e7aee0bedacc216863c7e3d79ecef73362d9e0084,text/html; charset=UTF-8,200,"W/""1790828806""","Thu, 01 Oct 2026 04:26:46 GMT",2026-10-03T20:21:50.433967+00:00,
page,4b6b3f09c8ea7f10,https://mooreburkina.com/fr/fulfulde/proverbes-dioula-vol-4,https://mooreburkina.com/fr/fulfulde/proverbes-dioula-vol-4,Contes lus en fulfulde vol 4 | Mooré Burkina Faso,dioula;english;french;fulfulde;moore,,folktale,html_page,.html,downloaded,pages/multilingual__dioula_english_french_fulfulde_moore/general/folktale/4b6b3f09c8ea7f10.html;pages/multilingual__dioula_english_french_fulfulde_moore/general/folktale/4b6b3f09c8ea7f10.txt,74133,814819eaa090fea7752838a08a40c422a5caaa5595449c143cb1b370c6e0adb2,text/html; charset=UTF-8,200,"W/""1790835611""","Thu, 01 Oct 2026 06:20:11 GMT",2026-10-03T20:21:53.822054+00:00,
page,dbb886d9d6b907e0,https://mooreburkina.com/fr/fulfulde/proverbes-fulfulde-avec-audio,https://mooreburkina.com/fr/fulfulde/proverbes-fulfulde-avec-audio,Proverbes fulfulde avec audio vol. 1 | Mooré Burkina Faso,dioula;english;french;fulfulde;moore,,proverb,html_page,.html,downloaded,pages/multilingual__dioula_english_french_fulfulde_moore/general/proverb/dbb886d9d6b907e0.html;pages/multilingual__dioula_english_french_fulfulde_moore/general/proverb/dbb886d9d6b907e0.txt,71864,25933181f2a58585cbb0b9a8c41e8aacf574c89605916708dfaf54443def6289,text/html; charset=UTF-8,200,"W/""1790835611""","Thu, 01 Oct 2026 06:20:11 GMT",2026-10-03T20:21:54.253594+00:00,
page,0a368c6929c2dec0,https://mooreburkina.com/fr/fulfulde/proverbes-fulfulde-avec-audio-vol-5,https://mooreburkina.com/fr/fulfulde/proverbes-fulfulde-avec-audio-vol-5,Proverbes fulfulde avec audio vol. 5 | Mooré Burkina Faso,dioula;english;french;fulfulde;moore,,proverb,html_page,.html,downloaded,pages/multilingual__dioula_english_french_fulfulde_moore/general/proverb/0a368c6929c2dec0.html;pages/multilingual__dioula_english_french_fulfulde_moore/general/proverb/0a368c6929c2dec0.txt,70734,303939ce455be284b836f29e50c5d601a69cc6b92c16a9b20d6c4bde80656ad0,text/html; charset=UTF-8,200,"W/""1790835612""","Thu, 01 Oct 2026 06:20:12 GMT",2026-10-03T20:21:54.684097+00:00,
page,17210f60239a3607,https://mooreburkina.com/fr/fulfulde/proverbes-fulfulde-avec-audio-vol2,https://mooreburkina.com/fr/fulfulde/proverbes-fulfulde-avec-audio-vol2,Proverbes fulfulde avec audio vol2 | Mooré Burkina Faso,dioula;english;french;fulfulde;moore,,proverb,html_page,.html,downloaded,pages/multilingual__dioula_english_french_fulfulde_moore/general/proverb/17210f60239a3607.html;pages/multilingual__dioula_english_french_fulfulde_moore/general/proverb/17210f60239a3607.txt,71968,1b9bcab888fc6f424dee139ab3b83b66419132a7dacec35570e0b62df67d6624,text/html; charset=UTF-8,200,"W/""1790835611""","Thu, 01 Oct 2026 06:20:11 GMT",2026-10-03T20:21:55.118489+00:00,
page,f64f28230895f4c3,https://mooreburkina.com/fr/fulfulde/proverbes-fulfulde-avec-audio-vol3,https://mooreburkina.com/fr/fulfulde/proverbes-fulfulde-avec-audio-vol3,Proverbes fulfulde avec audio vol.3 | Mooré Burkina Faso,dioula;english;french;fulfulde;moore,,proverb,html_page,.html,downloaded,pages/multilingual__dioula_english_french_fulfulde_moore/general/proverb/f64f28230895f4c3.html;pages/multilingual__dioula_english_french_fulfulde_moore/general/proverb/f64f28230895f4c3.txt,70759,92fd9861f8513bad1c238a09e66995e4207f1a509baf9a8c0f192ff7026a6b7e,text/html; charset=UTF-8,200,"W/""1790835611""","Thu, 01 Oct 2026 06:20:11 GMT",2026-10-03T20:21:55.558863+00:00,
page,ee9a4221bfe82dbb,https://mooreburkina.com/fr/fulfulde/proverbes-fulfulde-avec-audio-vol4,https://mooreburkina.com/fr/fulfulde/proverbes-fulfulde-avec-audio-vol4,Proverbes fulfulde avec audio vol.4 | Mooré Burkina Faso,dioula;english;french;fulfulde;moore,,proverb,html_page,.html,downloaded,pages/multilingual__dioula_english_french_fulfulde_moore/general/proverb/ee9a4221bfe82dbb.html;pages/multilingual__dioula_english_french_fulfulde_moore/general/proverb/ee9a4221bfe82dbb.txt,70765,fe92b9b05c154f8a1dca1eeb89a399b1eb67047936619bd1adaf46dd346360bd,text/html; charset=UTF-8,200,"W/""1790835611""","Thu, 01 Oct 2026 06:20:11 GMT",2026-10-03T20:21:55.992854+00:00,
page,f59309c75bc16aff,https://mooreburkina.com/fr/fulfulde/youtube-chants-fulfulde,https://mooreburkina.com/fr/fulfulde/youtube-chants-fulfulde,Chants fulfulde sur Youtube | Mooré Burkina Faso,dioula;english;french;fulfulde;moore,,music,html_page,.html,downloaded,pages/multilingual__dioula_english_french_fulfulde_moore/general/music/f59309c75bc16aff.html;pages/multilingual__dioula_english_french_fulfulde_moore/general/music/f59309c75bc16aff.txt,82766,cab284c2f0fbd4a3c7f48a311a91343b66c0d87390c45d151863e0586e06ff58,text/html; charset=UTF-8,200,"W/""1790813433""","Thu, 01 Oct 2026 00:10:33 GMT",2026-10-03T20:21:57.014895+00:00,
page,b1a8ddacd22da88a,https://mooreburkina.com/fr/images/animaux,https://mooreburkina.com/fr/images/animaux,Animaux | Mooré Burkina Faso,dioula;english;french;fulfulde;moore,,image_culture,html_page,.html,downloaded,pages/multilingual__dioula_english_french_fulfulde_moore/general/image_culture/b1a8ddacd22da88a.html;pages/multilingual__dioula_english_french_fulfulde_moore/general/image_culture/b1a8ddacd22da88a.txt,92189,b5bab1803e375ad2c6a52bcd9a2c61ecf7ff232697d8ea10f141946d7f3243b1,text/html; charset=UTF-8,200,"W/""1790802544""","Wed, 30 Sep 2026 21:09:04 GMT",2026-10-03T20:22:01.799052+00:00,
page,2d76979662d6637c,https://mooreburkina.com/fr/images/fotos-du-pays-mossi/gens-et-impressions,https://mooreburkina.com/fr/images/fotos-du-pays-mossi/gens-et-impressions,Gens et leur quotidien | Mooré Burkina Faso,dioula;english;french;fulfulde;moore,,image_culture,html_page,.html,downloaded,pages/multilingual__dioula_english_french_fulfulde_moore/general/image_culture/2d76979662d6637c.html;pages/multilingual__dioula_english_french_fulfulde_moore/general/image_culture/2d76979662d6637c.txt,113743,409c5775be88409e81af65913b0b80a618deb96d6025e60eae6c515a6d83232d,text/html; charset=UTF-8,200,"W/""1790807595""","Wed, 30 Sep 2026 22:33:15 GMT",2026-10-03T20:22:02.331823+00:00,
page,b7b81e51cfd31d78,https://mooreburkina.com/fr/images/impression-de-ouagadougou,https://mooreburkina.com/fr/images/impression-de-ouagadougou,Impression de Ouagadougou | Mooré Burkina Faso,dioula;english;french;fulfulde;moore,,image_culture,html_page,.html,downloaded,pages/multilingual__dioula_english_french_fulfulde_moore/general/image_culture/b7b81e51cfd31d78.html;pages/multilingual__dioula_english_french_fulfulde_moore/general/image_culture/b7b81e51cfd31d78.txt,87638,1b6e6a1273fd1e35d7cb2cce6db5849c3b80e130a92214465efcc6c06ad1b67b,text/html; charset=UTF-8,200,"W/""1790809142""","Wed, 30 Sep 2026 22:59:02 GMT",2026-10-03T20:22:02.870564+00:00,
page,7a600f6485884ea9,https://mooreburkina.com/fr/images/le-burkina-faso-en-images,https://mooreburkina.com/fr/images/le-burkina-faso-en-images,Le Burkina Faso en images | Mooré Burkina Faso,dioula;english;french;fulfulde;moore,,image_culture,html_page,.html,downloaded,pages/multilingual__dioula_english_french_fulfulde_moore/general/image_culture/7a600f6485884ea9.html;pages/multilingual__dioula_english_french_fulfulde_moore/general/image_culture/7a600f6485884ea9.txt,71725,7cce8c218516b98fee53e102d35b192411f9242cbe9e2c5ee05f77535299bf5b,text/html; charset=UTF-8,200,"W/""1790835611""","Thu, 01 Oct 2026 06:20:11 GMT",2026-10-03T20:22:03.307398+00:00,
page,aab9222286c12caa,https://mooreburkina.com/fr/images/ouagadougou,https://mooreburkina.com/fr/images/ouagadougou,Ouagadougou en image clip | Mooré Burkina Faso,dioula;english;french;fulfulde;moore,,image_culture,html_page,.html,downloaded,pages/multilingual__dioula_english_french_fulfulde_moore/general/image_culture/aab9222286c12caa.html;pages/multilingual__dioula_english_french_fulfulde_moore/general/image_culture/aab9222286c12caa.txt,70968,c70e28eabf9408f7cb1712b7092373e8dbf7bb174bdcafd35cc6bd987357915e,text/html; charset=UTF-8,200,"W/""1790835611""","Thu, 01 Oct 2026 06:20:11 GMT",2026-10-03T20:22:03.745881+00:00,
page,17617cb4cdf4795e,https://mooreburkina.com/fr/images/tissus,https://mooreburkina.com/fr/images/tissus,Tissus | Mooré Burkina Faso,dioula;english;french;fulfulde;moore,,image_culture,html_page,.html,downloaded,pages/multilingual__dioula_english_french_fulfulde_moore/general/image_culture/17617cb4cdf4795e.html;pages/multilingual__dioula_english_french_fulfulde_moore/general/image_culture/17617cb4cdf4795e.txt,87887,45790b555ee952d16f6124a2f5503bb04a5174324746066f28c0ab6bbeb2710a,text/html; charset=UTF-8,200,"W/""1790804994""","Wed, 30 Sep 2026 21:49:54 GMT",2026-10-03T20:22:04.284201+00:00,
page,83d89678ed7fcca8,https://mooreburkina.com/fr/impressum,https://mooreburkina.com/fr/impressum,Droits d'auteur | Mooré Burkina Faso,dioula;english;french;fulfulde;moore,,other,html_page,.html,downloaded,pages/multilingual__dioula_english_french_fulfulde_moore/general/other/83d89678ed7fcca8.html;pages/multilingual__dioula_english_french_fulfulde_moore/general/other/83d89678ed7fcca8.txt,64562,5040ed983f215ccbc1357f55bb2a25205956a009040c31ab196ff186b57404fc,text/html; charset=UTF-8,200,"W/""1790835611""","Thu, 01 Oct 2026 06:20:11 GMT",2026-10-03T20:22:04.730878+00:00,
page,7ef4c71654e2b854,https://mooreburkina.com/fr/livres-en-moor%C3%A9/%C3%A9crire-les-langues-nationales,https://mooreburkina.com/fr/livres-en-moor%C3%A9/%C3%A9crire-les-langues-nationales,Écrire les langues nationales | Mooré Burkina Faso,dioula;english;french;fulfulde;moore,,book_document,html_page,.html,downloaded,pages/multilingual__dioula_english_french_fulfulde_moore/general/book_document/7ef4c71654e2b854.html;pages/multilingual__dioula_english_french_fulfulde_moore/general/book_document/7ef4c71654e2b854.txt,91384,3991b68aa976e67293e7597612f16493ac3ff0d73890b479e24ef543cbfc4533,text/html; charset=UTF-8,200,"W/""1790835612""","Thu, 01 Oct 2026 06:20:12 GMT",2026-10-03T20:22:05.777123+00:00,
page,46bff636dd0ec211,https://mooreburkina.com/fr/parole-de-dieu/%C3%A9couter-le-nouveau-testament-en-moor%C3%A9,https://mooreburkina.com/fr/parole-de-dieu/%C3%A9couter-le-nouveau-testament-en-moor%C3%A9,Écouter le Nouveau Testament en mooré | Mooré Burkina Faso,dioula;english;french;fulfulde;moore,,religious,html_page,.html,downloaded,pages/multilingual__dioula_english_french_fulfulde_moore/general/religious/46bff636dd0ec211.html;pages/multilingual__dioula_english_french_fulfulde_moore/general/religious/46bff636dd0ec211.txt,77400,890846a6129e94a38fb6d39b757b599d30a9ca2b876e26ba40dc64f84ba6e1cb,text/html; charset=UTF-8,200,"W/""1790809146""","Wed, 30 Sep 2026 22:59:06 GMT",2026-10-03T20:22:06.806940+00:00,
page,6d6b2a438c43e290,https://mooreburkina.com/fr/pwa/instructions,https://mooreburkina.com/fr/pwa/instructions,Instructions d'installation de Progressive Web App | Mooré Burkina Faso,dioula;english;french;fulfulde;moore,,other,html_page,.html,downloaded,pages/multilingual__dioula_english_french_fulfulde_moore/general/other/6d6b2a438c43e290.html;pages/multilingual__dioula_english_french_fulfulde_moore/general/other/6d6b2a438c43e290.txt,62918,eebf8e3737176cfd1c856b19cd23357e478016ce0aea93b0acce775fedf89aec,text/html; charset=UTF-8,200,"W/""1790835611""","Thu, 01 Oct 2026 06:20:11 GMT",2026-10-03T20:22:08.185801+00:00,
page,7ce709087bd3425b,https://mooreburkina.com/fr/contes-proverbes/moor%C3%A9-proverbes-vol-12,https://mooreburkina.com/fr/contes-proverbes/moor%C3%A9-proverbes-vol-12,Mooré proverbes vol. 12 | Mooré Burkina Faso,dioula;english;french;fulfulde;moore;san,,folktale,html_page,.html,downloaded,pages/multilingual__dioula_english_french_fulfulde_moore_san/general/folktale/7ce709087bd3425b.html;pages/multilingual__dioula_english_french_fulfulde_moore_san/general/folktale/7ce709087bd3425b.txt,72526,5edb14b1ecfe42e21b34034942d919371e625999384359e66aaa8f64af92f897,text/html; charset=UTF-8,200,"W/""1790804471""","Wed, 30 Sep 2026 21:41:11 GMT",2026-10-03T20:21:21.258889+00:00,
page,26b8fca2f9523273,https://mooreburkina.com/fr/search,https://mooreburkina.com/fr/search,Rechercher | Mooré Burkina Faso,dioula;english;french;fulfulde;moore;san,,other,html_page,.html,downloaded,pages/multilingual__dioula_english_french_fulfulde_moore_san/general/other/26b8fca2f9523273.html;pages/multilingual__dioula_english_french_fulfulde_moore_san/general/other/26b8fca2f9523273.txt,62675,8b7e3544f60ee09408a65f5fcd4b1f34dc79dca4029b3d34e4242d885b4fe0c9,text/html; charset=UTF-8,200,"W/""1790835610""","Thu, 01 Oct 2026 06:20:10 GMT",2026-10-03T20:22:08.595714+00:00,
page,1ab00a7f914f8ee0,https://mooreburkina.com/fr/sitemap,https://mooreburkina.com/fr/sitemap,Plan du site | Mooré Burkina Faso,dioula;english;french;fulfulde;moore;san,fulfulde_maasina,other,html_page,.html,downloaded,pages/multilingual__dioula_english_french_fulfulde_moore_san/fulfulde_maasina/other/1ab00a7f914f8ee0.html;pages/multilingual__dioula_english_french_fulfulde_moore_san/fulfulde_maasina/other/1ab00a7f914f8ee0.txt,87111,2bcc1b63fdf2727ee05a090c4588085f3c41fb56f1bca1b361facfe5d1394207,text/html; charset=UTF-8,200,"W/""1790812461""","Wed, 30 Sep 2026 23:54:21 GMT",2026-10-03T20:22:09.118481+00:00,
page,6b86db9586f289d3,https://mooreburkina.com/fr/gulimancema/vid%C3%A9os-en-diaporama-gulmancema,https://mooreburkina.com/fr/gulimancema/vid%C3%A9os-en-diaporama-gulmancema,Vidéos en diaporama gulmancema | Mooré Burkina Faso,dioula;english;french;gulimancema;moore,,other,html_page,.html,downloaded,pages/multilingual__dioula_english_french_gulimancema_moore/general/other/6b86db9586f289d3.html;pages/multilingual__dioula_english_french_gulimancema_moore/general/other/6b86db9586f289d3.txt,80455,1151777cf9351920040b5435037f0d9d5559b299baebb5da8a787f1f73bb89b8,text/html; charset=UTF-8,200,"W/""1790835613""","Thu, 01 Oct 2026 06:20:13 GMT",2026-10-03T20:22:01.232983+00:00,
page,195d2b9e4993c814,https://mooreburkina.com/fr/contes-proverbes/proverbes-en-moor%C3%A9-vol-2,https://mooreburkina.com/fr/contes-proverbes/proverbes-en-moor%C3%A9-vol-2,Proverbes en mooré vol. 2 | Mooré Burkina Faso,dioula;english;french;moore,,folktale,html_page,.html,downloaded,pages/multilingual__dioula_english_french_moore/general/folktale/195d2b9e4993c814.html;pages/multilingual__dioula_english_french_moore/general/folktale/195d2b9e4993c814.txt,75785,87aca0bb85497240a8a488ba9b074f96fd1dc8b8b75e4a49aa1624f4217ee67a,text/html; charset=UTF-8,200,"W/""1790807747""","Wed, 30 Sep 2026 22:35:47 GMT",2026-10-03T20:21:22.204960+00:00,
page,7f091e69af869208,https://mooreburkina.com/fr/contes-proverbes/proverbes-en-moor%C3%A9-vol-3,https://mooreburkina.com/fr/contes-proverbes/proverbes-en-moor%C3%A9-vol-3,Proverbes en mooré vol. 3 | Mooré Burkina Faso,dioula;english;french;moore,,folktale,html_page,.html,downloaded,pages/multilingual__dioula_english_french_moore/general/folktale/7f091e69af869208.html;pages/multilingual__dioula_english_french_moore/general/folktale/7f091e69af869208.txt,76800,80ab31bedb138ffb773c904082f6327db39162ef0290362923c3858e7f7a66d2,text/html; charset=UTF-8,200,"W/""1790813329""","Thu, 01 Oct 2026 00:08:49 GMT",2026-10-03T20:21:22.739450+00:00,
page,f586b82d4b58c4f7,https://mooreburkina.com/fr/dioula/contes-en-dioula-avec-audio-volume-3,https://mooreburkina.com/fr/dioula/contes-en-dioula-avec-audio-volume-3,"Contes en dioula avec audio, volume 3 | Mooré Burkina Faso",dioula;english;french;moore,,folktale,html_page,.html,downloaded,pages/multilingual__dioula_english_french_moore/general/folktale/f586b82d4b58c4f7.html;pages/multilingual__dioula_english_french_moore/general/folktale/f586b82d4b58c4f7.txt,75612,3745edca48b4e095bec4487584e32b571cae3315c4d8c24edc0aed0d01426569,text/html; charset=UTF-8,200,"W/""1790829187""","Thu, 01 Oct 2026 04:33:07 GMT",2026-10-03T20:21:33.727896+00:00,
page,d5d14bac8be7bc71,https://mooreburkina.com/fr/dioula/documents-dioula,https://mooreburkina.com/fr/dioula/documents-dioula,Documents dioula | Mooré Burkina Faso,dioula;english;french;moore,,book_document,html_page,.html,downloaded,pages/multilingual__dioula_english_french_moore/general/book_document/d5d14bac8be7bc71.html;pages/multilingual__dioula_english_french_moore/general/book_document/d5d14bac8be7bc71.txt,144405,29f76c2bc0b23ee1dd356a6ae053a2ad37c97d03fa2f931140e8ffd0720b86b3,text/html; charset=UTF-8,200,"W/""1790800175""","Wed, 30 Sep 2026 20:29:35 GMT",2026-10-03T20:21:34.709555+00:00,
page,ae3e6be77e8dff7e,https://mooreburkina.com/fr/dioula/la-parole-de-dieu,https://mooreburkina.com/fr/dioula/la-parole-de-dieu,La Parole de Dieu | Mooré Burkina Faso,dioula;english;french;moore,,religious,html_page,.html,downloaded,pages/multilingual__dioula_english_french_moore/general/religious/ae3e6be77e8dff7e.html;pages/multilingual__dioula_english_french_moore/general/religious/ae3e6be77e8dff7e.txt,77504,3533688e2bf2c5e83cd47c36a3ce57537766e038bba329c835e5a15da470f76a,text/html; charset=UTF-8,200,"W/""1790829193""","Thu, 01 Oct 2026 04:33:13 GMT",2026-10-03T20:21:36.668817+00:00,
page,ee36bec9787b5858,https://mooreburkina.com/fr/dioula/videos-en-diaporama-dioula,https://mooreburkina.com/fr/dioula/videos-en-diaporama-dioula,Videos en diaporama dioula | Mooré Burkina Faso,dioula;english;french;moore,,other,html_page,.html,downloaded,pages/multilingual__dioula_english_french_moore/general/other/ee36bec9787b5858.html;pages/multilingual__dioula_english_french_moore/general/other/ee36bec9787b5858.txt,93183,dfbc5201b4e8e2da3bb899814fa1f1c38c2fdb466f1f54fad756ac877a0ec3f9,text/html; charset=UTF-8,200,"W/""1790829192""","Thu, 01 Oct 2026 04:33:12 GMT",2026-10-03T20:21:40.447153+00:00,
page,871f53c897ec0817,https://mooreburkina.com/fr/dioula/5-contes-dioula,https://mooreburkina.com/fr/dioula/5-contes-dioula,5 contes dioula | Mooré Burkina Faso,dioula;english;french;moore;san,,folktale,html_page,.html,downloaded,pages/multilingual__dioula_english_french_moore_san/general/folktale/871f53c897ec0817.html;pages/multilingual__dioula_english_french_moore_san/general/folktale/871f53c897ec0817.txt,80531,9c41ff9d1ab6d6437f4c523e488baedf4ab9e432ebfb11abdc67bf67dc178db6,text/html; charset=UTF-8,200,"W/""1790803961""","Wed, 30 Sep 2026 21:32:41 GMT",2026-10-03T20:21:31.857134+00:00,
page,3b8ab13d0714f67a,https://mooreburkina.com/fr/dioula/contes-dioula-avec-audio-vol-4,https://mooreburkina.com/fr/dioula/contes-dioula-avec-audio-vol-4,Contes dioula avec audio vol. 4 | Mooré Burkina Faso,dioula;english;french;moore;san,,folktale,html_page,.html,downloaded,pages/multilingual__dioula_english_french_moore_san/general/folktale/3b8ab13d0714f67a.html;pages/multilingual__dioula_english_french_moore_san/general/folktale/3b8ab13d0714f67a.txt,78928,330aef196bcb5d1fcaa4b59f26755b158782295496293273b9101b26de623dc7,text/html; charset=UTF-8,200,"W/""1790835610""","Thu, 01 Oct 2026 06:20:10 GMT",2026-10-03T20:21:32.827037+00:00,
page,d119424969cc8dac,https://mooreburkina.com/fr/dioula/contes-en-dioula-avec-audio-volume-2,https://mooreburkina.com/fr/dioula/contes-en-dioula-avec-audio-volume-2,"Contes en dioula avec audio, volume 2 | Mooré Burkina Faso",dioula;english;french;moore;san,,folktale,html_page,.html,downloaded,pages/multilingual__dioula_english_french_moore_san/general/folktale/d119424969cc8dac.html;pages/multilingual__dioula_english_french_moore_san/general/folktale/d119424969cc8dac.txt,77613,73afe8288a0669c2c8c044fbf09831969fbad92d260ea4792fa78575e8b7f924,text/html; charset=UTF-8,200,"W/""1790835610""","Thu, 01 Oct 2026 06:20:10 GMT",2026-10-03T20:21:33.291948+00:00,
page,1faee52305f5d6ce,https://mooreburkina.com/fr/dioula/dioula-facile-tome-1,https://mooreburkina.com/fr/dioula/dioula-facile-tome-1,Dioula facile tome 1 | Mooré Burkina Faso,dioula;english;french;moore;san,,other,html_page,.html,downloaded,pages/multilingual__dioula_english_french_moore_san/general/other/1faee52305f5d6ce.html;pages/multilingual__dioula_english_french_moore_san/general/other/1faee52305f5d6ce.txt,79452,952ca14bdd7f2bad80dfa8fe86c03b8a537049d6c70ef979cc1cc6f27d6f2735,text/html; charset=UTF-8,200,"W/""1790806138""","Wed, 30 Sep 2026 22:08:58 GMT",2026-10-03T20:21:34.179749+00:00,
page,16758a894f21c57c,https://mooreburkina.com/fr/dioula/evangile-de-marc-en-dioula,https://mooreburkina.com/fr/dioula/evangile-de-marc-en-dioula,Evangile de Marc en dioula | Mooré Burkina Faso,dioula;english;french;moore;san,,religious,html_page,.html,downloaded,pages/multilingual__dioula_english_french_moore_san/general/religious/16758a894f21c57c.html;pages/multilingual__dioula_english_french_moore_san/general/religious/16758a894f21c57c.txt,93482,ada60fb5ac8f39000bbc2d2bd1e094267280a0e043d568a19d210633dfed674c,text/html; charset=UTF-8,200,"W/""1790835610""","Thu, 01 Oct 2026 06:20:10 GMT",2026-10-03T20:21:35.148527+00:00,
page,ae2ff67ab18cc67a,https://mooreburkina.com/fr/dioula/film-j%C3%A9sus-en-dioula,https://mooreburkina.com/fr/dioula/film-j%C3%A9sus-en-dioula,Film Jésus en dioula | Mooré Burkina Faso,dioula;english;french;moore;san,,religious,html_page,.html,downloaded,pages/multilingual__dioula_english_french_moore_san/general/religious/ae2ff67ab18cc67a.html;pages/multilingual__dioula_english_french_moore_san/general/religious/ae2ff67ab18cc67a.txt,122106,e99c20917968fc673aa006a7c048dfb8377089891dc9954c652086603f01898d,text/html; charset=UTF-8,200,"W/""1790817593""","Thu, 01 Oct 2026 01:19:53 GMT",2026-10-03T20:21:35.699544+00:00,
page,d8fe75c468b1736b,https://mooreburkina.com/fr/dioula/marie-de-magdala-en-dioula,https://mooreburkina.com/fr/dioula/marie-de-magdala-en-dioula,Marie de Magdala en dioula | Mooré Burkina Faso,dioula;english;french;moore;san,,religious,html_page,.html,downloaded,pages/multilingual__dioula_english_french_moore_san/general/religious/d8fe75c468b1736b.html;pages/multilingual__dioula_english_french_moore_san/general/religious/d8fe75c468b1736b.txt,109793,a9c75033a68999b46cf411cc9c5a00e7a19c7946cbe21b8bffe78b88483bb3da,text/html; charset=UTF-8,200,"W/""1790807615""","Wed, 30 Sep 2026 22:33:35 GMT",2026-10-03T20:21:37.720801+00:00,
page,bcc797c92405fb9c,https://mooreburkina.com/fr/dioula/applis-en-dioula-jula,https://mooreburkina.com/fr/dioula/applis-en-dioula-jula,Applis en dioula / jula | Mooré Burkina Faso,dioula;french;fulfulde;moore,,app,html_page,.html,downloaded,pages/multilingual__dioula_french_fulfulde_moore/general/app/bcc797c92405fb9c.html;pages/multilingual__dioula_french_fulfulde_moore/general/app/bcc797c92405fb9c.txt,118086,dac4efcaee895d319e7a26aadbab1071382d6713b60b5477a54cf18e9d3cc986,text/html; charset=UTF-8,200,"W/""1790813128""","Thu, 01 Oct 2026 00:05:28 GMT",2026-10-03T20:21:32.385947+00:00,
page,e4889093fcd5716b,https://mooreburkina.com/libraries/pdfjs-dist-viewer-min/build/minified/web/viewer.html?file=%2Fsites%2Fwww.mooreburkina.com%2Ffiles%2Fpdf-files%2FGuide%2520d%2527orthographe%2520dioula.pdf,https://mooreburkina.com/libraries/pdfjs-dist-viewer-min/build/minified/web/viewer.html?file=%2Fsites%2Fwww.mooreburkina.com%2Ffiles%2Fpdf-files%2FGuide%2520d%2527orthographe%2520dioula.pdf,PDF.js viewer,dioula;moore,,orthography,html_page,.html,downloaded,pages/multilingual__dioula_moore/general/orthography/e4889093fcd5716b.html;pages/multilingual__dioula_moore/general/orthography/e4889093fcd5716b.txt,28538,0205d2a47f866d7cdbbf3bd2e51b4d0be1ad37009e4e2329c9ca9125cadf9622,text/html,200,"W/""6a5954a3-6f7a""","Thu, 16 Jul 2026 22:01:07 GMT",2026-10-03T20:22:17.097633+00:00,
page,1019950e9b586e9d,https://mooreburkina.com/sites/mooreburkina.af2.wfbuild.net/files/Diction%20exe/Dioula%20-%20Lexique%20Pro%20Setup.exe,https://mooreburkina.com/sites/mooreburkina.af2.wfbuild.net/files/Diction%20exe/Dioula%20-%20Lexique%20Pro%20Setup.exe,404 Not Found,dioula;moore,,dictionary,html_page,.html,error,pages/multilingual__dioula_moore/general/dictionary/1019950e9b586e9d.html,,,text/html,404,,,,HTTPError: 404 Client Error: Not Found for url: https://mooreburkina.com/sites/mooreburkina.af2.wfbuild.net/files/Diction%20exe/Dioula%20-%20Lexique%20Pro%20Setup.exe
page,07cfdd22c2d08506,https://mooreburkina.com/fr/contes-proverbes/la-sagesse-du-moogo-vol-2,https://mooreburkina.com/fr/contes-proverbes/la-sagesse-du-moogo-vol-2,La sagesse du Moogo vol. 2 | Mooré Burkina Faso,english;french;fulfulde;moore,,folktale,html_page,.html,downloaded,pages/multilingual__english_french_fulfulde_moore/general/folktale/07cfdd22c2d08506.html;pages/multilingual__english_french_fulfulde_moore/general/folktale/07cfdd22c2d08506.txt,80465,734b3e453545d57b40af790b16eabdd3a829643016eb139d7e12044f3f32dbd9,text/html; charset=UTF-8,200,"W/""1790805631""","Wed, 30 Sep 2026 22:00:31 GMT",2026-10-03T20:21:20.825993+00:00,
page,051a7133ff1b40bf,https://mooreburkina.com/fr/fulfulde,https://mooreburkina.com/fr/fulfulde,Fulfulde | Mooré Burkina Faso,english;french;fulfulde;moore,,other,html_page,.html,downloaded,pages/multilingual__english_french_fulfulde_moore/general/other/051a7133ff1b40bf.html;pages/multilingual__english_french_fulfulde_moore/general/other/051a7133ff1b40bf.txt,90317,328cda8ece49b31e4ecb17c75286027667c72b2c60db13ceab51df47158af0ef,text/html; charset=UTF-8,200,"W/""1790809599""","Wed, 30 Sep 2026 23:06:39 GMT",2026-10-03T20:21:46.888582+00:00,
page,c836d39a1e57109c,https://mooreburkina.com/fr/fulfulde/chants-jam-tan-youtube,https://mooreburkina.com/fr/fulfulde/chants-jam-tan-youtube,Chants Jam Tan YouTube | Mooré Burkina Faso,english;french;fulfulde;moore,,music,html_page,.html,downloaded,pages/multilingual__english_french_fulfulde_moore/general/music/c836d39a1e57109c.html;pages/multilingual__english_french_fulfulde_moore/general/music/c836d39a1e57109c.txt,106220,ddfb6104e2c8c91fb09420da75837bcf02410a2400fe3b11ab640f41ae483507,text/html; charset=UTF-8,200,"W/""1790807634""","Wed, 30 Sep 2026 22:33:54 GMT",2026-10-03T20:21:48.280581+00:00,
page,a9b0fa2a15eaa32d,https://mooreburkina.com/fr/fulfulde/documents-pdf-fulfulde,https://mooreburkina.com/fr/fulfulde/documents-pdf-fulfulde,Documents pdf Fulfulde | Mooré Burkina Faso,english;french;fulfulde;moore,fulfulde_gurmaare;fulfulde_jelgoore;fulfulde_moosiire;fulfulde_yaagaare,book_document,html_page,.html,downloaded,pages/multilingual__english_french_fulfulde_moore/multi_variant__fulfulde_gurmaare_fulfulde_jelgoore_fulfulde_moosiire_fulfulde_yaagaare/book_document/a9b0fa2a15eaa32d.html;pages/multilingual__english_french_fulfulde_moore/multi_variant__fulfulde_gurmaare_fulfulde_jelgoore_fulfulde_moosiire_fulfulde_yaagaare/book_document/a9b0fa2a15eaa32d.txt,133867,d5e1ca7e30eaf3ad94ea143116a3f0630ec43b7a3e90497741a03e0165ba97b7,text/html; charset=UTF-8,200,"W/""1790809599""","Wed, 30 Sep 2026 23:06:39 GMT",2026-10-03T20:21:50.966995+00:00,
page,69b2851c06422beb,https://mooreburkina.com/fr/fulfulde/la-parole-de-dieu-en-fulfulde,https://mooreburkina.com/fr/fulfulde/la-parole-de-dieu-en-fulfulde,La parole de Dieu en Fulfulde | Mooré Burkina Faso,english;french;fulfulde;moore,,religious,html_page,.html,downloaded,pages/multilingual__english_french_fulfulde_moore/general/religious/69b2851c06422beb.html;pages/multilingual__english_french_fulfulde_moore/general/religious/69b2851c06422beb.txt,76383,ca498dea5960c653d089a49d08c37c7a605e47d4c20c246ad119c318717456e0,text/html; charset=UTF-8,200,"W/""1790829190""","Thu, 01 Oct 2026 04:33:10 GMT",2026-10-03T20:21:52.373265+00:00,
page,b0827422a61408ee,https://mooreburkina.com/fr/fulfulde/le-chemin-de-la-justice,https://mooreburkina.com/fr/fulfulde/le-chemin-de-la-justice,Le Chemin de la Justice | Mooré Burkina Faso,english;french;fulfulde;moore,,religious,html_page,.html,downloaded,pages/multilingual__english_french_fulfulde_moore/general/religious/b0827422a61408ee.html;pages/multilingual__english_french_fulfulde_moore/general/religious/b0827422a61408ee.txt,160944,bf5fb3e7069cf8405b71f261fe729cddded3f8700a7ae1e1e2a6ba838b3cac1a,text/html; charset=UTF-8,200,"W/""1790812949""","Thu, 01 Oct 2026 00:02:29 GMT",2026-10-03T20:21:52.903192+00:00,
page,77eb2c821a16ee84,https://mooreburkina.com/fr/fulfulde/vid%C3%A9os-en-diaporama-fulfulde,https://mooreburkina.com/fr/fulfulde/vid%C3%A9os-en-diaporama-fulfulde,Vidéos en diaporama fulfulde | Mooré Burkina Faso,english;french;fulfulde;moore,,other,html_page,.html,downloaded,pages/multilingual__english_french_fulfulde_moore/general/other/77eb2c821a16ee84.html;pages/multilingual__english_french_fulfulde_moore/general/other/77eb2c821a16ee84.txt,104233,ea544817937f79714c2cd9e614c17ca72dc21225bacca71423c17c599c2aca92,text/html; charset=UTF-8,200,"W/""1790835611""","Thu, 01 Oct 2026 06:20:11 GMT",2026-10-03T20:21:56.576650+00:00,
page,94a239329b3bcbab,https://mooreburkina.com/fr/36-contes-fulfulde-sans-audio,https://mooreburkina.com/fr/36-contes-fulfulde-sans-audio,37 contes fulfulde (sans audio) | Mooré Burkina Faso,english;french;fulfulde;moore;san,,folktale,html_page,.html,downloaded,pages/multilingual__english_french_fulfulde_moore_san/general/folktale/94a239329b3bcbab.html;pages/multilingual__english_french_fulfulde_moore_san/general/folktale/94a239329b3bcbab.txt,76198,c85873f4ae61fd46db95b259bcf87339591da3736cae213fd9c42dcb1744ac28,text/html; charset=UTF-8,200,"W/""1790812201""","Wed, 30 Sep 2026 23:50:01 GMT",2026-10-03T20:21:10.455999+00:00,
page,fbea2a1832d9df8a,https://mooreburkina.com/fr/37-contes-fulfulde-sans-audio,https://mooreburkina.com/fr/37-contes-fulfulde-sans-audio,36 contes fulfulde | Mooré Burkina Faso,english;french;fulfulde;moore;san,,folktale,html_page,.html,downloaded,pages/multilingual__english_french_fulfulde_moore_san/general/folktale/fbea2a1832d9df8a.html;pages/multilingual__english_french_fulfulde_moore_san/general/folktale/fbea2a1832d9df8a.txt,76303,83f00b4506b645c745d48475d0705cee686adb6b5a65074bc16cdaa24cbcfbec,text/html; charset=UTF-8,200,"W/""1790831126""","Thu, 01 Oct 2026 05:05:26 GMT",2026-10-03T20:21:10.907542+00:00,
page,1821427685406d50,https://mooreburkina.com/fr/film-jesus-en-fulfulde-massina-mali,https://mooreburkina.com/fr/film-jesus-en-fulfulde-massina-mali,Film Jesus en Fulfulde Maasina (Mali) | Mooré Burkina Faso,english;french;fulfulde;moore;san,fulfulde_maasina,religious,html_page,.html,downloaded,pages/multilingual__english_french_fulfulde_moore_san/fulfulde_maasina/religious/1821427685406d50.html;pages/multilingual__english_french_fulfulde_moore_san/fulfulde_maasina/religious/1821427685406d50.txt,125043,783fb03017cdfd3cee318328ba1f8928f618988dc19fe1f384c924f80e37aec3,text/html; charset=UTF-8,200,"W/""1790835613""","Thu, 01 Oct 2026 06:20:13 GMT",2026-10-03T20:21:41.495638+00:00,
page,7824b3983d8a8a79,https://mooreburkina.com/fr/fulfulde/evangile-de-marc-fulfulde-massina,https://mooreburkina.com/fr/fulfulde/evangile-de-marc-fulfulde-massina,Evangile de Marc Fulfulde Massina | Mooré Burkina Faso,english;french;fulfulde;moore;san,fulfulde_maasina,religious,html_page,.html,downloaded,pages/multilingual__english_french_fulfulde_moore_san/fulfulde_maasina/religious/7824b3983d8a8a79.html;pages/multilingual__english_french_fulfulde_moore_san/fulfulde_maasina/religious/7824b3983d8a8a79.txt,93259,7da99970012e055484594bd559adc5a2e081bc47055fd2c1d74ffbcc61bdb612,text/html; charset=UTF-8,200,"W/""1790835611""","Thu, 01 Oct 2026 06:20:11 GMT",2026-10-03T20:21:51.406798+00:00,
page,96b2819bfbd09fcf,https://mooreburkina.com/fr/fulfulde/j%C3%A9sus-parle-le-fulfulde,https://mooreburkina.com/fr/fulfulde/j%C3%A9sus-parle-le-fulfulde,Le film Jésus en fulfulde (Niger) | Mooré Burkina Faso,english;french;fulfulde;moore;san,,religious,html_page,.html,downloaded,pages/multilingual__english_french_fulfulde_moore_san/general/religious/96b2819bfbd09fcf.html;pages/multilingual__english_french_fulfulde_moore_san/general/religious/96b2819bfbd09fcf.txt,125876,09536147511029b024e15cebb294d5cfe4f2bc3e098132b8963467444c6a8407,text/html; charset=UTF-8,200,"W/""1790808014""","Wed, 30 Sep 2026 22:40:14 GMT",2026-10-03T20:21:51.948097+00:00,
page,5820c1020e4a42cd,https://mooreburkina.com/fr/fulfulde/matthieu-en-fulfulde-massina,https://mooreburkina.com/fr/fulfulde/matthieu-en-fulfulde-massina,Matthieu en fulfulde Massina | Mooré Burkina Faso,english;french;fulfulde;moore;san,fulfulde_maasina,religious,html_page,.html,downloaded,pages/multilingual__english_french_fulfulde_moore_san/fulfulde_maasina/religious/5820c1020e4a42cd.html;pages/multilingual__english_french_fulfulde_moore_san/fulfulde_maasina/religious/5820c1020e4a42cd.txt,106916,ac8048c53a3c38c731ac19e49bf1446b2831d98ff7a072945214528e2d9b4d0c,text/html; charset=UTF-8,200,"W/""1790835611""","Thu, 01 Oct 2026 06:20:11 GMT",2026-10-03T20:21:53.392721+00:00,
page,76a9c1534040baeb,https://mooreburkina.com/fr/gulimancema/applications-gulmanchema,https://mooreburkina.com/fr/gulimancema/applications-gulmanchema,Applications gulmanchema | Mooré Burkina Faso,english;french;gulimancema;moore,,app,html_page,.html,downloaded,pages/multilingual__english_french_gulimancema_moore/general/app/76a9c1534040baeb.html;pages/multilingual__english_french_gulimancema_moore/general/app/76a9c1534040baeb.txt,104599,4987137ba95addc1a789f8d00e72205ad1f122186052198ca242882dd0a6cd18,text/html; charset=UTF-8,200,"W/""1790835613""","Thu, 01 Oct 2026 06:20:13 GMT",2026-10-03T20:21:57.979881+00:00,
page,8f80852299c8986b,https://mooreburkina.com/fr/gulimancema/le-chemin-de-la-justice,https://mooreburkina.com/fr/gulimancema/le-chemin-de-la-justice,Le Chemin de la Justice | Mooré Burkina Faso,english;french;gulimancema;moore,,religious,html_page,.html,downloaded,pages/multilingual__english_french_gulimancema_moore/general/religious/8f80852299c8986b.html;pages/multilingual__english_french_gulimancema_moore/general/religious/8f80852299c8986b.txt,174568,cf177ca3b22188f0ca7618994e24fd9525d602e8bcfeed7815de3c48c47b0c87,text/html; charset=UTF-8,200,"W/""1790829186""","Thu, 01 Oct 2026 04:33:06 GMT",2026-10-03T20:22:00.344308+00:00,
page,6e6ad69c84eb72e6,https://mooreburkina.com/fr/gulimancema/evangile-de-luc,https://mooreburkina.com/fr/gulimancema/evangile-de-luc,Evangile de Luc | Mooré Burkina Faso,english;french;gulimancema;moore;san,,religious,html_page,.html,downloaded,pages/multilingual__english_french_gulimancema_moore_san/general/religious/6e6ad69c84eb72e6.html;pages/multilingual__english_french_gulimancema_moore_san/general/religious/6e6ad69c84eb72e6.txt,105293,146837589d36db3576ac6072c3d063ea0f62c709e52fb12b0fafee1001323407,text/html; charset=UTF-8,200,"W/""1790807741""","Wed, 30 Sep 2026 22:35:41 GMT",2026-10-03T20:21:59.349182+00:00,
page,be0e826d8a2532fa,https://mooreburkina.com/fr/gulimancema/film-de-j%C3%A9sus-gulmancema,https://mooreburkina.com/fr/gulimancema/film-de-j%C3%A9sus-gulmancema,Film de Jésus gulmancema | Mooré Burkina Faso,english;french;gulimancema;moore;san,,religious,html_page,.html,downloaded,pages/multilingual__english_french_gulimancema_moore_san/general/religious/be0e826d8a2532fa.html;pages/multilingual__english_french_gulimancema_moore_san/general/religious/be0e826d8a2532fa.txt,123986,2b07a1d8fa6735ea5bfaa512feb6385ac8ba99bd90a866fa74acdae25aae5d41,text/html; charset=UTF-8,200,"W/""1790835610""","Thu, 01 Oct 2026 06:20:10 GMT",2026-10-03T20:21:59.884695+00:00,
page,3c40e0f4128787aa,https://mooreburkina.com/fr/gulimancema/marc-en-gurmancema,https://mooreburkina.com/fr/gulimancema/marc-en-gurmancema,Marc en gurmancema | Mooré Burkina Faso,english;french;gulimancema;moore;san,,religious,html_page,.html,downloaded,pages/multilingual__english_french_gulimancema_moore_san/general/religious/3c40e0f4128787aa.html;pages/multilingual__english_french_gulimancema_moore_san/general/religious/3c40e0f4128787aa.txt,95338,da7c56325d37b1e43cde3a8d06c87c36da4bceed31b7c17f262eef1fbb29a3d3,text/html; charset=UTF-8,200,"W/""1790813407""","Thu, 01 Oct 2026 00:10:07 GMT",2026-10-03T20:22:00.784530+00:00,
page,14b0132c7a3de541,https://mooreburkina.com/fr/collection-2-12-contes-en-moor%C3%A9,https://mooreburkina.com/fr/collection-2-12-contes-en-moor%C3%A9,Contes vol 1 avec audio | Mooré Burkina Faso,english;french;moore,,folktale,html_page,.html,downloaded,pages/multilingual__english_french_moore/general/folktale/14b0132c7a3de541.html;pages/multilingual__english_french_moore/general/folktale/14b0132c7a3de541.txt,77254,d4a7da1827d1c5162a491f05f68fb7dadc4de1199b3f07f3a118563b8ca45fa1,text/html; charset=UTF-8,200,"W/""1790835612""","Thu, 01 Oct 2026 06:20:12 GMT",2026-10-03T20:21:17.080119+00:00,
page,179d91e67532d91f,https://mooreburkina.com/fr/contes-et-proverbes-en-moor%C3%A9/contes-en-moor%C3%A9,https://mooreburkina.com/fr/contes-et-proverbes-en-moor%C3%A9/contes-en-moor%C3%A9,Contes vol 2 avec audio | Mooré Burkina Faso,english;french;moore,,folktale,html_page,.html,downloaded,pages/multilingual__english_french_moore/general/folktale/179d91e67532d91f.html;pages/multilingual__english_french_moore/general/folktale/179d91e67532d91f.txt,78748,ac06aa2e2eb36902dd1adb47d0538e7916cb6208cdbed3143fc87333a607aa7a,text/html; charset=UTF-8,200,"W/""1790809144""","Wed, 30 Sep 2026 22:59:04 GMT",2026-10-03T20:21:17.493017+00:00,
page,6a0fa0d74a02c693,https://mooreburkina.com/fr/contes-et-proverbes-en-moor%C3%A9/proverbes-en-moor%C3%A9-vol-1,https://mooreburkina.com/fr/contes-et-proverbes-en-moor%C3%A9/proverbes-en-moor%C3%A9-vol-1,Proverbes en mooré vol. 1 | Mooré Burkina Faso,english;french;moore,,folktale,html_page,.html,downloaded,pages/multilingual__english_french_moore/general/folktale/6a0fa0d74a02c693.html;pages/multilingual__english_french_moore/general/folktale/6a0fa0d74a02c693.txt,75350,ad8d68df0643524ef58c5c1a7d6f6a7dad4bf0cd301d60f16b0f75878191b787,text/html; charset=UTF-8,200,"W/""1790809144""","Wed, 30 Sep 2026 22:59:04 GMT",2026-10-03T20:21:17.923690+00:00,
page,194b0264a272020a,https://mooreburkina.com/fr/contes-proverbes/contes-vol-5-avec-fran%C3%A7ais,https://mooreburkina.com/fr/contes-proverbes/contes-vol-5-avec-fran%C3%A7ais,Contes vol. 5 avec français | Mooré Burkina Faso,english;french;moore,,folktale,html_page,.html,downloaded,pages/multilingual__english_french_moore/general/folktale/194b0264a272020a.html;pages/multilingual__english_french_moore/general/folktale/194b0264a272020a.txt,94329,a42a2f416bda998ffe8991c36cd4ff0124b0d82fab8a51bf173924112da08659,text/html; charset=UTF-8,200,"W/""1790835611""","Thu, 01 Oct 2026 06:20:11 GMT",2026-10-03T20:21:19.366948+00:00,
page,d8f3adf2a6de9d32,https://mooreburkina.com/fr/contes-proverbes/la-sagesse-du-moogo-vol-1,https://mooreburkina.com/fr/contes-proverbes/la-sagesse-du-moogo-vol-1,La sagesse du Moogo vol. 1 | Mooré Burkina Faso,english;french;moore,,folktale,html_page,.html,downloaded,pages/multilingual__english_french_moore/general/folktale/d8f3adf2a6de9d32.html;pages/multilingual__english_french_moore/general/folktale/d8f3adf2a6de9d32.txt,81399,061380d30450f63f883502e81f4ca94a2db576c2ba2c6558ee92abd809b76791,text/html; charset=UTF-8,200,"W/""1790835611""","Thu, 01 Oct 2026 06:20:11 GMT",2026-10-03T20:21:20.312865+00:00,
page,0f5cce69c88536f2,https://mooreburkina.com/fr/contes-proverbes/proverbes-en-moor%C3%A9-vol-4,https://mooreburkina.com/fr/contes-proverbes/proverbes-en-moor%C3%A9-vol-4,Proverbes en mooré vol. 4 | Mooré Burkina Faso,english;french;moore,,folktale,html_page,.html,downloaded,pages/multilingual__english_french_moore/general/folktale/0f5cce69c88536f2.html;pages/multilingual__english_french_moore/general/folktale/0f5cce69c88536f2.txt,77203,04f0b795af55b88e590b6a30ddcd2aa41ebf42efba7b4eaf4bb4675289514fc2,text/html; charset=UTF-8,200,"W/""1790803873""","Wed, 30 Sep 2026 21:31:13 GMT",2026-10-03T20:21:23.248926+00:00,
page,3e3b09fa3475e556,https://mooreburkina.com/fr/contes-proverbes/proverbes-en-moor%C3%A9-vol-5,https://mooreburkina.com/fr/contes-proverbes/proverbes-en-moor%C3%A9-vol-5,Proverbes en mooré vol. 5 | Mooré Burkina Faso,english;french;moore,,folktale,html_page,.html,downloaded,pages/multilingual__english_french_moore/general/folktale/3e3b09fa3475e556.html;pages/multilingual__english_french_moore/general/folktale/3e3b09fa3475e556.txt,75843,ade073472e9acf29016ee74bc54aa845bbca8e9046a362b722e0cfe2a678b6aa,text/html; charset=UTF-8,200,"W/""1790803042""","Wed, 30 Sep 2026 21:17:22 GMT",2026-10-03T20:21:23.766955+00:00,
page,f33c3d035ba37a25,https://mooreburkina.com/fr/contes-proverbes/proverbes-en-moor%C3%A9-vol-6,https://mooreburkina.com/fr/contes-proverbes/proverbes-en-moor%C3%A9-vol-6,Proverbes en mooré vol. 6 | Mooré Burkina Faso,english;french;moore,,folktale,html_page,.html,downloaded,pages/multilingual__english_french_moore/general/folktale/f33c3d035ba37a25.html;pages/multilingual__english_french_moore/general/folktale/f33c3d035ba37a25.txt,76996,fb998be34423ca17094ef39347b63dc7b4a5f0ca53b7c4ba51b08d6f255d8839,text/html; charset=UTF-8,200,"W/""1790806034""","Wed, 30 Sep 2026 22:07:14 GMT",2026-10-03T20:21:24.281829+00:00,
page,ebbecc2834d6bdf1,https://mooreburkina.com/fr/contes-proverbes/proverbes-en-moor%C3%A9-vol-7,https://mooreburkina.com/fr/contes-proverbes/proverbes-en-moor%C3%A9-vol-7,Proverbes en mooré vol. 7 | Mooré Burkina Faso,english;french;moore,,folktale,html_page,.html,downloaded,pages/multilingual__english_french_moore/general/folktale/ebbecc2834d6bdf1.html;pages/multilingual__english_french_moore/general/folktale/ebbecc2834d6bdf1.txt,75569,53f5e6774993a395cdc50a35c7ab9c872f8b7e0775c86e9d6dd2033884ac9a36,text/html; charset=UTF-8,200,"W/""1790821455""","Thu, 01 Oct 2026 02:24:15 GMT",2026-10-03T20:21:24.806862+00:00,
page,9370a48ea39f1076,https://mooreburkina.com/fr/contes-proverbes/proverbes-en-moor%C3%A9-vol-8,https://mooreburkina.com/fr/contes-proverbes/proverbes-en-moor%C3%A9-vol-8,Proverbes en mooré vol. 8 | Mooré Burkina Faso,english;french;moore,,folktale,html_page,.html,downloaded,pages/multilingual__english_french_moore/general/folktale/9370a48ea39f1076.html;pages/multilingual__english_french_moore/general/folktale/9370a48ea39f1076.txt,76958,83172216438d6b507a82071f59f015b188336cc4e12dd327acc6debbf68309ef,text/html; charset=UTF-8,200,"W/""1790835610""","Thu, 01 Oct 2026 06:20:10 GMT",2026-10-03T20:21:25.337905+00:00,
page,d1fb22e87faf43c2,https://mooreburkina.com/fr/films-clips/vid%C3%A9os-de-diaporama,https://mooreburkina.com/fr/films-clips/vid%C3%A9os-de-diaporama,Vidéos de diaporama | Mooré Burkina Faso,english;french;moore,,other,html_page,.html,downloaded,pages/multilingual__english_french_moore/general/other/d1fb22e87faf43c2.html;pages/multilingual__english_french_moore/general/other/d1fb22e87faf43c2.txt,105451,54337bef1498874bbde3bb9a79c7171b9d874d3b692e59fd238d65c47a5dc1f8,text/html; charset=UTF-8,200,"W/""1790835611""","Thu, 01 Oct 2026 06:20:11 GMT",2026-10-03T20:21:44.506881+00:00,
page,0f19caa85d7c0f9b,https://mooreburkina.com/fr/films-et-clips/film-j%C3%A9sus-en-moor%C3%A9,https://mooreburkina.com/fr/films-et-clips/film-j%C3%A9sus-en-moor%C3%A9,Film Jésus en mooré | Mooré Burkina Faso,english;french;moore,,religious,html_page,.html,downloaded,pages/multilingual__english_french_moore/general/religious/0f19caa85d7c0f9b.html;pages/multilingual__english_french_moore/general/religious/0f19caa85d7c0f9b.txt,75054,90cf91cf2edcf13e966d16d87eb134f5df9e402adeb76b1118016b4e3a9d975b,text/html; charset=UTF-8,200,"W/""1790835611""","Thu, 01 Oct 2026 06:20:11 GMT",2026-10-03T20:21:45.364465+00:00,
page,ea80601027af7c11,https://mooreburkina.com/fr/fran%C3%A7ais-applications,https://mooreburkina.com/fr/fran%C3%A7ais-applications,Français applications | Mooré Burkina Faso,english;french;moore,,app,html_page,.html,downloaded,pages/multilingual__english_french_moore/general/app/ea80601027af7c11.html;pages/multilingual__english_french_moore/general/app/ea80601027af7c11.txt,169454,9710b2f0633974664647e6e330e7f18b432e086b1bcaf01298b0ec30c14d3bdb,text/html; charset=UTF-8,200,"W/""1790809601""","Wed, 30 Sep 2026 23:06:41 GMT",2026-10-03T20:21:46.444175+00:00,
page,196d86ed1a4b803c,https://mooreburkina.com/fr/la-parole-de-dieu/la-parole-de-dieu-en-moor%C3%A9,https://mooreburkina.com/fr/la-parole-de-dieu/la-parole-de-dieu-en-moor%C3%A9,Lire la Parole de Dieu en mooré | Mooré Burkina Faso,english;french;moore,,religious,html_page,.html,downloaded,pages/multilingual__english_french_moore/general/religious/196d86ed1a4b803c.html;pages/multilingual__english_french_moore/general/religious/196d86ed1a4b803c.txt,78119,1b1a65120c4d4f96a814b3f4528c6d6c514787e11b9819c977fac77cfcde132e,text/html; charset=UTF-8,200,"W/""1790799668""","Wed, 30 Sep 2026 20:21:08 GMT",2026-10-03T20:22:05.251376+00:00,
page,23319cf9c9049d05,https://mooreburkina.com/fr/livres-en-moor%C3%A9/t%C3%A9l%C3%A9charger-pdf,https://mooreburkina.com/fr/livres-en-moor%C3%A9/t%C3%A9l%C3%A9charger-pdf,Télécharger des livres en mooré pdf | Mooré Burkina Faso,english;french;moore,,book_document,html_page,.html,downloaded,pages/multilingual__english_french_moore/general/book_document/23319cf9c9049d05.html;pages/multilingual__english_french_moore/general/book_document/23319cf9c9049d05.txt,127286,efd23bf5f6af6d02c46381a075c4dd6fa8b34ba8d09b7c3770641867a80d88c8,text/html; charset=UTF-8,200,"W/""1790801122""","Wed, 30 Sep 2026 20:45:22 GMT",2026-10-03T20:22:06.307785+00:00,
page,134d33d271c24716,https://mooreburkina.com/fr/parole-de-dieu/le-chemin-de-la-justice,https://mooreburkina.com/fr/parole-de-dieu/le-chemin-de-la-justice,Le Chemin de la Justice | Mooré Burkina Faso,english;french;moore,,religious,html_page,.html,downloaded,pages/multilingual__english_french_moore/general/religious/134d33d271c24716.html;pages/multilingual__english_french_moore/general/religious/134d33d271c24716.txt,163040,4af42828eb60f0431ceb40c19f6896ef20f48b2c4a8d08f546b76816d156c334,text/html; charset=UTF-8,200,"W/""1790801676""","Wed, 30 Sep 2026 20:54:36 GMT",2026-10-03T20:22:07.347790+00:00,
page,ee186e60ea429e50,https://mooreburkina.com/fr/films-clips/evangile-de-luc,https://mooreburkina.com/fr/films-clips/evangile-de-luc,Evangile de Luc | Mooré Burkina Faso,english;french;moore;san,,religious,html_page,.html,downloaded,pages/multilingual__english_french_moore_san/general/religious/ee186e60ea429e50.html;pages/multilingual__english_french_moore_san/general/religious/ee186e60ea429e50.txt,96534,1ccaa9317e447125c8523c83bd04a3824bb90e18718371c4eadb98f2fca20452,text/html; charset=UTF-8,200,"W/""1790829187""","Thu, 01 Oct 2026 04:33:07 GMT",2026-10-03T20:21:42.452044+00:00,
page,2735252f1fe880f8,https://mooreburkina.com/fr/films-clips/evangile-de-marc-prot,https://mooreburkina.com/fr/films-clips/evangile-de-marc-prot,Evangile de Marc (Prot.) | Mooré Burkina Faso,english;french;moore;san,,religious,html_page,.html,downloaded,pages/multilingual__english_french_moore_san/general/religious/2735252f1fe880f8.html;pages/multilingual__english_french_moore_san/general/religious/2735252f1fe880f8.txt,88352,eb3af787eb9c453d493e9434975e949cf8c12129c3b32dc0c3f03f68e5aeb604,text/html; charset=UTF-8,200,"W/""1790813228""","Thu, 01 Oct 2026 00:07:08 GMT",2026-10-03T20:21:42.965678+00:00,
page,a57b388d76ab6d06,https://mooreburkina.com/fr/films-clips/evangile-selon-marc-cath,https://mooreburkina.com/fr/films-clips/evangile-selon-marc-cath,Evangile selon Marc (Cath.) | Mooré Burkina Faso,english;french;moore;san,,religious,html_page,.html,downloaded,pages/multilingual__english_french_moore_san/general/religious/a57b388d76ab6d06.html;pages/multilingual__english_french_moore_san/general/religious/a57b388d76ab6d06.txt,94094,1f8e6f2c741087010e7592fdebf374c4e7fc35c3e809fc4e4e3f1e3e6d7ffc99,text/html; charset=UTF-8,200,"W/""1790813561""","Thu, 01 Oct 2026 00:12:41 GMT",2026-10-03T20:21:43.511149+00:00,
page,2b9b7bb236c110d1,https://mooreburkina.com/fr/films-clips/marcher-avec-j%C3%A9sus,https://mooreburkina.com/fr/films-clips/marcher-avec-j%C3%A9sus,Marcher avec Jésus | Mooré Burkina Faso,english;french;moore;san,,religious,html_page,.html,downloaded,pages/multilingual__english_french_moore_san/general/religious/2b9b7bb236c110d1.html;pages/multilingual__english_french_moore_san/general/religious/2b9b7bb236c110d1.txt,84545,17362a97f49ad722d877b7bda102710deebf7f8bdc31e3e7821fabe7a7ea33a1,text/html; charset=UTF-8,200,"W/""1790815686""","Thu, 01 Oct 2026 00:48:06 GMT",2026-10-03T20:21:43.950948+00:00,
page,6c1ebb0ab88c9b78,https://mooreburkina.com/fr/films-et-clips/le-film-de-magdala-en-moor%C3%A9,https://mooreburkina.com/fr/films-et-clips/le-film-de-magdala-en-moor%C3%A9,Marie de Magdala en mooré | Mooré Burkina Faso,english;french;moore;san,,religious,html_page,.html,downloaded,pages/multilingual__english_french_moore_san/general/religious/6c1ebb0ab88c9b78.html;pages/multilingual__english_french_moore_san/general/religious/6c1ebb0ab88c9b78.txt,110226,d13ae09f6c4637819c0909972c5efd74d24d6fcc2397e61fb883ff16d05e5ea8,text/html; charset=UTF-8,200,"W/""1790807616""","Wed, 30 Sep 2026 22:33:36 GMT",2026-10-03T20:21:45.880329+00:00,
page,93ae49217c05d86b,https://mooreburkina.com/fr/privacypolicy,https://mooreburkina.com/fr/privacypolicy,Politique de confidentialité | Mooré Burkina Faso,english;french;moore;san,,other,html_page,.html,downloaded,pages/multilingual__english_french_moore_san/general/other/93ae49217c05d86b.html;pages/multilingual__english_french_moore_san/general/other/93ae49217c05d86b.txt,63035,fc02da2c73b5927af01a7b6b202219f903f066830de3654dc68eed6befe44a2b,text/html; charset=UTF-8,200,"W/""1790835611""","Thu, 01 Oct 2026 06:20:11 GMT",2026-10-03T20:22:07.762899+00:00,
page,dc3c6c013646f4e6,https://mooreburkina.com/libraries/pdfjs-dist-viewer-min/build/minified/web/viewer.html?file=%2Fsites%2Fwww.mooreburkina.com%2Ffiles%2Fpdf-files%2FBambara%2520-%2520English%2520Index.pdf,https://mooreburkina.com/libraries/pdfjs-dist-viewer-min/build/minified/web/viewer.html?file=%2Fsites%2Fwww.mooreburkina.com%2Ffiles%2Fpdf-files%2FBambara%2520-%2520English%2520Index.pdf,PDF.js viewer,english;moore,,book_document,html_page,.html,downloaded,pages/multilingual__english_moore/general/book_document/dc3c6c013646f4e6.html;pages/multilingual__english_moore/general/book_document/dc3c6c013646f4e6.txt,28538,0205d2a47f866d7cdbbf3bd2e51b4d0be1ad37009e4e2329c9ca9125cadf9622,text/html,200,"W/""6a5954a3-6f7a""","Thu, 16 Jul 2026 22:01:07 GMT",2026-10-03T20:22:11.912389+00:00,
page,dc7bfe934951ffb6,https://mooreburkina.com/libraries/pdfjs-dist-viewer-min/build/minified/web/viewer.html?file=%2Fsites%2Fwww.mooreburkina.com%2Ffiles%2FFulfulde%2520grammar%2520236%2520pages.pdf,https://mooreburkina.com/libraries/pdfjs-dist-viewer-min/build/minified/web/viewer.html?file=%2Fsites%2Fwww.mooreburkina.com%2Ffiles%2FFulfulde%2520grammar%2520236%2520pages.pdf,PDF.js viewer,fulfulde;moore,,orthography,html_page,.html,downloaded,pages/multilingual__fulfulde_moore/general/orthography/dc7bfe934951ffb6.html;pages/multilingual__fulfulde_moore/general/orthography/dc7bfe934951ffb6.txt,28538,0205d2a47f866d7cdbbf3bd2e51b4d0be1ad37009e4e2329c9ca9125cadf9622,text/html,200,"W/""6a5954a3-6f7a""","Thu, 16 Jul 2026 22:01:07 GMT",2026-10-03T20:22:09.516108+00:00,
page,5aea45cc0175638a,https://mooreburkina.com/libraries/pdfjs-dist-viewer-min/build/minified/web/viewer.html?file=%2Fsites%2Fwww.mooreburkina.com%2Ffiles%2FGurmaare%2520Language%2520Learning%2520lessons.pdf,https://mooreburkina.com/libraries/pdfjs-dist-viewer-min/build/minified/web/viewer.html?file=%2Fsites%2Fwww.mooreburkina.com%2Ffiles%2FGurmaare%2520Language%2520Learning%2520lessons.pdf,PDF.js viewer,fulfulde;moore,fulfulde_gurmaare,book_document,html_page,.html,downloaded,pages/multilingual__fulfulde_moore/fulfulde_gurmaare/book_document/5aea45cc0175638a.html;pages/multilingual__fulfulde_moore/fulfulde_gurmaare/book_document/5aea45cc0175638a.txt,28538,0205d2a47f866d7cdbbf3bd2e51b4d0be1ad37009e4e2329c9ca9125cadf9622,text/html,200,"W/""6a5954a3-6f7a""","Thu, 16 Jul 2026 22:01:07 GMT",2026-10-03T20:22:09.916513+00:00,
page,01b8984d91168049,https://mooreburkina.com/libraries/pdfjs-dist-viewer-min/build/minified/web/viewer.html?file=%2Fsites%2Fwww.mooreburkina.com%2Ffiles%2FJelgoore%2520Language%2520Learning%2520lessons.pdf,https://mooreburkina.com/libraries/pdfjs-dist-viewer-min/build/minified/web/viewer.html?file=%2Fsites%2Fwww.mooreburkina.com%2Ffiles%2FJelgoore%2520Language%2520Learning%2520lessons.pdf,PDF.js viewer,fulfulde;moore,fulfulde_jelgoore,book_document,html_page,.html,downloaded,pages/multilingual__fulfulde_moore/fulfulde_jelgoore/book_document/01b8984d91168049.html;pages/multilingual__fulfulde_moore/fulfulde_jelgoore/book_document/01b8984d91168049.txt,28538,0205d2a47f866d7cdbbf3bd2e51b4d0be1ad37009e4e2329c9ca9125cadf9622,text/html,200,"W/""6a5954a3-6f7a""","Thu, 16 Jul 2026 22:01:07 GMT",2026-10-03T20:22:10.319202+00:00,
page,18171c5c6afbc8da,https://mooreburkina.com/libraries/pdfjs-dist-viewer-min/build/minified/web/viewer.html?file=%2Fsites%2Fwww.mooreburkina.com%2Ffiles%2FMoosiire%2520Language%2520Learning%2520lessons.pdf,https://mooreburkina.com/libraries/pdfjs-dist-viewer-min/build/minified/web/viewer.html?file=%2Fsites%2Fwww.mooreburkina.com%2Ffiles%2FMoosiire%2520Language%2520Learning%2520lessons.pdf,PDF.js viewer,fulfulde;moore,fulfulde_moosiire,book_document,html_page,.html,downloaded,pages/multilingual__fulfulde_moore/fulfulde_moosiire/book_document/18171c5c6afbc8da.html;pages/multilingual__fulfulde_moore/fulfulde_moosiire/book_document/18171c5c6afbc8da.txt,28538,0205d2a47f866d7cdbbf3bd2e51b4d0be1ad37009e4e2329c9ca9125cadf9622,text/html,200,"W/""6a5954a3-6f7a""","Thu, 16 Jul 2026 22:01:07 GMT",2026-10-03T20:22:10.713973+00:00,
page,3223bd2eea4a756c,https://mooreburkina.com/libraries/pdfjs-dist-viewer-min/build/minified/web/viewer.html?file=%2Fsites%2Fwww.mooreburkina.com%2Ffiles%2FYaagaare%2520Language%2520Learning%2520lessons.pdf,https://mooreburkina.com/libraries/pdfjs-dist-viewer-min/build/minified/web/viewer.html?file=%2Fsites%2Fwww.mooreburkina.com%2Ffiles%2FYaagaare%2520Language%2520Learning%2520lessons.pdf,PDF.js viewer,fulfulde;moore,fulfulde_yaagaare,book_document,html_page,.html,downloaded,pages/multilingual__fulfulde_moore/fulfulde_yaagaare/book_document/3223bd2eea4a756c.html;pages/multilingual__fulfulde_moore/fulfulde_yaagaare/book_document/3223bd2eea4a756c.txt,28538,0205d2a47f866d7cdbbf3bd2e51b4d0be1ad37009e4e2329c9ca9125cadf9622,text/html,200,"W/""6a5954a3-6f7a""","Thu, 16 Jul 2026 22:01:07 GMT",2026-10-03T20:22:11.110195+00:00,
page,f343fba2e0436b6e,https://mooreburkina.com/sites/mooreburkina.af2.wfbuild.net/files/Diction%20exe/Fulfulde-BF%20-%20Lexique%20Pro%20Setup.exe,https://mooreburkina.com/sites/mooreburkina.af2.wfbuild.net/files/Diction%20exe/Fulfulde-BF%20-%20Lexique%20Pro%20Setup.exe,404 Not Found,fulfulde;moore,,dictionary,html_page,.html,error,pages/multilingual__fulfulde_moore/general/dictionary/f343fba2e0436b6e.html,,,text/html,404,,,,HTTPError: 404 Client Error: Not Found for url: https://mooreburkina.com/sites/mooreburkina.af2.wfbuild.net/files/Diction%20exe/Fulfulde-BF%20-%20Lexique%20Pro%20Setup.exe
page,3c863c4736fbfe4a,https://mooreburkina.com/sites/mooreburkina.af2.wfbuild.net/files/Diction%20exe/Gourmanch%C3%A9ma%20-%20Lexique%20Pro%20Setup.exe,https://mooreburkina.com/sites/mooreburkina.af2.wfbuild.net/files/Diction%20exe/Gourmanch%C3%A9ma%20-%20Lexique%20Pro%20Setup.exe,404 Not Found,gulimancema;moore,,dictionary,html_page,.html,error,pages/multilingual__gulimancema_moore/general/dictionary/3c863c4736fbfe4a.html,,,text/html,404,,,,HTTPError: 404 Client Error: Not Found for url: https://mooreburkina.com/sites/mooreburkina.af2.wfbuild.net/files/Diction%20exe/Gourmanch%C3%A9ma%20-%20Lexique%20Pro%20Setup.exe
page,617ab5fdc427f22e,https://mooreburkina.com/sites/mooreburkina.af2.wfbuild.net/files/Diction%20exe/Lobiri%20-%20Lexique%20Pro%20Setup.exe,https://mooreburkina.com/sites/mooreburkina.af2.wfbuild.net/files/Diction%20exe/Lobiri%20-%20Lexique%20Pro%20Setup.exe,404 Not Found,lobiri;moore,,dictionary,html_page,.html,error,pages/multilingual__lobiri_moore/general/dictionary/617ab5fdc427f22e.html,,,text/html,404,,,,HTTPError: 404 Client Error: Not Found for url: https://mooreburkina.com/sites/mooreburkina.af2.wfbuild.net/files/Diction%20exe/Lobiri%20-%20Lexique%20Pro%20Setup.exe
page,c803599b856f3619,https://mooreburkina.com/libraries/pdfjs-dist-viewer-min/build/minified/web/viewer.html?file=%2Fsites%2Fwww.mooreburkina.com%2Ffiles%2Fpdf-files%2FBambara%2520-%2520Allemand%2520Index.pdf,https://mooreburkina.com/libraries/pdfjs-dist-viewer-min/build/minified/web/viewer.html?file=%2Fsites%2Fwww.mooreburkina.com%2Ffiles%2Fpdf-files%2FBambara%2520-%2520Allemand%2520Index.pdf,PDF.js viewer,moore,,book_document,html_page,.html,downloaded,pages/moore/general/book_document/c803599b856f3619.html;pages/moore/general/book_document/c803599b856f3619.txt,28538,0205d2a47f866d7cdbbf3bd2e51b4d0be1ad37009e4e2329c9ca9125cadf9622,text/html,200,"W/""6a5954a3-6f7a""","Thu, 16 Jul 2026 22:01:07 GMT",2026-10-03T20:22:11.512681+00:00,
page,1345154b98b4194b,https://mooreburkina.com/libraries/pdfjs-dist-viewer-min/build/minified/web/viewer.html?file=%2Fsites%2Fwww.mooreburkina.com%2Ffiles%2Fpdf-files%2FBambara%2520-%2520Fran%25C3%25A7ais%2520Index%2520%2528fran%25C3%25A7ais%2529.pdf,https://mooreburkina.com/libraries/pdfjs-dist-viewer-min/build/minified/web/viewer.html?file=%2Fsites%2Fwww.mooreburkina.com%2Ffiles%2Fpdf-files%2FBambara%2520-%2520Fran%25C3%25A7ais%2520Index%2520%2528fran%25C3%25A7ais%2529.pdf,PDF.js viewer,moore,,book_document,html_page,.html,downloaded,pages/moore/general/book_document/1345154b98b4194b.html;pages/moore/general/book_document/1345154b98b4194b.txt,28538,0205d2a47f866d7cdbbf3bd2e51b4d0be1ad37009e4e2329c9ca9125cadf9622,text/html,200,"W/""6a5954a3-6f7a""","Thu, 16 Jul 2026 22:01:07 GMT",2026-10-03T20:22:12.310790+00:00,
page,603ecd64d8332d9c,https://mooreburkina.com/libraries/pdfjs-dist-viewer-min/build/minified/web/viewer.html?file=%2Fsites%2Fwww.mooreburkina.com%2Ffiles%2Fpdf-files%2FBambara%2520Animaux%2520inf%25C3%25A9rieurs.pdf,https://mooreburkina.com/libraries/pdfjs-dist-viewer-min/build/minified/web/viewer.html?file=%2Fsites%2Fwww.mooreburkina.com%2Ffiles%2Fpdf-files%2FBambara%2520Animaux%2520inf%25C3%25A9rieurs.pdf,PDF.js viewer,moore,,image_culture,html_page,.html,downloaded,pages/moore/general/image_culture/603ecd64d8332d9c.html;pages/moore/general/image_culture/603ecd64d8332d9c.txt,28538,0205d2a47f866d7cdbbf3bd2e51b4d0be1ad37009e4e2329c9ca9125cadf9622,text/html,200,"W/""6a5954a3-6f7a""","Thu, 16 Jul 2026 22:01:07 GMT",2026-10-03T20:22:12.705577+00:00,
page,d106cf0eae57157a,https://mooreburkina.com/libraries/pdfjs-dist-viewer-min/build/minified/web/viewer.html?file=%2Fsites%2Fwww.mooreburkina.com%2Ffiles%2Fpdf-files%2FBambara%2520Buissons%252C%2520arbustes.pdf,https://mooreburkina.com/libraries/pdfjs-dist-viewer-min/build/minified/web/viewer.html?file=%2Fsites%2Fwww.mooreburkina.com%2Ffiles%2Fpdf-files%2FBambara%2520Buissons%252C%2520arbustes.pdf,PDF.js viewer,moore,,book_document,html_page,.html,downloaded,pages/moore/general/book_document/d106cf0eae57157a.html;pages/moore/general/book_document/d106cf0eae57157a.txt,28538,0205d2a47f866d7cdbbf3bd2e51b4d0be1ad37009e4e2329c9ca9125cadf9622,text/html,200,"W/""6a5954a3-6f7a""","Thu, 16 Jul 2026 22:01:07 GMT",2026-10-03T20:22:13.101695+00:00,
page,58b2e6db2480bc1b,https://mooreburkina.com/libraries/pdfjs-dist-viewer-min/build/minified/web/viewer.html?file=%2Fsites%2Fwww.mooreburkina.com%2Ffiles%2Fpdf-files%2FBambara%2520Herbes%252C%2520plantes%2520grimpantes.pdf,https://mooreburkina.com/libraries/pdfjs-dist-viewer-min/build/minified/web/viewer.html?file=%2Fsites%2Fwww.mooreburkina.com%2Ffiles%2Fpdf-files%2FBambara%2520Herbes%252C%2520plantes%2520grimpantes.pdf,PDF.js viewer,moore,,book_document,html_page,.html,downloaded,pages/moore/general/book_document/58b2e6db2480bc1b.html;pages/moore/general/book_document/58b2e6db2480bc1b.txt,28538,0205d2a47f866d7cdbbf3bd2e51b4d0be1ad37009e4e2329c9ca9125cadf9622,text/html,200,"W/""6a5954a3-6f7a""","Thu, 16 Jul 2026 22:01:07 GMT",2026-10-03T20:22:13.497253+00:00,
page,0bf9eac36feeca6b,https://mooreburkina.com/libraries/pdfjs-dist-viewer-min/build/minified/web/viewer.html?file=%2Fsites%2Fwww.mooreburkina.com%2Ffiles%2Fpdf-files%2FBambara%2520Lexicon.pdf,https://mooreburkina.com/libraries/pdfjs-dist-viewer-min/build/minified/web/viewer.html?file=%2Fsites%2Fwww.mooreburkina.com%2Ffiles%2Fpdf-files%2FBambara%2520Lexicon.pdf,PDF.js viewer,moore,,book_document,html_page,.html,downloaded,pages/moore/general/book_document/0bf9eac36feeca6b.html;pages/moore/general/book_document/0bf9eac36feeca6b.txt,28538,0205d2a47f866d7cdbbf3bd2e51b4d0be1ad37009e4e2329c9ca9125cadf9622,text/html,200,"W/""6a5954a3-6f7a""","Thu, 16 Jul 2026 22:01:07 GMT",2026-10-03T20:22:13.893498+00:00,
page,c26d2d5cafe8297b,https://mooreburkina.com/libraries/pdfjs-dist-viewer-min/build/minified/web/viewer.html?file=%2Fsites%2Fwww.mooreburkina.com%2Ffiles%2Fpdf-files%2FBambara%2520Lexique.pdf,https://mooreburkina.com/libraries/pdfjs-dist-viewer-min/build/minified/web/viewer.html?file=%2Fsites%2Fwww.mooreburkina.com%2Ffiles%2Fpdf-files%2FBambara%2520Lexique.pdf,PDF.js viewer,moore,,dictionary,html_page,.html,downloaded,pages/moore/general/dictionary/c26d2d5cafe8297b.html;pages/moore/general/dictionary/c26d2d5cafe8297b.txt,28538,0205d2a47f866d7cdbbf3bd2e51b4d0be1ad37009e4e2329c9ca9125cadf9622,text/html,200,"W/""6a5954a3-6f7a""","Thu, 16 Jul 2026 22:01:07 GMT",2026-10-03T20:22:14.291110+00:00,
page,296f120d1a30ebd4,https://mooreburkina.com/libraries/pdfjs-dist-viewer-min/build/minified/web/viewer.html?file=%2Fsites%2Fwww.mooreburkina.com%2Ffiles%2Fpdf-files%2FBambara%2520Mammif%25C3%25A8res.pdf,https://mooreburkina.com/libraries/pdfjs-dist-viewer-min/build/minified/web/viewer.html?file=%2Fsites%2Fwww.mooreburkina.com%2Ffiles%2Fpdf-files%2FBambara%2520Mammif%25C3%25A8res.pdf,PDF.js viewer,moore,,book_document,html_page,.html,downloaded,pages/moore/general/book_document/296f120d1a30ebd4.html;pages/moore/general/book_document/296f120d1a30ebd4.txt,28538,0205d2a47f866d7cdbbf3bd2e51b4d0be1ad37009e4e2329c9ca9125cadf9622,text/html,200,"W/""6a5954a3-6f7a""","Thu, 16 Jul 2026 22:01:07 GMT",2026-10-03T20:22:14.693612+00:00,
page,a05da8537db73835,https://mooreburkina.com/libraries/pdfjs-dist-viewer-min/build/minified/web/viewer.html?file=%2Fsites%2Fwww.mooreburkina.com%2Ffiles%2Fpdf-files%2FBambara%2520Oiseaux.pdf,https://mooreburkina.com/libraries/pdfjs-dist-viewer-min/build/minified/web/viewer.html?file=%2Fsites%2Fwww.mooreburkina.com%2Ffiles%2Fpdf-files%2FBambara%2520Oiseaux.pdf,PDF.js viewer,moore,,book_document,html_page,.html,downloaded,pages/moore/general/book_document/a05da8537db73835.html;pages/moore/general/book_document/a05da8537db73835.txt,28538,0205d2a47f866d7cdbbf3bd2e51b4d0be1ad37009e4e2329c9ca9125cadf9622,text/html,200,"W/""6a5954a3-6f7a""","Thu, 16 Jul 2026 22:01:07 GMT",2026-10-03T20:22:15.091770+00:00,
page,7f91bbf20b0e8550,https://mooreburkina.com/libraries/pdfjs-dist-viewer-min/build/minified/web/viewer.html?file=%2Fsites%2Fwww.mooreburkina.com%2Ffiles%2Fpdf-files%2FBambara%2520Reptiles%2520et%2520Amphibiens.pdf,https://mooreburkina.com/libraries/pdfjs-dist-viewer-min/build/minified/web/viewer.html?file=%2Fsites%2Fwww.mooreburkina.com%2Ffiles%2Fpdf-files%2FBambara%2520Reptiles%2520et%2520Amphibiens.pdf,PDF.js viewer,moore,,book_document,html_page,.html,downloaded,pages/moore/general/book_document/7f91bbf20b0e8550.html;pages/moore/general/book_document/7f91bbf20b0e8550.txt,28538,0205d2a47f866d7cdbbf3bd2e51b4d0be1ad37009e4e2329c9ca9125cadf9622,text/html,200,"W/""6a5954a3-6f7a""","Thu, 16 Jul 2026 22:01:07 GMT",2026-10-03T20:22:15.490179+00:00,
page,bce8042dd30c7245,https://mooreburkina.com/libraries/pdfjs-dist-viewer-min/build/minified/web/viewer.html?file=%2Fsites%2Fwww.mooreburkina.com%2Ffiles%2Fpdf-files%2FBambara%2520arbres_0.pdf,https://mooreburkina.com/libraries/pdfjs-dist-viewer-min/build/minified/web/viewer.html?file=%2Fsites%2Fwww.mooreburkina.com%2Ffiles%2Fpdf-files%2FBambara%2520arbres_0.pdf,PDF.js viewer,moore,,book_document,html_page,.html,downloaded,pages/moore/general/book_document/bce8042dd30c7245.html;pages/moore/general/book_document/bce8042dd30c7245.txt,28538,0205d2a47f866d7cdbbf3bd2e51b4d0be1ad37009e4e2329c9ca9125cadf9622,text/html,200,"W/""6a5954a3-6f7a""","Thu, 16 Jul 2026 22:01:07 GMT",2026-10-03T20:22:15.889354+00:00,
page,a5d50ccb93955116,https://mooreburkina.com/libraries/pdfjs-dist-viewer-min/build/minified/web/viewer.html?file=%2Fsites%2Fwww.mooreburkina.com%2Ffiles%2Fpdf-files%2FBambara%2520insectes%2520et%2520araign%25C3%25A9es.pdf,https://mooreburkina.com/libraries/pdfjs-dist-viewer-min/build/minified/web/viewer.html?file=%2Fsites%2Fwww.mooreburkina.com%2Ffiles%2Fpdf-files%2FBambara%2520insectes%2520et%2520araign%25C3%25A9es.pdf,PDF.js viewer,moore,,book_document,html_page,.html,downloaded,pages/moore/general/book_document/a5d50ccb93955116.html;pages/moore/general/book_document/a5d50ccb93955116.txt,28538,0205d2a47f866d7cdbbf3bd2e51b4d0be1ad37009e4e2329c9ca9125cadf9622,text/html,200,"W/""6a5954a3-6f7a""","Thu, 16 Jul 2026 22:01:07 GMT",2026-10-03T20:22:16.300264+00:00,
page,d74e6367914fcff9,https://mooreburkina.com/libraries/pdfjs-dist-viewer-min/build/minified/web/viewer.html?file=%2Fsites%2Fwww.mooreburkina.com%2Ffiles%2Fpdf-files%2FBambara%2520poissons.pdf,https://mooreburkina.com/libraries/pdfjs-dist-viewer-min/build/minified/web/viewer.html?file=%2Fsites%2Fwww.mooreburkina.com%2Ffiles%2Fpdf-files%2FBambara%2520poissons.pdf,PDF.js viewer,moore,,book_document,html_page,.html,downloaded,pages/moore/general/book_document/d74e6367914fcff9.html;pages/moore/general/book_document/d74e6367914fcff9.txt,28538,0205d2a47f866d7cdbbf3bd2e51b4d0be1ad37009e4e2329c9ca9125cadf9622,text/html,200,"W/""6a5954a3-6f7a""","Thu, 16 Jul 2026 22:01:07 GMT",2026-10-03T20:22:16.696884+00:00,
page,5b46b9f82c680456,https://mooreburkina.com/sites/mooreburkina.af2.wfbuild.net/files/Diction%20exe/Farefare%20-%20Ninkare%20Lexique%20Pro%20Setup.exe,https://mooreburkina.com/sites/mooreburkina.af2.wfbuild.net/files/Diction%20exe/Farefare%20-%20Ninkare%20Lexique%20Pro%20Setup.exe,404 Not Found,moore,,dictionary,html_page,.html,error,pages/moore/general/dictionary/5b46b9f82c680456.html,,,text/html,404,,,,HTTPError: 404 Client Error: Not Found for url: https://mooreburkina.com/sites/mooreburkina.af2.wfbuild.net/files/Diction%20exe/Farefare%20-%20Ninkare%20Lexique%20Pro%20Setup.exe
page,5a36e744cc81395b,https://mooreburkina.com/sites/mooreburkina.af2.wfbuild.net/files/Diction%20exe/Kassem%20-%20Lexique%20Pro%20Setup.exe,https://mooreburkina.com/sites/mooreburkina.af2.wfbuild.net/files/Diction%20exe/Kassem%20-%20Lexique%20Pro%20Setup.exe,404 Not Found,moore,,dictionary,html_page,.html,error,pages/moore/general/dictionary/5a36e744cc81395b.html,,,text/html,404,,,,HTTPError: 404 Client Error: Not Found for url: https://mooreburkina.com/sites/mooreburkina.af2.wfbuild.net/files/Diction%20exe/Kassem%20-%20Lexique%20Pro%20Setup.exe
page,633c8e2a9c84cf93,https://mooreburkina.com/sites/mooreburkina.af2.wfbuild.net/files/Diction%20exe/Kusaal%20-%20Lexique%20Pro%20Setup.exe,https://mooreburkina.com/sites/mooreburkina.af2.wfbuild.net/files/Diction%20exe/Kusaal%20-%20Lexique%20Pro%20Setup.exe,404 Not Found,moore,,dictionary,html_page,.html,error,pages/moore/general/dictionary/633c8e2a9c84cf93.html,,,text/html,404,,,,HTTPError: 404 Client Error: Not Found for url: https://mooreburkina.com/sites/mooreburkina.af2.wfbuild.net/files/Diction%20exe/Kusaal%20-%20Lexique%20Pro%20Setup.exe
page,ff06395e428ffa92,https://mooreburkina.com/sites/mooreburkina.af2.wfbuild.net/files/Diction%20exe/San%20du%20sud%20-%20Lexique%20Pro%20Setup.exe,https://mooreburkina.com/sites/mooreburkina.af2.wfbuild.net/files/Diction%20exe/San%20du%20sud%20-%20Lexique%20Pro%20Setup.exe,404 Not Found,moore;san,,dictionary,html_page,.html,error,pages/multilingual__moore_san/general/dictionary/ff06395e428ffa92.html,,,text/html,404,,,,HTTPError: 404 Client Error: Not Found for url: https://mooreburkina.com/sites/mooreburkina.af2.wfbuild.net/files/Diction%20exe/San%20du%20sud%20-%20Lexique%20Pro%20Setup.exe
