anchor_text,collection,content_type,download_status,extension,external_host,http_status,language,notes,page_title,resource_id,resource_type,resource_url,source_page,tag,variant
,other,application/octet-stream,reference_only,,mooreburkina.com,200,,discovered_as_non_html_page,,a2ddfc65cc022ca3,link,https://mooreburkina.com/sites/www.mooreburkina.com/files/Agole%20Kusaal%20-%20Lexique%20Pro%20Setup.exe,https://mooreburkina.com/sites/www.mooreburkina.com/files/Agole%20Kusaal%20-%20Lexique%20Pro%20Setup.exe,direct,
,other,application/octet-stream,reference_only,,mooreburkina.com,200,,discovered_as_non_html_page,,1a7e8702ac6bda74,link,https://mooreburkina.com/sites/www.mooreburkina.com/files/Bamanan%20-%20Lexique%20Pro%20Setup_0.exe,https://mooreburkina.com/sites/www.mooreburkina.com/files/Bamanan%20-%20Lexique%20Pro%20Setup_0.exe,direct,
,other,application/octet-stream,reference_only,,mooreburkina.com,200,,discovered_as_non_html_page,,03f1ebcc57fd2a59,link,https://mooreburkina.com/sites/www.mooreburkina.com/files/Buli%20-%20Lexique%20Pro%20Setup.exe,https://mooreburkina.com/sites/www.mooreburkina.com/files/Buli%20-%20Lexique%20Pro%20Setup.exe,direct,
,other,application/octet-stream,reference_only,,mooreburkina.com,200,,discovered_as_non_html_page,,d9ff2a6e193c2eb6,link,https://mooreburkina.com/sites/www.mooreburkina.com/files/Dagara%20wul%C3%A9%20-%20Lexique%20Pro%20Setup.exe,https://mooreburkina.com/sites/www.mooreburkina.com/files/Dagara%20wul%C3%A9%20-%20Lexique%20Pro%20Setup.exe,direct,
,other,application/octet-stream,reference_only,,mooreburkina.com,200,,discovered_as_non_html_page,,45e1034cb6b2af77,link,https://mooreburkina.com/sites/www.mooreburkina.com/files/Dagbani%20-%20Lexique%20Pro%20Setup.exe,https://mooreburkina.com/sites/www.mooreburkina.com/files/Dagbani%20-%20Lexique%20Pro%20Setup.exe,direct,
,other,application/octet-stream,reference_only,,mooreburkina.com,200,,discovered_as_non_html_page,,b90ed7343f4ebd40,link,https://mooreburkina.com/sites/www.mooreburkina.com/files/Diction%20exe/Dioula%20-%20Lexique%20Pro%20Setup.exe,https://mooreburkina.com/sites/www.mooreburkina.com/files/Diction%20exe/Dioula%20-%20Lexique%20Pro%20Setup.exe,direct,
,other,application/octet-stream,reference_only,,mooreburkina.com,200,,discovered_as_non_html_page,,ce0b29f2c25cc571,link,https://mooreburkina.com/sites/www.mooreburkina.com/files/Diction%20exe/Farefare%20-%20Ninkare%20Lexique%20Pro%20Setup.exe,https://mooreburkina.com/sites/www.mooreburkina.com/files/Diction%20exe/Farefare%20-%20Ninkare%20Lexique%20Pro%20Setup.exe,direct,
,other,application/octet-stream,reference_only,,mooreburkina.com,200,,discovered_as_non_html_page,,13f90a68bcaaeb6d,link,https://mooreburkina.com/sites/www.mooreburkina.com/files/Diction%20exe/Fulfulde-BF%20-%20Lexique%20Pro%20Setup.exe,https://mooreburkina.com/sites/www.mooreburkina.com/files/Diction%20exe/Fulfulde-BF%20-%20Lexique%20Pro%20Setup.exe,direct,
,other,application/octet-stream,reference_only,,mooreburkina.com,200,,discovered_as_non_html_page,,9a9202c0ba2e8250,link,https://mooreburkina.com/sites/www.mooreburkina.com/files/Diction%20exe/Gourmanch%C3%A9ma%20-%20Lexique%20Pro%20Setup.exe,https://mooreburkina.com/sites/www.mooreburkina.com/files/Diction%20exe/Gourmanch%C3%A9ma%20-%20Lexique%20Pro%20Setup.exe,direct,
,other,application/octet-stream,reference_only,,mooreburkina.com,200,,discovered_as_non_html_page,,2471308ace1bb6e6,link,https://mooreburkina.com/sites/www.mooreburkina.com/files/Diction%20exe/Kassem%20-%20Lexique%20Pro%20Setup.exe,https://mooreburkina.com/sites/www.mooreburkina.com/files/Diction%20exe/Kassem%20-%20Lexique%20Pro%20Setup.exe,direct,
,other,application/octet-stream,reference_only,,mooreburkina.com,200,,discovered_as_non_html_page,,d1a5da6b01c56e34,link,https://mooreburkina.com/sites/www.mooreburkina.com/files/Diction%20exe/Kusaal%20-%20Lexique%20Pro%20Setup.exe,https://mooreburkina.com/sites/www.mooreburkina.com/files/Diction%20exe/Kusaal%20-%20Lexique%20Pro%20Setup.exe,direct,
,other,application/octet-stream,reference_only,,mooreburkina.com,200,,discovered_as_non_html_page,,7a6eaf6dd9f33e36,link,https://mooreburkina.com/sites/www.mooreburkina.com/files/Diction%20exe/Lobiri%20-%20Lexique%20Pro%20Setup.exe,https://mooreburkina.com/sites/www.mooreburkina.com/files/Diction%20exe/Lobiri%20-%20Lexique%20Pro%20Setup.exe,direct,
,other,application/octet-stream,reference_only,,mooreburkina.com,200,,discovered_as_non_html_page,,3c7b2c4e98b2db3e,link,https://mooreburkina.com/sites/www.mooreburkina.com/files/Diction%20exe/Moore%20-%20Lexique%20Pro%20Setup.exe,https://mooreburkina.com/sites/www.mooreburkina.com/files/Diction%20exe/Moore%20-%20Lexique%20Pro%20Setup.exe,direct,
,other,application/octet-stream,reference_only,,mooreburkina.com,200,,discovered_as_non_html_page,,99ba1d964d78811e,link,https://mooreburkina.com/sites/www.mooreburkina.com/files/Diction%20exe/San%20du%20sud%20-%20Lexique%20Pro%20Setup.exe,https://mooreburkina.com/sites/www.mooreburkina.com/files/Diction%20exe/San%20du%20sud%20-%20Lexique%20Pro%20Setup.exe,direct,
,other,application/octet-stream,reference_only,,mooreburkina.com,200,,discovered_as_non_html_page,,880c67fa2bc5aaf2,link,https://mooreburkina.com/sites/www.mooreburkina.com/files/Dioula%20-%20Lexique%20Pro%20Setup.exe,https://mooreburkina.com/sites/www.mooreburkina.com/files/Dioula%20-%20Lexique%20Pro%20Setup.exe,direct,
,other,application/octet-stream,reference_only,,mooreburkina.com,200,,discovered_as_non_html_page,,18c1bb30934c6d6e,link,https://mooreburkina.com/sites/www.mooreburkina.com/files/Fulfulde-BF%20-%20Lexique%20Pro%20Setup.exe,https://mooreburkina.com/sites/www.mooreburkina.com/files/Fulfulde-BF%20-%20Lexique%20Pro%20Setup.exe,direct,
,other,application/octet-stream,reference_only,,mooreburkina.com,200,,discovered_as_non_html_page,,c0fe9832a3f611e9,link,https://mooreburkina.com/sites/www.mooreburkina.com/files/Guren%C9%9B%20-%20Lexique%20Pro%20Setup.exe,https://mooreburkina.com/sites/www.mooreburkina.com/files/Guren%C9%9B%20-%20Lexique%20Pro%20Setup.exe,direct,
,other,application/octet-stream,reference_only,,mooreburkina.com,200,,discovered_as_non_html_page,,2e734db251ffdda8,link,https://mooreburkina.com/sites/www.mooreburkina.com/files/Karaboro%20-%20Lexique%20Pro%20Setup.exe,https://mooreburkina.com/sites/www.mooreburkina.com/files/Karaboro%20-%20Lexique%20Pro%20Setup.exe,direct,
,other,application/octet-stream,reference_only,,mooreburkina.com,200,,discovered_as_non_html_page,,8c62d15dc697e76e,link,https://mooreburkina.com/sites/www.mooreburkina.com/files/Kasem%20Ghana%20-%20Lexique%20Pro%20Setup.exe,https://mooreburkina.com/sites/www.mooreburkina.com/files/Kasem%20Ghana%20-%20Lexique%20Pro%20Setup.exe,direct,
,other,application/octet-stream,reference_only,,mooreburkina.com,200,,discovered_as_non_html_page,,0961b3ff89802b92,link,https://mooreburkina.com/sites/www.mooreburkina.com/files/Kusaal%20Tonde-%20Lexique%20Pro%20Setup.exe,https://mooreburkina.com/sites/www.mooreburkina.com/files/Kusaal%20Tonde-%20Lexique%20Pro%20Setup.exe,direct,
,other,application/octet-stream,reference_only,,mooreburkina.com,200,,discovered_as_non_html_page,,2ea01ff23848d847,link,https://mooreburkina.com/sites/www.mooreburkina.com/files/Mampruli%20-%20Lexique%20Pro%20Setup.exe,https://mooreburkina.com/sites/www.mooreburkina.com/files/Mampruli%20-%20Lexique%20Pro%20Setup.exe,direct,
,other,application/octet-stream,reference_only,,mooreburkina.com,200,,discovered_as_non_html_page,,beb8483bdac91904,link,https://mooreburkina.com/sites/www.mooreburkina.com/files/Moor%C3%A9%20-%20Lexique%20Pro%20Setup.exe,https://mooreburkina.com/sites/www.mooreburkina.com/files/Moor%C3%A9%20-%20Lexique%20Pro%20Setup.exe,direct,
,other,application/octet-stream,reference_only,,mooreburkina.com,200,,discovered_as_non_html_page,,61ddc03a636f544e,link,https://mooreburkina.com/sites/www.mooreburkina.com/files/Moore%20-%20Lexique%20Pro%20Setup.exe,https://mooreburkina.com/sites/www.mooreburkina.com/files/Moore%20-%20Lexique%20Pro%20Setup.exe,direct,
,other,application/octet-stream,reference_only,,mooreburkina.com,200,,discovered_as_non_html_page,,dee7a750bf3701b8,link,https://mooreburkina.com/sites/www.mooreburkina.com/files/San%20Matya%20-%20Lexique%20Pro%20Setup.exe,https://mooreburkina.com/sites/www.mooreburkina.com/files/San%20Matya%20-%20Lexique%20Pro%20Setup.exe,direct,
,book_document,,skipped_type,.webp,,,dioula;english;french;moore,,Documents dioula | Mooré Burkina Faso,43c1dcb9260415ca,image,https://mooreburkina.com/sites/www.mooreburkina.com/files/styles/max_750x750/public/pdf-files/02%20Dioula%20-%20fran%C3%A7ais%20-%20English.jpg.webp?itok=gVDMTovP,https://mooreburkina.com/fr/dioula/documents-dioula,img,
,book_document,,skipped_type,.webp,,,dioula;english;french;moore,,Documents dioula | Mooré Burkina Faso,b29985e4ae9dbe97,image,https://mooreburkina.com/sites/www.mooreburkina.com/files/styles/max_750x750/public/pdf-files/Animaux%20Dioula-fran%C3%A7ais-anglais.jpg.webp?itok=shhG9WKK,https://mooreburkina.com/fr/dioula/documents-dioula,img,
,book_document,,skipped_type,.webp,,,dioula;english;french;moore,,Documents dioula | Mooré Burkina Faso,8198d8f0007c2a7e,image,https://mooreburkina.com/sites/www.mooreburkina.com/files/styles/max_750x750/public/pdf-files/Corps%20humain%20dioula-fran%C3%A7ais-anglais.jpg.webp?itok=HzEenZSa,https://mooreburkina.com/fr/dioula/documents-dioula,img,
Dictionnaire Bambara Français - English - Deutsch.pdf,dictionary,,skipped_type,.webp,,,dioula;english;french;moore,,Documents dioula | Mooré Burkina Faso,3d602df7fc9867ae,image,https://mooreburkina.com/sites/www.mooreburkina.com/files/styles/medium/public/pdf-files/Bambara%20Lexicon.pdf.jpg.webp?itok=V6trrPRi,https://mooreburkina.com/fr/dioula/documents-dioula,img,
Animaux Dioula-français-anglais-allemand.pdf,image_culture,,reference_only,,,,dioula;english;french;moore,,Documents dioula | Mooré Burkina Faso,8b226a832653c69d,video_or_embed,https://mooreburkina.com/libraries/pdfjs-dist-viewer-min/build/minified/web/viewer.html?file=https%3A%2F%2Fmooreburkina.com%2Fsites%2Fwww.mooreburkina.com%2Ffiles%2Fpdf-files%2FAnimaux%2520Dioula-fran%25C3%25A7ais-anglais-allemand.pdf,https://mooreburkina.com/fr/dioula/documents-dioula,iframe,
Corps humain dioula-français-anglais-allemand.pdf,book_document,,reference_only,,,,dioula;english;french;moore,,Documents dioula | Mooré Burkina Faso,071c18e88be0000b,video_or_embed,https://mooreburkina.com/libraries/pdfjs-dist-viewer-min/build/minified/web/viewer.html?file=https%3A%2F%2Fmooreburkina.com%2Fsites%2Fwww.mooreburkina.com%2Ffiles%2Fpdf-files%2FCorps%2520humain%2520dioula-fran%25C3%25A7ais-anglais-allemand.pdf,https://mooreburkina.com/fr/dioula/documents-dioula,iframe,
Dioula Agriculture français - anglais - allemand.pdf,book_document,,reference_only,,,,dioula;english;french;moore,,Documents dioula | Mooré Burkina Faso,d751ebef2bd82a8d,video_or_embed,https://mooreburkina.com/libraries/pdfjs-dist-viewer-min/build/minified/web/viewer.html?file=https%3A%2F%2Fmooreburkina.com%2Fsites%2Fwww.mooreburkina.com%2Ffiles%2Fpdf-files%2FDioula%2520Agriculture%2520fran%25C3%25A7ais%2520-%2520anglais%2520-%2520allemand.pdf,https://mooreburkina.com/fr/dioula/documents-dioula,iframe,
,dictionary,,external_reference,,www.webonary.org,,dioula;english;french;moore,,Dictionnaire dioula en-ligne | Mooré Burkina Faso,68eeee1e5fe023a8,video_or_embed,https://www.webonary.org/dioula-bf/,https://mooreburkina.com/fr/dictionnaire-moor%C3%A9/dictionnaire-dioula-fran%C3%A7ais-english,iframe,
,other,,external_reference,,play.google.com,,dioula;english;fulfulde;moore,,Dioula | Mooré Burkina Faso,fae8c22fd4e5b697,app_store,https://play.google.com/store/apps/details?id=com.mogoya.julakan.bamnankan.francais.english&hl=fr,https://mooreburkina.com/fr/dioula-fulfulde;https://mooreburkina.com/fr/dioula/applis-en-dioula-jula,a,
,book_document,,skipped_type,.webp,,,dioula;english;moore,,Documents dioula | Mooré Burkina Faso,2b2669570222c843,image,https://mooreburkina.com/sites/www.mooreburkina.com/files/styles/max_750x750/public/pdf-files/02%20Index%20English%20-%20Dioula.jpg.webp?itok=CMHv7EqC,https://mooreburkina.com/fr/dioula/documents-dioula,img,
Bambara - English Index.pdf,book_document,,skipped_type,.webp,,,dioula;english;moore,,Documents dioula | Mooré Burkina Faso,2da005eb3c0bbc56,image,https://mooreburkina.com/sites/www.mooreburkina.com/files/styles/medium/public/pdf-files/Bambara%20-%20English%20Index.pdf.jpg.webp?itok=6BV8IbGk,https://mooreburkina.com/fr/dioula/documents-dioula,img,
,folktale,,external_reference,,media.ipsapps.org,,dioula;french;fulfulde;moore,,Proverbes dioula et français | Mooré Burkina Faso,640ae2c75dca5bcd,external_interactive,https://media.ipsapps.org/dyu/ora/p1/,https://mooreburkina.com/fr/dioula-fulfulde/contes-dioula-et-fran%C3%A7ais,iframe,
29 Proverbes dioula dioula sur Play Store,folktale,,skipped_type,.webp,,,dioula;french;fulfulde;moore,,Proverbes dioula et français | Mooré Burkina Faso,d8df5f071e0c11a1,image,https://mooreburkina.com/sites/www.mooreburkina.com/files/styles/max_750x750/public/2024-07/29%20Proverbes%20dioula%20dioula%20sur%20Play%20Store.jpg.webp?itok=vrjb9Hha,https://mooreburkina.com/fr/dioula-fulfulde/contes-dioula-et-fran%C3%A7ais;https://mooreburkina.com/fr/dioula/applis-en-dioula-jula,img,
,book_document,,skipped_type,.webp,,,dioula;french;moore,,Documents dioula | Mooré Burkina Faso,2842529a7ada7496,image,https://mooreburkina.com/sites/www.mooreburkina.com/files/styles/max_750x750/public/pdf-files/02%20Index%20Fran%C3%A7ais%20-%20Dioula.jpg.webp?itok=xWpRP-HF,https://mooreburkina.com/fr/dioula/documents-dioula,img,
Bambara - Français Index (français).pdf,book_document,,skipped_type,.webp,,,dioula;french;moore,,Documents dioula | Mooré Burkina Faso,c7fcbbb8c05b9029,image,https://mooreburkina.com/sites/www.mooreburkina.com/files/styles/medium/public/pdf-files/Bambara%20-%20Fran%C3%A7ais%20Index%20%28fran%C3%A7ais%29.pdf.jpg.webp?itok=8m8Ur-II,https://mooreburkina.com/fr/dioula/documents-dioula,img,
,other,,external_reference,,play.google.com,,dioula;fulfulde;moore,,Dioula | Mooré Burkina Faso,ed9b2fdc914d1cce,app_store,https://play.google.com/store/apps/details?id=com.femme.de.voix.musokan&hl=fr,https://mooreburkina.com/fr/dioula-fulfulde;https://mooreburkina.com/fr/dioula/applis-en-dioula-jula,a,
https://play.google.com/store/search?q=musokan&c=apps&hl=fr,other,,external_reference,,play.google.com,,dioula;fulfulde;moore,,Dioula | Mooré Burkina Faso,4ee0815fd0b62069,app_store,https://play.google.com/store/search?q=musokan&c=apps&hl=fr,https://mooreburkina.com/fr/dioula-fulfulde,a,
,folktale,,external_reference,,media.ipsapps.org,,dioula;fulfulde;moore,,Contes lus en fulfulde vol 4 | Mooré Burkina Faso,0ac9d880606ef51f,external_interactive,https://media.ipsapps.org/fuh/ora/co7/,https://mooreburkina.com/fr/fulfulde/proverbes-dioula-vol-4,iframe,
Musiciens dioula,other,,skipped_type,.webp,,,dioula;fulfulde;moore,,Dioula | Mooré Burkina Faso,9999e88a3b424bc1,image,https://mooreburkina.com/sites/www.mooreburkina.com/files/styles/max_750x750/public/2023-12/01%20dioula.jpg.webp?itok=Q3pQzyPQ,https://mooreburkina.com/fr/dioula-fulfulde,img,
Mosquee a Bobo,other,,skipped_type,.webp,,,dioula;fulfulde;moore,,Dioula | Mooré Burkina Faso,50f4caf344d7a89c,image,https://mooreburkina.com/sites/www.mooreburkina.com/files/styles/max_750x750/public/2023-12/03%20dioula.jpg.webp?itok=mgPf8duR,https://mooreburkina.com/fr/dioula-fulfulde,img,
fruits au marche Bobo,religious,,skipped_type,.webp,,,dioula;fulfulde;moore,,Dioula | Mooré Burkina Faso,7afdb15da435fc6b,image,https://mooreburkina.com/sites/www.mooreburkina.com/files/styles/max_750x750/public/2023-12/06%20dioula.jpg.webp?itok=vUXCgMNn,https://mooreburkina.com/fr/dioula-fulfulde,img,
fille au marche de Bobo,religious,,skipped_type,.webp,,,dioula;fulfulde;moore,,Dioula | Mooré Burkina Faso,10ca4b239cc0c75f,image,https://mooreburkina.com/sites/www.mooreburkina.com/files/styles/max_750x750/public/2023-12/Gaoua2007%20128.jpg.webp?itok=keqggrqp,https://mooreburkina.com/fr/dioula-fulfulde,img,
Dioula Mogoya sur Play Store2.jpg,app,,skipped_type,.webp,,,dioula;fulfulde;moore,,Dioula | Mooré Burkina Faso,b6a3a28324a085c7,image,https://mooreburkina.com/sites/www.mooreburkina.com/files/styles/max_750x750/public/2025-02/Dioula%20Mogoya%20sur%20Play%20Store.jpg.webp?itok=4vv1XTwQ,https://mooreburkina.com/fr/dioula-fulfulde;https://mooreburkina.com/fr/dioula/applis-en-dioula-jula,img,
Musokan 1 Play Store.jpg,app,,skipped_type,.webp,,,dioula;fulfulde;moore,,Dioula | Mooré Burkina Faso,2a73f41f439b07db,image,https://mooreburkina.com/sites/www.mooreburkina.com/files/styles/max_750x750/public/2026-02/Musokan%201%20Play%20Store.jpg.webp?itok=O-PArTk1,https://mooreburkina.com/fr/dioula-fulfulde;https://mooreburkina.com/fr/dioula/applis-en-dioula-jula,img,
,other,application/x-mpegURL,reference_only,,,,dioula;fulfulde;moore,,Dioula | Mooré Burkina Faso,504ff4f4e4fd6693,link,https://mooreburkina.com/sites/www.mooreburkina.com/files/media_stream/streams/hls_standard_video/590.m3u8,https://mooreburkina.com/fr/dioula-fulfulde,source,
mp4 (150px),other,,skipped_type,.mp4,,,dioula;fulfulde;moore,,Dioula | Mooré Burkina Faso,a3358a3ab9e1e750,video,https://mooreburkina.com/sites/www.mooreburkina.com/files/media_stream/encodings/video_download_mp4_150/590-.mp4,https://mooreburkina.com/fr/dioula-fulfulde,a,
mp4 (taille originale),other,,skipped_type,.mp4,,,dioula;fulfulde;moore,,Dioula | Mooré Burkina Faso,dcb9f9c81e43844c,video,https://mooreburkina.com/sites/www.mooreburkina.com/files/media_stream/encodings/video_download_mp4_orig_qual/590-.mp4,https://mooreburkina.com/fr/dioula-fulfulde,a,
15 Applis en dioula 2024.pdf,app,,reference_only,,,,dioula;fulfulde;moore,,Dioula | Mooré Burkina Faso,bc45802fd3d2d3b9,video_or_embed,https://mooreburkina.com/libraries/pdfjs-dist-viewer-min/build/minified/web/viewer.html?file=https%3A%2F%2Fmooreburkina.com%2Fsites%2Fwww.mooreburkina.com%2Ffiles%2Fpdf-files%2F15%2520Applis%2520en%2520dioula%25202024.pdf,https://mooreburkina.com/fr/dioula-fulfulde,iframe,
Dioula Apps 2024a.pdf,book_document,,reference_only,,,,dioula;fulfulde;moore,,Dioula | Mooré Burkina Faso,e9ca5b7a8bc34ceb,video_or_embed,https://mooreburkina.com/libraries/pdfjs-dist-viewer-min/build/minified/web/viewer.html?file=https%3A%2F%2Fmooreburkina.com%2Fsites%2Fwww.mooreburkina.com%2Ffiles%2Fpdf-files%2FDioula%2520Apps%25202024a.pdf,https://mooreburkina.com/fr/dioula-fulfulde,iframe,
- cliquez Appli Dictionnaire Dioula,dictionary,,skipped_type,.apk,,,dioula;moore,,Mooré Burkina Faso,cddebe122288a88f,app,https://mooreburkina.com/sites/www.mooreburkina.com/files/Dictio%20apk/Dioula_Dictionary-3.0.apk,https://mooreburkina.com/;https://mooreburkina.com/fr;https://mooreburkina.com/fr/bienvenu-au-pays-mossi;https://mooreburkina.com/fr/dictionnaire-moor%C3%A9;https://mooreburkina.com/fr/dictionnaire-moor%C3%A9/aplications-de-dictionnaires-pour-ordinateur;https://mooreburkina.com/fr/dioula-fulfulde,a,
,app,,external_reference,,apps.apple.com,,dioula;moore,,Applis en dioula | Mooré Burkina Faso,822939cc1c10dcda,app_store,https://apps.apple.com/us/app/dioula-contes/id1594884613,https://mooreburkina.com/fr/applications-smartphone/applis-en-dioula;https://mooreburkina.com/fr/dioula/contes-dioula-avec-audio-vol-4,a,
,app,,external_reference,,apps.apple.com,,dioula;moore,,Applis en dioula / jula | Mooré Burkina Faso,8f54b82f5c886bac,app_store,https://apps.apple.com/us/app/dioula-contes/id1594884613?platform=iphone,https://mooreburkina.com/fr/dioula/applis-en-dioula-jula,a,
,app,,external_reference,,apps.apple.com,,dioula;moore,,Applis en dioula | Mooré Burkina Faso,5d01c56f1148d6bc,app_store,https://apps.apple.com/us/app/dioula-dictionary/id1596478703?platform=iphone,https://mooreburkina.com/fr/applications-smartphone/applis-en-dioula;https://mooreburkina.com/fr/dioula/applis-en-dioula-jula,a,
,app,,external_reference,,apps.apple.com,,dioula;moore,,Applis en dioula / jula | Mooré Burkina Faso,0e7efde8b83951ac,app_store,https://apps.apple.com/us/app/dioula-proverbes/id6449250557?platform=iphone,https://mooreburkina.com/fr/dioula/applis-en-dioula-jula,a,
,app,,external_reference,,apps.apple.com,,dioula;moore,,Applis en dioula | Mooré Burkina Faso,0bd55ee79813d335,app_store,https://apps.apple.com/us/app/sagesse-bambara/id6760750578,https://mooreburkina.com/fr/applications-smartphone/applis-en-dioula,a,
,folktale,,external_reference,,play.google.com,,dioula;moore,,Contes dioula avec audio vol. 4 | Mooré Burkina Faso,0a6220be94a3360c,app_store,https://play.google.com/store/apps/details?id=com.contes.dioula.quatre&hl=fr,https://mooreburkina.com/fr/dioula/applis-en-dioula-jula;https://mooreburkina.com/fr/dioula/contes-dioula-avec-audio-vol-4,a,
,app,,external_reference,,play.google.com,,dioula;moore,,Applis en dioula | Mooré Burkina Faso,8093602004bb9cc4,app_store,https://play.google.com/store/apps/details?id=com.contes14.dioula.keita&hl=fr,https://mooreburkina.com/fr/applications-smartphone/applis-en-dioula;https://mooreburkina.com/fr/dioula/applis-en-dioula-jula;https://mooreburkina.com/fr/dioula/contes-en-dioula-avec-audio-volume-2,a,
,dictionary,,external_reference,,play.google.com,,dioula;moore,,Applications de dictionnaires | Mooré Burkina Faso,8589d5685535e58c,app_store,https://play.google.com/store/apps/details?id=com.deut.fran.engl.jula.dictionary&hl=fr,https://mooreburkina.com/fr/applications-smartphone/applis-en-dioula;https://mooreburkina.com/fr/dictionnaire-moor%C3%A9/aplications-de-dictionnaires-pour-ordinateur;https://mooreburkina.com/fr/dioula/applis-en-dioula-jula,a,
,app,,external_reference,,play.google.com,,dioula;moore,,Applis en dioula | Mooré Burkina Faso,6089f06eca19523d,app_store,https://play.google.com/store/apps/details?id=com.deuxcent.dioula.proverbes&hl=fr,https://mooreburkina.com/fr/applications-smartphone/applis-en-dioula;https://mooreburkina.com/fr/dioula/applis-en-dioula-jula,a,
,app,,external_reference,,play.google.com,,dioula;moore,,Applis en dioula | Mooré Burkina Faso,1e4b3ec17306f303,app_store,https://play.google.com/store/apps/details?id=com.dioula.contes.burkina&hl=fr,https://mooreburkina.com/fr/applications-smartphone/applis-en-dioula;https://mooreburkina.com/fr/dioula/5-contes-dioula;https://mooreburkina.com/fr/dioula/applis-en-dioula-jula,a,
,app,,external_reference,,play.google.com,,dioula;moore,,Applis en dioula | Mooré Burkina Faso,d85653ac9305c7e8,app_store,https://play.google.com/store/apps/details?id=com.dioula.parolededieu.burkinafaso&hl=fr,https://mooreburkina.com/fr/applications-smartphone/applis-en-dioula;https://mooreburkina.com/fr/dioula/applis-en-dioula-jula,a,
,poem,,external_reference,,play.google.com,,dioula;moore,,Poèmes en dioula | Mooré Burkina Faso,0be0f1e9a5849a71,app_store,https://play.google.com/store/apps/details?id=com.dioula.poemes.drame.adama&hl=fr,https://mooreburkina.com/fr/dioula/applis-en-dioula-jula;https://mooreburkina.com/fr/dioula/po%C3%A8mes-en-dioula,a,
,app,,external_reference,,play.google.com,,dioula;moore,,Applis en dioula | Mooré Burkina Faso,376ae35a596cc9cc,app_store,https://play.google.com/store/apps/details?id=com.dioulafacile.tome1.dakuyo&hl=fr,https://mooreburkina.com/fr/applications-smartphone/applis-en-dioula;https://mooreburkina.com/fr/dioula/applis-en-dioula-jula,a,
,app,,external_reference,,play.google.com,,dioula;moore,,Applis en dioula | Mooré Burkina Faso,a2ff1d095d510444,app_store,https://play.google.com/store/apps/details?id=com.dioulaproverbes.burkina&hl=fr,https://mooreburkina.com/fr/applications-smartphone/applis-en-dioula;https://mooreburkina.com/fr/dioula-fulfulde/contes-dioula-et-fran%C3%A7ais;https://mooreburkina.com/fr/dioula/applis-en-dioula-jula,a,
,app,,external_reference,,play.google.com,,dioula;moore,,Applis en dioula / jula | Mooré Burkina Faso,e3dfdbf0f94dffc7,app_store,https://play.google.com/store/apps/details?id=com.dioulaproverbes.coteivoire,https://mooreburkina.com/fr/dioula/applis-en-dioula-jula,a,
,app,,external_reference,,play.google.com,,dioula;moore,,Applis en dioula | Mooré Burkina Faso,d4a04bad6fd996d9,app_store,https://play.google.com/store/apps/details?id=com.fr.engl.bambara.sagesse&hl=fr,https://mooreburkina.com/fr/applications-smartphone/applis-en-dioula;https://mooreburkina.com/fr/dioula/applis-en-dioula-jula,a,
,proverb,,external_reference,,play.google.com,,dioula;moore,,Proverbes dioula vol 1 | Mooré Burkina Faso,e3f81ff038e61c7d,app_store,https://play.google.com/store/apps/details?id=com.sidibe.oumarou.dioula.prov&hl=fr,https://mooreburkina.com/fr/dioula/applis-en-dioula-jula;https://mooreburkina.com/fr/dioula/proverbes-lu-en-dioula-vol-1,a,
,proverb,,external_reference,,play.google.com,,dioula;moore,,Proverbes dioula vol 2 | Mooré Burkina Faso,d5d4f173c268deee,app_store,https://play.google.com/store/apps/details?id=com.sidibe.oumarou.dioula.prov2&hl=fr,https://mooreburkina.com/fr/dioula/applis-en-dioula-jula;https://mooreburkina.com/fr/dioula/proverbes-dioula-vol-3,a,
,app,,external_reference,,play.google.com,,dioula;moore,,Applis en dioula | Mooré Burkina Faso,e0ea5414982093b0,app_store,https://play.google.com/store/apps/details?id=coontes.dioula.vol2&hl=fr,https://mooreburkina.com/fr/applications-smartphone/applis-en-dioula;https://mooreburkina.com/fr/dioula/applis-en-dioula-jula;https://mooreburkina.com/fr/dioula/contes-en-dioula-avec-audio-volume-3,a,
,app,,external_reference,,play.google.com,,dioula;moore,,Applis en dioula | Mooré Burkina Faso,e7e93756623f0533,app_store,https://play.google.com/store/apps/details?id=org.cesirijala.dioula.poesie&hl=fr,https://mooreburkina.com/fr/applications-smartphone/applis-en-dioula;https://mooreburkina.com/fr/dioula/po%C3%A8mes-en-dioula,a,
,other,,external_reference,,play.google.com,,dioula;moore,,Dioula facile tome 1 | Mooré Burkina Faso,c4c9b7e8cafde789,app_store,https://play.google.com/store/search?q=dioula+facile+tome+1&c=apps&hl=fr,https://mooreburkina.com/fr/dioula/dioula-facile-tome-1,a,
,religious,,external_reference,,media.ipsapps.org,,dioula;moore,,La Parole de Dieu | Mooré Burkina Faso,cf8602bd943e8773,external_interactive,https://media.ipsapps.org/dyu-audio/osa/,https://mooreburkina.com/fr/dioula/la-parole-de-dieu,iframe,
,dictionary,,external_reference,,media.ipsapps.org,,dioula;moore,,Dictionnaire dioula en ligne | Mooré Burkina Faso,da6fb6898047cb2f,external_interactive,https://media.ipsapps.org/dyu/oda/,https://mooreburkina.com/fr/dictionnaire-dioula-en-ligne-0,iframe,
,folktale,,external_reference,,media.ipsapps.org,,dioula;moore,,"Contes en dioula avec audio, volume 3 | Mooré Burkina Faso",ffdf7fc145962384,external_interactive,https://media.ipsapps.org/dyu/ora/c03/,https://mooreburkina.com/fr/dioula/contes-en-dioula-avec-audio-volume-3,iframe,
,folktale,,external_reference,,media.ipsapps.org,,dioula;moore,,Contes dioula avec audio vol. 4 | Mooré Burkina Faso,1a93b5a67ab3dd04,external_interactive,https://media.ipsapps.org/dyu/ora/c04/,https://mooreburkina.com/fr/dioula/contes-dioula-avec-audio-vol-4,iframe,
,folktale,,external_reference,,media.ipsapps.org,,dioula;moore,,5 contes dioula | Mooré Burkina Faso,3bad583615bf9536,external_interactive,https://media.ipsapps.org/dyu/ora/co1/,https://mooreburkina.com/fr/dioula/5-contes-dioula,iframe,
,folktale,,external_reference,,media.ipsapps.org,,dioula;moore,,"Contes en dioula avec audio, volume 2 | Mooré Burkina Faso",1ed2fa6ed01a52a0,external_interactive,https://media.ipsapps.org/dyu/ora/co2/,https://mooreburkina.com/fr/dioula/contes-en-dioula-avec-audio-volume-2,iframe,
,other,,external_reference,,media.ipsapps.org,,dioula;moore,,Dioula facile tome 1 | Mooré Burkina Faso,96b0091e4f3617e4,external_interactive,https://media.ipsapps.org/dyu/ora/fac/,https://mooreburkina.com/fr/dioula/dioula-facile-tome-1,iframe,
,proverb,,external_reference,,media.ipsapps.org,,dioula;moore,,Proverbes dioula vol 1 | Mooré Burkina Faso,bf1b615d3ec7877d,external_interactive,https://media.ipsapps.org/dyu/ora/p2/,https://mooreburkina.com/fr/dioula/proverbes-lu-en-dioula-vol-1,iframe,
,proverb,,external_reference,,media.ipsapps.org,,dioula;moore,,Proverbes dioula vol 2 | Mooré Burkina Faso,07342129571cf062,external_interactive,https://media.ipsapps.org/dyu/ora/p3/,https://mooreburkina.com/fr/dioula/proverbes-dioula-vol-3,iframe,
,proverb,,external_reference,,media.ipsapps.org,,dioula;moore,,Proverbes dioula vol 3 | Mooré Burkina Faso,787c2c3b9692b6a3,external_interactive,https://media.ipsapps.org/dyu/ora/p4/,https://mooreburkina.com/fr/dioula/proverbes-dioula-vol-3-0,iframe,
,proverb,,external_reference,,media.ipsapps.org,,dioula;moore,,Proverbes dioula vol 4 | Mooré Burkina Faso,a3bc987c57ffcf3c,external_interactive,https://media.ipsapps.org/dyu/ora/p5/,https://mooreburkina.com/fr/dioula/proverbes-dioula-vol-4,iframe,
,poem,,external_reference,,media.ipsapps.org,,dioula;moore,,Poèmes en dioula | Mooré Burkina Faso,4311475fbfabcfff,external_interactive,https://media.ipsapps.org/dyu/ora/poeme/,https://mooreburkina.com/fr/dioula/po%C3%A8mes-en-dioula,iframe,
,religious,,skipped_type,.webp,,,dioula;moore,,Film Jésus en dioula | Mooré Burkina Faso,ecac1564f72ed3ce,image,https://mooreburkina.com/modules/custom/arclight/images/1_jf-0-0/1_jf-0-0.webp,https://mooreburkina.com/fr/dioula/film-j%C3%A9sus-en-dioula;https://mooreburkina.com/fr/film-jesus-en-fulfulde-massina-mali;https://mooreburkina.com/fr/fulfulde/j%C3%A9sus-parle-le-fulfulde;https://mooreburkina.com/fr/gulimancema/film-de-j%C3%A9sus-gulmancema,img,
,religious,,skipped_type,.webp,,,dioula;moore,,Film Jésus en dioula | Mooré Burkina Faso,b8900aa6c5bcad23,image,https://mooreburkina.com/modules/custom/arclight/images/1_jf-0-0/1_jf6101-0-0.webp,https://mooreburkina.com/fr/dioula/film-j%C3%A9sus-en-dioula;https://mooreburkina.com/fr/film-jesus-en-fulfulde-massina-mali;https://mooreburkina.com/fr/fulfulde/j%C3%A9sus-parle-le-fulfulde;https://mooreburkina.com/fr/gulimancema/film-de-j%C3%A9sus-gulmancema,img,
,religious,,skipped_type,.webp,,,dioula;moore,,Film Jésus en dioula | Mooré Burkina Faso,995beee47e3ee29c,image,https://mooreburkina.com/modules/custom/arclight/images/1_jf-0-0/1_jf6102-0-0.webp,https://mooreburkina.com/fr/dioula/film-j%C3%A9sus-en-dioula;https://mooreburkina.com/fr/film-jesus-en-fulfulde-massina-mali;https://mooreburkina.com/fr/fulfulde/j%C3%A9sus-parle-le-fulfulde;https://mooreburkina.com/fr/gulimancema/film-de-j%C3%A9sus-gulmancema,img,
,religious,,skipped_type,.webp,,,dioula;moore,,Film Jésus en dioula | Mooré Burkina Faso,9e9f8a57362563fd,image,https://mooreburkina.com/modules/custom/arclight/images/1_jf-0-0/1_jf6103-0-0.webp,https://mooreburkina.com/fr/dioula/film-j%C3%A9sus-en-dioula;https://mooreburkina.com/fr/film-jesus-en-fulfulde-massina-mali;https://mooreburkina.com/fr/fulfulde/j%C3%A9sus-parle-le-fulfulde;https://mooreburkina.com/fr/gulimancema/film-de-j%C3%A9sus-gulmancema,img,
,religious,,skipped_type,.webp,,,dioula;moore,,Film Jésus en dioula | Mooré Burkina Faso,0d1e4b370accd2c6,image,https://mooreburkina.com/modules/custom/arclight/images/1_jf-0-0/1_jf6104-0-0.webp,https://mooreburkina.com/fr/dioula/film-j%C3%A9sus-en-dioula;https://mooreburkina.com/fr/film-jesus-en-fulfulde-massina-mali;https://mooreburkina.com/fr/fulfulde/j%C3%A9sus-parle-le-fulfulde;https://mooreburkina.com/fr/gulimancema/film-de-j%C3%A9sus-gulmancema,img,
,religious,,skipped_type,.webp,,,dioula;moore,,Film Jésus en dioula | Mooré Burkina Faso,88ee7cd57c944563,image,https://mooreburkina.com/modules/custom/arclight/images/1_jf-0-0/1_jf6105-0-0.webp,https://mooreburkina.com/fr/dioula/film-j%C3%A9sus-en-dioula;https://mooreburkina.com/fr/film-jesus-en-fulfulde-massina-mali;https://mooreburkina.com/fr/fulfulde/j%C3%A9sus-parle-le-fulfulde;https://mooreburkina.com/fr/gulimancema/film-de-j%C3%A9sus-gulmancema,img,
,religious,,skipped_type,.webp,,,dioula;moore,,Film Jésus en dioula | Mooré Burkina Faso,8e20a0456edc194f,image,https://mooreburkina.com/modules/custom/arclight/images/1_jf-0-0/1_jf6106-0-0.webp,https://mooreburkina.com/fr/dioula/film-j%C3%A9sus-en-dioula;https://mooreburkina.com/fr/film-jesus-en-fulfulde-massina-mali;https://mooreburkina.com/fr/fulfulde/j%C3%A9sus-parle-le-fulfulde;https://mooreburkina.com/fr/gulimancema/film-de-j%C3%A9sus-gulmancema,img,
,religious,,skipped_type,.webp,,,dioula;moore,,Film Jésus en dioula | Mooré Burkina Faso,d5461f644767ce74,image,https://mooreburkina.com/modules/custom/arclight/images/1_jf-0-0/1_jf6107-0-0.webp,https://mooreburkina.com/fr/dioula/film-j%C3%A9sus-en-dioula;https://mooreburkina.com/fr/film-jesus-en-fulfulde-massina-mali;https://mooreburkina.com/fr/fulfulde/j%C3%A9sus-parle-le-fulfulde;https://mooreburkina.com/fr/gulimancema/film-de-j%C3%A9sus-gulmancema,img,
,religious,,skipped_type,.webp,,,dioula;moore,,Film Jésus en dioula | Mooré Burkina Faso,fc690653f859a4bd,image,https://mooreburkina.com/modules/custom/arclight/images/1_jf-0-0/1_jf6108-0-0.webp,https://mooreburkina.com/fr/dioula/film-j%C3%A9sus-en-dioula;https://mooreburkina.com/fr/film-jesus-en-fulfulde-massina-mali;https://mooreburkina.com/fr/fulfulde/j%C3%A9sus-parle-le-fulfulde;https://mooreburkina.com/fr/gulimancema/film-de-j%C3%A9sus-gulmancema,img,
,religious,,skipped_type,.webp,,,dioula;moore,,Film Jésus en dioula | Mooré Burkina Faso,58e099382ed9d465,image,https://mooreburkina.com/modules/custom/arclight/images/1_jf-0-0/1_jf6109-0-0.webp,https://mooreburkina.com/fr/dioula/film-j%C3%A9sus-en-dioula;https://mooreburkina.com/fr/film-jesus-en-fulfulde-massina-mali;https://mooreburkina.com/fr/fulfulde/j%C3%A9sus-parle-le-fulfulde;https://mooreburkina.com/fr/gulimancema/film-de-j%C3%A9sus-gulmancema,img,
,religious,,skipped_type,.webp,,,dioula;moore,,Film Jésus en dioula | Mooré Burkina Faso,79d5fafa932cbb2d,image,https://mooreburkina.com/modules/custom/arclight/images/1_jf-0-0/1_jf6110-0-0.webp,https://mooreburkina.com/fr/dioula/film-j%C3%A9sus-en-dioula;https://mooreburkina.com/fr/film-jesus-en-fulfulde-massina-mali;https://mooreburkina.com/fr/fulfulde/j%C3%A9sus-parle-le-fulfulde;https://mooreburkina.com/fr/gulimancema/film-de-j%C3%A9sus-gulmancema,img,
,religious,,skipped_type,.webp,,,dioula;moore,,Film Jésus en dioula | Mooré Burkina Faso,91153f33c4197e40,image,https://mooreburkina.com/modules/custom/arclight/images/1_jf-0-0/1_jf6111-0-0.webp,https://mooreburkina.com/fr/dioula/film-j%C3%A9sus-en-dioula;https://mooreburkina.com/fr/film-jesus-en-fulfulde-massina-mali;https://mooreburkina.com/fr/fulfulde/j%C3%A9sus-parle-le-fulfulde;https://mooreburkina.com/fr/gulimancema/film-de-j%C3%A9sus-gulmancema,img,
,religious,,skipped_type,.webp,,,dioula;moore,,Film Jésus en dioula | Mooré Burkina Faso,706456767206ffea,image,https://mooreburkina.com/modules/custom/arclight/images/1_jf-0-0/1_jf6112-0-0.webp,https://mooreburkina.com/fr/dioula/film-j%C3%A9sus-en-dioula;https://mooreburkina.com/fr/film-jesus-en-fulfulde-massina-mali;https://mooreburkina.com/fr/fulfulde/j%C3%A9sus-parle-le-fulfulde;https://mooreburkina.com/fr/gulimancema/film-de-j%C3%A9sus-gulmancema,img,
,religious,,skipped_type,.webp,,,dioula;moore,,Film Jésus en dioula | Mooré Burkina Faso,0f772b355a8b8ae5,image,https://mooreburkina.com/modules/custom/arclight/images/1_jf-0-0/1_jf6113-0-0.webp,https://mooreburkina.com/fr/dioula/film-j%C3%A9sus-en-dioula;https://mooreburkina.com/fr/film-jesus-en-fulfulde-massina-mali;https://mooreburkina.com/fr/fulfulde/j%C3%A9sus-parle-le-fulfulde;https://mooreburkina.com/fr/gulimancema/film-de-j%C3%A9sus-gulmancema,img,
,religious,,skipped_type,.webp,,,dioula;moore,,Film Jésus en dioula | Mooré Burkina Faso,7f64e5743c5aa77a,image,https://mooreburkina.com/modules/custom/arclight/images/1_jf-0-0/1_jf6114-0-0.webp,https://mooreburkina.com/fr/dioula/film-j%C3%A9sus-en-dioula;https://mooreburkina.com/fr/film-jesus-en-fulfulde-massina-mali;https://mooreburkina.com/fr/fulfulde/j%C3%A9sus-parle-le-fulfulde;https://mooreburkina.com/fr/gulimancema/film-de-j%C3%A9sus-gulmancema,img,
,religious,,skipped_type,.webp,,,dioula;moore,,Film Jésus en dioula | Mooré Burkina Faso,71abfd680b3002b8,image,https://mooreburkina.com/modules/custom/arclight/images/1_jf-0-0/1_jf6115-0-0.webp,https://mooreburkina.com/fr/dioula/film-j%C3%A9sus-en-dioula;https://mooreburkina.com/fr/film-jesus-en-fulfulde-massina-mali;https://mooreburkina.com/fr/fulfulde/j%C3%A9sus-parle-le-fulfulde;https://mooreburkina.com/fr/gulimancema/film-de-j%C3%A9sus-gulmancema,img,
,religious,,skipped_type,.webp,,,dioula;moore,,Film Jésus en dioula | Mooré Burkina Faso,a62d7518916af4bc,image,https://mooreburkina.com/modules/custom/arclight/images/1_jf-0-0/1_jf6116-0-0.webp,https://mooreburkina.com/fr/dioula/film-j%C3%A9sus-en-dioula;https://mooreburkina.com/fr/film-jesus-en-fulfulde-massina-mali;https://mooreburkina.com/fr/fulfulde/j%C3%A9sus-parle-le-fulfulde;https://mooreburkina.com/fr/gulimancema/film-de-j%C3%A9sus-gulmancema,img,
,religious,,skipped_type,.webp,,,dioula;moore,,Film Jésus en dioula | Mooré Burkina Faso,8f9786d062be01ed,image,https://mooreburkina.com/modules/custom/arclight/images/1_jf-0-0/1_jf6117-0-0.webp,https://mooreburkina.com/fr/dioula/film-j%C3%A9sus-en-dioula;https://mooreburkina.com/fr/film-jesus-en-fulfulde-massina-mali;https://mooreburkina.com/fr/fulfulde/j%C3%A9sus-parle-le-fulfulde;https://mooreburkina.com/fr/gulimancema/film-de-j%C3%A9sus-gulmancema,img,
,religious,,skipped_type,.webp,,,dioula;moore,,Film Jésus en dioula | Mooré Burkina Faso,78926dbffe79c953,image,https://mooreburkina.com/modules/custom/arclight/images/1_jf-0-0/1_jf6118-0-0.webp,https://mooreburkina.com/fr/dioula/film-j%C3%A9sus-en-dioula;https://mooreburkina.com/fr/film-jesus-en-fulfulde-massina-mali;https://mooreburkina.com/fr/fulfulde/j%C3%A9sus-parle-le-fulfulde;https://mooreburkina.com/fr/gulimancema/film-de-j%C3%A9sus-gulmancema,img,
,religious,,skipped_type,.webp,,,dioula;moore,,Film Jésus en dioula | Mooré Burkina Faso,55a7244164b23a96,image,https://mooreburkina.com/modules/custom/arclight/images/1_jf-0-0/1_jf6119-0-0.webp,https://mooreburkina.com/fr/dioula/film-j%C3%A9sus-en-dioula;https://mooreburkina.com/fr/film-jesus-en-fulfulde-massina-mali;https://mooreburkina.com/fr/fulfulde/j%C3%A9sus-parle-le-fulfulde;https://mooreburkina.com/fr/gulimancema/film-de-j%C3%A9sus-gulmancema,img,
,religious,,skipped_type,.webp,,,dioula;moore,,Film Jésus en dioula | Mooré Burkina Faso,af40cc83f87f9d9f,image,https://mooreburkina.com/modules/custom/arclight/images/1_jf-0-0/1_jf6120-0-0.webp,https://mooreburkina.com/fr/dioula/film-j%C3%A9sus-en-dioula;https://mooreburkina.com/fr/film-jesus-en-fulfulde-massina-mali;https://mooreburkina.com/fr/fulfulde/j%C3%A9sus-parle-le-fulfulde;https://mooreburkina.com/fr/gulimancema/film-de-j%C3%A9sus-gulmancema,img,
,religious,,skipped_type,.webp,,,dioula;moore,,Film Jésus en dioula | Mooré Burkina Faso,fd1afdb98f1ba322,image,https://mooreburkina.com/modules/custom/arclight/images/1_jf-0-0/1_jf6121-0-0.webp,https://mooreburkina.com/fr/dioula/film-j%C3%A9sus-en-dioula;https://mooreburkina.com/fr/film-jesus-en-fulfulde-massina-mali;https://mooreburkina.com/fr/fulfulde/j%C3%A9sus-parle-le-fulfulde;https://mooreburkina.com/fr/gulimancema/film-de-j%C3%A9sus-gulmancema,img,
,religious,,skipped_type,.webp,,,dioula;moore,,Film Jésus en dioula | Mooré Burkina Faso,5439b0540cfa01cf,image,https://mooreburkina.com/modules/custom/arclight/images/1_jf-0-0/1_jf6122-0-0.webp,https://mooreburkina.com/fr/dioula/film-j%C3%A9sus-en-dioula;https://mooreburkina.com/fr/film-jesus-en-fulfulde-massina-mali;https://mooreburkina.com/fr/fulfulde/j%C3%A9sus-parle-le-fulfulde;https://mooreburkina.com/fr/gulimancema/film-de-j%C3%A9sus-gulmancema,img,
,religious,,skipped_type,.webp,,,dioula;moore,,Film Jésus en dioula | Mooré Burkina Faso,117a90b332ac6fb8,image,https://mooreburkina.com/modules/custom/arclight/images/1_jf-0-0/1_jf6123-0-0.webp,https://mooreburkina.com/fr/dioula/film-j%C3%A9sus-en-dioula;https://mooreburkina.com/fr/film-jesus-en-fulfulde-massina-mali;https://mooreburkina.com/fr/fulfulde/j%C3%A9sus-parle-le-fulfulde;https://mooreburkina.com/fr/gulimancema/film-de-j%C3%A9sus-gulmancema,img,
,religious,,skipped_type,.webp,,,dioula;moore,,Film Jésus en dioula | Mooré Burkina Faso,414fae0f4749deec,image,https://mooreburkina.com/modules/custom/arclight/images/1_jf-0-0/1_jf6124-0-0.webp,https://mooreburkina.com/fr/dioula/film-j%C3%A9sus-en-dioula;https://mooreburkina.com/fr/film-jesus-en-fulfulde-massina-mali;https://mooreburkina.com/fr/fulfulde/j%C3%A9sus-parle-le-fulfulde;https://mooreburkina.com/fr/gulimancema/film-de-j%C3%A9sus-gulmancema,img,
,religious,,skipped_type,.webp,,,dioula;moore,,Film Jésus en dioula | Mooré Burkina Faso,56ce25c01410cb76,image,https://mooreburkina.com/modules/custom/arclight/images/1_jf-0-0/1_jf6125-0-0.webp,https://mooreburkina.com/fr/dioula/film-j%C3%A9sus-en-dioula;https://mooreburkina.com/fr/film-jesus-en-fulfulde-massina-mali;https://mooreburkina.com/fr/fulfulde/j%C3%A9sus-parle-le-fulfulde;https://mooreburkina.com/fr/gulimancema/film-de-j%C3%A9sus-gulmancema,img,
,religious,,skipped_type,.webp,,,dioula;moore,,Film Jésus en dioula | Mooré Burkina Faso,4d6553a6a874b550,image,https://mooreburkina.com/modules/custom/arclight/images/1_jf-0-0/1_jf6126-0-0.webp,https://mooreburkina.com/fr/dioula/film-j%C3%A9sus-en-dioula;https://mooreburkina.com/fr/film-jesus-en-fulfulde-massina-mali;https://mooreburkina.com/fr/fulfulde/j%C3%A9sus-parle-le-fulfulde;https://mooreburkina.com/fr/gulimancema/film-de-j%C3%A9sus-gulmancema,img,
,religious,,skipped_type,.webp,,,dioula;moore,,Film Jésus en dioula | Mooré Burkina Faso,fefcf9d3eaa92a0b,image,https://mooreburkina.com/modules/custom/arclight/images/1_jf-0-0/1_jf6127-0-0.webp,https://mooreburkina.com/fr/dioula/film-j%C3%A9sus-en-dioula;https://mooreburkina.com/fr/film-jesus-en-fulfulde-massina-mali;https://mooreburkina.com/fr/fulfulde/j%C3%A9sus-parle-le-fulfulde;https://mooreburkina.com/fr/gulimancema/film-de-j%C3%A9sus-gulmancema,img,
,religious,,skipped_type,.webp,,,dioula;moore,,Film Jésus en dioula | Mooré Burkina Faso,4ef306dadf178808,image,https://mooreburkina.com/modules/custom/arclight/images/1_jf-0-0/1_jf6128-0-0.webp,https://mooreburkina.com/fr/dioula/film-j%C3%A9sus-en-dioula;https://mooreburkina.com/fr/film-jesus-en-fulfulde-massina-mali;https://mooreburkina.com/fr/fulfulde/j%C3%A9sus-parle-le-fulfulde;https://mooreburkina.com/fr/gulimancema/film-de-j%C3%A9sus-gulmancema,img,
,religious,,skipped_type,.webp,,,dioula;moore,,Film Jésus en dioula | Mooré Burkina Faso,d4bb9c316ff37568,image,https://mooreburkina.com/modules/custom/arclight/images/1_jf-0-0/1_jf6129-0-0.webp,https://mooreburkina.com/fr/dioula/film-j%C3%A9sus-en-dioula;https://mooreburkina.com/fr/film-jesus-en-fulfulde-massina-mali;https://mooreburkina.com/fr/fulfulde/j%C3%A9sus-parle-le-fulfulde;https://mooreburkina.com/fr/gulimancema/film-de-j%C3%A9sus-gulmancema,img,
,religious,,skipped_type,.webp,,,dioula;moore,,Film Jésus en dioula | Mooré Burkina Faso,349e7d956d4c9574,image,https://mooreburkina.com/modules/custom/arclight/images/1_jf-0-0/1_jf6130-0-0.webp,https://mooreburkina.com/fr/dioula/film-j%C3%A9sus-en-dioula;https://mooreburkina.com/fr/film-jesus-en-fulfulde-massina-mali;https://mooreburkina.com/fr/fulfulde/j%C3%A9sus-parle-le-fulfulde;https://mooreburkina.com/fr/gulimancema/film-de-j%C3%A9sus-gulmancema,img,
,religious,,skipped_type,.webp,,,dioula;moore,,Film Jésus en dioula | Mooré Burkina Faso,2b304a051a7e04ca,image,https://mooreburkina.com/modules/custom/arclight/images/1_jf-0-0/1_jf6131-0-0.webp,https://mooreburkina.com/fr/dioula/film-j%C3%A9sus-en-dioula;https://mooreburkina.com/fr/film-jesus-en-fulfulde-massina-mali;https://mooreburkina.com/fr/fulfulde/j%C3%A9sus-parle-le-fulfulde;https://mooreburkina.com/fr/gulimancema/film-de-j%C3%A9sus-gulmancema,img,
,religious,,skipped_type,.webp,,,dioula;moore,,Film Jésus en dioula | Mooré Burkina Faso,d15e46b6ed9ca119,image,https://mooreburkina.com/modules/custom/arclight/images/1_jf-0-0/1_jf6132-0-0.webp,https://mooreburkina.com/fr/dioula/film-j%C3%A9sus-en-dioula;https://mooreburkina.com/fr/film-jesus-en-fulfulde-massina-mali;https://mooreburkina.com/fr/fulfulde/j%C3%A9sus-parle-le-fulfulde;https://mooreburkina.com/fr/gulimancema/film-de-j%C3%A9sus-gulmancema,img,
,religious,,skipped_type,.webp,,,dioula;moore,,Film Jésus en dioula | Mooré Burkina Faso,80a9f30322f7b7b3,image,https://mooreburkina.com/modules/custom/arclight/images/1_jf-0-0/1_jf6133-0-0.webp,https://mooreburkina.com/fr/dioula/film-j%C3%A9sus-en-dioula;https://mooreburkina.com/fr/film-jesus-en-fulfulde-massina-mali;https://mooreburkina.com/fr/fulfulde/j%C3%A9sus-parle-le-fulfulde;https://mooreburkina.com/fr/gulimancema/film-de-j%C3%A9sus-gulmancema,img,
,religious,,skipped_type,.webp,,,dioula;moore,,Film Jésus en dioula | Mooré Burkina Faso,52df1ba99c0e0e1c,image,https://mooreburkina.com/modules/custom/arclight/images/1_jf-0-0/1_jf6134-0-0.webp,https://mooreburkina.com/fr/dioula/film-j%C3%A9sus-en-dioula;https://mooreburkina.com/fr/film-jesus-en-fulfulde-massina-mali;https://mooreburkina.com/fr/fulfulde/j%C3%A9sus-parle-le-fulfulde;https://mooreburkina.com/fr/gulimancema/film-de-j%C3%A9sus-gulmancema,img,
,religious,,skipped_type,.webp,,,dioula;moore,,Film Jésus en dioula | Mooré Burkina Faso,cf21df94bb7924bb,image,https://mooreburkina.com/modules/custom/arclight/images/1_jf-0-0/1_jf6135-0-0.webp,https://mooreburkina.com/fr/dioula/film-j%C3%A9sus-en-dioula;https://mooreburkina.com/fr/film-jesus-en-fulfulde-massina-mali;https://mooreburkina.com/fr/fulfulde/j%C3%A9sus-parle-le-fulfulde;https://mooreburkina.com/fr/gulimancema/film-de-j%C3%A9sus-gulmancema,img,
,religious,,skipped_type,.webp,,,dioula;moore,,Film Jésus en dioula | Mooré Burkina Faso,a18028683656a061,image,https://mooreburkina.com/modules/custom/arclight/images/1_jf-0-0/1_jf6136-0-0.webp,https://mooreburkina.com/fr/dioula/film-j%C3%A9sus-en-dioula;https://mooreburkina.com/fr/film-jesus-en-fulfulde-massina-mali;https://mooreburkina.com/fr/fulfulde/j%C3%A9sus-parle-le-fulfulde;https://mooreburkina.com/fr/gulimancema/film-de-j%C3%A9sus-gulmancema,img,
,religious,,skipped_type,.webp,,,dioula;moore,,Film Jésus en dioula | Mooré Burkina Faso,68db3dae2fa6a4ef,image,https://mooreburkina.com/modules/custom/arclight/images/1_jf-0-0/1_jf6137-0-0.webp,https://mooreburkina.com/fr/dioula/film-j%C3%A9sus-en-dioula;https://mooreburkina.com/fr/film-jesus-en-fulfulde-massina-mali;https://mooreburkina.com/fr/fulfulde/j%C3%A9sus-parle-le-fulfulde;https://mooreburkina.com/fr/gulimancema/film-de-j%C3%A9sus-gulmancema,img,
,religious,,skipped_type,.webp,,,dioula;moore,,Film Jésus en dioula | Mooré Burkina Faso,fb1eee2df573b811,image,https://mooreburkina.com/modules/custom/arclight/images/1_jf-0-0/1_jf6138-0-0.webp,https://mooreburkina.com/fr/dioula/film-j%C3%A9sus-en-dioula;https://mooreburkina.com/fr/film-jesus-en-fulfulde-massina-mali;https://mooreburkina.com/fr/fulfulde/j%C3%A9sus-parle-le-fulfulde;https://mooreburkina.com/fr/gulimancema/film-de-j%C3%A9sus-gulmancema,img,
,religious,,skipped_type,.webp,,,dioula;moore,,Film Jésus en dioula | Mooré Burkina Faso,b4592efd133948ef,image,https://mooreburkina.com/modules/custom/arclight/images/1_jf-0-0/1_jf6139-0-0.webp,https://mooreburkina.com/fr/dioula/film-j%C3%A9sus-en-dioula;https://mooreburkina.com/fr/film-jesus-en-fulfulde-massina-mali;https://mooreburkina.com/fr/fulfulde/j%C3%A9sus-parle-le-fulfulde;https://mooreburkina.com/fr/gulimancema/film-de-j%C3%A9sus-gulmancema,img,
,religious,,skipped_type,.webp,,,dioula;moore,,Film Jésus en dioula | Mooré Burkina Faso,1404bb91c2622265,image,https://mooreburkina.com/modules/custom/arclight/images/1_jf-0-0/1_jf6140-0-0.webp,https://mooreburkina.com/fr/dioula/film-j%C3%A9sus-en-dioula;https://mooreburkina.com/fr/film-jesus-en-fulfulde-massina-mali;https://mooreburkina.com/fr/fulfulde/j%C3%A9sus-parle-le-fulfulde;https://mooreburkina.com/fr/gulimancema/film-de-j%C3%A9sus-gulmancema,img,
,religious,,skipped_type,.webp,,,dioula;moore,,Film Jésus en dioula | Mooré Burkina Faso,d9df9ffbf20672ba,image,https://mooreburkina.com/modules/custom/arclight/images/1_jf-0-0/1_jf6141-0-0.webp,https://mooreburkina.com/fr/dioula/film-j%C3%A9sus-en-dioula;https://mooreburkina.com/fr/film-jesus-en-fulfulde-massina-mali;https://mooreburkina.com/fr/fulfulde/j%C3%A9sus-parle-le-fulfulde;https://mooreburkina.com/fr/gulimancema/film-de-j%C3%A9sus-gulmancema,img,
,religious,,skipped_type,.webp,,,dioula;moore,,Film Jésus en dioula | Mooré Burkina Faso,a0efb4d7eaeda2dd,image,https://mooreburkina.com/modules/custom/arclight/images/1_jf-0-0/1_jf6142-0-0.webp,https://mooreburkina.com/fr/dioula/film-j%C3%A9sus-en-dioula;https://mooreburkina.com/fr/film-jesus-en-fulfulde-massina-mali;https://mooreburkina.com/fr/fulfulde/j%C3%A9sus-parle-le-fulfulde;https://mooreburkina.com/fr/gulimancema/film-de-j%C3%A9sus-gulmancema,img,
,religious,,skipped_type,.webp,,,dioula;moore,,Film Jésus en dioula | Mooré Burkina Faso,edad1d0c72a5e73f,image,https://mooreburkina.com/modules/custom/arclight/images/1_jf-0-0/1_jf6143-0-0.webp,https://mooreburkina.com/fr/dioula/film-j%C3%A9sus-en-dioula;https://mooreburkina.com/fr/film-jesus-en-fulfulde-massina-mali;https://mooreburkina.com/fr/fulfulde/j%C3%A9sus-parle-le-fulfulde;https://mooreburkina.com/fr/gulimancema/film-de-j%C3%A9sus-gulmancema,img,
,religious,,skipped_type,.webp,,,dioula;moore,,Film Jésus en dioula | Mooré Burkina Faso,f64ce7e968b82e09,image,https://mooreburkina.com/modules/custom/arclight/images/1_jf-0-0/1_jf6144-0-0.webp,https://mooreburkina.com/fr/dioula/film-j%C3%A9sus-en-dioula;https://mooreburkina.com/fr/film-jesus-en-fulfulde-massina-mali;https://mooreburkina.com/fr/fulfulde/j%C3%A9sus-parle-le-fulfulde;https://mooreburkina.com/fr/gulimancema/film-de-j%C3%A9sus-gulmancema,img,
,religious,,skipped_type,.webp,,,dioula;moore,,Film Jésus en dioula | Mooré Burkina Faso,c38e60102d576faa,image,https://mooreburkina.com/modules/custom/arclight/images/1_jf-0-0/1_jf6145-0-0.webp,https://mooreburkina.com/fr/dioula/film-j%C3%A9sus-en-dioula;https://mooreburkina.com/fr/film-jesus-en-fulfulde-massina-mali;https://mooreburkina.com/fr/fulfulde/j%C3%A9sus-parle-le-fulfulde;https://mooreburkina.com/fr/gulimancema/film-de-j%C3%A9sus-gulmancema,img,
,religious,,skipped_type,.webp,,,dioula;moore,,Film Jésus en dioula | Mooré Burkina Faso,9d5a136d4c01fa70,image,https://mooreburkina.com/modules/custom/arclight/images/1_jf-0-0/1_jf6146-0-0.webp,https://mooreburkina.com/fr/dioula/film-j%C3%A9sus-en-dioula;https://mooreburkina.com/fr/film-jesus-en-fulfulde-massina-mali;https://mooreburkina.com/fr/fulfulde/j%C3%A9sus-parle-le-fulfulde;https://mooreburkina.com/fr/gulimancema/film-de-j%C3%A9sus-gulmancema,img,
,religious,,skipped_type,.webp,,,dioula;moore,,Film Jésus en dioula | Mooré Burkina Faso,6b5ce69faeeefa73,image,https://mooreburkina.com/modules/custom/arclight/images/1_jf-0-0/1_jf6147-0-0.webp,https://mooreburkina.com/fr/dioula/film-j%C3%A9sus-en-dioula;https://mooreburkina.com/fr/film-jesus-en-fulfulde-massina-mali;https://mooreburkina.com/fr/fulfulde/j%C3%A9sus-parle-le-fulfulde;https://mooreburkina.com/fr/gulimancema/film-de-j%C3%A9sus-gulmancema,img,
,religious,,skipped_type,.webp,,,dioula;moore,,Film Jésus en dioula | Mooré Burkina Faso,8d312bf7be06d549,image,https://mooreburkina.com/modules/custom/arclight/images/1_jf-0-0/1_jf6148-0-0.webp,https://mooreburkina.com/fr/dioula/film-j%C3%A9sus-en-dioula;https://mooreburkina.com/fr/film-jesus-en-fulfulde-massina-mali;https://mooreburkina.com/fr/fulfulde/j%C3%A9sus-parle-le-fulfulde;https://mooreburkina.com/fr/gulimancema/film-de-j%C3%A9sus-gulmancema,img,
,religious,,skipped_type,.webp,,,dioula;moore,,Film Jésus en dioula | Mooré Burkina Faso,0001b28b8d9abef1,image,https://mooreburkina.com/modules/custom/arclight/images/1_jf-0-0/1_jf6149-0-0.webp,https://mooreburkina.com/fr/dioula/film-j%C3%A9sus-en-dioula;https://mooreburkina.com/fr/film-jesus-en-fulfulde-massina-mali;https://mooreburkina.com/fr/fulfulde/j%C3%A9sus-parle-le-fulfulde;https://mooreburkina.com/fr/gulimancema/film-de-j%C3%A9sus-gulmancema,img,
,religious,,skipped_type,.webp,,,dioula;moore,,Film Jésus en dioula | Mooré Burkina Faso,8afd332c083f9280,image,https://mooreburkina.com/modules/custom/arclight/images/1_jf-0-0/1_jf6150-0-0.webp,https://mooreburkina.com/fr/dioula/film-j%C3%A9sus-en-dioula;https://mooreburkina.com/fr/film-jesus-en-fulfulde-massina-mali;https://mooreburkina.com/fr/fulfulde/j%C3%A9sus-parle-le-fulfulde;https://mooreburkina.com/fr/gulimancema/film-de-j%C3%A9sus-gulmancema,img,
,religious,,skipped_type,.webp,,,dioula;moore,,Film Jésus en dioula | Mooré Burkina Faso,9152350a2d1c5695,image,https://mooreburkina.com/modules/custom/arclight/images/1_jf-0-0/1_jf6151-0-0.webp,https://mooreburkina.com/fr/dioula/film-j%C3%A9sus-en-dioula;https://mooreburkina.com/fr/film-jesus-en-fulfulde-massina-mali;https://mooreburkina.com/fr/fulfulde/j%C3%A9sus-parle-le-fulfulde;https://mooreburkina.com/fr/gulimancema/film-de-j%C3%A9sus-gulmancema,img,
,religious,,skipped_type,.webp,,,dioula;moore,,Film Jésus en dioula | Mooré Burkina Faso,4e7702da88ce86ca,image,https://mooreburkina.com/modules/custom/arclight/images/1_jf-0-0/1_jf6152-0-0.webp,https://mooreburkina.com/fr/dioula/film-j%C3%A9sus-en-dioula;https://mooreburkina.com/fr/film-jesus-en-fulfulde-massina-mali;https://mooreburkina.com/fr/fulfulde/j%C3%A9sus-parle-le-fulfulde;https://mooreburkina.com/fr/gulimancema/film-de-j%C3%A9sus-gulmancema,img,
,religious,,skipped_type,.webp,,,dioula;moore,,Film Jésus en dioula | Mooré Burkina Faso,009c8550740b7864,image,https://mooreburkina.com/modules/custom/arclight/images/1_jf-0-0/1_jf6153-0-0.webp,https://mooreburkina.com/fr/dioula/film-j%C3%A9sus-en-dioula;https://mooreburkina.com/fr/film-jesus-en-fulfulde-massina-mali;https://mooreburkina.com/fr/fulfulde/j%C3%A9sus-parle-le-fulfulde;https://mooreburkina.com/fr/gulimancema/film-de-j%C3%A9sus-gulmancema,img,
,religious,,skipped_type,.webp,,,dioula;moore,,Film Jésus en dioula | Mooré Burkina Faso,b5ebd64e4a44f027,image,https://mooreburkina.com/modules/custom/arclight/images/1_jf-0-0/1_jf6154-0-0.webp,https://mooreburkina.com/fr/dioula/film-j%C3%A9sus-en-dioula;https://mooreburkina.com/fr/film-jesus-en-fulfulde-massina-mali;https://mooreburkina.com/fr/fulfulde/j%C3%A9sus-parle-le-fulfulde;https://mooreburkina.com/fr/gulimancema/film-de-j%C3%A9sus-gulmancema,img,
,religious,,skipped_type,.webp,,,dioula;moore,,Film Jésus en dioula | Mooré Burkina Faso,766764732c92ced0,image,https://mooreburkina.com/modules/custom/arclight/images/1_jf-0-0/1_jf6155-0-0.webp,https://mooreburkina.com/fr/dioula/film-j%C3%A9sus-en-dioula;https://mooreburkina.com/fr/film-jesus-en-fulfulde-massina-mali;https://mooreburkina.com/fr/fulfulde/j%C3%A9sus-parle-le-fulfulde;https://mooreburkina.com/fr/gulimancema/film-de-j%C3%A9sus-gulmancema,img,
,religious,,skipped_type,.webp,,,dioula;moore,,Film Jésus en dioula | Mooré Burkina Faso,f7795c4d6aca0f38,image,https://mooreburkina.com/modules/custom/arclight/images/1_jf-0-0/1_jf6156-0-0.webp,https://mooreburkina.com/fr/dioula/film-j%C3%A9sus-en-dioula;https://mooreburkina.com/fr/film-jesus-en-fulfulde-massina-mali;https://mooreburkina.com/fr/fulfulde/j%C3%A9sus-parle-le-fulfulde;https://mooreburkina.com/fr/gulimancema/film-de-j%C3%A9sus-gulmancema,img,
,religious,,skipped_type,.webp,,,dioula;moore,,Film Jésus en dioula | Mooré Burkina Faso,fe353df3b4de3aca,image,https://mooreburkina.com/modules/custom/arclight/images/1_jf-0-0/1_jf6157-0-0.webp,https://mooreburkina.com/fr/dioula/film-j%C3%A9sus-en-dioula;https://mooreburkina.com/fr/film-jesus-en-fulfulde-massina-mali;https://mooreburkina.com/fr/fulfulde/j%C3%A9sus-parle-le-fulfulde;https://mooreburkina.com/fr/gulimancema/film-de-j%C3%A9sus-gulmancema,img,
,religious,,skipped_type,.webp,,,dioula;moore,,Film Jésus en dioula | Mooré Burkina Faso,36de7eb1bf62bf37,image,https://mooreburkina.com/modules/custom/arclight/images/1_jf-0-0/1_jf6158-0-0.webp,https://mooreburkina.com/fr/dioula/film-j%C3%A9sus-en-dioula;https://mooreburkina.com/fr/film-jesus-en-fulfulde-massina-mali;https://mooreburkina.com/fr/fulfulde/j%C3%A9sus-parle-le-fulfulde;https://mooreburkina.com/fr/gulimancema/film-de-j%C3%A9sus-gulmancema,img,
,religious,,skipped_type,.webp,,,dioula;moore,,Film Jésus en dioula | Mooré Burkina Faso,5943a01d159ccd97,image,https://mooreburkina.com/modules/custom/arclight/images/1_jf-0-0/1_jf6159-0-0.webp,https://mooreburkina.com/fr/dioula/film-j%C3%A9sus-en-dioula;https://mooreburkina.com/fr/film-jesus-en-fulfulde-massina-mali;https://mooreburkina.com/fr/fulfulde/j%C3%A9sus-parle-le-fulfulde;https://mooreburkina.com/fr/gulimancema/film-de-j%C3%A9sus-gulmancema,img,
,religious,,skipped_type,.webp,,,dioula;moore,,Film Jésus en dioula | Mooré Burkina Faso,13dd42c9b6dee4cd,image,https://mooreburkina.com/modules/custom/arclight/images/1_jf-0-0/1_jf6160-0-0.webp,https://mooreburkina.com/fr/dioula/film-j%C3%A9sus-en-dioula;https://mooreburkina.com/fr/film-jesus-en-fulfulde-massina-mali;https://mooreburkina.com/fr/fulfulde/j%C3%A9sus-parle-le-fulfulde;https://mooreburkina.com/fr/gulimancema/film-de-j%C3%A9sus-gulmancema,img,
,religious,,skipped_type,.webp,,,dioula;moore,,Film Jésus en dioula | Mooré Burkina Faso,8f98d4b67569ca06,image,https://mooreburkina.com/modules/custom/arclight/images/1_jf-0-0/1_jf6161-0-0.webp,https://mooreburkina.com/fr/dioula/film-j%C3%A9sus-en-dioula;https://mooreburkina.com/fr/film-jesus-en-fulfulde-massina-mali;https://mooreburkina.com/fr/fulfulde/j%C3%A9sus-parle-le-fulfulde;https://mooreburkina.com/fr/gulimancema/film-de-j%C3%A9sus-gulmancema,img,
Proverbes dioula Android,proverb,,skipped_type,.webp,,,dioula;moore,,Applis en dioula | Mooré Burkina Faso,b08bc7968dbe3a2f,image,https://mooreburkina.com/sites/www.mooreburkina.com/files/styles/max_750x750/public/2023-06/201%20proverbes%20dioula%20sur%20Play%20Store_0.jpg.webp?itok=qqUGK8hi,https://mooreburkina.com/fr/applications-smartphone/applis-en-dioula;https://mooreburkina.com/fr/dioula/applis-en-dioula-jula,img,
Proverbes dioula iPhone,proverb,,skipped_type,.webp,,,dioula;moore,,Applis en dioula | Mooré Burkina Faso,fecc33435ac4c0ae,image,https://mooreburkina.com/sites/www.mooreburkina.com/files/styles/max_750x750/public/2023-06/App%20Store%20dioula%20proverbes.jpg.webp?itok=xN22EtGj,https://mooreburkina.com/fr/applications-smartphone/applis-en-dioula;https://mooreburkina.com/fr/dioula/applis-en-dioula-jula,img,
dioula espace1,other,,skipped_type,.webp,,,dioula;moore,,Mooré Burkina Faso,5f13ef06d4e28963,image,https://mooreburkina.com/sites/www.mooreburkina.com/files/styles/max_750x750/public/2023-12/Gaoua2007%20131.jpg.webp?itok=RIXSmT0b,https://mooreburkina.com/;https://mooreburkina.com/fr;https://mooreburkina.com/fr/bienvenu-au-pays-mossi,img,
map of BF Dioula speaking area.jpg,other,,skipped_type,.webp,,,dioula;moore,,Mooré Burkina Faso,7ac68be478ee2dff,image,https://mooreburkina.com/sites/www.mooreburkina.com/files/styles/max_750x750/public/2023-12/map%20of%20BF%20Dioula%20speaking%20area.jpg.webp?itok=SnDyvnDT,https://mooreburkina.com/;https://mooreburkina.com/fr;https://mooreburkina.com/fr/bienvenu-au-pays-mossi;https://mooreburkina.com/fr/dioula-fulfulde,img,
Applis smartphone en dioula,app,,skipped_type,.webp,,,dioula;moore,,Applis en dioula | Mooré Burkina Faso,5934087630925d80,image,https://mooreburkina.com/sites/www.mooreburkina.com/files/styles/max_750x750/public/2024-06/Dioula%20Apps%202024a.jpg.webp?itok=glt003a6,https://mooreburkina.com/fr/applications-smartphone/applis-en-dioula,img,
Contes dioula Play Store vol 1,folktale,,skipped_type,.webp,,,dioula;moore,,"Contes en dioula avec audio, volume 2 | Mooré Burkina Faso",58c60027a664923c,image,https://mooreburkina.com/sites/www.mooreburkina.com/files/styles/max_750x750/public/2024-07/Contes%20dioula%20Play%20Store%20fr.jpg.webp?itok=h-kRxJgp,https://mooreburkina.com/fr/dioula/applis-en-dioula-jula;https://mooreburkina.com/fr/dioula/contes-en-dioula-avec-audio-volume-2,img,
Corentes dioula vol3 sur Play Store,folktale,,skipped_type,.webp,,,dioula;moore,,"Contes en dioula avec audio, volume 3 | Mooré Burkina Faso",d98842742a719188,image,https://mooreburkina.com/sites/www.mooreburkina.com/files/styles/max_750x750/public/2024-07/Contes%20dioula%20vol2%20sur%20Play%20Store.jpg.webp?itok=DR2tSMAs,https://mooreburkina.com/fr/dioula/applis-en-dioula-jula;https://mooreburkina.com/fr/dioula/contes-en-dioula-avec-audio-volume-3,img,
Dioula Conte vol4 Play Store,folktale,,skipped_type,.webp,,,dioula;moore,,Contes dioula avec audio vol. 4 | Mooré Burkina Faso,bb47d5f3ab2afeba,image,https://mooreburkina.com/sites/www.mooreburkina.com/files/styles/max_750x750/public/2024-07/Dioula%20Conte%20vol4%20Play%20Store.jpg.webp?itok=DuEdQT6o,https://mooreburkina.com/fr/dioula/applis-en-dioula-jula;https://mooreburkina.com/fr/dioula/contes-dioula-avec-audio-vol-4,img,
Dioula facile sur Play Store,app,,skipped_type,.webp,,,dioula;moore,,Dioula facile tome 1 | Mooré Burkina Faso,a7b44e709b0181a0,image,https://mooreburkina.com/sites/www.mooreburkina.com/files/styles/max_750x750/public/2024-07/Dioula%20facile%20sur%20Play%20Store.jpg.webp?itok=LX6nOFhL,https://mooreburkina.com/fr/dioula/applis-en-dioula-jula;https://mooreburkina.com/fr/dioula/dioula-facile-tome-1,img,
Google Play Store cesirijala.jpg,poem,,skipped_type,.webp,,,dioula;moore,,Poèmes en dioula | Mooré Burkina Faso,4a82d674f82be986,image,https://mooreburkina.com/sites/www.mooreburkina.com/files/styles/max_750x750/public/2024-07/Google%20Play%20Store%20cesirijala.jpg.webp?itok=UtwoKkgJ,https://mooreburkina.com/fr/dioula/po%C3%A8mes-en-dioula,img,
Poemes dioula sur Play Store,poem,,skipped_type,.webp,,,dioula;moore,,Poèmes en dioula | Mooré Burkina Faso,e431db880fb230fd,image,https://mooreburkina.com/sites/www.mooreburkina.com/files/styles/max_750x750/public/2024-07/Poemes%20dioula%20sur%20Play%20Store.jpg.webp?itok=CUovqYNs,https://mooreburkina.com/fr/dioula/applis-en-dioula-jula;https://mooreburkina.com/fr/dioula/po%C3%A8mes-en-dioula,img,
Proverbes dioula vol1 sur Play Store,proverb,,skipped_type,.webp,,,dioula;moore,,Proverbes dioula vol 1 | Mooré Burkina Faso,593ddf8be5d1e413,image,https://mooreburkina.com/sites/www.mooreburkina.com/files/styles/max_750x750/public/2024-07/Proverbes%20dioula%20vol1%20sur%20Play%20Store.jpg.webp?itok=pCI7QL4z,https://mooreburkina.com/fr/dioula/applis-en-dioula-jula;https://mooreburkina.com/fr/dioula/proverbes-lu-en-dioula-vol-1,img,
Proverbes dioula vol2 sur Play Store,proverb,,skipped_type,.webp,,,dioula;moore,,Proverbes dioula vol 2 | Mooré Burkina Faso,84ffc27d7406044e,image,https://mooreburkina.com/sites/www.mooreburkina.com/files/styles/max_750x750/public/2024-07/Proverbes%20dioula%20vol2%20sur%20Play%20Store.jpg.webp?itok=zmQLtyD6,https://mooreburkina.com/fr/dioula/applis-en-dioula-jula;https://mooreburkina.com/fr/dioula/proverbes-dioula-vol-3,img,
cinq contes dioula sur Play Store,folktale,,skipped_type,.webp,,,dioula;moore,,5 contes dioula | Mooré Burkina Faso,01642d2681c23947,image,https://mooreburkina.com/sites/www.mooreburkina.com/files/styles/max_750x750/public/2024-07/cinq%20contes%20dioula%20sur%20Play%20Store.jpg.webp?itok=GIvLeI_U,https://mooreburkina.com/fr/dioula/5-contes-dioula;https://mooreburkina.com/fr/dioula/applis-en-dioula-jula,img,
cliquer ici pour prochain conte,folktale,,skipped_type,.webp,,,dioula;moore,,Contes dioula avec audio vol. 4 | Mooré Burkina Faso,f53f0c78fcb0ff12,image,https://mooreburkina.com/sites/www.mooreburkina.com/files/styles/max_750x750/public/2024-07/cliquer%20ici%20pour%20prochain%20conte.jpg.webp?itok=1bIY5N0F,https://mooreburkina.com/fr/dioula/contes-dioula-avec-audio-vol-4,img,
contes dioula on App Store1,folktale,,skipped_type,.webp,,,dioula;moore,,Contes dioula avec audio vol. 4 | Mooré Burkina Faso,7c3a0c7e61e43f00,image,https://mooreburkina.com/sites/www.mooreburkina.com/files/styles/max_750x750/public/2024-07/contes%20dioula%20on%20App%20Store1.jpg.webp?itok=gMECHOsS,https://mooreburkina.com/fr/dioula/applis-en-dioula-jula;https://mooreburkina.com/fr/dioula/contes-dioula-avec-audio-vol-4,img,
Jula dictionary sur Play Store.jpg,dictionary,,skipped_type,.webp,,,dioula;moore,,Applis en dioula | Mooré Burkina Faso,f8751abae9b830ce,image,https://mooreburkina.com/sites/www.mooreburkina.com/files/styles/max_750x750/public/2025-01/Jula%20dictionary%20sur%20Play%20Store.jpg.webp?itok=xWpbJoN1,https://mooreburkina.com/fr/applications-smartphone/applis-en-dioula,img,
Bamanan dictionary App Store 2.jpg,dictionary,,skipped_type,.webp,,,dioula;moore,,Applis en dioula / jula | Mooré Burkina Faso,cd07be6d94b33d00,image,https://mooreburkina.com/sites/www.mooreburkina.com/files/styles/max_750x750/public/2025-02/Bamanan%20App%20Store%20icon.jpg.webp?itok=FN7PbMRL,https://mooreburkina.com/fr/dioula/applis-en-dioula-jula,img,
Bambara Play Store2.jpg,app,,skipped_type,.webp,,,dioula;moore,,Applis en dioula / jula | Mooré Burkina Faso,7a55f57e98be6984,image,https://mooreburkina.com/sites/www.mooreburkina.com/files/styles/max_750x750/public/2025-02/Bambara%20Play%20Store.jpg.webp?itok=XRyjw0az,https://mooreburkina.com/fr/dioula/applis-en-dioula-jula,img,
Dioula dictionary on app Store1.jpg,dictionary,,skipped_type,.webp,,,dioula;moore,,Applis en dioula / jula | Mooré Burkina Faso,9738e58fc40b4135,image,https://mooreburkina.com/sites/www.mooreburkina.com/files/styles/max_750x750/public/2025-02/Dioula%20dictionary%20on%20app%20Store.jpg.webp?itok=-PrF1oSM,https://mooreburkina.com/fr/dioula/applis-en-dioula-jula,img,
Play Store jula2.jpg,app,,skipped_type,.webp,,,dioula;moore,,Applis en dioula / jula | Mooré Burkina Faso,09088ad51a858f15,image,https://mooreburkina.com/sites/www.mooreburkina.com/files/styles/max_750x750/public/2025-02/Play%20Store%20jula1.jpg.webp?itok=czdCShqn,https://mooreburkina.com/fr/dioula/applis-en-dioula-jula,img,
Proverbes Jula CI Play Store.jpg,proverb,,skipped_type,.webp,,,dioula;moore,,Applis en dioula / jula | Mooré Burkina Faso,ba75147022f9437d,image,https://mooreburkina.com/sites/www.mooreburkina.com/files/styles/max_750x750/public/2026-02/Proverbes%20Jula%20CI%20Play%20Store.jpg.webp?itok=bVBftniN,https://mooreburkina.com/fr/dioula/applis-en-dioula-jula,img,
Webonary Dioula dico.jpg,dictionary,,skipped_type,.webp,,,dioula;moore,,Applications de dictionnaires | Mooré Burkina Faso,a927d6f80cd98837,image,https://mooreburkina.com/sites/www.mooreburkina.com/files/styles/max_750x750/public/2026-02/Webonary%20Dioula%20dico.jpg.webp?itok=gD_XYV8D,https://mooreburkina.com/fr/dictionnaire-moor%C3%A9/aplications-de-dictionnaires-pour-ordinateur,img,
Sagesse Bambara sur App Store.jpg,app,,skipped_type,.webp,,,dioula;moore,,Applis en dioula | Mooré Burkina Faso,5d526a40cdff9ec6,image,https://mooreburkina.com/sites/www.mooreburkina.com/files/styles/max_750x750/public/2026-03/Sagesse%20Bambara%20sur%20App%20Store.jpg.webp?itok=cbJcXbq1,https://mooreburkina.com/fr/applications-smartphone/applis-en-dioula,img,
Sagesse Bambara sur Google Play Store.jpg,app,,skipped_type,.webp,,,dioula;moore,,Applis en dioula | Mooré Burkina Faso,45dcc2b141b3aff0,image,https://mooreburkina.com/sites/www.mooreburkina.com/files/styles/max_750x750/public/2026-03/Sagesse%20Bambara%20sur%20Google%20Play%20Store.jpg.webp?itok=0-XkjmiW,https://mooreburkina.com/fr/applications-smartphone/applis-en-dioula;https://mooreburkina.com/fr/dioula/applis-en-dioula-jula,img,
,app,,skipped_type,.webp,,,dioula;moore,,Applis en dioula | Mooré Burkina Faso,7c64745a22aa6a21,image,https://mooreburkina.com/sites/www.mooreburkina.com/files/styles/max_750x750/public/Applis%20Play%20Store%20images/Applis%20dioula/02%20contes%20dioula%20audio%20vol1.jpg.webp?itok=J-Ydh-cq,https://mooreburkina.com/fr/applications-smartphone/applis-en-dioula,img,
,app,,skipped_type,.webp,,,dioula;moore,,Applis en dioula | Mooré Burkina Faso,a017e5c7de5128c0,image,https://mooreburkina.com/sites/www.mooreburkina.com/files/styles/max_750x750/public/Applis%20Play%20Store%20images/Applis%20dioula/03%20contes%20dioula%20audio%20vol2.jpg.webp?itok=zSismrWN,https://mooreburkina.com/fr/applications-smartphone/applis-en-dioula,img,
,app,,skipped_type,.webp,,,dioula;moore,,Applis en dioula | Mooré Burkina Faso,2ee09b6408da6c82,image,https://mooreburkina.com/sites/www.mooreburkina.com/files/styles/max_750x750/public/Applis%20Play%20Store%20images/Applis%20dioula/04%20cesirijala.jpg.webp?itok=NeLiGQq_,https://mooreburkina.com/fr/applications-smartphone/applis-en-dioula,img,
,app,,skipped_type,.webp,,,dioula;moore,,Applis en dioula | Mooré Burkina Faso,173cfb1e72bf9e96,image,https://mooreburkina.com/sites/www.mooreburkina.com/files/styles/max_750x750/public/Applis%20Play%20Store%20images/Applis%20dioula/05%20dioula%20facile.jpg.webp?itok=zhT7S8NM,https://mooreburkina.com/fr/applications-smartphone/applis-en-dioula,img,
,app,,skipped_type,.webp,,,dioula;moore,,Applis en dioula | Mooré Burkina Faso,975258b7eaffc3da,image,https://mooreburkina.com/sites/www.mooreburkina.com/files/styles/max_750x750/public/Applis%20Play%20Store%20images/Applis%20dioula/06%20contes%20dioula%20dakuyo.jpg.webp?itok=Q3XZZrOk,https://mooreburkina.com/fr/applications-smartphone/applis-en-dioula,img,
,app,,skipped_type,.webp,,,dioula;moore,,Applis en dioula | Mooré Burkina Faso,fdc6b60d616a0be4,image,https://mooreburkina.com/sites/www.mooreburkina.com/files/styles/max_750x750/public/Applis%20Play%20Store%20images/Applis%20dioula/07%20proverbes%20dioula%20avec%20audio.jpg.webp?itok=Ig9FDNUr,https://mooreburkina.com/fr/applications-smartphone/applis-en-dioula,img,
,app,,skipped_type,.webp,,,dioula;moore,,Applis en dioula | Mooré Burkina Faso,7317a2ce8b2c809a,image,https://mooreburkina.com/sites/www.mooreburkina.com/files/styles/max_750x750/public/Applis%20Play%20Store%20images/Applis%20dioula/08%20Bible%20Dioula%20BF.jpg.webp?itok=vUORevbF,https://mooreburkina.com/fr/applications-smartphone/applis-en-dioula;https://mooreburkina.com/fr/dioula/applis-en-dioula-jula,img,
,app,,skipped_type,.webp,,,dioula;moore,,Applis en dioula | Mooré Burkina Faso,8f1edb55c1beba4c,image,https://mooreburkina.com/sites/www.mooreburkina.com/files/styles/max_750x750/public/Applis%20Play%20Store%20images/Applis%20dioula/Dioula%20dictionary%20on%20app%20Store.jpg.webp?itok=oGniFawj,https://mooreburkina.com/fr/applications-smartphone/applis-en-dioula,img,
,app,,skipped_type,.webp,,,dioula;moore,,Applis en dioula | Mooré Burkina Faso,db3982b6c0f1d615,image,https://mooreburkina.com/sites/www.mooreburkina.com/files/styles/max_750x750/public/Applis%20Play%20Store%20images/Applis%20dioula/contes%20dioula%20on%20app%20Store.jpg.webp?itok=NOM7duRk,https://mooreburkina.com/fr/applications-smartphone/applis-en-dioula,img,
,dictionary,,skipped_type,.webp,,,dioula;moore,,Applications de dictionnaires | Mooré Burkina Faso,c6538f5913ab30e6,image,https://mooreburkina.com/sites/www.mooreburkina.com/files/styles/max_750x750/public/Dictio%20apk/smarthphone%20dioula.jpg.webp?itok=KzTlKG3U,https://mooreburkina.com/fr/dictionnaire-moor%C3%A9/aplications-de-dictionnaires-pour-ordinateur,img,
,dictionary,,skipped_type,.webp,,,dioula;moore,,Applications de dictionnaires | Mooré Burkina Faso,9cbe14ce9c085abe,image,https://mooreburkina.com/sites/www.mooreburkina.com/files/styles/max_750x750/public/Diction%20exe/dictionnaire%20dioula.jpg.webp?itok=n8pY0lo1,https://mooreburkina.com/fr/dictionnaire-moor%C3%A9/aplications-de-dictionnaires-pour-ordinateur,img,
,other,,skipped_type,.webp,,,dioula;moore,,Dioula facile tome 1 | Mooré Burkina Faso,7926fbe051315316,image,https://mooreburkina.com/sites/www.mooreburkina.com/files/styles/max_750x750/public/dioula%20facile%201a.jpg.webp?itok=ihWVroVz,https://mooreburkina.com/fr/dioula/dioula-facile-tome-1,img,
,book_document,,skipped_type,.webp,,,dioula;moore,,Documents dioula | Mooré Burkina Faso,074df5b8c0a399b9,image,https://mooreburkina.com/sites/www.mooreburkina.com/files/styles/max_750x750/public/pdf-files/02%20Index%20Deutsch%20-%20Dioula.jpg.webp?itok=2UjN_eIq,https://mooreburkina.com/fr/dioula/documents-dioula,img,
,book_document,,skipped_type,.webp,,,dioula;moore,,Documents dioula | Mooré Burkina Faso,7d99ee3b9cbae781,image,https://mooreburkina.com/sites/www.mooreburkina.com/files/styles/max_750x750/public/pdf-files/Dioula%20Lexique%20fr%20en%20al%20klein.jpg.webp?itok=6TSeF9VY,https://mooreburkina.com/fr/dioula/documents-dioula,img,
,book_document,,skipped_type,.webp,,,dioula;moore,,Documents dioula | Mooré Burkina Faso,158adf07537b4659,image,https://mooreburkina.com/sites/www.mooreburkina.com/files/styles/max_750x750/public/pdf-files/Dioula%20Plantes%20Lexique.jpg.webp?itok=_VUxqZ8a,https://mooreburkina.com/fr/dioula/documents-dioula,img,
,book_document,,skipped_type,.webp,,,dioula;moore,,Documents dioula | Mooré Burkina Faso,c14e7ee62c8764f3,image,https://mooreburkina.com/sites/www.mooreburkina.com/files/styles/max_750x750/public/pdf-files/Dioula%20maladies%20Lexique.jpg.webp?itok=6qlu3AjS,https://mooreburkina.com/fr/dioula/documents-dioula,img,
,book_document,,skipped_type,.webp,,,dioula;moore,,Documents dioula | Mooré Burkina Faso,f0dd5fe6665797b5,image,https://mooreburkina.com/sites/www.mooreburkina.com/files/styles/max_750x750/public/pdf-files/Dioula%20math%20et%20enseigne.jpg.webp?itok=k7q2FJiF,https://mooreburkina.com/fr/dioula/documents-dioula,img,
,book_document,,skipped_type,.webp,,,dioula;moore,,Documents dioula | Mooré Burkina Faso,de8171f36b20825c,image,https://mooreburkina.com/sites/www.mooreburkina.com/files/styles/max_750x750/public/pdf-files/Dioula%20nourriture%20Lexique1.jpg.webp?itok=j8h8cMBM,https://mooreburkina.com/fr/dioula/documents-dioula,img,
,book_document,,skipped_type,.webp,,,dioula;moore,,Documents dioula | Mooré Burkina Faso,942fc1fac7076349,image,https://mooreburkina.com/sites/www.mooreburkina.com/files/styles/max_750x750/public/pdf-files/dictionnaire%20dioula%20-%20fr%20-%20en%20-%20de%20avec%20images2.jpg.webp?itok=mWXyLfhs,https://mooreburkina.com/fr/dioula/documents-dioula,img,
Bambara - Allemand Index.pdf,book_document,,skipped_type,.webp,,,dioula;moore,,Documents dioula | Mooré Burkina Faso,2f652abf76cb33a8,image,https://mooreburkina.com/sites/www.mooreburkina.com/files/styles/medium/public/pdf-files/Bambara%20-%20Allemand%20Index.pdf.jpg.webp?itok=FxwAPHhc,https://mooreburkina.com/fr/dioula/documents-dioula,img,
Bambara Animaux inférieurs.pdf,image_culture,,skipped_type,.webp,,,dioula;moore,,Documents dioula | Mooré Burkina Faso,88dc1cb527396b7f,image,https://mooreburkina.com/sites/www.mooreburkina.com/files/styles/medium/public/pdf-files/Bambara%20Animaux%20inf%C3%A9rieurs.pdf.jpg.webp?itok=uILbpLDd,https://mooreburkina.com/fr/dioula/documents-dioula,img,
"Bambara Buissons, arbustes.pdf",book_document,,skipped_type,.webp,,,dioula;moore,,Documents dioula | Mooré Burkina Faso,779d65bca02cd9e2,image,https://mooreburkina.com/sites/www.mooreburkina.com/files/styles/medium/public/pdf-files/Bambara%20Buissons%2C%20arbustes.pdf.jpg.webp?itok=9yPA0Tur,https://mooreburkina.com/fr/dioula/documents-dioula,img,
"Bambara Herbes, plantes grimpantes.pdf",book_document,,skipped_type,.webp,,,dioula;moore,,Documents dioula | Mooré Burkina Faso,ac8a7ace4f0b0c74,image,https://mooreburkina.com/sites/www.mooreburkina.com/files/styles/medium/public/pdf-files/Bambara%20Herbes%2C%20plantes%20grimpantes.pdf.jpg.webp?itok=dNvOkN_U,https://mooreburkina.com/fr/dioula/documents-dioula,img,
Bambara Lexique.pdf,dictionary,,skipped_type,.webp,,,dioula;moore,,Documents dioula | Mooré Burkina Faso,52f2d7fed3a25c30,image,https://mooreburkina.com/sites/www.mooreburkina.com/files/styles/medium/public/pdf-files/Bambara%20Lexique.pdf.jpg.webp?itok=SYO6nWXs,https://mooreburkina.com/fr/dioula/documents-dioula,img,
Bambara Mammifères.pdf,book_document,,skipped_type,.webp,,,dioula;moore,,Documents dioula | Mooré Burkina Faso,ba925880ef108076,image,https://mooreburkina.com/sites/www.mooreburkina.com/files/styles/medium/public/pdf-files/Bambara%20Mammif%C3%A8res.pdf.jpg.webp?itok=7Ujz4FTi,https://mooreburkina.com/fr/dioula/documents-dioula,img,
Bambara Oiseaux.pdf,book_document,,skipped_type,.webp,,,dioula;moore,,Documents dioula | Mooré Burkina Faso,28f243fb0e2afe32,image,https://mooreburkina.com/sites/www.mooreburkina.com/files/styles/medium/public/pdf-files/Bambara%20Oiseaux.pdf.jpg.webp?itok=rOxkpJgN,https://mooreburkina.com/fr/dioula/documents-dioula,img,
Bambara Reptiles et Amphibiens.pdf,book_document,,skipped_type,.webp,,,dioula;moore,,Documents dioula | Mooré Burkina Faso,5afc86d6ee3f83ae,image,https://mooreburkina.com/sites/www.mooreburkina.com/files/styles/medium/public/pdf-files/Bambara%20Reptiles%20et%20Amphibiens.pdf.jpg.webp?itok=bBjjZsYQ,https://mooreburkina.com/fr/dioula/documents-dioula,img,
Bambara arbres.pdf,book_document,,skipped_type,.webp,,,dioula;moore,,Documents dioula | Mooré Burkina Faso,dfd7480bb5526146,image,https://mooreburkina.com/sites/www.mooreburkina.com/files/styles/medium/public/pdf-files/Bambara%20arbres_0.pdf.jpg.webp?itok=j-Pjawaq,https://mooreburkina.com/fr/dioula/documents-dioula,img,
Bambara insectes et araignées.pdf,book_document,,skipped_type,.webp,,,dioula;moore,,Documents dioula | Mooré Burkina Faso,0a8c087bf51cd5d4,image,https://mooreburkina.com/sites/www.mooreburkina.com/files/styles/medium/public/pdf-files/Bambara%20insectes%20et%20araign%C3%A9es.pdf.jpg.webp?itok=FXdIsDM3,https://mooreburkina.com/fr/dioula/documents-dioula,img,
Bambara poissons.pdf,book_document,,skipped_type,.webp,,,dioula;moore,,Documents dioula | Mooré Burkina Faso,9ae4eb704139e6b5,image,https://mooreburkina.com/sites/www.mooreburkina.com/files/styles/medium/public/pdf-files/Bambara%20poissons.pdf.jpg.webp?itok=5pYsWLcN,https://mooreburkina.com/fr/dioula/documents-dioula,img,
Guide d'orthographe dioula.pdf,orthography,,skipped_type,.webp,,,dioula;moore,,Documents dioula | Mooré Burkina Faso,d2379a40e5086325,image,https://mooreburkina.com/sites/www.mooreburkina.com/files/styles/medium/public/pdf-files/Guide%20d%27orthographe%20dioula.pdf.jpg.webp?itok=jZmc5roq,https://mooreburkina.com/fr/dioula/documents-dioula,img,
,other,application/x-mpegURL,reference_only,,,,dioula;moore,,Videos en diaporama dioula | Mooré Burkina Faso,eed0cc64d2e89ce4,link,https://mooreburkina.com/sites/www.mooreburkina.com/files/media_stream/streams/hls_standard_video/1061.m3u8,https://mooreburkina.com/fr/dioula/videos-en-diaporama-dioula,source,
,other,application/x-mpegURL,reference_only,,,,dioula;moore,,Videos en diaporama dioula | Mooré Burkina Faso,f4fe18d09ce33157,link,https://mooreburkina.com/sites/www.mooreburkina.com/files/media_stream/streams/hls_standard_video/1064.m3u8,https://mooreburkina.com/fr/dioula/videos-en-diaporama-dioula,source,
,other,application/x-mpegURL,reference_only,,,,dioula;moore,,Videos en diaporama dioula | Mooré Burkina Faso,1160a48cb2c4b707,link,https://mooreburkina.com/sites/www.mooreburkina.com/files/media_stream/streams/hls_standard_video/1073.m3u8,https://mooreburkina.com/fr/dioula/videos-en-diaporama-dioula,source,
,other,application/x-mpegURL,reference_only,,,,dioula;moore,,Videos en diaporama dioula | Mooré Burkina Faso,2b30766c6ed4c326,link,https://mooreburkina.com/sites/www.mooreburkina.com/files/media_stream/streams/hls_standard_video/1076.m3u8,https://mooreburkina.com/fr/dioula/videos-en-diaporama-dioula,source,
,religious,application/x-mpegURL,reference_only,,,,dioula;moore,,Marcher avec Jésus 1 - 5 | Mooré Burkina Faso,74614114917d7f4e,link,https://mooreburkina.com/sites/www.mooreburkina.com/files/media_stream/streams/hls_standard_video/763.m3u8,https://mooreburkina.com/fr/dioula/marcher-avec-j%C3%A9sus-1-5,source,
,religious,application/x-mpegURL,reference_only,,,,dioula;moore,,Marcher avec Jésus 1 - 5 | Mooré Burkina Faso,8d88d00c8b5bff95,link,https://mooreburkina.com/sites/www.mooreburkina.com/files/media_stream/streams/hls_standard_video/766.m3u8,https://mooreburkina.com/fr/dioula/marcher-avec-j%C3%A9sus-1-5,source,
,religious,application/x-mpegURL,reference_only,,,,dioula;moore,,Marcher avec Jésus 1 - 5 | Mooré Burkina Faso,e1e246f656088204,link,https://mooreburkina.com/sites/www.mooreburkina.com/files/media_stream/streams/hls_standard_video/769.m3u8,https://mooreburkina.com/fr/dioula/marcher-avec-j%C3%A9sus-1-5,source,
,religious,application/x-mpegURL,reference_only,,,,dioula;moore,,Marcher avec Jésus 1 - 5 | Mooré Burkina Faso,78cc7443d56ff78a,link,https://mooreburkina.com/sites/www.mooreburkina.com/files/media_stream/streams/hls_standard_video/772.m3u8,https://mooreburkina.com/fr/dioula/marcher-avec-j%C3%A9sus-1-5,source,
,religious,application/x-mpegURL,reference_only,,,,dioula;moore,,Marcher avec Jésus 1 - 5 | Mooré Burkina Faso,c00279acc77336b1,link,https://mooreburkina.com/sites/www.mooreburkina.com/files/media_stream/streams/hls_standard_video/775.m3u8,https://mooreburkina.com/fr/dioula/marcher-avec-j%C3%A9sus-1-5,source,
,other,application/x-mpegURL,reference_only,,,,dioula;moore,,Videos en diaporama dioula | Mooré Burkina Faso,c32f685ed252374f,link,https://mooreburkina.com/sites/www.mooreburkina.com/files/media_stream/streams/hls_standard_video/959.m3u8,https://mooreburkina.com/fr/dioula/videos-en-diaporama-dioula,source,
,other,application/x-mpegURL,reference_only,,,,dioula;moore,,Videos en diaporama dioula | Mooré Burkina Faso,81afaca55de48254,link,https://mooreburkina.com/sites/www.mooreburkina.com/files/media_stream/streams/hls_standard_video/962.m3u8,https://mooreburkina.com/fr/dioula/videos-en-diaporama-dioula,source,
,other,application/x-mpegURL,reference_only,,,,dioula;moore,,Videos en diaporama dioula | Mooré Burkina Faso,4cd8cd2920f91bf7,link,https://mooreburkina.com/sites/www.mooreburkina.com/files/media_stream/streams/hls_standard_video/965.m3u8,https://mooreburkina.com/fr/dioula/videos-en-diaporama-dioula,source,
,other,application/x-mpegURL,reference_only,,,,dioula;moore,,Videos en diaporama dioula | Mooré Burkina Faso,62831904ce82b5f7,link,https://mooreburkina.com/sites/www.mooreburkina.com/files/media_stream/streams/hls_standard_video/968.m3u8,https://mooreburkina.com/fr/dioula/videos-en-diaporama-dioula,source,
mp4 (150px),other,,skipped_type,.mp4,,,dioula;moore,,Videos en diaporama dioula | Mooré Burkina Faso,239d9f3d7856848a,video,https://mooreburkina.com/sites/www.mooreburkina.com/files/media_stream/encodings/video_download_mp4_150/1061-.mp4,https://mooreburkina.com/fr/dioula/videos-en-diaporama-dioula,a,
mp4 (150px),other,,skipped_type,.mp4,,,dioula;moore,,Videos en diaporama dioula | Mooré Burkina Faso,57d20a9d636ffde5,video,https://mooreburkina.com/sites/www.mooreburkina.com/files/media_stream/encodings/video_download_mp4_150/1064-.mp4,https://mooreburkina.com/fr/dioula/videos-en-diaporama-dioula,a,
mp4 (150px),other,,skipped_type,.mp4,,,dioula;moore,,Videos en diaporama dioula | Mooré Burkina Faso,aa2f48a3aaf4a65b,video,https://mooreburkina.com/sites/www.mooreburkina.com/files/media_stream/encodings/video_download_mp4_150/1073-.mp4,https://mooreburkina.com/fr/dioula/videos-en-diaporama-dioula,a,
mp4 (150px),other,,skipped_type,.mp4,,,dioula;moore,,Videos en diaporama dioula | Mooré Burkina Faso,8dad5883f42036eb,video,https://mooreburkina.com/sites/www.mooreburkina.com/files/media_stream/encodings/video_download_mp4_150/1076-.mp4,https://mooreburkina.com/fr/dioula/videos-en-diaporama-dioula,a,
mp4 (150px),religious,,skipped_type,.mp4,,,dioula;moore,,Marcher avec Jésus 1 - 5 | Mooré Burkina Faso,05e7d5e2232a04f4,video,https://mooreburkina.com/sites/www.mooreburkina.com/files/media_stream/encodings/video_download_mp4_150/763-.mp4,https://mooreburkina.com/fr/dioula/marcher-avec-j%C3%A9sus-1-5,a,
mp4 (150px),religious,,skipped_type,.mp4,,,dioula;moore,,Marcher avec Jésus 1 - 5 | Mooré Burkina Faso,e79208fcec8f9ec1,video,https://mooreburkina.com/sites/www.mooreburkina.com/files/media_stream/encodings/video_download_mp4_150/766-.mp4,https://mooreburkina.com/fr/dioula/marcher-avec-j%C3%A9sus-1-5,a,
mp4 (150px),religious,,skipped_type,.mp4,,,dioula;moore,,Marcher avec Jésus 1 - 5 | Mooré Burkina Faso,aff75e282720384f,video,https://mooreburkina.com/sites/www.mooreburkina.com/files/media_stream/encodings/video_download_mp4_150/769-.mp4,https://mooreburkina.com/fr/dioula/marcher-avec-j%C3%A9sus-1-5,a,
mp4 (150px),religious,,skipped_type,.mp4,,,dioula;moore,,Marcher avec Jésus 1 - 5 | Mooré Burkina Faso,b1a8f1cd6b450162,video,https://mooreburkina.com/sites/www.mooreburkina.com/files/media_stream/encodings/video_download_mp4_150/772-.mp4,https://mooreburkina.com/fr/dioula/marcher-avec-j%C3%A9sus-1-5,a,
mp4 (150px),religious,,skipped_type,.mp4,,,dioula;moore,,Marcher avec Jésus 1 - 5 | Mooré Burkina Faso,98aab7443aba2f77,video,https://mooreburkina.com/sites/www.mooreburkina.com/files/media_stream/encodings/video_download_mp4_150/775-.mp4,https://mooreburkina.com/fr/dioula/marcher-avec-j%C3%A9sus-1-5,a,
mp4 (150px),other,,skipped_type,.mp4,,,dioula;moore,,Videos en diaporama dioula | Mooré Burkina Faso,0bb916d29be79435,video,https://mooreburkina.com/sites/www.mooreburkina.com/files/media_stream/encodings/video_download_mp4_150/959-.mp4,https://mooreburkina.com/fr/dioula/videos-en-diaporama-dioula,a,
mp4 (150px),other,,skipped_type,.mp4,,,dioula;moore,,Videos en diaporama dioula | Mooré Burkina Faso,fb0a75c2b362d3c7,video,https://mooreburkina.com/sites/www.mooreburkina.com/files/media_stream/encodings/video_download_mp4_150/962-.mp4,https://mooreburkina.com/fr/dioula/videos-en-diaporama-dioula,a,
mp4 (150px),other,,skipped_type,.mp4,,,dioula;moore,,Videos en diaporama dioula | Mooré Burkina Faso,6aac3e75c263e49f,video,https://mooreburkina.com/sites/www.mooreburkina.com/files/media_stream/encodings/video_download_mp4_150/965-.mp4,https://mooreburkina.com/fr/dioula/videos-en-diaporama-dioula,a,
mp4 (150px),other,,skipped_type,.mp4,,,dioula;moore,,Videos en diaporama dioula | Mooré Burkina Faso,9be6270ac1ad4919,video,https://mooreburkina.com/sites/www.mooreburkina.com/files/media_stream/encodings/video_download_mp4_150/968-.mp4,https://mooreburkina.com/fr/dioula/videos-en-diaporama-dioula,a,
mp4 (480px),other,,skipped_type,.mp4,,,dioula;moore,,Videos en diaporama dioula | Mooré Burkina Faso,3d3c0ac35ba6287b,video,https://mooreburkina.com/sites/www.mooreburkina.com/files/media_stream/encodings/video_download_mp4_480/1061-.mp4,https://mooreburkina.com/fr/dioula/videos-en-diaporama-dioula,a,
mp4 (480px),other,,skipped_type,.mp4,,,dioula;moore,,Videos en diaporama dioula | Mooré Burkina Faso,1200e34aed0110a3,video,https://mooreburkina.com/sites/www.mooreburkina.com/files/media_stream/encodings/video_download_mp4_480/1064-.mp4,https://mooreburkina.com/fr/dioula/videos-en-diaporama-dioula,a,
mp4 (480px),other,,skipped_type,.mp4,,,dioula;moore,,Videos en diaporama dioula | Mooré Burkina Faso,629a294709ed2a13,video,https://mooreburkina.com/sites/www.mooreburkina.com/files/media_stream/encodings/video_download_mp4_480/1073-.mp4,https://mooreburkina.com/fr/dioula/videos-en-diaporama-dioula,a,
mp4 (480px),other,,skipped_type,.mp4,,,dioula;moore,,Videos en diaporama dioula | Mooré Burkina Faso,55d8375753921cd0,video,https://mooreburkina.com/sites/www.mooreburkina.com/files/media_stream/encodings/video_download_mp4_480/1076-.mp4,https://mooreburkina.com/fr/dioula/videos-en-diaporama-dioula,a,
mp4 (480px),other,,skipped_type,.mp4,,,dioula;moore,,Videos en diaporama dioula | Mooré Burkina Faso,6a461cd5f278e094,video,https://mooreburkina.com/sites/www.mooreburkina.com/files/media_stream/encodings/video_download_mp4_480/959-.mp4,https://mooreburkina.com/fr/dioula/videos-en-diaporama-dioula,a,
mp4 (480px),other,,skipped_type,.mp4,,,dioula;moore,,Videos en diaporama dioula | Mooré Burkina Faso,96ca7626706b9b95,video,https://mooreburkina.com/sites/www.mooreburkina.com/files/media_stream/encodings/video_download_mp4_480/962-.mp4,https://mooreburkina.com/fr/dioula/videos-en-diaporama-dioula,a,
mp4 (480px),other,,skipped_type,.mp4,,,dioula;moore,,Videos en diaporama dioula | Mooré Burkina Faso,d7206c0c6c94efe8,video,https://mooreburkina.com/sites/www.mooreburkina.com/files/media_stream/encodings/video_download_mp4_480/965-.mp4,https://mooreburkina.com/fr/dioula/videos-en-diaporama-dioula,a,
mp4 (480px),other,,skipped_type,.mp4,,,dioula;moore,,Videos en diaporama dioula | Mooré Burkina Faso,fa135db46f0ed61e,video,https://mooreburkina.com/sites/www.mooreburkina.com/files/media_stream/encodings/video_download_mp4_480/968-.mp4,https://mooreburkina.com/fr/dioula/videos-en-diaporama-dioula,a,
mp4 (taille originale),other,,skipped_type,.mp4,,,dioula;moore,,Videos en diaporama dioula | Mooré Burkina Faso,94fc9e9db1ad42b8,video,https://mooreburkina.com/sites/www.mooreburkina.com/files/media_stream/encodings/video_download_mp4_orig_qual/1061-.mp4,https://mooreburkina.com/fr/dioula/videos-en-diaporama-dioula,a,
mp4 (taille originale),other,,skipped_type,.mp4,,,dioula;moore,,Videos en diaporama dioula | Mooré Burkina Faso,3f7a96777cf061e3,video,https://mooreburkina.com/sites/www.mooreburkina.com/files/media_stream/encodings/video_download_mp4_orig_qual/1064-.mp4,https://mooreburkina.com/fr/dioula/videos-en-diaporama-dioula,a,
mp4 (taille originale),other,,skipped_type,.mp4,,,dioula;moore,,Videos en diaporama dioula | Mooré Burkina Faso,ce299d2353697f9a,video,https://mooreburkina.com/sites/www.mooreburkina.com/files/media_stream/encodings/video_download_mp4_orig_qual/1073-.mp4,https://mooreburkina.com/fr/dioula/videos-en-diaporama-dioula,a,
mp4 (taille originale),other,,skipped_type,.mp4,,,dioula;moore,,Videos en diaporama dioula | Mooré Burkina Faso,66c85629916997ac,video,https://mooreburkina.com/sites/www.mooreburkina.com/files/media_stream/encodings/video_download_mp4_orig_qual/1076-.mp4,https://mooreburkina.com/fr/dioula/videos-en-diaporama-dioula,a,
mp4 (taille originale),religious,,skipped_type,.mp4,,,dioula;moore,,Marcher avec Jésus 1 - 5 | Mooré Burkina Faso,64c10af4d4796e14,video,https://mooreburkina.com/sites/www.mooreburkina.com/files/media_stream/encodings/video_download_mp4_orig_qual/763-.mp4,https://mooreburkina.com/fr/dioula/marcher-avec-j%C3%A9sus-1-5,a,
mp4 (taille originale),religious,,skipped_type,.mp4,,,dioula;moore,,Marcher avec Jésus 1 - 5 | Mooré Burkina Faso,22ef6faa31f02b6f,video,https://mooreburkina.com/sites/www.mooreburkina.com/files/media_stream/encodings/video_download_mp4_orig_qual/766-.mp4,https://mooreburkina.com/fr/dioula/marcher-avec-j%C3%A9sus-1-5,a,
mp4 (taille originale),religious,,skipped_type,.mp4,,,dioula;moore,,Marcher avec Jésus 1 - 5 | Mooré Burkina Faso,6bd7c27c1ae92abd,video,https://mooreburkina.com/sites/www.mooreburkina.com/files/media_stream/encodings/video_download_mp4_orig_qual/769-.mp4,https://mooreburkina.com/fr/dioula/marcher-avec-j%C3%A9sus-1-5,a,
mp4 (taille originale),religious,,skipped_type,.mp4,,,dioula;moore,,Marcher avec Jésus 1 - 5 | Mooré Burkina Faso,063ae837ffd3d9de,video,https://mooreburkina.com/sites/www.mooreburkina.com/files/media_stream/encodings/video_download_mp4_orig_qual/772-.mp4,https://mooreburkina.com/fr/dioula/marcher-avec-j%C3%A9sus-1-5,a,
mp4 (taille originale),religious,,skipped_type,.mp4,,,dioula;moore,,Marcher avec Jésus 1 - 5 | Mooré Burkina Faso,f5727feb2bccba02,video,https://mooreburkina.com/sites/www.mooreburkina.com/files/media_stream/encodings/video_download_mp4_orig_qual/775-.mp4,https://mooreburkina.com/fr/dioula/marcher-avec-j%C3%A9sus-1-5,a,
mp4 (taille originale),other,,skipped_type,.mp4,,,dioula;moore,,Videos en diaporama dioula | Mooré Burkina Faso,9c3c434ea85c0dbe,video,https://mooreburkina.com/sites/www.mooreburkina.com/files/media_stream/encodings/video_download_mp4_orig_qual/959-.mp4,https://mooreburkina.com/fr/dioula/videos-en-diaporama-dioula,a,
mp4 (taille originale),other,,skipped_type,.mp4,,,dioula;moore,,Videos en diaporama dioula | Mooré Burkina Faso,7e9bb124fc474cfc,video,https://mooreburkina.com/sites/www.mooreburkina.com/files/media_stream/encodings/video_download_mp4_orig_qual/962-.mp4,https://mooreburkina.com/fr/dioula/videos-en-diaporama-dioula,a,
mp4 (taille originale),other,,skipped_type,.mp4,,,dioula;moore,,Videos en diaporama dioula | Mooré Burkina Faso,e145fe0f41c70dc2,video,https://mooreburkina.com/sites/www.mooreburkina.com/files/media_stream/encodings/video_download_mp4_orig_qual/965-.mp4,https://mooreburkina.com/fr/dioula/videos-en-diaporama-dioula,a,
mp4 (taille originale),other,,skipped_type,.mp4,,,dioula;moore,,Videos en diaporama dioula | Mooré Burkina Faso,e0659ae27098c558,video,https://mooreburkina.com/sites/www.mooreburkina.com/files/media_stream/encodings/video_download_mp4_orig_qual/968-.mp4,https://mooreburkina.com/fr/dioula/videos-en-diaporama-dioula,a,
Sylvain COULIBALY Hèra bè Matigi Yesu fè.Clip Officiel,music,,reference_only,,,,dioula;moore,,Youtube chants diuola | Mooré Burkina Faso,92aed02100562abe,video_or_embed,https://mooreburkina.com/fr/media/oembed?url=https%3A//www.youtube.com/watch%3Fv%3D4EKzuYy1-Xs&max_width=0&max_height=0&hash=-gK0BbvGAmExgDNDkDOR1tzy6u23x4xjbIFXeDXgaOw,https://mooreburkina.com/fr/dioula/youtube-chants-diuola,iframe,
CDD SONG IN DIOULA,music,,reference_only,,,,dioula;moore,,Youtube chants diuola | Mooré Burkina Faso,bc0e36e971c817e8,video_or_embed,https://mooreburkina.com/fr/media/oembed?url=https%3A//www.youtube.com/watch%3Fv%3DIonaHZ87nAA&max_width=0&max_height=0&hash=oAZEhOY5NPYaf02Lb0PKOyME1uu0xfoCj9xwxZrW7MM,https://mooreburkina.com/fr/dioula/youtube-chants-diuola,iframe,
YESU NANA,music,,reference_only,,,,dioula;moore,,Youtube chants diuola | Mooré Burkina Faso,f9264ab8b42fcc7d,video_or_embed,https://mooreburkina.com/fr/media/oembed?url=https%3A//www.youtube.com/watch%3Fv%3DKMv00IIEPo8&max_width=0&max_height=0&hash=VGBBW8bzTmOruVgqGEfN1pk8srlFTSB3qkDg1n8A4b0,https://mooreburkina.com/fr/dioula/youtube-chants-diuola,iframe,
JEHOVAH,music,,reference_only,,,,dioula;moore,,Youtube chants diuola | Mooré Burkina Faso,be2b98fb28e04e35,video_or_embed,https://mooreburkina.com/fr/media/oembed?url=https%3A//www.youtube.com/watch%3Fv%3DTUs4HfCykwA&max_width=0&max_height=0&hash=J0c_ve-vdSnvH5uKU9KHkdjak0-Rr9CVtLqd2oxK6Kg,https://mooreburkina.com/fr/dioula/youtube-chants-diuola,iframe,
Amity Meria Meima,music,,reference_only,,,,dioula;moore,,Youtube chants diuola | Mooré Burkina Faso,fbed8cb460f9aae0,video_or_embed,https://mooreburkina.com/fr/media/oembed?url=https%3A//www.youtube.com/watch%3Fv%3DoXEi5tbe95k&max_width=0&max_height=0&hash=ebbMreQl00NusZQWQPccTJDjhqrwHJp8vI2WVWqXa8g,https://mooreburkina.com/fr/dioula/youtube-chants-diuola,iframe,
Alphabet Bambara.pdf,orthography,,reference_only,,,,dioula;moore,,Documents dioula | Mooré Burkina Faso,10a0a2a523e28c20,video_or_embed,https://mooreburkina.com/libraries/pdfjs-dist-viewer-min/build/minified/web/viewer.html?file=https%3A%2F%2Fmooreburkina.com%2Fsites%2Fwww.mooreburkina.com%2Ffiles%2Fpdf-files%2FAlphabet%2520Bambara.pdf,https://mooreburkina.com/fr/dioula/documents-dioula,iframe,
Alphabet dioula.pdf,orthography,,reference_only,,,,dioula;moore,,Documents dioula | Mooré Burkina Faso,22d352670804d324,video_or_embed,https://mooreburkina.com/libraries/pdfjs-dist-viewer-min/build/minified/web/viewer.html?file=https%3A%2F%2Fmooreburkina.com%2Fsites%2Fwww.mooreburkina.com%2Ffiles%2Fpdf-files%2FAlphabet%2520dioula.pdf,https://mooreburkina.com/fr/dioula-fulfulde;https://mooreburkina.com/fr/dioula/documents-dioula,iframe,
Applis en dioula.pdf,app,,reference_only,,,,dioula;moore,,Documents dioula | Mooré Burkina Faso,e08eb87d9d87601a,video_or_embed,https://mooreburkina.com/libraries/pdfjs-dist-viewer-min/build/minified/web/viewer.html?file=https%3A%2F%2Fmooreburkina.com%2Fsites%2Fwww.mooreburkina.com%2Ffiles%2Fpdf-files%2FApplis%2520en%2520dioula_0_0.pdf,https://mooreburkina.com/fr/dioula/documents-dioula,iframe,
Dioula Apps 2024.pdf,book_document,,reference_only,,,,dioula;moore,,Documents dioula | Mooré Burkina Faso,0af57a9f439a06b8,video_or_embed,https://mooreburkina.com/libraries/pdfjs-dist-viewer-min/build/minified/web/viewer.html?file=https%3A%2F%2Fmooreburkina.com%2Fsites%2Fwww.mooreburkina.com%2Ffiles%2Fpdf-files%2FDioula%2520Apps%25202024.pdf,https://mooreburkina.com/fr/dioula/documents-dioula,iframe,
Guide d'orthographe dioula.pdf,orthography,,reference_only,,,,dioula;moore,,Guide d'orthographe dioula | Mooré Burkina Faso,fa460cf5a4623652,video_or_embed,https://mooreburkina.com/libraries/pdfjs-dist-viewer-min/build/minified/web/viewer.html?file=https%3A%2F%2Fmooreburkina.com%2Fsites%2Fwww.mooreburkina.com%2Ffiles%2Fpdf-files%2FGuide%2520d%2527orthographe%2520dioula.pdf,https://mooreburkina.com/fr/dioula/guide-dorthographe-dioula,iframe,
,app,,external_reference,,apps.apple.com,,english;french;fulfulde;moore,,Applis en Fulfulde | Mooré Burkina Faso,d87c935a0f869752,app_store,https://apps.apple.com/us/app/pular-english-french/id6479080054?platform=iphone,https://mooreburkina.com/fr/applications-smartphone/applis-en-fulfulde,a,
-français - anglais.,dictionary,,external_reference,,play.google.com,,english;french;fulfulde;moore,,Applications de dictionnaires | Mooré Burkina Faso,4439645db84a198d,app_store,https://play.google.com/store/search?q=dictionnaire%20fulfulde&c=apps&hl=fr,https://mooreburkina.com/fr/dictionnaire-moor%C3%A9/aplications-de-dictionnaires-pour-ordinateur,a,
,book_document,,skipped_type,.webp,,,english;french;fulfulde;moore,,Documents pdf Fulfulde | Mooré Burkina Faso,e274cacfbd9e87ae,image,https://mooreburkina.com/sites/www.mooreburkina.com/files/styles/max_750x750/public/pdf-files/03%20Dictionnaire%20Fulfulde%20-%20fran%C3%A7ais%20-%20English%20PT.jpg.webp?itok=1yOIVTzi,https://mooreburkina.com/fr/fulfulde/documents-pdf-fulfulde,img,fulfulde_gurmaare;fulfulde_jelgoore;fulfulde_moosiire;fulfulde_yaagaare
,book_document,,skipped_type,.webp,,,english;french;fulfulde;moore,,Documents pdf Fulfulde | Mooré Burkina Faso,075bdcb0b27a569f,image,https://mooreburkina.com/sites/www.mooreburkina.com/files/styles/max_750x750/public/pdf-files/Dictionnaire%20Fulfulde%20-%20fran%C3%A7ais%20-%20english%20et%20images1.jpg.webp?itok=O7YebxfQ,https://mooreburkina.com/fr/fulfulde/documents-pdf-fulfulde,img,fulfulde_gurmaare;fulfulde_jelgoore;fulfulde_moosiire;fulfulde_yaagaare
,dictionary,,external_reference,,www.webonary.org,,english;french;fulfulde;moore,,Dictionnaire fulfulde en ligne | Mooré Burkina Faso,b43e8566ee549049,video_or_embed,https://www.webonary.org/fulfuldeburkina/,https://mooreburkina.com/fr/dictionnaire-moor%C3%A9/dictionnaire-fulfulde-fran%C3%A7ais-english,iframe,
-français - anglais.,dictionary,,external_reference,,play.google.com,,english;french;gulimancema;moore,,Applications de dictionnaires | Mooré Burkina Faso,85e5b82f9ee93942,app_store,https://play.google.com/store/apps/details?id=com.gourma.dic.burkina&hl=fr,https://mooreburkina.com/fr/dictionnaire-moor%C3%A9/aplications-de-dictionnaires-pour-ordinateur;https://mooreburkina.com/fr/gulimancema;https://mooreburkina.com/fr/gulimancema/dictionnaire-gulmanchema,a,
,app,,external_reference,,apps.apple.com,,english;french;moore,,Applis en mooré | Mooré Burkina Faso,1c68bc9b80341e73,app_store,https://apps.apple.com/us/app/moore-french-english/id6477153264?platform=iphone,https://mooreburkina.com/fr/applications-smartphone/applis-en-moor%C3%A9,a,
,app,,external_reference,,play.google.com,,english;french;moore,,Français applications | Mooré Burkina Faso,c0d2814688f9058d,app_store,https://play.google.com/store/apps/details?id=com.africaine.sagesse.english.francais&hl=fr,https://mooreburkina.com/fr/fran%C3%A7ais-applications,a,
,app,,external_reference,,play.google.com,,english;french;moore,,Français applications | Mooré Burkina Faso,1175775d8d42205d,app_store,https://play.google.com/store/apps/details?id=com.alleman.francais.english.riches&hl=fr,https://mooreburkina.com/fr/fran%C3%A7ais-applications,a,
Dictionnaire mooré -français - anglais.,dictionary,,external_reference,,play.google.com,,english;french;moore,,Applications de dictionnaires | Mooré Burkina Faso,0ad3eb484ac44fb2,app_store,https://play.google.com/store/apps/details?id=com.english.french.moore.dictioanry&hl=fr,https://mooreburkina.com/fr/applications-smartphone/applis-en-moor%C3%A9;https://mooreburkina.com/fr/dictionnaire-moor%C3%A9/aplications-de-dictionnaires-pour-ordinateur,a,
,app,,external_reference,,play.google.com,,english;french;moore,,Français applications | Mooré Burkina Faso,af474a4633c4f9bc,app_store,https://play.google.com/store/apps/details?id=com.english.proverbs.african&hl=en,https://mooreburkina.com/fr/fran%C3%A7ais-applications,a,
,app,,external_reference,,play.google.com,,english;french;moore,,Français applications | Mooré Burkina Faso,5c62abb05f38de2a,app_store,https://play.google.com/store/apps/details?id=com.explained.french.german.english.apocalypse&hl=fr,https://mooreburkina.com/fr/fran%C3%A7ais-applications,a,
,app,,external_reference,,play.google.com,,english;french;moore,,Français applications | Mooré Burkina Faso,f9abd6af045f403f,app_store,https://play.google.com/store/apps/details?id=com.francais.english.welcome&hl=fr,https://mooreburkina.com/fr/fran%C3%A7ais-applications,a,
,app,,external_reference,,play.google.com,,english;french;moore,,Français applications | Mooré Burkina Faso,e7d33319759de99a,app_store,https://play.google.com/store/apps/details?id=com.french.german.english.wholehearted&hl=fr,https://mooreburkina.com/fr/fran%C3%A7ais-applications,a,
,app,,external_reference,,play.google.com,,english;french;moore,,Français applications | Mooré Burkina Faso,222b7c75efd87f3a,app_store,https://play.google.com/store/apps/details?id=com.mutilation.genital.female.english&hl=en,https://mooreburkina.com/fr/fran%C3%A7ais-applications,a,
- français - anglais,dictionary,,external_reference,,play.google.com,,english;french;moore,,Applications de dictionnaires | Mooré Burkina Faso,0660a3ff4a8d1ec1,app_store,https://play.google.com/store/apps/details?id=org.sim.bf.kassem.dictionary&hl=fr,https://mooreburkina.com/fr/dictionnaire-moor%C3%A9/aplications-de-dictionnaires-pour-ordinateur,a,
- français - anglais,dictionary,,external_reference,,play.google.com,,english;french;moore,,Applications de dictionnaires | Mooré Burkina Faso,77554a31bd291b8b,app_store,https://play.google.com/store/apps/details?id=org.sim.bf.ninkare.dictionary&hl=fr,https://mooreburkina.com/fr/dictionnaire-moor%C3%A9/aplications-de-dictionnaires-pour-ordinateur,a,
African Proverbs English Play Store.jpg,app,,skipped_type,.webp,,,english;french;moore,,Français applications | Mooré Burkina Faso,54c482cfe12ecb5f,image,https://mooreburkina.com/sites/www.mooreburkina.com/files/styles/max_750x750/public/2024-09/African%20Proverbs%20English%20Play%20Store.jpg.webp?itok=Hz5Gcbmw,https://mooreburkina.com/fr/fran%C3%A7ais-applications,img,
Dons spirituels English Play Store.jpg,app,,skipped_type,.webp,,,english;french;moore,,Français applications | Mooré Burkina Faso,0ed7aa87ddb82e34,image,https://mooreburkina.com/sites/www.mooreburkina.com/files/styles/max_750x750/public/2024-09/Dons%20spirituels%20English%20Play%20Store.jpg.webp?itok=hd5z-m75,https://mooreburkina.com/fr/fran%C3%A7ais-applications,img,
Excision English Play Store.jpg,app,,skipped_type,.webp,,,english;french;moore,,Français applications | Mooré Burkina Faso,911c32151228b487,image,https://mooreburkina.com/sites/www.mooreburkina.com/files/styles/max_750x750/public/2024-09/Excision%20English%20Play%20Store.jpg.webp?itok=J8746CPy,https://mooreburkina.com/fr/fran%C3%A7ais-applications,img,
Paradise English Play Store.jpg,app,,skipped_type,.webp,,,english;french;moore,,Français applications | Mooré Burkina Faso,18a2ca1a2c115820,image,https://mooreburkina.com/sites/www.mooreburkina.com/files/styles/max_750x750/public/2024-09/Paradise%20English%20Play%20Store.jpg.webp?itok=zGP68uYG,https://mooreburkina.com/fr/fran%C3%A7ais-applications,img,
,book_document,,skipped_type,.webp,,,english;french;moore,,Télécharger des livres en mooré pdf | Mooré Burkina Faso,81ba68ec27324918,image,https://mooreburkina.com/sites/www.mooreburkina.com/files/styles/max_750x750/public/pdf-files/Agric%20et%20Elevage%20Moore%20-%20fran%C3%A7ais%20-%20anglais.jpg.webp?itok=IZDziqJU,https://mooreburkina.com/fr/livres-en-moor%C3%A9/t%C3%A9l%C3%A9charger-pdf,img,
,book_document,,skipped_type,.webp,,,english;french;moore,,Télécharger des livres en mooré pdf | Mooré Burkina Faso,72c1467fa5c4f2fb,image,https://mooreburkina.com/sites/www.mooreburkina.com/files/styles/max_750x750/public/pdf-files/Animaux%20en%20Moore%20-%20fran%C3%A7ais%20-%20anglais.jpg.webp?itok=LMrQdHl9,https://mooreburkina.com/fr/livres-en-moor%C3%A9/t%C3%A9l%C3%A9charger-pdf,img,
,book_document,,skipped_type,.webp,,,english;french;moore,,Télécharger des livres en mooré pdf | Mooré Burkina Faso,0254ccf3c2d48e63,image,https://mooreburkina.com/sites/www.mooreburkina.com/files/styles/max_750x750/public/pdf-files/Dictionnaire%20Moore%20-%20fran%C3%A7ais%20-%20English%20avec%20images1.jpg.webp?itok=h7Z27FSP,https://mooreburkina.com/fr/livres-en-moor%C3%A9/t%C3%A9l%C3%A9charger-pdf,img,
,book_document,,skipped_type,.webp,,,english;french;moore,,Télécharger des livres en mooré pdf | Mooré Burkina Faso,4da2d6ebfd6d626c,image,https://mooreburkina.com/sites/www.mooreburkina.com/files/styles/max_750x750/public/pdf-files/Noms%20de%20maladies%20Moore%20-%20fran%C3%A7ais%20-%20anglais.jpg.webp?itok=WEZZnq9m,https://mooreburkina.com/fr/livres-en-moor%C3%A9/t%C3%A9l%C3%A9charger-pdf,img,
,book_document,,skipped_type,.webp,,,english;french;moore,,Télécharger des livres en mooré pdf | Mooré Burkina Faso,c49309a90804726d,image,https://mooreburkina.com/sites/www.mooreburkina.com/files/styles/max_750x750/public/pdf-files/Nourriture%20moor%C3%A9-%20fran%C3%A7ais%20-%20anglais.jpg.webp?itok=N16xVo6S,https://mooreburkina.com/fr/livres-en-moor%C3%A9/t%C3%A9l%C3%A9charger-pdf,img,
,book_document,,skipped_type,.webp,,,english;french;moore,,Télécharger des livres en mooré pdf | Mooré Burkina Faso,c568e218dade5815,image,https://mooreburkina.com/sites/www.mooreburkina.com/files/styles/max_750x750/public/pdf-files/Plantes%20en%20moor%C3%A9%20-%20fran%C3%A7ais%20-anglais.jpg.webp?itok=Xe5NWUFg,https://mooreburkina.com/fr/livres-en-moor%C3%A9/t%C3%A9l%C3%A9charger-pdf,img,
,book_document,,skipped_type,.webp,,,english;fulfulde;moore,,Documents pdf Fulfulde | Mooré Burkina Faso,f0c9e68e7ef65cbe,image,https://mooreburkina.com/sites/www.mooreburkina.com/files/styles/max_750x750/public/pdf-files/03%20Index%20English%20-%20Fulfulde%20PT.JPG.webp?itok=2xkSfPGQ,https://mooreburkina.com/fr/fulfulde/documents-pdf-fulfulde,img,fulfulde_gurmaare;fulfulde_jelgoore;fulfulde_moosiire;fulfulde_yaagaare
,dictionary,,external_reference,,play.google.com,,english;lobiri;moore,,Applications de dictionnaires | Mooré Burkina Faso,a1b4d6d5b59c8110,app_store,https://play.google.com/store/apps/details?id=com.english.francais.lobiri.dic&hl=fr,https://mooreburkina.com/fr/dictionnaire-moor%C3%A9/aplications-de-dictionnaires-pour-ordinateur,a,
,folktale,,external_reference,,play.google.com,,english;moore,,Mooré proverbes vol. 12 | Mooré Burkina Faso,51d0286e05008025,app_store,https://play.google.com/store/apps/details?id=com.anglais.francais.moore.proverbes&hl=fr,https://mooreburkina.com/fr/contes-proverbes/moor%C3%A9-proverbes-vol-12,a,
,dictionary,,external_reference,,play.google.com,,english;moore,,Applications de dictionnaires | Mooré Burkina Faso,8351f262778db07e,app_store,https://play.google.com/store/apps/details?id=com.deutsch.franc.english.bamanan&hl=fr,https://mooreburkina.com/fr/dictionnaire-moor%C3%A9/aplications-de-dictionnaires-pour-ordinateur;https://mooreburkina.com/fr/dioula/applis-en-dioula-jula,a,
Dictionnaire Dagbani - anglais,dictionary,,skipped_type,.webp,,,english;moore,,Applications de dictionnaires | Mooré Burkina Faso,8db4de76dbd8857a,image,https://mooreburkina.com/sites/www.mooreburkina.com/files/styles/max_750x750/public/2023-06/dagbani%20dictionary.jpg.webp?itok=g__szUXG,https://mooreburkina.com/fr/dictionnaire-moor%C3%A9/aplications-de-dictionnaires-pour-ordinateur,img,
Dictionnaire GureneBuli - anglais,dictionary,,skipped_type,.webp,,,english;moore,,Applications de dictionnaires | Mooré Burkina Faso,31e8551c6433b27e,image,https://mooreburkina.com/sites/www.mooreburkina.com/files/styles/max_750x750/public/2023-06/dictionary%20Gurene.jpg.webp?itok=5FCdATcP,https://mooreburkina.com/fr/dictionnaire-moor%C3%A9/aplications-de-dictionnaires-pour-ordinateur,img,
Dictionnaire Buli - anglais,dictionary,,skipped_type,.webp,,,english;moore,,Applications de dictionnaires | Mooré Burkina Faso,af0096b2a3d6c764,image,https://mooreburkina.com/sites/www.mooreburkina.com/files/styles/max_750x750/public/2023-06/dictionnaire%20Buli.jpg.webp?itok=_iAbUFjN,https://mooreburkina.com/fr/dictionnaire-moor%C3%A9/aplications-de-dictionnaires-pour-ordinateur,img,
Mampruli - English dictionary2.jpg,dictionary,,skipped_type,.webp,,,english;moore,,Applications de dictionnaires | Mooré Burkina Faso,a3fe0fa2d3adbea6,image,https://mooreburkina.com/sites/www.mooreburkina.com/files/styles/max_750x750/public/2024-01/Mampruli%20-%20English%20dictionary2.jpg.webp?itok=1Zdya39s,https://mooreburkina.com/fr/dictionnaire-moor%C3%A9/aplications-de-dictionnaires-pour-ordinateur,img,
dictionary Bamanan English.jpg,dictionary,,skipped_type,.webp,,,english;moore,,Applications de dictionnaires | Mooré Burkina Faso,b6a439f059188915,image,https://mooreburkina.com/sites/www.mooreburkina.com/files/styles/max_750x750/public/2024-11/dictionary%20Bamanan%20English.jpg.webp?itok=QUi4uqwi,https://mooreburkina.com/fr/dictionnaire-moor%C3%A9/aplications-de-dictionnaires-pour-ordinateur,img,
,book_document,,skipped_type,.webp,,,english;moore,,Télécharger des livres en mooré pdf | Mooré Burkina Faso,366d57a15c50a752,image,https://mooreburkina.com/sites/www.mooreburkina.com/files/styles/max_750x750/public/pdf-files/01%20index%20English-moore%20F%C3%A9vrier%202020%20klein.jpg.webp?itok=B2fhd4Et,https://mooreburkina.com/fr/livres-en-moor%C3%A9/t%C3%A9l%C3%A9charger-pdf,img,
Alphabet Moore English.pdf,orthography,,reference_only,,,,english;moore,,Télécharger des livres en mooré pdf | Mooré Burkina Faso,c2f3475b9c19e643,video_or_embed,https://mooreburkina.com/libraries/pdfjs-dist-viewer-min/build/minified/web/viewer.html?file=https%3A%2F%2Fmooreburkina.com%2Fsites%2Fwww.mooreburkina.com%2Ffiles%2Fpdf-files%2FAlphabet%2520Moore%2520English.pdf,https://mooreburkina.com/fr/livres-en-moor%C3%A9/t%C3%A9l%C3%A9charger-pdf,iframe,
,book_document,,skipped_type,.webp,,,french;fulfulde;moore,,Documents pdf Fulfulde | Mooré Burkina Faso,2e2643d841f669e5,image,https://mooreburkina.com/sites/www.mooreburkina.com/files/styles/max_750x750/public/pdf-files/03%20Index%20fran%C3%A7ais%20-%20fulfulde%20PT.jpg.webp?itok=QVJ_XnoJ,https://mooreburkina.com/fr/fulfulde/documents-pdf-fulfulde,img,fulfulde_gurmaare;fulfulde_jelgoore;fulfulde_moosiire;fulfulde_yaagaare
,app,,external_reference,,apps.apple.com,,french;moore,,Français applications | Mooré Burkina Faso,30a8fb970e574e8c,app_store,https://apps.apple.com/us/app/32-conseils-32-tips/id6446146278?platform=iphone,https://mooreburkina.com/fr/fran%C3%A7ais-applications,a,
,app,,external_reference,,apps.apple.com,,french;moore,,Français applications | Mooré Burkina Faso,8987defd46fb378c,app_store,https://apps.apple.com/us/app/excision/id6447108793?platform=iphone,https://mooreburkina.com/fr/fran%C3%A7ais-applications,a,
iPhone from App Store,app,,external_reference,,apps.apple.com,,french;moore,,Français applications | Mooré Burkina Faso,b18525306182a226,app_store,https://apps.apple.com/us/app/our-great-enemy/id6755972730,https://mooreburkina.com/fr/fran%C3%A7ais-applications,a,
,app,,external_reference,,apps.apple.com,,french;moore,,Français applications | Mooré Burkina Faso,f70328b09f9c3ee2,app_store,https://apps.apple.com/us/app/revelation-explained/id6753810090?platform=iphone,https://mooreburkina.com/fr/fran%C3%A7ais-applications,a,
,app,,external_reference,,apps.apple.com,,french;moore,,Français applications | Mooré Burkina Faso,9bbb25b4c95a3b0c,app_store,https://apps.apple.com/us/app/welcome-bienvenu/id6504483115?platform=iphone,https://mooreburkina.com/fr/fran%C3%A7ais-applications,a,
,app,,external_reference,,play.google.com,,french;moore,,Français applications | Mooré Burkina Faso,a0103448d17274ea,app_store,https://play.google.com/store/apps/details?id=com.africains.mille.proverbes&hl=fr,https://mooreburkina.com/fr/fran%C3%A7ais-applications,a,
,app,,external_reference,,play.google.com,,french;moore,,Français applications | Mooré Burkina Faso,182e385b2ad7eb2f,app_store,https://play.google.com/store/apps/details?id=com.biensgerer.mieux.conseils&hl=fr,https://mooreburkina.com/fr/fran%C3%A7ais-applications,a,
,app,,external_reference,,play.google.com,,french;moore,,Français applications | Mooré Burkina Faso,6a46be7747fde5f5,app_store,https://play.google.com/store/apps/details?id=com.chretienne.vie.la.francais&hl=fr,https://mooreburkina.com/fr/fran%C3%A7ais-applications,a,
,app,,external_reference,,play.google.com,,french;moore,,Français applications | Mooré Burkina Faso,70fc31fe1f66326d,app_store,https://play.google.com/store/apps/details?id=com.deux.dimanche.de.ecole&hl=fr,https://mooreburkina.com/fr/fran%C3%A7ais-applications,a,
,app,,external_reference,,play.google.com,,french;moore,,Français applications | Mooré Burkina Faso,ec0ab6d9398ed9a7,app_store,https://play.google.com/store/apps/details?id=com.dieu.selon.mariage.le&hl=fr,https://mooreburkina.com/fr/fran%C3%A7ais-applications,a,
,app,,external_reference,,play.google.com,,french;moore,,Français applications | Mooré Burkina Faso,7457a25b48e78343,app_store,https://play.google.com/store/apps/details?id=com.dimanche.de.ecole.un&hl=fr,https://mooreburkina.com/fr/fran%C3%A7ais-applications,a,
Google Play Store for Android,app,,external_reference,,play.google.com,,french;moore,,Français applications | Mooré Burkina Faso,f94bb5a85e314c20,app_store,https://play.google.com/store/apps/details?id=com.enemy.great.our.satan&hl=fr,https://mooreburkina.com/fr/fran%C3%A7ais-applications,a,
Notre grand ennemi,app,,external_reference,,play.google.com,,french;moore,,Français applications | Mooré Burkina Faso,5ef2f1a05ad49aaf,app_store,https://play.google.com/store/apps/details?id=com.ennemi.grand.notre.francais&hl=fr,https://mooreburkina.com/fr/fran%C3%A7ais-applications,a,
,app,,external_reference,,play.google.com,,french;moore,,Français applications | Mooré Burkina Faso,a77400b956857acb,app_store,https://play.google.com/store/apps/details?id=com.entier.tout.chretien.jesus.suivre&hl=fr,https://mooreburkina.com/fr/fran%C3%A7ais-applications,a,
,app,,external_reference,,play.google.com,,french;moore,,Français applications | Mooré Burkina Faso,6037c3a61fc23fcf,app_store,https://play.google.com/store/apps/details?id=com.faso.du.contes&hl=fr,https://mooreburkina.com/fr/fran%C3%A7ais-applications,a,
,app,,external_reference,,play.google.com,,french;moore,,Français applications | Mooré Burkina Faso,a9ef6661eb0d3b2f,app_store,https://play.google.com/store/apps/details?id=com.feminine.genitale.mutilation.francais&hl=fr,https://mooreburkina.com/fr/fran%C3%A7ais-applications,a,
,folktale,,external_reference,,play.google.com,,french;moore,,Contes vol. 5 avec français | Mooré Burkina Faso,b0c87c54936fc7de,app_store,https://play.google.com/store/apps/details?id=com.francais.moore.contes&hl=fr,https://mooreburkina.com/fr/contes-proverbes/contes-vol-5-avec-fran%C3%A7ais,a,
,app,,external_reference,,play.google.com,,french;moore,,Français applications | Mooré Burkina Faso,bee201b4c764b3d6,app_store,https://play.google.com/store/apps/details?id=com.francais.proverbes&hl=fr,https://mooreburkina.com/fr/fran%C3%A7ais-applications,a,
,app,,external_reference,,play.google.com,,french;moore,,Français applications | Mooré Burkina Faso,cf3ee064ef321250,app_store,https://play.google.com/store/apps/details?id=com.gifts.spiritual.your.discover&hl=fr,https://mooreburkina.com/fr/fran%C3%A7ais-applications,a,
,app,,external_reference,,play.google.com,,french;moore,,Français applications | Mooré Burkina Faso,8b19cccb5de7b8ee,app_store,https://play.google.com/store/apps/details?id=com.god.to.according.marriage&hl=fr,https://mooreburkina.com/fr/fran%C3%A7ais-applications,a,
,app,,external_reference,,play.google.com,,french;moore,,Français applications | Mooré Burkina Faso,2f2996402e235dde,app_store,https://play.google.com/store/apps/details?id=com.illnesses.spiritual.healing&hl=fr,https://mooreburkina.com/fr/fran%C3%A7ais-applications,a,
,app,,external_reference,,play.google.com,,french;moore,,Français applications | Mooré Burkina Faso,1c725df130b2a814,app_store,https://play.google.com/store/apps/details?id=com.illustrations.injil.maurer&hl=en,https://mooreburkina.com/fr/fran%C3%A7ais-applications,a,
,app,,external_reference,,play.google.com,,french;moore,,Français applications | Mooré Burkina Faso,1fab67af96fd4aaf,app_store,https://play.google.com/store/apps/details?id=com.simplement.expose.evangile&hl=fr,https://mooreburkina.com/fr/fran%C3%A7ais-applications,a,
,app,,external_reference,,play.google.com,,french;moore,,Français applications | Mooré Burkina Faso,470328801a1433b2,app_store,https://play.google.com/store/apps/details?id=com.spirituelles.maladies.guerir&hl=fr,https://mooreburkina.com/fr/fran%C3%A7ais-applications,a,
,app,,external_reference,,play.google.com,,french;moore,,Français applications | Mooré Burkina Faso,9993a261d900b10c,app_store,https://play.google.com/store/apps/details?id=com.spirituels.dons.tes.decouvre&hl=fr,https://mooreburkina.com/fr/fran%C3%A7ais-applications,a,
,app,,external_reference,,play.google.com,,french;moore,,Français applications | Mooré Burkina Faso,fbbed876f73854ec,app_store,https://play.google.com/store/apps/details?id=com.trois.dimanche.de.ecole&hl=fr,https://mooreburkina.com/fr/fran%C3%A7ais-applications,a,
,app,,external_reference,,play.google.com,,french;moore,,Français applications | Mooré Burkina Faso,66f1be2d5a0001c4,app_store,https://play.google.com/store/apps/details?id=com.vie.la.choisir.bf&hl=fr,https://mooreburkina.com/fr/fran%C3%A7ais-applications,a,
,app,,external_reference,,media.ipsapps.org,,french;moore,,Français applications | Mooré Burkina Faso,7bf0b0e0af73f9e2,external_interactive,https://media.ipsapps.org/fra/ora/bienvenu/,https://mooreburkina.com/fr/fran%C3%A7ais-applications,iframe,
,app,,external_reference,,media.ipsapps.org,,french;moore,,Français applications | Mooré Burkina Faso,0cd679282e9be690,external_interactive,https://media.ipsapps.org/fra/ora/choisir/,https://mooreburkina.com/fr/fran%C3%A7ais-applications,iframe,
,app,,external_reference,,media.ipsapps.org,,french;moore,,Français applications | Mooré Burkina Faso,7363e4ec203e07a4,external_interactive,https://media.ipsapps.org/fra/ora/conseils/,https://mooreburkina.com/fr/fran%C3%A7ais-applications,iframe,
,app,,external_reference,,media.ipsapps.org,,french;moore,,Français applications | Mooré Burkina Faso,5dc500385038a462,external_interactive,https://media.ipsapps.org/fra/ora/contes-faso/,https://mooreburkina.com/fr/fran%C3%A7ais-applications,iframe,
,app,,external_reference,,media.ipsapps.org,,french;moore,,Français applications | Mooré Burkina Faso,3bd475b5b85df336,external_interactive,https://media.ipsapps.org/fra/ora/contes/,https://mooreburkina.com/fr/fran%C3%A7ais-applications,iframe,
,app,,external_reference,,media.ipsapps.org,,french;moore,,Français applications | Mooré Burkina Faso,c61efecde78e73ff,external_interactive,https://media.ipsapps.org/fra/ora/dons/,https://mooreburkina.com/fr/fran%C3%A7ais-applications,iframe,
,app,,external_reference,,media.ipsapps.org,,french;moore,,Français applications | Mooré Burkina Faso,a7ae52516dc3c51f,external_interactive,https://media.ipsapps.org/fra/ora/ecole1/,https://mooreburkina.com/fr/fran%C3%A7ais-applications,iframe,
,app,,external_reference,,media.ipsapps.org,,french;moore,,Français applications | Mooré Burkina Faso,ab3708613410bd8d,external_interactive,https://media.ipsapps.org/fra/ora/ecole2/,https://mooreburkina.com/fr/fran%C3%A7ais-applications,iframe,
,app,,external_reference,,media.ipsapps.org,,french;moore,,Français applications | Mooré Burkina Faso,4f923bf0026c403d,external_interactive,https://media.ipsapps.org/fra/ora/ecole3/,https://mooreburkina.com/fr/fran%C3%A7ais-applications,iframe,
,app,,external_reference,,media.ipsapps.org,,french;moore,,Français applications | Mooré Burkina Faso,0293a4d2362468c5,external_interactive,https://media.ipsapps.org/fra/ora/evangile/,https://mooreburkina.com/fr/fran%C3%A7ais-applications,iframe,
,app,,external_reference,,media.ipsapps.org,,french;moore,,Français applications | Mooré Burkina Faso,410a224c57b32fa6,external_interactive,https://media.ipsapps.org/fra/ora/excision/,https://mooreburkina.com/fr/fran%C3%A7ais-applications,iframe,
,app,,external_reference,,media.ipsapps.org,,french;moore,,Français applications | Mooré Burkina Faso,93bf6e72ea0d348b,external_interactive,https://media.ipsapps.org/fra/ora/guerir/,https://mooreburkina.com/fr/fran%C3%A7ais-applications,iframe,
,app,,external_reference,,media.ipsapps.org,,french;moore,,Français applications | Mooré Burkina Faso,19e56d028544eaec,external_interactive,https://media.ipsapps.org/fra/ora/marage/,https://mooreburkina.com/fr/fran%C3%A7ais-applications,iframe,
,app,,external_reference,,media.ipsapps.org,,french;moore,,Français applications | Mooré Burkina Faso,f30d7b1f389ce8b2,external_interactive,https://media.ipsapps.org/fra/ora/proverbes/,https://mooreburkina.com/fr/fran%C3%A7ais-applications,iframe,
,app,,external_reference,,media.ipsapps.org,,french;moore,,Français applications | Mooré Burkina Faso,4ad48fa75a4a1ea1,external_interactive,https://media.ipsapps.org/fra/ora/proverbes2/,https://mooreburkina.com/fr/fran%C3%A7ais-applications,iframe,
,app,,external_reference,,media.ipsapps.org,,french;moore,,Français applications | Mooré Burkina Faso,900ab2b85a953b5f,external_interactive,https://media.ipsapps.org/fra/ora/richesses/,https://mooreburkina.com/fr/fran%C3%A7ais-applications,iframe,
,folktale,,external_reference,,media.ipsapps.org,,french;moore,,Contes vol. 5 avec français | Mooré Burkina Faso,f9e8ef54f4bff5d3,external_interactive,https://media.ipsapps.org/mos/ora/vol5//,https://mooreburkina.com/fr/contes-proverbes/contes-vol-5-avec-fran%C3%A7ais,iframe,
Contes moore vol 5 on Play Store,folktale,,skipped_type,.webp,,,french;moore,,Contes vol. 5 avec français | Mooré Burkina Faso,c96bed35543b2651,image,https://mooreburkina.com/sites/www.mooreburkina.com/files/styles/max_750x750/public/2024-07/Contes%20moore%20vol%205%20on%20Play%20Store.jpg.webp?itok=ULkkYTjZ,https://mooreburkina.com/fr/contes-proverbes/contes-vol-5-avec-fran%C3%A7ais,img,
32 conseils sur App Store iPhone.jpg,app,,skipped_type,.webp,,,french;moore,,Français applications | Mooré Burkina Faso,8d9ebfbcec8c0679,image,https://mooreburkina.com/sites/www.mooreburkina.com/files/styles/max_750x750/public/2024-09/32%20conseils%20sur%20App%20Store%20iPhone.jpg.webp?itok=lEsF0zs2,https://mooreburkina.com/fr/fran%C3%A7ais-applications,img,
32 conseils sur Play Store.jpg,app,,skipped_type,.webp,,,french;moore,,Français applications | Mooré Burkina Faso,262901b875b02442,image,https://mooreburkina.com/sites/www.mooreburkina.com/files/styles/max_750x750/public/2024-09/32%20conseils%20sur%20Play%20Store.jpg.webp?itok=F3SAkgOE,https://mooreburkina.com/fr/fran%C3%A7ais-applications,img,
Bienvenu App Store.jpg,app,,skipped_type,.webp,,,french;moore,,Français applications | Mooré Burkina Faso,27e5b8d3f43f3be5,image,https://mooreburkina.com/sites/www.mooreburkina.com/files/styles/max_750x750/public/2024-09/Bienvenu%20App%20Store.jpg.webp?itok=4K90LrGX,https://mooreburkina.com/fr/fran%C3%A7ais-applications,img,
Choisir la vie sur Play Store.jpg,app,,skipped_type,.webp,,,french;moore,,Français applications | Mooré Burkina Faso,6756c19611d207e3,image,https://mooreburkina.com/sites/www.mooreburkina.com/files/styles/max_750x750/public/2024-09/Choisir%20la%20vie%20sur%20Play%20Store.jpg.webp?itok=NCE1ZYU1,https://mooreburkina.com/fr/fran%C3%A7ais-applications,img,
Contes du Faso Play Store.jpg,folktale,,skipped_type,.webp,,,french;moore,,Français applications | Mooré Burkina Faso,34a5ff844f1c950a,image,https://mooreburkina.com/sites/www.mooreburkina.com/files/styles/max_750x750/public/2024-09/Contes%20du%20Faso%20Play%20Store.jpg.webp?itok=gFS_2va-,https://mooreburkina.com/fr/fran%C3%A7ais-applications,img,
Dons spirituels français Play Store.jpg,app,,skipped_type,.webp,,,french;moore,,Français applications | Mooré Burkina Faso,c5ab2562e45c2f14,image,https://mooreburkina.com/sites/www.mooreburkina.com/files/styles/max_750x750/public/2024-09/Dons%20spirituels%20fran%C3%A7ais%20Play%20Store.jpg.webp?itok=KEr_goLM,https://mooreburkina.com/fr/fran%C3%A7ais-applications,img,
Ecole de dimanche 2 Play Store.jpg,app,,skipped_type,.webp,,,french;moore,,Français applications | Mooré Burkina Faso,01713f36851e6519,image,https://mooreburkina.com/sites/www.mooreburkina.com/files/styles/max_750x750/public/2024-09/Ecole%20de%20dimanche%202%20Play%20Store.jpg.webp?itok=o8_l3hds,https://mooreburkina.com/fr/fran%C3%A7ais-applications,img,
Ecole de dimanche 3 Play Store.jpg,app,,skipped_type,.webp,,,french;moore,,Français applications | Mooré Burkina Faso,f23a2033d9a5ab45,image,https://mooreburkina.com/sites/www.mooreburkina.com/files/styles/max_750x750/public/2024-09/Ecole%20de%20dimanche%203%20Play%20Store.jpg.webp?itok=RG1iAfnQ,https://mooreburkina.com/fr/fran%C3%A7ais-applications,img,
Ecole de dimanche sur Play Store.jpg,app,,skipped_type,.webp,,,french;moore,,Français applications | Mooré Burkina Faso,83e14548cd5f6b1e,image,https://mooreburkina.com/sites/www.mooreburkina.com/files/styles/max_750x750/public/2024-09/Ecole%20de%20dimanche%20sur%20Play%20Store.jpg.webp?itok=8WhtU2z0,https://mooreburkina.com/fr/fran%C3%A7ais-applications,img,
Evangile illustré avec contes Play Store.jpg,folktale,,skipped_type,.webp,,,french;moore,,Français applications | Mooré Burkina Faso,048b09cad21253be,image,https://mooreburkina.com/sites/www.mooreburkina.com/files/styles/max_750x750/public/2024-09/Evangile%20illustr%C3%A9%20avec%20contes%20Play%20Store.jpg.webp?itok=JoP5HykH,https://mooreburkina.com/fr/fran%C3%A7ais-applications,img,
Evangile simplement Play Store.jpg,religious,,skipped_type,.webp,,,french;moore,,Français applications | Mooré Burkina Faso,a7a14af6c3724310,image,https://mooreburkina.com/sites/www.mooreburkina.com/files/styles/max_750x750/public/2024-09/Evangile%20simplement%20Play%20Store.jpg.webp?itok=Oxw3bm2I,https://mooreburkina.com/fr/fran%C3%A7ais-applications,img,
Excision Francais App Store iPhone.jpg,app,,skipped_type,.webp,,,french;moore,,Français applications | Mooré Burkina Faso,a5bfe757de8b2cce,image,https://mooreburkina.com/sites/www.mooreburkina.com/files/styles/max_750x750/public/2024-09/Excision%20Francais%20App%20Store%20iPhone.jpg.webp?itok=apq3GCtC,https://mooreburkina.com/fr/fran%C3%A7ais-applications,img,
Guerir maladies spirituelles Play Store.jpg,app,,skipped_type,.webp,,,french;moore,,Français applications | Mooré Burkina Faso,315cd70294d7e349,image,https://mooreburkina.com/sites/www.mooreburkina.com/files/styles/max_750x750/public/2024-09/Guerir%20maladies%20spirituelles%20Play%20Store.jpg.webp?itok=kODUq6Sy,https://mooreburkina.com/fr/fran%C3%A7ais-applications,img,
Healing spiritual illnesses Play Store.jpg,app,,skipped_type,.webp,,,french;moore,,Français applications | Mooré Burkina Faso,96a954968c7fa150,image,https://mooreburkina.com/sites/www.mooreburkina.com/files/styles/max_750x750/public/2024-09/Healing%20spiritual%20illnesses%20Play%20Store.jpg.webp?itok=nQ0o0NeX,https://mooreburkina.com/fr/fran%C3%A7ais-applications,img,
MGF Excision Francais Play Store.jpg,app,,skipped_type,.webp,,,french;moore,,Français applications | Mooré Burkina Faso,7e969864ce59d174,image,https://mooreburkina.com/sites/www.mooreburkina.com/files/styles/max_750x750/public/2024-09/MGF%20Excision%20Francais%20Play%20Store.jpg.webp?itok=ydzVPaT9,https://mooreburkina.com/fr/fran%C3%A7ais-applications,img,
Mariage selon Dieu Francais Play Store.jpg,app,,skipped_type,.webp,,,french;moore,,Français applications | Mooré Burkina Faso,06a0fceae6e428ab,image,https://mooreburkina.com/sites/www.mooreburkina.com/files/styles/max_750x750/public/2024-09/Mariage%20selon%20Dieu%20Francais%20Play%20Store.jpg.webp?itok=BNu9-lfL,https://mooreburkina.com/fr/fran%C3%A7ais-applications,img,
Marriage according to God Play Store.jpg,app,,skipped_type,.webp,,,french;moore,,Français applications | Mooré Burkina Faso,cec342cffc425e94,image,https://mooreburkina.com/sites/www.mooreburkina.com/files/styles/max_750x750/public/2024-09/Marriage%20according%20to%20God%20Play%20Store.jpg.webp?itok=nL_CuQF-,https://mooreburkina.com/fr/fran%C3%A7ais-applications,img,
Proverbes africains francais Play Store.jpg,proverb,,skipped_type,.webp,,,french;moore,,Français applications | Mooré Burkina Faso,b616158ad16561db,image,https://mooreburkina.com/sites/www.mooreburkina.com/files/styles/max_750x750/public/2024-09/Proverbes%20africains%20francais%20Play%20Store.jpg.webp?itok=dJs-tR5G,https://mooreburkina.com/fr/fran%C3%A7ais-applications,img,
Proverbes francais Play Store.jpg,proverb,,skipped_type,.webp,,,french;moore,,Français applications | Mooré Burkina Faso,e9d55d249343a063,image,https://mooreburkina.com/sites/www.mooreburkina.com/files/styles/max_750x750/public/2024-09/Proverbes%20francais%20Play%20Store.jpg.webp?itok=Zi-lWGcU,https://mooreburkina.com/fr/fran%C3%A7ais-applications,img,
Tout entier sur Play Store.jpg,app,,skipped_type,.webp,,,french;moore,,Français applications | Mooré Burkina Faso,f770540db44ca7d0,image,https://mooreburkina.com/sites/www.mooreburkina.com/files/styles/max_750x750/public/2024-09/Tout%20entier%20sur%20Play%20Store.jpg.webp?itok=NQJIpkq0,https://mooreburkina.com/fr/fran%C3%A7ais-applications,img,
True riches Play Store.jpg,app,,skipped_type,.webp,,,french;moore,,Français applications | Mooré Burkina Faso,8a35d1d809a1d595,image,https://mooreburkina.com/sites/www.mooreburkina.com/files/styles/max_750x750/public/2024-09/True%20richess%20Play%20Store.jpg.webp?itok=tS8aaZPu,https://mooreburkina.com/fr/fran%C3%A7ais-applications,img,
Welcome on Play Store.jpg,app,,skipped_type,.webp,,,french;moore,,Français applications | Mooré Burkina Faso,3e2d6d3599849df4,image,https://mooreburkina.com/sites/www.mooreburkina.com/files/styles/max_750x750/public/2024-09/Welcome%20on%20Play%20Store.jpg.webp?itok=KxZOY0NM,https://mooreburkina.com/fr/fran%C3%A7ais-applications,img,
tout entier chretien.jpg,app,,skipped_type,.webp,,,french;moore,,Français applications | Mooré Burkina Faso,a7cb5deaced081e6,image,https://mooreburkina.com/sites/www.mooreburkina.com/files/styles/max_750x750/public/2024-09/tout%20entier%20chretien.jpg.webp?itok=t0gw4PWU,https://mooreburkina.com/fr/fran%C3%A7ais-applications,img,
Apocalypse Revelation sur Play Store.jpg,app,,skipped_type,.webp,,,french;moore,,Français applications | Mooré Burkina Faso,6f417f486e5dd727,image,https://mooreburkina.com/sites/www.mooreburkina.com/files/styles/max_750x750/public/2025-10/Apocalypse%20Revelation%20sur%20Play%20Store.jpg.webp?itok=0vBjbANo,https://mooreburkina.com/fr/fran%C3%A7ais-applications,img,
Revelation explained.jpg,app,,skipped_type,.webp,,,french;moore,,Français applications | Mooré Burkina Faso,892a7e2c16b39e8d,image,https://mooreburkina.com/sites/www.mooreburkina.com/files/styles/max_750x750/public/2025-10/Revelation%20explained.jpg.webp?itok=xCJNUb71,https://mooreburkina.com/fr/fran%C3%A7ais-applications,img,
Notre grand ennemi sur Play Store.jpg,app,,skipped_type,.webp,,,french;moore,,Français applications | Mooré Burkina Faso,49f37c33d399060c,image,https://mooreburkina.com/sites/www.mooreburkina.com/files/styles/max_750x750/public/2025-12/Notre%20grand%20ennemi%20sur%20Play%20Store.jpg.webp?itok=aBRQZ8K-,https://mooreburkina.com/fr/fran%C3%A7ais-applications,img,
Our great enemy on App Store.jpg,app,,skipped_type,.webp,,,french;moore,,Français applications | Mooré Burkina Faso,5e92cd4fda08f10e,image,https://mooreburkina.com/sites/www.mooreburkina.com/files/styles/max_750x750/public/2025-12/Our%20great%20enemy%20on%20App%20Store.jpg.webp?itok=Y9stkJsP,https://mooreburkina.com/fr/fran%C3%A7ais-applications,img,
Whohle-heartedly on Play Store.jpg,app,,skipped_type,.webp,,,french;moore,,Français applications | Mooré Burkina Faso,cbcf89cb213ff67e,image,https://mooreburkina.com/sites/www.mooreburkina.com/files/styles/max_750x750/public/2026-02/Hwohle-heartedly%20on%20Play%20Store.jpg.webp?itok=vn8vUDpo,https://mooreburkina.com/fr/fran%C3%A7ais-applications,img,
La vie selon Dieu.jpg,app,,skipped_type,.webp,,,french;moore,,Français applications | Mooré Burkina Faso,e600f9bd01df7e33,image,https://mooreburkina.com/sites/www.mooreburkina.com/files/styles/max_750x750/public/2026-02/La%20vie%20selon%20Dieu.jpg.webp?itok=1M7aO8Vj,https://mooreburkina.com/fr/fran%C3%A7ais-applications,img,
Plakat francais 2026,app,,skipped_type,.webp,,,french;moore,,Français applications | Mooré Burkina Faso,9b067ca2c8c9f41c,image,https://mooreburkina.com/sites/www.mooreburkina.com/files/styles/max_750x750/public/2026-02/Plakat%20francais%202026%202%20beschriftet.jpg.webp?itok=3fc40k66,https://mooreburkina.com/fr/fran%C3%A7ais-applications,img,
,book_document,,skipped_type,.webp,,,french;moore,,Télécharger des livres en mooré pdf | Mooré Burkina Faso,792ecce767f2367e,image,https://mooreburkina.com/sites/www.mooreburkina.com/files/styles/max_750x750/public/pdf-files/01%20index%20fran%C3%A7ais%20-%20moor%C3%A9.jpg.webp?itok=56THm8y5,https://mooreburkina.com/fr/livres-en-moor%C3%A9/t%C3%A9l%C3%A9charger-pdf,img,
,book_document,,skipped_type,.webp,,,french;moore,,Télécharger des livres en mooré pdf | Mooré Burkina Faso,93f446a81d07eb67,image,https://mooreburkina.com/sites/www.mooreburkina.com/files/styles/max_750x750/public/pdf-files/SIDA%20moor%C3%A9%20-%20fran%C3%A7ais%20PT%20Klein.jpg.webp?itok=3zcS2TOo,https://mooreburkina.com/fr/livres-en-moor%C3%A9/t%C3%A9l%C3%A9charger-pdf,img,
- cliquez Appli Dictionnaire Fulfulde,dictionary,,skipped_type,.apk,,,fulfulde;moore,,Mooré Burkina Faso,02d711a64c950520,app,https://mooreburkina.com/sites/www.mooreburkina.com/files/Dictio%20apk/Fulfulde_dictionary-2.0.apk,https://mooreburkina.com/;https://mooreburkina.com/fr;https://mooreburkina.com/fr/bienvenu-au-pays-mossi;https://mooreburkina.com/fr/dictionnaire-moor%C3%A9,a,
Dictionnaire fulfulde,dictionary,,skipped_type,.apk,,,fulfulde;moore,,Applications de dictionnaires | Mooré Burkina Faso,9e695e4dcedbb7f0,app,https://mooreburkina.com/sites/www.mooreburkina.com/files/Dictio%20apk/Fulfulde_dictionary-2.0.apk?q=dictionnaire%20fulfulde&c=apps&hl=fr,https://mooreburkina.com/fr/dictionnaire-moor%C3%A9/aplications-de-dictionnaires-pour-ordinateur,a,
,app,,external_reference,,apps.apple.com,,fulfulde;moore,,Applis en Fulfulde | Mooré Burkina Faso,1a587c5a3939383e,app_store,https://apps.apple.com/us/app/fulfulde-contes/id6444526250,https://mooreburkina.com/fr/applications-smartphone/applis-en-fulfulde,a,
,app,,external_reference,,apps.apple.com,,fulfulde;moore,,Applis en Fulfulde | Mooré Burkina Faso,b458588264ca1049,app_store,https://apps.apple.com/us/app/fulfulde-dewtere/id1660784196?platform=iphone,https://mooreburkina.com/fr/applications-smartphone/applis-en-fulfulde,a,
,app,,external_reference,,apps.apple.com,,fulfulde;moore,,Applis en Fulfulde | Mooré Burkina Faso,a59ad0ac528e9033,app_store,https://apps.apple.com/us/app/fulfulde-dictionary/id1595857807?platform=iphone,https://mooreburkina.com/fr/applications-smartphone/applis-en-fulfulde,a,
,app,,external_reference,,apps.apple.com,,fulfulde;moore,,Applis en Fulfulde | Mooré Burkina Faso,b894abb9af97c366,app_store,https://apps.apple.com/us/app/fulfulde-proverbes/id6444899208,https://mooreburkina.com/fr/applications-smartphone/applis-en-fulfulde,a,
,app,,external_reference,,play.google.com,,fulfulde;moore,,Applis en Fulfulde | Mooré Burkina Faso,36705968c3410e24,app_store,https://play.google.com/store/apps/details?id=com.banndi.fufulde.burkina&hl=fr,https://mooreburkina.com/fr/applications-smartphone/applis-en-fulfulde,a,
,app,,external_reference,,play.google.com,,fulfulde;moore,,Applis en Fulfulde | Mooré Burkina Faso,b43b2c5ac661483f,app_store,https://play.google.com/store/apps/details?id=com.contes1.fulfulde.audio&hl=fr,https://mooreburkina.com/fr/applications-smartphone/applis-en-fulfulde,a,
,app,,external_reference,,play.google.com,,fulfulde;moore,,Applis en Fulfulde | Mooré Burkina Faso,7224cfd18c90530b,app_store,https://play.google.com/store/apps/details?id=com.contes2.fulfulde.audio&hl=fr,https://mooreburkina.com/fr/applications-smartphone/applis-en-fulfulde,a,
,app,,external_reference,,play.google.com,,fulfulde;moore,,Applis en Fulfulde | Mooré Burkina Faso,74ba1d1561776198,app_store,https://play.google.com/store/apps/details?id=com.contes3.fulfulde.audio&hl=fr,https://mooreburkina.com/fr/applications-smartphone/applis-en-fulfulde,a,
,app,,external_reference,,play.google.com,,fulfulde;moore,,Applis en Fulfulde | Mooré Burkina Faso,78939ba3c9276fc9,app_store,https://play.google.com/store/apps/details?id=com.contes4.fulfulde.audio&hl=fr,https://mooreburkina.com/fr/applications-smartphone/applis-en-fulfulde,a,
,app,,external_reference,,play.google.com,,fulfulde;moore,,Applis en Fulfulde | Mooré Burkina Faso,269e6133ff8e28ac,app_store,https://play.google.com/store/apps/details?id=com.contes5.fulfulde.audio&hl=fr,https://mooreburkina.com/fr/applications-smartphone/applis-en-fulfulde,a,
,app,,external_reference,,play.google.com,,fulfulde;moore,,Applis en Fulfulde | Mooré Burkina Faso,2693f7ad361dcc9b,app_store,https://play.google.com/store/apps/details?id=com.taali.men.contes.fulfulde.bf&hl=fr,https://mooreburkina.com/fr/applications-smartphone/applis-en-fulfulde,a,
,app,,external_reference,,play.google.com,,fulfulde;moore,,Applis en Fulfulde | Mooré Burkina Faso,912c253f659244b4,app_store,https://play.google.com/store/apps/details?id=com.taali.men36.burkina&hl=fr,https://mooreburkina.com/fr/applications-smartphone/applis-en-fulfulde,a,
,app,,external_reference,,play.google.com,,fulfulde;moore,,Applis en Fulfulde | Mooré Burkina Faso,4bf1a58dc640ad37,app_store,https://play.google.com/store/apps/details?id=com.taali.men37.burkina.fulfulde&hl=fr,https://mooreburkina.com/fr/applications-smartphone/applis-en-fulfulde,a,
https://play.google.com/store/apps/details?id=org.burkina.fulfulde.vol1.proverbes&hl=fr,proverb,,external_reference,,play.google.com,,fulfulde;moore,,Fulfulde | Mooré Burkina Faso,2912841d5fe1348c,app_store,https://play.google.com/store/apps/details?id=org.burkina.fulfulde.vol1.proverbes&hl=fr,https://mooreburkina.com/fr/applications-smartphone/applis-en-fulfulde;https://mooreburkina.com/fr/fulfulde,a,
,app,,external_reference,,play.google.com,,fulfulde;moore,,Applis en Fulfulde | Mooré Burkina Faso,08658b7efb8754b0,app_store,https://play.google.com/store/apps/details?id=org.burkina.fulfulde.vol2.proverbes&hl=fr,https://mooreburkina.com/fr/applications-smartphone/applis-en-fulfulde,a,
,app,,external_reference,,play.google.com,,fulfulde;moore,,Applis en Fulfulde | Mooré Burkina Faso,b95b5d3ef53528d3,app_store,https://play.google.com/store/apps/details?id=org.burkina.fulfulde.vol3.proverbes&hl=fr,https://mooreburkina.com/fr/applications-smartphone/applis-en-fulfulde,a,
,app,,external_reference,,play.google.com,,fulfulde;moore,,Applis en Fulfulde | Mooré Burkina Faso,a5558345508c8ce8,app_store,https://play.google.com/store/apps/details?id=org.burkina.fulfulde.vol4.proverbes&hl=fr,https://mooreburkina.com/fr/applications-smartphone/applis-en-fulfulde,a,
,app,,external_reference,,play.google.com,,fulfulde;moore,,Applis en Fulfulde | Mooré Burkina Faso,ce9ff64c4205f3b8,app_store,https://play.google.com/store/apps/details?id=org.burkina.fulfulde.vol5.proverbes&hl=fr,https://mooreburkina.com/fr/applications-smartphone/applis-en-fulfulde,a,
,app,,external_reference,,play.google.com,,fulfulde;moore,,Applis en Fulfulde | Mooré Burkina Faso,b2178ed75645ace3,app_store,https://play.google.com/store/apps/details?id=org.sim.bf.fulfulde.bible&hl=fr,https://mooreburkina.com/fr/applications-smartphone/applis-en-fulfulde,a,
,app,,external_reference,,play.google.com,,fulfulde;moore,,Applis en Fulfulde | Mooré Burkina Faso,394add92043f215f,app_store,https://play.google.com/store/apps/details?id=org.sim.bf.fulfulde.dictionary&hl=fr,https://mooreburkina.com/fr/applications-smartphone/applis-en-fulfulde,a,
,dictionary,,external_reference,,play.google.com,,fulfulde;moore,,Applications de dictionnaires | Mooré Burkina Faso,35cbc17a15c34c6e,app_store,https://play.google.com/store/search?q=dictionnaire+fulfulde&c=apps&hl=fr,https://mooreburkina.com/fr/dictionnaire-moor%C3%A9/aplications-de-dictionnaires-pour-ordinateur,a,
,dictionary,,external_reference,,media.ipsapps.org,,fulfulde;moore,,Dictionnaire fulfulde en ligne | Mooré Burkina Faso,65bb376768bf276f,external_interactive,https://media.ipsapps.org/fuh/oda/,https://mooreburkina.com/fr/fulfulde/dictionnaire-fulfulde-en-ligne,iframe,
,folktale,,external_reference,,media.ipsapps.org,,fulfulde;moore,,15 contes en fulfulde | Mooré Burkina Faso,49c79fbd8fc5133c,external_interactive,https://media.ipsapps.org/fuh/ora/co1/,https://mooreburkina.com/fr/fulfulde/15-contes-en-fulfulde,iframe,
,folktale,,external_reference,,media.ipsapps.org,,fulfulde;moore,,Contes lus en fulfulde vol 1 | Mooré Burkina Faso,36af4a21bc601682,external_interactive,https://media.ipsapps.org/fuh/ora/co4/,https://mooreburkina.com/fr/fulfulde/contes-lus-en-fulfulde,iframe,
,folktale,,external_reference,,media.ipsapps.org,,fulfulde;moore,,Contes lus en fulfulde vol 2 | Mooré Burkina Faso,80d6f1c629171376,external_interactive,https://media.ipsapps.org/fuh/ora/co5/,https://mooreburkina.com/fr/fulfulde/contes-lus-en-fulfulde-0,iframe,
,folktale,,external_reference,,media.ipsapps.org,,fulfulde;moore,,Contes lus en fulfulde vol 3 | Mooré Burkina Faso,37b6de926086358d,external_interactive,https://media.ipsapps.org/fuh/ora/co6/,https://mooreburkina.com/fr/fulfulde/contes-lus-en-fulfulde-vol-3,iframe,
,folktale,,external_reference,,media.ipsapps.org,,fulfulde;moore,,Contes lus en fulfulde vol 5 | Mooré Burkina Faso,15dc78c79b954cb9,external_interactive,https://media.ipsapps.org/fuh/ora/co8/,https://mooreburkina.com/fr/fulfulde/contes-lus-en-fulfulde-5,iframe,
,proverb,,external_reference,,media.ipsapps.org,,fulfulde;moore,,1495 proverbes en fulfulde | Mooré Burkina Faso,e42ac0543c4defa2,external_interactive,https://media.ipsapps.org/fuh/ora/p1/,https://mooreburkina.com/fr/fulfulde/1495-proverbes-en-fulfulde,iframe,
,proverb,,external_reference,,media.ipsapps.org,,fulfulde;moore,,Proverbes fulfulde avec audio vol. 1 | Mooré Burkina Faso,e317b25fdc02e721,external_interactive,https://media.ipsapps.org/fuh/ora/p2/,https://mooreburkina.com/fr/fulfulde/proverbes-fulfulde-avec-audio,iframe,
,proverb,,external_reference,,media.ipsapps.org,,fulfulde;moore,,Proverbes fulfulde avec audio vol2 | Mooré Burkina Faso,baa8017287323da6,external_interactive,https://media.ipsapps.org/fuh/ora/p3/,https://mooreburkina.com/fr/fulfulde/proverbes-fulfulde-avec-audio-vol2,iframe,
,proverb,,external_reference,,media.ipsapps.org,,fulfulde;moore,,Proverbes fulfulde avec audio vol.3 | Mooré Burkina Faso,b3b1be96c7ea7213,external_interactive,https://media.ipsapps.org/fuh/ora/p4/,https://mooreburkina.com/fr/fulfulde/proverbes-fulfulde-avec-audio-vol3,iframe,
,proverb,,external_reference,,media.ipsapps.org,,fulfulde;moore,,Proverbes fulfulde avec audio vol.4 | Mooré Burkina Faso,63188e8455f35408,external_interactive,https://media.ipsapps.org/fuh/ora/p5/,https://mooreburkina.com/fr/fulfulde/proverbes-fulfulde-avec-audio-vol-5;https://mooreburkina.com/fr/fulfulde/proverbes-fulfulde-avec-audio-vol4,iframe,
,religious,,external_reference,,media.ipsapps.org,,fulfulde;moore,,La parole de Dieu en Fulfulde | Mooré Burkina Faso,265a6d1354e3e56b,external_interactive,https://media.ipsapps.org/fuh/osa/bible/,https://mooreburkina.com/fr/fulfulde/la-parole-de-dieu-en-fulfulde,iframe,
,religious,,skipped_type,.webp,,,fulfulde;moore,,Matthieu en fulfulde Massina | Mooré Burkina Faso,d75378fbc7627b2e,image,https://mooreburkina.com/modules/custom/wildfire_dbp/images/mat/mat_0101.webp,https://mooreburkina.com/fr/fulfulde/matthieu-en-fulfulde-massina,img,fulfulde_maasina
,religious,,skipped_type,.webp,,,fulfulde;moore,,Matthieu en fulfulde Massina | Mooré Burkina Faso,75bc9b66a253706d,image,https://mooreburkina.com/modules/custom/wildfire_dbp/images/mat/mat_0118.webp,https://mooreburkina.com/fr/fulfulde/matthieu-en-fulfulde-massina,img,fulfulde_maasina
,religious,,skipped_type,.webp,,,fulfulde;moore,,Matthieu en fulfulde Massina | Mooré Burkina Faso,7325c9a823830f44,image,https://mooreburkina.com/modules/custom/wildfire_dbp/images/mat/mat_0201.webp,https://mooreburkina.com/fr/fulfulde/matthieu-en-fulfulde-massina,img,fulfulde_maasina
,religious,,skipped_type,.webp,,,fulfulde;moore,,Matthieu en fulfulde Massina | Mooré Burkina Faso,3b9bdc3f37182c79,image,https://mooreburkina.com/modules/custom/wildfire_dbp/images/mat/mat_0301.webp,https://mooreburkina.com/fr/fulfulde/matthieu-en-fulfulde-massina,img,fulfulde_maasina
,religious,,skipped_type,.webp,,,fulfulde;moore,,Matthieu en fulfulde Massina | Mooré Burkina Faso,951e015591d30c0c,image,https://mooreburkina.com/modules/custom/wildfire_dbp/images/mat/mat_0401.webp,https://mooreburkina.com/fr/fulfulde/matthieu-en-fulfulde-massina,img,fulfulde_maasina
,religious,,skipped_type,.webp,,,fulfulde;moore,,Matthieu en fulfulde Massina | Mooré Burkina Faso,88a73cd36b12d0a0,image,https://mooreburkina.com/modules/custom/wildfire_dbp/images/mat/mat_0501.webp,https://mooreburkina.com/fr/fulfulde/matthieu-en-fulfulde-massina,img,fulfulde_maasina
,religious,,skipped_type,.webp,,,fulfulde;moore,,Matthieu en fulfulde Massina | Mooré Burkina Faso,cc0af3ef6334e408,image,https://mooreburkina.com/modules/custom/wildfire_dbp/images/mat/mat_0527.webp,https://mooreburkina.com/fr/fulfulde/matthieu-en-fulfulde-massina,img,fulfulde_maasina
,religious,,skipped_type,.webp,,,fulfulde;moore,,Matthieu en fulfulde Massina | Mooré Burkina Faso,26fff4ba083f40cd,image,https://mooreburkina.com/modules/custom/wildfire_dbp/images/mat/mat_0601.webp,https://mooreburkina.com/fr/fulfulde/matthieu-en-fulfulde-massina,img,fulfulde_maasina
,religious,,skipped_type,.webp,,,fulfulde;moore,,Matthieu en fulfulde Massina | Mooré Burkina Faso,70fa9cd97f2695bf,image,https://mooreburkina.com/modules/custom/wildfire_dbp/images/mat/mat_0605.webp,https://mooreburkina.com/fr/fulfulde/matthieu-en-fulfulde-massina,img,fulfulde_maasina
,religious,,skipped_type,.webp,,,fulfulde;moore,,Matthieu en fulfulde Massina | Mooré Burkina Faso,5d00ccb643c67d8f,image,https://mooreburkina.com/modules/custom/wildfire_dbp/images/mat/mat_0701.webp,https://mooreburkina.com/fr/fulfulde/matthieu-en-fulfulde-massina,img,fulfulde_maasina
,religious,,skipped_type,.webp,,,fulfulde;moore,,Matthieu en fulfulde Massina | Mooré Burkina Faso,b652ac33dd4c17d0,image,https://mooreburkina.com/modules/custom/wildfire_dbp/images/mat/mat_0801.webp,https://mooreburkina.com/fr/fulfulde/matthieu-en-fulfulde-massina,img,fulfulde_maasina
,religious,,skipped_type,.webp,,,fulfulde;moore,,Matthieu en fulfulde Massina | Mooré Burkina Faso,68d1854fb1045c86,image,https://mooreburkina.com/modules/custom/wildfire_dbp/images/mat/mat_0818.webp,https://mooreburkina.com/fr/fulfulde/matthieu-en-fulfulde-massina,img,fulfulde_maasina
,religious,,skipped_type,.webp,,,fulfulde;moore,,Matthieu en fulfulde Massina | Mooré Burkina Faso,ef17de5208e334f4,image,https://mooreburkina.com/modules/custom/wildfire_dbp/images/mat/mat_0901.webp,https://mooreburkina.com/fr/fulfulde/matthieu-en-fulfulde-massina,img,fulfulde_maasina
,religious,,skipped_type,.webp,,,fulfulde;moore,,Matthieu en fulfulde Massina | Mooré Burkina Faso,f2e70c854092a9ba,image,https://mooreburkina.com/modules/custom/wildfire_dbp/images/mat/mat_0918.webp,https://mooreburkina.com/fr/fulfulde/matthieu-en-fulfulde-massina,img,fulfulde_maasina
,religious,,skipped_type,.webp,,,fulfulde;moore,,Matthieu en fulfulde Massina | Mooré Burkina Faso,d6fe5f0ca5caf1ff,image,https://mooreburkina.com/modules/custom/wildfire_dbp/images/mat/mat_1001.webp,https://mooreburkina.com/fr/fulfulde/matthieu-en-fulfulde-massina,img,fulfulde_maasina
,religious,,skipped_type,.webp,,,fulfulde;moore,,Matthieu en fulfulde Massina | Mooré Burkina Faso,bc544bf9152e97d3,image,https://mooreburkina.com/modules/custom/wildfire_dbp/images/mat/mat_1023.webp,https://mooreburkina.com/fr/fulfulde/matthieu-en-fulfulde-massina,img,fulfulde_maasina
,religious,,skipped_type,.webp,,,fulfulde;moore,,Matthieu en fulfulde Massina | Mooré Burkina Faso,c4371ee36e2e9f38,image,https://mooreburkina.com/modules/custom/wildfire_dbp/images/mat/mat_1101.webp,https://mooreburkina.com/fr/fulfulde/matthieu-en-fulfulde-massina,img,fulfulde_maasina
,religious,,skipped_type,.webp,,,fulfulde;moore,,Matthieu en fulfulde Massina | Mooré Burkina Faso,b59df5e39f6ef034,image,https://mooreburkina.com/modules/custom/wildfire_dbp/images/mat/mat_1120.webp,https://mooreburkina.com/fr/fulfulde/matthieu-en-fulfulde-massina,img,fulfulde_maasina
,religious,,skipped_type,.webp,,,fulfulde;moore,,Matthieu en fulfulde Massina | Mooré Burkina Faso,92484fe6519d145d,image,https://mooreburkina.com/modules/custom/wildfire_dbp/images/mat/mat_1201.webp,https://mooreburkina.com/fr/fulfulde/matthieu-en-fulfulde-massina,img,fulfulde_maasina
,religious,,skipped_type,.webp,,,fulfulde;moore,,Matthieu en fulfulde Massina | Mooré Burkina Faso,9f0f2bccb7aef5a3,image,https://mooreburkina.com/modules/custom/wildfire_dbp/images/mat/mat_1222.webp,https://mooreburkina.com/fr/fulfulde/matthieu-en-fulfulde-massina,img,fulfulde_maasina
,religious,,skipped_type,.webp,,,fulfulde;moore,,Matthieu en fulfulde Massina | Mooré Burkina Faso,e2f0928ff31a5938,image,https://mooreburkina.com/modules/custom/wildfire_dbp/images/mat/mat_1301.webp,https://mooreburkina.com/fr/fulfulde/matthieu-en-fulfulde-massina,img,fulfulde_maasina
,religious,,skipped_type,.webp,,,fulfulde;moore,,Matthieu en fulfulde Massina | Mooré Burkina Faso,5c38a9d2e27112cd,image,https://mooreburkina.com/modules/custom/wildfire_dbp/images/mat/mat_1324.webp,https://mooreburkina.com/fr/fulfulde/matthieu-en-fulfulde-massina,img,fulfulde_maasina
,religious,,skipped_type,.webp,,,fulfulde;moore,,Matthieu en fulfulde Massina | Mooré Burkina Faso,e590b5a2642e702d,image,https://mooreburkina.com/modules/custom/wildfire_dbp/images/mat/mat_1347.webp,https://mooreburkina.com/fr/fulfulde/matthieu-en-fulfulde-massina,img,fulfulde_maasina
,religious,,skipped_type,.webp,,,fulfulde;moore,,Matthieu en fulfulde Massina | Mooré Burkina Faso,68f043c6e4b4e793,image,https://mooreburkina.com/modules/custom/wildfire_dbp/images/mat/mat_1401.webp,https://mooreburkina.com/fr/fulfulde/matthieu-en-fulfulde-massina,img,fulfulde_maasina
,religious,,skipped_type,.webp,,,fulfulde;moore,,Matthieu en fulfulde Massina | Mooré Burkina Faso,ca1d2adcd1b908d9,image,https://mooreburkina.com/modules/custom/wildfire_dbp/images/mat/mat_1422.webp,https://mooreburkina.com/fr/fulfulde/matthieu-en-fulfulde-massina,img,fulfulde_maasina
,religious,,skipped_type,.webp,,,fulfulde;moore,,Matthieu en fulfulde Massina | Mooré Burkina Faso,0daf1c54f64b0a74,image,https://mooreburkina.com/modules/custom/wildfire_dbp/images/mat/mat_1501.webp,https://mooreburkina.com/fr/fulfulde/matthieu-en-fulfulde-massina,img,fulfulde_maasina
,religious,,skipped_type,.webp,,,fulfulde;moore,,Matthieu en fulfulde Massina | Mooré Burkina Faso,b9a6aa026e8f41ec,image,https://mooreburkina.com/modules/custom/wildfire_dbp/images/mat/mat_1521.webp,https://mooreburkina.com/fr/fulfulde/matthieu-en-fulfulde-massina,img,fulfulde_maasina
,religious,,skipped_type,.webp,,,fulfulde;moore,,Matthieu en fulfulde Massina | Mooré Burkina Faso,9f86838ae14c054e,image,https://mooreburkina.com/modules/custom/wildfire_dbp/images/mat/mat_1601.webp,https://mooreburkina.com/fr/fulfulde/matthieu-en-fulfulde-massina,img,fulfulde_maasina
,religious,,skipped_type,.webp,,,fulfulde;moore,,Matthieu en fulfulde Massina | Mooré Burkina Faso,f043efd711e9550f,image,https://mooreburkina.com/modules/custom/wildfire_dbp/images/mat/mat_1621.webp,https://mooreburkina.com/fr/fulfulde/matthieu-en-fulfulde-massina,img,fulfulde_maasina
,religious,,skipped_type,.webp,,,fulfulde;moore,,Matthieu en fulfulde Massina | Mooré Burkina Faso,a7cbdc9ad2312e19,image,https://mooreburkina.com/modules/custom/wildfire_dbp/images/mat/mat_1701.webp,https://mooreburkina.com/fr/fulfulde/matthieu-en-fulfulde-massina,img,fulfulde_maasina
,religious,,skipped_type,.webp,,,fulfulde;moore,,Matthieu en fulfulde Massina | Mooré Burkina Faso,c740d082ec24729c,image,https://mooreburkina.com/modules/custom/wildfire_dbp/images/mat/mat_1721.webp,https://mooreburkina.com/fr/fulfulde/matthieu-en-fulfulde-massina,img,fulfulde_maasina
,religious,,skipped_type,.webp,,,fulfulde;moore,,Matthieu en fulfulde Massina | Mooré Burkina Faso,c28a6ea54f4a08b9,image,https://mooreburkina.com/modules/custom/wildfire_dbp/images/mat/mat_1801.webp,https://mooreburkina.com/fr/fulfulde/matthieu-en-fulfulde-massina,img,fulfulde_maasina
,religious,,skipped_type,.webp,,,fulfulde;moore,,Matthieu en fulfulde Massina | Mooré Burkina Faso,2d5fb894fd37f996,image,https://mooreburkina.com/modules/custom/wildfire_dbp/images/mat/mat_1814.webp,https://mooreburkina.com/fr/fulfulde/matthieu-en-fulfulde-massina,img,fulfulde_maasina
,religious,,skipped_type,.webp,,,fulfulde;moore,,Matthieu en fulfulde Massina | Mooré Burkina Faso,5e5ab98a9f3bc5f1,image,https://mooreburkina.com/modules/custom/wildfire_dbp/images/mat/mat_1901.webp,https://mooreburkina.com/fr/fulfulde/matthieu-en-fulfulde-massina,img,fulfulde_maasina
,religious,,skipped_type,.webp,,,fulfulde;moore,,Matthieu en fulfulde Massina | Mooré Burkina Faso,5fe6ce00d3fb691b,image,https://mooreburkina.com/modules/custom/wildfire_dbp/images/mat/mat_1916.webp,https://mooreburkina.com/fr/fulfulde/matthieu-en-fulfulde-massina,img,fulfulde_maasina
,religious,,skipped_type,.webp,,,fulfulde;moore,,Matthieu en fulfulde Massina | Mooré Burkina Faso,a4d2082c44a62558,image,https://mooreburkina.com/modules/custom/wildfire_dbp/images/mat/mat_2001.webp,https://mooreburkina.com/fr/fulfulde/matthieu-en-fulfulde-massina,img,fulfulde_maasina
,religious,,skipped_type,.webp,,,fulfulde;moore,,Matthieu en fulfulde Massina | Mooré Burkina Faso,52e52af4fdedc346,image,https://mooreburkina.com/modules/custom/wildfire_dbp/images/mat/mat_2017.webp,https://mooreburkina.com/fr/fulfulde/matthieu-en-fulfulde-massina,img,fulfulde_maasina
,religious,,skipped_type,.webp,,,fulfulde;moore,,Matthieu en fulfulde Massina | Mooré Burkina Faso,e6c8a578c9458b5a,image,https://mooreburkina.com/modules/custom/wildfire_dbp/images/mat/mat_2101.webp,https://mooreburkina.com/fr/fulfulde/matthieu-en-fulfulde-massina,img,fulfulde_maasina
,religious,,skipped_type,.webp,,,fulfulde;moore,,Matthieu en fulfulde Massina | Mooré Burkina Faso,c8d9b74e2e3df090,image,https://mooreburkina.com/modules/custom/wildfire_dbp/images/mat/mat_2118.webp,https://mooreburkina.com/fr/fulfulde/matthieu-en-fulfulde-massina,img,fulfulde_maasina
,religious,,skipped_type,.webp,,,fulfulde;moore,,Matthieu en fulfulde Massina | Mooré Burkina Faso,6f39409f4f75ff8a,image,https://mooreburkina.com/modules/custom/wildfire_dbp/images/mat/mat_2128.webp,https://mooreburkina.com/fr/fulfulde/matthieu-en-fulfulde-massina,img,fulfulde_maasina
,religious,,skipped_type,.webp,,,fulfulde;moore,,Matthieu en fulfulde Massina | Mooré Burkina Faso,957cc886dae9356c,image,https://mooreburkina.com/modules/custom/wildfire_dbp/images/mat/mat_2201.webp,https://mooreburkina.com/fr/fulfulde/matthieu-en-fulfulde-massina,img,fulfulde_maasina
,religious,,skipped_type,.webp,,,fulfulde;moore,,Matthieu en fulfulde Massina | Mooré Burkina Faso,43d0d451331b630c,image,https://mooreburkina.com/modules/custom/wildfire_dbp/images/mat/mat_2223.webp,https://mooreburkina.com/fr/fulfulde/matthieu-en-fulfulde-massina,img,fulfulde_maasina
,religious,,skipped_type,.webp,,,fulfulde;moore,,Matthieu en fulfulde Massina | Mooré Burkina Faso,586218166df9b179,image,https://mooreburkina.com/modules/custom/wildfire_dbp/images/mat/mat_2301.webp,https://mooreburkina.com/fr/fulfulde/matthieu-en-fulfulde-massina,img,fulfulde_maasina
,religious,,skipped_type,.webp,,,fulfulde;moore,,Matthieu en fulfulde Massina | Mooré Burkina Faso,2addc396ab890730,image,https://mooreburkina.com/modules/custom/wildfire_dbp/images/mat/mat_2323.webp,https://mooreburkina.com/fr/fulfulde/matthieu-en-fulfulde-massina,img,fulfulde_maasina
,religious,,skipped_type,.webp,,,fulfulde;moore,,Matthieu en fulfulde Massina | Mooré Burkina Faso,afda2882693f52c6,image,https://mooreburkina.com/modules/custom/wildfire_dbp/images/mat/mat_2401.webp,https://mooreburkina.com/fr/fulfulde/matthieu-en-fulfulde-massina,img,fulfulde_maasina
,religious,,skipped_type,.webp,,,fulfulde;moore,,Matthieu en fulfulde Massina | Mooré Burkina Faso,838c4bb69bcda67f,image,https://mooreburkina.com/modules/custom/wildfire_dbp/images/mat/mat_2432.webp,https://mooreburkina.com/fr/fulfulde/matthieu-en-fulfulde-massina,img,fulfulde_maasina
,religious,,skipped_type,.webp,,,fulfulde;moore,,Matthieu en fulfulde Massina | Mooré Burkina Faso,87303aa131ea13b4,image,https://mooreburkina.com/modules/custom/wildfire_dbp/images/mat/mat_2501.webp,https://mooreburkina.com/fr/fulfulde/matthieu-en-fulfulde-massina,img,fulfulde_maasina
,religious,,skipped_type,.webp,,,fulfulde;moore,,Matthieu en fulfulde Massina | Mooré Burkina Faso,1abd42370270c227,image,https://mooreburkina.com/modules/custom/wildfire_dbp/images/mat/mat_2531.webp,https://mooreburkina.com/fr/fulfulde/matthieu-en-fulfulde-massina,img,fulfulde_maasina
,religious,,skipped_type,.webp,,,fulfulde;moore,,Matthieu en fulfulde Massina | Mooré Burkina Faso,849650ca21b0426b,image,https://mooreburkina.com/modules/custom/wildfire_dbp/images/mat/mat_2601.webp,https://mooreburkina.com/fr/fulfulde/matthieu-en-fulfulde-massina,img,fulfulde_maasina
,religious,,skipped_type,.webp,,,fulfulde;moore,,Matthieu en fulfulde Massina | Mooré Burkina Faso,82bad6dcc77b4a6f,image,https://mooreburkina.com/modules/custom/wildfire_dbp/images/mat/mat_2626.webp,https://mooreburkina.com/fr/fulfulde/matthieu-en-fulfulde-massina,img,fulfulde_maasina
,religious,,skipped_type,.webp,,,fulfulde;moore,,Matthieu en fulfulde Massina | Mooré Burkina Faso,c5d7989f942a142c,image,https://mooreburkina.com/modules/custom/wildfire_dbp/images/mat/mat_2647.webp,https://mooreburkina.com/fr/fulfulde/matthieu-en-fulfulde-massina,img,fulfulde_maasina
,religious,,skipped_type,.webp,,,fulfulde;moore,,Matthieu en fulfulde Massina | Mooré Burkina Faso,e6fc950e1b0d844a,image,https://mooreburkina.com/modules/custom/wildfire_dbp/images/mat/mat_2701.webp,https://mooreburkina.com/fr/fulfulde/matthieu-en-fulfulde-massina,img,fulfulde_maasina
,religious,,skipped_type,.webp,,,fulfulde;moore,,Matthieu en fulfulde Massina | Mooré Burkina Faso,9b5a371a375b3b52,image,https://mooreburkina.com/modules/custom/wildfire_dbp/images/mat/mat_2727.webp,https://mooreburkina.com/fr/fulfulde/matthieu-en-fulfulde-massina,img,fulfulde_maasina
,religious,,skipped_type,.webp,,,fulfulde;moore,,Matthieu en fulfulde Massina | Mooré Burkina Faso,683447a05b770769,image,https://mooreburkina.com/modules/custom/wildfire_dbp/images/mat/mat_2746.webp,https://mooreburkina.com/fr/fulfulde/matthieu-en-fulfulde-massina,img,fulfulde_maasina
,religious,,skipped_type,.webp,,,fulfulde;moore,,Matthieu en fulfulde Massina | Mooré Burkina Faso,c26f4e1111a124d7,image,https://mooreburkina.com/modules/custom/wildfire_dbp/images/mat/mat_2801.webp,https://mooreburkina.com/fr/fulfulde/matthieu-en-fulfulde-massina,img,fulfulde_maasina
,religious,,skipped_type,.webp,,,fulfulde;moore,,Matthieu en fulfulde Massina | Mooré Burkina Faso,cb1858d083cfcf3e,image,https://mooreburkina.com/modules/custom/wildfire_dbp/images/mat/mat_credits.webp,https://mooreburkina.com/fr/fulfulde/matthieu-en-fulfulde-massina,img,fulfulde_maasina
,religious,,skipped_type,.webp,,,fulfulde;moore,,Evangile de Marc Fulfulde Massina | Mooré Burkina Faso,9df95270105acb75,image,https://mooreburkina.com/modules/custom/wildfire_dbp/images/mrk/mrk_0121.webp,https://mooreburkina.com/fr/fulfulde/evangile-de-marc-fulfulde-massina,img,fulfulde_maasina
,religious,,skipped_type,.webp,,,fulfulde;moore,,Evangile de Marc Fulfulde Massina | Mooré Burkina Faso,0268aa974c1a5bcf,image,https://mooreburkina.com/modules/custom/wildfire_dbp/images/mrk/mrk_0215.webp,https://mooreburkina.com/fr/fulfulde/evangile-de-marc-fulfulde-massina,img,fulfulde_maasina
,religious,,skipped_type,.webp,,,fulfulde;moore,,Evangile de Marc Fulfulde Massina | Mooré Burkina Faso,ad1774cde939f25e,image,https://mooreburkina.com/modules/custom/wildfire_dbp/images/mrk/mrk_0827.webp,https://mooreburkina.com/fr/fulfulde/evangile-de-marc-fulfulde-massina,img,fulfulde_maasina
,religious,,skipped_type,.webp,,,fulfulde;moore,,Evangile de Marc Fulfulde Massina | Mooré Burkina Faso,d0f528fd42859d2f,image,https://mooreburkina.com/modules/custom/wildfire_dbp/images/mrk/mrk_1041.webp,https://mooreburkina.com/fr/fulfulde/evangile-de-marc-fulfulde-massina,img,fulfulde_maasina
,religious,,skipped_type,.webp,,,fulfulde;moore,,Evangile de Marc Fulfulde Massina | Mooré Burkina Faso,e1ae812864c3eaf3,image,https://mooreburkina.com/modules/custom/wildfire_dbp/images/mrk/mrk_1311.webp,https://mooreburkina.com/fr/fulfulde/evangile-de-marc-fulfulde-massina,img,fulfulde_maasina
,religious,,skipped_type,.webp,,,fulfulde;moore,,Evangile de Marc Fulfulde Massina | Mooré Burkina Faso,801b66532a8ccef2,image,https://mooreburkina.com/modules/custom/wildfire_dbp/images/mrk/mrk_1422.webp,https://mooreburkina.com/fr/fulfulde/evangile-de-marc-fulfulde-massina,img,fulfulde_maasina
Fulfulde Bible iPhone,app,,skipped_type,.webp,,,fulfulde;moore,,Applis en Fulfulde | Mooré Burkina Faso,522efd092c7dd9ee,image,https://mooreburkina.com/sites/www.mooreburkina.com/files/styles/max_750x750/public/2023-06/Fulfulde%20Bible%20in%20App%20Store2.jpg.webp?itok=i_itFBej,https://mooreburkina.com/fr/applications-smartphone/applis-en-fulfulde,img,
Proverbes Fulfulde iPhone,proverb,,skipped_type,.webp,,,fulfulde;moore,,Applis en Fulfulde | Mooré Burkina Faso,efe1250fb7b38376,image,https://mooreburkina.com/sites/www.mooreburkina.com/files/styles/max_750x750/public/2023-06/Fulfulde%20Proverbes%20App%20Store.jpg.webp?itok=DgzNJi3a,https://mooreburkina.com/fr/applications-smartphone/applis-en-fulfulde,img,
Contes FulfuldeIPhone,folktale,,skipped_type,.webp,,,fulfulde;moore,,Applis en Fulfulde | Mooré Burkina Faso,13f4aaa85863dfa9,image,https://mooreburkina.com/sites/www.mooreburkina.com/files/styles/max_750x750/public/2023-06/Fulfulde%20contes%20sur%20App%20Store.jpg.webp?itok=UDBmte9J,https://mooreburkina.com/fr/applications-smartphone/applis-en-fulfulde,img,
espace fulfulde 2,other,,skipped_type,.webp,,,fulfulde;moore,,Mooré Burkina Faso,2620149eaa5984c8,image,https://mooreburkina.com/sites/www.mooreburkina.com/files/styles/max_750x750/public/2023-12/case%20peul.jpg.webp?itok=jHCj6Vyw,https://mooreburkina.com/;https://mooreburkina.com/fr;https://mooreburkina.com/fr/bienvenu-au-pays-mossi,img,
espace fulfulde,other,,skipped_type,.webp,,,fulfulde;moore,,Mooré Burkina Faso,f3753329d1d3cc9b,image,https://mooreburkina.com/sites/www.mooreburkina.com/files/styles/max_750x750/public/2023-12/espace%20fulfulde.jpg.webp?itok=-S4D32fP,https://mooreburkina.com/;https://mooreburkina.com/fr;https://mooreburkina.com/fr/bienvenu-au-pays-mossi,img,
carte des dialectes fulfulde,book_document,,skipped_type,.webp,,,fulfulde;moore,,Documents pdf Fulfulde | Mooré Burkina Faso,28f08d8d689ac8d6,image,https://mooreburkina.com/sites/www.mooreburkina.com/files/styles/max_750x750/public/2023-12/map%20of%20BF%20Fulfulde%20dialectes3.jpg.webp?itok=nsNczzUX,https://mooreburkina.com/fr/fulfulde/documents-pdf-fulfulde,img,fulfulde_gurmaare;fulfulde_jelgoore;fulfulde_moosiire;fulfulde_yaagaare
map of BF Fulfulde speaking area.jpg,other,,skipped_type,.webp,,,fulfulde;moore,,Mooré Burkina Faso,5d373c11199e89c2,image,https://mooreburkina.com/sites/www.mooreburkina.com/files/styles/max_750x750/public/2023-12/map%20of%20BF%20Fulfulde%20speaking%20area.jpg.webp?itok=fkzfvW9U,https://mooreburkina.com/;https://mooreburkina.com/fr;https://mooreburkina.com/fr/bienvenu-au-pays-mossi;https://mooreburkina.com/fr/fulfulde/documents-pdf-fulfulde,img,
applis en Fulfulde smartphone,app,,skipped_type,.webp,,,fulfulde;moore,,Applis en Fulfulde | Mooré Burkina Faso,017fc331c5d16f5e,image,https://mooreburkina.com/sites/www.mooreburkina.com/files/styles/max_750x750/public/2024-06/Fulfulde%20apps%20Play%20Store%20et%20App%20Store%20Mars%202024.jpg.webp?itok=8KiPJdku,https://mooreburkina.com/fr/applications-smartphone/applis-en-fulfulde,img,
Pular Fuuta-Jallon,app,,skipped_type,.webp,,,fulfulde;moore,,Applis en Fulfulde | Mooré Burkina Faso,2030068fcd13f0b6,image,https://mooreburkina.com/sites/www.mooreburkina.com/files/styles/max_750x750/public/2024-06/Pular%20Fuuta-Jallon.jpg.webp?itok=PYWVyFrb,https://mooreburkina.com/fr/applications-smartphone/applis-en-fulfulde,img,
Webonary Fulfulde dico.jpg,dictionary,,skipped_type,.webp,,,fulfulde;moore,,Applications de dictionnaires | Mooré Burkina Faso,cd34e676d22c219c,image,https://mooreburkina.com/sites/www.mooreburkina.com/files/styles/max_750x750/public/2026-02/Webonary%20Fulfulde%20dico.jpg.webp?itok=laJk8YRP,https://mooreburkina.com/fr/dictionnaire-moor%C3%A9/aplications-de-dictionnaires-pour-ordinateur,img,
,app,,skipped_type,.webp,,,fulfulde;moore,,Applis en Fulfulde | Mooré Burkina Faso,825e38551c820e21,image,https://mooreburkina.com/sites/www.mooreburkina.com/files/styles/max_750x750/public/Applis%20Play%20Store%20images/Applis%20fulfulde/01%20Fulfulde%20dictionary.jpg.webp?itok=nx09FJ7a,https://mooreburkina.com/fr/applications-smartphone/applis-en-fulfulde,img,
,app,,skipped_type,.webp,,,fulfulde;moore,,Applis en Fulfulde | Mooré Burkina Faso,ceb9acb4a8e1c276,image,https://mooreburkina.com/sites/www.mooreburkina.com/files/styles/max_750x750/public/Applis%20Play%20Store%20images/Applis%20fulfulde/02%20fulfulde%20contes%20audio%20vol1.jpg.webp?itok=SFujGRNi,https://mooreburkina.com/fr/applications-smartphone/applis-en-fulfulde,img,
,app,,skipped_type,.webp,,,fulfulde;moore,,Applis en Fulfulde | Mooré Burkina Faso,e0cf0b5f71190b55,image,https://mooreburkina.com/sites/www.mooreburkina.com/files/styles/max_750x750/public/Applis%20Play%20Store%20images/Applis%20fulfulde/03%20fulfulde%20contes%20audio%20vol2.jpg.webp?itok=ANQKQGYp,https://mooreburkina.com/fr/applications-smartphone/applis-en-fulfulde,img,
,app,,skipped_type,.webp,,,fulfulde;moore,,Applis en Fulfulde | Mooré Burkina Faso,35a24e2f394df0f7,image,https://mooreburkina.com/sites/www.mooreburkina.com/files/styles/max_750x750/public/Applis%20Play%20Store%20images/Applis%20fulfulde/04%20fulfulde%20contes%20audio%20vol3.jpg.webp?itok=wHAd55RA,https://mooreburkina.com/fr/applications-smartphone/applis-en-fulfulde,img,
,app,,skipped_type,.webp,,,fulfulde;moore,,Applis en Fulfulde | Mooré Burkina Faso,85d41156f9a1217a,image,https://mooreburkina.com/sites/www.mooreburkina.com/files/styles/max_750x750/public/Applis%20Play%20Store%20images/Applis%20fulfulde/05%20fulfulde%20contes%20audio%20vol4.jpg.webp?itok=AeC6DY3y,https://mooreburkina.com/fr/applications-smartphone/applis-en-fulfulde,img,
,app,,skipped_type,.webp,,,fulfulde;moore,,Applis en Fulfulde | Mooré Burkina Faso,e5dae2c95b9143a0,image,https://mooreburkina.com/sites/www.mooreburkina.com/files/styles/max_750x750/public/Applis%20Play%20Store%20images/Applis%20fulfulde/06%20fulfulde%20contes%20audio%20vol5.jpg.webp?itok=Y4RINVjO,https://mooreburkina.com/fr/applications-smartphone/applis-en-fulfulde,img,
,app,,skipped_type,.webp,,,fulfulde;moore,,Applis en Fulfulde | Mooré Burkina Faso,81fca5fab67e139e,image,https://mooreburkina.com/sites/www.mooreburkina.com/files/styles/max_750x750/public/Applis%20Play%20Store%20images/Applis%20fulfulde/07%20Fulfulde%20proverbes%20vol1.jpg.webp?itok=zN2yoOr4,https://mooreburkina.com/fr/applications-smartphone/applis-en-fulfulde,img,
,app,,skipped_type,.webp,,,fulfulde;moore,,Applis en Fulfulde | Mooré Burkina Faso,793a62c37fda8167,image,https://mooreburkina.com/sites/www.mooreburkina.com/files/styles/max_750x750/public/Applis%20Play%20Store%20images/Applis%20fulfulde/08%20Fulfulde%20proverbes%20vol2.jpg.webp?itok=RpNynGdA,https://mooreburkina.com/fr/applications-smartphone/applis-en-fulfulde,img,
,app,,skipped_type,.webp,,,fulfulde;moore,,Applis en Fulfulde | Mooré Burkina Faso,25d53321150b824f,image,https://mooreburkina.com/sites/www.mooreburkina.com/files/styles/max_750x750/public/Applis%20Play%20Store%20images/Applis%20fulfulde/09%20Fulfulde%20proverbes%20vol3.jpg.webp?itok=57CjjwZr,https://mooreburkina.com/fr/applications-smartphone/applis-en-fulfulde,img,
,app,,skipped_type,.webp,,,fulfulde;moore,,Applis en Fulfulde | Mooré Burkina Faso,0199f9aef771c4a1,image,https://mooreburkina.com/sites/www.mooreburkina.com/files/styles/max_750x750/public/Applis%20Play%20Store%20images/Applis%20fulfulde/10%20Fulfulde%20proverbes%20vol4.jpg.webp?itok=6gCr_Ee3,https://mooreburkina.com/fr/applications-smartphone/applis-en-fulfulde,img,
,app,,skipped_type,.webp,,,fulfulde;moore,,Applis en Fulfulde | Mooré Burkina Faso,a7773134f5107a84,image,https://mooreburkina.com/sites/www.mooreburkina.com/files/styles/max_750x750/public/Applis%20Play%20Store%20images/Applis%20fulfulde/11%20Fulfulde%20proverbes%20vol5.jpg.webp?itok=Q1d_F-Y_,https://mooreburkina.com/fr/applications-smartphone/applis-en-fulfulde,img,
,app,,skipped_type,.webp,,,fulfulde;moore,,Applis en Fulfulde | Mooré Burkina Faso,9592769c48926ce9,image,https://mooreburkina.com/sites/www.mooreburkina.com/files/styles/max_750x750/public/Applis%20Play%20Store%20images/Applis%20fulfulde/12%201400%20proverbes%20fulfulde.jpg.webp?itok=5ZsSnxdY,https://mooreburkina.com/fr/applications-smartphone/applis-en-fulfulde,img,
,app,,skipped_type,.webp,,,fulfulde;moore,,Applis en Fulfulde | Mooré Burkina Faso,331f6ec5f545b699,image,https://mooreburkina.com/sites/www.mooreburkina.com/files/styles/max_750x750/public/Applis%20Play%20Store%20images/Applis%20fulfulde/13%20fulfulde%20contes%20vol1.jpg.webp?itok=2W8mxELv,https://mooreburkina.com/fr/applications-smartphone/applis-en-fulfulde,img,
,app,,skipped_type,.webp,,,fulfulde;moore,,Applis en Fulfulde | Mooré Burkina Faso,54a7966c62cc41d1,image,https://mooreburkina.com/sites/www.mooreburkina.com/files/styles/max_750x750/public/Applis%20Play%20Store%20images/Applis%20fulfulde/14%20fulfulde%20contes%20vol2.jpg.webp?itok=Y3-E0x_v,https://mooreburkina.com/fr/applications-smartphone/applis-en-fulfulde,img,
,app,,skipped_type,.webp,,,fulfulde;moore,,Applis en Fulfulde | Mooré Burkina Faso,c4494363ed3da45e,image,https://mooreburkina.com/sites/www.mooreburkina.com/files/styles/max_750x750/public/Applis%20Play%20Store%20images/Applis%20fulfulde/15%20fulfulde%20contes%20vol3%20audio.jpg.webp?itok=WuQ-BiPk,https://mooreburkina.com/fr/applications-smartphone/applis-en-fulfulde,img,
,app,,skipped_type,.webp,,,fulfulde;moore,,Applis en Fulfulde | Mooré Burkina Faso,393da002ee242925,image,https://mooreburkina.com/sites/www.mooreburkina.com/files/styles/max_750x750/public/Applis%20Play%20Store%20images/Applis%20fulfulde/16%20Bible%20Fulfulde%20BF.jpg.webp?itok=DZvwThYx,https://mooreburkina.com/fr/applications-smartphone/applis-en-fulfulde,img,
,app,,skipped_type,.webp,,,fulfulde;moore,,Applis en Fulfulde | Mooré Burkina Faso,8777677ea66ee3be,image,https://mooreburkina.com/sites/www.mooreburkina.com/files/styles/max_750x750/public/Applis%20Play%20Store%20images/Applis%20fulfulde/Fulfulde%20dictionary%20on%20app%20Store.jpg.webp?itok=WQ6Yn6A7,https://mooreburkina.com/fr/applications-smartphone/applis-en-fulfulde,img,
,dictionary,,skipped_type,.webp,,,fulfulde;moore,,Applications de dictionnaires | Mooré Burkina Faso,8c6efef9951ca831,image,https://mooreburkina.com/sites/www.mooreburkina.com/files/styles/max_750x750/public/Dictio%20apk/smarthphone%20fulfulde.jpg.webp?itok=kpUr8KaF,https://mooreburkina.com/fr/dictionnaire-moor%C3%A9/aplications-de-dictionnaires-pour-ordinateur,img,
,dictionary,,skipped_type,.webp,,,fulfulde;moore,,Applications de dictionnaires | Mooré Burkina Faso,505515bddcc08f80,image,https://mooreburkina.com/sites/www.mooreburkina.com/files/styles/max_750x750/public/Diction%20exe/dictionnaire%20fulfulde.jpg.webp?itok=2IQSdRt6,https://mooreburkina.com/fr/dictionnaire-moor%C3%A9/aplications-de-dictionnaires-pour-ordinateur,img,
,book_document,,skipped_type,.webp,,,fulfulde;moore,,Documents pdf Fulfulde | Mooré Burkina Faso,5f6220cf8b8ebb82,image,https://mooreburkina.com/sites/www.mooreburkina.com/files/styles/max_750x750/public/pdf-files/1%20Fulfulde%20Lexique%20Corps.jpg.webp?itok=FsIeezka,https://mooreburkina.com/fr/fulfulde/documents-pdf-fulfulde,img,fulfulde_gurmaare;fulfulde_jelgoore;fulfulde_moosiire;fulfulde_yaagaare
,book_document,,skipped_type,.webp,,,fulfulde;moore,,Documents pdf Fulfulde | Mooré Burkina Faso,ef8f90ddb573c7e8,image,https://mooreburkina.com/sites/www.mooreburkina.com/files/styles/max_750x750/public/pdf-files/1%20Fulfulde%20Lexique%20Elev%20et%20Agric.jpg.webp?itok=FY7Yukyi,https://mooreburkina.com/fr/fulfulde/documents-pdf-fulfulde,img,fulfulde_gurmaare;fulfulde_jelgoore;fulfulde_moosiire;fulfulde_yaagaare
,book_document,,skipped_type,.webp,,,fulfulde;moore,,Documents pdf Fulfulde | Mooré Burkina Faso,523e90cf324c66ef,image,https://mooreburkina.com/sites/www.mooreburkina.com/files/styles/max_750x750/public/pdf-files/1%20Fulfulde%20Lexique%20Plantes.jpg.webp?itok=hZgpAj0s,https://mooreburkina.com/fr/fulfulde/documents-pdf-fulfulde,img,fulfulde_gurmaare;fulfulde_jelgoore;fulfulde_moosiire;fulfulde_yaagaare
,book_document,,skipped_type,.webp,,,fulfulde;moore,,Documents pdf Fulfulde | Mooré Burkina Faso,a84719759590730f,image,https://mooreburkina.com/sites/www.mooreburkina.com/files/styles/max_750x750/public/pdf-files/1%20Fulfulde%20Lexique%20maladies.jpg.webp?itok=gvMfBV_b,https://mooreburkina.com/fr/fulfulde/documents-pdf-fulfulde,img,fulfulde_gurmaare;fulfulde_jelgoore;fulfulde_moosiire;fulfulde_yaagaare
,book_document,,skipped_type,.webp,,,fulfulde;moore,,Documents pdf Fulfulde | Mooré Burkina Faso,5116c1e3ccdaed59,image,https://mooreburkina.com/sites/www.mooreburkina.com/files/styles/max_750x750/public/pdf-files/1%20fulfulde%20Lexique%20animaux.jpg.webp?itok=SgtiuF0c,https://mooreburkina.com/fr/fulfulde/documents-pdf-fulfulde,img,fulfulde_gurmaare;fulfulde_jelgoore;fulfulde_moosiire;fulfulde_yaagaare
,book_document,,skipped_type,.webp,,,fulfulde;moore,,Documents pdf Fulfulde | Mooré Burkina Faso,3544e5ea0139e232,image,https://mooreburkina.com/sites/www.mooreburkina.com/files/styles/max_750x750/public/pdf-files/1%20fulfulde%20Lexique%20nourriture.jpg.webp?itok=LZCZe8CF,https://mooreburkina.com/fr/fulfulde/documents-pdf-fulfulde,img,fulfulde_gurmaare;fulfulde_jelgoore;fulfulde_moosiire;fulfulde_yaagaare
,other,application/x-mpegURL,reference_only,,,,fulfulde;moore,,Vidéos en diaporama fulfulde | Mooré Burkina Faso,bac980ad56137b63,link,https://mooreburkina.com/sites/www.mooreburkina.com/files/media_stream/streams/hls_standard_video/1037.m3u8,https://mooreburkina.com/fr/fulfulde/vid%C3%A9os-en-diaporama-fulfulde,source,
,other,application/x-mpegURL,reference_only,,,,fulfulde;moore,,Vidéos en diaporama fulfulde | Mooré Burkina Faso,63e77483ec50f4f5,link,https://mooreburkina.com/sites/www.mooreburkina.com/files/media_stream/streams/hls_standard_video/1040.m3u8,https://mooreburkina.com/fr/fulfulde/vid%C3%A9os-en-diaporama-fulfulde,source,
,other,application/x-mpegURL,reference_only,,,,fulfulde;moore,,Vidéos en diaporama fulfulde | Mooré Burkina Faso,249f3b6b8dc82df3,link,https://mooreburkina.com/sites/www.mooreburkina.com/files/media_stream/streams/hls_standard_video/1043.m3u8,https://mooreburkina.com/fr/fulfulde/vid%C3%A9os-en-diaporama-fulfulde,source,
,other,application/x-mpegURL,reference_only,,,,fulfulde;moore,,Vidéos en diaporama fulfulde | Mooré Burkina Faso,02d3b4a396b64a24,link,https://mooreburkina.com/sites/www.mooreburkina.com/files/media_stream/streams/hls_standard_video/1046.m3u8,https://mooreburkina.com/fr/fulfulde/vid%C3%A9os-en-diaporama-fulfulde,source,
,other,application/x-mpegURL,reference_only,,,,fulfulde;moore,,Vidéos en diaporama fulfulde | Mooré Burkina Faso,cb46237a9630aa4d,link,https://mooreburkina.com/sites/www.mooreburkina.com/files/media_stream/streams/hls_standard_video/1049.m3u8,https://mooreburkina.com/fr/fulfulde/vid%C3%A9os-en-diaporama-fulfulde,source,
,other,application/x-mpegURL,reference_only,,,,fulfulde;moore,,Vidéos en diaporama fulfulde | Mooré Burkina Faso,1ba60b3a44383ee4,link,https://mooreburkina.com/sites/www.mooreburkina.com/files/media_stream/streams/hls_standard_video/1052.m3u8,https://mooreburkina.com/fr/fulfulde/vid%C3%A9os-en-diaporama-fulfulde,source,
,other,application/x-mpegURL,reference_only,,,,fulfulde;moore,,Vidéos en diaporama fulfulde | Mooré Burkina Faso,a4f87e2ebd7117ff,link,https://mooreburkina.com/sites/www.mooreburkina.com/files/media_stream/streams/hls_standard_video/1055.m3u8,https://mooreburkina.com/fr/fulfulde/vid%C3%A9os-en-diaporama-fulfulde,source,
,other,application/x-mpegURL,reference_only,,,,fulfulde;moore,,Vidéos en diaporama fulfulde | Mooré Burkina Faso,4a99e7e123a1b746,link,https://mooreburkina.com/sites/www.mooreburkina.com/files/media_stream/streams/hls_standard_video/1058.m3u8,https://mooreburkina.com/fr/fulfulde/vid%C3%A9os-en-diaporama-fulfulde,source,
,other,application/x-mpegURL,reference_only,,,,fulfulde;moore,,Fulfulde | Mooré Burkina Faso,cad21493c5608baf,link,https://mooreburkina.com/sites/www.mooreburkina.com/files/media_stream/streams/hls_standard_video/593.m3u8,https://mooreburkina.com/fr/fulfulde,source,
,other,application/x-mpegURL,reference_only,,,,fulfulde;moore,,Vidéos en diaporama fulfulde | Mooré Burkina Faso,7af010d17acbd0d9,link,https://mooreburkina.com/sites/www.mooreburkina.com/files/media_stream/streams/hls_standard_video/971.m3u8,https://mooreburkina.com/fr/fulfulde/vid%C3%A9os-en-diaporama-fulfulde,source,
,other,application/x-mpegURL,reference_only,,,,fulfulde;moore,,Vidéos en diaporama fulfulde | Mooré Burkina Faso,aa6b102fe3071ba0,link,https://mooreburkina.com/sites/www.mooreburkina.com/files/media_stream/streams/hls_standard_video/974.m3u8,https://mooreburkina.com/fr/fulfulde/vid%C3%A9os-en-diaporama-fulfulde,source,
,other,application/x-mpegURL,reference_only,,,,fulfulde;moore,,Vidéos en diaporama fulfulde | Mooré Burkina Faso,5c68462c9a022274,link,https://mooreburkina.com/sites/www.mooreburkina.com/files/media_stream/streams/hls_standard_video/977.m3u8,https://mooreburkina.com/fr/fulfulde/vid%C3%A9os-en-diaporama-fulfulde,source,
,other,application/x-mpegURL,reference_only,,,,fulfulde;moore,,Vidéos en diaporama fulfulde | Mooré Burkina Faso,f444bf8824b02d2c,link,https://mooreburkina.com/sites/www.mooreburkina.com/files/media_stream/streams/hls_standard_video/980.m3u8,https://mooreburkina.com/fr/fulfulde/vid%C3%A9os-en-diaporama-fulfulde,source,
mp4 (150px),other,,skipped_type,.mp4,,,fulfulde;moore,,Vidéos en diaporama fulfulde | Mooré Burkina Faso,87c31eb8346736e4,video,https://mooreburkina.com/sites/www.mooreburkina.com/files/media_stream/encodings/video_download_mp4_150/1037-.mp4,https://mooreburkina.com/fr/fulfulde/vid%C3%A9os-en-diaporama-fulfulde,a,
mp4 (150px),other,,skipped_type,.mp4,,,fulfulde;moore,,Vidéos en diaporama fulfulde | Mooré Burkina Faso,904c753629373d00,video,https://mooreburkina.com/sites/www.mooreburkina.com/files/media_stream/encodings/video_download_mp4_150/1040-.mp4,https://mooreburkina.com/fr/fulfulde/vid%C3%A9os-en-diaporama-fulfulde,a,
mp4 (150px),other,,skipped_type,.mp4,,,fulfulde;moore,,Vidéos en diaporama fulfulde | Mooré Burkina Faso,79ec6e5f23b86ecb,video,https://mooreburkina.com/sites/www.mooreburkina.com/files/media_stream/encodings/video_download_mp4_150/1043-.mp4,https://mooreburkina.com/fr/fulfulde/vid%C3%A9os-en-diaporama-fulfulde,a,
mp4 (150px),other,,skipped_type,.mp4,,,fulfulde;moore,,Vidéos en diaporama fulfulde | Mooré Burkina Faso,2e0b265c4ae4ce3f,video,https://mooreburkina.com/sites/www.mooreburkina.com/files/media_stream/encodings/video_download_mp4_150/1046-.mp4,https://mooreburkina.com/fr/fulfulde/vid%C3%A9os-en-diaporama-fulfulde,a,
mp4 (150px),other,,skipped_type,.mp4,,,fulfulde;moore,,Vidéos en diaporama fulfulde | Mooré Burkina Faso,42f5bd5dd1925fab,video,https://mooreburkina.com/sites/www.mooreburkina.com/files/media_stream/encodings/video_download_mp4_150/1049-.mp4,https://mooreburkina.com/fr/fulfulde/vid%C3%A9os-en-diaporama-fulfulde,a,
mp4 (150px),other,,skipped_type,.mp4,,,fulfulde;moore,,Vidéos en diaporama fulfulde | Mooré Burkina Faso,fe8bad001aa7713b,video,https://mooreburkina.com/sites/www.mooreburkina.com/files/media_stream/encodings/video_download_mp4_150/1052-.mp4,https://mooreburkina.com/fr/fulfulde/vid%C3%A9os-en-diaporama-fulfulde,a,
mp4 (150px),other,,skipped_type,.mp4,,,fulfulde;moore,,Vidéos en diaporama fulfulde | Mooré Burkina Faso,9063f115d7f590fb,video,https://mooreburkina.com/sites/www.mooreburkina.com/files/media_stream/encodings/video_download_mp4_150/1055-.mp4,https://mooreburkina.com/fr/fulfulde/vid%C3%A9os-en-diaporama-fulfulde,a,
mp4 (150px),other,,skipped_type,.mp4,,,fulfulde;moore,,Vidéos en diaporama fulfulde | Mooré Burkina Faso,47028644f0e1ed31,video,https://mooreburkina.com/sites/www.mooreburkina.com/files/media_stream/encodings/video_download_mp4_150/1058-.mp4,https://mooreburkina.com/fr/fulfulde/vid%C3%A9os-en-diaporama-fulfulde,a,
mp4 (150px),other,,skipped_type,.mp4,,,fulfulde;moore,,Fulfulde | Mooré Burkina Faso,530ec76ce52b502a,video,https://mooreburkina.com/sites/www.mooreburkina.com/files/media_stream/encodings/video_download_mp4_150/593-.mp4,https://mooreburkina.com/fr/fulfulde,a,
mp4 (150px),other,,skipped_type,.mp4,,,fulfulde;moore,,Vidéos en diaporama fulfulde | Mooré Burkina Faso,4b716bd48901cb9f,video,https://mooreburkina.com/sites/www.mooreburkina.com/files/media_stream/encodings/video_download_mp4_150/971-.mp4,https://mooreburkina.com/fr/fulfulde/vid%C3%A9os-en-diaporama-fulfulde,a,
mp4 (150px),other,,skipped_type,.mp4,,,fulfulde;moore,,Vidéos en diaporama fulfulde | Mooré Burkina Faso,23ad9e902de9d32a,video,https://mooreburkina.com/sites/www.mooreburkina.com/files/media_stream/encodings/video_download_mp4_150/974-.mp4,https://mooreburkina.com/fr/fulfulde/vid%C3%A9os-en-diaporama-fulfulde,a,
mp4 (150px),other,,skipped_type,.mp4,,,fulfulde;moore,,Vidéos en diaporama fulfulde | Mooré Burkina Faso,dfa60ec8d782c0db,video,https://mooreburkina.com/sites/www.mooreburkina.com/files/media_stream/encodings/video_download_mp4_150/977-.mp4,https://mooreburkina.com/fr/fulfulde/vid%C3%A9os-en-diaporama-fulfulde,a,
mp4 (150px),other,,skipped_type,.mp4,,,fulfulde;moore,,Vidéos en diaporama fulfulde | Mooré Burkina Faso,a01f0ed4a4f6031a,video,https://mooreburkina.com/sites/www.mooreburkina.com/files/media_stream/encodings/video_download_mp4_150/980-.mp4,https://mooreburkina.com/fr/fulfulde/vid%C3%A9os-en-diaporama-fulfulde,a,
mp4 (480px),other,,skipped_type,.mp4,,,fulfulde;moore,,Vidéos en diaporama fulfulde | Mooré Burkina Faso,356fdb57cf42abd1,video,https://mooreburkina.com/sites/www.mooreburkina.com/files/media_stream/encodings/video_download_mp4_480/1037-.mp4,https://mooreburkina.com/fr/fulfulde/vid%C3%A9os-en-diaporama-fulfulde,a,
mp4 (480px),other,,skipped_type,.mp4,,,fulfulde;moore,,Vidéos en diaporama fulfulde | Mooré Burkina Faso,2026f1c95cb04668,video,https://mooreburkina.com/sites/www.mooreburkina.com/files/media_stream/encodings/video_download_mp4_480/1040-.mp4,https://mooreburkina.com/fr/fulfulde/vid%C3%A9os-en-diaporama-fulfulde,a,
mp4 (480px),other,,skipped_type,.mp4,,,fulfulde;moore,,Vidéos en diaporama fulfulde | Mooré Burkina Faso,f1b73ea9bf0d725e,video,https://mooreburkina.com/sites/www.mooreburkina.com/files/media_stream/encodings/video_download_mp4_480/1043-.mp4,https://mooreburkina.com/fr/fulfulde/vid%C3%A9os-en-diaporama-fulfulde,a,
mp4 (480px),other,,skipped_type,.mp4,,,fulfulde;moore,,Vidéos en diaporama fulfulde | Mooré Burkina Faso,c3ff0c85ba913c35,video,https://mooreburkina.com/sites/www.mooreburkina.com/files/media_stream/encodings/video_download_mp4_480/1046-.mp4,https://mooreburkina.com/fr/fulfulde/vid%C3%A9os-en-diaporama-fulfulde,a,
mp4 (480px),other,,skipped_type,.mp4,,,fulfulde;moore,,Vidéos en diaporama fulfulde | Mooré Burkina Faso,6d5b863dee3bec1f,video,https://mooreburkina.com/sites/www.mooreburkina.com/files/media_stream/encodings/video_download_mp4_480/1049-.mp4,https://mooreburkina.com/fr/fulfulde/vid%C3%A9os-en-diaporama-fulfulde,a,
mp4 (480px),other,,skipped_type,.mp4,,,fulfulde;moore,,Vidéos en diaporama fulfulde | Mooré Burkina Faso,5ebf8caaf884194a,video,https://mooreburkina.com/sites/www.mooreburkina.com/files/media_stream/encodings/video_download_mp4_480/1052-.mp4,https://mooreburkina.com/fr/fulfulde/vid%C3%A9os-en-diaporama-fulfulde,a,
mp4 (480px),other,,skipped_type,.mp4,,,fulfulde;moore,,Vidéos en diaporama fulfulde | Mooré Burkina Faso,e32c8d7d04540a45,video,https://mooreburkina.com/sites/www.mooreburkina.com/files/media_stream/encodings/video_download_mp4_480/1055-.mp4,https://mooreburkina.com/fr/fulfulde/vid%C3%A9os-en-diaporama-fulfulde,a,
mp4 (480px),other,,skipped_type,.mp4,,,fulfulde;moore,,Vidéos en diaporama fulfulde | Mooré Burkina Faso,e48a24f70ce9eae8,video,https://mooreburkina.com/sites/www.mooreburkina.com/files/media_stream/encodings/video_download_mp4_480/1058-.mp4,https://mooreburkina.com/fr/fulfulde/vid%C3%A9os-en-diaporama-fulfulde,a,
mp4 (480px),other,,skipped_type,.mp4,,,fulfulde;moore,,Vidéos en diaporama fulfulde | Mooré Burkina Faso,27a233e3830e3618,video,https://mooreburkina.com/sites/www.mooreburkina.com/files/media_stream/encodings/video_download_mp4_480/971-.mp4,https://mooreburkina.com/fr/fulfulde/vid%C3%A9os-en-diaporama-fulfulde,a,
mp4 (480px),other,,skipped_type,.mp4,,,fulfulde;moore,,Vidéos en diaporama fulfulde | Mooré Burkina Faso,43166277816a5f81,video,https://mooreburkina.com/sites/www.mooreburkina.com/files/media_stream/encodings/video_download_mp4_480/974-.mp4,https://mooreburkina.com/fr/fulfulde/vid%C3%A9os-en-diaporama-fulfulde,a,
mp4 (480px),other,,skipped_type,.mp4,,,fulfulde;moore,,Vidéos en diaporama fulfulde | Mooré Burkina Faso,72c41bca10836b0c,video,https://mooreburkina.com/sites/www.mooreburkina.com/files/media_stream/encodings/video_download_mp4_480/977-.mp4,https://mooreburkina.com/fr/fulfulde/vid%C3%A9os-en-diaporama-fulfulde,a,
mp4 (480px),other,,skipped_type,.mp4,,,fulfulde;moore,,Vidéos en diaporama fulfulde | Mooré Burkina Faso,6a9d62d739713fe7,video,https://mooreburkina.com/sites/www.mooreburkina.com/files/media_stream/encodings/video_download_mp4_480/980-.mp4,https://mooreburkina.com/fr/fulfulde/vid%C3%A9os-en-diaporama-fulfulde,a,
mp4 (taille originale),other,,skipped_type,.mp4,,,fulfulde;moore,,Vidéos en diaporama fulfulde | Mooré Burkina Faso,8dca1e56b95c6770,video,https://mooreburkina.com/sites/www.mooreburkina.com/files/media_stream/encodings/video_download_mp4_orig_qual/1037-.mp4,https://mooreburkina.com/fr/fulfulde/vid%C3%A9os-en-diaporama-fulfulde,a,
mp4 (taille originale),other,,skipped_type,.mp4,,,fulfulde;moore,,Vidéos en diaporama fulfulde | Mooré Burkina Faso,e9a266340853ad92,video,https://mooreburkina.com/sites/www.mooreburkina.com/files/media_stream/encodings/video_download_mp4_orig_qual/1040-.mp4,https://mooreburkina.com/fr/fulfulde/vid%C3%A9os-en-diaporama-fulfulde,a,
mp4 (taille originale),other,,skipped_type,.mp4,,,fulfulde;moore,,Vidéos en diaporama fulfulde | Mooré Burkina Faso,5608e4c16020c543,video,https://mooreburkina.com/sites/www.mooreburkina.com/files/media_stream/encodings/video_download_mp4_orig_qual/1043-.mp4,https://mooreburkina.com/fr/fulfulde/vid%C3%A9os-en-diaporama-fulfulde,a,
mp4 (taille originale),other,,skipped_type,.mp4,,,fulfulde;moore,,Vidéos en diaporama fulfulde | Mooré Burkina Faso,bdb25d108ae8efd0,video,https://mooreburkina.com/sites/www.mooreburkina.com/files/media_stream/encodings/video_download_mp4_orig_qual/1046-.mp4,https://mooreburkina.com/fr/fulfulde/vid%C3%A9os-en-diaporama-fulfulde,a,
mp4 (taille originale),other,,skipped_type,.mp4,,,fulfulde;moore,,Vidéos en diaporama fulfulde | Mooré Burkina Faso,7ac75e1a213fb955,video,https://mooreburkina.com/sites/www.mooreburkina.com/files/media_stream/encodings/video_download_mp4_orig_qual/1049-.mp4,https://mooreburkina.com/fr/fulfulde/vid%C3%A9os-en-diaporama-fulfulde,a,
mp4 (taille originale),other,,skipped_type,.mp4,,,fulfulde;moore,,Vidéos en diaporama fulfulde | Mooré Burkina Faso,a2ca6a51109ecaa9,video,https://mooreburkina.com/sites/www.mooreburkina.com/files/media_stream/encodings/video_download_mp4_orig_qual/1052-.mp4,https://mooreburkina.com/fr/fulfulde/vid%C3%A9os-en-diaporama-fulfulde,a,
mp4 (taille originale),other,,skipped_type,.mp4,,,fulfulde;moore,,Vidéos en diaporama fulfulde | Mooré Burkina Faso,da0e565cd185442d,video,https://mooreburkina.com/sites/www.mooreburkina.com/files/media_stream/encodings/video_download_mp4_orig_qual/1055-.mp4,https://mooreburkina.com/fr/fulfulde/vid%C3%A9os-en-diaporama-fulfulde,a,
mp4 (taille originale),other,,skipped_type,.mp4,,,fulfulde;moore,,Vidéos en diaporama fulfulde | Mooré Burkina Faso,a3020629b96fc1e1,video,https://mooreburkina.com/sites/www.mooreburkina.com/files/media_stream/encodings/video_download_mp4_orig_qual/1058-.mp4,https://mooreburkina.com/fr/fulfulde/vid%C3%A9os-en-diaporama-fulfulde,a,
mp4 (taille originale),other,,skipped_type,.mp4,,,fulfulde;moore,,Fulfulde | Mooré Burkina Faso,5188c1141bf53086,video,https://mooreburkina.com/sites/www.mooreburkina.com/files/media_stream/encodings/video_download_mp4_orig_qual/593-.mp4,https://mooreburkina.com/fr/fulfulde,a,
mp4 (taille originale),other,,skipped_type,.mp4,,,fulfulde;moore,,Vidéos en diaporama fulfulde | Mooré Burkina Faso,d766803ef0e00a7e,video,https://mooreburkina.com/sites/www.mooreburkina.com/files/media_stream/encodings/video_download_mp4_orig_qual/971-.mp4,https://mooreburkina.com/fr/fulfulde/vid%C3%A9os-en-diaporama-fulfulde,a,
mp4 (taille originale),other,,skipped_type,.mp4,,,fulfulde;moore,,Vidéos en diaporama fulfulde | Mooré Burkina Faso,f00e5f28fab50368,video,https://mooreburkina.com/sites/www.mooreburkina.com/files/media_stream/encodings/video_download_mp4_orig_qual/974-.mp4,https://mooreburkina.com/fr/fulfulde/vid%C3%A9os-en-diaporama-fulfulde,a,
mp4 (taille originale),other,,skipped_type,.mp4,,,fulfulde;moore,,Vidéos en diaporama fulfulde | Mooré Burkina Faso,92d7a20300b40935,video,https://mooreburkina.com/sites/www.mooreburkina.com/files/media_stream/encodings/video_download_mp4_orig_qual/977-.mp4,https://mooreburkina.com/fr/fulfulde/vid%C3%A9os-en-diaporama-fulfulde,a,
mp4 (taille originale),other,,skipped_type,.mp4,,,fulfulde;moore,,Vidéos en diaporama fulfulde | Mooré Burkina Faso,0988e60da526e19f,video,https://mooreburkina.com/sites/www.mooreburkina.com/files/media_stream/encodings/video_download_mp4_orig_qual/980-.mp4,https://mooreburkina.com/fr/fulfulde/vid%C3%A9os-en-diaporama-fulfulde,a,
fulfude medley by celestial chorus choir catholic university parish buea,music,,reference_only,,,,fulfulde;moore,,Chants fulfulde sur Youtube | Mooré Burkina Faso,088f6b1bfdf66ede,video_or_embed,https://mooreburkina.com/fr/media/oembed?url=https%3A//www.youtube.com/watch%3Fv%3D21VTna5dfmg&max_width=0&max_height=0&hash=o20puKPqGDeZMxR1wAdKLIPH-R_3XQRwDXfyExEAbH0,https://mooreburkina.com/fr/fulfulde/youtube-chants-fulfulde,iframe,
IISAA JOMIRAADO - Lord Jesus - by Jam Tan,religious,,reference_only,,,,fulfulde;moore,,Chants Jam Tan YouTube | Mooré Burkina Faso,8ea3fc51cbee0305,video_or_embed,https://mooreburkina.com/fr/media/oembed?url=https%3A//www.youtube.com/watch%3Fv%3D3kV7l4NsE6A&max_width=0&max_height=0&hash=OVOB2cJX7S6Tb8nEmHMT9KA2jGH1OtRRG6sNojt1rXs,https://mooreburkina.com/fr/fulfulde/chants-jam-tan-youtube,iframe,
NYALAANDE NA WARA - The day is coming - by Jam Tan,music,,reference_only,,,,fulfulde;moore,,Chants Jam Tan YouTube | Mooré Burkina Faso,1382ba17594160c8,video_or_embed,https://mooreburkina.com/fr/media/oembed?url=https%3A//www.youtube.com/watch%3Fv%3D4_5Z54cX0Ec&max_width=0&max_height=0&hash=TLEVrWOo2zHgpRseNe1Iv_grI5aEObHhUjVPv0G8Sv8,https://mooreburkina.com/fr/fulfulde/chants-jam-tan-youtube,iframe,
LAAMDO YIDI YIMBE FUU - God loves everyone - by Jam Tan,music,,reference_only,,,,fulfulde;moore,,Chants Jam Tan YouTube | Mooré Burkina Faso,6df60a089401b543,video_or_embed,https://mooreburkina.com/fr/media/oembed?url=https%3A//www.youtube.com/watch%3Fv%3D5hbuWHI0KdM&max_width=0&max_height=0&hash=ojRAiyfzHbbO7b7SCreugaDF-sGjf6BL5amiGdTzZSQ,https://mooreburkina.com/fr/fulfulde/chants-jam-tan-youtube,iframe,
"MUNKARU NJAAFO DON - Instrumental ""Forgive"" - by Jam Tan",music,,reference_only,,,,fulfulde;moore,,Chants Jam Tan YouTube | Mooré Burkina Faso,12900c0faeae16fd,video_or_embed,https://mooreburkina.com/fr/media/oembed?url=https%3A//www.youtube.com/watch%3Fv%3D6GrbRC0e3Es&max_width=0&max_height=0&hash=zDpUse1sLBoniS3ZsTCrLEuS8w7M0-j8QhW9LXt3CWw,https://mooreburkina.com/fr/fulfulde/chants-jam-tan-youtube,iframe,
GOMBUGU - by Jam Tan,music,,reference_only,,,,fulfulde;moore,,Chants Jam Tan YouTube | Mooré Burkina Faso,95463af397d040c0,video_or_embed,https://mooreburkina.com/fr/media/oembed?url=https%3A//www.youtube.com/watch%3Fv%3D95RTwqa6k-4&max_width=0&max_height=0&hash=Ki6LVv4M0RxRIvCOisNg4pUfCjoRMmU4LULayfa_bG0,https://mooreburkina.com/fr/fulfulde/chants-jam-tan-youtube,iframe,
Chanteuses peul - Best Of Musique Peul,music,,reference_only,,,,fulfulde;moore,,Chants fulfulde sur Youtube | Mooré Burkina Faso,46ac83112f2a7beb,video_or_embed,https://mooreburkina.com/fr/media/oembed?url=https%3A//www.youtube.com/watch%3Fv%3D9QegT6TZkPk&max_width=0&max_height=0&hash=AK-rNU6a_QDBBHae_qQ0mGw4j7s-EAsCU1aNSenRuVE,https://mooreburkina.com/fr/fulfulde/youtube-chants-fulfulde,iframe,
TAA SEYORA DOYYERE - Do not rejoice when your enemy falls - by Jam Tan,music,,reference_only,,,,fulfulde;moore,,Chants Jam Tan YouTube | Mooré Burkina Faso,0ba8c66b8b35b426,video_or_embed,https://mooreburkina.com/fr/media/oembed?url=https%3A//www.youtube.com/watch%3Fv%3DBVMMaCNKvJ8&max_width=0&max_height=0&hash=_TX5tyTF9NzooNCMw7jPNxWJCwywH2gebk3GBXY4Enk,https://mooreburkina.com/fr/fulfulde/chants-jam-tan-youtube,iframe,
Lobo Dicko - Mon Cheri,music,,reference_only,,,,fulfulde;moore,,Chants fulfulde sur Youtube | Mooré Burkina Faso,7ce072eb14172ce6,video_or_embed,https://mooreburkina.com/fr/media/oembed?url=https%3A//www.youtube.com/watch%3Fv%3DF0xqbsSERTA&max_width=0&max_height=0&hash=FyMGG09efRpsZ5Z7CtTVhXLwExlxGwVeyJDVLGse8AA,https://mooreburkina.com/fr/fulfulde/youtube-chants-fulfulde,iframe,
NGARE CEYEE - Come and rejoice - by Jam Tan,music,,reference_only,,,,fulfulde;moore,,Chants Jam Tan YouTube | Mooré Burkina Faso,6c2954de947194e1,video_or_embed,https://mooreburkina.com/fr/media/oembed?url=https%3A//www.youtube.com/watch%3Fv%3DK1JdKskKJzg&max_width=0&max_height=0&hash=L9rjiwVtDpfDbw6upSbx54MX6wf3e32blYlenhkh0KQ,https://mooreburkina.com/fr/fulfulde/chants-jam-tan-youtube,iframe,
Dicko Fils clip KIRI,music,,reference_only,,,,fulfulde;moore,,Chants fulfulde sur Youtube | Mooré Burkina Faso,e84b7d8f7ae2f2a9,video_or_embed,https://mooreburkina.com/fr/media/oembed?url=https%3A//www.youtube.com/watch%3Fv%3DNTa5Qn9MBx4&max_width=0&max_height=0&hash=ltCS6tIhTOvUJxBXKRLYx1hPPn2oygcDKhX2x-eHquY,https://mooreburkina.com/fr/fulfulde/youtube-chants-fulfulde,iframe,
YANGAAWO - by Jam Tan,music,,reference_only,,,,fulfulde;moore,,Chants Jam Tan YouTube | Mooré Burkina Faso,5e6dde81e69eecbf,video_or_embed,https://mooreburkina.com/fr/media/oembed?url=https%3A//www.youtube.com/watch%3Fv%3DPielK1SlYyk&max_width=0&max_height=0&hash=b15uiIhKEEdGBAgStcoKl3dt_n-AtqHn0n4caG5wHmw,https://mooreburkina.com/fr/fulfulde/chants-jam-tan-youtube,iframe,
Fulfude Burkina,music,,reference_only,,,,fulfulde;moore,,Chants fulfulde sur Youtube | Mooré Burkina Faso,43ebda86ef7166fe,video_or_embed,https://mooreburkina.com/fr/media/oembed?url=https%3A//www.youtube.com/watch%3Fv%3DR4PM07lf2rA&max_width=0&max_height=0&hash=-kbkl3aY8IHHSVmmFNHcncX2-gHGI9MhJv9jWHOxwYQ,https://mooreburkina.com/fr/fulfulde/youtube-chants-fulfulde,iframe,
MI YIMANAN MO - By Jam Tan,music,,reference_only,,,,fulfulde;moore,,Chants Jam Tan YouTube | Mooré Burkina Faso,442de81559140b13,video_or_embed,https://mooreburkina.com/fr/media/oembed?url=https%3A//www.youtube.com/watch%3Fv%3DRaL45jt5_3o&max_width=0&max_height=0&hash=ocahHePF94T13YmzOx9h_nrG1Nor9rj4S_nxTGgurMg,https://mooreburkina.com/fr/fulfulde/chants-jam-tan-youtube,iframe,
"MI YIDI HAALA MA - I love your Word, there is no one like You - by Jam Tan",music,,reference_only,,,,fulfulde;moore,,Chants Jam Tan YouTube | Mooré Burkina Faso,24cb94fca310a986,video_or_embed,https://mooreburkina.com/fr/media/oembed?url=https%3A//www.youtube.com/watch%3Fv%3DRrwTCOSuG28&max_width=0&max_height=0&hash=g_dOEwxaGcjYJAi3oxm_XS8XotC2fWifIhv4_d1CHjg,https://mooreburkina.com/fr/fulfulde/chants-jam-tan-youtube,iframe,
"NJIDDO DADDE WARA NGOONDINA - Whoever wants to be saved, must believe in Jesus The Savior - Jam Tan",religious,,reference_only,,,,fulfulde;moore,,Chants Jam Tan YouTube | Mooré Burkina Faso,71c1570107ac713f,video_or_embed,https://mooreburkina.com/fr/media/oembed?url=https%3A//www.youtube.com/watch%3Fv%3DSWBjVOnpUII&max_width=0&max_height=0&hash=1kHcg5f2Uwg69-Ip1Okvizr3necMRmHr7yViSyNx5NA,https://mooreburkina.com/fr/fulfulde/chants-jam-tan-youtube,iframe,
MIDO YIDI YEESU,music,,reference_only,,,,fulfulde;moore,,Chants Jam Tan YouTube | Mooré Burkina Faso,736d370af42cb816,video_or_embed,https://mooreburkina.com/fr/media/oembed?url=https%3A//www.youtube.com/watch%3Fv%3DT_tNgwwQkwY&max_width=0&max_height=0&hash=dcPsIfsQ7xeivEoCad2ONzcMztHkr4_IL7rcivdw2e8,https://mooreburkina.com/fr/fulfulde/chants-jam-tan-youtube,iframe,
JOOMIRADO - The Lord is my Shepherd - By Jam Tam,music,,reference_only,,,,fulfulde;moore,,Chants Jam Tan YouTube | Mooré Burkina Faso,4784b4b9cb08c7da,video_or_embed,https://mooreburkina.com/fr/media/oembed?url=https%3A//www.youtube.com/watch%3Fv%3DW0OuLCQRQT0&max_width=0&max_height=0&hash=OLaT1JvYS7JtEMHNmwHbKl45meXZNyUhv_bswjbAL-8,https://mooreburkina.com/fr/fulfulde/chants-jam-tan-youtube,iframe,
RAWNI NA YIDI MA - Rani loves you - by Jam Tan,music,,reference_only,,,,fulfulde;moore,,Chants Jam Tan YouTube | Mooré Burkina Faso,79eed14548a63e7a,video_or_embed,https://mooreburkina.com/fr/media/oembed?url=https%3A//www.youtube.com/watch%3Fv%3DW8KoQgodnwg&max_width=0&max_height=0&hash=djNP54XIvmJD9Yo-NhUrzaiVKqFbmHayL0qstpfs2Mc,https://mooreburkina.com/fr/fulfulde/chants-jam-tan-youtube,iframe,
Musque Peulh HAUTE VOLTA (BURKINA FASO),music,,reference_only,,,,fulfulde;moore,,Chants fulfulde sur Youtube | Mooré Burkina Faso,6cc19012e8d389cd,video_or_embed,https://mooreburkina.com/fr/media/oembed?url=https%3A//www.youtube.com/watch%3Fv%3DWvNiqIkBwqI&max_width=0&max_height=0&hash=e0jOhQn8laMAnO8Tdbp3G75p6hgOvB9MYe4Mj1frVBc,https://mooreburkina.com/fr/fulfulde/youtube-chants-fulfulde,iframe,
SI ON NGONDI E IISAA - If you remain in Christ and He remain in you will bear much fruit -by Jam Tan,music,,reference_only,,,,fulfulde;moore,,Chants Jam Tan YouTube | Mooré Burkina Faso,a51726eb34f3fc9e,video_or_embed,https://mooreburkina.com/fr/media/oembed?url=https%3A//www.youtube.com/watch%3Fv%3DeezcqazBVtk&max_width=0&max_height=0&hash=uiOTcdolzrS8OVpaE6UShEeLDzl1jcFLwdp-gAVVmis,https://mooreburkina.com/fr/fulfulde/chants-jam-tan-youtube,iframe,
CAWRE MUNYE - Persevere in patience - by Jam Tan,music,,reference_only,,,,fulfulde;moore,,Chants Jam Tan YouTube | Mooré Burkina Faso,ff8042e9c902781d,video_or_embed,https://mooreburkina.com/fr/media/oembed?url=https%3A//www.youtube.com/watch%3Fv%3DmGoHyBj6TkQ&max_width=0&max_height=0&hash=JtiH0WOSCDvzUVuUOAmeeh-2T058pv_GMVZ8iDkS7nQ,https://mooreburkina.com/fr/fulfulde/chants-jam-tan-youtube,iframe,
"AA IISAA WALAA HONO - Ah, there is no one like Jesus - by Jam Tan",religious,,reference_only,,,,fulfulde;moore,,Chants Jam Tan YouTube | Mooré Burkina Faso,914d302a9c2f8393,video_or_embed,https://mooreburkina.com/fr/media/oembed?url=https%3A//www.youtube.com/watch%3Fv%3DnFJrQ375K5U&max_width=0&max_height=0&hash=Do5Qy3XDc2VvKuLORtOOJD3uTUHavoseoZ0iCFxTR4U,https://mooreburkina.com/fr/fulfulde/chants-jam-tan-youtube,iframe,
Fulani music video - Love that Never Ends,music,,reference_only,,,,fulfulde;moore,,Chants fulfulde sur Youtube | Mooré Burkina Faso,ed203b3fb45f699e,video_or_embed,https://mooreburkina.com/fr/media/oembed?url=https%3A//www.youtube.com/watch%3Fv%3Dq94TCnaWjN4&max_width=0&max_height=0&hash=MeLzJFNx9soJkT_oMFJ6TZl7nviGPQWkcAReRRnH9Ug,https://mooreburkina.com/fr/fulfulde/youtube-chants-fulfulde,iframe,
SO RUUHU ALLAH NA WONI E AM - When The Holy Spirit is in me - by Jam Tan,music,,reference_only,,,,fulfulde;moore,,Chants Jam Tan YouTube | Mooré Burkina Faso,f70477382cb77abc,video_or_embed,https://mooreburkina.com/fr/media/oembed?url=https%3A//www.youtube.com/watch%3Fv%3DqAdQfYQ22KQ&max_width=0&max_height=0&hash=38mL6ngeuL6IROTdKsA3ep1SVcPTsuSqJs44aqg9FEU,https://mooreburkina.com/fr/fulfulde/chants-jam-tan-youtube,iframe,
NOODIIMA NGARA - He is calling you - Jam Tan,music,,reference_only,,,,fulfulde;moore,,Chants Jam Tan YouTube | Mooré Burkina Faso,701ca56fe25c1bed,video_or_embed,https://mooreburkina.com/fr/media/oembed?url=https%3A//www.youtube.com/watch%3Fv%3Dt0XjiyLLS_k&max_width=0&max_height=0&hash=lmz1p8LKuiRodkFRik0QE0AQ9BRi314XHzaV2Rqujm4,https://mooreburkina.com/fr/fulfulde/chants-jam-tan-youtube,iframe,
IISAA NA WARA FA HOOYA EN - Jesus is coming to take us - by Jam Tan,religious,,reference_only,,,,fulfulde;moore,,Chants Jam Tan YouTube | Mooré Burkina Faso,ea7b15f2d30d62ab,video_or_embed,https://mooreburkina.com/fr/media/oembed?url=https%3A//www.youtube.com/watch%3Fv%3DvHJW85csJ2s&max_width=0&max_height=0&hash=eSgX4XDmtVOtcFTZqWtxvraLrAWW94oFGTqOfn8T-A4,https://mooreburkina.com/fr/fulfulde/chants-jam-tan-youtube,iframe,
SUKA MAJJUDO - The lost child - by Jam Tan,music,,reference_only,,,,fulfulde;moore,,Chants Jam Tan YouTube | Mooré Burkina Faso,990ce8ca620fa073,video_or_embed,https://mooreburkina.com/fr/media/oembed?url=https%3A//www.youtube.com/watch%3Fv%3DwDdpJud5pA4&max_width=0&max_height=0&hash=2wPOK8zQ9IT0yWtXoo2mVRFJvcxsI2k8FI9VyhxLBMU,https://mooreburkina.com/fr/fulfulde/chants-jam-tan-youtube,iframe,
Lobo Dicko - Poulaco,music,,reference_only,,,,fulfulde;moore,,Chants fulfulde sur Youtube | Mooré Burkina Faso,a5b36c501361beb4,video_or_embed,https://mooreburkina.com/fr/media/oembed?url=https%3A//www.youtube.com/watch%3Fv%3DwV_Wx3KdoO4&max_width=0&max_height=0&hash=OyvFdvR2hkz3oSatCkno8Ny6csJTXLzBXDM1EXiJZ7c,https://mooreburkina.com/fr/fulfulde/youtube-chants-fulfulde,iframe,
1 Fulfulde Lexique Elev et Agric.pdf,dictionary,,reference_only,,,,fulfulde;moore,,Documents pdf Fulfulde | Mooré Burkina Faso,ce2042f5ede641a8,video_or_embed,https://mooreburkina.com/libraries/pdfjs-dist-viewer-min/build/minified/web/viewer.html?file=https%3A%2F%2Fmooreburkina.com%2Fsites%2Fwww.mooreburkina.com%2Ffiles%2Fpdf-files%2F1%2520Fulfulde%2520Lexique%2520Elev%2520et%2520Agric.pdf,https://mooreburkina.com/fr/fulfulde/documents-pdf-fulfulde,iframe,fulfulde_gurmaare;fulfulde_jelgoore;fulfulde_moosiire;fulfulde_yaagaare
Alphabet Fulfulde PDF.pdf,orthography,,reference_only,,,,fulfulde;moore,,Documents pdf Fulfulde | Mooré Burkina Faso,5a908214270a7ee3,video_or_embed,https://mooreburkina.com/libraries/pdfjs-dist-viewer-min/build/minified/web/viewer.html?file=https%3A%2F%2Fmooreburkina.com%2Fsites%2Fwww.mooreburkina.com%2Ffiles%2Fpdf-files%2FAlphabet%2520Fulfulde%2520PDF.pdf,https://mooreburkina.com/fr/fulfulde;https://mooreburkina.com/fr/fulfulde/documents-pdf-fulfulde,iframe,fulfulde_gurmaare;fulfulde_jelgoore;fulfulde_moosiire;fulfulde_yaagaare
Applis en fulfulde.pdf,app,,reference_only,,,,fulfulde;moore,,Fulfulde | Mooré Burkina Faso,e52825f43a9efc6e,video_or_embed,https://mooreburkina.com/libraries/pdfjs-dist-viewer-min/build/minified/web/viewer.html?file=https%3A%2F%2Fmooreburkina.com%2Fsites%2Fwww.mooreburkina.com%2Ffiles%2Fpdf-files%2FApplis%2520en%2520fulfulde.pdf,https://mooreburkina.com/fr/fulfulde,iframe,
Apps pour Fulfulde 2023.pdf,book_document,,reference_only,,,,fulfulde;moore,,Documents pdf Fulfulde | Mooré Burkina Faso,9b7d812f722dfa7f,video_or_embed,https://mooreburkina.com/libraries/pdfjs-dist-viewer-min/build/minified/web/viewer.html?file=https%3A%2F%2Fmooreburkina.com%2Fsites%2Fwww.mooreburkina.com%2Ffiles%2Fpdf-files%2FApps%2520pour%2520Fulfulde%25202023.pdf,https://mooreburkina.com/fr/fulfulde/documents-pdf-fulfulde,iframe,fulfulde_gurmaare;fulfulde_jelgoore;fulfulde_moosiire;fulfulde_yaagaare
Fulfulde apps Play Store et App Store.pdf,app,,reference_only,,,,fulfulde;moore,,Documents pdf Fulfulde | Mooré Burkina Faso,167ad275070c5ccc,video_or_embed,https://mooreburkina.com/libraries/pdfjs-dist-viewer-min/build/minified/web/viewer.html?file=https%3A%2F%2Fmooreburkina.com%2Fsites%2Fwww.mooreburkina.com%2Ffiles%2Fpdf-files%2FFulfulde%2520apps%2520Play%2520Store%2520et%2520App%2520Store.pdf,https://mooreburkina.com/fr/fulfulde;https://mooreburkina.com/fr/fulfulde/documents-pdf-fulfulde,iframe,fulfulde_gurmaare;fulfulde_jelgoore;fulfulde_moosiire;fulfulde_yaagaare
Gurmaare Language Learning lessons.pdf,orthography,,reference_only,,,,fulfulde;moore,,Documents pdf Fulfulde | Mooré Burkina Faso,06f359c671a5fb26,video_or_embed,https://mooreburkina.com/libraries/pdfjs-dist-viewer-min/build/minified/web/viewer.html?file=https%3A%2F%2Fmooreburkina.com%2Fsites%2Fwww.mooreburkina.com%2Ffiles%2Fpdf-files%2FGurmaare%2520Language%2520Learning%2520lessons.pdf,https://mooreburkina.com/fr/fulfulde/documents-pdf-fulfulde,iframe,fulfulde_gurmaare
Jelgoore Language Learning lessons.pdf,orthography,,reference_only,,,,fulfulde;moore,,Documents pdf Fulfulde | Mooré Burkina Faso,d7511fa01f47a5a4,video_or_embed,https://mooreburkina.com/libraries/pdfjs-dist-viewer-min/build/minified/web/viewer.html?file=https%3A%2F%2Fmooreburkina.com%2Fsites%2Fwww.mooreburkina.com%2Ffiles%2Fpdf-files%2FJelgoore%2520Language%2520Learning%2520lessons.pdf,https://mooreburkina.com/fr/fulfulde/documents-pdf-fulfulde,iframe,fulfulde_jelgoore
Moosiire Language Learning lessons.pdf,orthography,,reference_only,,,,fulfulde;moore,,Documents pdf Fulfulde | Mooré Burkina Faso,24b5b24533603e07,video_or_embed,https://mooreburkina.com/libraries/pdfjs-dist-viewer-min/build/minified/web/viewer.html?file=https%3A%2F%2Fmooreburkina.com%2Fsites%2Fwww.mooreburkina.com%2Ffiles%2Fpdf-files%2FMoosiire%2520Language%2520Learning%2520lessons.pdf,https://mooreburkina.com/fr/fulfulde/documents-pdf-fulfulde,iframe,fulfulde_moosiire
Yaagaare Language Learning lessons.pdf,orthography,,reference_only,,,,fulfulde;moore,,Documents pdf Fulfulde | Mooré Burkina Faso,09a6f3d58a77bdad,video_or_embed,https://mooreburkina.com/libraries/pdfjs-dist-viewer-min/build/minified/web/viewer.html?file=https%3A%2F%2Fmooreburkina.com%2Fsites%2Fwww.mooreburkina.com%2Ffiles%2Fpdf-files%2FYaagaare%2520Language%2520Learning%2520lessons.pdf,https://mooreburkina.com/fr/fulfulde/documents-pdf-fulfulde,iframe,fulfulde_yaagaare
,folktale,,external_reference,,media.ipsapps.org,,fulfulde;moore;san,,37 contes fulfulde (sans audio) | Mooré Burkina Faso,0607af2327fd1a17,external_interactive,https://media.ipsapps.org/fuh/ora/co2/,https://mooreburkina.com/fr/36-contes-fulfulde-sans-audio,iframe,
,folktale,,external_reference,,media.ipsapps.org,,fulfulde;moore;san,,36 contes fulfulde | Mooré Burkina Faso,d2de864d74bdb8e2,external_interactive,https://media.ipsapps.org/fuh/ora/co3/,https://mooreburkina.com/fr/37-contes-fulfulde-sans-audio,iframe,
Dictionnaire Gourmanché,dictionary,,skipped_type,.apk,,,gulimancema;moore,,Applications de dictionnaires | Mooré Burkina Faso,062eedbb0210af17,app,https://mooreburkina.com/sites/www.mooreburkina.com/files/Dictio%20apk/Gourmanche_Dictionary-1.0.apk?id=com.gourma.dic.burkina&hl=fr,https://mooreburkina.com/fr/dictionnaire-moor%C3%A9/aplications-de-dictionnaires-pour-ordinateur,a,
,other,,external_reference,,apps.apple.com,,gulimancema;moore,,Gulimancema | Mooré Burkina Faso,f99b1b31658a4863,app_store,https://apps.apple.com/us/app/gourmanche-dictionary/id6444834812?platform=iphone,https://mooreburkina.com/fr/gulimancema;https://mooreburkina.com/fr/gulimancema/applications-gulmanchema;https://mooreburkina.com/fr/gulimancema/dictionnaire-gulmanchema,a,
,other,,external_reference,,apps.apple.com,,gulimancema;moore,,Gulimancema | Mooré Burkina Faso,fcbe00c25ef9170c,app_store,https://apps.apple.com/us/app/gourmanche-proverbes/id1658777918?platform=iphone,https://mooreburkina.com/fr/gulimancema;https://mooreburkina.com/fr/gulimancema/applications-gulmanchema,a,
,other,,external_reference,,play.google.com,,gulimancema;moore,,Gulimancema | Mooré Burkina Faso,7e7c42af3725cbab,app_store,https://play.google.com/store/apps/details?id=com.bonny.prov.gurmance.vol1&hl=fr,https://mooreburkina.com/fr/gulimancema;https://mooreburkina.com/fr/gulimancema/applications-gulmanchema,a,
,other,,external_reference,,play.google.com,,gulimancema;moore,,Gulimancema | Mooré Burkina Faso,b7fea3bae600099c,app_store,https://play.google.com/store/apps/details?id=com.bonny.prov.gurmance.vol2&hl=fr,https://mooreburkina.com/fr/gulimancema;https://mooreburkina.com/fr/gulimancema/applications-gulmanchema,a,
,other,,external_reference,,play.google.com,,gulimancema;moore,,Gulimancema | Mooré Burkina Faso,b4bd51f354fca11f,app_store,https://play.google.com/store/apps/details?id=com.gourma.contes.telimi&hl=fr,https://mooreburkina.com/fr/gulimancema;https://mooreburkina.com/fr/gulimancema/applications-gulmanchema,a,
,other,,external_reference,,play.google.com,,gulimancema;moore,,Gulimancema | Mooré Burkina Faso,9dde71042754c1a8,app_store,https://play.google.com/store/apps/details?id=com.gulimance.contes.vol1&hl=fr,https://mooreburkina.com/fr/gulimancema;https://mooreburkina.com/fr/gulimancema/applications-gulmanchema,a,
,other,,external_reference,,play.google.com,,gulimancema;moore,,Gulimancema | Mooré Burkina Faso,01fcdc765d071d2f,app_store,https://play.google.com/store/apps/details?id=com.gulimancema.fada.burkina&hl=fr,https://mooreburkina.com/fr/gulimancema;https://mooreburkina.com/fr/gulimancema/applications-gulmanchema,a,
,other,,external_reference,,play.google.com,,gulimancema;moore,,Gulimancema | Mooré Burkina Faso,771ebd353a8d35c6,app_store,https://play.google.com/store/apps/details?id=com.proverbes.gourma.vol1&hl=fr,https://mooreburkina.com/fr/gulimancema;https://mooreburkina.com/fr/gulimancema/applications-gulmanchema,a,
,app,,external_reference,,media.ipsapps.org,,gulimancema;moore,,Applications gulmanchema | Mooré Burkina Faso,2fd0fe659f82dd13,external_interactive,https://media.ipsapps.org/gux/ora/prov-v1/,https://mooreburkina.com/fr/gulimancema/applications-gulmanchema,iframe,
,app,,external_reference,,media.ipsapps.org,,gulimancema;moore,,Applications gulmanchema | Mooré Burkina Faso,a88b53f826d43e1a,external_interactive,https://media.ipsapps.org/gux/ora/prov-v2/,https://mooreburkina.com/fr/gulimancema/applications-gulmanchema,iframe,
,app,,external_reference,,media.ipsapps.org,,gulimancema;moore,,Applications gulmanchema | Mooré Burkina Faso,c89603eac94f16f0,external_interactive,https://media.ipsapps.org/gux/ora/prov-v3/,https://mooreburkina.com/fr/gulimancema/applications-gulmanchema,iframe,
,app,,external_reference,,media.ipsapps.org,,gulimancema;moore,,Applications gulmanchema | Mooré Burkina Faso,d3a7d54f49d468ff,external_interactive,https://media.ipsapps.org/gux/ora/vol1/,https://mooreburkina.com/fr/gulimancema/applications-gulmanchema,iframe,
,app,,external_reference,,media.ipsapps.org,,gulimancema;moore,,Applications gulmanchema | Mooré Burkina Faso,8bb39ea9f0467380,external_interactive,https://media.ipsapps.org/gux/ora/vol2/,https://mooreburkina.com/fr/gulimancema/applications-gulmanchema,iframe,
,religious,,skipped_type,.webp,,,gulimancema;moore,,Evangile de Luc | Mooré Burkina Faso,d2b943c64075b6ac,image,https://mooreburkina.com/modules/custom/wildfire_dbp/images/luk/luk_0637.webp,https://mooreburkina.com/fr/gulimancema/evangile-de-luc,img,
,religious,,skipped_type,.webp,,,gulimancema;moore,,Evangile de Luc | Mooré Burkina Faso,7b8e82eb13d58406,image,https://mooreburkina.com/modules/custom/wildfire_dbp/images/luk/luk_0711.webp,https://mooreburkina.com/fr/gulimancema/evangile-de-luc,img,
,religious,,skipped_type,.webp,,,gulimancema;moore,,Evangile de Luc | Mooré Burkina Faso,0b24ea1d36798196,image,https://mooreburkina.com/modules/custom/wildfire_dbp/images/luk/luk_0957.webp,https://mooreburkina.com/fr/gulimancema/evangile-de-luc,img,
,religious,,skipped_type,.webp,,,gulimancema;moore,,Evangile de Luc | Mooré Burkina Faso,77ef84de1fc22491,image,https://mooreburkina.com/modules/custom/wildfire_dbp/images/luk/luk_1137.webp,https://mooreburkina.com/fr/gulimancema/evangile-de-luc,img,
,religious,,skipped_type,.webp,,,gulimancema;moore,,Evangile de Luc | Mooré Burkina Faso,ef1717b07251e54e,image,https://mooreburkina.com/modules/custom/wildfire_dbp/images/luk/luk_2027.webp,https://mooreburkina.com/fr/gulimancema/evangile-de-luc,img,
Gourmanche area 1,other,,skipped_type,.webp,,,gulimancema;moore,,Gulimancema | Mooré Burkina Faso,9010809ffd073b24,image,https://mooreburkina.com/sites/www.mooreburkina.com/files/styles/max_750x750/public/2023-12/Banner%20623x150.png.webp?itok=4HJvG-nj,https://mooreburkina.com/fr/gulimancema,img,
Gourmanche area 2,other,,skipped_type,.webp,,,gulimancema;moore,,Gulimancema | Mooré Burkina Faso,af4ed41fcdc8f05b,image,https://mooreburkina.com/sites/www.mooreburkina.com/files/styles/max_750x750/public/2023-12/Banner2%20623x150.png.webp?itok=bALdw_qB,https://mooreburkina.com/fr/gulimancema,img,
espace gourma 1,other,,skipped_type,.webp,,,gulimancema;moore,,Mooré Burkina Faso,c750e75a2b6a12a4,image,https://mooreburkina.com/sites/www.mooreburkina.com/files/styles/max_750x750/public/2023-12/danse%20gourma.jpg.webp?itok=IqKd1OiS,https://mooreburkina.com/;https://mooreburkina.com/fr;https://mooreburkina.com/fr/bienvenu-au-pays-mossi,img,
Applis Gourmanche1,app,,skipped_type,.webp,,,gulimancema;moore,,Gulimancema | Mooré Burkina Faso,6219490ccd46b784,image,https://mooreburkina.com/sites/www.mooreburkina.com/files/styles/max_750x750/public/2024-06/Applis%20Gourmanche.jpg.webp?itok=fbDFYKaO,https://mooreburkina.com/fr/gulimancema,img,
Contes gulimance Play Store,folktale,,skipped_type,.webp,,,gulimancema;moore,,Gulimancema | Mooré Burkina Faso,3fa6a42d69820809,image,https://mooreburkina.com/sites/www.mooreburkina.com/files/styles/max_750x750/public/2024-06/Contes%20gulimance%20Play%20Store.jpg.webp?itok=94BxwLNk,https://mooreburkina.com/fr/gulimancema,img,
Contes gulimance2 Play Store,folktale,,skipped_type,.webp,,,gulimancema;moore,,Gulimancema | Mooré Burkina Faso,133f10c0dcedc8c4,image,https://mooreburkina.com/sites/www.mooreburkina.com/files/styles/max_750x750/public/2024-06/Contes%20gulimance2%20Play%20Store.jpg.webp?itok=4kkCIOEk,https://mooreburkina.com/fr/gulimancema,img,
Gurma Prov iPhone Kalaam,other,,skipped_type,.webp,,,gulimancema;moore,,Gulimancema | Mooré Burkina Faso,676680656b93cb4f,image,https://mooreburkina.com/sites/www.mooreburkina.com/files/styles/max_750x750/public/2024-06/Gol%20Prov%20iPhone%20Kalaam.jpg.webp?itok=5S2DUWRm,https://mooreburkina.com/fr/gulimancema,img,
Gourma Bible Plahy Store,other,,skipped_type,.webp,,,gulimancema;moore,,Gulimancema | Mooré Burkina Faso,aacaa453b96a5dd7,image,https://mooreburkina.com/sites/www.mooreburkina.com/files/styles/max_750x750/public/2024-06/Gourma%20Bible%20Plahy%20Store.jpg.webp?itok=cfXwluVJ,https://mooreburkina.com/fr/gulimancema,img,
Gourma proverbes Play Store vol 2,proverb,,skipped_type,.webp,,,gulimancema;moore,,Gulimancema | Mooré Burkina Faso,967b46cd61870221,image,https://mooreburkina.com/sites/www.mooreburkina.com/files/styles/max_750x750/public/2024-06/Gourma%20proverbes%20Plahy%20Store%20vol%202.jpg.webp?itok=-2kLZKUV,https://mooreburkina.com/fr/gulimancema,img,
Gulmancema Dictionnaire App Store iPhone,dictionary,,skipped_type,.webp,,,gulimancema;moore,,Gulimancema | Mooré Burkina Faso,447ac573b46c60b4,image,https://mooreburkina.com/sites/www.mooreburkina.com/files/styles/max_750x750/public/2024-06/Gulmancema%20Dictionnaire%20App%20Store%20iPhone.jpg.webp?itok=LPu3pio9,https://mooreburkina.com/fr/gulimancema,img,
Gulmancema Dictionnaire Play Store,dictionary,,skipped_type,.webp,,,gulimancema;moore,,Gulimancema | Mooré Burkina Faso,ad0e37e71c271499,image,https://mooreburkina.com/sites/www.mooreburkina.com/files/styles/max_750x750/public/2024-06/Gulmancema%20Dictionnaire%20Play%20Store.jpg.webp?itok=wRRz2yQ5,https://mooreburkina.com/fr/gulimancema,img,
gulimancema proverbes Play Store,proverb,,skipped_type,.webp,,,gulimancema;moore,,Gulimancema | Mooré Burkina Faso,663c62aec20c1f64,image,https://mooreburkina.com/sites/www.mooreburkina.com/files/styles/max_750x750/public/2024-06/gulimancema%20proverbes%20Play%20Store.jpg.webp?itok=VL_jP0-r,https://mooreburkina.com/fr/gulimancema,img,
Proverbes Gourma Play Store vol 1,proverb,,skipped_type,.webp,,,gulimancema;moore,,Gulimancema | Mooré Burkina Faso,e3a07ea16ecac4dc,image,https://mooreburkina.com/sites/www.mooreburkina.com/files/styles/max_750x750/public/2024-06/sur%20Plahy%20Store%20vol%201.jpg.webp?itok=n__QaO8U,https://mooreburkina.com/fr/gulimancema,img,
Applis Gourmanche,app,,skipped_type,.webp,,,gulimancema;moore,,Applications gulmanchema | Mooré Burkina Faso,fc00f8363da94edb,image,https://mooreburkina.com/sites/www.mooreburkina.com/files/styles/max_750x750/public/2024-08/Applis%20Gourmanche.jpg.webp?itok=I5uFzYl2,https://mooreburkina.com/fr/gulimancema/applications-gulmanchema,img,
Applis gulmance iPhone 2024,app,,skipped_type,.webp,,,gulimancema;moore,,Applications gulmanchema | Mooré Burkina Faso,53a54f2b10d8ecdc,image,https://mooreburkina.com/sites/www.mooreburkina.com/files/styles/max_750x750/public/2024-08/Applis%20gulmance%20iPhone%202024%20jpg.jpg.webp?itok=f0vv2Rfr,https://mooreburkina.com/fr/gulimancema/applications-gulmanchema,img,
Dictionnaire gulmance iPhone AppStore,dictionary,,skipped_type,.webp,,,gulimancema;moore,,Applications gulmanchema | Mooré Burkina Faso,764d9cd7bca4db73,image,https://mooreburkina.com/sites/www.mooreburkina.com/files/styles/max_750x750/public/2024-08/Applis%20gulmance%20iPhone%20AppStore%202024%20jpg.jpg.webp?itok=pvQ62aPJ,https://mooreburkina.com/fr/gulimancema/applications-gulmanchema,img,
Applis gulmance iPhone AppStoreProverbes,proverb,,skipped_type,.webp,,,gulimancema;moore,,Applications gulmanchema | Mooré Burkina Faso,0cfda88149011da5,image,https://mooreburkina.com/sites/www.mooreburkina.com/files/styles/max_750x750/public/2024-08/Applis%20gulmance%20iPhone%20AppStoreProverbes.jpg.webp?itok=9vY1FXTd,https://mooreburkina.com/fr/gulimancema/applications-gulmanchema,img,
Bible Gourma sur Play Store.jpg,app,,skipped_type,.webp,,,gulimancema;moore,,Applications gulmanchema | Mooré Burkina Faso,74dd72de0ccd03ed,image,https://mooreburkina.com/sites/www.mooreburkina.com/files/styles/max_750x750/public/2024-08/Bible%20Gourma%20sur%20Play%20Store.jpg.webp?itok=MzrmGTUw,https://mooreburkina.com/fr/gulimancema/applications-gulmanchema,img,
Contes gulimance Play Store,folktale,,skipped_type,.webp,,,gulimancema;moore,,Applications gulmanchema | Mooré Burkina Faso,fdcc303461e90f6d,image,https://mooreburkina.com/sites/www.mooreburkina.com/files/styles/max_750x750/public/2024-08/Contes%20gulimance%20Play%20Store.jpg.webp?itok=KNJD-0ab,https://mooreburkina.com/fr/gulimancema/applications-gulmanchema,img,
Contes gulimance2 Play Store,folktale,,skipped_type,.webp,,,gulimancema;moore,,Applications gulmanchema | Mooré Burkina Faso,6beb80afe4d65469,image,https://mooreburkina.com/sites/www.mooreburkina.com/files/styles/max_750x750/public/2024-08/Contes%20gulimance2%20Play%20Store.jpg.webp?itok=yZx2FvmS,https://mooreburkina.com/fr/gulimancema/applications-gulmanchema,img,
Gourma proverbes Plahy Store vol 3,proverb,,skipped_type,.webp,,,gulimancema;moore,,Applications gulmanchema | Mooré Burkina Faso,80891c182ff6aba9,image,https://mooreburkina.com/sites/www.mooreburkina.com/files/styles/max_750x750/public/2024-08/Gourma%20proverbes%20Plahy%20Store%20vol%202.jpg.webp?itok=sCkzmkLZ,https://mooreburkina.com/fr/gulimancema/applications-gulmanchema,img,
Gulmancema Dictionnaire App Store iPhone1,dictionary,,skipped_type,.webp,,,gulimancema;moore,,Dictionnaire Gulmanchema | Mooré Burkina Faso,ac75cf73dbe1b53d,image,https://mooreburkina.com/sites/www.mooreburkina.com/files/styles/max_750x750/public/2024-08/Gulmancema%20Dictionnaire%20App%20Store%20iPhone1.jpg.webp?itok=o4pGoCJ3,https://mooreburkina.com/fr/gulimancema/dictionnaire-gulmanchema,img,
Gulmancema Dictionnaire Play Store1,dictionary,,skipped_type,.webp,,,gulimancema;moore,,Dictionnaire Gulmanchema | Mooré Burkina Faso,7c03b8f072aa0b83,image,https://mooreburkina.com/sites/www.mooreburkina.com/files/styles/max_750x750/public/2024-08/Gulmancema%20Dictionnaire%20Play%20Store1.jpg.webp?itok=xHV7iHdg,https://mooreburkina.com/fr/gulimancema/dictionnaire-gulmanchema,img,
gulimancema proverbes Play Store,proverb,,skipped_type,.webp,,,gulimancema;moore,,Applications gulmanchema | Mooré Burkina Faso,e9d269433e39cce2,image,https://mooreburkina.com/sites/www.mooreburkina.com/files/styles/max_750x750/public/2024-08/gulimancema%20proverbes%20Play%20Store.jpg.webp?itok=PwE8bB93,https://mooreburkina.com/fr/gulimancema/applications-gulmanchema,img,
Proverbes gourma sur Plahy Store vol 2.jpg,proverb,,skipped_type,.webp,,,gulimancema;moore,,Applications gulmanchema | Mooré Burkina Faso,e155cff2efd10ae6,image,https://mooreburkina.com/sites/www.mooreburkina.com/files/styles/max_750x750/public/2024-08/sur%20Plahy%20Store%20vol%201.jpg.webp?itok=SizmTAYa,https://mooreburkina.com/fr/gulimancema/applications-gulmanchema,img,
,dictionary,,skipped_type,.webp,,,gulimancema;moore,,Applications de dictionnaires | Mooré Burkina Faso,0c65147e0fa850de,image,https://mooreburkina.com/sites/www.mooreburkina.com/files/styles/max_750x750/public/Dictio%20apk/smarthphone%20gourmanchema.jpg.webp?itok=cmGzQxDg,https://mooreburkina.com/fr/dictionnaire-moor%C3%A9/aplications-de-dictionnaires-pour-ordinateur,img,
,dictionary,,skipped_type,.webp,,,gulimancema;moore,,Applications de dictionnaires | Mooré Burkina Faso,7b5c88c38da26c3a,image,https://mooreburkina.com/sites/www.mooreburkina.com/files/styles/max_750x750/public/Diction%20exe/dictionnaire%20gourmanche.jpg.webp?itok=LXqdl2Fs,https://mooreburkina.com/fr/dictionnaire-moor%C3%A9/aplications-de-dictionnaires-pour-ordinateur,img,
,other,application/x-mpegURL,reference_only,,,,gulimancema;moore,,Gulimancema | Mooré Burkina Faso,96120cda9c70d447,link,https://mooreburkina.com/sites/www.mooreburkina.com/files/media_stream/streams/hls_standard_video/886.m3u8,https://mooreburkina.com/fr/gulimancema,source,
,other,application/x-mpegURL,reference_only,,,,gulimancema;moore,,Vidéos en diaporama gulmancema | Mooré Burkina Faso,ce70a634938bfe77,link,https://mooreburkina.com/sites/www.mooreburkina.com/files/media_stream/streams/hls_standard_video/983.m3u8,https://mooreburkina.com/fr/gulimancema/vid%C3%A9os-en-diaporama-gulmancema,source,
,other,application/x-mpegURL,reference_only,,,,gulimancema;moore,,Vidéos en diaporama gulmancema | Mooré Burkina Faso,1e524b7b67eed705,link,https://mooreburkina.com/sites/www.mooreburkina.com/files/media_stream/streams/hls_standard_video/986.m3u8,https://mooreburkina.com/fr/gulimancema/vid%C3%A9os-en-diaporama-gulmancema,source,
,other,application/x-mpegURL,reference_only,,,,gulimancema;moore,,Vidéos en diaporama gulmancema | Mooré Burkina Faso,6c6bb6dc5f1003f7,link,https://mooreburkina.com/sites/www.mooreburkina.com/files/media_stream/streams/hls_standard_video/989.m3u8,https://mooreburkina.com/fr/gulimancema/vid%C3%A9os-en-diaporama-gulmancema,source,
,other,application/x-mpegURL,reference_only,,,,gulimancema;moore,,Vidéos en diaporama gulmancema | Mooré Burkina Faso,6b86b2076520968e,link,https://mooreburkina.com/sites/www.mooreburkina.com/files/media_stream/streams/hls_standard_video/992.m3u8,https://mooreburkina.com/fr/gulimancema/vid%C3%A9os-en-diaporama-gulmancema,source,
mp4 (150px),other,,skipped_type,.mp4,,,gulimancema;moore,,Gulimancema | Mooré Burkina Faso,bce8a407a09ad4c1,video,https://mooreburkina.com/sites/www.mooreburkina.com/files/media_stream/encodings/video_download_mp4_150/886-.mp4,https://mooreburkina.com/fr/gulimancema,a,
mp4 (150px),other,,skipped_type,.mp4,,,gulimancema;moore,,Vidéos en diaporama gulmancema | Mooré Burkina Faso,22b38d430b7c2b69,video,https://mooreburkina.com/sites/www.mooreburkina.com/files/media_stream/encodings/video_download_mp4_150/983-.mp4,https://mooreburkina.com/fr/gulimancema/vid%C3%A9os-en-diaporama-gulmancema,a,
mp4 (150px),other,,skipped_type,.mp4,,,gulimancema;moore,,Vidéos en diaporama gulmancema | Mooré Burkina Faso,0ec9d0b9fec30ccd,video,https://mooreburkina.com/sites/www.mooreburkina.com/files/media_stream/encodings/video_download_mp4_150/986-.mp4,https://mooreburkina.com/fr/gulimancema/vid%C3%A9os-en-diaporama-gulmancema,a,
mp4 (150px),other,,skipped_type,.mp4,,,gulimancema;moore,,Vidéos en diaporama gulmancema | Mooré Burkina Faso,88719e40c933fd21,video,https://mooreburkina.com/sites/www.mooreburkina.com/files/media_stream/encodings/video_download_mp4_150/989-.mp4,https://mooreburkina.com/fr/gulimancema/vid%C3%A9os-en-diaporama-gulmancema,a,
mp4 (150px),other,,skipped_type,.mp4,,,gulimancema;moore,,Vidéos en diaporama gulmancema | Mooré Burkina Faso,2aa4357890d7a26a,video,https://mooreburkina.com/sites/www.mooreburkina.com/files/media_stream/encodings/video_download_mp4_150/992-.mp4,https://mooreburkina.com/fr/gulimancema/vid%C3%A9os-en-diaporama-gulmancema,a,
mp4 (480px),other,,skipped_type,.mp4,,,gulimancema;moore,,Vidéos en diaporama gulmancema | Mooré Burkina Faso,d97df520616e0379,video,https://mooreburkina.com/sites/www.mooreburkina.com/files/media_stream/encodings/video_download_mp4_480/983-.mp4,https://mooreburkina.com/fr/gulimancema/vid%C3%A9os-en-diaporama-gulmancema,a,
mp4 (480px),other,,skipped_type,.mp4,,,gulimancema;moore,,Vidéos en diaporama gulmancema | Mooré Burkina Faso,2f5ce78d4f52635c,video,https://mooreburkina.com/sites/www.mooreburkina.com/files/media_stream/encodings/video_download_mp4_480/986-.mp4,https://mooreburkina.com/fr/gulimancema/vid%C3%A9os-en-diaporama-gulmancema,a,
mp4 (480px),other,,skipped_type,.mp4,,,gulimancema;moore,,Vidéos en diaporama gulmancema | Mooré Burkina Faso,e903ac3738edcea1,video,https://mooreburkina.com/sites/www.mooreburkina.com/files/media_stream/encodings/video_download_mp4_480/989-.mp4,https://mooreburkina.com/fr/gulimancema/vid%C3%A9os-en-diaporama-gulmancema,a,
mp4 (480px),other,,skipped_type,.mp4,,,gulimancema;moore,,Vidéos en diaporama gulmancema | Mooré Burkina Faso,894b260794e1b2a8,video,https://mooreburkina.com/sites/www.mooreburkina.com/files/media_stream/encodings/video_download_mp4_480/992-.mp4,https://mooreburkina.com/fr/gulimancema/vid%C3%A9os-en-diaporama-gulmancema,a,
mp4 (taille originale),other,,skipped_type,.mp4,,,gulimancema;moore,,Gulimancema | Mooré Burkina Faso,ab01f6c717aed462,video,https://mooreburkina.com/sites/www.mooreburkina.com/files/media_stream/encodings/video_download_mp4_orig_qual/886-.mp4,https://mooreburkina.com/fr/gulimancema,a,
mp4 (taille originale),other,,skipped_type,.mp4,,,gulimancema;moore,,Vidéos en diaporama gulmancema | Mooré Burkina Faso,070d442b3a6542d0,video,https://mooreburkina.com/sites/www.mooreburkina.com/files/media_stream/encodings/video_download_mp4_orig_qual/983-.mp4,https://mooreburkina.com/fr/gulimancema/vid%C3%A9os-en-diaporama-gulmancema,a,
mp4 (taille originale),other,,skipped_type,.mp4,,,gulimancema;moore,,Vidéos en diaporama gulmancema | Mooré Burkina Faso,7ce96973cf04c02c,video,https://mooreburkina.com/sites/www.mooreburkina.com/files/media_stream/encodings/video_download_mp4_orig_qual/986-.mp4,https://mooreburkina.com/fr/gulimancema/vid%C3%A9os-en-diaporama-gulmancema,a,
mp4 (taille originale),other,,skipped_type,.mp4,,,gulimancema;moore,,Vidéos en diaporama gulmancema | Mooré Burkina Faso,935742c42eb6217f,video,https://mooreburkina.com/sites/www.mooreburkina.com/files/media_stream/encodings/video_download_mp4_orig_qual/989-.mp4,https://mooreburkina.com/fr/gulimancema/vid%C3%A9os-en-diaporama-gulmancema,a,
mp4 (taille originale),other,,skipped_type,.mp4,,,gulimancema;moore,,Vidéos en diaporama gulmancema | Mooré Burkina Faso,aaae4d2911cf357a,video,https://mooreburkina.com/sites/www.mooreburkina.com/files/media_stream/encodings/video_download_mp4_orig_qual/992-.mp4,https://mooreburkina.com/fr/gulimancema/vid%C3%A9os-en-diaporama-gulmancema,a,
alphabet gulimanche photos.pdf,orthography,,reference_only,,,,gulimancema;moore,,Gulimancema | Mooré Burkina Faso,bab8d060df622dbd,video_or_embed,https://mooreburkina.com/libraries/pdfjs-dist-viewer-min/build/minified/web/viewer.html?file=https%3A%2F%2Fmooreburkina.com%2Fsites%2Fwww.mooreburkina.com%2Ffiles%2Fpdf-files%2Falphabet%2520gulimanche%2520photos.pdf,https://mooreburkina.com/fr/gulimancema,iframe,
,dictionary,,external_reference,,www.webonary.org,,gulimancema;moore,,Dictionnaire Gulmanchema | Mooré Burkina Faso,550fe7d2440fc7a1,video_or_embed,https://www.webonary.org/gulimancema/,https://mooreburkina.com/fr/gulimancema/dictionnaire-gulmanchema,iframe,
Lobiri,dictionary,,skipped_type,.apk,,,lobiri;moore,,Applications de dictionnaires | Mooré Burkina Faso,a52dfd2df7e14cbb,app,https://mooreburkina.com/sites/www.mooreburkina.com/files/Dictio%20apk/Lobiri_Dictionary-1.0.apk,https://mooreburkina.com/fr/dictionnaire-moor%C3%A9/aplications-de-dictionnaires-pour-ordinateur,a,
Play Store Lobiri dico.jpg,dictionary,,skipped_type,.webp,,,lobiri;moore,,Applications de dictionnaires | Mooré Burkina Faso,7b7f5d5e16550591,image,https://mooreburkina.com/sites/www.mooreburkina.com/files/styles/max_750x750/public/2026-02/Play%20Store%20Lobiri%20dico.jpg.webp?itok=m0mebhV5,https://mooreburkina.com/fr/dictionnaire-moor%C3%A9/aplications-de-dictionnaires-pour-ordinateur,img,
,dictionary,,skipped_type,.webp,,,lobiri;moore,,Applications de dictionnaires | Mooré Burkina Faso,8483d0bb62e18023,image,https://mooreburkina.com/sites/www.mooreburkina.com/files/styles/max_750x750/public/Dictio%20apk/smarthphone%20Lobiri.jpg.webp?itok=FN0yQf_0,https://mooreburkina.com/fr/dictionnaire-moor%C3%A9/aplications-de-dictionnaires-pour-ordinateur,img,
,dictionary,,skipped_type,.webp,,,lobiri;moore,,Applications de dictionnaires | Mooré Burkina Faso,18a6f1436ed5eece,image,https://mooreburkina.com/sites/www.mooreburkina.com/files/styles/max_750x750/public/Diction%20exe/dictionnaire%20Lobiri.jpg.webp?itok=IHr3O0s-,https://mooreburkina.com/fr/dictionnaire-moor%C3%A9/aplications-de-dictionnaires-pour-ordinateur,img,
Dictionnaire,dictionary,,skipped_type,.apk,,,moore,,Applications de dictionnaires | Mooré Burkina Faso,17cfc3b6cfc4e378,app,https://mooreburkina.com/sites/www.mooreburkina.com/files/Dictio%20apk/Kassem_Dictionary-1.0.apk,https://mooreburkina.com/fr/dictionnaire-moor%C3%A9/aplications-de-dictionnaires-pour-ordinateur,a,
Dictionnaire kassem,dictionary,,skipped_type,.apk,,,moore,,Applications de dictionnaires | Mooré Burkina Faso,7ce7397cace4ec81,app,https://mooreburkina.com/sites/www.mooreburkina.com/files/Dictio%20apk/Kassem_Dictionary-1.0.apk?id=org.sim.bf.kassem.dictionary&hl=fr,https://mooreburkina.com/fr/dictionnaire-moor%C3%A9/aplications-de-dictionnaires-pour-ordinateur,a,
Dictionnaire ninkarɛ,dictionary,,skipped_type,.apk,,,moore,,Applications de dictionnaires | Mooré Burkina Faso,a554384ea77f0535,app,https://mooreburkina.com/sites/www.mooreburkina.com/files/Dictio%20apk/Ninkare_Dictionary-1.0.apk?id=org.sim.bf.ninkare.dictionary&hl=fr,https://mooreburkina.com/fr/dictionnaire-moor%C3%A9/aplications-de-dictionnaires-pour-ordinateur,a,
- cliquez Appli Dictionnaire mooré,dictionary,,skipped_type,.apk,,,moore,,Mooré Burkina Faso,5f6bb7b1b2a4dc53,app,https://mooreburkina.com/sites/www.mooreburkina.com/files/Dictio%20apk/dictionnaire.moore-4.0.apk,https://mooreburkina.com/;https://mooreburkina.com/fr;https://mooreburkina.com/fr/bienvenu-au-pays-mossi;https://mooreburkina.com/fr/dictionnaire-moor%C3%A9,a,
,dictionary,,external_reference,,apps.apple.com,,moore,,Applications de dictionnaires | Mooré Burkina Faso,1f7c32948e7ac6ce,app_store,https://apps.apple.com/us/app/bamanan-fr-eng-de/id6737979270?platform=iphone,https://mooreburkina.com/fr/dictionnaire-moor%C3%A9/aplications-de-dictionnaires-pour-ordinateur;https://mooreburkina.com/fr/dioula/applis-en-dioula-jula,a,
,app,,external_reference,,apps.apple.com,,moore,,Applis en mooré | Mooré Burkina Faso,04173b6e855d5373,app_store,https://apps.apple.com/us/app/moore-contes/id6444735366?platform=iphone,https://mooreburkina.com/fr/applications-smartphone/applis-en-moor%C3%A9,a,
,app,,external_reference,,apps.apple.com,,moore,,Applis en mooré | Mooré Burkina Faso,e3fe756b50dcd873,app_store,https://apps.apple.com/us/app/moore-dictionary/id1594419407?platform=iphone,https://mooreburkina.com/fr/applications-smartphone/applis-en-moor%C3%A9,a,
,folktale,,external_reference,,apps.apple.com,,moore,,Proverbes en mooré vol. 9 | Mooré Burkina Faso,36a454fa5982eb8e,app_store,https://apps.apple.com/us/app/moore-proverbes/id1658376398?platform=iphone,https://mooreburkina.com/fr/applications-smartphone/applis-en-moor%C3%A9;https://mooreburkina.com/fr/contes-proverbes/proverbes-en-moor%C3%A9-vol-9,a,
,app,,external_reference,,play.google.com,,moore,,Applis en mooré | Mooré Burkina Faso,ae9c02b7af38cd2e,app_store,https://play.google.com/store/apps/details?id=com.belemkoabga.contes.moore&hl=fr,https://mooreburkina.com/fr/applications-smartphone/applis-en-moor%C3%A9,a,
,app,,external_reference,,play.google.com,,moore,,Applis en mooré | Mooré Burkina Faso,cbb146264559155a,app_store,https://play.google.com/store/apps/details?id=com.bibleburkina.moore.bible&hl=fr,https://mooreburkina.com/fr/applications-smartphone/applis-en-moor%C3%A9,a,
,app,,external_reference,,play.google.com,,moore,,Applis en mooré | Mooré Burkina Faso,25135f397f571a94,app_store,https://play.google.com/store/apps/details?id=com.chants.moore.koenoog.yiila&hl=fr,https://mooreburkina.com/fr/applications-smartphone/applis-en-moor%C3%A9,a,
,dictionary,,external_reference,,play.google.com,,moore,,Applications de dictionnaires | Mooré Burkina Faso,3450bd1c0110bd0a,app_store,https://play.google.com/store/apps/details?id=com.francais.tiefo.dictionnaire&hl=fr,https://mooreburkina.com/fr/dictionnaire-moor%C3%A9/aplications-de-dictionnaires-pour-ordinateur,a,
,folktale,,external_reference,,play.google.com,,moore,,Contes vol. 4 avec audio | Mooré Burkina Faso,9bdccbd9937403f1,app_store,https://play.google.com/store/apps/details?id=com.kinda.contes.deuxieme&hl=fr,https://mooreburkina.com/fr/applications-smartphone/applis-en-moor%C3%A9;https://mooreburkina.com/fr/contes-proverbes/contes-vol-4-avec-audio,a,
,folktale,,external_reference,,play.google.com,,moore,,Contes vol. 3 avec audio | Mooré Burkina Faso,dcc7d6102836aaea,app_store,https://play.google.com/store/apps/details?id=com.kinda.contes.premier&hl=fr,https://mooreburkina.com/fr/applications-smartphone/applis-en-moor%C3%A9;https://mooreburkina.com/fr/contes-proverbes/contes-vol-3-avec-audio,a,
,folktale,,external_reference,,play.google.com,,moore,,Proverbes en mooré vol. 9 | Mooré Burkina Faso,40fddd9313e32570,app_store,https://play.google.com/store/apps/details?id=com.moor.yelbuna.vol1&hl=fr,https://mooreburkina.com/fr/applications-smartphone/applis-en-moor%C3%A9;https://mooreburkina.com/fr/contes-proverbes/proverbes-en-moor%C3%A9-vol-9,a,
,folktale,,external_reference,,play.google.com,,moore,,Devinettes en mooré | Mooré Burkina Faso,a2ee04b47e894f5a,app_store,https://play.google.com/store/apps/details?id=com.moore.devinettes.ouedraogo&hl=fr,https://mooreburkina.com/fr/applications-smartphone/applis-en-moor%C3%A9;https://mooreburkina.com/fr/contes-proverbes/devinettes-en-moor%C3%A9,a,
,folktale,,external_reference,,play.google.com,,moore,,Proverbes en mooré vol. 1 | Mooré Burkina Faso,e4563beb1574d4dc,app_store,https://play.google.com/store/apps/details?id=com.mooreproverbes.burkina&hl=fr,https://mooreburkina.com/fr/applications-smartphone/applis-en-moor%C3%A9;https://mooreburkina.com/fr/contes-et-proverbes-en-moor%C3%A9/proverbes-en-moor%C3%A9-vol-1,a,
,folktale,,external_reference,,play.google.com,,moore,,Proverbes en mooré vol. 2 | Mooré Burkina Faso,bf74d39e08d995ea,app_store,https://play.google.com/store/apps/details?id=com.mooreproverbes2.burkina&hl=fr,https://mooreburkina.com/fr/contes-proverbes/proverbes-en-moor%C3%A9-vol-2,a,
,folktale,,external_reference,,play.google.com,,moore,,Proverbes en mooré vol. 3 | Mooré Burkina Faso,405746d3b8fe9309,app_store,https://play.google.com/store/apps/details?id=com.mooreproverbes3.burkina&hl=fr,https://mooreburkina.com/fr/contes-proverbes/proverbes-en-moor%C3%A9-vol-3,a,
,folktale,,external_reference,,play.google.com,,moore,,Proverbes en mooré vol. 4 | Mooré Burkina Faso,e815d5e6fd5e91c9,app_store,https://play.google.com/store/apps/details?id=com.mooreproverbes4.burkina&hl=fr,https://mooreburkina.com/fr/contes-proverbes/proverbes-en-moor%C3%A9-vol-4,a,
,folktale,,external_reference,,play.google.com,,moore,,Proverbes en mooré vol. 5 | Mooré Burkina Faso,e5d77ff7c91f6505,app_store,https://play.google.com/store/apps/details?id=com.proverbesmoore5.burkina&hl=fr,https://mooreburkina.com/fr/contes-proverbes/proverbes-en-moor%C3%A9-vol-5,a,
,folktale,,external_reference,,play.google.com,,moore,,Proverbes en mooré vol. 6 | Mooré Burkina Faso,cce41fd0e35e8ecf,app_store,https://play.google.com/store/apps/details?id=com.proverbesmoore6.burkina&hl=fr,https://mooreburkina.com/fr/contes-proverbes/proverbes-en-moor%C3%A9-vol-6,a,
,folktale,,external_reference,,play.google.com,,moore,,Proverbes en mooré vol. 7 | Mooré Burkina Faso,ddac29485be6d7ae,app_store,https://play.google.com/store/apps/details?id=com.proverbesmoore7.burkina&hl=fr,https://mooreburkina.com/fr/contes-proverbes/proverbes-en-moor%C3%A9-vol-7,a,
,folktale,,external_reference,,play.google.com,,moore,,Proverbes en mooré vol. 8 | Mooré Burkina Faso,f4074f5e5743f73b,app_store,https://play.google.com/store/apps/details?id=com.proverbesmoore8.burkina&hl=fr,https://mooreburkina.com/fr/contes-proverbes/proverbes-en-moor%C3%A9-vol-8,a,
,app,,external_reference,,play.google.com,,moore,,Applis en mooré | Mooré Burkina Faso,c71497743fb3c918,app_store,https://play.google.com/store/apps/details?id=com.ruti.sebre.moore.zungrana&hl=fr,https://mooreburkina.com/fr/applications-smartphone/applis-en-moor%C3%A9,a,
,folktale,,external_reference,,play.google.com,,moore,,La sagesse du Moogo vol. 1 | Mooré Burkina Faso,5ffca7ab05bbd605,app_store,https://play.google.com/store/apps/details?id=com.sagesse.moogo.vol1&hl=fr,https://mooreburkina.com/fr/applications-smartphone/applis-en-moor%C3%A9;https://mooreburkina.com/fr/contes-proverbes/la-sagesse-du-moogo-vol-1,a,
,folktale,,external_reference,,play.google.com,,moore,,La sagesse du Moogo vol. 2 | Mooré Burkina Faso,61ed345997306d8c,app_store,https://play.google.com/store/apps/details?id=com.sagesse.moogo.vol2&hl=fr,https://mooreburkina.com/fr/applications-smartphone/applis-en-moor%C3%A9;https://mooreburkina.com/fr/contes-proverbes/la-sagesse-du-moogo-vol-2,a,
,app,,external_reference,,play.google.com,,moore,,Applis en mooré | Mooré Burkina Faso,0991e289bf954d28,app_store,https://play.google.com/store/apps/details?id=com.sebr.songo.bible.cath&hl=fr,https://mooreburkina.com/fr/applications-smartphone/applis-en-moor%C3%A9,a,
,folktale,,external_reference,,play.google.com,,moore,,Proverbes en mooré vol. 10 | Mooré Burkina Faso,abc8b1dd6bbb0558,app_store,https://play.google.com/store/apps/details?id=com.sissao.prov.moore.audio.vol1&hl=fr,https://mooreburkina.com/fr/applications-smartphone/applis-en-moor%C3%A9;https://mooreburkina.com/fr/contes-proverbes/proverbes-en-moor%C3%A9-vol-10,a,
,folktale,,external_reference,,play.google.com,,moore,,Proverbes mooré. vol. 11 | Mooré Burkina Faso,4b1ad3ae07160111,app_store,https://play.google.com/store/apps/details?id=com.sissao.prov.moore.audio.vol3&hl=fr,https://mooreburkina.com/fr/applications-smartphone/applis-en-moor%C3%A9;https://mooreburkina.com/fr/contes-proverbes/proverbes-moor%C3%A9-vol-11,a,
,folktale,,external_reference,,play.google.com,,moore,,Contes vol 2 avec audio | Mooré Burkina Faso,66a585bb47d286fc,app_store,https://play.google.com/store/apps/details?id=com.soalma.kota.yam.moore&hl=fr,https://mooreburkina.com/fr/applications-smartphone/applis-en-moor%C3%A9;https://mooreburkina.com/fr/contes-et-proverbes-en-moor%C3%A9/contes-en-moor%C3%A9,a,
,dictionary,,external_reference,,play.google.com,,moore,,Applications de dictionnaires | Mooré Burkina Faso,a4c799c5f7adb20f,app_store,https://play.google.com/store/apps/details?id=com.wule.dagara.dictionnaire&hl=fr,https://mooreburkina.com/fr/dictionnaire-moor%C3%A9/aplications-de-dictionnaires-pour-ordinateur,a,
,folktale,,external_reference,,play.google.com,,moore,,Contes vol 1 avec audio | Mooré Burkina Faso,8bb791729d0b0b79,app_store,https://play.google.com/store/apps/details?id=com.yam.wekr.soalma.moore&hl=fr,https://mooreburkina.com/fr/applications-smartphone/applis-en-moor%C3%A9;https://mooreburkina.com/fr/collection-2-12-contes-en-moor%C3%A9,a,
,app,,external_reference,,play.google.com,,moore,,Applis en mooré | Mooré Burkina Faso,b785fd3bc9db1f28,app_store,https://play.google.com/store/apps/details?id=com.yelbuna.sissao.burkina&hl=fr,https://mooreburkina.com/fr/applications-smartphone/applis-en-moor%C3%A9,a,
,app,,external_reference,,play.google.com,,moore,,Applis en mooré | Mooré Burkina Faso,397a7d0a16dc00a3,app_store,https://play.google.com/store/apps/details?id=org.bible.moore.luc&hl=fr,https://mooreburkina.com/fr/applications-smartphone/applis-en-moor%C3%A9,a,
Kusaal Tondé,dictionary,,external_reference,,play.google.com,,moore,,Applications de dictionnaires | Mooré Burkina Faso,571d8cef627fc285,app_store,https://play.google.com/store/apps/details?id=org.sim.bf.kusaal.dictionary&hl=fr,https://mooreburkina.com/fr/dictionnaire-moor%C3%A9/aplications-de-dictionnaires-pour-ordinateur,a,
,app,,external_reference,,play.google.com,,moore,,Applis en mooré | Mooré Burkina Faso,48f3347d39faeee4,app_store,https://play.google.com/store/apps/details?id=org.sim.bf.moore.dictionary&hl=fr,https://mooreburkina.com/fr/applications-smartphone/applis-en-moor%C3%A9,a,
,folktale,,external_reference,,media.ipsapps.org,,moore,,La sagesse du Moogo vol. 1 | Mooré Burkina Faso,7cf822890894b10f,external_interactive,https://media.ipsapps.org/mos/ora/co-fr1//,https://mooreburkina.com/fr/contes-proverbes/la-sagesse-du-moogo-vol-1,iframe,
,folktale,,external_reference,,media.ipsapps.org,,moore,,La sagesse du Moogo vol. 2 | Mooré Burkina Faso,04238d55e3c78795,external_interactive,https://media.ipsapps.org/mos/ora/co-fr2//,https://mooreburkina.com/fr/contes-proverbes/la-sagesse-du-moogo-vol-2,iframe,
,folktale,,external_reference,,media.ipsapps.org,,moore,,Contes vol 1 avec audio | Mooré Burkina Faso,f0176ec20e1e3689,external_interactive,https://media.ipsapps.org/mos/ora/co1/,https://mooreburkina.com/fr/collection-2-12-contes-en-moor%C3%A9,iframe,
,folktale,,external_reference,,media.ipsapps.org,,moore,,Contes vol 2 avec audio | Mooré Burkina Faso,eb4e57b9500c7cf1,external_interactive,https://media.ipsapps.org/mos/ora/co2/,https://mooreburkina.com/fr/contes-et-proverbes-en-moor%C3%A9/contes-en-moor%C3%A9,iframe,
,folktale,,external_reference,,media.ipsapps.org,,moore,,Devinettes en mooré | Mooré Burkina Faso,30f5f4df4d1322d5,external_interactive,https://media.ipsapps.org/mos/ora/devin/,https://mooreburkina.com/fr/contes-proverbes/devinettes-en-moor%C3%A9,iframe,
,folktale,,external_reference,,media.ipsapps.org,,moore,,Proverbes en mooré vol. 1 | Mooré Burkina Faso,589194f3b1dd5b91,external_interactive,https://media.ipsapps.org/mos/ora/p1/,https://mooreburkina.com/fr/contes-et-proverbes-en-moor%C3%A9/proverbes-en-moor%C3%A9-vol-1,iframe,
,folktale,,external_reference,,media.ipsapps.org,,moore,,Proverbes en mooré vol. 2 | Mooré Burkina Faso,47124a3514d01aef,external_interactive,https://media.ipsapps.org/mos/ora/p2/,https://mooreburkina.com/fr/contes-proverbes/proverbes-en-moor%C3%A9-vol-2,iframe,
,folktale,,external_reference,,media.ipsapps.org,,moore,,Proverbes en mooré vol. 3 | Mooré Burkina Faso,e20f40625b2e3600,external_interactive,https://media.ipsapps.org/mos/ora/p3/,https://mooreburkina.com/fr/contes-proverbes/proverbes-en-moor%C3%A9-vol-3,iframe,
,folktale,,external_reference,,media.ipsapps.org,,moore,,Proverbes en mooré vol. 4 | Mooré Burkina Faso,12029941b478e7ac,external_interactive,https://media.ipsapps.org/mos/ora/p4/,https://mooreburkina.com/fr/contes-proverbes/proverbes-en-moor%C3%A9-vol-4,iframe,
,folktale,,external_reference,,media.ipsapps.org,,moore,,Proverbes en mooré vol. 5 | Mooré Burkina Faso,001b4bd6a3621ba9,external_interactive,https://media.ipsapps.org/mos/ora/p5/,https://mooreburkina.com/fr/contes-proverbes/proverbes-en-moor%C3%A9-vol-5,iframe,
,folktale,,external_reference,,media.ipsapps.org,,moore,,Proverbes en mooré vol. 6 | Mooré Burkina Faso,51d4913eadccae77,external_interactive,https://media.ipsapps.org/mos/ora/p6/,https://mooreburkina.com/fr/contes-proverbes/proverbes-en-moor%C3%A9-vol-6,iframe,
,folktale,,external_reference,,media.ipsapps.org,,moore,,Proverbes en mooré vol. 7 | Mooré Burkina Faso,094ad88b5cabc7e4,external_interactive,https://media.ipsapps.org/mos/ora/p7/,https://mooreburkina.com/fr/contes-proverbes/proverbes-en-moor%C3%A9-vol-7,iframe,
,folktale,,external_reference,,media.ipsapps.org,,moore,,Proverbes en mooré vol. 8 | Mooré Burkina Faso,136b55dfefd5d767,external_interactive,https://media.ipsapps.org/mos/ora/p8/,https://mooreburkina.com/fr/contes-proverbes/proverbes-en-moor%C3%A9-vol-8,iframe,
,folktale,,external_reference,,media.ipsapps.org,,moore,,Proverbes en mooré vol. 9 | Mooré Burkina Faso,aa1069e5a5731e57,external_interactive,https://media.ipsapps.org/mos/ora/prv-v09/,https://mooreburkina.com/fr/contes-proverbes/proverbes-en-moor%C3%A9-vol-9,iframe,
,folktale,,external_reference,,media.ipsapps.org,,moore,,Proverbes en mooré vol. 10 | Mooré Burkina Faso,b93b4f5f06e5a9ef,external_interactive,https://media.ipsapps.org/mos/ora/prv-v10/,https://mooreburkina.com/fr/contes-proverbes/proverbes-en-moor%C3%A9-vol-10,iframe,
,folktale,,external_reference,,media.ipsapps.org,,moore,,Proverbes mooré. vol. 11 | Mooré Burkina Faso,017df6d34e8e65c4,external_interactive,https://media.ipsapps.org/mos/ora/prv-v11/,https://mooreburkina.com/fr/contes-proverbes/proverbes-moor%C3%A9-vol-11,iframe,
,folktale,,external_reference,,media.ipsapps.org,,moore,,Mooré proverbes vol. 12 | Mooré Burkina Faso,3ea5c773bccfe455,external_interactive,https://media.ipsapps.org/mos/ora/prv-v12/,https://mooreburkina.com/fr/contes-proverbes/moor%C3%A9-proverbes-vol-12,iframe,
,folktale,,external_reference,,media.ipsapps.org,,moore,,Contes vol. 3 avec audio | Mooré Burkina Faso,89d6e4e52c0137a6,external_interactive,https://media.ipsapps.org/mos/ora/vol3/,https://mooreburkina.com/fr/contes-proverbes/contes-vol-3-avec-audio,iframe,
,folktale,,external_reference,,media.ipsapps.org,,moore,,Contes vol. 4 avec audio | Mooré Burkina Faso,88f3babc08bbc463,external_interactive,https://media.ipsapps.org/mos/ora/vol4//,https://mooreburkina.com/fr/contes-proverbes/contes-vol-4-avec-audio,iframe,
,religious,,external_reference,,media.ipsapps.org,,moore,,Lire la Parole de Dieu en mooré | Mooré Burkina Faso,14043bb4445f5326,external_interactive,https://media.ipsapps.org/mos2/osa/,https://mooreburkina.com/fr/la-parole-de-dieu/la-parole-de-dieu-en-moor%C3%A9,iframe,
Share icon,other,,skipped_type,.svg,,,moore,,Mooré Burkina Faso,e4f51a4f62bc4748,image,https://mooreburkina.com/modules/contrib/share_everywhere/img/share-icon.svg,https://mooreburkina.com/;https://mooreburkina.com/fr;https://mooreburkina.com/fr/36-contes-fulfulde-sans-audio;https://mooreburkina.com/fr/37-contes-fulfulde-sans-audio;https://mooreburkina.com/fr/alphabet-clip-rumauntsch-puter;https://mooreburkina.com/fr/applications-smartphone;https://mooreburkina.com/fr/applications-smartphone/applis-en-dioula;https://mooreburkina.com/fr/applications-smartphone/applis-en-fulfulde;https://mooreburkina.com/fr/applications-smartphone/applis-en-moor%C3%A9;https://mooreburkina.com/fr/applications-smartphone/applis-smartphone-en-langues-burkina;https://mooreburkina.com/fr/bienvenu-au-pays-mossi;https://mooreburkina.com/fr/chants-et-musique/alphabet-en-langues-nationales;https://mooreburkina.com/fr/chants-et-musique/chants-de-la-chorale-1;https://mooreburkina.com/fr/chants-et-musique/chants-et-clips-de-youtube;https://mooreburkina.com/fr/chants-et-musique/chants-et-clips-de-youtube-2;https://mooreburkina.com/fr/chants-et-musique/hymnes-nationales;https://mooreburkina.com/fr/collection-2-12-contes-en-moor%C3%A9;https://mooreburkina.com/fr/contes-et-proverbes-en-moor%C3%A9/contes-en-moor%C3%A9;https://mooreburkina.com/fr/contes-et-proverbes-en-moor%C3%A9/proverbes-en-moor%C3%A9-vol-1;https://mooreburkina.com/fr/contes-proverbes/contes-vol-3-avec-audio;https://mooreburkina.com/fr/contes-proverbes/contes-vol-4-avec-audio;https://mooreburkina.com/fr/contes-proverbes/contes-vol-5-avec-fran%C3%A7ais;https://mooreburkina.com/fr/contes-proverbes/devinettes-en-moor%C3%A9;https://mooreburkina.com/fr/contes-proverbes/la-sagesse-du-moogo-vol-1;https://mooreburkina.com/fr/contes-proverbes/la-sagesse-du-moogo-vol-2;https://mooreburkina.com/fr/contes-proverbes/moor%C3%A9-proverbes-vol-12;https://mooreburkina.com/fr/contes-proverbes/proverbes-en-moor%C3%A9-vol-10;https://mooreburkina.com/fr/contes-proverbes/proverbes-en-moor%C3%A9-vol-2;https://mooreburkina.com/fr/contes-proverbes/proverbes-en-moor%C3%A9-vol-3;https://mooreburkina.com/fr/contes-proverbes/proverbes-en-moor%C3%A9-vol-4;https://mooreburkina.com/fr/contes-proverbes/proverbes-en-moor%C3%A9-vol-5;https://mooreburkina.com/fr/contes-proverbes/proverbes-en-moor%C3%A9-vol-6;https://mooreburkina.com/fr/contes-proverbes/proverbes-en-moor%C3%A9-vol-7;https://mooreburkina.com/fr/contes-proverbes/proverbes-en-moor%C3%A9-vol-8;https://mooreburkina.com/fr/contes-proverbes/proverbes-en-moor%C3%A9-vol-9;https://mooreburkina.com/fr/contes-proverbes/proverbes-moor%C3%A9-vol-11;https://mooreburkina.com/fr/dictionnaire-dioula-en-ligne-0;https://mooreburkina.com/fr/dictionnaire-moor%C3%A9;https://mooreburkina.com/fr/dictionnaire-moor%C3%A9/aplications-de-dictionnaires-pour-ordinateur;https://mooreburkina.com/fr/dictionnaire-moor%C3%A9/dictionnaire-dioula-fran%C3%A7ais-english;https://mooreburkina.com/fr/dictionnaire-moor%C3%A9/dictionnaire-fulfulde-fran%C3%A7ais-english;https://mooreburkina.com/fr/dictionnaire-moor%C3%A9/dictionnaire-moore-en-ligne;https://mooreburkina.com/fr/dictionnaire-moore-en-ligne;https://mooreburkina.com/fr/dioula-fulfulde;https://mooreburkina.com/fr/dioula-fulfulde/%C3%A9couter-la-parole-de-dieu-en-dioula;https://mooreburkina.com/fr/dioula-fulfulde/%C3%A9couter-la-parole-de-dieu-en-fulfulde;https://mooreburkina.com/fr/dioula-fulfulde/contes-dioula-et-fran%C3%A7ais;https://mooreburkina.com/fr/dioula/5-contes-dioula;https://mooreburkina.com/fr/dioula/applis-en-dioula-jula;https://mooreburkina.com/fr/dioula/contes-dioula-avec-audio-vol-4;https://mooreburkina.com/fr/dioula/contes-en-dioula-avec-audio-volume-2;https://mooreburkina.com/fr/dioula/contes-en-dioula-avec-audio-volume-3;https://mooreburkina.com/fr/dioula/dioula-facile-tome-1;https://mooreburkina.com/fr/dioula/documents-dioula;https://mooreburkina.com/fr/dioula/evangile-de-marc-en-dioula;https://mooreburkina.com/fr/dioula/film-j%C3%A9sus-en-dioula;https://mooreburkina.com/fr/dioula/guide-dorthographe-dioula;https://mooreburkina.com/fr/dioula/la-parole-de-dieu;https://mooreburkina.com/fr/dioula/marcher-avec-j%C3%A9sus-1-5;https://mooreburkina.com/fr/dioula/marie-de-magdala-en-dioula;https://mooreburkina.com/fr/dioula/po%C3%A8mes-en-dioula;https://mooreburkina.com/fr/dioula/proverbes-dioula-vol-3;https://mooreburkina.com/fr/dioula/proverbes-dioula-vol-3-0;https://mooreburkina.com/fr/dioula/proverbes-dioula-vol-4;https://mooreburkina.com/fr/dioula/proverbes-lu-en-dioula-vol-1;https://mooreburkina.com/fr/dioula/videos-en-diaporama-dioula;https://mooreburkina.com/fr/dioula/youtube-chants-diuola;https://mooreburkina.com/fr/film-jesus-en-fulfulde-massina-mali;https://mooreburkina.com/fr/films-clips/clip-de-divers-chorales;https://mooreburkina.com/fr/films-clips/evangile-de-luc;https://mooreburkina.com/fr/films-clips/evangile-de-marc-prot;https://mooreburkina.com/fr/films-clips/evangile-selon-marc-cath;https://mooreburkina.com/fr/films-clips/marcher-avec-j%C3%A9sus;https://mooreburkina.com/fr/films-clips/vid%C3%A9os-de-diaporama;https://mooreburkina.com/fr/films-et-clips/chants-de-diff%C3%A9rentes-chorales-asc;https://mooreburkina.com/fr/films-et-clips/film-j%C3%A9sus-en-moor%C3%A9;https://mooreburkina.com/fr/films-et-clips/le-film-de-magdala-en-moor%C3%A9;https://mooreburkina.com/fr/fran%C3%A7ais-applications;https://mooreburkina.com/fr/fulfulde;https://mooreburkina.com/fr/fulfulde/1495-proverbes-en-fulfulde;https://mooreburkina.com/fr/fulfulde/15-contes-en-fulfulde;https://mooreburkina.com/fr/fulfulde/chants-jam-tan-youtube;https://mooreburkina.com/fr/fulfulde/contes-lus-en-fulfulde;https://mooreburkina.com/fr/fulfulde/contes-lus-en-fulfulde-0;https://mooreburkina.com/fr/fulfulde/contes-lus-en-fulfulde-5;https://mooreburkina.com/fr/fulfulde/contes-lus-en-fulfulde-vol-3;https://mooreburkina.com/fr/fulfulde/dictionnaire-fulfulde-en-ligne;https://mooreburkina.com/fr/fulfulde/documents-pdf-fulfulde;https://mooreburkina.com/fr/fulfulde/evangile-de-marc-fulfulde-massina;https://mooreburkina.com/fr/fulfulde/j%C3%A9sus-parle-le-fulfulde;https://mooreburkina.com/fr/fulfulde/la-parole-de-dieu-en-fulfulde;https://mooreburkina.com/fr/fulfulde/le-chemin-de-la-justice;https://mooreburkina.com/fr/fulfulde/matthieu-en-fulfulde-massina;https://mooreburkina.com/fr/fulfulde/proverbes-dioula-vol-4;https://mooreburkina.com/fr/fulfulde/proverbes-fulfulde-avec-audio;https://mooreburkina.com/fr/fulfulde/proverbes-fulfulde-avec-audio-vol-5;https://mooreburkina.com/fr/fulfulde/proverbes-fulfulde-avec-audio-vol2;https://mooreburkina.com/fr/fulfulde/proverbes-fulfulde-avec-audio-vol3;https://mooreburkina.com/fr/fulfulde/proverbes-fulfulde-avec-audio-vol4;https://mooreburkina.com/fr/fulfulde/vid%C3%A9os-en-diaporama-fulfulde;https://mooreburkina.com/fr/fulfulde/youtube-chants-fulfulde;https://mooreburkina.com/fr/gulimancema;https://mooreburkina.com/fr/gulimancema/applications-gulmanchema;https://mooreburkina.com/fr/gulimancema/chants-et-musique-gulmanche;https://mooreburkina.com/fr/gulimancema/dictionnaire-gulmanchema;https://mooreburkina.com/fr/gulimancema/evangile-de-luc;https://mooreburkina.com/fr/gulimancema/film-de-j%C3%A9sus-gulmancema;https://mooreburkina.com/fr/gulimancema/le-chemin-de-la-justice;https://mooreburkina.com/fr/gulimancema/marc-en-gurmancema;https://mooreburkina.com/fr/gulimancema/vid%C3%A9os-en-diaporama-gulmancema;https://mooreburkina.com/fr/images/animaux;https://mooreburkina.com/fr/images/fotos-du-pays-mossi/gens-et-impressions;https://mooreburkina.com/fr/images/impression-de-ouagadougou;https://mooreburkina.com/fr/images/le-burkina-faso-en-images;https://mooreburkina.com/fr/images/ouagadougou;https://mooreburkina.com/fr/images/tissus;https://mooreburkina.com/fr/impressum;https://mooreburkina.com/fr/la-parole-de-dieu/la-parole-de-dieu-en-moor%C3%A9;https://mooreburkina.com/fr/livres-en-moor%C3%A9/%C3%A9crire-les-langues-nationales;https://mooreburkina.com/fr/livres-en-moor%C3%A9/t%C3%A9l%C3%A9charger-pdf;https://mooreburkina.com/fr/parole-de-dieu/%C3%A9couter-le-nouveau-testament-en-moor%C3%A9;https://mooreburkina.com/fr/parole-de-dieu/le-chemin-de-la-justice;https://mooreburkina.com/fr/sitemap,img,
,religious,,skipped_type,.webp,,,moore,,Marie de Magdala en mooré | Mooré Burkina Faso,a9b8196878a20233,image,https://mooreburkina.com/modules/custom/arclight/images/MAG1/1_wl-0-0.webp,https://mooreburkina.com/fr/dioula/marie-de-magdala-en-dioula;https://mooreburkina.com/fr/films-et-clips/le-film-de-magdala-en-moor%C3%A9,img,
,religious,,skipped_type,.webp,,,moore,,Marie de Magdala en mooré | Mooré Burkina Faso,7243c2c59015f909,image,https://mooreburkina.com/modules/custom/arclight/images/MAG1/1_wl604401-0-0.webp,https://mooreburkina.com/fr/dioula/marie-de-magdala-en-dioula;https://mooreburkina.com/fr/films-et-clips/le-film-de-magdala-en-moor%C3%A9,img,
,religious,,skipped_type,.webp,,,moore,,Marie de Magdala en mooré | Mooré Burkina Faso,82f40907c4c564b6,image,https://mooreburkina.com/modules/custom/arclight/images/MAG1/1_wl604402-0-0.webp,https://mooreburkina.com/fr/dioula/marie-de-magdala-en-dioula;https://mooreburkina.com/fr/films-et-clips/le-film-de-magdala-en-moor%C3%A9,img,
,religious,,skipped_type,.webp,,,moore,,Marie de Magdala en mooré | Mooré Burkina Faso,fca4b3fe121aabce,image,https://mooreburkina.com/modules/custom/arclight/images/MAG1/1_wl604403-0-0.webp,https://mooreburkina.com/fr/dioula/marie-de-magdala-en-dioula;https://mooreburkina.com/fr/films-et-clips/le-film-de-magdala-en-moor%C3%A9,img,
,religious,,skipped_type,.webp,,,moore,,Marie de Magdala en mooré | Mooré Burkina Faso,b231df952ef0d0da,image,https://mooreburkina.com/modules/custom/arclight/images/MAG1/1_wl604404-0-0.webp,https://mooreburkina.com/fr/dioula/marie-de-magdala-en-dioula;https://mooreburkina.com/fr/films-et-clips/le-film-de-magdala-en-moor%C3%A9,img,
,religious,,skipped_type,.webp,,,moore,,Marie de Magdala en mooré | Mooré Burkina Faso,54e05bee5b3b9d24,image,https://mooreburkina.com/modules/custom/arclight/images/MAG1/1_wl604405-0-0.webp,https://mooreburkina.com/fr/dioula/marie-de-magdala-en-dioula;https://mooreburkina.com/fr/films-et-clips/le-film-de-magdala-en-moor%C3%A9,img,
,religious,,skipped_type,.webp,,,moore,,Marie de Magdala en mooré | Mooré Burkina Faso,9dd6e950c67f3fb8,image,https://mooreburkina.com/modules/custom/arclight/images/MAG1/1_wl604406-0-0.webp,https://mooreburkina.com/fr/dioula/marie-de-magdala-en-dioula;https://mooreburkina.com/fr/films-et-clips/le-film-de-magdala-en-moor%C3%A9,img,
,religious,,skipped_type,.webp,,,moore,,Marie de Magdala en mooré | Mooré Burkina Faso,5b6bd0fe29229ddd,image,https://mooreburkina.com/modules/custom/arclight/images/MAG1/1_wl604407-0-0.webp,https://mooreburkina.com/fr/dioula/marie-de-magdala-en-dioula;https://mooreburkina.com/fr/films-et-clips/le-film-de-magdala-en-moor%C3%A9,img,
,religious,,skipped_type,.webp,,,moore,,Marie de Magdala en mooré | Mooré Burkina Faso,da8723391dad9b73,image,https://mooreburkina.com/modules/custom/arclight/images/MAG1/1_wl604408-0-0.webp,https://mooreburkina.com/fr/dioula/marie-de-magdala-en-dioula;https://mooreburkina.com/fr/films-et-clips/le-film-de-magdala-en-moor%C3%A9,img,
,religious,,skipped_type,.webp,,,moore,,Marie de Magdala en mooré | Mooré Burkina Faso,f62edd3e2f7ec800,image,https://mooreburkina.com/modules/custom/arclight/images/MAG1/1_wl604409-0-0.webp,https://mooreburkina.com/fr/dioula/marie-de-magdala-en-dioula;https://mooreburkina.com/fr/films-et-clips/le-film-de-magdala-en-moor%C3%A9,img,
,religious,,skipped_type,.webp,,,moore,,Marie de Magdala en mooré | Mooré Burkina Faso,8c4ded5b8d7f1037,image,https://mooreburkina.com/modules/custom/arclight/images/MAG1/1_wl604410-0-0.webp,https://mooreburkina.com/fr/dioula/marie-de-magdala-en-dioula;https://mooreburkina.com/fr/films-et-clips/le-film-de-magdala-en-moor%C3%A9,img,
,religious,,skipped_type,.webp,,,moore,,Marie de Magdala en mooré | Mooré Burkina Faso,480cba764b1c5e24,image,https://mooreburkina.com/modules/custom/arclight/images/MAG1/1_wl604411-0-0.webp,https://mooreburkina.com/fr/dioula/marie-de-magdala-en-dioula;https://mooreburkina.com/fr/films-et-clips/le-film-de-magdala-en-moor%C3%A9,img,
,religious,,skipped_type,.webp,,,moore,,Marie de Magdala en mooré | Mooré Burkina Faso,f08b41edb030928f,image,https://mooreburkina.com/modules/custom/arclight/images/MAG1/1_wl604412-0-0.webp,https://mooreburkina.com/fr/dioula/marie-de-magdala-en-dioula;https://mooreburkina.com/fr/films-et-clips/le-film-de-magdala-en-moor%C3%A9,img,
,religious,,skipped_type,.webp,,,moore,,Marie de Magdala en mooré | Mooré Burkina Faso,90e2de3129f8f2c3,image,https://mooreburkina.com/modules/custom/arclight/images/MAG1/1_wl604413-0-0.webp,https://mooreburkina.com/fr/dioula/marie-de-magdala-en-dioula;https://mooreburkina.com/fr/films-et-clips/le-film-de-magdala-en-moor%C3%A9,img,
,religious,,skipped_type,.webp,,,moore,,Marie de Magdala en mooré | Mooré Burkina Faso,9bdb6261125fe6ff,image,https://mooreburkina.com/modules/custom/arclight/images/MAG1/1_wl604414-0-0.webp,https://mooreburkina.com/fr/dioula/marie-de-magdala-en-dioula;https://mooreburkina.com/fr/films-et-clips/le-film-de-magdala-en-moor%C3%A9,img,
,religious,,skipped_type,.webp,,,moore,,Marie de Magdala en mooré | Mooré Burkina Faso,21d6ed0337205f48,image,https://mooreburkina.com/modules/custom/arclight/images/MAG1/1_wl604415-0-0.webp,https://mooreburkina.com/fr/dioula/marie-de-magdala-en-dioula;https://mooreburkina.com/fr/films-et-clips/le-film-de-magdala-en-moor%C3%A9,img,
,religious,,skipped_type,.webp,,,moore,,Marie de Magdala en mooré | Mooré Burkina Faso,b59bd3094f0771a2,image,https://mooreburkina.com/modules/custom/arclight/images/MAG1/1_wl604416-0-0.webp,https://mooreburkina.com/fr/dioula/marie-de-magdala-en-dioula;https://mooreburkina.com/fr/films-et-clips/le-film-de-magdala-en-moor%C3%A9,img,
,religious,,skipped_type,.webp,,,moore,,Marie de Magdala en mooré | Mooré Burkina Faso,bcf50398c743f682,image,https://mooreburkina.com/modules/custom/arclight/images/MAG1/1_wl604417-0-0.webp,https://mooreburkina.com/fr/dioula/marie-de-magdala-en-dioula;https://mooreburkina.com/fr/films-et-clips/le-film-de-magdala-en-moor%C3%A9,img,
,religious,,skipped_type,.webp,,,moore,,Marie de Magdala en mooré | Mooré Burkina Faso,107e386026184185,image,https://mooreburkina.com/modules/custom/arclight/images/MAG1/1_wl604418-0-0.webp,https://mooreburkina.com/fr/dioula/marie-de-magdala-en-dioula;https://mooreburkina.com/fr/films-et-clips/le-film-de-magdala-en-moor%C3%A9,img,
,religious,,skipped_type,.webp,,,moore,,Marie de Magdala en mooré | Mooré Burkina Faso,3c5fae4a012ff572,image,https://mooreburkina.com/modules/custom/arclight/images/MAG1/1_wl604419-0-0.webp,https://mooreburkina.com/fr/dioula/marie-de-magdala-en-dioula;https://mooreburkina.com/fr/films-et-clips/le-film-de-magdala-en-moor%C3%A9,img,
,religious,,skipped_type,.webp,,,moore,,Marie de Magdala en mooré | Mooré Burkina Faso,2697b74346686cc1,image,https://mooreburkina.com/modules/custom/arclight/images/MAG1/1_wl604420-0-0.webp,https://mooreburkina.com/fr/dioula/marie-de-magdala-en-dioula;https://mooreburkina.com/fr/films-et-clips/le-film-de-magdala-en-moor%C3%A9,img,
,religious,,skipped_type,.webp,,,moore,,Marie de Magdala en mooré | Mooré Burkina Faso,8e0b44a8db944c71,image,https://mooreburkina.com/modules/custom/arclight/images/MAG1/1_wl604421-0-0.webp,https://mooreburkina.com/fr/dioula/marie-de-magdala-en-dioula;https://mooreburkina.com/fr/films-et-clips/le-film-de-magdala-en-moor%C3%A9,img,
,religious,,skipped_type,.webp,,,moore,,Marie de Magdala en mooré | Mooré Burkina Faso,d1156da87c632834,image,https://mooreburkina.com/modules/custom/arclight/images/MAG1/1_wl604422-0-0.webp,https://mooreburkina.com/fr/dioula/marie-de-magdala-en-dioula;https://mooreburkina.com/fr/films-et-clips/le-film-de-magdala-en-moor%C3%A9,img,
,religious,,skipped_type,.webp,,,moore,,Marie de Magdala en mooré | Mooré Burkina Faso,e72f1187eb21cdd2,image,https://mooreburkina.com/modules/custom/arclight/images/MAG1/1_wl604423-0-0.webp,https://mooreburkina.com/fr/dioula/marie-de-magdala-en-dioula;https://mooreburkina.com/fr/films-et-clips/le-film-de-magdala-en-moor%C3%A9,img,
,religious,,skipped_type,.webp,,,moore,,Marie de Magdala en mooré | Mooré Burkina Faso,47d6073c17e9151d,image,https://mooreburkina.com/modules/custom/arclight/images/MAG1/1_wl604424-0-0.webp,https://mooreburkina.com/fr/dioula/marie-de-magdala-en-dioula;https://mooreburkina.com/fr/films-et-clips/le-film-de-magdala-en-moor%C3%A9,img,
,religious,,skipped_type,.webp,,,moore,,Marie de Magdala en mooré | Mooré Burkina Faso,d5e6a3a8ca9a7b83,image,https://mooreburkina.com/modules/custom/arclight/images/MAG1/1_wl604425-0-0.webp,https://mooreburkina.com/fr/dioula/marie-de-magdala-en-dioula;https://mooreburkina.com/fr/films-et-clips/le-film-de-magdala-en-moor%C3%A9,img,
,religious,,skipped_type,.webp,,,moore,,Marie de Magdala en mooré | Mooré Burkina Faso,bf9ab0cd08850399,image,https://mooreburkina.com/modules/custom/arclight/images/MAG1/1_wl604426-0-0.webp,https://mooreburkina.com/fr/dioula/marie-de-magdala-en-dioula;https://mooreburkina.com/fr/films-et-clips/le-film-de-magdala-en-moor%C3%A9,img,
,religious,,skipped_type,.webp,,,moore,,Marie de Magdala en mooré | Mooré Burkina Faso,94bbf0fff1895be6,image,https://mooreburkina.com/modules/custom/arclight/images/MAG1/1_wl604427-0-0.webp,https://mooreburkina.com/fr/dioula/marie-de-magdala-en-dioula;https://mooreburkina.com/fr/films-et-clips/le-film-de-magdala-en-moor%C3%A9,img,
,religious,,skipped_type,.webp,,,moore,,Marie de Magdala en mooré | Mooré Burkina Faso,fd8b45bd719c4516,image,https://mooreburkina.com/modules/custom/arclight/images/MAG1/1_wl604428-0-0.webp,https://mooreburkina.com/fr/dioula/marie-de-magdala-en-dioula;https://mooreburkina.com/fr/films-et-clips/le-film-de-magdala-en-moor%C3%A9,img,
,religious,,skipped_type,.webp,,,moore,,Marie de Magdala en mooré | Mooré Burkina Faso,3ea378fbe7b9b6dc,image,https://mooreburkina.com/modules/custom/arclight/images/MAG1/1_wl604429-0-0.webp,https://mooreburkina.com/fr/dioula/marie-de-magdala-en-dioula;https://mooreburkina.com/fr/films-et-clips/le-film-de-magdala-en-moor%C3%A9,img,
,religious,,skipped_type,.webp,,,moore,,Marie de Magdala en mooré | Mooré Burkina Faso,0e07cb52be8f6084,image,https://mooreburkina.com/modules/custom/arclight/images/MAG1/1_wl604430-0-0.webp,https://mooreburkina.com/fr/dioula/marie-de-magdala-en-dioula;https://mooreburkina.com/fr/films-et-clips/le-film-de-magdala-en-moor%C3%A9,img,
,religious,,skipped_type,.webp,,,moore,,Marie de Magdala en mooré | Mooré Burkina Faso,b1a88e03990f7fda,image,https://mooreburkina.com/modules/custom/arclight/images/MAG1/1_wl604431-0-0.webp,https://mooreburkina.com/fr/dioula/marie-de-magdala-en-dioula;https://mooreburkina.com/fr/films-et-clips/le-film-de-magdala-en-moor%C3%A9,img,
,religious,,skipped_type,.webp,,,moore,,Marie de Magdala en mooré | Mooré Burkina Faso,0b05a8cdb76a5d58,image,https://mooreburkina.com/modules/custom/arclight/images/MAG1/1_wl604432-0-0.webp,https://mooreburkina.com/fr/dioula/marie-de-magdala-en-dioula;https://mooreburkina.com/fr/films-et-clips/le-film-de-magdala-en-moor%C3%A9,img,
,religious,,skipped_type,.webp,,,moore,,Marie de Magdala en mooré | Mooré Burkina Faso,ec6b4e71f06034b1,image,https://mooreburkina.com/modules/custom/arclight/images/MAG1/1_wl604433-0-0.webp,https://mooreburkina.com/fr/dioula/marie-de-magdala-en-dioula;https://mooreburkina.com/fr/films-et-clips/le-film-de-magdala-en-moor%C3%A9,img,
,religious,,skipped_type,.webp,,,moore,,Marie de Magdala en mooré | Mooré Burkina Faso,a59837aa4e93472b,image,https://mooreburkina.com/modules/custom/arclight/images/MAG1/1_wl604434-0-0.webp,https://mooreburkina.com/fr/dioula/marie-de-magdala-en-dioula;https://mooreburkina.com/fr/films-et-clips/le-film-de-magdala-en-moor%C3%A9,img,
,religious,,skipped_type,.webp,,,moore,,Marie de Magdala en mooré | Mooré Burkina Faso,4ab3684762b2606b,image,https://mooreburkina.com/modules/custom/arclight/images/MAG1/1_wl604435-0-0.webp,https://mooreburkina.com/fr/dioula/marie-de-magdala-en-dioula;https://mooreburkina.com/fr/films-et-clips/le-film-de-magdala-en-moor%C3%A9,img,
,religious,,skipped_type,.webp,,,moore,,Marie de Magdala en mooré | Mooré Burkina Faso,2773eabd68b028e1,image,https://mooreburkina.com/modules/custom/arclight/images/MAG1/1_wl604436-0-0.webp,https://mooreburkina.com/fr/dioula/marie-de-magdala-en-dioula;https://mooreburkina.com/fr/films-et-clips/le-film-de-magdala-en-moor%C3%A9,img,
,religious,,skipped_type,.webp,,,moore,,Marie de Magdala en mooré | Mooré Burkina Faso,93f47389d2880cb5,image,https://mooreburkina.com/modules/custom/arclight/images/MAG1/1_wl604437-0-0.webp,https://mooreburkina.com/fr/dioula/marie-de-magdala-en-dioula;https://mooreburkina.com/fr/films-et-clips/le-film-de-magdala-en-moor%C3%A9,img,
,religious,,skipped_type,.webp,,,moore,,Marie de Magdala en mooré | Mooré Burkina Faso,eefd1746b216c305,image,https://mooreburkina.com/modules/custom/arclight/images/MAG1/1_wl604438-0-0.webp,https://mooreburkina.com/fr/dioula/marie-de-magdala-en-dioula;https://mooreburkina.com/fr/films-et-clips/le-film-de-magdala-en-moor%C3%A9,img,
,religious,,skipped_type,.webp,,,moore,,Marie de Magdala en mooré | Mooré Burkina Faso,5c135e46485cd72a,image,https://mooreburkina.com/modules/custom/arclight/images/MAG1/1_wl604439-0-0.webp,https://mooreburkina.com/fr/dioula/marie-de-magdala-en-dioula;https://mooreburkina.com/fr/films-et-clips/le-film-de-magdala-en-moor%C3%A9,img,
,religious,,skipped_type,.webp,,,moore,,Marie de Magdala en mooré | Mooré Burkina Faso,cd7a324f466e351a,image,https://mooreburkina.com/modules/custom/arclight/images/MAG1/1_wl604440-0-0.webp,https://mooreburkina.com/fr/dioula/marie-de-magdala-en-dioula;https://mooreburkina.com/fr/films-et-clips/le-film-de-magdala-en-moor%C3%A9,img,
,religious,,skipped_type,.webp,,,moore,,Marie de Magdala en mooré | Mooré Burkina Faso,c855e4191a885919,image,https://mooreburkina.com/modules/custom/arclight/images/MAG1/1_wl604441-0-0.webp,https://mooreburkina.com/fr/dioula/marie-de-magdala-en-dioula;https://mooreburkina.com/fr/films-et-clips/le-film-de-magdala-en-moor%C3%A9,img,
,religious,,skipped_type,.webp,,,moore,,Marie de Magdala en mooré | Mooré Burkina Faso,4d27e6e29bcb6cc6,image,https://mooreburkina.com/modules/custom/arclight/images/MAG1/1_wl604442-0-0.webp,https://mooreburkina.com/fr/dioula/marie-de-magdala-en-dioula;https://mooreburkina.com/fr/films-et-clips/le-film-de-magdala-en-moor%C3%A9,img,
,religious,,skipped_type,.webp,,,moore,,Marie de Magdala en mooré | Mooré Burkina Faso,294c8e3b0c407af7,image,https://mooreburkina.com/modules/custom/arclight/images/MAG1/1_wl604443-0-0.webp,https://mooreburkina.com/fr/dioula/marie-de-magdala-en-dioula;https://mooreburkina.com/fr/films-et-clips/le-film-de-magdala-en-moor%C3%A9,img,
,religious,,skipped_type,.webp,,,moore,,Marie de Magdala en mooré | Mooré Burkina Faso,5fae129532e3b4a1,image,https://mooreburkina.com/modules/custom/arclight/images/MAG1/1_wl604444-0-0.webp,https://mooreburkina.com/fr/dioula/marie-de-magdala-en-dioula;https://mooreburkina.com/fr/films-et-clips/le-film-de-magdala-en-moor%C3%A9,img,
,religious,,skipped_type,.webp,,,moore,,Marie de Magdala en mooré | Mooré Burkina Faso,7ebc8ebf310799c6,image,https://mooreburkina.com/modules/custom/arclight/images/MAG1/MAG1.webp,https://mooreburkina.com/fr/dioula/marie-de-magdala-en-dioula;https://mooreburkina.com/fr/films-et-clips/le-film-de-magdala-en-moor%C3%A9,img,
image,religious,,skipped_type,.webp,,,moore,,Écouter le Nouveau Testament en mooré | Mooré Burkina Faso,f760c89337c9acfc,image,https://mooreburkina.com/modules/custom/wildfire_dbp/images/default_audio.webp,https://mooreburkina.com/fr/dioula-fulfulde/%C3%A9couter-la-parole-de-dieu-en-dioula;https://mooreburkina.com/fr/dioula-fulfulde/%C3%A9couter-la-parole-de-dieu-en-fulfulde;https://mooreburkina.com/fr/parole-de-dieu/%C3%A9couter-le-nouveau-testament-en-moor%C3%A9,img,
,religious,,skipped_type,.webp,,,moore,,Evangile de Luc | Mooré Burkina Faso,666c698ba6d9c976,image,https://mooreburkina.com/modules/custom/wildfire_dbp/images/luk/luk_0101.webp,https://mooreburkina.com/fr/films-clips/evangile-de-luc;https://mooreburkina.com/fr/gulimancema/evangile-de-luc,img,
,religious,,skipped_type,.webp,,,moore,,Evangile de Luc | Mooré Burkina Faso,c8738dff233873b5,image,https://mooreburkina.com/modules/custom/wildfire_dbp/images/luk/luk_0126.webp,https://mooreburkina.com/fr/films-clips/evangile-de-luc;https://mooreburkina.com/fr/gulimancema/evangile-de-luc,img,
,religious,,skipped_type,.webp,,,moore,,Evangile de Luc | Mooré Burkina Faso,2527814e040c20da,image,https://mooreburkina.com/modules/custom/wildfire_dbp/images/luk/luk_0157.webp,https://mooreburkina.com/fr/films-clips/evangile-de-luc;https://mooreburkina.com/fr/gulimancema/evangile-de-luc,img,
,religious,,skipped_type,.webp,,,moore,,Evangile de Luc | Mooré Burkina Faso,542f9d83d695941e,image,https://mooreburkina.com/modules/custom/wildfire_dbp/images/luk/luk_0201.webp,https://mooreburkina.com/fr/films-clips/evangile-de-luc;https://mooreburkina.com/fr/gulimancema/evangile-de-luc,img,
,religious,,skipped_type,.webp,,,moore,,Evangile de Luc | Mooré Burkina Faso,afee3e775882000c,image,https://mooreburkina.com/modules/custom/wildfire_dbp/images/luk/luk_0222.webp,https://mooreburkina.com/fr/films-clips/evangile-de-luc;https://mooreburkina.com/fr/gulimancema/evangile-de-luc,img,
,religious,,skipped_type,.webp,,,moore,,Evangile de Luc | Mooré Burkina Faso,1e6508d710380fca,image,https://mooreburkina.com/modules/custom/wildfire_dbp/images/luk/luk_0301.webp,https://mooreburkina.com/fr/films-clips/evangile-de-luc;https://mooreburkina.com/fr/gulimancema/evangile-de-luc,img,
,religious,,skipped_type,.webp,,,moore,,Evangile de Luc | Mooré Burkina Faso,5a15be509dd34a3f,image,https://mooreburkina.com/modules/custom/wildfire_dbp/images/luk/luk_0318.webp,https://mooreburkina.com/fr/films-clips/evangile-de-luc;https://mooreburkina.com/fr/gulimancema/evangile-de-luc,img,
,religious,,skipped_type,.webp,,,moore,,Evangile de Luc | Mooré Burkina Faso,52bb3993545c0158,image,https://mooreburkina.com/modules/custom/wildfire_dbp/images/luk/luk_0401.webp,https://mooreburkina.com/fr/films-clips/evangile-de-luc;https://mooreburkina.com/fr/gulimancema/evangile-de-luc,img,
,religious,,skipped_type,.webp,,,moore,,Evangile de Luc | Mooré Burkina Faso,669d25e288adeb08,image,https://mooreburkina.com/modules/custom/wildfire_dbp/images/luk/luk_0431.webp,https://mooreburkina.com/fr/films-clips/evangile-de-luc;https://mooreburkina.com/fr/gulimancema/evangile-de-luc,img,
,religious,,skipped_type,.webp,,,moore,,Evangile de Luc | Mooré Burkina Faso,316393d76738482d,image,https://mooreburkina.com/modules/custom/wildfire_dbp/images/luk/luk_0501.webp,https://mooreburkina.com/fr/films-clips/evangile-de-luc;https://mooreburkina.com/fr/gulimancema/evangile-de-luc,img,
,religious,,skipped_type,.webp,,,moore,,Evangile de Luc | Mooré Burkina Faso,63f05d63250d1da3,image,https://mooreburkina.com/modules/custom/wildfire_dbp/images/luk/luk_0517.webp,https://mooreburkina.com/fr/films-clips/evangile-de-luc;https://mooreburkina.com/fr/gulimancema/evangile-de-luc,img,
,religious,,skipped_type,.webp,,,moore,,Evangile de Luc | Mooré Burkina Faso,5b80a296887c408f,image,https://mooreburkina.com/modules/custom/wildfire_dbp/images/luk/luk_0601.webp,https://mooreburkina.com/fr/films-clips/evangile-de-luc;https://mooreburkina.com/fr/gulimancema/evangile-de-luc,img,
,religious,,skipped_type,.webp,,,moore,,Evangile de Luc | Mooré Burkina Faso,8202ee3532ec28b1,image,https://mooreburkina.com/modules/custom/wildfire_dbp/images/luk/luk_0617.webp,https://mooreburkina.com/fr/films-clips/evangile-de-luc;https://mooreburkina.com/fr/gulimancema/evangile-de-luc,img,
,religious,,skipped_type,.webp,,,moore,,Evangile de Luc | Mooré Burkina Faso,0393e19849710193,image,https://mooreburkina.com/modules/custom/wildfire_dbp/images/luk/luk_0701.webp,https://mooreburkina.com/fr/films-clips/evangile-de-luc;https://mooreburkina.com/fr/gulimancema/evangile-de-luc,img,
,religious,,skipped_type,.webp,,,moore,,Evangile de Luc | Mooré Burkina Faso,013e6e4c63a148c8,image,https://mooreburkina.com/modules/custom/wildfire_dbp/images/luk/luk_0736.webp,https://mooreburkina.com/fr/films-clips/evangile-de-luc;https://mooreburkina.com/fr/gulimancema/evangile-de-luc,img,
,religious,,skipped_type,.webp,,,moore,,Evangile de Luc | Mooré Burkina Faso,0534db86fc775579,image,https://mooreburkina.com/modules/custom/wildfire_dbp/images/luk/luk_0801.webp,https://mooreburkina.com/fr/films-clips/evangile-de-luc;https://mooreburkina.com/fr/gulimancema/evangile-de-luc,img,
,religious,,skipped_type,.webp,,,moore,,Evangile de Luc | Mooré Burkina Faso,3370ff6199ee0d87,image,https://mooreburkina.com/modules/custom/wildfire_dbp/images/luk/luk_0822.webp,https://mooreburkina.com/fr/films-clips/evangile-de-luc;https://mooreburkina.com/fr/gulimancema/evangile-de-luc,img,
,religious,,skipped_type,.webp,,,moore,,Evangile de Luc | Mooré Burkina Faso,b26882cb8fccd841,image,https://mooreburkina.com/modules/custom/wildfire_dbp/images/luk/luk_0840.webp,https://mooreburkina.com/fr/films-clips/evangile-de-luc;https://mooreburkina.com/fr/gulimancema/evangile-de-luc,img,
,religious,,skipped_type,.webp,,,moore,,Evangile de Luc | Mooré Burkina Faso,a4dde92340893fe2,image,https://mooreburkina.com/modules/custom/wildfire_dbp/images/luk/luk_0901.webp,https://mooreburkina.com/fr/films-clips/evangile-de-luc;https://mooreburkina.com/fr/gulimancema/evangile-de-luc,img,
,religious,,skipped_type,.webp,,,moore,,Evangile de Luc | Mooré Burkina Faso,06171eab3a1d45a6,image,https://mooreburkina.com/modules/custom/wildfire_dbp/images/luk/luk_0927.webp,https://mooreburkina.com/fr/films-clips/evangile-de-luc;https://mooreburkina.com/fr/gulimancema/evangile-de-luc,img,
,religious,,skipped_type,.webp,,,moore,,Evangile de Luc | Mooré Burkina Faso,5e6f4d8852dc7f51,image,https://mooreburkina.com/modules/custom/wildfire_dbp/images/luk/luk_1001.webp,https://mooreburkina.com/fr/films-clips/evangile-de-luc;https://mooreburkina.com/fr/gulimancema/evangile-de-luc,img,
,religious,,skipped_type,.webp,,,moore,,Evangile de Luc | Mooré Burkina Faso,e7bebf40560d8380,image,https://mooreburkina.com/modules/custom/wildfire_dbp/images/luk/luk_1025.webp,https://mooreburkina.com/fr/films-clips/evangile-de-luc;https://mooreburkina.com/fr/gulimancema/evangile-de-luc,img,
,religious,,skipped_type,.webp,,,moore,,Evangile de Luc | Mooré Burkina Faso,8dca85163778b19f,image,https://mooreburkina.com/modules/custom/wildfire_dbp/images/luk/luk_1101.webp,https://mooreburkina.com/fr/films-clips/evangile-de-luc;https://mooreburkina.com/fr/gulimancema/evangile-de-luc,img,
,religious,,skipped_type,.webp,,,moore,,Evangile de Luc | Mooré Burkina Faso,411c185cbefb3135,image,https://mooreburkina.com/modules/custom/wildfire_dbp/images/luk/luk_1124.webp,https://mooreburkina.com/fr/films-clips/evangile-de-luc;https://mooreburkina.com/fr/gulimancema/evangile-de-luc,img,
,religious,,skipped_type,.webp,,,moore,,Evangile de Luc | Mooré Burkina Faso,c3480e52be7a645d,image,https://mooreburkina.com/modules/custom/wildfire_dbp/images/luk/luk_1201.webp,https://mooreburkina.com/fr/films-clips/evangile-de-luc;https://mooreburkina.com/fr/gulimancema/evangile-de-luc,img,
,religious,,skipped_type,.webp,,,moore,,Evangile de Luc | Mooré Burkina Faso,2e791c6c1a8196c7,image,https://mooreburkina.com/modules/custom/wildfire_dbp/images/luk/luk_1232.webp,https://mooreburkina.com/fr/films-clips/evangile-de-luc;https://mooreburkina.com/fr/gulimancema/evangile-de-luc,img,
,religious,,skipped_type,.webp,,,moore,,Evangile de Luc | Mooré Burkina Faso,3aefd84ef5740190,image,https://mooreburkina.com/modules/custom/wildfire_dbp/images/luk/luk_1301.webp,https://mooreburkina.com/fr/films-clips/evangile-de-luc;https://mooreburkina.com/fr/gulimancema/evangile-de-luc,img,
,religious,,skipped_type,.webp,,,moore,,Evangile de Luc | Mooré Burkina Faso,92c9990b8c9dedf5,image,https://mooreburkina.com/modules/custom/wildfire_dbp/images/luk/luk_1322.webp,https://mooreburkina.com/fr/films-clips/evangile-de-luc;https://mooreburkina.com/fr/gulimancema/evangile-de-luc,img,
,religious,,skipped_type,.webp,,,moore,,Evangile de Luc | Mooré Burkina Faso,93a1dd166a895b98,image,https://mooreburkina.com/modules/custom/wildfire_dbp/images/luk/luk_1401.webp,https://mooreburkina.com/fr/films-clips/evangile-de-luc;https://mooreburkina.com/fr/gulimancema/evangile-de-luc,img,
,religious,,skipped_type,.webp,,,moore,,Evangile de Luc | Mooré Burkina Faso,a42e0cc1118a9665,image,https://mooreburkina.com/modules/custom/wildfire_dbp/images/luk/luk_1425.webp,https://mooreburkina.com/fr/films-clips/evangile-de-luc;https://mooreburkina.com/fr/gulimancema/evangile-de-luc,img,
,religious,,skipped_type,.webp,,,moore,,Evangile de Luc | Mooré Burkina Faso,fe86d86d1753ccc3,image,https://mooreburkina.com/modules/custom/wildfire_dbp/images/luk/luk_1501.webp,https://mooreburkina.com/fr/films-clips/evangile-de-luc;https://mooreburkina.com/fr/gulimancema/evangile-de-luc,img,
,religious,,skipped_type,.webp,,,moore,,Evangile de Luc | Mooré Burkina Faso,c5058c595ca3715f,image,https://mooreburkina.com/modules/custom/wildfire_dbp/images/luk/luk_1511.webp,https://mooreburkina.com/fr/films-clips/evangile-de-luc;https://mooreburkina.com/fr/gulimancema/evangile-de-luc,img,
,religious,,skipped_type,.webp,,,moore,,Evangile de Luc | Mooré Burkina Faso,1a3d75ccc1404b45,image,https://mooreburkina.com/modules/custom/wildfire_dbp/images/luk/luk_1601.webp,https://mooreburkina.com/fr/films-clips/evangile-de-luc;https://mooreburkina.com/fr/gulimancema/evangile-de-luc,img,
,religious,,skipped_type,.webp,,,moore,,Evangile de Luc | Mooré Burkina Faso,e2411debeedb63f1,image,https://mooreburkina.com/modules/custom/wildfire_dbp/images/luk/luk_1619.webp,https://mooreburkina.com/fr/films-clips/evangile-de-luc;https://mooreburkina.com/fr/gulimancema/evangile-de-luc,img,
,religious,,skipped_type,.webp,,,moore,,Evangile de Luc | Mooré Burkina Faso,83f5c4005c370026,image,https://mooreburkina.com/modules/custom/wildfire_dbp/images/luk/luk_1701.webp,https://mooreburkina.com/fr/films-clips/evangile-de-luc;https://mooreburkina.com/fr/gulimancema/evangile-de-luc,img,
,religious,,skipped_type,.webp,,,moore,,Evangile de Luc | Mooré Burkina Faso,261537d17019a2b7,image,https://mooreburkina.com/modules/custom/wildfire_dbp/images/luk/luk_1720.webp,https://mooreburkina.com/fr/films-clips/evangile-de-luc;https://mooreburkina.com/fr/gulimancema/evangile-de-luc,img,
,religious,,skipped_type,.webp,,,moore,,Evangile de Luc | Mooré Burkina Faso,5a2556dbd2dcd088,image,https://mooreburkina.com/modules/custom/wildfire_dbp/images/luk/luk_1801.webp,https://mooreburkina.com/fr/films-clips/evangile-de-luc;https://mooreburkina.com/fr/gulimancema/evangile-de-luc,img,
,religious,,skipped_type,.webp,,,moore,,Evangile de Luc | Mooré Burkina Faso,8b1cf173b111e9f5,image,https://mooreburkina.com/modules/custom/wildfire_dbp/images/luk/luk_1818.webp,https://mooreburkina.com/fr/films-clips/evangile-de-luc;https://mooreburkina.com/fr/gulimancema/evangile-de-luc,img,
,religious,,skipped_type,.webp,,,moore,,Evangile de Luc | Mooré Burkina Faso,38fe6a01a8ef7406,image,https://mooreburkina.com/modules/custom/wildfire_dbp/images/luk/luk_1901.webp,https://mooreburkina.com/fr/films-clips/evangile-de-luc;https://mooreburkina.com/fr/gulimancema/evangile-de-luc,img,
,religious,,skipped_type,.webp,,,moore,,Evangile de Luc | Mooré Burkina Faso,dce59775bdeb082e,image,https://mooreburkina.com/modules/custom/wildfire_dbp/images/luk/luk_1928.webp,https://mooreburkina.com/fr/films-clips/evangile-de-luc;https://mooreburkina.com/fr/gulimancema/evangile-de-luc,img,
,religious,,skipped_type,.webp,,,moore,,Evangile de Luc | Mooré Burkina Faso,44918fe0badc5700,image,https://mooreburkina.com/modules/custom/wildfire_dbp/images/luk/luk_2001.webp,https://mooreburkina.com/fr/films-clips/evangile-de-luc;https://mooreburkina.com/fr/gulimancema/evangile-de-luc,img,
,religious,,skipped_type,.webp,,,moore,,Evangile de Luc | Mooré Burkina Faso,658c18d3b14cfd04,image,https://mooreburkina.com/modules/custom/wildfire_dbp/images/luk/luk_2020.webp,https://mooreburkina.com/fr/films-clips/evangile-de-luc,img,
,religious,,skipped_type,.webp,,,moore,,Evangile de Luc | Mooré Burkina Faso,a1647d3d9a0da25b,image,https://mooreburkina.com/modules/custom/wildfire_dbp/images/luk/luk_2101.webp,https://mooreburkina.com/fr/films-clips/evangile-de-luc;https://mooreburkina.com/fr/gulimancema/evangile-de-luc,img,
,religious,,skipped_type,.webp,,,moore,,Evangile de Luc | Mooré Burkina Faso,d0069326ab3efe70,image,https://mooreburkina.com/modules/custom/wildfire_dbp/images/luk/luk_2129.webp,https://mooreburkina.com/fr/films-clips/evangile-de-luc;https://mooreburkina.com/fr/gulimancema/evangile-de-luc,img,
,religious,,skipped_type,.webp,,,moore,,Evangile de Luc | Mooré Burkina Faso,934bca769b447212,image,https://mooreburkina.com/modules/custom/wildfire_dbp/images/luk/luk_2201.webp,https://mooreburkina.com/fr/films-clips/evangile-de-luc;https://mooreburkina.com/fr/gulimancema/evangile-de-luc,img,
,religious,,skipped_type,.webp,,,moore,,Evangile de Luc | Mooré Burkina Faso,0724710f4bfcde47,image,https://mooreburkina.com/modules/custom/wildfire_dbp/images/luk/luk_2239.webp,https://mooreburkina.com/fr/films-clips/evangile-de-luc;https://mooreburkina.com/fr/gulimancema/evangile-de-luc,img,
,religious,,skipped_type,.webp,,,moore,,Evangile de Luc | Mooré Burkina Faso,18bc86f75c5557e9,image,https://mooreburkina.com/modules/custom/wildfire_dbp/images/luk/luk_2301.webp,https://mooreburkina.com/fr/films-clips/evangile-de-luc;https://mooreburkina.com/fr/gulimancema/evangile-de-luc,img,
,religious,,skipped_type,.webp,,,moore,,Evangile de Luc | Mooré Burkina Faso,17e0fb090e8c67b6,image,https://mooreburkina.com/modules/custom/wildfire_dbp/images/luk/luk_2326.webp,https://mooreburkina.com/fr/films-clips/evangile-de-luc;https://mooreburkina.com/fr/gulimancema/evangile-de-luc,img,
,religious,,skipped_type,.webp,,,moore,,Evangile de Luc | Mooré Burkina Faso,0b17dc5ec39f6dcb,image,https://mooreburkina.com/modules/custom/wildfire_dbp/images/luk/luk_2344.webp,https://mooreburkina.com/fr/films-clips/evangile-de-luc;https://mooreburkina.com/fr/gulimancema/evangile-de-luc,img,
,religious,,skipped_type,.webp,,,moore,,Evangile de Luc | Mooré Burkina Faso,3dfa4326a351a339,image,https://mooreburkina.com/modules/custom/wildfire_dbp/images/luk/luk_2401.webp,https://mooreburkina.com/fr/films-clips/evangile-de-luc;https://mooreburkina.com/fr/gulimancema/evangile-de-luc,img,
,religious,,skipped_type,.webp,,,moore,,Evangile de Luc | Mooré Burkina Faso,64e4bdd1c721aeed,image,https://mooreburkina.com/modules/custom/wildfire_dbp/images/luk/luk_2436.webp,https://mooreburkina.com/fr/films-clips/evangile-de-luc;https://mooreburkina.com/fr/gulimancema/evangile-de-luc,img,
,religious,,skipped_type,.webp,,,moore,,Evangile de Luc | Mooré Burkina Faso,cab3bf133904a6a5,image,https://mooreburkina.com/modules/custom/wildfire_dbp/images/luk/luk_credits.webp,https://mooreburkina.com/fr/films-clips/evangile-de-luc;https://mooreburkina.com/fr/gulimancema/evangile-de-luc,img,
,religious,,skipped_type,.webp,,,moore,,Evangile de Marc (Prot.) | Mooré Burkina Faso,f8dba10b77541937,image,https://mooreburkina.com/modules/custom/wildfire_dbp/images/mrk/mrk_0101.webp,https://mooreburkina.com/fr/dioula/evangile-de-marc-en-dioula;https://mooreburkina.com/fr/films-clips/evangile-de-marc-prot;https://mooreburkina.com/fr/films-clips/evangile-selon-marc-cath;https://mooreburkina.com/fr/fulfulde/evangile-de-marc-fulfulde-massina;https://mooreburkina.com/fr/gulimancema/marc-en-gurmancema,img,
,religious,,skipped_type,.webp,,,moore,,Evangile de Marc (Prot.) | Mooré Burkina Faso,a06729da011e3f83,image,https://mooreburkina.com/modules/custom/wildfire_dbp/images/mrk/mrk_0114.webp,https://mooreburkina.com/fr/dioula/evangile-de-marc-en-dioula;https://mooreburkina.com/fr/films-clips/evangile-de-marc-prot;https://mooreburkina.com/fr/films-clips/evangile-selon-marc-cath;https://mooreburkina.com/fr/gulimancema/marc-en-gurmancema,img,
,religious,,skipped_type,.webp,,,moore,,Evangile de Marc (Prot.) | Mooré Burkina Faso,58b17437b00dd3a9,image,https://mooreburkina.com/modules/custom/wildfire_dbp/images/mrk/mrk_0132.webp,https://mooreburkina.com/fr/films-clips/evangile-de-marc-prot,img,
,religious,,skipped_type,.webp,,,moore,,Evangile de Marc (Prot.) | Mooré Burkina Faso,62a8853f92bd5654,image,https://mooreburkina.com/modules/custom/wildfire_dbp/images/mrk/mrk_0201.webp,https://mooreburkina.com/fr/dioula/evangile-de-marc-en-dioula;https://mooreburkina.com/fr/films-clips/evangile-de-marc-prot;https://mooreburkina.com/fr/films-clips/evangile-selon-marc-cath;https://mooreburkina.com/fr/fulfulde/evangile-de-marc-fulfulde-massina;https://mooreburkina.com/fr/gulimancema/marc-en-gurmancema,img,
,religious,,skipped_type,.webp,,,moore,,Evangile de Marc (Prot.) | Mooré Burkina Faso,a6ceac49cbc3bd0f,image,https://mooreburkina.com/modules/custom/wildfire_dbp/images/mrk/mrk_0213.webp,https://mooreburkina.com/fr/dioula/evangile-de-marc-en-dioula;https://mooreburkina.com/fr/films-clips/evangile-de-marc-prot;https://mooreburkina.com/fr/films-clips/evangile-selon-marc-cath;https://mooreburkina.com/fr/gulimancema/marc-en-gurmancema,img,
,religious,,skipped_type,.webp,,,moore,,Evangile de Marc (Prot.) | Mooré Burkina Faso,364b44b857d8fea7,image,https://mooreburkina.com/modules/custom/wildfire_dbp/images/mrk/mrk_0301.webp,https://mooreburkina.com/fr/dioula/evangile-de-marc-en-dioula;https://mooreburkina.com/fr/films-clips/evangile-de-marc-prot;https://mooreburkina.com/fr/films-clips/evangile-selon-marc-cath;https://mooreburkina.com/fr/fulfulde/evangile-de-marc-fulfulde-massina;https://mooreburkina.com/fr/gulimancema/marc-en-gurmancema,img,
,religious,,skipped_type,.webp,,,moore,,Evangile de Marc (Prot.) | Mooré Burkina Faso,e9bc790b91d9714d,image,https://mooreburkina.com/modules/custom/wildfire_dbp/images/mrk/mrk_0320.webp,https://mooreburkina.com/fr/dioula/evangile-de-marc-en-dioula;https://mooreburkina.com/fr/films-clips/evangile-de-marc-prot;https://mooreburkina.com/fr/films-clips/evangile-selon-marc-cath;https://mooreburkina.com/fr/fulfulde/evangile-de-marc-fulfulde-massina;https://mooreburkina.com/fr/gulimancema/marc-en-gurmancema,img,
,religious,,skipped_type,.webp,,,moore,,Evangile de Marc (Prot.) | Mooré Burkina Faso,f7db6b39960b2dd7,image,https://mooreburkina.com/modules/custom/wildfire_dbp/images/mrk/mrk_0401.webp,https://mooreburkina.com/fr/dioula/evangile-de-marc-en-dioula;https://mooreburkina.com/fr/films-clips/evangile-de-marc-prot;https://mooreburkina.com/fr/films-clips/evangile-selon-marc-cath;https://mooreburkina.com/fr/fulfulde/evangile-de-marc-fulfulde-massina;https://mooreburkina.com/fr/gulimancema/marc-en-gurmancema,img,
,religious,,skipped_type,.webp,,,moore,,Evangile de Marc (Prot.) | Mooré Burkina Faso,cfebe9bd36296d51,image,https://mooreburkina.com/modules/custom/wildfire_dbp/images/mrk/mrk_0421.webp,https://mooreburkina.com/fr/dioula/evangile-de-marc-en-dioula;https://mooreburkina.com/fr/films-clips/evangile-de-marc-prot;https://mooreburkina.com/fr/films-clips/evangile-selon-marc-cath;https://mooreburkina.com/fr/fulfulde/evangile-de-marc-fulfulde-massina;https://mooreburkina.com/fr/gulimancema/marc-en-gurmancema,img,
,religious,,skipped_type,.webp,,,moore,,Evangile de Marc (Prot.) | Mooré Burkina Faso,48d5fb3ed0f20282,image,https://mooreburkina.com/modules/custom/wildfire_dbp/images/mrk/mrk_0501.webp,https://mooreburkina.com/fr/dioula/evangile-de-marc-en-dioula;https://mooreburkina.com/fr/films-clips/evangile-de-marc-prot;https://mooreburkina.com/fr/films-clips/evangile-selon-marc-cath;https://mooreburkina.com/fr/fulfulde/evangile-de-marc-fulfulde-massina;https://mooreburkina.com/fr/gulimancema/marc-en-gurmancema,img,
,religious,,skipped_type,.webp,,,moore,,Evangile de Marc (Prot.) | Mooré Burkina Faso,aa5c367e1c2dbb45,image,https://mooreburkina.com/modules/custom/wildfire_dbp/images/mrk/mrk_0519.webp,https://mooreburkina.com/fr/dioula/evangile-de-marc-en-dioula;https://mooreburkina.com/fr/films-clips/evangile-de-marc-prot;https://mooreburkina.com/fr/films-clips/evangile-selon-marc-cath;https://mooreburkina.com/fr/fulfulde/evangile-de-marc-fulfulde-massina;https://mooreburkina.com/fr/gulimancema/marc-en-gurmancema,img,
,religious,,skipped_type,.webp,,,moore,,Evangile de Marc (Prot.) | Mooré Burkina Faso,d2a1bb2f41c5e211,image,https://mooreburkina.com/modules/custom/wildfire_dbp/images/mrk/mrk_0601.webp,https://mooreburkina.com/fr/dioula/evangile-de-marc-en-dioula;https://mooreburkina.com/fr/films-clips/evangile-de-marc-prot;https://mooreburkina.com/fr/films-clips/evangile-selon-marc-cath;https://mooreburkina.com/fr/fulfulde/evangile-de-marc-fulfulde-massina;https://mooreburkina.com/fr/gulimancema/marc-en-gurmancema,img,
,religious,,skipped_type,.webp,,,moore,,Evangile selon Marc (Cath.) | Mooré Burkina Faso,2b99696c151d4dd0,image,https://mooreburkina.com/modules/custom/wildfire_dbp/images/mrk/mrk_0614.webp,https://mooreburkina.com/fr/films-clips/evangile-selon-marc-cath;https://mooreburkina.com/fr/fulfulde/evangile-de-marc-fulfulde-massina;https://mooreburkina.com/fr/gulimancema/marc-en-gurmancema,img,
,religious,,skipped_type,.webp,,,moore,,Evangile de Marc (Prot.) | Mooré Burkina Faso,813f08c461aaf265,image,https://mooreburkina.com/modules/custom/wildfire_dbp/images/mrk/mrk_0630.webp,https://mooreburkina.com/fr/dioula/evangile-de-marc-en-dioula;https://mooreburkina.com/fr/films-clips/evangile-de-marc-prot;https://mooreburkina.com/fr/films-clips/evangile-selon-marc-cath;https://mooreburkina.com/fr/fulfulde/evangile-de-marc-fulfulde-massina;https://mooreburkina.com/fr/gulimancema/marc-en-gurmancema,img,
,religious,,skipped_type,.webp,,,moore,,Evangile de Marc (Prot.) | Mooré Burkina Faso,ef22b5fed4fb4234,image,https://mooreburkina.com/modules/custom/wildfire_dbp/images/mrk/mrk_0701.webp,https://mooreburkina.com/fr/dioula/evangile-de-marc-en-dioula;https://mooreburkina.com/fr/films-clips/evangile-de-marc-prot;https://mooreburkina.com/fr/films-clips/evangile-selon-marc-cath;https://mooreburkina.com/fr/fulfulde/evangile-de-marc-fulfulde-massina;https://mooreburkina.com/fr/gulimancema/marc-en-gurmancema,img,
,religious,,skipped_type,.webp,,,moore,,Evangile de Marc (Prot.) | Mooré Burkina Faso,29cb942d14c28307,image,https://mooreburkina.com/modules/custom/wildfire_dbp/images/mrk/mrk_0724.webp,https://mooreburkina.com/fr/dioula/evangile-de-marc-en-dioula;https://mooreburkina.com/fr/films-clips/evangile-de-marc-prot;https://mooreburkina.com/fr/films-clips/evangile-selon-marc-cath;https://mooreburkina.com/fr/fulfulde/evangile-de-marc-fulfulde-massina;https://mooreburkina.com/fr/gulimancema/marc-en-gurmancema,img,
,religious,,skipped_type,.webp,,,moore,,Evangile de Marc (Prot.) | Mooré Burkina Faso,52088b5c4fb33f49,image,https://mooreburkina.com/modules/custom/wildfire_dbp/images/mrk/mrk_0801.webp,https://mooreburkina.com/fr/dioula/evangile-de-marc-en-dioula;https://mooreburkina.com/fr/films-clips/evangile-de-marc-prot;https://mooreburkina.com/fr/films-clips/evangile-selon-marc-cath;https://mooreburkina.com/fr/fulfulde/evangile-de-marc-fulfulde-massina;https://mooreburkina.com/fr/gulimancema/marc-en-gurmancema,img,
,religious,,skipped_type,.webp,,,moore,,Evangile de Marc (Prot.) | Mooré Burkina Faso,17ced2f02993271d,image,https://mooreburkina.com/modules/custom/wildfire_dbp/images/mrk/mrk_0822.webp,https://mooreburkina.com/fr/dioula/evangile-de-marc-en-dioula;https://mooreburkina.com/fr/films-clips/evangile-de-marc-prot;https://mooreburkina.com/fr/films-clips/evangile-selon-marc-cath;https://mooreburkina.com/fr/gulimancema/marc-en-gurmancema,img,
,religious,,skipped_type,.webp,,,moore,,Evangile de Marc (Prot.) | Mooré Burkina Faso,55b9e08f87a97dbe,image,https://mooreburkina.com/modules/custom/wildfire_dbp/images/mrk/mrk_0901.webp,https://mooreburkina.com/fr/dioula/evangile-de-marc-en-dioula;https://mooreburkina.com/fr/films-clips/evangile-de-marc-prot;https://mooreburkina.com/fr/films-clips/evangile-selon-marc-cath;https://mooreburkina.com/fr/fulfulde/evangile-de-marc-fulfulde-massina;https://mooreburkina.com/fr/gulimancema/marc-en-gurmancema,img,
,religious,,skipped_type,.webp,,,moore,,Evangile de Marc (Prot.) | Mooré Burkina Faso,080a0522fe621ff0,image,https://mooreburkina.com/modules/custom/wildfire_dbp/images/mrk/mrk_0913.webp,https://mooreburkina.com/fr/dioula/evangile-de-marc-en-dioula;https://mooreburkina.com/fr/films-clips/evangile-de-marc-prot;https://mooreburkina.com/fr/films-clips/evangile-selon-marc-cath;https://mooreburkina.com/fr/fulfulde/evangile-de-marc-fulfulde-massina;https://mooreburkina.com/fr/gulimancema/marc-en-gurmancema,img,
,religious,,skipped_type,.webp,,,moore,,Evangile de Marc (Prot.) | Mooré Burkina Faso,1175f74b3fe0e1d1,image,https://mooreburkina.com/modules/custom/wildfire_dbp/images/mrk/mrk_0933.webp,https://mooreburkina.com/fr/dioula/evangile-de-marc-en-dioula;https://mooreburkina.com/fr/films-clips/evangile-de-marc-prot;https://mooreburkina.com/fr/films-clips/evangile-selon-marc-cath;https://mooreburkina.com/fr/gulimancema/marc-en-gurmancema,img,
,religious,,skipped_type,.webp,,,moore,,Evangile de Marc (Prot.) | Mooré Burkina Faso,65e2f41c8099d2b0,image,https://mooreburkina.com/modules/custom/wildfire_dbp/images/mrk/mrk_1001.webp,https://mooreburkina.com/fr/dioula/evangile-de-marc-en-dioula;https://mooreburkina.com/fr/films-clips/evangile-de-marc-prot;https://mooreburkina.com/fr/films-clips/evangile-selon-marc-cath;https://mooreburkina.com/fr/fulfulde/evangile-de-marc-fulfulde-massina;https://mooreburkina.com/fr/gulimancema/marc-en-gurmancema,img,
,religious,,skipped_type,.webp,,,moore,,Evangile de Marc (Prot.) | Mooré Burkina Faso,b7a30c8872527f56,image,https://mooreburkina.com/modules/custom/wildfire_dbp/images/mrk/mrk_1017.webp,https://mooreburkina.com/fr/dioula/evangile-de-marc-en-dioula;https://mooreburkina.com/fr/films-clips/evangile-de-marc-prot;https://mooreburkina.com/fr/films-clips/evangile-selon-marc-cath;https://mooreburkina.com/fr/fulfulde/evangile-de-marc-fulfulde-massina;https://mooreburkina.com/fr/gulimancema/marc-en-gurmancema,img,
,religious,,skipped_type,.webp,,,moore,,Evangile de Marc (Prot.) | Mooré Burkina Faso,1ec8f01fa1e2f9e8,image,https://mooreburkina.com/modules/custom/wildfire_dbp/images/mrk/mrk_1035.webp,https://mooreburkina.com/fr/dioula/evangile-de-marc-en-dioula;https://mooreburkina.com/fr/films-clips/evangile-de-marc-prot;https://mooreburkina.com/fr/films-clips/evangile-selon-marc-cath;https://mooreburkina.com/fr/gulimancema/marc-en-gurmancema,img,
,religious,,skipped_type,.webp,,,moore,,Evangile de Marc (Prot.) | Mooré Burkina Faso,24ad6a0400ade5af,image,https://mooreburkina.com/modules/custom/wildfire_dbp/images/mrk/mrk_1101.webp,https://mooreburkina.com/fr/dioula/evangile-de-marc-en-dioula;https://mooreburkina.com/fr/films-clips/evangile-de-marc-prot;https://mooreburkina.com/fr/films-clips/evangile-selon-marc-cath;https://mooreburkina.com/fr/fulfulde/evangile-de-marc-fulfulde-massina;https://mooreburkina.com/fr/gulimancema/marc-en-gurmancema,img,
,religious,,skipped_type,.webp,,,moore,,Evangile de Marc (Prot.) | Mooré Burkina Faso,4334856dc4b6c04e,image,https://mooreburkina.com/modules/custom/wildfire_dbp/images/mrk/mrk_1112.webp,https://mooreburkina.com/fr/dioula/evangile-de-marc-en-dioula;https://mooreburkina.com/fr/films-clips/evangile-de-marc-prot;https://mooreburkina.com/fr/films-clips/evangile-selon-marc-cath;https://mooreburkina.com/fr/fulfulde/evangile-de-marc-fulfulde-massina;https://mooreburkina.com/fr/gulimancema/marc-en-gurmancema,img,
,religious,,skipped_type,.webp,,,moore,,Evangile de Marc (Prot.) | Mooré Burkina Faso,d7241677863a5065,image,https://mooreburkina.com/modules/custom/wildfire_dbp/images/mrk/mrk_1201.webp,https://mooreburkina.com/fr/dioula/evangile-de-marc-en-dioula;https://mooreburkina.com/fr/films-clips/evangile-de-marc-prot;https://mooreburkina.com/fr/films-clips/evangile-selon-marc-cath;https://mooreburkina.com/fr/fulfulde/evangile-de-marc-fulfulde-massina;https://mooreburkina.com/fr/gulimancema/marc-en-gurmancema,img,
,religious,,skipped_type,.webp,,,moore,,Evangile de Marc (Prot.) | Mooré Burkina Faso,ec6153eb54573690,image,https://mooreburkina.com/modules/custom/wildfire_dbp/images/mrk/mrk_1218.webp,https://mooreburkina.com/fr/dioula/evangile-de-marc-en-dioula;https://mooreburkina.com/fr/films-clips/evangile-de-marc-prot;https://mooreburkina.com/fr/films-clips/evangile-selon-marc-cath;https://mooreburkina.com/fr/fulfulde/evangile-de-marc-fulfulde-massina;https://mooreburkina.com/fr/gulimancema/marc-en-gurmancema,img,
,religious,,skipped_type,.webp,,,moore,,Evangile de Marc (Prot.) | Mooré Burkina Faso,660cd1cc8a353605,image,https://mooreburkina.com/modules/custom/wildfire_dbp/images/mrk/mrk_1235.webp,https://mooreburkina.com/fr/dioula/evangile-de-marc-en-dioula;https://mooreburkina.com/fr/films-clips/evangile-de-marc-prot;https://mooreburkina.com/fr/films-clips/evangile-selon-marc-cath;https://mooreburkina.com/fr/gulimancema/marc-en-gurmancema,img,
,religious,,skipped_type,.webp,,,moore,,Evangile de Marc (Prot.) | Mooré Burkina Faso,5f803e05e8b019c6,image,https://mooreburkina.com/modules/custom/wildfire_dbp/images/mrk/mrk_1301.webp,https://mooreburkina.com/fr/dioula/evangile-de-marc-en-dioula;https://mooreburkina.com/fr/films-clips/evangile-de-marc-prot;https://mooreburkina.com/fr/films-clips/evangile-selon-marc-cath;https://mooreburkina.com/fr/fulfulde/evangile-de-marc-fulfulde-massina;https://mooreburkina.com/fr/gulimancema/marc-en-gurmancema,img,
,religious,,skipped_type,.webp,,,moore,,Evangile de Marc (Prot.) | Mooré Burkina Faso,e3f8f8b4d047dd38,image,https://mooreburkina.com/modules/custom/wildfire_dbp/images/mrk/mrk_1328.webp,https://mooreburkina.com/fr/dioula/evangile-de-marc-en-dioula;https://mooreburkina.com/fr/films-clips/evangile-de-marc-prot;https://mooreburkina.com/fr/films-clips/evangile-selon-marc-cath;https://mooreburkina.com/fr/gulimancema/marc-en-gurmancema,img,
,religious,,skipped_type,.webp,,,moore,,Evangile de Marc (Prot.) | Mooré Burkina Faso,ce79c6451050994c,image,https://mooreburkina.com/modules/custom/wildfire_dbp/images/mrk/mrk_1401.webp,https://mooreburkina.com/fr/dioula/evangile-de-marc-en-dioula;https://mooreburkina.com/fr/films-clips/evangile-de-marc-prot;https://mooreburkina.com/fr/films-clips/evangile-selon-marc-cath;https://mooreburkina.com/fr/fulfulde/evangile-de-marc-fulfulde-massina;https://mooreburkina.com/fr/gulimancema/marc-en-gurmancema,img,
,religious,,skipped_type,.webp,,,moore,,Evangile selon Marc (Cath.) | Mooré Burkina Faso,7d7e58c4cb12824e,image,https://mooreburkina.com/modules/custom/wildfire_dbp/images/mrk/mrk_1412.webp,https://mooreburkina.com/fr/dioula/evangile-de-marc-en-dioula;https://mooreburkina.com/fr/films-clips/evangile-selon-marc-cath;https://mooreburkina.com/fr/gulimancema/marc-en-gurmancema,img,
,religious,,skipped_type,.webp,,,moore,,Evangile de Marc (Prot.) | Mooré Burkina Faso,7f5a24e552cac7df,image,https://mooreburkina.com/modules/custom/wildfire_dbp/images/mrk/mrk_1432.webp,https://mooreburkina.com/fr/dioula/evangile-de-marc-en-dioula;https://mooreburkina.com/fr/films-clips/evangile-de-marc-prot;https://mooreburkina.com/fr/films-clips/evangile-selon-marc-cath;https://mooreburkina.com/fr/fulfulde/evangile-de-marc-fulfulde-massina;https://mooreburkina.com/fr/gulimancema/marc-en-gurmancema,img,
,religious,,skipped_type,.webp,,,moore,,Evangile de Marc (Prot.) | Mooré Burkina Faso,61afa76ff8b73428,image,https://mooreburkina.com/modules/custom/wildfire_dbp/images/mrk/mrk_1453.webp,https://mooreburkina.com/fr/dioula/evangile-de-marc-en-dioula;https://mooreburkina.com/fr/films-clips/evangile-de-marc-prot;https://mooreburkina.com/fr/films-clips/evangile-selon-marc-cath;https://mooreburkina.com/fr/fulfulde/evangile-de-marc-fulfulde-massina;https://mooreburkina.com/fr/gulimancema/marc-en-gurmancema,img,
,religious,,skipped_type,.webp,,,moore,,Evangile de Marc (Prot.) | Mooré Burkina Faso,262557646f2e7838,image,https://mooreburkina.com/modules/custom/wildfire_dbp/images/mrk/mrk_1501.webp,https://mooreburkina.com/fr/dioula/evangile-de-marc-en-dioula;https://mooreburkina.com/fr/films-clips/evangile-de-marc-prot;https://mooreburkina.com/fr/films-clips/evangile-selon-marc-cath;https://mooreburkina.com/fr/fulfulde/evangile-de-marc-fulfulde-massina;https://mooreburkina.com/fr/gulimancema/marc-en-gurmancema,img,
,religious,,skipped_type,.webp,,,moore,,Evangile de Marc (Prot.) | Mooré Burkina Faso,439b07c8e64d829e,image,https://mooreburkina.com/modules/custom/wildfire_dbp/images/mrk/mrk_1521.webp,https://mooreburkina.com/fr/dioula/evangile-de-marc-en-dioula;https://mooreburkina.com/fr/films-clips/evangile-de-marc-prot;https://mooreburkina.com/fr/films-clips/evangile-selon-marc-cath;https://mooreburkina.com/fr/fulfulde/evangile-de-marc-fulfulde-massina;https://mooreburkina.com/fr/gulimancema/marc-en-gurmancema,img,
,religious,,skipped_type,.webp,,,moore,,Evangile de Marc (Prot.) | Mooré Burkina Faso,0b3615bf3e4af0f5,image,https://mooreburkina.com/modules/custom/wildfire_dbp/images/mrk/mrk_1601.webp,https://mooreburkina.com/fr/dioula/evangile-de-marc-en-dioula;https://mooreburkina.com/fr/films-clips/evangile-de-marc-prot;https://mooreburkina.com/fr/films-clips/evangile-selon-marc-cath;https://mooreburkina.com/fr/fulfulde/evangile-de-marc-fulfulde-massina;https://mooreburkina.com/fr/gulimancema/marc-en-gurmancema,img,
,religious,,skipped_type,.webp,,,moore,,Evangile de Marc (Prot.) | Mooré Burkina Faso,b84bb4cedea7c16e,image,https://mooreburkina.com/modules/custom/wildfire_dbp/images/mrk/mrk_credits.webp,https://mooreburkina.com/fr/dioula/evangile-de-marc-en-dioula;https://mooreburkina.com/fr/films-clips/evangile-de-marc-prot;https://mooreburkina.com/fr/films-clips/evangile-selon-marc-cath;https://mooreburkina.com/fr/fulfulde/evangile-de-marc-fulfulde-massina;https://mooreburkina.com/fr/gulimancema/marc-en-gurmancema,img,
PWA Instruction,other,,skipped_type,.gif,,,moore,,Instructions d'installation de Progressive Web App | Mooré Burkina Faso,c55f5e4511eefcf0,image,https://mooreburkina.com/modules/custom/wildfire_pwa/pwa.gif,https://mooreburkina.com/fr/pwa/instructions,img,
"naafo / boeuf (bovin, vache) / cow (bovine, ox)",image_culture,,skipped_type,.webp,,,moore,,Animaux | Mooré Burkina Faso,46846b4c4e78dc3f,image,https://mooreburkina.com/sites/www.mooreburkina.com/files/styles/gallery/public/gallery-images/Boeuf.jpg.webp?itok=0k-h_-6O,https://mooreburkina.com/fr/images/animaux,img,
yemde / hippopotame / hippopotamus,image_culture,,skipped_type,.webp,,,moore,,Animaux | Mooré Burkina Faso,a4a08cc46280f7ed,image,https://mooreburkina.com/sites/www.mooreburkina.com/files/styles/gallery/public/gallery-images/Hippo.JPG.webp?itok=qAgyAvNN,https://mooreburkina.com/fr/images/animaux,img,
walpeoolgo (wilpeoolgo) / hippotrague (antilope chevaline) / roan antelope,image_culture,,skipped_type,.webp,,,moore,,Animaux | Mooré Burkina Faso,5afa6feb5c39ee02,image,https://mooreburkina.com/sites/www.mooreburkina.com/files/styles/gallery/public/gallery-images/Hippotrague.jpg.webp?itok=o2DJrTgH,https://mooreburkina.com/fr/images/animaux,img,
tãnturi / oryctérope (fourmilier) / aardvark,image_culture,,skipped_type,.webp,,,moore,,Animaux | Mooré Burkina Faso,23332cea24fdd937,image,https://mooreburkina.com/sites/www.mooreburkina.com/files/styles/gallery/public/gallery-images/Oryct%C3%A9rope.jpg.webp?itok=vGLHUw7Y,https://mooreburkina.com/fr/images/animaux,img,
wag-kẽoonfo (wag-kẽema) / python des rochers / Rock Python,image_culture,,skipped_type,.webp,,,moore,,Animaux | Mooré Burkina Faso,e15ceac7888cef29,image,https://mooreburkina.com/sites/www.mooreburkina.com/files/styles/gallery/public/gallery-images/Phyton.jpg.webp?itok=U0YHWdf_,https://mooreburkina.com/fr/images/animaux,img,
rayʋʋga / rat voleur (rat de Gambie) / gian Gambian rat,image_culture,,skipped_type,.webp,,,moore,,Animaux | Mooré Burkina Faso,dbc595b15bcfbae1,image,https://mooreburkina.com/sites/www.mooreburkina.com/files/styles/gallery/public/gallery-images/Rat.jpg.webp?itok=kooeyHZL,https://mooreburkina.com/fr/images/animaux,img,
pā-nand-tugri / aigle bateleur / Bateleur eagle,image_culture,,skipped_type,.webp,,,moore,,Animaux | Mooré Burkina Faso,1bf085e821147433,image,https://mooreburkina.com/sites/www.mooreburkina.com/files/styles/gallery/public/gallery-images/aigle%20bateleur.jpg.webp?itok=6YhUk2mM,https://mooreburkina.com/fr/images/animaux,img,
bõanga / âne / donkey,image_culture,,skipped_type,.webp,,,moore,,Animaux | Mooré Burkina Faso,7a0c5bdd595435c0,image,https://mooreburkina.com/sites/www.mooreburkina.com/files/styles/gallery/public/gallery-images/ane.jpg.webp?itok=zXIHSash,https://mooreburkina.com/fr/images/animaux,img,
wãm-kãdga (kãdaga) / babouin / baboon,image_culture,,skipped_type,.webp,,,moore,,Animaux | Mooré Burkina Faso,e38ddc82a93263e1,image,https://mooreburkina.com/sites/www.mooreburkina.com/files/styles/gallery/public/gallery-images/babouin.jpg.webp?itok=BTNgivQG,https://mooreburkina.com/fr/images/animaux,img,
weefo / cheval / horse,image_culture,,skipped_type,.webp,,,moore,,Animaux | Mooré Burkina Faso,3d5320904d6be5bf,image,https://mooreburkina.com/sites/www.mooreburkina.com/files/styles/gallery/public/gallery-images/cheval%202.jpg.webp?itok=b0zD1bTx,https://mooreburkina.com/fr/images/animaux,img,
baaga / chien / dog,image_culture,,skipped_type,.webp,,,moore,,Animaux | Mooré Burkina Faso,e9b88f85654eb3c9,image,https://mooreburkina.com/sites/www.mooreburkina.com/files/styles/gallery/public/gallery-images/chien.jpg.webp?itok=iz7Ggo1B,https://mooreburkina.com/fr/images/animaux,img,
monfo / cobe de Buffon / Buffon's Kob,image_culture,,skipped_type,.webp,,,moore,,Animaux | Mooré Burkina Faso,8250a09a7199d1db,image,https://mooreburkina.com/sites/www.mooreburkina.com/files/styles/gallery/public/gallery-images/cobe%20de%20buffon.jpg.webp?itok=0h8TwaTt,https://mooreburkina.com/fr/images/animaux,img,
yẽbga / crocodile (caïman) / crocodile,image_culture,,skipped_type,.webp,,,moore,,Animaux | Mooré Burkina Faso,34b10dc086287eff,image,https://mooreburkina.com/sites/www.mooreburkina.com/files/styles/gallery/public/gallery-images/crocodile.jpg.webp?itok=8Ny7_T8g,https://mooreburkina.com/fr/images/animaux,img,
kɩɩga / écureuil fouisseur (rat palmiste) / stripped ground squirrel,image_culture,,skipped_type,.webp,,,moore,,Animaux | Mooré Burkina Faso,70dcc08cd8c97c30,image,https://mooreburkina.com/sites/www.mooreburkina.com/files/styles/gallery/public/gallery-images/ecureuil.jpg.webp?itok=ITV2P-rk,https://mooreburkina.com/fr/images/animaux,img,
wobgo / eléphant / elephant,image_culture,,skipped_type,.webp,,,moore,,Animaux | Mooré Burkina Faso,742496f6aa06e583,image,https://mooreburkina.com/sites/www.mooreburkina.com/files/styles/gallery/public/gallery-images/elephant.jpg.webp?itok=0_xPWkoX,https://mooreburkina.com/fr/images/animaux,img,
raongo / héron cendré / grey heron,image_culture,,skipped_type,.webp,,,moore,,Animaux | Mooré Burkina Faso,5721bda4101f12bb,image,https://mooreburkina.com/sites/www.mooreburkina.com/files/styles/gallery/public/gallery-images/heron%20cendre%20grey%20heron.jpg.webp?itok=lGhtkGXu,https://mooreburkina.com/fr/images/animaux,img,
katre / hyène / hyena,image_culture,,skipped_type,.webp,,,moore,,Animaux | Mooré Burkina Faso,147e21b603690a17,image,https://mooreburkina.com/sites/www.mooreburkina.com/files/styles/gallery/public/gallery-images/hyene.jpg.webp?itok=ffooKr4b,https://mooreburkina.com/fr/images/animaux,img,
soaamba / lièvre (lapin) / rabbit (hare),image_culture,,skipped_type,.webp,,,moore,,Animaux | Mooré Burkina Faso,ad57f90ce01c432c,image,https://mooreburkina.com/sites/www.mooreburkina.com/files/styles/gallery/public/gallery-images/lievre1.jpg.webp?itok=v9SnEJ0u,https://mooreburkina.com/fr/images/animaux,img,
gɩgemde (bõnyẽega) / lion / lion,image_culture,,skipped_type,.webp,,,moore,,Animaux | Mooré Burkina Faso,3514e5d7b8aa6f94,image,https://mooreburkina.com/sites/www.mooreburkina.com/files/styles/gallery/public/gallery-images/lion.jpg.webp?itok=OIl_IZIO,https://mooreburkina.com/fr/images/animaux,img,
wʋʋga / varan du NIl / Nile monitor,image_culture,,skipped_type,.webp,,,moore,,Animaux | Mooré Burkina Faso,237b159c28d2942a,image,https://mooreburkina.com/sites/www.mooreburkina.com/files/styles/gallery/public/gallery-images/oisvarn%20du%20nil.JPG.webp?itok=q2UTowFK,https://mooreburkina.com/fr/images/animaux,img,
,image_culture,,skipped_type,.webp,,,moore,,Impression de Ouagadougou | Mooré Burkina Faso,8e5f8cf5f9331a2b,image,https://mooreburkina.com/sites/www.mooreburkina.com/files/styles/gallery/public/gallery-images/ouaga01.jpg.webp?itok=2r3dy7zq,https://mooreburkina.com/fr/images/impression-de-ouagadougou,img,
,image_culture,,skipped_type,.webp,,,moore,,Impression de Ouagadougou | Mooré Burkina Faso,7503d3a2186c2f40,image,https://mooreburkina.com/sites/www.mooreburkina.com/files/styles/gallery/public/gallery-images/ouaga02.jpg.webp?itok=-sRnhZnW,https://mooreburkina.com/fr/images/impression-de-ouagadougou,img,
,image_culture,,skipped_type,.webp,,,moore,,Impression de Ouagadougou | Mooré Burkina Faso,10b14d10b73e3876,image,https://mooreburkina.com/sites/www.mooreburkina.com/files/styles/gallery/public/gallery-images/ouaga03.JPG.webp?itok=Bgguqnb0,https://mooreburkina.com/fr/images/impression-de-ouagadougou,img,
,image_culture,,skipped_type,.webp,,,moore,,Impression de Ouagadougou | Mooré Burkina Faso,6eccdff59173d75a,image,https://mooreburkina.com/sites/www.mooreburkina.com/files/styles/gallery/public/gallery-images/ouaga04.JPG.webp?itok=vi4-8B2-,https://mooreburkina.com/fr/images/impression-de-ouagadougou,img,
,image_culture,,skipped_type,.webp,,,moore,,Impression de Ouagadougou | Mooré Burkina Faso,1899c0386b7f885b,image,https://mooreburkina.com/sites/www.mooreburkina.com/files/styles/gallery/public/gallery-images/ouaga05.jpg.webp?itok=P9X606fM,https://mooreburkina.com/fr/images/impression-de-ouagadougou,img,
,image_culture,,skipped_type,.webp,,,moore,,Impression de Ouagadougou | Mooré Burkina Faso,4f7e494cca92960e,image,https://mooreburkina.com/sites/www.mooreburkina.com/files/styles/gallery/public/gallery-images/ouaga07.jpg.webp?itok=PhUpRsuA,https://mooreburkina.com/fr/images/impression-de-ouagadougou,img,
,image_culture,,skipped_type,.webp,,,moore,,Impression de Ouagadougou | Mooré Burkina Faso,f8ff6c351939d01d,image,https://mooreburkina.com/sites/www.mooreburkina.com/files/styles/gallery/public/gallery-images/ouaga08.JPG.webp?itok=SxAj5lSW,https://mooreburkina.com/fr/images/impression-de-ouagadougou,img,
,image_culture,,skipped_type,.webp,,,moore,,Impression de Ouagadougou | Mooré Burkina Faso,e4acab0a75dbf021,image,https://mooreburkina.com/sites/www.mooreburkina.com/files/styles/gallery/public/gallery-images/ouaga09.jpg.webp?itok=GFJ-t8TG,https://mooreburkina.com/fr/images/impression-de-ouagadougou,img,
,image_culture,,skipped_type,.webp,,,moore,,Impression de Ouagadougou | Mooré Burkina Faso,ca40fdc4f60e87a8,image,https://mooreburkina.com/sites/www.mooreburkina.com/files/styles/gallery/public/gallery-images/ouaga10.jpg.webp?itok=h2ByFH7h,https://mooreburkina.com/fr/images/impression-de-ouagadougou,img,
,image_culture,,skipped_type,.webp,,,moore,,Impression de Ouagadougou | Mooré Burkina Faso,e20570a7ca6e9b1c,image,https://mooreburkina.com/sites/www.mooreburkina.com/files/styles/gallery/public/gallery-images/ouaga13.jpg.webp?itok=0OWNKwcz,https://mooreburkina.com/fr/images/impression-de-ouagadougou,img,
,image_culture,,skipped_type,.webp,,,moore,,Impression de Ouagadougou | Mooré Burkina Faso,f9736f6fef3dd46c,image,https://mooreburkina.com/sites/www.mooreburkina.com/files/styles/gallery/public/gallery-images/ouaga15.jpg.webp?itok=-3HExM98,https://mooreburkina.com/fr/images/impression-de-ouagadougou,img,
,image_culture,,skipped_type,.webp,,,moore,,Impression de Ouagadougou | Mooré Burkina Faso,0be7c07fd4abac24,image,https://mooreburkina.com/sites/www.mooreburkina.com/files/styles/gallery/public/gallery-images/ouaga16.jpg.webp?itok=CocwTKdu,https://mooreburkina.com/fr/images/impression-de-ouagadougou,img,
,image_culture,,skipped_type,.webp,,,moore,,Impression de Ouagadougou | Mooré Burkina Faso,fe8c9bfce9d3d106,image,https://mooreburkina.com/sites/www.mooreburkina.com/files/styles/gallery/public/gallery-images/ouaga17.jpg.webp?itok=KCUNud52,https://mooreburkina.com/fr/images/impression-de-ouagadougou,img,
,image_culture,,skipped_type,.webp,,,moore,,Impression de Ouagadougou | Mooré Burkina Faso,71ad6aa5fd6ff0c5,image,https://mooreburkina.com/sites/www.mooreburkina.com/files/styles/gallery/public/gallery-images/ouaga18.jpg.webp?itok=LHYbtWk5,https://mooreburkina.com/fr/images/impression-de-ouagadougou,img,
,image_culture,,skipped_type,.webp,,,moore,,Impression de Ouagadougou | Mooré Burkina Faso,af55cc9cca6715a8,image,https://mooreburkina.com/sites/www.mooreburkina.com/files/styles/gallery/public/gallery-images/ouaga19.jpg.webp?itok=poXMIoTX,https://mooreburkina.com/fr/images/impression-de-ouagadougou,img,
,image_culture,,skipped_type,.webp,,,moore,,Impression de Ouagadougou | Mooré Burkina Faso,da1fb6ed6abb57ba,image,https://mooreburkina.com/sites/www.mooreburkina.com/files/styles/gallery/public/gallery-images/ouaga20.jpg.webp?itok=P7xr3f8z,https://mooreburkina.com/fr/images/impression-de-ouagadougou,img,
,image_culture,,skipped_type,.webp,,,moore,,Impression de Ouagadougou | Mooré Burkina Faso,34dd5b8f3203c0c9,image,https://mooreburkina.com/sites/www.mooreburkina.com/files/styles/gallery/public/gallery-images/ouaga21.jpg.webp?itok=9GPOm_T8,https://mooreburkina.com/fr/images/impression-de-ouagadougou,img,
,image_culture,,skipped_type,.webp,,,moore,,Impression de Ouagadougou | Mooré Burkina Faso,b2b0469d166cf1dd,image,https://mooreburkina.com/sites/www.mooreburkina.com/files/styles/gallery/public/gallery-images/ouaga22.png.webp?itok=R4R4r5Tt,https://mooreburkina.com/fr/images/impression-de-ouagadougou,img,
,image_culture,,skipped_type,.webp,,,moore,,Impression de Ouagadougou | Mooré Burkina Faso,e745d88811ce062d,image,https://mooreburkina.com/sites/www.mooreburkina.com/files/styles/gallery/public/gallery-images/ouaga23.jpg.webp?itok=vF2ekTJP,https://mooreburkina.com/fr/images/impression-de-ouagadougou,img,
,image_culture,,skipped_type,.webp,,,moore,,Impression de Ouagadougou | Mooré Burkina Faso,d8241680c3f6390b,image,https://mooreburkina.com/sites/www.mooreburkina.com/files/styles/gallery/public/gallery-images/ouaga24.jpg.webp?itok=XuremylV,https://mooreburkina.com/fr/images/impression-de-ouagadougou,img,
,image_culture,,skipped_type,.webp,,,moore,,Impression de Ouagadougou | Mooré Burkina Faso,9b93f1076be94519,image,https://mooreburkina.com/sites/www.mooreburkina.com/files/styles/gallery/public/gallery-images/ouagao06.jpg.webp?itok=9wbAcIpl,https://mooreburkina.com/fr/images/impression-de-ouagadougou,img,
pilimpiuku (pilimpi) / papillon / butterfly,image_culture,,skipped_type,.webp,,,moore,,Animaux | Mooré Burkina Faso,50e674443fa80f33,image,https://mooreburkina.com/sites/www.mooreburkina.com/files/styles/gallery/public/gallery-images/papillon.jpg.webp?itok=-3Ze54r9,https://mooreburkina.com/fr/images/animaux,img,
,image_culture,,skipped_type,.webp,,,moore,,Tissus | Mooré Burkina Faso,ef02c1fc8dd95c6f,image,https://mooreburkina.com/sites/www.mooreburkina.com/files/styles/gallery/public/gallery-images/tisser01.jpg.webp?itok=Ac7avILx,https://mooreburkina.com/fr/images/tissus,img,
,image_culture,,skipped_type,.webp,,,moore,,Tissus | Mooré Burkina Faso,4fcc5a75190f0005,image,https://mooreburkina.com/sites/www.mooreburkina.com/files/styles/gallery/public/gallery-images/tisser02.jpg.webp?itok=1MZrsEpQ,https://mooreburkina.com/fr/images/tissus,img,
,image_culture,,skipped_type,.webp,,,moore,,Tissus | Mooré Burkina Faso,4102c40912badd68,image,https://mooreburkina.com/sites/www.mooreburkina.com/files/styles/gallery/public/gallery-images/tissu01.jpg.webp?itok=TOYyiGXW,https://mooreburkina.com/fr/images/tissus,img,
,image_culture,,skipped_type,.webp,,,moore,,Tissus | Mooré Burkina Faso,879dbf1533dd2a97,image,https://mooreburkina.com/sites/www.mooreburkina.com/files/styles/gallery/public/gallery-images/tissu02.jpg.webp?itok=bJh8pCOu,https://mooreburkina.com/fr/images/tissus,img,
,image_culture,,skipped_type,.webp,,,moore,,Tissus | Mooré Burkina Faso,5804fecb16cb50e3,image,https://mooreburkina.com/sites/www.mooreburkina.com/files/styles/gallery/public/gallery-images/tissu04.jpeg.webp?itok=AgVMjI17,https://mooreburkina.com/fr/images/tissus,img,
,image_culture,,skipped_type,.webp,,,moore,,Tissus | Mooré Burkina Faso,7e5989759ee70dfc,image,https://mooreburkina.com/sites/www.mooreburkina.com/files/styles/gallery/public/gallery-images/tissu05.jpg.webp?itok=iLhLHy92,https://mooreburkina.com/fr/images/tissus,img,
,image_culture,,skipped_type,.webp,,,moore,,Tissus | Mooré Burkina Faso,6115cd4fee443642,image,https://mooreburkina.com/sites/www.mooreburkina.com/files/styles/gallery/public/gallery-images/tissu06.jpg.webp?itok=W8N_SAzi,https://mooreburkina.com/fr/images/tissus,img,
,image_culture,,skipped_type,.webp,,,moore,,Tissus | Mooré Burkina Faso,72d6df2236e184e9,image,https://mooreburkina.com/sites/www.mooreburkina.com/files/styles/gallery/public/gallery-images/tissu07.jpg.webp?itok=ni4pfbWm,https://mooreburkina.com/fr/images/tissus,img,
,image_culture,,skipped_type,.webp,,,moore,,Tissus | Mooré Burkina Faso,e7e14e1b2556cbe8,image,https://mooreburkina.com/sites/www.mooreburkina.com/files/styles/gallery/public/gallery-images/tissu08.jpg.webp?itok=z14Z-Mn8,https://mooreburkina.com/fr/images/tissus,img,
,image_culture,,skipped_type,.webp,,,moore,,Tissus | Mooré Burkina Faso,307de1f0edb4d991,image,https://mooreburkina.com/sites/www.mooreburkina.com/files/styles/gallery/public/gallery-images/tissu09.jpg.webp?itok=0yes6MCI,https://mooreburkina.com/fr/images/tissus,img,
,image_culture,,skipped_type,.webp,,,moore,,Tissus | Mooré Burkina Faso,4e6f5cfdd283ad08,image,https://mooreburkina.com/sites/www.mooreburkina.com/files/styles/gallery/public/gallery-images/tissu10.jpg.webp?itok=ZoPTgFGq,https://mooreburkina.com/fr/images/tissus,img,
,image_culture,,skipped_type,.webp,,,moore,,Tissus | Mooré Burkina Faso,b073c6c339e0f613,image,https://mooreburkina.com/sites/www.mooreburkina.com/files/styles/gallery/public/gallery-images/tissu11.jpg.webp?itok=QlnTXZBR,https://mooreburkina.com/fr/images/tissus,img,
,image_culture,,skipped_type,.webp,,,moore,,Tissus | Mooré Burkina Faso,c85dc8be89722996,image,https://mooreburkina.com/sites/www.mooreburkina.com/files/styles/gallery/public/gallery-images/tissu12.jpg.webp?itok=Ns0N2Kou,https://mooreburkina.com/fr/images/tissus,img,
,image_culture,,skipped_type,.webp,,,moore,,Tissus | Mooré Burkina Faso,2aa101adc3dbecb3,image,https://mooreburkina.com/sites/www.mooreburkina.com/files/styles/gallery/public/gallery-images/tissu13.jpg.webp?itok=tAlcmMS_,https://mooreburkina.com/fr/images/tissus,img,
,image_culture,,skipped_type,.webp,,,moore,,Tissus | Mooré Burkina Faso,c8d2fe26a6c6a95b,image,https://mooreburkina.com/sites/www.mooreburkina.com/files/styles/gallery/public/gallery-images/tissu14.jpg.webp?itok=226lC4qn,https://mooreburkina.com/fr/images/tissus,img,
,image_culture,,skipped_type,.webp,,,moore,,Tissus | Mooré Burkina Faso,7c31351a7e1d055d,image,https://mooreburkina.com/sites/www.mooreburkina.com/files/styles/gallery/public/gallery-images/tissu15.jpg.webp?itok=VKxaHj8g,https://mooreburkina.com/fr/images/tissus,img,
kuri / tortue terrestre / turtle (tortoise),image_culture,,skipped_type,.webp,,,moore,,Animaux | Mooré Burkina Faso,3e587e9b92d41ff4,image,https://mooreburkina.com/sites/www.mooreburkina.com/files/styles/gallery/public/gallery-images/tortue.jpg.webp?itok=KEhvOnw8,https://mooreburkina.com/fr/images/animaux,img,
,image_culture,,skipped_type,.webp,,,moore,,Tissus | Mooré Burkina Faso,84d783ef8db98331,image,https://mooreburkina.com/sites/www.mooreburkina.com/files/styles/gallery/public/gallery-images/vetement01.jpg.webp?itok=kC4G6URp,https://mooreburkina.com/fr/images/tissus,img,
,image_culture,,skipped_type,.webp,,,moore,,Tissus | Mooré Burkina Faso,61b06235d90ac0c3,image,https://mooreburkina.com/sites/www.mooreburkina.com/files/styles/gallery/public/gallery-images/vetement02.jpg.webp?itok=y59n4mKY,https://mooreburkina.com/fr/images/tissus,img,
,image_culture,,skipped_type,.webp,,,moore,,Tissus | Mooré Burkina Faso,e6422f2dcf8c9ae0,image,https://mooreburkina.com/sites/www.mooreburkina.com/files/styles/gallery/public/gallery-images/vetement03.jpg.webp?itok=PxlgH5FF,https://mooreburkina.com/fr/images/tissus,img,
,image_culture,,skipped_type,.webp,,,moore,,Tissus | Mooré Burkina Faso,7c0a3660c8b63996,image,https://mooreburkina.com/sites/www.mooreburkina.com/files/styles/gallery/public/gallery-images/vetement04.jpg.webp?itok=CmS27_M7,https://mooreburkina.com/fr/images/tissus,img,
,image_culture,,skipped_type,.webp,,,moore,,Tissus | Mooré Burkina Faso,d59bf83771be7ca3,image,https://mooreburkina.com/sites/www.mooreburkina.com/files/styles/gallery/public/gallery-images/vetement05.jpg.webp?itok=4m1ZwwRk,https://mooreburkina.com/fr/images/tissus,img,
,image_culture,,skipped_type,.webp,,,moore,,Animaux | Mooré Burkina Faso,fa6ae655e1f8302c,image,https://mooreburkina.com/sites/www.mooreburkina.com/files/styles/max_2600x2600/public/gallery-images/Boeuf.jpg.webp?itok=bTR9FNW8,https://mooreburkina.com/fr/images/animaux,a,
,image_culture,,skipped_type,.webp,,,moore,,Animaux | Mooré Burkina Faso,e2193321d3ec8254,image,https://mooreburkina.com/sites/www.mooreburkina.com/files/styles/max_2600x2600/public/gallery-images/Hippo.JPG.webp?itok=QW03swtk,https://mooreburkina.com/fr/images/animaux,a,
,image_culture,,skipped_type,.webp,,,moore,,Animaux | Mooré Burkina Faso,e72872d83bebe357,image,https://mooreburkina.com/sites/www.mooreburkina.com/files/styles/max_2600x2600/public/gallery-images/Hippotrague.jpg.webp?itok=FjoelFmN,https://mooreburkina.com/fr/images/animaux,a,
,image_culture,,skipped_type,.webp,,,moore,,Animaux | Mooré Burkina Faso,638aebb56483a45d,image,https://mooreburkina.com/sites/www.mooreburkina.com/files/styles/max_2600x2600/public/gallery-images/Oryct%C3%A9rope.jpg.webp?itok=IWP7Tdkp,https://mooreburkina.com/fr/images/animaux,a,
,image_culture,,skipped_type,.webp,,,moore,,Animaux | Mooré Burkina Faso,89cb4687c0cca52c,image,https://mooreburkina.com/sites/www.mooreburkina.com/files/styles/max_2600x2600/public/gallery-images/Phyton.jpg.webp?itok=xzNyLSiE,https://mooreburkina.com/fr/images/animaux,a,
,image_culture,,skipped_type,.webp,,,moore,,Animaux | Mooré Burkina Faso,05a261cae890e7bd,image,https://mooreburkina.com/sites/www.mooreburkina.com/files/styles/max_2600x2600/public/gallery-images/Rat.jpg.webp?itok=rOHDnhrl,https://mooreburkina.com/fr/images/animaux,a,
,image_culture,,skipped_type,.webp,,,moore,,Animaux | Mooré Burkina Faso,c3240bd4fa840174,image,https://mooreburkina.com/sites/www.mooreburkina.com/files/styles/max_2600x2600/public/gallery-images/aigle%20bateleur.jpg.webp?itok=piPL9Y6q,https://mooreburkina.com/fr/images/animaux,a,
,image_culture,,skipped_type,.webp,,,moore,,Animaux | Mooré Burkina Faso,217b4dc00644f92b,image,https://mooreburkina.com/sites/www.mooreburkina.com/files/styles/max_2600x2600/public/gallery-images/ane.jpg.webp?itok=fkOV2UtK,https://mooreburkina.com/fr/images/animaux,a,
,image_culture,,skipped_type,.webp,,,moore,,Animaux | Mooré Burkina Faso,e642b7acb58699c3,image,https://mooreburkina.com/sites/www.mooreburkina.com/files/styles/max_2600x2600/public/gallery-images/babouin.jpg.webp?itok=DBI8kbd8,https://mooreburkina.com/fr/images/animaux,a,
,image_culture,,skipped_type,.webp,,,moore,,Animaux | Mooré Burkina Faso,f64e28238a459296,image,https://mooreburkina.com/sites/www.mooreburkina.com/files/styles/max_2600x2600/public/gallery-images/cheval%202.jpg.webp?itok=7XqI9wp3,https://mooreburkina.com/fr/images/animaux,a,
,image_culture,,skipped_type,.webp,,,moore,,Animaux | Mooré Burkina Faso,eabb80452e379f79,image,https://mooreburkina.com/sites/www.mooreburkina.com/files/styles/max_2600x2600/public/gallery-images/chien.jpg.webp?itok=HHmelJxm,https://mooreburkina.com/fr/images/animaux,a,
,image_culture,,skipped_type,.webp,,,moore,,Animaux | Mooré Burkina Faso,e0a58ee46cd93762,image,https://mooreburkina.com/sites/www.mooreburkina.com/files/styles/max_2600x2600/public/gallery-images/cobe%20de%20buffon.jpg.webp?itok=kWBOo-U6,https://mooreburkina.com/fr/images/animaux,a,
,image_culture,,skipped_type,.webp,,,moore,,Animaux | Mooré Burkina Faso,a55a9cdf3269cc1e,image,https://mooreburkina.com/sites/www.mooreburkina.com/files/styles/max_2600x2600/public/gallery-images/crocodile.jpg.webp?itok=gltJeKLk,https://mooreburkina.com/fr/images/animaux,a,
,image_culture,,skipped_type,.webp,,,moore,,Animaux | Mooré Burkina Faso,332962cd4c734af3,image,https://mooreburkina.com/sites/www.mooreburkina.com/files/styles/max_2600x2600/public/gallery-images/ecureuil.jpg.webp?itok=5CNAC4HJ,https://mooreburkina.com/fr/images/animaux,a,
,image_culture,,skipped_type,.webp,,,moore,,Animaux | Mooré Burkina Faso,f6279145b150f0f3,image,https://mooreburkina.com/sites/www.mooreburkina.com/files/styles/max_2600x2600/public/gallery-images/elephant.jpg.webp?itok=EiIFC2Id,https://mooreburkina.com/fr/images/animaux,a,
,image_culture,,skipped_type,.webp,,,moore,,Animaux | Mooré Burkina Faso,8a65903014a6243d,image,https://mooreburkina.com/sites/www.mooreburkina.com/files/styles/max_2600x2600/public/gallery-images/heron%20cendre%20grey%20heron.jpg.webp?itok=FLteT5QX,https://mooreburkina.com/fr/images/animaux,a,
,image_culture,,skipped_type,.webp,,,moore,,Animaux | Mooré Burkina Faso,fdd8ae82e58dc9ff,image,https://mooreburkina.com/sites/www.mooreburkina.com/files/styles/max_2600x2600/public/gallery-images/hyene.jpg.webp?itok=ou0DdlL5,https://mooreburkina.com/fr/images/animaux,a,
,image_culture,,skipped_type,.webp,,,moore,,Animaux | Mooré Burkina Faso,45a70ce13ae149ce,image,https://mooreburkina.com/sites/www.mooreburkina.com/files/styles/max_2600x2600/public/gallery-images/lievre1.jpg.webp?itok=W5O0l5iY,https://mooreburkina.com/fr/images/animaux,a,
,image_culture,,skipped_type,.webp,,,moore,,Animaux | Mooré Burkina Faso,a900b1cf4d009b68,image,https://mooreburkina.com/sites/www.mooreburkina.com/files/styles/max_2600x2600/public/gallery-images/lion.jpg.webp?itok=s__m0xY9,https://mooreburkina.com/fr/images/animaux,a,
,image_culture,,skipped_type,.webp,,,moore,,Animaux | Mooré Burkina Faso,afdfd1667b4c2a80,image,https://mooreburkina.com/sites/www.mooreburkina.com/files/styles/max_2600x2600/public/gallery-images/oisvarn%20du%20nil.JPG.webp?itok=IQ544dLz,https://mooreburkina.com/fr/images/animaux,a,
,image_culture,,skipped_type,.webp,,,moore,,Impression de Ouagadougou | Mooré Burkina Faso,d3b67f7e40a1b9f3,image,https://mooreburkina.com/sites/www.mooreburkina.com/files/styles/max_2600x2600/public/gallery-images/ouaga01.jpg.webp?itok=997Vd2p5,https://mooreburkina.com/fr/images/impression-de-ouagadougou,a,
,image_culture,,skipped_type,.webp,,,moore,,Impression de Ouagadougou | Mooré Burkina Faso,b8bc96a0dab7636d,image,https://mooreburkina.com/sites/www.mooreburkina.com/files/styles/max_2600x2600/public/gallery-images/ouaga02.jpg.webp?itok=5vVHIyST,https://mooreburkina.com/fr/images/impression-de-ouagadougou,a,
,image_culture,,skipped_type,.webp,,,moore,,Impression de Ouagadougou | Mooré Burkina Faso,48dae4b4312196c2,image,https://mooreburkina.com/sites/www.mooreburkina.com/files/styles/max_2600x2600/public/gallery-images/ouaga03.JPG.webp?itok=y1daLIRR,https://mooreburkina.com/fr/images/impression-de-ouagadougou,a,
,image_culture,,skipped_type,.webp,,,moore,,Impression de Ouagadougou | Mooré Burkina Faso,d741f204416582ab,image,https://mooreburkina.com/sites/www.mooreburkina.com/files/styles/max_2600x2600/public/gallery-images/ouaga04.JPG.webp?itok=yEQQIuo2,https://mooreburkina.com/fr/images/impression-de-ouagadougou,a,
,image_culture,,skipped_type,.webp,,,moore,,Impression de Ouagadougou | Mooré Burkina Faso,06a4ea4b79f94a54,image,https://mooreburkina.com/sites/www.mooreburkina.com/files/styles/max_2600x2600/public/gallery-images/ouaga05.jpg.webp?itok=2SuS8R7j,https://mooreburkina.com/fr/images/impression-de-ouagadougou,a,
,image_culture,,skipped_type,.webp,,,moore,,Impression de Ouagadougou | Mooré Burkina Faso,e934dce54b8bb562,image,https://mooreburkina.com/sites/www.mooreburkina.com/files/styles/max_2600x2600/public/gallery-images/ouaga07.jpg.webp?itok=nWZCDTq1,https://mooreburkina.com/fr/images/impression-de-ouagadougou,a,
,image_culture,,skipped_type,.webp,,,moore,,Impression de Ouagadougou | Mooré Burkina Faso,9bc15ad2dbd11d34,image,https://mooreburkina.com/sites/www.mooreburkina.com/files/styles/max_2600x2600/public/gallery-images/ouaga08.JPG.webp?itok=nucdQbAH,https://mooreburkina.com/fr/images/impression-de-ouagadougou,a,
,image_culture,,skipped_type,.webp,,,moore,,Impression de Ouagadougou | Mooré Burkina Faso,3261c70210d08cd7,image,https://mooreburkina.com/sites/www.mooreburkina.com/files/styles/max_2600x2600/public/gallery-images/ouaga09.jpg.webp?itok=P_ucoxV_,https://mooreburkina.com/fr/images/impression-de-ouagadougou,a,
,image_culture,,skipped_type,.webp,,,moore,,Impression de Ouagadougou | Mooré Burkina Faso,b3b5ee5ecf99c44d,image,https://mooreburkina.com/sites/www.mooreburkina.com/files/styles/max_2600x2600/public/gallery-images/ouaga10.jpg.webp?itok=KVAHSZqW,https://mooreburkina.com/fr/images/impression-de-ouagadougou,a,
,image_culture,,skipped_type,.webp,,,moore,,Impression de Ouagadougou | Mooré Burkina Faso,65ecddb60c6addff,image,https://mooreburkina.com/sites/www.mooreburkina.com/files/styles/max_2600x2600/public/gallery-images/ouaga13.jpg.webp?itok=8rLjNJRW,https://mooreburkina.com/fr/images/impression-de-ouagadougou,a,
,image_culture,,skipped_type,.webp,,,moore,,Impression de Ouagadougou | Mooré Burkina Faso,50e3dcd244e7e9c3,image,https://mooreburkina.com/sites/www.mooreburkina.com/files/styles/max_2600x2600/public/gallery-images/ouaga15.jpg.webp?itok=PDhFMn_V,https://mooreburkina.com/fr/images/impression-de-ouagadougou,a,
,image_culture,,skipped_type,.webp,,,moore,,Impression de Ouagadougou | Mooré Burkina Faso,66a303ea9ef4f9bb,image,https://mooreburkina.com/sites/www.mooreburkina.com/files/styles/max_2600x2600/public/gallery-images/ouaga16.jpg.webp?itok=1ESOX40y,https://mooreburkina.com/fr/images/impression-de-ouagadougou,a,
,image_culture,,skipped_type,.webp,,,moore,,Impression de Ouagadougou | Mooré Burkina Faso,2a8f43b793be22ca,image,https://mooreburkina.com/sites/www.mooreburkina.com/files/styles/max_2600x2600/public/gallery-images/ouaga17.jpg.webp?itok=zig3Votc,https://mooreburkina.com/fr/images/impression-de-ouagadougou,a,
,image_culture,,skipped_type,.webp,,,moore,,Impression de Ouagadougou | Mooré Burkina Faso,3a253949b16a3085,image,https://mooreburkina.com/sites/www.mooreburkina.com/files/styles/max_2600x2600/public/gallery-images/ouaga18.jpg.webp?itok=Dp7XJGeX,https://mooreburkina.com/fr/images/impression-de-ouagadougou,a,
,image_culture,,skipped_type,.webp,,,moore,,Impression de Ouagadougou | Mooré Burkina Faso,7486a3edd0d24aca,image,https://mooreburkina.com/sites/www.mooreburkina.com/files/styles/max_2600x2600/public/gallery-images/ouaga19.jpg.webp?itok=fXZgLVQP,https://mooreburkina.com/fr/images/impression-de-ouagadougou,a,
,image_culture,,skipped_type,.webp,,,moore,,Impression de Ouagadougou | Mooré Burkina Faso,9fb985541dd01014,image,https://mooreburkina.com/sites/www.mooreburkina.com/files/styles/max_2600x2600/public/gallery-images/ouaga20.jpg.webp?itok=kVrS_TLL,https://mooreburkina.com/fr/images/impression-de-ouagadougou,a,
,image_culture,,skipped_type,.webp,,,moore,,Impression de Ouagadougou | Mooré Burkina Faso,43fe8654e6569a9b,image,https://mooreburkina.com/sites/www.mooreburkina.com/files/styles/max_2600x2600/public/gallery-images/ouaga21.jpg.webp?itok=yHfmXhUk,https://mooreburkina.com/fr/images/impression-de-ouagadougou,a,
,image_culture,,skipped_type,.webp,,,moore,,Impression de Ouagadougou | Mooré Burkina Faso,f3ca419837f9afc3,image,https://mooreburkina.com/sites/www.mooreburkina.com/files/styles/max_2600x2600/public/gallery-images/ouaga22.png.webp?itok=Xht3h-i_,https://mooreburkina.com/fr/images/impression-de-ouagadougou,a,
,image_culture,,skipped_type,.webp,,,moore,,Impression de Ouagadougou | Mooré Burkina Faso,fed96031ff5e9a51,image,https://mooreburkina.com/sites/www.mooreburkina.com/files/styles/max_2600x2600/public/gallery-images/ouaga23.jpg.webp?itok=7ZIw75rf,https://mooreburkina.com/fr/images/impression-de-ouagadougou,a,
,image_culture,,skipped_type,.webp,,,moore,,Impression de Ouagadougou | Mooré Burkina Faso,3dbef765cbefacc6,image,https://mooreburkina.com/sites/www.mooreburkina.com/files/styles/max_2600x2600/public/gallery-images/ouaga24.jpg.webp?itok=8gfZYW4k,https://mooreburkina.com/fr/images/impression-de-ouagadougou,a,
,image_culture,,skipped_type,.webp,,,moore,,Impression de Ouagadougou | Mooré Burkina Faso,5bf15e488460a28d,image,https://mooreburkina.com/sites/www.mooreburkina.com/files/styles/max_2600x2600/public/gallery-images/ouagao06.jpg.webp?itok=Nw2chls5,https://mooreburkina.com/fr/images/impression-de-ouagadougou,a,
,image_culture,,skipped_type,.webp,,,moore,,Animaux | Mooré Burkina Faso,49c863a742dc9361,image,https://mooreburkina.com/sites/www.mooreburkina.com/files/styles/max_2600x2600/public/gallery-images/papillon.jpg.webp?itok=5ZlBt2Fi,https://mooreburkina.com/fr/images/animaux,a,
,image_culture,,skipped_type,.webp,,,moore,,Animaux | Mooré Burkina Faso,dedbcd6c8192d817,image,https://mooreburkina.com/sites/www.mooreburkina.com/files/styles/max_2600x2600/public/gallery-images/phacochere.jpg.webp?itok=Ol41OaGb,https://mooreburkina.com/fr/images/animaux,a,
,image_culture,,skipped_type,.webp,,,moore,,Tissus | Mooré Burkina Faso,67fe128c9bfbe1c3,image,https://mooreburkina.com/sites/www.mooreburkina.com/files/styles/max_2600x2600/public/gallery-images/tisser01.jpg.webp?itok=bH8N1MTh,https://mooreburkina.com/fr/images/tissus,a,
,image_culture,,skipped_type,.webp,,,moore,,Tissus | Mooré Burkina Faso,8cf82f7f2cb2d3fd,image,https://mooreburkina.com/sites/www.mooreburkina.com/files/styles/max_2600x2600/public/gallery-images/tisser02.jpg.webp?itok=u4M4Mb24,https://mooreburkina.com/fr/images/tissus,a,
,image_culture,,skipped_type,.webp,,,moore,,Tissus | Mooré Burkina Faso,dae6746ba6dbf078,image,https://mooreburkina.com/sites/www.mooreburkina.com/files/styles/max_2600x2600/public/gallery-images/tissu01.jpg.webp?itok=ZppQxwq0,https://mooreburkina.com/fr/images/tissus,a,
,image_culture,,skipped_type,.webp,,,moore,,Tissus | Mooré Burkina Faso,5e056f0496b06be5,image,https://mooreburkina.com/sites/www.mooreburkina.com/files/styles/max_2600x2600/public/gallery-images/tissu02.jpg.webp?itok=Dw3LAoHg,https://mooreburkina.com/fr/images/tissus,a,
,image_culture,,skipped_type,.webp,,,moore,,Tissus | Mooré Burkina Faso,39137e2a4a313e61,image,https://mooreburkina.com/sites/www.mooreburkina.com/files/styles/max_2600x2600/public/gallery-images/tissu04.jpeg.webp?itok=4xBOby7J,https://mooreburkina.com/fr/images/tissus,a,
,image_culture,,skipped_type,.webp,,,moore,,Tissus | Mooré Burkina Faso,f88538ce07d62bb3,image,https://mooreburkina.com/sites/www.mooreburkina.com/files/styles/max_2600x2600/public/gallery-images/tissu05.jpg.webp?itok=ylB3EzIZ,https://mooreburkina.com/fr/images/tissus,a,
,image_culture,,skipped_type,.webp,,,moore,,Tissus | Mooré Burkina Faso,5a22d90f0e7b18b1,image,https://mooreburkina.com/sites/www.mooreburkina.com/files/styles/max_2600x2600/public/gallery-images/tissu06.jpg.webp?itok=F4OY6kWF,https://mooreburkina.com/fr/images/tissus,a,
,image_culture,,skipped_type,.webp,,,moore,,Tissus | Mooré Burkina Faso,53a0a225eb01b22b,image,https://mooreburkina.com/sites/www.mooreburkina.com/files/styles/max_2600x2600/public/gallery-images/tissu07.jpg.webp?itok=dhyunEHS,https://mooreburkina.com/fr/images/tissus,a,
,image_culture,,skipped_type,.webp,,,moore,,Tissus | Mooré Burkina Faso,001a90969c6407cb,image,https://mooreburkina.com/sites/www.mooreburkina.com/files/styles/max_2600x2600/public/gallery-images/tissu08.jpg.webp?itok=BIkkHl6d,https://mooreburkina.com/fr/images/tissus,a,
,image_culture,,skipped_type,.webp,,,moore,,Tissus | Mooré Burkina Faso,8b27e6fa9096a2ba,image,https://mooreburkina.com/sites/www.mooreburkina.com/files/styles/max_2600x2600/public/gallery-images/tissu09.jpg.webp?itok=lvP2s7ad,https://mooreburkina.com/fr/images/tissus,a,
,image_culture,,skipped_type,.webp,,,moore,,Tissus | Mooré Burkina Faso,a7ad2eb6345aea4b,image,https://mooreburkina.com/sites/www.mooreburkina.com/files/styles/max_2600x2600/public/gallery-images/tissu10.jpg.webp?itok=97ZlCm2a,https://mooreburkina.com/fr/images/tissus,a,
,image_culture,,skipped_type,.webp,,,moore,,Tissus | Mooré Burkina Faso,7df91cdaf6c84074,image,https://mooreburkina.com/sites/www.mooreburkina.com/files/styles/max_2600x2600/public/gallery-images/tissu11.jpg.webp?itok=hkJo3zPN,https://mooreburkina.com/fr/images/tissus,a,
,image_culture,,skipped_type,.webp,,,moore,,Tissus | Mooré Burkina Faso,de4f9f50a49f341a,image,https://mooreburkina.com/sites/www.mooreburkina.com/files/styles/max_2600x2600/public/gallery-images/tissu12.jpg.webp?itok=2SiyKFkl,https://mooreburkina.com/fr/images/tissus,a,
,image_culture,,skipped_type,.webp,,,moore,,Tissus | Mooré Burkina Faso,c3e641f2287f9069,image,https://mooreburkina.com/sites/www.mooreburkina.com/files/styles/max_2600x2600/public/gallery-images/tissu13.jpg.webp?itok=b4JZQuAU,https://mooreburkina.com/fr/images/tissus,a,
,image_culture,,skipped_type,.webp,,,moore,,Tissus | Mooré Burkina Faso,b61803ec7d5c7322,image,https://mooreburkina.com/sites/www.mooreburkina.com/files/styles/max_2600x2600/public/gallery-images/tissu14.jpg.webp?itok=jEGPkDCe,https://mooreburkina.com/fr/images/tissus,a,
,image_culture,,skipped_type,.webp,,,moore,,Tissus | Mooré Burkina Faso,990123744e2b7acb,image,https://mooreburkina.com/sites/www.mooreburkina.com/files/styles/max_2600x2600/public/gallery-images/tissu15.jpg.webp?itok=uYpwG_Zx,https://mooreburkina.com/fr/images/tissus,a,
,image_culture,,skipped_type,.webp,,,moore,,Animaux | Mooré Burkina Faso,2442b6074be97660,image,https://mooreburkina.com/sites/www.mooreburkina.com/files/styles/max_2600x2600/public/gallery-images/tortue.jpg.webp?itok=jYm8gvlC,https://mooreburkina.com/fr/images/animaux,a,
,image_culture,,skipped_type,.webp,,,moore,,Tissus | Mooré Burkina Faso,f816073ea0aeea69,image,https://mooreburkina.com/sites/www.mooreburkina.com/files/styles/max_2600x2600/public/gallery-images/vetement01.jpg.webp?itok=RqGVRdTR,https://mooreburkina.com/fr/images/tissus,a,
,image_culture,,skipped_type,.webp,,,moore,,Tissus | Mooré Burkina Faso,773987cf4f063ab4,image,https://mooreburkina.com/sites/www.mooreburkina.com/files/styles/max_2600x2600/public/gallery-images/vetement02.jpg.webp?itok=osCBN-C2,https://mooreburkina.com/fr/images/tissus,a,
,image_culture,,skipped_type,.webp,,,moore,,Tissus | Mooré Burkina Faso,60f6bcdd6f9f9ea4,image,https://mooreburkina.com/sites/www.mooreburkina.com/files/styles/max_2600x2600/public/gallery-images/vetement03.jpg.webp?itok=oSnV2zGx,https://mooreburkina.com/fr/images/tissus,a,
,image_culture,,skipped_type,.webp,,,moore,,Tissus | Mooré Burkina Faso,7d3524910ddcd938,image,https://mooreburkina.com/sites/www.mooreburkina.com/files/styles/max_2600x2600/public/gallery-images/vetement04.jpg.webp?itok=QYRteh6p,https://mooreburkina.com/fr/images/tissus,a,
,image_culture,,skipped_type,.webp,,,moore,,Tissus | Mooré Burkina Faso,3d57b6f16d1035e0,image,https://mooreburkina.com/sites/www.mooreburkina.com/files/styles/max_2600x2600/public/gallery-images/vetement05.jpg.webp?itok=3osk0s9Y,https://mooreburkina.com/fr/images/tissus,a,
Banner Moore2,other,,skipped_type,.webp,,,moore,,Mooré Burkina Faso,f6e658248b6a940c,image,https://mooreburkina.com/sites/www.mooreburkina.com/files/styles/max_750x750/public/2023-06/Banner%20moore%201200x400k.jpg.webp?itok=SXHSmie2,https://mooreburkina.com/;https://mooreburkina.com/fr;https://mooreburkina.com/fr/bienvenu-au-pays-mossi,img,
Dictionnaire Karaboro,dictionary,,skipped_type,.webp,,,moore,,Applications de dictionnaires | Mooré Burkina Faso,5c1aff0c71bed0f3,image,https://mooreburkina.com/sites/www.mooreburkina.com/files/styles/max_750x750/public/2023-11/dictionnaire%20karaboro1.jpg.webp?itok=Fk4vj9-V,https://mooreburkina.com/fr/dictionnaire-moor%C3%A9/aplications-de-dictionnaires-pour-ordinateur,img,
32 conseils,other,,skipped_type,.webp,,,moore,,Mooré Burkina Faso,1c6f5b434cbae756,image,https://mooreburkina.com/sites/www.mooreburkina.com/files/styles/max_750x750/public/2023-12/32%20conseils%20drawer%20576x324a.png.webp?itok=lMyP7EaZ,https://mooreburkina.com/;https://mooreburkina.com/fr;https://mooreburkina.com/fr/bienvenu-au-pays-mossi,img,
Cont kinda vol1 512x512.png,folktale,,skipped_type,.webp,,,moore,,Contes vol. 3 avec audio | Mooré Burkina Faso,b840ee1259ce0aa8,image,https://mooreburkina.com/sites/www.mooreburkina.com/files/styles/max_750x750/public/2023-12/Cont%20kinda%20vol1%20512x512.png.webp?itok=KHn8SGDf,https://mooreburkina.com/fr/contes-proverbes/contes-vol-3-avec-audio,img,
dictionnaire Dagara wule.jpg,dictionary,,skipped_type,.webp,,,moore,,Applications de dictionnaires | Mooré Burkina Faso,4ffa04eb1712821e,image,https://mooreburkina.com/sites/www.mooreburkina.com/files/styles/max_750x750/public/2023-12/dictionnaire%20Dagara%20wule.jpg.webp?itok=05l61AnJ,https://mooreburkina.com/fr/dictionnaire-moor%C3%A9/aplications-de-dictionnaires-pour-ordinateur,img,
download button1.jpg,dictionary,,skipped_type,.webp,,,moore,,Applications de dictionnaires | Mooré Burkina Faso,f06ff37a8b2635c5,image,https://mooreburkina.com/sites/www.mooreburkina.com/files/styles/max_750x750/public/2023-12/download%20button1.jpg.webp?itok=AQEQ-Q-1,https://mooreburkina.com/fr/dictionnaire-moor%C3%A9/aplications-de-dictionnaires-pour-ordinateur,img,
map of BF Gulmancema speaking,other,,skipped_type,.webp,,,moore,,Mooré Burkina Faso,e8dd461451abd3c3,image,https://mooreburkina.com/sites/www.mooreburkina.com/files/styles/max_750x750/public/2023-12/map%20of%20BF%20Gulmancema%20speaking%20area.jpg.webp?itok=OdrAVlvl,https://mooreburkina.com/;https://mooreburkina.com/fr;https://mooreburkina.com/fr/bienvenu-au-pays-mossi;https://mooreburkina.com/fr/gulimancema,img,
map of BF Moore speaking area.jpg,other,,skipped_type,.webp,,,moore,,Mooré Burkina Faso,9f60e35f01be635f,image,https://mooreburkina.com/sites/www.mooreburkina.com/files/styles/max_750x750/public/2023-12/map%20of%20BF%20Moore%20speaking%20area.jpg.webp?itok=d64VrZgL,https://mooreburkina.com/;https://mooreburkina.com/fr;https://mooreburkina.com/fr/bienvenu-au-pays-mossi,img,
maison traditionelle moosi,other,,skipped_type,.webp,,,moore,,Mooré Burkina Faso,9a294dfd720b6376,image,https://mooreburkina.com/sites/www.mooreburkina.com/files/styles/max_750x750/public/2023-12/mossi%2001.jpg.webp?itok=kRXMt_-W,https://mooreburkina.com/;https://mooreburkina.com/fr;https://mooreburkina.com/fr/bienvenu-au-pays-mossi,img,
gens moorephones,other,,skipped_type,.webp,,,moore,,Mooré Burkina Faso,82057e1ef27d52f8,image,https://mooreburkina.com/sites/www.mooreburkina.com/files/styles/max_750x750/public/2023-12/mossi%2006.jpg.webp?itok=9OFa4eWJ,https://mooreburkina.com/;https://mooreburkina.com/fr;https://mooreburkina.com/fr/bienvenu-au-pays-mossi,img,
dictionnaire kasem Ghana,dictionary,,skipped_type,.webp,,,moore,,Applications de dictionnaires | Mooré Burkina Faso,b5a117cfcecb5c2d,image,https://mooreburkina.com/sites/www.mooreburkina.com/files/styles/max_750x750/public/2024-01/dictionnaire%20kasem%20Ghana2.jpg.webp?itok=6do8iflA,https://mooreburkina.com/fr/dictionnaire-moor%C3%A9/aplications-de-dictionnaires-pour-ordinateur,img,
Moore Bible App Store 2024.jpg,app,,skipped_type,.webp,,,moore,,Applis en mooré | Mooré Burkina Faso,af2fa9b29f82b614,image,https://mooreburkina.com/sites/www.mooreburkina.com/files/styles/max_750x750/public/2024-02/Moore%20Bible%20App%20Store%202024.jpg.webp?itok=UDGcIoi_,https://mooreburkina.com/fr/applications-smartphone/applis-en-moor%C3%A9,img,
Contes moore vol.2,folktale,,skipped_type,.webp,,,moore,,Contes vol. 4 avec audio | Mooré Burkina Faso,f573d6ef044fa44c,image,https://mooreburkina.com/sites/www.mooreburkina.com/files/styles/max_750x750/public/2024-05/Contes%20moore%20vol.2-bl.jpg.webp?itok=cQe7zBWj,https://mooreburkina.com/fr/contes-proverbes/contes-vol-4-avec-audio,img,
52 contes moore Kalaam,folktale,,skipped_type,.webp,,,moore,,Applis en mooré | Mooré Burkina Faso,07c433f2dfe37731,image,https://mooreburkina.com/sites/www.mooreburkina.com/files/styles/max_750x750/public/2024-06/52%20contes%20moore%20Kalaam.jpg.webp?itok=MUdm5EOw,https://mooreburkina.com/fr/applications-smartphone/applis-en-moor%C3%A9,img,
Captures écran mooré,app,,skipped_type,.webp,,,moore,,Applis en mooré | Mooré Burkina Faso,90f3c9d865d60fb0,image,https://mooreburkina.com/sites/www.mooreburkina.com/files/styles/max_750x750/public/2024-06/Captures%20ecran%20Moore.jpg.webp?itok=g6o3A7Oi,https://mooreburkina.com/fr/applications-smartphone/applis-en-moor%C3%A9,img,
Moore Bible icon App Store,app,,skipped_type,.webp,,,moore,,Applis en mooré | Mooré Burkina Faso,c871c2bf4ca1c1ee,image,https://mooreburkina.com/sites/www.mooreburkina.com/files/styles/max_750x750/public/2024-06/Moore%20iPhone%20512x512.png.webp?itok=-EqRZYC8,https://mooreburkina.com/fr/applications-smartphone/applis-en-moor%C3%A9,img,
Mooré pour smartphone,app,,skipped_type,.webp,,,moore,,Applis en mooré | Mooré Burkina Faso,784e8425d5aecbb3,image,https://mooreburkina.com/sites/www.mooreburkina.com/files/styles/max_750x750/public/2024-06/Moore%20pour%20smartphone%20Mars%202024.jpg.webp?itok=yyH261NM,https://mooreburkina.com/fr/applications-smartphone/applis-en-moor%C3%A9,img,
moore prov iPhone Kalaam,app,,skipped_type,.webp,,,moore,,Applis en mooré | Mooré Burkina Faso,14424cad512ca93b,image,https://mooreburkina.com/sites/www.mooreburkina.com/files/styles/max_750x750/public/2024-06/moore%20prov%20iPhone%20Kalaam.jpg.webp?itok=1FHJZkjg,https://mooreburkina.com/fr/applications-smartphone/applis-en-moor%C3%A9,img,
Contes moore vol 3 on Play Store,folktale,,skipped_type,.webp,,,moore,,Contes vol. 3 avec audio | Mooré Burkina Faso,9a375bec5c85f313,image,https://mooreburkina.com/sites/www.mooreburkina.com/files/styles/max_750x750/public/2024-07/Contes%20moore%20vol%202%20on%20Play%20Store.png.webp?itok=EwJv0g8k,https://mooreburkina.com/fr/contes-proverbes/contes-vol-3-avec-audio,img,
Contes moore vol 4 on Play Store,folktale,,skipped_type,.webp,,,moore,,Contes vol. 4 avec audio | Mooré Burkina Faso,ea146a739fc4b895,image,https://mooreburkina.com/sites/www.mooreburkina.com/files/styles/max_750x750/public/2024-07/Contes%20moore%20vol%204%20on%20Play%20Store.png.webp?itok=rnndH7KZ,https://mooreburkina.com/fr/contes-proverbes/contes-vol-4-avec-audio,img,
Contes mooré volume 2,folktale,,skipped_type,.webp,,,moore,,Contes vol 2 avec audio | Mooré Burkina Faso,1f5b20a5117526a2,image,https://mooreburkina.com/sites/www.mooreburkina.com/files/styles/max_750x750/public/2024-07/Contes%20vol%202%20sur%20Play%20Store.jpg.webp?itok=oaQGZcah,https://mooreburkina.com/fr/contes-et-proverbes-en-moor%C3%A9/contes-en-moor%C3%A9,img,
Devinettes mooré,folktale,,skipped_type,.webp,,,moore,,Devinettes en mooré | Mooré Burkina Faso,2239f5835b8bfb33,image,https://mooreburkina.com/sites/www.mooreburkina.com/files/styles/max_750x750/public/2024-07/Devinettes%20moore%20sur%20Play%20Store.jpg.webp?itok=5jFxf0pR,https://mooreburkina.com/fr/contes-proverbes/devinettes-en-moor%C3%A9,img,
Proverbes mooré pour iPhone,folktale,,skipped_type,.webp,,,moore,,Proverbes en mooré vol. 9 | Mooré Burkina Faso,9bec00e0bf449e13,image,https://mooreburkina.com/sites/www.mooreburkina.com/files/styles/max_750x750/public/2024-07/Moore%20Proverbes%20sur%20App%20Store%20pour%20iPhone.jpg.webp?itok=qh-_obZq,https://mooreburkina.com/fr/contes-proverbes/proverbes-en-moor%C3%A9-vol-9,img,
Proverbes mooré vol. 12,folktale,,skipped_type,.webp,,,moore,,Mooré proverbes vol. 12 | Mooré Burkina Faso,a430273f5c39b74d,image,https://mooreburkina.com/sites/www.mooreburkina.com/files/styles/max_750x750/public/2024-07/Moore%20Proverbes%20vol%2012%20sur%20Play%20Store.jpg.webp?itok=aXeCxEpX,https://mooreburkina.com/fr/contes-proverbes/moor%C3%A9-proverbes-vol-12,img,
Proverbes mooré sur Google Play Store pour smartphone Android,folktale,,skipped_type,.webp,,,moore,,Proverbes en mooré vol. 9 | Mooré Burkina Faso,a4f67820b33e2e45,image,https://mooreburkina.com/sites/www.mooreburkina.com/files/styles/max_750x750/public/2024-07/Proverbes%20moore%20vol%201%20sur%20Play%20Store.jpg.webp?itok=BaEPY5eY,https://mooreburkina.com/fr/contes-proverbes/proverbes-en-moor%C3%A9-vol-9,img,
Proverbes moore vol. 10,folktale,,skipped_type,.webp,,,moore,,Proverbes en mooré vol. 10 | Mooré Burkina Faso,55048ee28be6990a,image,https://mooreburkina.com/sites/www.mooreburkina.com/files/styles/max_750x750/public/2024-07/Proverbes%20moore%20vol%202%20sur%20Play%20Store.jpg.webp?itok=wQnROQlV,https://mooreburkina.com/fr/contes-proverbes/proverbes-en-moor%C3%A9-vol-10,img,
Proverbes moore vol 2 sur Play Store,folktale,,skipped_type,.webp,,,moore,,Proverbes en mooré vol. 2 | Mooré Burkina Faso,a30485000b5eadf9,image,https://mooreburkina.com/sites/www.mooreburkina.com/files/styles/max_750x750/public/2024-07/Proverbes%20moore%20vol%202%20sur%20Play%20Store_0.jpg.webp?itok=T3HLB0V5,https://mooreburkina.com/fr/contes-proverbes/proverbes-en-moor%C3%A9-vol-2,img,
Proverbes mooré vol. 11,folktale,,skipped_type,.webp,,,moore,,Proverbes mooré. vol. 11 | Mooré Burkina Faso,c4979a15d00cd052,image,https://mooreburkina.com/sites/www.mooreburkina.com/files/styles/max_750x750/public/2024-07/Proverbes%20moore%20vol%203%20sur%20Play%20Store.jpg.webp?itok=LoTg0Sci,https://mooreburkina.com/fr/contes-proverbes/proverbes-moor%C3%A9-vol-11,img,
Proverbes moore vol 3 sur Play Store,folktale,,skipped_type,.webp,,,moore,,Proverbes en mooré vol. 3 | Mooré Burkina Faso,82308ad061d9abec,image,https://mooreburkina.com/sites/www.mooreburkina.com/files/styles/max_750x750/public/2024-07/Proverbes%20moore%20vol%203%20sur%20Play%20Store_0.jpg.webp?itok=3yx3J34n,https://mooreburkina.com/fr/contes-proverbes/proverbes-en-moor%C3%A9-vol-3,img,
Proverbes moore vol 4 sur Play Store,folktale,,skipped_type,.webp,,,moore,,Proverbes en mooré vol. 4 | Mooré Burkina Faso,5698cbe4e3ab1f0b,image,https://mooreburkina.com/sites/www.mooreburkina.com/files/styles/max_750x750/public/2024-07/Proverbes%20moore%20vol%204%20sur%20Play%20Store.jpg.webp?itok=vY2_q6J5,https://mooreburkina.com/fr/contes-proverbes/proverbes-en-moor%C3%A9-vol-4,img,
Proverbes moore vol 5 sur Play Store,folktale,,skipped_type,.webp,,,moore,,Proverbes en mooré vol. 5 | Mooré Burkina Faso,c6d8d9ebe0d2401e,image,https://mooreburkina.com/sites/www.mooreburkina.com/files/styles/max_750x750/public/2024-07/Proverbes%20moore%20vol%205%20sur%20Play%20Store.jpg.webp?itok=7GrZetlh,https://mooreburkina.com/fr/contes-proverbes/proverbes-en-moor%C3%A9-vol-5,img,
Proverbes moore vol 6 sur Play Store,folktale,,skipped_type,.webp,,,moore,,Proverbes en mooré vol. 6 | Mooré Burkina Faso,7d4576aff533b388,image,https://mooreburkina.com/sites/www.mooreburkina.com/files/styles/max_750x750/public/2024-07/Proverbes%20moore%20vol%206%20sur%20Play%20Store.jpg.webp?itok=osl5dWYm,https://mooreburkina.com/fr/contes-proverbes/proverbes-en-moor%C3%A9-vol-6,img,
Proverbes moore vol 7 sur Play Store,folktale,,skipped_type,.webp,,,moore,,Proverbes en mooré vol. 7 | Mooré Burkina Faso,983d4b409579a4dc,image,https://mooreburkina.com/sites/www.mooreburkina.com/files/styles/max_750x750/public/2024-07/Proverbes%20moore%20vol%207%20sur%20Play%20Store.jpg.webp?itok=nrkaGtrw,https://mooreburkina.com/fr/contes-proverbes/proverbes-en-moor%C3%A9-vol-7,img,
Proverbes moore vol 8 sur Play Store,folktale,,skipped_type,.webp,,,moore,,Proverbes en mooré vol. 8 | Mooré Burkina Faso,ace560f848a5a4d7,image,https://mooreburkina.com/sites/www.mooreburkina.com/files/styles/max_750x750/public/2024-07/Proverbes%20moore%20vol%208%20sur%20Play%20Store.png.webp?itok=twbDY2vl,https://mooreburkina.com/fr/contes-proverbes/proverbes-en-moor%C3%A9-vol-8,img,
Contes mooré volume 1,folktale,,skipped_type,.webp,,,moore,,Contes vol 1 avec audio | Mooré Burkina Faso,cd468acc0c52bdfe,image,https://mooreburkina.com/sites/www.mooreburkina.com/files/styles/max_750x750/public/2024-07/Yam%20wekr%20sur%20Play%20Store.jpg.webp?itok=w8eico3d,https://mooreburkina.com/fr/collection-2-12-contes-en-moor%C3%A9,img,
proverbes en moore Play Store1,folktale,,skipped_type,.webp,,,moore,,Proverbes en mooré vol. 1 | Mooré Burkina Faso,e1f35ad67a1aa534,image,https://mooreburkina.com/sites/www.mooreburkina.com/files/styles/max_750x750/public/2024-07/proverbes%20en%20moore%20Play%20Store1.jpg.webp?itok=v6BySIIN,https://mooreburkina.com/fr/contes-et-proverbes-en-moor%C3%A9/proverbes-en-moor%C3%A9-vol-1,img,
Bamanan App Store icon.jpg,dictionary,,skipped_type,.webp,,,moore,,Applications de dictionnaires | Mooré Burkina Faso,c8cef3b1d7533086,image,https://mooreburkina.com/sites/www.mooreburkina.com/files/styles/max_750x750/public/2024-11/Bamanan%20App%20Store%20icon.jpg.webp?itok=tGzMkApS,https://mooreburkina.com/fr/dictionnaire-moor%C3%A9/aplications-de-dictionnaires-pour-ordinateur,img,
Bambara Play Store.jpg,dictionary,,skipped_type,.webp,,,moore,,Applications de dictionnaires | Mooré Burkina Faso,b5446f48c4e62945,image,https://mooreburkina.com/sites/www.mooreburkina.com/files/styles/max_750x750/public/2024-11/Bambara%20Play%20Store.jpg.webp?itok=3YSlRUgO,https://mooreburkina.com/fr/dictionnaire-moor%C3%A9/aplications-de-dictionnaires-pour-ordinateur,img,
Contes moore vol 2 on Play Store.png,folktale,,skipped_type,.webp,,,moore,,Applis en mooré | Mooré Burkina Faso,14d093c39bf8d09b,image,https://mooreburkina.com/sites/www.mooreburkina.com/files/styles/max_750x750/public/2025-03/Contes%20moore%20vol%202%20on%20Play%20Store.png.webp?itok=FWJgLAlm,https://mooreburkina.com/fr/applications-smartphone/applis-en-moor%C3%A9,img,
Contes moore vol 4 on Play Store.png,folktale,,skipped_type,.webp,,,moore,,Applis en mooré | Mooré Burkina Faso,0177828d1960f077,image,https://mooreburkina.com/sites/www.mooreburkina.com/files/styles/max_750x750/public/2025-03/Contes%20moore%20vol%204%20on%20Play%20Store.png.webp?itok=pHsNwx_m,https://mooreburkina.com/fr/applications-smartphone/applis-en-moor%C3%A9,img,
Moore dictionary2 sur Play Store.jpg,dictionary,,skipped_type,.webp,,,moore,,Applis en mooré | Mooré Burkina Faso,9276e1fbf6c2f71b,image,https://mooreburkina.com/sites/www.mooreburkina.com/files/styles/max_750x750/public/2025-04/Moore%20dictionary2%20sur%20Play%20Store.jpg.webp?itok=Q7jMtX9S,https://mooreburkina.com/fr/applications-smartphone/applis-en-moor%C3%A9,img,
Play Store Dagara Wule dico.jpg,dictionary,,skipped_type,.webp,,,moore,,Applications de dictionnaires | Mooré Burkina Faso,57ab1dd53529ac46,image,https://mooreburkina.com/sites/www.mooreburkina.com/files/styles/max_750x750/public/2026-02/Play%20Store%20Dagara%20Wule%20dico.jpg.webp?itok=9Hi1V3Uy,https://mooreburkina.com/fr/dictionnaire-moor%C3%A9/aplications-de-dictionnaires-pour-ordinateur,img,
Webonary Bambara dico.jpg,dictionary,,skipped_type,.webp,,,moore,,Applications de dictionnaires | Mooré Burkina Faso,1c2a6f3d068c517c,image,https://mooreburkina.com/sites/www.mooreburkina.com/files/styles/max_750x750/public/2026-02/Webonary%20Bambara%20dico.jpg.webp?itok=tDSxRx2Z,https://mooreburkina.com/fr/dictionnaire-moor%C3%A9/aplications-de-dictionnaires-pour-ordinateur,img,
Webonary Buli GH dico.jpg,dictionary,,skipped_type,.webp,,,moore,,Applications de dictionnaires | Mooré Burkina Faso,a3a5b3cd66cca603,image,https://mooreburkina.com/sites/www.mooreburkina.com/files/styles/max_750x750/public/2026-02/Webonary%20Buli%20GH%20dico.jpg.webp?itok=pjlLu3Bo,https://mooreburkina.com/fr/dictionnaire-moor%C3%A9/aplications-de-dictionnaires-pour-ordinateur,img,
Webonary Dagbani GH dico.jpg,dictionary,,skipped_type,.webp,,,moore,,Applications de dictionnaires | Mooré Burkina Faso,e605da77d03529a2,image,https://mooreburkina.com/sites/www.mooreburkina.com/files/styles/max_750x750/public/2026-02/Webonary%20Dagbani%20GH%20dico.jpg.webp?itok=gmBDR0M7,https://mooreburkina.com/fr/dictionnaire-moor%C3%A9/aplications-de-dictionnaires-pour-ordinateur,img,
Webonary Gulimanchema dico.jpg,dictionary,,skipped_type,.webp,,,moore,,Applications de dictionnaires | Mooré Burkina Faso,e165d71d0b4de75f,image,https://mooreburkina.com/sites/www.mooreburkina.com/files/styles/max_750x750/public/2026-02/Webonary%20Gulimanchema%20dico.jpg.webp?itok=twXyH0jr,https://mooreburkina.com/fr/dictionnaire-moor%C3%A9/aplications-de-dictionnaires-pour-ordinateur,img,
Webonary Gurene GH dico.jpg,dictionary,,skipped_type,.webp,,,moore,,Applications de dictionnaires | Mooré Burkina Faso,544b7d428a9a575f,image,https://mooreburkina.com/sites/www.mooreburkina.com/files/styles/max_750x750/public/2026-02/Webonary%20Gurene%20GH%20dico.jpg.webp?itok=uZhTFgUN,https://mooreburkina.com/fr/dictionnaire-moor%C3%A9/aplications-de-dictionnaires-pour-ordinateur,img,
Webonary Karaboro dico.jpg,dictionary,,skipped_type,.webp,,,moore,,Applications de dictionnaires | Mooré Burkina Faso,96b2f40075bbc585,image,https://mooreburkina.com/sites/www.mooreburkina.com/files/styles/max_750x750/public/2026-02/Webonary%20Karaboro%20dico.jpg.webp?itok=nsFBDHmG,https://mooreburkina.com/fr/dictionnaire-moor%C3%A9/aplications-de-dictionnaires-pour-ordinateur,img,
Webonary Kasem GH dico.jpg,dictionary,,skipped_type,.webp,,,moore,,Applications de dictionnaires | Mooré Burkina Faso,faa8a3421350b7aa,image,https://mooreburkina.com/sites/www.mooreburkina.com/files/styles/max_750x750/public/2026-02/Webonary%20Kasem%20GH%20dico.jpg.webp?itok=ECk1eUQ_,https://mooreburkina.com/fr/dictionnaire-moor%C3%A9/aplications-de-dictionnaires-pour-ordinateur,img,
Webonary Kassem BF dico.jpg,dictionary,,skipped_type,.webp,,,moore,,Applications de dictionnaires | Mooré Burkina Faso,4709e650bf5a37f5,image,https://mooreburkina.com/sites/www.mooreburkina.com/files/styles/max_750x750/public/2026-02/Webonary%20Kassem%20BF%20dico.jpg.webp?itok=ughNaX2b,https://mooreburkina.com/fr/dictionnaire-moor%C3%A9/aplications-de-dictionnaires-pour-ordinateur,img,
Webonary Kusaal Agole GH dico.jpg,dictionary,,skipped_type,.webp,,,moore,,Applications de dictionnaires | Mooré Burkina Faso,27d12b8ccbe092be,image,https://mooreburkina.com/sites/www.mooreburkina.com/files/styles/max_750x750/public/2026-02/Webonary%20Kusaal%20Agole%20GH%20dico.jpg.webp?itok=cO4TCpdC,https://mooreburkina.com/fr/dictionnaire-moor%C3%A9/aplications-de-dictionnaires-pour-ordinateur,img,
Webonary Kusaall Tonde dico.jpg,dictionary,,skipped_type,.webp,,,moore,,Applications de dictionnaires | Mooré Burkina Faso,c73863c2501e8042,image,https://mooreburkina.com/sites/www.mooreburkina.com/files/styles/max_750x750/public/2026-02/Webonary%20Kusaall%20Tonde%20dico.jpg.webp?itok=5x2ETfAD,https://mooreburkina.com/fr/dictionnaire-moor%C3%A9/aplications-de-dictionnaires-pour-ordinateur,img,
Webonary Mampruli GH dico.jpg,dictionary,,skipped_type,.webp,,,moore,,Applications de dictionnaires | Mooré Burkina Faso,20bb7753c38e8d0e,image,https://mooreburkina.com/sites/www.mooreburkina.com/files/styles/max_750x750/public/2026-02/Webonary%20Mampruli%20GH%20dico.jpg.webp?itok=iVSNdCVa,https://mooreburkina.com/fr/dictionnaire-moor%C3%A9/aplications-de-dictionnaires-pour-ordinateur,img,
Webonary Ninkare BF dico.jpg,dictionary,,skipped_type,.webp,,,moore,,Applications de dictionnaires | Mooré Burkina Faso,b79a77556c53f14c,image,https://mooreburkina.com/sites/www.mooreburkina.com/files/styles/max_750x750/public/2026-02/Webonary%20Ninkare%20BF%20dico.jpg.webp?itok=f9tJACs0,https://mooreburkina.com/fr/dictionnaire-moor%C3%A9/aplications-de-dictionnaires-pour-ordinateur,img,
Webonary Moore dico.jpg,dictionary,,skipped_type,.webp,,,moore,,Applications de dictionnaires | Mooré Burkina Faso,b87727bb6189ae96,image,https://mooreburkina.com/sites/www.mooreburkina.com/files/styles/max_750x750/public/2026-02/Webonarz%20Moore%20dico.jpg.webp?itok=I6bQRoFy,https://mooreburkina.com/fr/dictionnaire-moor%C3%A9/aplications-de-dictionnaires-pour-ordinateur,img,
Tiefo dictionnaire sur Play Store.jpg,dictionary,,skipped_type,.webp,,,moore,,Applications de dictionnaires | Mooré Burkina Faso,d149efbfc43ce312,image,https://mooreburkina.com/sites/www.mooreburkina.com/files/styles/max_750x750/public/2026-04/Tiefo%20dictionnaire%20sur%20Play%20Store.jpg.webp?itok=6Rrx3oMm,https://mooreburkina.com/fr/dictionnaire-moor%C3%A9/aplications-de-dictionnaires-pour-ordinateur,img,
,dictionary,,skipped_type,.webp,,,moore,,Dictionnaires | Mooré Burkina Faso,36843534652a9043,image,https://mooreburkina.com/sites/www.mooreburkina.com/files/styles/max_750x750/public/6%20Dictionnaires%20BF2.jpg.webp?itok=i1XC9wTx,https://mooreburkina.com/fr/dictionnaire-moor%C3%A9,img,
,dictionary,,skipped_type,.webp,,,moore,,Dictionnaires | Mooré Burkina Faso,d8510cc9b0cb3ba6,image,https://mooreburkina.com/sites/www.mooreburkina.com/files/styles/max_750x750/public/6%20Dictionnaires%20BFmoore1.jpg.webp?itok=dadfpmni,https://mooreburkina.com/fr/dictionnaire-moor%C3%A9,img,
,app,,skipped_type,.webp,,,moore,,Applis en mooré | Mooré Burkina Faso,77ad7b2e18108921,image,https://mooreburkina.com/sites/www.mooreburkina.com/files/styles/max_750x750/public/Applis%20Play%20Store%20images/Applis%20moore/01%20proverbes%20moore%20avec%20audio%20vol1.jpg.webp?itok=KkpCgLdq,https://mooreburkina.com/fr/applications-smartphone/applis-en-moor%C3%A9,img,
,app,,skipped_type,.webp,,,moore,,Applis en mooré | Mooré Burkina Faso,998f227f00eb5d4a,image,https://mooreburkina.com/sites/www.mooreburkina.com/files/styles/max_750x750/public/Applis%20Play%20Store%20images/Applis%20moore/02%20proverbes%20moore%20avec%20audio%20vol2.jpg.webp?itok=2q8yh_zz,https://mooreburkina.com/fr/applications-smartphone/applis-en-moor%C3%A9,img,
,app,,skipped_type,.webp,,,moore,,Applis en mooré | Mooré Burkina Faso,153a479766da89a0,image,https://mooreburkina.com/sites/www.mooreburkina.com/files/styles/max_750x750/public/Applis%20Play%20Store%20images/Applis%20moore/03%20proverbes%20moore%20avec%20audio%20vol3.jpg.webp?itok=emohs5SP,https://mooreburkina.com/fr/applications-smartphone/applis-en-moor%C3%A9,img,
,app,,skipped_type,.webp,,,moore,,Applis en mooré | Mooré Burkina Faso,e054d7e804225ac8,image,https://mooreburkina.com/sites/www.mooreburkina.com/files/styles/max_750x750/public/Applis%20Play%20Store%20images/Applis%20moore/04%20devinettes%20moore.jpg.webp?itok=k7aHysqV,https://mooreburkina.com/fr/applications-smartphone/applis-en-moor%C3%A9,img,
,app,,skipped_type,.webp,,,moore,,Applis en mooré | Mooré Burkina Faso,659f73b0ce5fd326,image,https://mooreburkina.com/sites/www.mooreburkina.com/files/styles/max_750x750/public/Applis%20Play%20Store%20images/Applis%20moore/05%20moore%20dictionary.jpg.webp?itok=7xsY8fhW,https://mooreburkina.com/fr/applications-smartphone/applis-en-moor%C3%A9,img,
,app,,skipped_type,.webp,,,moore,,Applis en mooré | Mooré Burkina Faso,84e2f1d5889799ee,image,https://mooreburkina.com/sites/www.mooreburkina.com/files/styles/max_750x750/public/Applis%20Play%20Store%20images/Applis%20moore/06%20contes%20moore%20audio%20vol%201.jpg.webp?itok=ifMErzNf,https://mooreburkina.com/fr/applications-smartphone/applis-en-moor%C3%A9,img,
,app,,skipped_type,.webp,,,moore,,Applis en mooré | Mooré Burkina Faso,5629695b200d2501,image,https://mooreburkina.com/sites/www.mooreburkina.com/files/styles/max_750x750/public/Applis%20Play%20Store%20images/Applis%20moore/07%20contes%20moore%20audio%20vol%202.jpg.webp?itok=GZtqqDiY,https://mooreburkina.com/fr/applications-smartphone/applis-en-moor%C3%A9,img,
,app,,skipped_type,.webp,,,moore,,Applis en mooré | Mooré Burkina Faso,5655333513e78006,image,https://mooreburkina.com/sites/www.mooreburkina.com/files/styles/max_750x750/public/Applis%20Play%20Store%20images/Applis%20moore/08%20912%20proverbes%20sissao.jpg.webp?itok=_f0TLf8p,https://mooreburkina.com/fr/applications-smartphone/applis-en-moor%C3%A9,img,
,app,,skipped_type,.webp,,,moore,,Applis en mooré | Mooré Burkina Faso,90ea36e8efa5cb05,image,https://mooreburkina.com/sites/www.mooreburkina.com/files/styles/max_750x750/public/Applis%20Play%20Store%20images/Applis%20moore/09%20Burkina%20soalma.jpg.webp?itok=LtnsgNco,https://mooreburkina.com/fr/applications-smartphone/applis-en-moor%C3%A9,img,
,app,,skipped_type,.webp,,,moore,,Applis en mooré | Mooré Burkina Faso,f71aab3cde2c1fdc,image,https://mooreburkina.com/sites/www.mooreburkina.com/files/styles/max_750x750/public/Applis%20Play%20Store%20images/Applis%20moore/10%20Sagesse%20du%20Moogo%20vol%201.jpg.webp?itok=DGkApCAx,https://mooreburkina.com/fr/applications-smartphone/applis-en-moor%C3%A9,img,
,app,,skipped_type,.webp,,,moore,,Applis en mooré | Mooré Burkina Faso,fa7649639742a538,image,https://mooreburkina.com/sites/www.mooreburkina.com/files/styles/max_750x750/public/Applis%20Play%20Store%20images/Applis%20moore/11%20Sagesse%20du%20Moogo%20vol%202.jpg.webp?itok=i4vUG66e,https://mooreburkina.com/fr/applications-smartphone/applis-en-moor%C3%A9,img,
,app,,skipped_type,.webp,,,moore,,Applis en mooré | Mooré Burkina Faso,af5e3793dc8451ab,image,https://mooreburkina.com/sites/www.mooreburkina.com/files/styles/max_750x750/public/Applis%20Play%20Store%20images/Applis%20moore/12%20Cantiques%20en%20moore.jpg.webp?itok=oF_ZYTph,https://mooreburkina.com/fr/applications-smartphone/applis-en-moor%C3%A9,img,
,app,,skipped_type,.webp,,,moore,,Applis en mooré | Mooré Burkina Faso,13ebe33aee758098,image,https://mooreburkina.com/sites/www.mooreburkina.com/files/styles/max_750x750/public/Applis%20Play%20Store%20images/Applis%20moore/13%20Ruthi%20sebre.jpg.webp?itok=eqB-b1OZ,https://mooreburkina.com/fr/applications-smartphone/applis-en-moor%C3%A9,img,
,app,,skipped_type,.webp,,,moore,,Applis en mooré | Mooré Burkina Faso,5c1c82f036b70192,image,https://mooreburkina.com/sites/www.mooreburkina.com/files/styles/max_750x750/public/Applis%20Play%20Store%20images/Applis%20moore/14%20proverbes%20moore%20vol1.jpg.webp?itok=mfeCgBSH,https://mooreburkina.com/fr/applications-smartphone/applis-en-moor%C3%A9,img,
,app,,skipped_type,.webp,,,moore,,Applis en mooré | Mooré Burkina Faso,c394a6ee4ad861c6,image,https://mooreburkina.com/sites/www.mooreburkina.com/files/styles/max_750x750/public/Applis%20Play%20Store%20images/Applis%20moore/22%20Bibble%20Moore%20AB.jpg.webp?itok=LcgL6Q4-,https://mooreburkina.com/fr/applications-smartphone/applis-en-moor%C3%A9,img,
,app,,skipped_type,.webp,,,moore,,Applis en mooré | Mooré Burkina Faso,a608a875912d0c28,image,https://mooreburkina.com/sites/www.mooreburkina.com/files/styles/max_750x750/public/Applis%20Play%20Store%20images/Applis%20moore/23%20Bibble%20Moore%20Cath.jpg.webp?itok=yjquCN6e,https://mooreburkina.com/fr/applications-smartphone/applis-en-moor%C3%A9,img,
,app,,skipped_type,.webp,,,moore,,Applis en mooré | Mooré Burkina Faso,0f19243b2f5cc1d5,image,https://mooreburkina.com/sites/www.mooreburkina.com/files/styles/max_750x750/public/Applis%20Play%20Store%20images/Applis%20moore/24%20Bibble%20Moore%20Delma.jpg.webp?itok=aaUTyCp_,https://mooreburkina.com/fr/applications-smartphone/applis-en-moor%C3%A9,img,
,app,,skipped_type,.webp,,,moore,,Applis en mooré | Mooré Burkina Faso,8fbdf81ee22cd040,image,https://mooreburkina.com/sites/www.mooreburkina.com/files/styles/max_750x750/public/Applis%20Play%20Store%20images/Applis%20moore/Moore%20dictionary%20on%20app%20Store.jpg.webp?itok=3OJCtfHq,https://mooreburkina.com/fr/applications-smartphone/applis-en-moor%C3%A9,img,
,app,,skipped_type,.webp,,,moore,,Applications smartphone | Mooré Burkina Faso,54bcaa31153dff98,image,https://mooreburkina.com/sites/www.mooreburkina.com/files/styles/max_750x750/public/Applis%20Play%20Store%20images/smartphone%20apply%20Play%20Store.jpg.webp?itok=DcLyXBiw,https://mooreburkina.com/fr/applications-smartphone,img,
,dictionary,,skipped_type,.webp,,,moore,,Applications de dictionnaires | Mooré Burkina Faso,f22b6f4b9c1f37fc,image,https://mooreburkina.com/sites/www.mooreburkina.com/files/styles/max_750x750/public/Dictio%20apk/google-play-store%20jpg.jpg.webp?itok=5w7WYuob,https://mooreburkina.com/fr/dictionnaire-moor%C3%A9/aplications-de-dictionnaires-pour-ordinateur,img,
,dictionary,,skipped_type,.webp,,,moore,,Applications de dictionnaires | Mooré Burkina Faso,aedeb943654666e5,image,https://mooreburkina.com/sites/www.mooreburkina.com/files/styles/max_750x750/public/Dictio%20apk/smarthphone%20Kusaal-bf.jpg.webp?itok=WM_awmp5,https://mooreburkina.com/fr/dictionnaire-moor%C3%A9/aplications-de-dictionnaires-pour-ordinateur,img,
,dictionary,,skipped_type,.webp,,,moore,,Applications de dictionnaires | Mooré Burkina Faso,cca7c0fd522a6f9b,image,https://mooreburkina.com/sites/www.mooreburkina.com/files/styles/max_750x750/public/Dictio%20apk/smarthphone%20kassem.jpg.webp?itok=bMRLitbW,https://mooreburkina.com/fr/dictionnaire-moor%C3%A9/aplications-de-dictionnaires-pour-ordinateur,img,
,dictionary,,skipped_type,.webp,,,moore,,Applications de dictionnaires | Mooré Burkina Faso,6ce34dce7ca1829d,image,https://mooreburkina.com/sites/www.mooreburkina.com/files/styles/max_750x750/public/Dictio%20apk/smarthphone%20moore.jpg.webp?itok=JdbI1GLZ,https://mooreburkina.com/fr/dictionnaire-moor%C3%A9/aplications-de-dictionnaires-pour-ordinateur,img,
,dictionary,,skipped_type,.webp,,,moore,,Applications de dictionnaires | Mooré Burkina Faso,266ecc7af9f2c422,image,https://mooreburkina.com/sites/www.mooreburkina.com/files/styles/max_750x750/public/Dictio%20apk/smarthphone%20ninkare.jpg.webp?itok=AnQttPtL,https://mooreburkina.com/fr/dictionnaire-moor%C3%A9/aplications-de-dictionnaires-pour-ordinateur,img,
,dictionary,,skipped_type,.webp,,,moore,,Dictionnaires | Mooré Burkina Faso,386c2b5f13224e79,image,https://mooreburkina.com/sites/www.mooreburkina.com/files/styles/max_750x750/public/Dictio%20apk/smartphone%20dic%201.png.webp?itok=XSB3NHOO,https://mooreburkina.com/fr/dictionnaire-moor%C3%A9,img,
,dictionary,,skipped_type,.webp,,,moore,,Applications de dictionnaires | Mooré Burkina Faso,4350879b9ce235b5,image,https://mooreburkina.com/sites/www.mooreburkina.com/files/styles/max_750x750/public/Diction%20exe/Ordinateur%20portable%20dic%20moore.jpg.webp?itok=3A0LP8hf,https://mooreburkina.com/fr/dictionnaire-moor%C3%A9;https://mooreburkina.com/fr/dictionnaire-moor%C3%A9/aplications-de-dictionnaires-pour-ordinateur,img,
,dictionary,,skipped_type,.webp,,,moore,,Applications de dictionnaires | Mooré Burkina Faso,3a026ec6b7127eb8,image,https://mooreburkina.com/sites/www.mooreburkina.com/files/styles/max_750x750/public/Diction%20exe/dictionnaire%20kassem.png.webp?itok=5wxrPr6z,https://mooreburkina.com/fr/dictionnaire-moor%C3%A9/aplications-de-dictionnaires-pour-ordinateur,img,
,dictionary,,skipped_type,.webp,,,moore,,Applications de dictionnaires | Mooré Burkina Faso,466516c579fb5e9a,image,https://mooreburkina.com/sites/www.mooreburkina.com/files/styles/max_750x750/public/Diction%20exe/dictionnaire%20kusaal-bf.jpg.webp?itok=3CZsA-nG,https://mooreburkina.com/fr/dictionnaire-moor%C3%A9/aplications-de-dictionnaires-pour-ordinateur,img,
,dictionary,,skipped_type,.webp,,,moore,,Applications de dictionnaires | Mooré Burkina Faso,415d866796940a27,image,https://mooreburkina.com/sites/www.mooreburkina.com/files/styles/max_750x750/public/Diction%20exe/dictionnaire%20ninkare.jpg.webp?itok=faScIPBE,https://mooreburkina.com/fr/dictionnaire-moor%C3%A9/aplications-de-dictionnaires-pour-ordinateur,img,
,book_document,,skipped_type,.webp,,,moore,,Écrire les langues nationales | Mooré Burkina Faso,03a2be45033a92b1,image,https://mooreburkina.com/sites/www.mooreburkina.com/files/styles/max_750x750/public/Keyman%20Clavier%20du%20Burkina.jpg.webp?itok=KB1diPdj,https://mooreburkina.com/fr/livres-en-moor%C3%A9/%C3%A9crire-les-langues-nationales,img,
,book_document,,skipped_type,.webp,,,moore,,Écrire les langues nationales | Mooré Burkina Faso,6a6b17b59ede6378,image,https://mooreburkina.com/sites/www.mooreburkina.com/files/styles/max_750x750/public/Keyman%20characteres%20speciaux%201.jpg.webp?itok=DwXYOHKX,https://mooreburkina.com/fr/livres-en-moor%C3%A9/%C3%A9crire-les-langues-nationales,img,
,book_document,,skipped_type,.webp,,,moore,,Écrire les langues nationales | Mooré Burkina Faso,9d3a75605edd4c72,image,https://mooreburkina.com/sites/www.mooreburkina.com/files/styles/max_750x750/public/Keyman%20characteres%20speciaux.jpg.webp?itok=31HOMEuh,https://mooreburkina.com/fr/livres-en-moor%C3%A9/%C3%A9crire-les-langues-nationales,img,
,folktale,,skipped_type,.webp,,,moore,,La sagesse du Moogo vol. 1 | Mooré Burkina Faso,8991ee8c8af03b8a,image,https://mooreburkina.com/sites/www.mooreburkina.com/files/styles/max_750x750/public/Kouraogo%20et%20Larle%20Naaba.jpg.webp?itok=Yn0z26Mc,https://mooreburkina.com/fr/contes-proverbes/la-sagesse-du-moogo-vol-1;https://mooreburkina.com/fr/contes-proverbes/la-sagesse-du-moogo-vol-2,img,
,other,,skipped_type,.webp,,,moore,,Mooré Burkina Faso,52ff4daab7911ca1,image,https://mooreburkina.com/sites/www.mooreburkina.com/files/styles/max_750x750/public/Photos%20chants/3%20smartphones%20dic%20jan%202018.png.webp?itok=SXkC9mH0,https://mooreburkina.com/;https://mooreburkina.com/fr;https://mooreburkina.com/fr/bienvenu-au-pays-mossi,img,
,other,,skipped_type,.webp,,,moore,,Mooré Burkina Faso,77f4ece2fd7a35f0,image,https://mooreburkina.com/sites/www.mooreburkina.com/files/styles/max_750x750/public/Photos%20chants/Accueil%201%20Kopie.jpg.webp?itok=usxheNlG,https://mooreburkina.com/;https://mooreburkina.com/fr;https://mooreburkina.com/fr/bienvenu-au-pays-mossi,img,
,other,,skipped_type,.webp,,,moore,,Mooré Burkina Faso,521d88c8e25a6eae,image,https://mooreburkina.com/sites/www.mooreburkina.com/files/styles/max_750x750/public/Photos%20chants/Ordinateur%20portable%20dic%20moore.jpg.webp?itok=JGrl24PJ,https://mooreburkina.com/;https://mooreburkina.com/fr;https://mooreburkina.com/fr/bienvenu-au-pays-mossi,img,
,other,,skipped_type,.webp,,,moore,,Mooré Burkina Faso,d12e5e5d8585838c,image,https://mooreburkina.com/sites/www.mooreburkina.com/files/styles/max_750x750/public/Photos%20chants/accueil%20contes%20moore400.jpg.webp?itok=FzOzbktF,https://mooreburkina.com/;https://mooreburkina.com/fr;https://mooreburkina.com/fr/bienvenu-au-pays-mossi,img,
,folktale,,skipped_type,.webp,,,moore,,La sagesse du Moogo vol. 1 | Mooré Burkina Faso,401adeb3cc1b65d2,image,https://mooreburkina.com/sites/www.mooreburkina.com/files/styles/max_750x750/public/Sagesse%20du%20moogo%201.jpg.webp?itok=x6111MgC,https://mooreburkina.com/fr/contes-proverbes/la-sagesse-du-moogo-vol-1,img,
,folktale,,skipped_type,.webp,,,moore,,La sagesse du Moogo vol. 2 | Mooré Burkina Faso,279a69980fb5e97c,image,https://mooreburkina.com/sites/www.mooreburkina.com/files/styles/max_750x750/public/Sagesse%20du%20moogo%202.jpg.webp?itok=ZUzae3Xj,https://mooreburkina.com/fr/contes-proverbes/la-sagesse-du-moogo-vol-2,img,
,book_document,,skipped_type,.webp,,,moore,,Écrire les langues nationales | Mooré Burkina Faso,3fd53aa17939f5db,image,https://mooreburkina.com/sites/www.mooreburkina.com/files/styles/max_750x750/public/caracteres%20speciaux1b.jpg.webp?itok=Lxu7MyIe,https://mooreburkina.com/fr/livres-en-moor%C3%A9/%C3%A9crire-les-langues-nationales,img,
,book_document,,skipped_type,.webp,,,moore,,Écrire les langues nationales | Mooré Burkina Faso,8b715890db8b8fb8,image,https://mooreburkina.com/sites/www.mooreburkina.com/files/styles/max_750x750/public/keyman%202%20installer.png.webp?itok=SSlVB6R2,https://mooreburkina.com/fr/livres-en-moor%C3%A9/%C3%A9crire-les-langues-nationales,img,
,book_document,,skipped_type,.webp,,,moore,,Écrire les langues nationales | Mooré Burkina Faso,7b43e2f063e6ef1a,image,https://mooreburkina.com/sites/www.mooreburkina.com/files/styles/max_750x750/public/keyman%20AYERTY%20et%20QUERTY.jpg.webp?itok=EiqgyY91,https://mooreburkina.com/fr/livres-en-moor%C3%A9/%C3%A9crire-les-langues-nationales,img,
,book_document,,skipped_type,.webp,,,moore,,Écrire les langues nationales | Mooré Burkina Faso,b2c5f00b0d3ea387,image,https://mooreburkina.com/sites/www.mooreburkina.com/files/styles/max_750x750/public/keyman%20drapeau%20BF%20AZERTY.png.webp?itok=CHxSer7E,https://mooreburkina.com/fr/livres-en-moor%C3%A9/%C3%A9crire-les-langues-nationales,img,
,book_document,,skipped_type,.webp,,,moore,,Écrire les langues nationales | Mooré Burkina Faso,2ec504ee7cb2b5fe,image,https://mooreburkina.com/sites/www.mooreburkina.com/files/styles/max_750x750/public/keyman%20drapeau%20BF%20QUERTY.jpg.webp?itok=vMfrvNP6,https://mooreburkina.com/fr/livres-en-moor%C3%A9/%C3%A9crire-les-langues-nationales,img,
,book_document,,skipped_type,.webp,,,moore,,Télécharger des livres en mooré pdf | Mooré Burkina Faso,aacda1feb01a675a,image,https://mooreburkina.com/sites/www.mooreburkina.com/files/styles/max_750x750/public/pdf-files/01%20Dictionnaire%20Moore%20Franc%20Page%20titre1.jpg.webp?itok=j8kkYtRi,https://mooreburkina.com/fr/livres-en-moor%C3%A9/t%C3%A9l%C3%A9charger-pdf,img,
,book_document,,skipped_type,.webp,,,moore,,Télécharger des livres en mooré pdf | Mooré Burkina Faso,f1909ff48b46cadc,image,https://mooreburkina.com/sites/www.mooreburkina.com/files/styles/max_750x750/public/pdf-files/Elle%20et%20Lui%20le%20couple%20se%20construit.jpg.webp?itok=kD_zPklf,https://mooreburkina.com/fr/livres-en-moor%C3%A9/t%C3%A9l%C3%A9charger-pdf,img,
,book_document,,skipped_type,.webp,,,moore,,Télécharger des livres en mooré pdf | Mooré Burkina Faso,0bf0e612ff3474c8,image,https://mooreburkina.com/sites/www.mooreburkina.com/files/styles/max_750x750/public/pdf-files/Parties%20du%20corps%20en%20moor%C3%A9.jpg.webp?itok=sOUWl-bm,https://mooreburkina.com/fr/livres-en-moor%C3%A9/t%C3%A9l%C3%A9charger-pdf,img,
,book_document,,skipped_type,.webp,,,moore,,Télécharger des livres en mooré pdf | Mooré Burkina Faso,46a5c848179a8fb8,image,https://mooreburkina.com/sites/www.mooreburkina.com/files/styles/max_750x750/public/pdf-files/SIDA%20Poko%20facilitateur.jpg.webp?itok=fIl2f9II,https://mooreburkina.com/fr/livres-en-moor%C3%A9/t%C3%A9l%C3%A9charger-pdf,img,
,book_document,,skipped_type,.webp,,,moore,,Télécharger des livres en mooré pdf | Mooré Burkina Faso,eea56bcdd994cbc9,image,https://mooreburkina.com/sites/www.mooreburkina.com/files/styles/max_750x750/public/pdf-files/SIDa%20Poko%20en%20moore.jpg.webp?itok=y2OcXP4y,https://mooreburkina.com/fr/livres-en-moor%C3%A9/t%C3%A9l%C3%A9charger-pdf,img,
,image_culture,,skipped_type,.webp,,,moore,,Gens et leur quotidien | Mooré Burkina Faso,445fbdf6e7d4e858,image,https://mooreburkina.com/sites/www.mooreburkina.com/files/styles/max_750x750/public/slideshow-images/Femmes01.jpg.webp?itok=lUyZxNXO,https://mooreburkina.com/fr/images/fotos-du-pays-mossi/gens-et-impressions,img,
,image_culture,,skipped_type,.webp,,,moore,,Gens et leur quotidien | Mooré Burkina Faso,e6c4c50951369643,image,https://mooreburkina.com/sites/www.mooreburkina.com/files/styles/max_750x750/public/slideshow-images/acheter01.jpg.webp?itok=Bk_UaKT-,https://mooreburkina.com/fr/images/fotos-du-pays-mossi/gens-et-impressions,img,
,image_culture,,skipped_type,.webp,,,moore,,Gens et leur quotidien | Mooré Burkina Faso,3989105c3ac126e8,image,https://mooreburkina.com/sites/www.mooreburkina.com/files/styles/max_750x750/public/slideshow-images/agri01.jpg.webp?itok=OAi-5k05,https://mooreburkina.com/fr/images/fotos-du-pays-mossi/gens-et-impressions,img,
,image_culture,,skipped_type,.webp,,,moore,,Gens et leur quotidien | Mooré Burkina Faso,e27c2d7efa7fc724,image,https://mooreburkina.com/sites/www.mooreburkina.com/files/styles/max_750x750/public/slideshow-images/agri03.jpg.webp?itok=7IulGK-r,https://mooreburkina.com/fr/images/fotos-du-pays-mossi/gens-et-impressions,img,
,image_culture,,skipped_type,.webp,,,moore,,Gens et leur quotidien | Mooré Burkina Faso,e994011a8552535d,image,https://mooreburkina.com/sites/www.mooreburkina.com/files/styles/max_750x750/public/slideshow-images/cheval01.jpg.webp?itok=IAezMrzh,https://mooreburkina.com/fr/images/fotos-du-pays-mossi/gens-et-impressions,img,
,image_culture,,skipped_type,.webp,,,moore,,Gens et leur quotidien | Mooré Burkina Faso,6396db71a324176c,image,https://mooreburkina.com/sites/www.mooreburkina.com/files/styles/max_750x750/public/slideshow-images/cheval02.jpg.webp?itok=T-nfWchO,https://mooreburkina.com/fr/images/fotos-du-pays-mossi/gens-et-impressions,img,
,image_culture,,skipped_type,.webp,,,moore,,Gens et leur quotidien | Mooré Burkina Faso,904b523d0ccca410,image,https://mooreburkina.com/sites/www.mooreburkina.com/files/styles/max_750x750/public/slideshow-images/circulation01.JPG.webp?itok=27mYfwV3,https://mooreburkina.com/fr/images/fotos-du-pays-mossi/gens-et-impressions,img,
,image_culture,,skipped_type,.webp,,,moore,,Gens et leur quotidien | Mooré Burkina Faso,4393e1d7ed1853a2,image,https://mooreburkina.com/sites/www.mooreburkina.com/files/styles/max_750x750/public/slideshow-images/eau01.jpg.webp?itok=2u6C1k7T,https://mooreburkina.com/fr/images/fotos-du-pays-mossi/gens-et-impressions,img,
,image_culture,,skipped_type,.webp,,,moore,,Gens et leur quotidien | Mooré Burkina Faso,21f5904d6b64aab9,image,https://mooreburkina.com/sites/www.mooreburkina.com/files/styles/max_750x750/public/slideshow-images/eau04.jpg.webp?itok=QV8YCyvv,https://mooreburkina.com/fr/images/fotos-du-pays-mossi/gens-et-impressions,img,
,image_culture,,skipped_type,.webp,,,moore,,Gens et leur quotidien | Mooré Burkina Faso,71fdd936d0c62e85,image,https://mooreburkina.com/sites/www.mooreburkina.com/files/styles/max_750x750/public/slideshow-images/eau05.jpg.webp?itok=6IBzr_EH,https://mooreburkina.com/fr/images/fotos-du-pays-mossi/gens-et-impressions,img,
,image_culture,,skipped_type,.webp,,,moore,,Gens et leur quotidien | Mooré Burkina Faso,9619e9a4375ca284,image,https://mooreburkina.com/sites/www.mooreburkina.com/files/styles/max_750x750/public/slideshow-images/eau06.jpg.webp?itok=wmCAIZ9g,https://mooreburkina.com/fr/images/fotos-du-pays-mossi/gens-et-impressions,img,
,image_culture,,skipped_type,.webp,,,moore,,Gens et leur quotidien | Mooré Burkina Faso,469727f0f047ce3d,image,https://mooreburkina.com/sites/www.mooreburkina.com/files/styles/max_750x750/public/slideshow-images/eau08.jpg.webp?itok=sLHrnR-V,https://mooreburkina.com/fr/images/fotos-du-pays-mossi/gens-et-impressions,img,
,image_culture,,skipped_type,.webp,,,moore,,Gens et leur quotidien | Mooré Burkina Faso,cf590631c3575011,image,https://mooreburkina.com/sites/www.mooreburkina.com/files/styles/max_750x750/public/slideshow-images/ecole01.png.webp?itok=Cn9GGWSr,https://mooreburkina.com/fr/images/fotos-du-pays-mossi/gens-et-impressions,img,
,image_culture,,skipped_type,.webp,,,moore,,Gens et leur quotidien | Mooré Burkina Faso,d90d600d5a9f8f5f,image,https://mooreburkina.com/sites/www.mooreburkina.com/files/styles/max_750x750/public/slideshow-images/enfants01.jpg.webp?itok=yD91-rc7,https://mooreburkina.com/fr/images/fotos-du-pays-mossi/gens-et-impressions,img,
,image_culture,,skipped_type,.webp,,,moore,,Gens et leur quotidien | Mooré Burkina Faso,7d1b3bd8ac88049f,image,https://mooreburkina.com/sites/www.mooreburkina.com/files/styles/max_750x750/public/slideshow-images/enfants02.jpg.webp?itok=8Cb0ytAr,https://mooreburkina.com/fr/images/fotos-du-pays-mossi/gens-et-impressions,img,
,image_culture,,skipped_type,.webp,,,moore,,Gens et leur quotidien | Mooré Burkina Faso,20803b8025066602,image,https://mooreburkina.com/sites/www.mooreburkina.com/files/styles/max_750x750/public/slideshow-images/enfants03.jpg.webp?itok=lx0xmvTI,https://mooreburkina.com/fr/images/fotos-du-pays-mossi/gens-et-impressions,img,
,image_culture,,skipped_type,.webp,,,moore,,Gens et leur quotidien | Mooré Burkina Faso,e5a648e458000acf,image,https://mooreburkina.com/sites/www.mooreburkina.com/files/styles/max_750x750/public/slideshow-images/enfants04.jpg.webp?itok=mIRBJd2f,https://mooreburkina.com/fr/images/fotos-du-pays-mossi/gens-et-impressions,img,
,image_culture,,skipped_type,.webp,,,moore,,Gens et leur quotidien | Mooré Burkina Faso,581f2de086c3353c,image,https://mooreburkina.com/sites/www.mooreburkina.com/files/styles/max_750x750/public/slideshow-images/enfants05.jpg.webp?itok=yrvKbx-r,https://mooreburkina.com/fr/images/fotos-du-pays-mossi/gens-et-impressions,img,
,image_culture,,skipped_type,.webp,,,moore,,Gens et leur quotidien | Mooré Burkina Faso,345b22efff85bb17,image,https://mooreburkina.com/sites/www.mooreburkina.com/files/styles/max_750x750/public/slideshow-images/femmes06.jpg.webp?itok=8OH9nbhJ,https://mooreburkina.com/fr/images/fotos-du-pays-mossi/gens-et-impressions,img,
,image_culture,,skipped_type,.webp,,,moore,,Gens et leur quotidien | Mooré Burkina Faso,f24e283fa39e101f,image,https://mooreburkina.com/sites/www.mooreburkina.com/files/styles/max_750x750/public/slideshow-images/femmes07.jpg.webp?itok=NJkRIk1c,https://mooreburkina.com/fr/images/fotos-du-pays-mossi/gens-et-impressions,img,
,image_culture,,skipped_type,.webp,,,moore,,Gens et leur quotidien | Mooré Burkina Faso,3fdfff70c353b85c,image,https://mooreburkina.com/sites/www.mooreburkina.com/files/styles/max_750x750/public/slideshow-images/femmes08.jpg.webp?itok=slneK0Dp,https://mooreburkina.com/fr/images/fotos-du-pays-mossi/gens-et-impressions,img,
,image_culture,,skipped_type,.webp,,,moore,,Gens et leur quotidien | Mooré Burkina Faso,f0ca831895e0a66d,image,https://mooreburkina.com/sites/www.mooreburkina.com/files/styles/max_750x750/public/slideshow-images/femmes09.jpg.webp?itok=RyGWP1ai,https://mooreburkina.com/fr/images/fotos-du-pays-mossi/gens-et-impressions,img,
,image_culture,,skipped_type,.webp,,,moore,,Gens et leur quotidien | Mooré Burkina Faso,addf5c7492f60689,image,https://mooreburkina.com/sites/www.mooreburkina.com/files/styles/max_750x750/public/slideshow-images/femmes11.jpg.webp?itok=RhxcNEMt,https://mooreburkina.com/fr/images/fotos-du-pays-mossi/gens-et-impressions,img,
Thumbnail image,music,,skipped_type,.webp,,,moore,,Hymnes Nationales | Mooré Burkina Faso,3fc2f2a189327ee7,image,https://mooreburkina.com/sites/www.mooreburkina.com/files/styles/small/public/Hymne%20nationale%20BF/hymne%20national%20bf2.jpg.webp?itok=hKtKV_fa,https://mooreburkina.com/fr/chants-et-musique/hymnes-nationales,img,
Thumbnail image,music,,skipped_type,.webp,,,moore,,Chants de la chorale 1 | Mooré Burkina Faso,9a0a48946dd5d930,image,https://mooreburkina.com/sites/www.mooreburkina.com/files/styles/small/public/posters/playlist/chants%20Chorale1%20Playlist.png.webp?itok=O0C5NLaQ,https://mooreburkina.com/fr/chants-et-musique/chants-de-la-chorale-1,img,
,religious,application/x-mpegURL,reference_only,,,,moore,,Marcher avec Jésus | Mooré Burkina Faso,2589015471156f34,link,https://mooreburkina.com/sites/www.mooreburkina.com/files/media_stream/streams/hls_standard_video/1001.m3u8,https://mooreburkina.com/fr/films-clips/marcher-avec-j%C3%A9sus,source,
,religious,application/x-mpegURL,reference_only,,,,moore,,Marcher avec Jésus | Mooré Burkina Faso,f2325029e576a8ec,link,https://mooreburkina.com/sites/www.mooreburkina.com/files/media_stream/streams/hls_standard_video/1004.m3u8,https://mooreburkina.com/fr/films-clips/marcher-avec-j%C3%A9sus,source,
,religious,application/x-mpegURL,reference_only,,,,moore,,Marcher avec Jésus | Mooré Burkina Faso,7c14c496d069e23f,link,https://mooreburkina.com/sites/www.mooreburkina.com/files/media_stream/streams/hls_standard_video/1007.m3u8,https://mooreburkina.com/fr/films-clips/marcher-avec-j%C3%A9sus,source,
,other,application/x-mpegURL,reference_only,,,,moore,,Vidéos de diaporama | Mooré Burkina Faso,7604a4a30f7938d4,link,https://mooreburkina.com/sites/www.mooreburkina.com/files/media_stream/streams/hls_standard_video/1013.m3u8,https://mooreburkina.com/fr/films-clips/vid%C3%A9os-de-diaporama,source,
,other,application/x-mpegURL,reference_only,,,,moore,,Vidéos de diaporama | Mooré Burkina Faso,e25c01153209d01d,link,https://mooreburkina.com/sites/www.mooreburkina.com/files/media_stream/streams/hls_standard_video/1016.m3u8,https://mooreburkina.com/fr/films-clips/vid%C3%A9os-de-diaporama,source,
,other,application/x-mpegURL,reference_only,,,,moore,,Vidéos de diaporama | Mooré Burkina Faso,ca739617a2d9179d,link,https://mooreburkina.com/sites/www.mooreburkina.com/files/media_stream/streams/hls_standard_video/1019.m3u8,https://mooreburkina.com/fr/films-clips/vid%C3%A9os-de-diaporama,source,
,other,application/x-mpegURL,reference_only,,,,moore,,Vidéos de diaporama | Mooré Burkina Faso,7d68bcc0b249ee67,link,https://mooreburkina.com/sites/www.mooreburkina.com/files/media_stream/streams/hls_standard_video/1022.m3u8,https://mooreburkina.com/fr/films-clips/vid%C3%A9os-de-diaporama,source,
,other,application/x-mpegURL,reference_only,,,,moore,,Vidéos de diaporama | Mooré Burkina Faso,f836b241e2a7284f,link,https://mooreburkina.com/sites/www.mooreburkina.com/files/media_stream/streams/hls_standard_video/1025.m3u8,https://mooreburkina.com/fr/films-clips/vid%C3%A9os-de-diaporama,source,
,other,application/x-mpegURL,reference_only,,,,moore,,Vidéos de diaporama | Mooré Burkina Faso,2be72e5ae738495f,link,https://mooreburkina.com/sites/www.mooreburkina.com/files/media_stream/streams/hls_standard_video/1028.m3u8,https://mooreburkina.com/fr/films-clips/vid%C3%A9os-de-diaporama,source,
,other,application/x-mpegURL,reference_only,,,,moore,,Vidéos de diaporama | Mooré Burkina Faso,1ee1f82540939623,link,https://mooreburkina.com/sites/www.mooreburkina.com/files/media_stream/streams/hls_standard_video/1031.m3u8,https://mooreburkina.com/fr/films-clips/vid%C3%A9os-de-diaporama,source,
,other,application/x-mpegURL,reference_only,,,,moore,,Vidéos de diaporama | Mooré Burkina Faso,8f0bbe5b860ee2e6,link,https://mooreburkina.com/sites/www.mooreburkina.com/files/media_stream/streams/hls_standard_video/1034.m3u8,https://mooreburkina.com/fr/films-clips/vid%C3%A9os-de-diaporama,source,
,app,application/x-mpegURL,reference_only,,,,moore,,Applis en mooré | Mooré Burkina Faso,e19a5a3532b02c5d,link,https://mooreburkina.com/sites/www.mooreburkina.com/files/media_stream/streams/hls_standard_video/1175.m3u8,https://mooreburkina.com/fr/applications-smartphone/applis-en-moor%C3%A9,source,
,orthography,application/x-mpegURL,reference_only,,,,moore,,Alphabet en langues nationales | Mooré Burkina Faso,94a1199ff47c3f46,link,https://mooreburkina.com/sites/www.mooreburkina.com/files/media_stream/streams/hls_standard_video/2188.m3u8,https://mooreburkina.com/fr/chants-et-musique/alphabet-en-langues-nationales,source,
,orthography,application/x-mpegURL,reference_only,,,,moore,,Alphabet Clip Rumauntsch Puter | Mooré Burkina Faso,2d0d22e3a51687db,link,https://mooreburkina.com/sites/www.mooreburkina.com/files/media_stream/streams/hls_standard_video/2191.m3u8,https://mooreburkina.com/fr/alphabet-clip-rumauntsch-puter,source,
,app,application/x-mpegURL,reference_only,,,,moore,,Applications smartphone | Mooré Burkina Faso,f10a59bd83eed3e7,link,https://mooreburkina.com/sites/www.mooreburkina.com/files/media_stream/streams/hls_standard_video/778.m3u8,https://mooreburkina.com/fr/applications-smartphone,source,
,other,application/x-mpegURL,reference_only,,,,moore,,Vidéos de diaporama | Mooré Burkina Faso,3d60c17eabec64ba,link,https://mooreburkina.com/sites/www.mooreburkina.com/files/media_stream/streams/hls_standard_video/947.m3u8,https://mooreburkina.com/fr/films-clips/vid%C3%A9os-de-diaporama,source,
,other,application/x-mpegURL,reference_only,,,,moore,,Vidéos de diaporama | Mooré Burkina Faso,13cfee824b1038f1,link,https://mooreburkina.com/sites/www.mooreburkina.com/files/media_stream/streams/hls_standard_video/950.m3u8,https://mooreburkina.com/fr/films-clips/vid%C3%A9os-de-diaporama,source,
,other,application/x-mpegURL,reference_only,,,,moore,,Vidéos de diaporama | Mooré Burkina Faso,646c860bb130c094,link,https://mooreburkina.com/sites/www.mooreburkina.com/files/media_stream/streams/hls_standard_video/953.m3u8,https://mooreburkina.com/fr/films-clips/vid%C3%A9os-de-diaporama,source,
,other,application/x-mpegURL,reference_only,,,,moore,,Vidéos de diaporama | Mooré Burkina Faso,96025e954dc501fa,link,https://mooreburkina.com/sites/www.mooreburkina.com/files/media_stream/streams/hls_standard_video/956.m3u8,https://mooreburkina.com/fr/films-clips/vid%C3%A9os-de-diaporama,source,
,religious,application/x-mpegURL,reference_only,,,,moore,,Marcher avec Jésus | Mooré Burkina Faso,8ba25a9175bd62c5,link,https://mooreburkina.com/sites/www.mooreburkina.com/files/media_stream/streams/hls_standard_video/995.m3u8,https://mooreburkina.com/fr/films-clips/marcher-avec-j%C3%A9sus,source,
,religious,application/x-mpegURL,reference_only,,,,moore,,Marcher avec Jésus | Mooré Burkina Faso,bd0b005e3771e9c5,link,https://mooreburkina.com/sites/www.mooreburkina.com/files/media_stream/streams/hls_standard_video/998.m3u8,https://mooreburkina.com/fr/films-clips/marcher-avec-j%C3%A9sus,source,
mp4 (150px),religious,,skipped_type,.mp4,,,moore,,Marcher avec Jésus | Mooré Burkina Faso,b620009eabcdcf21,video,https://mooreburkina.com/sites/www.mooreburkina.com/files/media_stream/encodings/video_download_mp4_150/1001-.mp4,https://mooreburkina.com/fr/films-clips/marcher-avec-j%C3%A9sus,a,
mp4 (150px),religious,,skipped_type,.mp4,,,moore,,Marcher avec Jésus | Mooré Burkina Faso,81e264aa171ed99b,video,https://mooreburkina.com/sites/www.mooreburkina.com/files/media_stream/encodings/video_download_mp4_150/1004-.mp4,https://mooreburkina.com/fr/films-clips/marcher-avec-j%C3%A9sus,a,
mp4 (150px),religious,,skipped_type,.mp4,,,moore,,Marcher avec Jésus | Mooré Burkina Faso,0ef3bae59277eb2e,video,https://mooreburkina.com/sites/www.mooreburkina.com/files/media_stream/encodings/video_download_mp4_150/1007-.mp4,https://mooreburkina.com/fr/films-clips/marcher-avec-j%C3%A9sus,a,
mp4 (150px),other,,skipped_type,.mp4,,,moore,,Vidéos de diaporama | Mooré Burkina Faso,a8e9bae9f6d92e05,video,https://mooreburkina.com/sites/www.mooreburkina.com/files/media_stream/encodings/video_download_mp4_150/1013-.mp4,https://mooreburkina.com/fr/films-clips/vid%C3%A9os-de-diaporama,a,
mp4 (150px),other,,skipped_type,.mp4,,,moore,,Vidéos de diaporama | Mooré Burkina Faso,631926dcaa3c859c,video,https://mooreburkina.com/sites/www.mooreburkina.com/files/media_stream/encodings/video_download_mp4_150/1016-.mp4,https://mooreburkina.com/fr/films-clips/vid%C3%A9os-de-diaporama,a,
mp4 (150px),other,,skipped_type,.mp4,,,moore,,Vidéos de diaporama | Mooré Burkina Faso,a921033ed059dc04,video,https://mooreburkina.com/sites/www.mooreburkina.com/files/media_stream/encodings/video_download_mp4_150/1019-.mp4,https://mooreburkina.com/fr/films-clips/vid%C3%A9os-de-diaporama,a,
mp4 (150px),other,,skipped_type,.mp4,,,moore,,Vidéos de diaporama | Mooré Burkina Faso,58016d093bdc4356,video,https://mooreburkina.com/sites/www.mooreburkina.com/files/media_stream/encodings/video_download_mp4_150/1022-.mp4,https://mooreburkina.com/fr/films-clips/vid%C3%A9os-de-diaporama,a,
mp4 (150px),other,,skipped_type,.mp4,,,moore,,Vidéos de diaporama | Mooré Burkina Faso,44083a2cddf5a5d1,video,https://mooreburkina.com/sites/www.mooreburkina.com/files/media_stream/encodings/video_download_mp4_150/1025-.mp4,https://mooreburkina.com/fr/films-clips/vid%C3%A9os-de-diaporama,a,
mp4 (150px),other,,skipped_type,.mp4,,,moore,,Vidéos de diaporama | Mooré Burkina Faso,14eca571c98d296a,video,https://mooreburkina.com/sites/www.mooreburkina.com/files/media_stream/encodings/video_download_mp4_150/1028-.mp4,https://mooreburkina.com/fr/films-clips/vid%C3%A9os-de-diaporama,a,
mp4 (150px),other,,skipped_type,.mp4,,,moore,,Vidéos de diaporama | Mooré Burkina Faso,7df682acd02b6c29,video,https://mooreburkina.com/sites/www.mooreburkina.com/files/media_stream/encodings/video_download_mp4_150/1031-.mp4,https://mooreburkina.com/fr/films-clips/vid%C3%A9os-de-diaporama,a,
mp4 (150px),other,,skipped_type,.mp4,,,moore,,Vidéos de diaporama | Mooré Burkina Faso,0432f977008a5607,video,https://mooreburkina.com/sites/www.mooreburkina.com/files/media_stream/encodings/video_download_mp4_150/1034-.mp4,https://mooreburkina.com/fr/films-clips/vid%C3%A9os-de-diaporama,a,
mp4 (150px),app,,skipped_type,.mp4,,,moore,,Applis en mooré | Mooré Burkina Faso,a1d2f01cb2868816,video,https://mooreburkina.com/sites/www.mooreburkina.com/files/media_stream/encodings/video_download_mp4_150/1175-.mp4,https://mooreburkina.com/fr/applications-smartphone/applis-en-moor%C3%A9,a,
mp4 (150px),orthography,,skipped_type,.mp4,,,moore,,Alphabet en langues nationales | Mooré Burkina Faso,9edb4b33accd43e4,video,https://mooreburkina.com/sites/www.mooreburkina.com/files/media_stream/encodings/video_download_mp4_150/2188-.mp4,https://mooreburkina.com/fr/chants-et-musique/alphabet-en-langues-nationales,a,
mp4 (150px),orthography,,skipped_type,.mp4,,,moore,,Alphabet Clip Rumauntsch Puter | Mooré Burkina Faso,8881db7435cfc5d6,video,https://mooreburkina.com/sites/www.mooreburkina.com/files/media_stream/encodings/video_download_mp4_150/2191-.mp4,https://mooreburkina.com/fr/alphabet-clip-rumauntsch-puter,a,
mp4 (150px),app,,skipped_type,.mp4,,,moore,,Applications smartphone | Mooré Burkina Faso,060d2285d6db7a6b,video,https://mooreburkina.com/sites/www.mooreburkina.com/files/media_stream/encodings/video_download_mp4_150/778-.mp4,https://mooreburkina.com/fr/applications-smartphone,a,
mp4 (150px),other,,skipped_type,.mp4,,,moore,,Vidéos de diaporama | Mooré Burkina Faso,e63636b9199f6ed7,video,https://mooreburkina.com/sites/www.mooreburkina.com/files/media_stream/encodings/video_download_mp4_150/947-.mp4,https://mooreburkina.com/fr/films-clips/vid%C3%A9os-de-diaporama,a,
mp4 (150px),other,,skipped_type,.mp4,,,moore,,Vidéos de diaporama | Mooré Burkina Faso,d788c5dbeb6fc042,video,https://mooreburkina.com/sites/www.mooreburkina.com/files/media_stream/encodings/video_download_mp4_150/950-.mp4,https://mooreburkina.com/fr/films-clips/vid%C3%A9os-de-diaporama,a,
mp4 (150px),other,,skipped_type,.mp4,,,moore,,Vidéos de diaporama | Mooré Burkina Faso,1aa3f8f32d4f8e03,video,https://mooreburkina.com/sites/www.mooreburkina.com/files/media_stream/encodings/video_download_mp4_150/953-.mp4,https://mooreburkina.com/fr/films-clips/vid%C3%A9os-de-diaporama,a,
mp4 (150px),other,,skipped_type,.mp4,,,moore,,Vidéos de diaporama | Mooré Burkina Faso,63f5a473efe768bd,video,https://mooreburkina.com/sites/www.mooreburkina.com/files/media_stream/encodings/video_download_mp4_150/956-.mp4,https://mooreburkina.com/fr/films-clips/vid%C3%A9os-de-diaporama,a,
mp4 (150px),religious,,skipped_type,.mp4,,,moore,,Marcher avec Jésus | Mooré Burkina Faso,6d0e3f7ba21062ba,video,https://mooreburkina.com/sites/www.mooreburkina.com/files/media_stream/encodings/video_download_mp4_150/995-.mp4,https://mooreburkina.com/fr/films-clips/marcher-avec-j%C3%A9sus,a,
mp4 (150px),religious,,skipped_type,.mp4,,,moore,,Marcher avec Jésus | Mooré Burkina Faso,2cd3ef8f86a1f5fe,video,https://mooreburkina.com/sites/www.mooreburkina.com/files/media_stream/encodings/video_download_mp4_150/998-.mp4,https://mooreburkina.com/fr/films-clips/marcher-avec-j%C3%A9sus,a,
mp4 (480px),religious,,skipped_type,.mp4,,,moore,,Marcher avec Jésus | Mooré Burkina Faso,325ca2ba9a17a2a5,video,https://mooreburkina.com/sites/www.mooreburkina.com/files/media_stream/encodings/video_download_mp4_480/1001-.mp4,https://mooreburkina.com/fr/films-clips/marcher-avec-j%C3%A9sus,a,
mp4 (480px),religious,,skipped_type,.mp4,,,moore,,Marcher avec Jésus | Mooré Burkina Faso,685c2c6af6cc4735,video,https://mooreburkina.com/sites/www.mooreburkina.com/files/media_stream/encodings/video_download_mp4_480/1004-.mp4,https://mooreburkina.com/fr/films-clips/marcher-avec-j%C3%A9sus,a,
mp4 (480px),religious,,skipped_type,.mp4,,,moore,,Marcher avec Jésus | Mooré Burkina Faso,a3a2fa6ca6a40fe3,video,https://mooreburkina.com/sites/www.mooreburkina.com/files/media_stream/encodings/video_download_mp4_480/1007-.mp4,https://mooreburkina.com/fr/films-clips/marcher-avec-j%C3%A9sus,a,
mp4 (480px),other,,skipped_type,.mp4,,,moore,,Vidéos de diaporama | Mooré Burkina Faso,56f8b3cf98fb9ba3,video,https://mooreburkina.com/sites/www.mooreburkina.com/files/media_stream/encodings/video_download_mp4_480/1013-.mp4,https://mooreburkina.com/fr/films-clips/vid%C3%A9os-de-diaporama,a,
mp4 (480px),other,,skipped_type,.mp4,,,moore,,Vidéos de diaporama | Mooré Burkina Faso,1936b7cbe0bc0acc,video,https://mooreburkina.com/sites/www.mooreburkina.com/files/media_stream/encodings/video_download_mp4_480/1016-.mp4,https://mooreburkina.com/fr/films-clips/vid%C3%A9os-de-diaporama,a,
mp4 (480px),other,,skipped_type,.mp4,,,moore,,Vidéos de diaporama | Mooré Burkina Faso,89c1913853219a0f,video,https://mooreburkina.com/sites/www.mooreburkina.com/files/media_stream/encodings/video_download_mp4_480/1019-.mp4,https://mooreburkina.com/fr/films-clips/vid%C3%A9os-de-diaporama,a,
mp4 (480px),other,,skipped_type,.mp4,,,moore,,Vidéos de diaporama | Mooré Burkina Faso,e6e32c004f34155c,video,https://mooreburkina.com/sites/www.mooreburkina.com/files/media_stream/encodings/video_download_mp4_480/1022-.mp4,https://mooreburkina.com/fr/films-clips/vid%C3%A9os-de-diaporama,a,
mp4 (480px),other,,skipped_type,.mp4,,,moore,,Vidéos de diaporama | Mooré Burkina Faso,50a5c100f52d680e,video,https://mooreburkina.com/sites/www.mooreburkina.com/files/media_stream/encodings/video_download_mp4_480/1025-.mp4,https://mooreburkina.com/fr/films-clips/vid%C3%A9os-de-diaporama,a,
mp4 (480px),other,,skipped_type,.mp4,,,moore,,Vidéos de diaporama | Mooré Burkina Faso,0de61beee0b7881e,video,https://mooreburkina.com/sites/www.mooreburkina.com/files/media_stream/encodings/video_download_mp4_480/1028-.mp4,https://mooreburkina.com/fr/films-clips/vid%C3%A9os-de-diaporama,a,
mp4 (480px),other,,skipped_type,.mp4,,,moore,,Vidéos de diaporama | Mooré Burkina Faso,85fb42281b6da167,video,https://mooreburkina.com/sites/www.mooreburkina.com/files/media_stream/encodings/video_download_mp4_480/1031-.mp4,https://mooreburkina.com/fr/films-clips/vid%C3%A9os-de-diaporama,a,
mp4 (480px),other,,skipped_type,.mp4,,,moore,,Vidéos de diaporama | Mooré Burkina Faso,843f25c16aba9bec,video,https://mooreburkina.com/sites/www.mooreburkina.com/files/media_stream/encodings/video_download_mp4_480/1034-.mp4,https://mooreburkina.com/fr/films-clips/vid%C3%A9os-de-diaporama,a,
mp4 (480px),app,,skipped_type,.mp4,,,moore,,Applis en mooré | Mooré Burkina Faso,09dea036d16d2c14,video,https://mooreburkina.com/sites/www.mooreburkina.com/files/media_stream/encodings/video_download_mp4_480/1175-.mp4,https://mooreburkina.com/fr/applications-smartphone/applis-en-moor%C3%A9,a,
mp4 (480px),orthography,,skipped_type,.mp4,,,moore,,Alphabet Clip Rumauntsch Puter | Mooré Burkina Faso,91b38b87372b007d,video,https://mooreburkina.com/sites/www.mooreburkina.com/files/media_stream/encodings/video_download_mp4_480/2191-.mp4,https://mooreburkina.com/fr/alphabet-clip-rumauntsch-puter,a,
mp4 (480px),app,,skipped_type,.mp4,,,moore,,Applications smartphone | Mooré Burkina Faso,da07602cb940aefd,video,https://mooreburkina.com/sites/www.mooreburkina.com/files/media_stream/encodings/video_download_mp4_480/778-.mp4,https://mooreburkina.com/fr/applications-smartphone,a,
mp4 (480px),other,,skipped_type,.mp4,,,moore,,Vidéos de diaporama | Mooré Burkina Faso,a1cee594a699385e,video,https://mooreburkina.com/sites/www.mooreburkina.com/files/media_stream/encodings/video_download_mp4_480/947-.mp4,https://mooreburkina.com/fr/films-clips/vid%C3%A9os-de-diaporama,a,
mp4 (480px),other,,skipped_type,.mp4,,,moore,,Vidéos de diaporama | Mooré Burkina Faso,2057dce53253cd05,video,https://mooreburkina.com/sites/www.mooreburkina.com/files/media_stream/encodings/video_download_mp4_480/950-.mp4,https://mooreburkina.com/fr/films-clips/vid%C3%A9os-de-diaporama,a,
mp4 (480px),other,,skipped_type,.mp4,,,moore,,Vidéos de diaporama | Mooré Burkina Faso,379ffffc05d2db52,video,https://mooreburkina.com/sites/www.mooreburkina.com/files/media_stream/encodings/video_download_mp4_480/953-.mp4,https://mooreburkina.com/fr/films-clips/vid%C3%A9os-de-diaporama,a,
mp4 (480px),other,,skipped_type,.mp4,,,moore,,Vidéos de diaporama | Mooré Burkina Faso,6094ce413340f65f,video,https://mooreburkina.com/sites/www.mooreburkina.com/files/media_stream/encodings/video_download_mp4_480/956-.mp4,https://mooreburkina.com/fr/films-clips/vid%C3%A9os-de-diaporama,a,
mp4 (480px),religious,,skipped_type,.mp4,,,moore,,Marcher avec Jésus | Mooré Burkina Faso,83a045aaeb4a69bd,video,https://mooreburkina.com/sites/www.mooreburkina.com/files/media_stream/encodings/video_download_mp4_480/995-.mp4,https://mooreburkina.com/fr/films-clips/marcher-avec-j%C3%A9sus,a,
mp4 (480px),religious,,skipped_type,.mp4,,,moore,,Marcher avec Jésus | Mooré Burkina Faso,01b76b3f37abf274,video,https://mooreburkina.com/sites/www.mooreburkina.com/files/media_stream/encodings/video_download_mp4_480/998-.mp4,https://mooreburkina.com/fr/films-clips/marcher-avec-j%C3%A9sus,a,
mp4 (taille originale),religious,,skipped_type,.mp4,,,moore,,Marcher avec Jésus | Mooré Burkina Faso,0734f3100c612032,video,https://mooreburkina.com/sites/www.mooreburkina.com/files/media_stream/encodings/video_download_mp4_orig_qual/1001-.mp4,https://mooreburkina.com/fr/films-clips/marcher-avec-j%C3%A9sus,a,
mp4 (taille originale),religious,,skipped_type,.mp4,,,moore,,Marcher avec Jésus | Mooré Burkina Faso,ad6e0193b3ca02f0,video,https://mooreburkina.com/sites/www.mooreburkina.com/files/media_stream/encodings/video_download_mp4_orig_qual/1004-.mp4,https://mooreburkina.com/fr/films-clips/marcher-avec-j%C3%A9sus,a,
mp4 (taille originale),religious,,skipped_type,.mp4,,,moore,,Marcher avec Jésus | Mooré Burkina Faso,f88854a6921b43bb,video,https://mooreburkina.com/sites/www.mooreburkina.com/files/media_stream/encodings/video_download_mp4_orig_qual/1007-.mp4,https://mooreburkina.com/fr/films-clips/marcher-avec-j%C3%A9sus,a,
mp4 (taille originale),other,,skipped_type,.mp4,,,moore,,Vidéos de diaporama | Mooré Burkina Faso,cd57e7861b677b03,video,https://mooreburkina.com/sites/www.mooreburkina.com/files/media_stream/encodings/video_download_mp4_orig_qual/1013-.mp4,https://mooreburkina.com/fr/films-clips/vid%C3%A9os-de-diaporama,a,
mp4 (taille originale),other,,skipped_type,.mp4,,,moore,,Vidéos de diaporama | Mooré Burkina Faso,06ec9d4dcfb7dedc,video,https://mooreburkina.com/sites/www.mooreburkina.com/files/media_stream/encodings/video_download_mp4_orig_qual/1016-.mp4,https://mooreburkina.com/fr/films-clips/vid%C3%A9os-de-diaporama,a,
mp4 (taille originale),other,,skipped_type,.mp4,,,moore,,Vidéos de diaporama | Mooré Burkina Faso,da5827177dd29a7b,video,https://mooreburkina.com/sites/www.mooreburkina.com/files/media_stream/encodings/video_download_mp4_orig_qual/1019-.mp4,https://mooreburkina.com/fr/films-clips/vid%C3%A9os-de-diaporama,a,
mp4 (taille originale),other,,skipped_type,.mp4,,,moore,,Vidéos de diaporama | Mooré Burkina Faso,a001b44a855598a3,video,https://mooreburkina.com/sites/www.mooreburkina.com/files/media_stream/encodings/video_download_mp4_orig_qual/1022-.mp4,https://mooreburkina.com/fr/films-clips/vid%C3%A9os-de-diaporama,a,
mp4 (taille originale),other,,skipped_type,.mp4,,,moore,,Vidéos de diaporama | Mooré Burkina Faso,4a8f585ab15fba6e,video,https://mooreburkina.com/sites/www.mooreburkina.com/files/media_stream/encodings/video_download_mp4_orig_qual/1025-.mp4,https://mooreburkina.com/fr/films-clips/vid%C3%A9os-de-diaporama,a,
mp4 (taille originale),other,,skipped_type,.mp4,,,moore,,Vidéos de diaporama | Mooré Burkina Faso,f55a4fd7bbc1a639,video,https://mooreburkina.com/sites/www.mooreburkina.com/files/media_stream/encodings/video_download_mp4_orig_qual/1028-.mp4,https://mooreburkina.com/fr/films-clips/vid%C3%A9os-de-diaporama,a,
mp4 (taille originale),other,,skipped_type,.mp4,,,moore,,Vidéos de diaporama | Mooré Burkina Faso,0ad07475d93ca13b,video,https://mooreburkina.com/sites/www.mooreburkina.com/files/media_stream/encodings/video_download_mp4_orig_qual/1031-.mp4,https://mooreburkina.com/fr/films-clips/vid%C3%A9os-de-diaporama,a,
mp4 (taille originale),other,,skipped_type,.mp4,,,moore,,Vidéos de diaporama | Mooré Burkina Faso,096e8bb5204816a7,video,https://mooreburkina.com/sites/www.mooreburkina.com/files/media_stream/encodings/video_download_mp4_orig_qual/1034-.mp4,https://mooreburkina.com/fr/films-clips/vid%C3%A9os-de-diaporama,a,
mp4 (taille originale),app,,skipped_type,.mp4,,,moore,,Applis en mooré | Mooré Burkina Faso,334da34bb66b7177,video,https://mooreburkina.com/sites/www.mooreburkina.com/files/media_stream/encodings/video_download_mp4_orig_qual/1175-.mp4,https://mooreburkina.com/fr/applications-smartphone/applis-en-moor%C3%A9,a,
mp4 (taille originale),orthography,,skipped_type,.mp4,,,moore,,Alphabet en langues nationales | Mooré Burkina Faso,f0f69fa4ea32ecdf,video,https://mooreburkina.com/sites/www.mooreburkina.com/files/media_stream/encodings/video_download_mp4_orig_qual/2188-.mp4,https://mooreburkina.com/fr/chants-et-musique/alphabet-en-langues-nationales,a,
mp4 (taille originale),orthography,,skipped_type,.mp4,,,moore,,Alphabet Clip Rumauntsch Puter | Mooré Burkina Faso,2716ab8cdccaeb49,video,https://mooreburkina.com/sites/www.mooreburkina.com/files/media_stream/encodings/video_download_mp4_orig_qual/2191-.mp4,https://mooreburkina.com/fr/alphabet-clip-rumauntsch-puter,a,
mp4 (taille originale),app,,skipped_type,.mp4,,,moore,,Applications smartphone | Mooré Burkina Faso,442559a4af2e66b6,video,https://mooreburkina.com/sites/www.mooreburkina.com/files/media_stream/encodings/video_download_mp4_orig_qual/778-.mp4,https://mooreburkina.com/fr/applications-smartphone,a,
mp4 (taille originale),other,,skipped_type,.mp4,,,moore,,Vidéos de diaporama | Mooré Burkina Faso,c71655f5dcf7d07b,video,https://mooreburkina.com/sites/www.mooreburkina.com/files/media_stream/encodings/video_download_mp4_orig_qual/947-.mp4,https://mooreburkina.com/fr/films-clips/vid%C3%A9os-de-diaporama,a,
mp4 (taille originale),other,,skipped_type,.mp4,,,moore,,Vidéos de diaporama | Mooré Burkina Faso,ba9d1cb3728440be,video,https://mooreburkina.com/sites/www.mooreburkina.com/files/media_stream/encodings/video_download_mp4_orig_qual/950-.mp4,https://mooreburkina.com/fr/films-clips/vid%C3%A9os-de-diaporama,a,
mp4 (taille originale),other,,skipped_type,.mp4,,,moore,,Vidéos de diaporama | Mooré Burkina Faso,8c38ada6eae04eab,video,https://mooreburkina.com/sites/www.mooreburkina.com/files/media_stream/encodings/video_download_mp4_orig_qual/953-.mp4,https://mooreburkina.com/fr/films-clips/vid%C3%A9os-de-diaporama,a,
mp4 (taille originale),other,,skipped_type,.mp4,,,moore,,Vidéos de diaporama | Mooré Burkina Faso,9b76f26fb2f3acf8,video,https://mooreburkina.com/sites/www.mooreburkina.com/files/media_stream/encodings/video_download_mp4_orig_qual/956-.mp4,https://mooreburkina.com/fr/films-clips/vid%C3%A9os-de-diaporama,a,
mp4 (taille originale),religious,,skipped_type,.mp4,,,moore,,Marcher avec Jésus | Mooré Burkina Faso,9156442a40e9e5ed,video,https://mooreburkina.com/sites/www.mooreburkina.com/files/media_stream/encodings/video_download_mp4_orig_qual/995-.mp4,https://mooreburkina.com/fr/films-clips/marcher-avec-j%C3%A9sus,a,
mp4 (taille originale),religious,,skipped_type,.mp4,,,moore,,Marcher avec Jésus | Mooré Burkina Faso,337d000e493117a0,video,https://mooreburkina.com/sites/www.mooreburkina.com/files/media_stream/encodings/video_download_mp4_orig_qual/998-.mp4,https://mooreburkina.com/fr/films-clips/marcher-avec-j%C3%A9sus,a,
Madame Gorogho Hado Leontine,music,,reference_only,,,,moore,,Chants et clips de Youtube 2 | Mooré Burkina Faso,2729c37ba90bdff3,video_or_embed,https://mooreburkina.com/fr/media/oembed?url=https%3A//www.youtube.com/watch%3Fv%3D0Qd5RrZjoQw&max_width=0&max_height=0&hash=w2rlLSIDpmgjeujRW0C_0IVzHiJAqwI2yPv2mT51Hlw,https://mooreburkina.com/fr/chants-et-musique/chants-et-clips-de-youtube-2,iframe,
RELO ECHO Dîma Wênnaam 4 40,music,,reference_only,,,,moore,,Chants et clips de Youtube 1 | Mooré Burkina Faso,6e074230b2abecdb,video_or_embed,https://mooreburkina.com/fr/media/oembed?url=https%3A//www.youtube.com/watch%3Fv%3D1NwH-4t0z-s&max_width=0&max_height=0&hash=vdAfebX9FzUPGVDAIS1HGhNFdhsmVqp9TpXlxWrFKAA,https://mooreburkina.com/fr/chants-et-musique/chants-et-clips-de-youtube,iframe,
Le centre ville de Ouagadougou la capitale du Burkina-Faso,image_culture,,reference_only,,,,moore,,Ouagadougou en image clip | Mooré Burkina Faso,fd91fdc919288732,video_or_embed,https://mooreburkina.com/fr/media/oembed?url=https%3A//www.youtube.com/watch%3Fv%3D7XzKKWus7Uw&max_width=0&max_height=0&hash=tPzTIdaOEC5CV2-AUDO6Opy4daNR_WJ4FXB_q0osBuI,https://mooreburkina.com/fr/images/ouagadougou,iframe,
CHORALE FEMININE DU TEMPLE WEND PANGA WENNAM MAAN NEERE 4 30,music,,reference_only,,,,moore,,Chants et clips de Youtube 2 | Mooré Burkina Faso,6c7ba5d10792df34,video_or_embed,https://mooreburkina.com/fr/media/oembed?url=https%3A//www.youtube.com/watch%3Fv%3DDU7XGmNC0ME&max_width=0&max_height=0&hash=eH9kSnAA5VTBBWI0W1-pVgUq3ADR04IheuSsA9ndPlI,https://mooreburkina.com/fr/chants-et-musique/chants-et-clips-de-youtube-2,iframe,
Mme TAMPANGA Pengré la Zemsa ne Wênnaam,music,,reference_only,,,,moore,,Chants et clips de Youtube 1 | Mooré Burkina Faso,a872d81cb3f4069f,video_or_embed,https://mooreburkina.com/fr/media/oembed?url=https%3A//www.youtube.com/watch%3Fv%3DLpctype3U14&max_width=0&max_height=0&hash=8A0nkyN1CeAS_DRz84YQZ6Cvy7T-qbykl7as7D2Q4ms,https://mooreburkina.com/fr/chants-et-musique/chants-et-clips-de-youtube,iframe,
Mme BANCE Séraphine Suura Nonma 4 29,music,,reference_only,,,,moore,,Chants et clips de Youtube 1 | Mooré Burkina Faso,a08a479a8245def8,video_or_embed,https://mooreburkina.com/fr/media/oembed?url=https%3A//www.youtube.com/watch%3Fv%3DOJrUNc0lKhA&max_width=0&max_height=0&hash=EMWorkasd5dd_9NZGlZDIhARhsdXebK1zi7jEOxbj0k,https://mooreburkina.com/fr/chants-et-musique/chants-et-clips-de-youtube,iframe,
Mme KIENOU Martine SUNOOG DAARE,music,,reference_only,,,,moore,,Chants et clips de Youtube 1 | Mooré Burkina Faso,68ae5bcc685a423c,video_or_embed,https://mooreburkina.com/fr/media/oembed?url=https%3A//www.youtube.com/watch%3Fv%3DXcvMlfsG2z4&max_width=0&max_height=0&hash=fo-akT62ddL4QZy3OWIg8QavXcMbEdOk2f7s0j4ej4k,https://mooreburkina.com/fr/chants-et-musique/chants-et-clips-de-youtube,iframe,
Traditional burkinabe music,music,,reference_only,,,,moore,,Chants et clips de Youtube 2 | Mooré Burkina Faso,4801ca1f551e6212,video_or_embed,https://mooreburkina.com/fr/media/oembed?url=https%3A//www.youtube.com/watch%3Fv%3DYOzWT4Gp63A&max_width=0&max_height=0&hash=sL_l_7hmIcjyfL4yhmakCIuMXhwreWqfVSNp5BOUqgU,https://mooreburkina.com/fr/chants-et-musique/chants-et-clips-de-youtube-2,iframe,
MME WELORE PITROIPA RIK FAAN BAS NE WENDE,music,,reference_only,,,,moore,,Chants et clips de Youtube 1 | Mooré Burkina Faso,f8074442e796061d,video_or_embed,https://mooreburkina.com/fr/media/oembed?url=https%3A//www.youtube.com/watch%3Fv%3DbEJCM5TbPZo&max_width=0&max_height=0&hash=CrzfuwwsDUs-P6C7SOGR59ESyL099Agh0QV9RQ6bjZw,https://mooreburkina.com/fr/chants-et-musique/chants-et-clips-de-youtube,iframe,
Chorale Femine Temple Eben Ewer Pougsongo 4 06,music,,reference_only,,,,moore,,Chants et clips de Youtube 2 | Mooré Burkina Faso,460f1b429ac3b3bb,video_or_embed,https://mooreburkina.com/fr/media/oembed?url=https%3A//www.youtube.com/watch%3Fv%3Dc-sApZcSG4I&max_width=0&max_height=0&hash=HfkeTXVYr-8VmmoY31_9uo7qgeTa8UYOwxq3Hyp6ThI,https://mooreburkina.com/fr/chants-et-musique/chants-et-clips-de-youtube-2,iframe,
DAVID ET NOUFOU Tuume belsego 4 45,music,,reference_only,,,,moore,,Chants et clips de Youtube 1 | Mooré Burkina Faso,755058848a29e16d,video_or_embed,https://mooreburkina.com/fr/media/oembed?url=https%3A//www.youtube.com/watch%3Fv%3Dc1JA-Vp4unA&max_width=0&max_height=0&hash=VK_-HVP1fq92e2__VfX-Kr-RA4GCyczv5evQvto73Pc,https://mooreburkina.com/fr/chants-et-musique/chants-et-clips-de-youtube,iframe,
Troupe WARBA DE ZAMSÉ - Rencontre magique (Burkina Faso) [Interview Live],music,,reference_only,,,,moore,,Chants et clips de Youtube 2 | Mooré Burkina Faso,7ddb9006c3042492,video_or_embed,https://mooreburkina.com/fr/media/oembed?url=https%3A//www.youtube.com/watch%3Fv%3Dg6cbJYOr6xE&max_width=0&max_height=0&hash=5NV1HIRE2f5al-bx42_In53tMAmg27UQhWDoCpeaXXA,https://mooreburkina.com/fr/chants-et-musique/chants-et-clips-de-youtube-2,iframe,
"Le Warba, la danse des Mossis - The Warba, dance Mossi (Sampongho)",music,,reference_only,,,,moore,,Chants et clips de Youtube 2 | Mooré Burkina Faso,84b286fb5cf9b5b5,video_or_embed,https://mooreburkina.com/fr/media/oembed?url=https%3A//www.youtube.com/watch%3Fv%3DpGbrvm8U8OM&max_width=0&max_height=0&hash=XnULSiTIZLoo4GcYcB1Yd7qQ0Q5E2x_FsZQYy5bk97o,https://mooreburkina.com/fr/chants-et-musique/chants-et-clips-de-youtube-2,iframe,
Mme BATIONO Rose SONGO 3 15 Info live +226 78944863,music,,reference_only,,,,moore,,Chants et clips de Youtube 1 | Mooré Burkina Faso,da3e6c15b61f4721,video_or_embed,https://mooreburkina.com/fr/media/oembed?url=https%3A//www.youtube.com/watch%3Fv%3Dr99HNlWrwnw&max_width=0&max_height=0&hash=i56Zlh5hkm5oIMMZZB7JqdOqF4x59eSMMtIzRJpItGQ,https://mooreburkina.com/fr/chants-et-musique/chants-et-clips-de-youtube,iframe,
Burkina Faso En Images,image_culture,,reference_only,,,,moore,,Le Burkina Faso en images | Mooré Burkina Faso,a651dbda7ea0d618,video_or_embed,https://mooreburkina.com/fr/media/oembed?url=https%3A//www.youtube.com/watch%3Fv%3DsKsLiZqKSoY&max_width=0&max_height=0&hash=0TfixrPPhEkUQmSTzLZX6tn026DUHC_QEH9kW1F7RTA,https://mooreburkina.com/fr/images/le-burkina-faso-en-images,iframe,
"Muziek en dans ""Warba"" van de Moosi stam.",music,,reference_only,,,,moore,,Chants et clips de Youtube 2 | Mooré Burkina Faso,6ce8ae720bfc33c5,video_or_embed,https://mooreburkina.com/fr/media/oembed?url=https%3A//www.youtube.com/watch%3Fv%3DxuOi1S-xzvY&max_width=0&max_height=0&hash=qSjK8-DDXWgtMv949QJMbGUT_1lU5ZaT7BQIpGA1hmw,https://mooreburkina.com/fr/chants-et-musique/chants-et-clips-de-youtube-2,iframe,
31 Applis en Moore 2024.pdf,app,,reference_only,,,,moore,,Applications smartphone | Mooré Burkina Faso,6809af9b93ae7d99,video_or_embed,https://mooreburkina.com/libraries/pdfjs-dist-viewer-min/build/minified/web/viewer.html?file=https%3A%2F%2Fmooreburkina.com%2Fsites%2Fwww.mooreburkina.com%2Ffiles%2Fpdf-files%2F31%2520Applis%2520en%2520Moore%25202024.pdf,https://mooreburkina.com/fr/applications-smartphone,iframe,
Alphabet moore Francais pdf.pdf,orthography,,reference_only,,,,moore,,Télécharger des livres en mooré pdf | Mooré Burkina Faso,5bff1639273fefb2,video_or_embed,https://mooreburkina.com/libraries/pdfjs-dist-viewer-min/build/minified/web/viewer.html?file=https%3A%2F%2Fmooreburkina.com%2Fsites%2Fwww.mooreburkina.com%2Ffiles%2Fpdf-files%2FAlphabet%2520moore%2520Francais%2520pdf.pdf,https://mooreburkina.com/fr/livres-en-moor%C3%A9/t%C3%A9l%C3%A9charger-pdf,iframe,
Applis en Moore.pdf,app,,reference_only,,,,moore,,Télécharger des livres en mooré pdf | Mooré Burkina Faso,ccab76b18c06a4bf,video_or_embed,https://mooreburkina.com/libraries/pdfjs-dist-viewer-min/build/minified/web/viewer.html?file=https%3A%2F%2Fmooreburkina.com%2Fsites%2Fwww.mooreburkina.com%2Ffiles%2Fpdf-files%2FApplis%2520en%2520Moore.pdf,https://mooreburkina.com/fr/livres-en-moor%C3%A9/t%C3%A9l%C3%A9charger-pdf,iframe,
Bf bibeln 2023.pdf,app,,reference_only,,,,moore,,Applis Smartphone en langues Burkina | Mooré Burkina Faso,00df07682ee87920,video_or_embed,https://mooreburkina.com/libraries/pdfjs-dist-viewer-min/build/minified/web/viewer.html?file=https%3A%2F%2Fmooreburkina.com%2Fsites%2Fwww.mooreburkina.com%2Ffiles%2Fpdf-files%2FBf%2520bibeln%25202023.pdf,https://mooreburkina.com/fr/applications-smartphone/applis-smartphone-en-langues-burkina,iframe,
Contes et proverbes Applis BF.pdf,folktale,,reference_only,,,,moore,,Applis Smartphone en langues Burkina | Mooré Burkina Faso,49a0716278ea4631,video_or_embed,https://mooreburkina.com/libraries/pdfjs-dist-viewer-min/build/minified/web/viewer.html?file=https%3A%2F%2Fmooreburkina.com%2Fsites%2Fwww.mooreburkina.com%2Ffiles%2Fpdf-files%2FContes%2520et%2520proverbes%2520Applis%2520BF.pdf,https://mooreburkina.com/fr/applications-smartphone/applis-smartphone-en-langues-burkina,iframe,
Dictionnaires new.pdf,dictionary,,reference_only,,,,moore,,Applications de dictionnaires | Mooré Burkina Faso,b70e7a3ff3caec2f,video_or_embed,https://mooreburkina.com/libraries/pdfjs-dist-viewer-min/build/minified/web/viewer.html?file=https%3A%2F%2Fmooreburkina.com%2Fsites%2Fwww.mooreburkina.com%2Ffiles%2Fpdf-files%2FDictionnaires%2520new.pdf,https://mooreburkina.com/fr/applications-smartphone/applis-smartphone-en-langues-burkina;https://mooreburkina.com/fr/dictionnaire-moor%C3%A9/aplications-de-dictionnaires-pour-ordinateur,iframe,
Moore pour smartphone Mars 2024.pdf,book_document,,reference_only,,,,moore,,Télécharger des livres en mooré pdf | Mooré Burkina Faso,29f6fc21d27cf6e0,video_or_embed,https://mooreburkina.com/libraries/pdfjs-dist-viewer-min/build/minified/web/viewer.html?file=https%3A%2F%2Fmooreburkina.com%2Fsites%2Fwww.mooreburkina.com%2Ffiles%2Fpdf-files%2FMoore%2520pour%2520smartphone%2520Mars%25202024.pdf,https://mooreburkina.com/fr/applications-smartphone;https://mooreburkina.com/fr/livres-en-moor%C3%A9/t%C3%A9l%C3%A9charger-pdf,iframe,
Moore pour smartphone clair.pdf,app,,reference_only,,,,moore,,Applis Smartphone en langues Burkina | Mooré Burkina Faso,7159e160b29ac002,video_or_embed,https://mooreburkina.com/libraries/pdfjs-dist-viewer-min/build/minified/web/viewer.html?file=https%3A%2F%2Fmooreburkina.com%2Fsites%2Fwww.mooreburkina.com%2Ffiles%2Fpdf-files%2FMoore%2520pour%2520smartphone%2520clair.pdf,https://mooreburkina.com/fr/applications-smartphone/applis-smartphone-en-langues-burkina,iframe,
Plakat Fev 2023clair.docx.pdf,app,,reference_only,,,,moore,,Applis Smartphone en langues Burkina | Mooré Burkina Faso,3d27a313e5463225,video_or_embed,https://mooreburkina.com/libraries/pdfjs-dist-viewer-min/build/minified/web/viewer.html?file=https%3A%2F%2Fmooreburkina.com%2Fsites%2Fwww.mooreburkina.com%2Ffiles%2Fpdf-files%2FPlakat%2520Fev%25202023clair.docx.pdf,https://mooreburkina.com/fr/applications-smartphone/applis-smartphone-en-langues-burkina,iframe,
iPhone Apps Plakat.pdf,app,,reference_only,,,,moore,,Applis Smartphone en langues Burkina | Mooré Burkina Faso,f87653455678f43d,video_or_embed,https://mooreburkina.com/libraries/pdfjs-dist-viewer-min/build/minified/web/viewer.html?file=https%3A%2F%2Fmooreburkina.com%2Fsites%2Fwww.mooreburkina.com%2Ffiles%2Fpdf-files%2FiPhone%2520Apps%2520Plakat.pdf,https://mooreburkina.com/fr/applications-smartphone/applis-smartphone-en-langues-burkina,iframe,
,dictionary,,external_reference,,www.webonary.org,,moore,,Dictionnaire moore en ligne | Mooré Burkina Faso,b4597606c0fa40a1,video_or_embed,https://www.webonary.org/moore,https://mooreburkina.com/fr/dictionnaire-moore-en-ligne,iframe,
,dictionary,,external_reference,,www.webonary.org,,moore,,Dictionnaire moore en ligne | Mooré Burkina Faso,2333d2e3dbe4c8cb,video_or_embed,https://www.webonary.org/moore/,https://mooreburkina.com/fr/dictionnaire-moor%C3%A9/dictionnaire-moore-en-ligne,iframe,
.,dictionary,,skipped_type,.apk,,,moore;san,,Applications de dictionnaires | Mooré Burkina Faso,e0b32b800ddbbe54,app,https://mooreburkina.com/sites/www.mooreburkina.com/files/Dictio%20apk/San_Dictionnaire-1.0.apk,https://mooreburkina.com/fr/dictionnaire-moor%C3%A9/aplications-de-dictionnaires-pour-ordinateur,a,
san du sud,dictionary,,external_reference,,play.google.com,,moore;san,,Applications de dictionnaires | Mooré Burkina Faso,b4b909f69bda26c4,app_store,https://play.google.com/store/apps/details?id=com.dict.toma.san&hl=fr,https://mooreburkina.com/fr/dictionnaire-moor%C3%A9/aplications-de-dictionnaires-pour-ordinateur,a,
,dictionary,,external_reference,,play.google.com,,moore;san,,Applications de dictionnaires | Mooré Burkina Faso,6a5068c534e9ef8a,app_store,https://play.google.com/store/apps/details?id=com.matya.san.lexique&hl=fr,https://mooreburkina.com/fr/dictionnaire-moor%C3%A9/aplications-de-dictionnaires-pour-ordinateur,a,
reoogo /phacochère (sanglier) / warthog (bush-pig),image_culture,,skipped_type,.webp,,,moore;san,,Animaux | Mooré Burkina Faso,ea4e656d46155f0d,image,https://mooreburkina.com/sites/www.mooreburkina.com/files/styles/gallery/public/gallery-images/phacochere.jpg.webp?itok=Z74ghhzX,https://mooreburkina.com/fr/images/animaux,img,
dictionnaire San Matya.jpg,dictionary,,skipped_type,.webp,,,moore;san,,Applications de dictionnaires | Mooré Burkina Faso,ab8d2c8bff518816,image,https://mooreburkina.com/sites/www.mooreburkina.com/files/styles/max_750x750/public/2023-11/dictionnaire%20San%20Matya.jpg.webp?itok=uHbkAXSm,https://mooreburkina.com/fr/dictionnaire-moor%C3%A9/aplications-de-dictionnaires-pour-ordinateur,img,
Play Store San Matya dico.jpg,dictionary,,skipped_type,.webp,,,moore;san,,Applications de dictionnaires | Mooré Burkina Faso,08e14d768b911bae,image,https://mooreburkina.com/sites/www.mooreburkina.com/files/styles/max_750x750/public/2026-02/Play%20Store%20San%20Matya%20dico.jpg.webp?itok=HYUJJs0s,https://mooreburkina.com/fr/dictionnaire-moor%C3%A9/aplications-de-dictionnaires-pour-ordinateur,img,
Webonary San du sud dico.jpg,dictionary,,skipped_type,.webp,,,moore;san,,Applications de dictionnaires | Mooré Burkina Faso,d08a1e20529e265e,image,https://mooreburkina.com/sites/www.mooreburkina.com/files/styles/max_750x750/public/2026-02/Webonary%20San%20du%20sud%20dico.jpg.webp?itok=-e68YfUk,https://mooreburkina.com/fr/dictionnaire-moor%C3%A9/aplications-de-dictionnaires-pour-ordinateur,img,
,dictionary,,skipped_type,.webp,,,moore;san,,Applications de dictionnaires | Mooré Burkina Faso,d661b02489dea689,image,https://mooreburkina.com/sites/www.mooreburkina.com/files/styles/max_750x750/public/Dictio%20apk/smarthphone%20san%20sud.jpg.webp?itok=1BHvCcTt,https://mooreburkina.com/fr/dictionnaire-moor%C3%A9/aplications-de-dictionnaires-pour-ordinateur,img,
,dictionary,,skipped_type,.webp,,,moore;san,,Applications de dictionnaires | Mooré Burkina Faso,3f40dd9233e1f20f,image,https://mooreburkina.com/sites/www.mooreburkina.com/files/styles/max_750x750/public/Diction%20exe/dictionnaire%20San%20du%20sud.jpg.webp?itok=MpP2sQq_,https://mooreburkina.com/fr/dictionnaire-moor%C3%A9/aplications-de-dictionnaires-pour-ordinateur,img,
,image_culture,,skipped_type,.webp,,,moore;san,,Gens et leur quotidien | Mooré Burkina Faso,ec56f53b12b01984,image,https://mooreburkina.com/sites/www.mooreburkina.com/files/styles/max_750x750/public/slideshow-images/artisan03.jpg.webp?itok=rAwh0obA,https://mooreburkina.com/fr/images/fotos-du-pays-mossi/gens-et-impressions,img,
