resource_id,resource_url,resource_type,extension,language,variant,collection,source_page,page_title,anchor_text,tag,external_host,http_status,content_type,notes
a2ddfc65cc022ca3,https://mooreburkina.com/sites/www.mooreburkina.com/files/Agole%20Kusaal%20-%20Lexique%20Pro%20Setup.exe,link,,,,other,https://mooreburkina.com/sites/www.mooreburkina.com/files/Agole%20Kusaal%20-%20Lexique%20Pro%20Setup.exe,,,direct,mooreburkina.com,200,application/octet-stream,discovered_as_non_html_page
1a7e8702ac6bda74,https://mooreburkina.com/sites/www.mooreburkina.com/files/Bamanan%20-%20Lexique%20Pro%20Setup_0.exe,link,,,,other,https://mooreburkina.com/sites/www.mooreburkina.com/files/Bamanan%20-%20Lexique%20Pro%20Setup_0.exe,,,direct,mooreburkina.com,200,application/octet-stream,discovered_as_non_html_page
03f1ebcc57fd2a59,https://mooreburkina.com/sites/www.mooreburkina.com/files/Buli%20-%20Lexique%20Pro%20Setup.exe,link,,,,other,https://mooreburkina.com/sites/www.mooreburkina.com/files/Buli%20-%20Lexique%20Pro%20Setup.exe,,,direct,mooreburkina.com,200,application/octet-stream,discovered_as_non_html_page
d9ff2a6e193c2eb6,https://mooreburkina.com/sites/www.mooreburkina.com/files/Dagara%20wul%C3%A9%20-%20Lexique%20Pro%20Setup.exe,link,,,,other,https://mooreburkina.com/sites/www.mooreburkina.com/files/Dagara%20wul%C3%A9%20-%20Lexique%20Pro%20Setup.exe,,,direct,mooreburkina.com,200,application/octet-stream,discovered_as_non_html_page
45e1034cb6b2af77,https://mooreburkina.com/sites/www.mooreburkina.com/files/Dagbani%20-%20Lexique%20Pro%20Setup.exe,link,,,,other,https://mooreburkina.com/sites/www.mooreburkina.com/files/Dagbani%20-%20Lexique%20Pro%20Setup.exe,,,direct,mooreburkina.com,200,application/octet-stream,discovered_as_non_html_page
b90ed7343f4ebd40,https://mooreburkina.com/sites/www.mooreburkina.com/files/Diction%20exe/Dioula%20-%20Lexique%20Pro%20Setup.exe,link,,,,other,https://mooreburkina.com/sites/www.mooreburkina.com/files/Diction%20exe/Dioula%20-%20Lexique%20Pro%20Setup.exe,,,direct,mooreburkina.com,200,application/octet-stream,discovered_as_non_html_page
ce0b29f2c25cc571,https://mooreburkina.com/sites/www.mooreburkina.com/files/Diction%20exe/Farefare%20-%20Ninkare%20Lexique%20Pro%20Setup.exe,link,,,,other,https://mooreburkina.com/sites/www.mooreburkina.com/files/Diction%20exe/Farefare%20-%20Ninkare%20Lexique%20Pro%20Setup.exe,,,direct,mooreburkina.com,200,application/octet-stream,discovered_as_non_html_page
13f90a68bcaaeb6d,https://mooreburkina.com/sites/www.mooreburkina.com/files/Diction%20exe/Fulfulde-BF%20-%20Lexique%20Pro%20Setup.exe,link,,,,other,https://mooreburkina.com/sites/www.mooreburkina.com/files/Diction%20exe/Fulfulde-BF%20-%20Lexique%20Pro%20Setup.exe,,,direct,mooreburkina.com,200,application/octet-stream,discovered_as_non_html_page
9a9202c0ba2e8250,https://mooreburkina.com/sites/www.mooreburkina.com/files/Diction%20exe/Gourmanch%C3%A9ma%20-%20Lexique%20Pro%20Setup.exe,link,,,,other,https://mooreburkina.com/sites/www.mooreburkina.com/files/Diction%20exe/Gourmanch%C3%A9ma%20-%20Lexique%20Pro%20Setup.exe,,,direct,mooreburkina.com,200,application/octet-stream,discovered_as_non_html_page
2471308ace1bb6e6,https://mooreburkina.com/sites/www.mooreburkina.com/files/Diction%20exe/Kassem%20-%20Lexique%20Pro%20Setup.exe,link,,,,other,https://mooreburkina.com/sites/www.mooreburkina.com/files/Diction%20exe/Kassem%20-%20Lexique%20Pro%20Setup.exe,,,direct,mooreburkina.com,200,application/octet-stream,discovered_as_non_html_page
d1a5da6b01c56e34,https://mooreburkina.com/sites/www.mooreburkina.com/files/Diction%20exe/Kusaal%20-%20Lexique%20Pro%20Setup.exe,link,,,,other,https://mooreburkina.com/sites/www.mooreburkina.com/files/Diction%20exe/Kusaal%20-%20Lexique%20Pro%20Setup.exe,,,direct,mooreburkina.com,200,application/octet-stream,discovered_as_non_html_page
7a6eaf6dd9f33e36,https://mooreburkina.com/sites/www.mooreburkina.com/files/Diction%20exe/Lobiri%20-%20Lexique%20Pro%20Setup.exe,link,,,,other,https://mooreburkina.com/sites/www.mooreburkina.com/files/Diction%20exe/Lobiri%20-%20Lexique%20Pro%20Setup.exe,,,direct,mooreburkina.com,200,application/octet-stream,discovered_as_non_html_page
3c7b2c4e98b2db3e,https://mooreburkina.com/sites/www.mooreburkina.com/files/Diction%20exe/Moore%20-%20Lexique%20Pro%20Setup.exe,link,,,,other,https://mooreburkina.com/sites/www.mooreburkina.com/files/Diction%20exe/Moore%20-%20Lexique%20Pro%20Setup.exe,,,direct,mooreburkina.com,200,application/octet-stream,discovered_as_non_html_page
99ba1d964d78811e,https://mooreburkina.com/sites/www.mooreburkina.com/files/Diction%20exe/San%20du%20sud%20-%20Lexique%20Pro%20Setup.exe,link,,,,other,https://mooreburkina.com/sites/www.mooreburkina.com/files/Diction%20exe/San%20du%20sud%20-%20Lexique%20Pro%20Setup.exe,,,direct,mooreburkina.com,200,application/octet-stream,discovered_as_non_html_page
880c67fa2bc5aaf2,https://mooreburkina.com/sites/www.mooreburkina.com/files/Dioula%20-%20Lexique%20Pro%20Setup.exe,link,,,,other,https://mooreburkina.com/sites/www.mooreburkina.com/files/Dioula%20-%20Lexique%20Pro%20Setup.exe,,,direct,mooreburkina.com,200,application/octet-stream,discovered_as_non_html_page
18c1bb30934c6d6e,https://mooreburkina.com/sites/www.mooreburkina.com/files/Fulfulde-BF%20-%20Lexique%20Pro%20Setup.exe,link,,,,other,https://mooreburkina.com/sites/www.mooreburkina.com/files/Fulfulde-BF%20-%20Lexique%20Pro%20Setup.exe,,,direct,mooreburkina.com,200,application/octet-stream,discovered_as_non_html_page
c0fe9832a3f611e9,https://mooreburkina.com/sites/www.mooreburkina.com/files/Guren%C9%9B%20-%20Lexique%20Pro%20Setup.exe,link,,,,other,https://mooreburkina.com/sites/www.mooreburkina.com/files/Guren%C9%9B%20-%20Lexique%20Pro%20Setup.exe,,,direct,mooreburkina.com,200,application/octet-stream,discovered_as_non_html_page
2e734db251ffdda8,https://mooreburkina.com/sites/www.mooreburkina.com/files/Karaboro%20-%20Lexique%20Pro%20Setup.exe,link,,,,other,https://mooreburkina.com/sites/www.mooreburkina.com/files/Karaboro%20-%20Lexique%20Pro%20Setup.exe,,,direct,mooreburkina.com,200,application/octet-stream,discovered_as_non_html_page
8c62d15dc697e76e,https://mooreburkina.com/sites/www.mooreburkina.com/files/Kasem%20Ghana%20-%20Lexique%20Pro%20Setup.exe,link,,,,other,https://mooreburkina.com/sites/www.mooreburkina.com/files/Kasem%20Ghana%20-%20Lexique%20Pro%20Setup.exe,,,direct,mooreburkina.com,200,application/octet-stream,discovered_as_non_html_page
0961b3ff89802b92,https://mooreburkina.com/sites/www.mooreburkina.com/files/Kusaal%20Tonde-%20Lexique%20Pro%20Setup.exe,link,,,,other,https://mooreburkina.com/sites/www.mooreburkina.com/files/Kusaal%20Tonde-%20Lexique%20Pro%20Setup.exe,,,direct,mooreburkina.com,200,application/octet-stream,discovered_as_non_html_page
2ea01ff23848d847,https://mooreburkina.com/sites/www.mooreburkina.com/files/Mampruli%20-%20Lexique%20Pro%20Setup.exe,link,,,,other,https://mooreburkina.com/sites/www.mooreburkina.com/files/Mampruli%20-%20Lexique%20Pro%20Setup.exe,,,direct,mooreburkina.com,200,application/octet-stream,discovered_as_non_html_page
beb8483bdac91904,https://mooreburkina.com/sites/www.mooreburkina.com/files/Moor%C3%A9%20-%20Lexique%20Pro%20Setup.exe,link,,,,other,https://mooreburkina.com/sites/www.mooreburkina.com/files/Moor%C3%A9%20-%20Lexique%20Pro%20Setup.exe,,,direct,mooreburkina.com,200,application/octet-stream,discovered_as_non_html_page
61ddc03a636f544e,https://mooreburkina.com/sites/www.mooreburkina.com/files/Moore%20-%20Lexique%20Pro%20Setup.exe,link,,,,other,https://mooreburkina.com/sites/www.mooreburkina.com/files/Moore%20-%20Lexique%20Pro%20Setup.exe,,,direct,mooreburkina.com,200,application/octet-stream,discovered_as_non_html_page
dee7a750bf3701b8,https://mooreburkina.com/sites/www.mooreburkina.com/files/San%20Matya%20-%20Lexique%20Pro%20Setup.exe,link,,,,other,https://mooreburkina.com/sites/www.mooreburkina.com/files/San%20Matya%20-%20Lexique%20Pro%20Setup.exe,,,direct,mooreburkina.com,200,application/octet-stream,discovered_as_non_html_page
43c1dcb9260415ca,https://mooreburkina.com/sites/www.mooreburkina.com/files/styles/max_750x750/public/pdf-files/02%20Dioula%20-%20fran%C3%A7ais%20-%20English.jpg.webp?itok=gVDMTovP,image,.webp,dioula;english;french;moore,,book_document,https://mooreburkina.com/fr/dioula/documents-dioula,Documents dioula | Mooré Burkina Faso,,img,,,,
b29985e4ae9dbe97,https://mooreburkina.com/sites/www.mooreburkina.com/files/styles/max_750x750/public/pdf-files/Animaux%20Dioula-fran%C3%A7ais-anglais.jpg.webp?itok=shhG9WKK,image,.webp,dioula;english;french;moore,,book_document,https://mooreburkina.com/fr/dioula/documents-dioula,Documents dioula | Mooré Burkina Faso,,img,,,,
8198d8f0007c2a7e,https://mooreburkina.com/sites/www.mooreburkina.com/files/styles/max_750x750/public/pdf-files/Corps%20humain%20dioula-fran%C3%A7ais-anglais.jpg.webp?itok=HzEenZSa,image,.webp,dioula;english;french;moore,,book_document,https://mooreburkina.com/fr/dioula/documents-dioula,Documents dioula | Mooré Burkina Faso,,img,,,,
3d602df7fc9867ae,https://mooreburkina.com/sites/www.mooreburkina.com/files/styles/medium/public/pdf-files/Bambara%20Lexicon.pdf.jpg.webp?itok=V6trrPRi,image,.webp,dioula;english;french;moore,,dictionary,https://mooreburkina.com/fr/dioula/documents-dioula,Documents dioula | Mooré Burkina Faso,Dictionnaire Bambara Français - English - Deutsch.pdf,img,,,,
effc8f5e13b7de68,https://mooreburkina.com/sites/www.mooreburkina.com/files/pdf-files/02%20Dictionnaire%20Dioula%20-%20fran%C3%A7ais%20-%20English%20-%20Deutsch.pdf,pdf,.pdf,dioula;english;french;moore,,dictionary,https://mooreburkina.com/fr/dioula/documents-dioula,Documents dioula | Mooré Burkina Faso,Dictionnaire dioula - français - anglais - allemand,a,,,,
1b423756f76a4297,https://mooreburkina.com/sites/www.mooreburkina.com/files/pdf-files/Animaux%20Dioula-fran%C3%A7ais-anglais-allemand.pdf,pdf,.pdf,dioula;english;french;moore,,image_culture,https://mooreburkina.com/fr/dioula/documents-dioula,Documents dioula | Mooré Burkina Faso,animaux en dioula - français - anglais - allemand,a,,,,
560aba161478ff8c,https://mooreburkina.com/sites/www.mooreburkina.com/files/pdf-files/Corps%20humain%20dioula-fran%C3%A7ais-anglais-allemand.pdf,pdf,.pdf,dioula;english;french;moore,,book_document,https://mooreburkina.com/fr/dioula/documents-dioula,Documents dioula | Mooré Burkina Faso,le corps humain en dioula - français - anglais - allemand,a,,,,
a1a8470d28f02cf1,https://mooreburkina.com/sites/www.mooreburkina.com/files/pdf-files/Dioula%20-%20fran%C3%A7ais%20-%20English%20-%20deutsch%20avec%20images.pdf,pdf,.pdf,dioula;english;french;moore,,dictionary,https://mooreburkina.com/fr/dioula/documents-dioula,Documents dioula | Mooré Burkina Faso,"Dictionnaire dioula - français - anglais - allemand, avec images",a,,,,
43fb58765b7963e7,https://mooreburkina.com/sites/www.mooreburkina.com/files/pdf-files/Dioula%20Agriculture%20fran%C3%A7ais%20-%20anglais%20-%20allemand.pdf,pdf,.pdf,dioula;english;french;moore,,book_document,https://mooreburkina.com/fr/dioula/documents-dioula,Documents dioula | Mooré Burkina Faso,agriculture et élevage,a,,,,
3666c8a0ad74e160,https://mooreburkina.com/sites/www.mooreburkina.com/files/pdf-files/Dioula%20maladies%20Lexique.pdf,pdf,.pdf,dioula;english;french;moore,,book_document,https://mooreburkina.com/fr/dioula/documents-dioula,Documents dioula | Mooré Burkina Faso,Maladies en dioula - français - anglais - allemand,a,,,,
f47c290530d49b29,https://mooreburkina.com/sites/www.mooreburkina.com/files/pdf-files/Dioula%20nourriture%20Lexique.pdf,pdf,.pdf,dioula;english;french;moore,,book_document,https://mooreburkina.com/fr/dioula/documents-dioula,Documents dioula | Mooré Burkina Faso,Nourriture en dioula - français - anglais - allemand,a,,,,
8b226a832653c69d,https://mooreburkina.com/libraries/pdfjs-dist-viewer-min/build/minified/web/viewer.html?file=https%3A%2F%2Fmooreburkina.com%2Fsites%2Fwww.mooreburkina.com%2Ffiles%2Fpdf-files%2FAnimaux%2520Dioula-fran%25C3%25A7ais-anglais-allemand.pdf,video_or_embed,,dioula;english;french;moore,,image_culture,https://mooreburkina.com/fr/dioula/documents-dioula,Documents dioula | Mooré Burkina Faso,Animaux Dioula-français-anglais-allemand.pdf,iframe,,,,
071c18e88be0000b,https://mooreburkina.com/libraries/pdfjs-dist-viewer-min/build/minified/web/viewer.html?file=https%3A%2F%2Fmooreburkina.com%2Fsites%2Fwww.mooreburkina.com%2Ffiles%2Fpdf-files%2FCorps%2520humain%2520dioula-fran%25C3%25A7ais-anglais-allemand.pdf,video_or_embed,,dioula;english;french;moore,,book_document,https://mooreburkina.com/fr/dioula/documents-dioula,Documents dioula | Mooré Burkina Faso,Corps humain dioula-français-anglais-allemand.pdf,iframe,,,,
d751ebef2bd82a8d,https://mooreburkina.com/libraries/pdfjs-dist-viewer-min/build/minified/web/viewer.html?file=https%3A%2F%2Fmooreburkina.com%2Fsites%2Fwww.mooreburkina.com%2Ffiles%2Fpdf-files%2FDioula%2520Agriculture%2520fran%25C3%25A7ais%2520-%2520anglais%2520-%2520allemand.pdf,video_or_embed,,dioula;english;french;moore,,book_document,https://mooreburkina.com/fr/dioula/documents-dioula,Documents dioula | Mooré Burkina Faso,Dioula Agriculture français - anglais - allemand.pdf,iframe,,,,
68eeee1e5fe023a8,https://www.webonary.org/dioula-bf/,video_or_embed,,dioula;english;french;moore,,dictionary,https://mooreburkina.com/fr/dictionnaire-moor%C3%A9/dictionnaire-dioula-fran%C3%A7ais-english,Dictionnaire dioula en-ligne | Mooré Burkina Faso,,iframe,www.webonary.org,,,
fae8c22fd4e5b697,https://play.google.com/store/apps/details?id=com.mogoya.julakan.bamnankan.francais.english&hl=fr,app_store,,dioula;english;fulfulde;moore,,other,https://mooreburkina.com/fr/dioula-fulfulde;https://mooreburkina.com/fr/dioula/applis-en-dioula-jula,Dioula | Mooré Burkina Faso,,a,play.google.com,,,
2b2669570222c843,https://mooreburkina.com/sites/www.mooreburkina.com/files/styles/max_750x750/public/pdf-files/02%20Index%20English%20-%20Dioula.jpg.webp?itok=CMHv7EqC,image,.webp,dioula;english;moore,,book_document,https://mooreburkina.com/fr/dioula/documents-dioula,Documents dioula | Mooré Burkina Faso,,img,,,,
2da005eb3c0bbc56,https://mooreburkina.com/sites/www.mooreburkina.com/files/styles/medium/public/pdf-files/Bambara%20-%20English%20Index.pdf.jpg.webp?itok=6BV8IbGk,image,.webp,dioula;english;moore,,book_document,https://mooreburkina.com/fr/dioula/documents-dioula,Documents dioula | Mooré Burkina Faso,Bambara - English Index.pdf,img,,,,
a616a368dc9f1067,https://mooreburkina.com/sites/www.mooreburkina.com/files/pdf-files/02%20Index%20English%20-%20Dioula1.pdf,pdf,.pdf,dioula;english;moore,,book_document,https://mooreburkina.com/fr/dioula/documents-dioula,Documents dioula | Mooré Burkina Faso,index du même dictionaire : anglais - dioula,a,,,,
5c15da217be03f9b,https://mooreburkina.com/sites/www.mooreburkina.com/files/pdf-files/Bambara%20-%20English%20Index.pdf,pdf,.pdf,dioula;english;moore,,book_document,https://mooreburkina.com/fr/dioula/documents-dioula;https://mooreburkina.com/libraries/pdfjs-dist-viewer-min/build/minified/web/viewer.html?file=%2Fsites%2Fwww.mooreburkina.com%2Ffiles%2Fpdf-files%2FBambara%2520-%2520English%2520Index.pdf,Documents dioula | Mooré Burkina Faso,Regarder 1.9 Mo,a,,,,
640ae2c75dca5bcd,https://media.ipsapps.org/dyu/ora/p1/,external_interactive,,dioula;french;fulfulde;moore,,folktale,https://mooreburkina.com/fr/dioula-fulfulde/contes-dioula-et-fran%C3%A7ais,Proverbes dioula et français | Mooré Burkina Faso,,iframe,media.ipsapps.org,,,
d8df5f071e0c11a1,https://mooreburkina.com/sites/www.mooreburkina.com/files/styles/max_750x750/public/2024-07/29%20Proverbes%20dioula%20dioula%20sur%20Play%20Store.jpg.webp?itok=vrjb9Hha,image,.webp,dioula;french;fulfulde;moore,,folktale,https://mooreburkina.com/fr/dioula-fulfulde/contes-dioula-et-fran%C3%A7ais;https://mooreburkina.com/fr/dioula/applis-en-dioula-jula,Proverbes dioula et français | Mooré Burkina Faso,29 Proverbes dioula dioula sur Play Store,img,,,,
2842529a7ada7496,https://mooreburkina.com/sites/www.mooreburkina.com/files/styles/max_750x750/public/pdf-files/02%20Index%20Fran%C3%A7ais%20-%20Dioula.jpg.webp?itok=xWpRP-HF,image,.webp,dioula;french;moore,,book_document,https://mooreburkina.com/fr/dioula/documents-dioula,Documents dioula | Mooré Burkina Faso,,img,,,,
c7fcbbb8c05b9029,https://mooreburkina.com/sites/www.mooreburkina.com/files/styles/medium/public/pdf-files/Bambara%20-%20Fran%C3%A7ais%20Index%20%28fran%C3%A7ais%29.pdf.jpg.webp?itok=8m8Ur-II,image,.webp,dioula;french;moore,,book_document,https://mooreburkina.com/fr/dioula/documents-dioula,Documents dioula | Mooré Burkina Faso,Bambara - Français Index (français).pdf,img,,,,
66da62436e062397,https://mooreburkina.com/sites/www.mooreburkina.com/files/pdf-files/02%20Index%20Fran%C3%A7ais%20-%20Dioula.pdf,pdf,.pdf,dioula;french;moore,,dictionary,https://mooreburkina.com/fr/dioula/documents-dioula,Documents dioula | Mooré Burkina Faso,/ index du même dictionnaire: français - dioula,a,,,,
2ca5c74c3672b38d,https://mooreburkina.com/sites/www.mooreburkina.com/files/pdf-files/Bambara%20-%20Fran%C3%A7ais%20Index%20%28fran%C3%A7ais%29.pdf,pdf,.pdf,dioula;french;moore,,book_document,https://mooreburkina.com/fr/dioula/documents-dioula;https://mooreburkina.com/libraries/pdfjs-dist-viewer-min/build/minified/web/viewer.html?file=%2Fsites%2Fwww.mooreburkina.com%2Ffiles%2Fpdf-files%2FBambara%2520-%2520Fran%25C3%25A7ais%2520Index%2520%2528fran%25C3%25A7ais%2529.pdf,Documents dioula | Mooré Burkina Faso,Regarder 1.9 Mo,a,,,,
ed9b2fdc914d1cce,https://play.google.com/store/apps/details?id=com.femme.de.voix.musokan&hl=fr,app_store,,dioula;fulfulde;moore,,other,https://mooreburkina.com/fr/dioula-fulfulde;https://mooreburkina.com/fr/dioula/applis-en-dioula-jula,Dioula | Mooré Burkina Faso,,a,play.google.com,,,
4ee0815fd0b62069,https://play.google.com/store/search?q=musokan&c=apps&hl=fr,app_store,,dioula;fulfulde;moore,,other,https://mooreburkina.com/fr/dioula-fulfulde,Dioula | Mooré Burkina Faso,https://play.google.com/store/search?q=musokan&c=apps&hl=fr,a,play.google.com,,,
0ac9d880606ef51f,https://media.ipsapps.org/fuh/ora/co7/,external_interactive,,dioula;fulfulde;moore,,folktale,https://mooreburkina.com/fr/fulfulde/proverbes-dioula-vol-4,Contes lus en fulfulde vol 4 | Mooré Burkina Faso,,iframe,media.ipsapps.org,,,
9999e88a3b424bc1,https://mooreburkina.com/sites/www.mooreburkina.com/files/styles/max_750x750/public/2023-12/01%20dioula.jpg.webp?itok=Q3pQzyPQ,image,.webp,dioula;fulfulde;moore,,other,https://mooreburkina.com/fr/dioula-fulfulde,Dioula | Mooré Burkina Faso,Musiciens dioula,img,,,,
50f4caf344d7a89c,https://mooreburkina.com/sites/www.mooreburkina.com/files/styles/max_750x750/public/2023-12/03%20dioula.jpg.webp?itok=mgPf8duR,image,.webp,dioula;fulfulde;moore,,other,https://mooreburkina.com/fr/dioula-fulfulde,Dioula | Mooré Burkina Faso,Mosquee a Bobo,img,,,,
7afdb15da435fc6b,https://mooreburkina.com/sites/www.mooreburkina.com/files/styles/max_750x750/public/2023-12/06%20dioula.jpg.webp?itok=vUXCgMNn,image,.webp,dioula;fulfulde;moore,,religious,https://mooreburkina.com/fr/dioula-fulfulde,Dioula | Mooré Burkina Faso,fruits au marche Bobo,img,,,,
10ca4b239cc0c75f,https://mooreburkina.com/sites/www.mooreburkina.com/files/styles/max_750x750/public/2023-12/Gaoua2007%20128.jpg.webp?itok=keqggrqp,image,.webp,dioula;fulfulde;moore,,religious,https://mooreburkina.com/fr/dioula-fulfulde,Dioula | Mooré Burkina Faso,fille au marche de Bobo,img,,,,
b6a3a28324a085c7,https://mooreburkina.com/sites/www.mooreburkina.com/files/styles/max_750x750/public/2025-02/Dioula%20Mogoya%20sur%20Play%20Store.jpg.webp?itok=4vv1XTwQ,image,.webp,dioula;fulfulde;moore,,app,https://mooreburkina.com/fr/dioula-fulfulde;https://mooreburkina.com/fr/dioula/applis-en-dioula-jula,Dioula | Mooré Burkina Faso,Dioula Mogoya sur Play Store2.jpg,img,,,,
2a73f41f439b07db,https://mooreburkina.com/sites/www.mooreburkina.com/files/styles/max_750x750/public/2026-02/Musokan%201%20Play%20Store.jpg.webp?itok=O-PArTk1,image,.webp,dioula;fulfulde;moore,,app,https://mooreburkina.com/fr/dioula-fulfulde;https://mooreburkina.com/fr/dioula/applis-en-dioula-jula,Dioula | Mooré Burkina Faso,Musokan 1 Play Store.jpg,img,,,,
504ff4f4e4fd6693,https://mooreburkina.com/sites/www.mooreburkina.com/files/media_stream/streams/hls_standard_video/590.m3u8,link,,dioula;fulfulde;moore,,other,https://mooreburkina.com/fr/dioula-fulfulde,Dioula | Mooré Burkina Faso,,source,,,application/x-mpegURL,
4c5ac4b94cc5db5e,https://mooreburkina.com/sites/www.mooreburkina.com/files/pdf-files/15%20Applis%20en%20dioula%202024.pdf,pdf,.pdf,dioula;fulfulde;moore,,app,https://mooreburkina.com/fr/dioula-fulfulde,Dioula | Mooré Burkina Faso,15 Applis en dioula 2024.pdf,a,,,,
e355346b2431856b,https://mooreburkina.com/sites/www.mooreburkina.com/files/pdf-files/Dioula%20Apps%202024a.pdf,pdf,.pdf,dioula;fulfulde;moore,,book_document,https://mooreburkina.com/fr/dioula-fulfulde,Dioula | Mooré Burkina Faso,Dioula Apps 2024a.pdf,a,,,,
a3358a3ab9e1e750,https://mooreburkina.com/sites/www.mooreburkina.com/files/media_stream/encodings/video_download_mp4_150/590-.mp4,video,.mp4,dioula;fulfulde;moore,,other,https://mooreburkina.com/fr/dioula-fulfulde,Dioula | Mooré Burkina Faso,mp4 (150px),a,,,,
dcb9f9c81e43844c,https://mooreburkina.com/sites/www.mooreburkina.com/files/media_stream/encodings/video_download_mp4_orig_qual/590-.mp4,video,.mp4,dioula;fulfulde;moore,,other,https://mooreburkina.com/fr/dioula-fulfulde,Dioula | Mooré Burkina Faso,mp4 (taille originale),a,,,,
bc45802fd3d2d3b9,https://mooreburkina.com/libraries/pdfjs-dist-viewer-min/build/minified/web/viewer.html?file=https%3A%2F%2Fmooreburkina.com%2Fsites%2Fwww.mooreburkina.com%2Ffiles%2Fpdf-files%2F15%2520Applis%2520en%2520dioula%25202024.pdf,video_or_embed,,dioula;fulfulde;moore,,app,https://mooreburkina.com/fr/dioula-fulfulde,Dioula | Mooré Burkina Faso,15 Applis en dioula 2024.pdf,iframe,,,,
e9ca5b7a8bc34ceb,https://mooreburkina.com/libraries/pdfjs-dist-viewer-min/build/minified/web/viewer.html?file=https%3A%2F%2Fmooreburkina.com%2Fsites%2Fwww.mooreburkina.com%2Ffiles%2Fpdf-files%2FDioula%2520Apps%25202024a.pdf,video_or_embed,,dioula;fulfulde;moore,,book_document,https://mooreburkina.com/fr/dioula-fulfulde,Dioula | Mooré Burkina Faso,Dioula Apps 2024a.pdf,iframe,,,,
cddebe122288a88f,https://mooreburkina.com/sites/www.mooreburkina.com/files/Dictio%20apk/Dioula_Dictionary-3.0.apk,app,.apk,dioula;moore,,dictionary,https://mooreburkina.com/;https://mooreburkina.com/fr;https://mooreburkina.com/fr/bienvenu-au-pays-mossi;https://mooreburkina.com/fr/dictionnaire-moor%C3%A9;https://mooreburkina.com/fr/dictionnaire-moor%C3%A9/aplications-de-dictionnaires-pour-ordinateur;https://mooreburkina.com/fr/dioula-fulfulde,Mooré Burkina Faso,- cliquez Appli Dictionnaire Dioula,a,,,,
822939cc1c10dcda,https://apps.apple.com/us/app/dioula-contes/id1594884613,app_store,,dioula;moore,,app,https://mooreburkina.com/fr/applications-smartphone/applis-en-dioula;https://mooreburkina.com/fr/dioula/contes-dioula-avec-audio-vol-4,Applis en dioula | Mooré Burkina Faso,,a,apps.apple.com,,,
8f54b82f5c886bac,https://apps.apple.com/us/app/dioula-contes/id1594884613?platform=iphone,app_store,,dioula;moore,,app,https://mooreburkina.com/fr/dioula/applis-en-dioula-jula,Applis en dioula / jula | Mooré Burkina Faso,,a,apps.apple.com,,,
5d01c56f1148d6bc,https://apps.apple.com/us/app/dioula-dictionary/id1596478703?platform=iphone,app_store,,dioula;moore,,app,https://mooreburkina.com/fr/applications-smartphone/applis-en-dioula;https://mooreburkina.com/fr/dioula/applis-en-dioula-jula,Applis en dioula | Mooré Burkina Faso,,a,apps.apple.com,,,
0e7efde8b83951ac,https://apps.apple.com/us/app/dioula-proverbes/id6449250557?platform=iphone,app_store,,dioula;moore,,app,https://mooreburkina.com/fr/dioula/applis-en-dioula-jula,Applis en dioula / jula | Mooré Burkina Faso,,a,apps.apple.com,,,
0bd55ee79813d335,https://apps.apple.com/us/app/sagesse-bambara/id6760750578,app_store,,dioula;moore,,app,https://mooreburkina.com/fr/applications-smartphone/applis-en-dioula,Applis en dioula | Mooré Burkina Faso,,a,apps.apple.com,,,
0a6220be94a3360c,https://play.google.com/store/apps/details?id=com.contes.dioula.quatre&hl=fr,app_store,,dioula;moore,,folktale,https://mooreburkina.com/fr/dioula/applis-en-dioula-jula;https://mooreburkina.com/fr/dioula/contes-dioula-avec-audio-vol-4,Contes dioula avec audio vol. 4 | Mooré Burkina Faso,,a,play.google.com,,,
8093602004bb9cc4,https://play.google.com/store/apps/details?id=com.contes14.dioula.keita&hl=fr,app_store,,dioula;moore,,app,https://mooreburkina.com/fr/applications-smartphone/applis-en-dioula;https://mooreburkina.com/fr/dioula/applis-en-dioula-jula;https://mooreburkina.com/fr/dioula/contes-en-dioula-avec-audio-volume-2,Applis en dioula | Mooré Burkina Faso,,a,play.google.com,,,
8589d5685535e58c,https://play.google.com/store/apps/details?id=com.deut.fran.engl.jula.dictionary&hl=fr,app_store,,dioula;moore,,dictionary,https://mooreburkina.com/fr/applications-smartphone/applis-en-dioula;https://mooreburkina.com/fr/dictionnaire-moor%C3%A9/aplications-de-dictionnaires-pour-ordinateur;https://mooreburkina.com/fr/dioula/applis-en-dioula-jula,Applications de dictionnaires | Mooré Burkina Faso,,a,play.google.com,,,
6089f06eca19523d,https://play.google.com/store/apps/details?id=com.deuxcent.dioula.proverbes&hl=fr,app_store,,dioula;moore,,app,https://mooreburkina.com/fr/applications-smartphone/applis-en-dioula;https://mooreburkina.com/fr/dioula/applis-en-dioula-jula,Applis en dioula | Mooré Burkina Faso,,a,play.google.com,,,
1e4b3ec17306f303,https://play.google.com/store/apps/details?id=com.dioula.contes.burkina&hl=fr,app_store,,dioula;moore,,app,https://mooreburkina.com/fr/applications-smartphone/applis-en-dioula;https://mooreburkina.com/fr/dioula/5-contes-dioula;https://mooreburkina.com/fr/dioula/applis-en-dioula-jula,Applis en dioula | Mooré Burkina Faso,,a,play.google.com,,,
d85653ac9305c7e8,https://play.google.com/store/apps/details?id=com.dioula.parolededieu.burkinafaso&hl=fr,app_store,,dioula;moore,,app,https://mooreburkina.com/fr/applications-smartphone/applis-en-dioula;https://mooreburkina.com/fr/dioula/applis-en-dioula-jula,Applis en dioula | Mooré Burkina Faso,,a,play.google.com,,,
0be0f1e9a5849a71,https://play.google.com/store/apps/details?id=com.dioula.poemes.drame.adama&hl=fr,app_store,,dioula;moore,,poem,https://mooreburkina.com/fr/dioula/applis-en-dioula-jula;https://mooreburkina.com/fr/dioula/po%C3%A8mes-en-dioula,Poèmes en dioula | Mooré Burkina Faso,,a,play.google.com,,,
376ae35a596cc9cc,https://play.google.com/store/apps/details?id=com.dioulafacile.tome1.dakuyo&hl=fr,app_store,,dioula;moore,,app,https://mooreburkina.com/fr/applications-smartphone/applis-en-dioula;https://mooreburkina.com/fr/dioula/applis-en-dioula-jula,Applis en dioula | Mooré Burkina Faso,,a,play.google.com,,,
a2ff1d095d510444,https://play.google.com/store/apps/details?id=com.dioulaproverbes.burkina&hl=fr,app_store,,dioula;moore,,app,https://mooreburkina.com/fr/applications-smartphone/applis-en-dioula;https://mooreburkina.com/fr/dioula-fulfulde/contes-dioula-et-fran%C3%A7ais;https://mooreburkina.com/fr/dioula/applis-en-dioula-jula,Applis en dioula | Mooré Burkina Faso,,a,play.google.com,,,
e3dfdbf0f94dffc7,https://play.google.com/store/apps/details?id=com.dioulaproverbes.coteivoire,app_store,,dioula;moore,,app,https://mooreburkina.com/fr/dioula/applis-en-dioula-jula,Applis en dioula / jula | Mooré Burkina Faso,,a,play.google.com,,,
d4a04bad6fd996d9,https://play.google.com/store/apps/details?id=com.fr.engl.bambara.sagesse&hl=fr,app_store,,dioula;moore,,app,https://mooreburkina.com/fr/applications-smartphone/applis-en-dioula;https://mooreburkina.com/fr/dioula/applis-en-dioula-jula,Applis en dioula | Mooré Burkina Faso,,a,play.google.com,,,
e3f81ff038e61c7d,https://play.google.com/store/apps/details?id=com.sidibe.oumarou.dioula.prov&hl=fr,app_store,,dioula;moore,,proverb,https://mooreburkina.com/fr/dioula/applis-en-dioula-jula;https://mooreburkina.com/fr/dioula/proverbes-lu-en-dioula-vol-1,Proverbes dioula vol 1 | Mooré Burkina Faso,,a,play.google.com,,,
d5d4f173c268deee,https://play.google.com/store/apps/details?id=com.sidibe.oumarou.dioula.prov2&hl=fr,app_store,,dioula;moore,,proverb,https://mooreburkina.com/fr/dioula/applis-en-dioula-jula;https://mooreburkina.com/fr/dioula/proverbes-dioula-vol-3,Proverbes dioula vol 2 | Mooré Burkina Faso,,a,play.google.com,,,
e0ea5414982093b0,https://play.google.com/store/apps/details?id=coontes.dioula.vol2&hl=fr,app_store,,dioula;moore,,app,https://mooreburkina.com/fr/applications-smartphone/applis-en-dioula;https://mooreburkina.com/fr/dioula/applis-en-dioula-jula;https://mooreburkina.com/fr/dioula/contes-en-dioula-avec-audio-volume-3,Applis en dioula | Mooré Burkina Faso,,a,play.google.com,,,
e7e93756623f0533,https://play.google.com/store/apps/details?id=org.cesirijala.dioula.poesie&hl=fr,app_store,,dioula;moore,,app,https://mooreburkina.com/fr/applications-smartphone/applis-en-dioula;https://mooreburkina.com/fr/dioula/po%C3%A8mes-en-dioula,Applis en dioula | Mooré Burkina Faso,,a,play.google.com,,,
c4c9b7e8cafde789,https://play.google.com/store/search?q=dioula+facile+tome+1&c=apps&hl=fr,app_store,,dioula;moore,,other,https://mooreburkina.com/fr/dioula/dioula-facile-tome-1,Dioula facile tome 1 | Mooré Burkina Faso,,a,play.google.com,,,
cf8602bd943e8773,https://media.ipsapps.org/dyu-audio/osa/,external_interactive,,dioula;moore,,religious,https://mooreburkina.com/fr/dioula/la-parole-de-dieu,La Parole de Dieu | Mooré Burkina Faso,,iframe,media.ipsapps.org,,,
da6fb6898047cb2f,https://media.ipsapps.org/dyu/oda/,external_interactive,,dioula;moore,,dictionary,https://mooreburkina.com/fr/dictionnaire-dioula-en-ligne-0,Dictionnaire dioula en ligne | Mooré Burkina Faso,,iframe,media.ipsapps.org,,,
ffdf7fc145962384,https://media.ipsapps.org/dyu/ora/c03/,external_interactive,,dioula;moore,,folktale,https://mooreburkina.com/fr/dioula/contes-en-dioula-avec-audio-volume-3,"Contes en dioula avec audio, volume 3 | Mooré Burkina Faso",,iframe,media.ipsapps.org,,,
1a93b5a67ab3dd04,https://media.ipsapps.org/dyu/ora/c04/,external_interactive,,dioula;moore,,folktale,https://mooreburkina.com/fr/dioula/contes-dioula-avec-audio-vol-4,Contes dioula avec audio vol. 4 | Mooré Burkina Faso,,iframe,media.ipsapps.org,,,
3bad583615bf9536,https://media.ipsapps.org/dyu/ora/co1/,external_interactive,,dioula;moore,,folktale,https://mooreburkina.com/fr/dioula/5-contes-dioula,5 contes dioula | Mooré Burkina Faso,,iframe,media.ipsapps.org,,,
1ed2fa6ed01a52a0,https://media.ipsapps.org/dyu/ora/co2/,external_interactive,,dioula;moore,,folktale,https://mooreburkina.com/fr/dioula/contes-en-dioula-avec-audio-volume-2,"Contes en dioula avec audio, volume 2 | Mooré Burkina Faso",,iframe,media.ipsapps.org,,,
96b0091e4f3617e4,https://media.ipsapps.org/dyu/ora/fac/,external_interactive,,dioula;moore,,other,https://mooreburkina.com/fr/dioula/dioula-facile-tome-1,Dioula facile tome 1 | Mooré Burkina Faso,,iframe,media.ipsapps.org,,,
bf1b615d3ec7877d,https://media.ipsapps.org/dyu/ora/p2/,external_interactive,,dioula;moore,,proverb,https://mooreburkina.com/fr/dioula/proverbes-lu-en-dioula-vol-1,Proverbes dioula vol 1 | Mooré Burkina Faso,,iframe,media.ipsapps.org,,,
07342129571cf062,https://media.ipsapps.org/dyu/ora/p3/,external_interactive,,dioula;moore,,proverb,https://mooreburkina.com/fr/dioula/proverbes-dioula-vol-3,Proverbes dioula vol 2 | Mooré Burkina Faso,,iframe,media.ipsapps.org,,,
787c2c3b9692b6a3,https://media.ipsapps.org/dyu/ora/p4/,external_interactive,,dioula;moore,,proverb,https://mooreburkina.com/fr/dioula/proverbes-dioula-vol-3-0,Proverbes dioula vol 3 | Mooré Burkina Faso,,iframe,media.ipsapps.org,,,
a3bc987c57ffcf3c,https://media.ipsapps.org/dyu/ora/p5/,external_interactive,,dioula;moore,,proverb,https://mooreburkina.com/fr/dioula/proverbes-dioula-vol-4,Proverbes dioula vol 4 | Mooré Burkina Faso,,iframe,media.ipsapps.org,,,
4311475fbfabcfff,https://media.ipsapps.org/dyu/ora/poeme/,external_interactive,,dioula;moore,,poem,https://mooreburkina.com/fr/dioula/po%C3%A8mes-en-dioula,Poèmes en dioula | Mooré Burkina Faso,,iframe,media.ipsapps.org,,,
ecac1564f72ed3ce,https://mooreburkina.com/modules/custom/arclight/images/1_jf-0-0/1_jf-0-0.webp,image,.webp,dioula;moore,,religious,https://mooreburkina.com/fr/dioula/film-j%C3%A9sus-en-dioula;https://mooreburkina.com/fr/film-jesus-en-fulfulde-massina-mali;https://mooreburkina.com/fr/fulfulde/j%C3%A9sus-parle-le-fulfulde;https://mooreburkina.com/fr/gulimancema/film-de-j%C3%A9sus-gulmancema,Film Jésus en dioula | Mooré Burkina Faso,,img,,,,
b8900aa6c5bcad23,https://mooreburkina.com/modules/custom/arclight/images/1_jf-0-0/1_jf6101-0-0.webp,image,.webp,dioula;moore,,religious,https://mooreburkina.com/fr/dioula/film-j%C3%A9sus-en-dioula;https://mooreburkina.com/fr/film-jesus-en-fulfulde-massina-mali;https://mooreburkina.com/fr/fulfulde/j%C3%A9sus-parle-le-fulfulde;https://mooreburkina.com/fr/gulimancema/film-de-j%C3%A9sus-gulmancema,Film Jésus en dioula | Mooré Burkina Faso,,img,,,,
995beee47e3ee29c,https://mooreburkina.com/modules/custom/arclight/images/1_jf-0-0/1_jf6102-0-0.webp,image,.webp,dioula;moore,,religious,https://mooreburkina.com/fr/dioula/film-j%C3%A9sus-en-dioula;https://mooreburkina.com/fr/film-jesus-en-fulfulde-massina-mali;https://mooreburkina.com/fr/fulfulde/j%C3%A9sus-parle-le-fulfulde;https://mooreburkina.com/fr/gulimancema/film-de-j%C3%A9sus-gulmancema,Film Jésus en dioula | Mooré Burkina Faso,,img,,,,
9e9f8a57362563fd,https://mooreburkina.com/modules/custom/arclight/images/1_jf-0-0/1_jf6103-0-0.webp,image,.webp,dioula;moore,,religious,https://mooreburkina.com/fr/dioula/film-j%C3%A9sus-en-dioula;https://mooreburkina.com/fr/film-jesus-en-fulfulde-massina-mali;https://mooreburkina.com/fr/fulfulde/j%C3%A9sus-parle-le-fulfulde;https://mooreburkina.com/fr/gulimancema/film-de-j%C3%A9sus-gulmancema,Film Jésus en dioula | Mooré Burkina Faso,,img,,,,
0d1e4b370accd2c6,https://mooreburkina.com/modules/custom/arclight/images/1_jf-0-0/1_jf6104-0-0.webp,image,.webp,dioula;moore,,religious,https://mooreburkina.com/fr/dioula/film-j%C3%A9sus-en-dioula;https://mooreburkina.com/fr/film-jesus-en-fulfulde-massina-mali;https://mooreburkina.com/fr/fulfulde/j%C3%A9sus-parle-le-fulfulde;https://mooreburkina.com/fr/gulimancema/film-de-j%C3%A9sus-gulmancema,Film Jésus en dioula | Mooré Burkina Faso,,img,,,,
88ee7cd57c944563,https://mooreburkina.com/modules/custom/arclight/images/1_jf-0-0/1_jf6105-0-0.webp,image,.webp,dioula;moore,,religious,https://mooreburkina.com/fr/dioula/film-j%C3%A9sus-en-dioula;https://mooreburkina.com/fr/film-jesus-en-fulfulde-massina-mali;https://mooreburkina.com/fr/fulfulde/j%C3%A9sus-parle-le-fulfulde;https://mooreburkina.com/fr/gulimancema/film-de-j%C3%A9sus-gulmancema,Film Jésus en dioula | Mooré Burkina Faso,,img,,,,
8e20a0456edc194f,https://mooreburkina.com/modules/custom/arclight/images/1_jf-0-0/1_jf6106-0-0.webp,image,.webp,dioula;moore,,religious,https://mooreburkina.com/fr/dioula/film-j%C3%A9sus-en-dioula;https://mooreburkina.com/fr/film-jesus-en-fulfulde-massina-mali;https://mooreburkina.com/fr/fulfulde/j%C3%A9sus-parle-le-fulfulde;https://mooreburkina.com/fr/gulimancema/film-de-j%C3%A9sus-gulmancema,Film Jésus en dioula | Mooré Burkina Faso,,img,,,,
d5461f644767ce74,https://mooreburkina.com/modules/custom/arclight/images/1_jf-0-0/1_jf6107-0-0.webp,image,.webp,dioula;moore,,religious,https://mooreburkina.com/fr/dioula/film-j%C3%A9sus-en-dioula;https://mooreburkina.com/fr/film-jesus-en-fulfulde-massina-mali;https://mooreburkina.com/fr/fulfulde/j%C3%A9sus-parle-le-fulfulde;https://mooreburkina.com/fr/gulimancema/film-de-j%C3%A9sus-gulmancema,Film Jésus en dioula | Mooré Burkina Faso,,img,,,,
fc690653f859a4bd,https://mooreburkina.com/modules/custom/arclight/images/1_jf-0-0/1_jf6108-0-0.webp,image,.webp,dioula;moore,,religious,https://mooreburkina.com/fr/dioula/film-j%C3%A9sus-en-dioula;https://mooreburkina.com/fr/film-jesus-en-fulfulde-massina-mali;https://mooreburkina.com/fr/fulfulde/j%C3%A9sus-parle-le-fulfulde;https://mooreburkina.com/fr/gulimancema/film-de-j%C3%A9sus-gulmancema,Film Jésus en dioula | Mooré Burkina Faso,,img,,,,
58e099382ed9d465,https://mooreburkina.com/modules/custom/arclight/images/1_jf-0-0/1_jf6109-0-0.webp,image,.webp,dioula;moore,,religious,https://mooreburkina.com/fr/dioula/film-j%C3%A9sus-en-dioula;https://mooreburkina.com/fr/film-jesus-en-fulfulde-massina-mali;https://mooreburkina.com/fr/fulfulde/j%C3%A9sus-parle-le-fulfulde;https://mooreburkina.com/fr/gulimancema/film-de-j%C3%A9sus-gulmancema,Film Jésus en dioula | Mooré Burkina Faso,,img,,,,
79d5fafa932cbb2d,https://mooreburkina.com/modules/custom/arclight/images/1_jf-0-0/1_jf6110-0-0.webp,image,.webp,dioula;moore,,religious,https://mooreburkina.com/fr/dioula/film-j%C3%A9sus-en-dioula;https://mooreburkina.com/fr/film-jesus-en-fulfulde-massina-mali;https://mooreburkina.com/fr/fulfulde/j%C3%A9sus-parle-le-fulfulde;https://mooreburkina.com/fr/gulimancema/film-de-j%C3%A9sus-gulmancema,Film Jésus en dioula | Mooré Burkina Faso,,img,,,,
91153f33c4197e40,https://mooreburkina.com/modules/custom/arclight/images/1_jf-0-0/1_jf6111-0-0.webp,image,.webp,dioula;moore,,religious,https://mooreburkina.com/fr/dioula/film-j%C3%A9sus-en-dioula;https://mooreburkina.com/fr/film-jesus-en-fulfulde-massina-mali;https://mooreburkina.com/fr/fulfulde/j%C3%A9sus-parle-le-fulfulde;https://mooreburkina.com/fr/gulimancema/film-de-j%C3%A9sus-gulmancema,Film Jésus en dioula | Mooré Burkina Faso,,img,,,,
706456767206ffea,https://mooreburkina.com/modules/custom/arclight/images/1_jf-0-0/1_jf6112-0-0.webp,image,.webp,dioula;moore,,religious,https://mooreburkina.com/fr/dioula/film-j%C3%A9sus-en-dioula;https://mooreburkina.com/fr/film-jesus-en-fulfulde-massina-mali;https://mooreburkina.com/fr/fulfulde/j%C3%A9sus-parle-le-fulfulde;https://mooreburkina.com/fr/gulimancema/film-de-j%C3%A9sus-gulmancema,Film Jésus en dioula | Mooré Burkina Faso,,img,,,,
0f772b355a8b8ae5,https://mooreburkina.com/modules/custom/arclight/images/1_jf-0-0/1_jf6113-0-0.webp,image,.webp,dioula;moore,,religious,https://mooreburkina.com/fr/dioula/film-j%C3%A9sus-en-dioula;https://mooreburkina.com/fr/film-jesus-en-fulfulde-massina-mali;https://mooreburkina.com/fr/fulfulde/j%C3%A9sus-parle-le-fulfulde;https://mooreburkina.com/fr/gulimancema/film-de-j%C3%A9sus-gulmancema,Film Jésus en dioula | Mooré Burkina Faso,,img,,,,
7f64e5743c5aa77a,https://mooreburkina.com/modules/custom/arclight/images/1_jf-0-0/1_jf6114-0-0.webp,image,.webp,dioula;moore,,religious,https://mooreburkina.com/fr/dioula/film-j%C3%A9sus-en-dioula;https://mooreburkina.com/fr/film-jesus-en-fulfulde-massina-mali;https://mooreburkina.com/fr/fulfulde/j%C3%A9sus-parle-le-fulfulde;https://mooreburkina.com/fr/gulimancema/film-de-j%C3%A9sus-gulmancema,Film Jésus en dioula | Mooré Burkina Faso,,img,,,,
71abfd680b3002b8,https://mooreburkina.com/modules/custom/arclight/images/1_jf-0-0/1_jf6115-0-0.webp,image,.webp,dioula;moore,,religious,https://mooreburkina.com/fr/dioula/film-j%C3%A9sus-en-dioula;https://mooreburkina.com/fr/film-jesus-en-fulfulde-massina-mali;https://mooreburkina.com/fr/fulfulde/j%C3%A9sus-parle-le-fulfulde;https://mooreburkina.com/fr/gulimancema/film-de-j%C3%A9sus-gulmancema,Film Jésus en dioula | Mooré Burkina Faso,,img,,,,
a62d7518916af4bc,https://mooreburkina.com/modules/custom/arclight/images/1_jf-0-0/1_jf6116-0-0.webp,image,.webp,dioula;moore,,religious,https://mooreburkina.com/fr/dioula/film-j%C3%A9sus-en-dioula;https://mooreburkina.com/fr/film-jesus-en-fulfulde-massina-mali;https://mooreburkina.com/fr/fulfulde/j%C3%A9sus-parle-le-fulfulde;https://mooreburkina.com/fr/gulimancema/film-de-j%C3%A9sus-gulmancema,Film Jésus en dioula | Mooré Burkina Faso,,img,,,,
8f9786d062be01ed,https://mooreburkina.com/modules/custom/arclight/images/1_jf-0-0/1_jf6117-0-0.webp,image,.webp,dioula;moore,,religious,https://mooreburkina.com/fr/dioula/film-j%C3%A9sus-en-dioula;https://mooreburkina.com/fr/film-jesus-en-fulfulde-massina-mali;https://mooreburkina.com/fr/fulfulde/j%C3%A9sus-parle-le-fulfulde;https://mooreburkina.com/fr/gulimancema/film-de-j%C3%A9sus-gulmancema,Film Jésus en dioula | Mooré Burkina Faso,,img,,,,
78926dbffe79c953,https://mooreburkina.com/modules/custom/arclight/images/1_jf-0-0/1_jf6118-0-0.webp,image,.webp,dioula;moore,,religious,https://mooreburkina.com/fr/dioula/film-j%C3%A9sus-en-dioula;https://mooreburkina.com/fr/film-jesus-en-fulfulde-massina-mali;https://mooreburkina.com/fr/fulfulde/j%C3%A9sus-parle-le-fulfulde;https://mooreburkina.com/fr/gulimancema/film-de-j%C3%A9sus-gulmancema,Film Jésus en dioula | Mooré Burkina Faso,,img,,,,
55a7244164b23a96,https://mooreburkina.com/modules/custom/arclight/images/1_jf-0-0/1_jf6119-0-0.webp,image,.webp,dioula;moore,,religious,https://mooreburkina.com/fr/dioula/film-j%C3%A9sus-en-dioula;https://mooreburkina.com/fr/film-jesus-en-fulfulde-massina-mali;https://mooreburkina.com/fr/fulfulde/j%C3%A9sus-parle-le-fulfulde;https://mooreburkina.com/fr/gulimancema/film-de-j%C3%A9sus-gulmancema,Film Jésus en dioula | Mooré Burkina Faso,,img,,,,
af40cc83f87f9d9f,https://mooreburkina.com/modules/custom/arclight/images/1_jf-0-0/1_jf6120-0-0.webp,image,.webp,dioula;moore,,religious,https://mooreburkina.com/fr/dioula/film-j%C3%A9sus-en-dioula;https://mooreburkina.com/fr/film-jesus-en-fulfulde-massina-mali;https://mooreburkina.com/fr/fulfulde/j%C3%A9sus-parle-le-fulfulde;https://mooreburkina.com/fr/gulimancema/film-de-j%C3%A9sus-gulmancema,Film Jésus en dioula | Mooré Burkina Faso,,img,,,,
fd1afdb98f1ba322,https://mooreburkina.com/modules/custom/arclight/images/1_jf-0-0/1_jf6121-0-0.webp,image,.webp,dioula;moore,,religious,https://mooreburkina.com/fr/dioula/film-j%C3%A9sus-en-dioula;https://mooreburkina.com/fr/film-jesus-en-fulfulde-massina-mali;https://mooreburkina.com/fr/fulfulde/j%C3%A9sus-parle-le-fulfulde;https://mooreburkina.com/fr/gulimancema/film-de-j%C3%A9sus-gulmancema,Film Jésus en dioula | Mooré Burkina Faso,,img,,,,
5439b0540cfa01cf,https://mooreburkina.com/modules/custom/arclight/images/1_jf-0-0/1_jf6122-0-0.webp,image,.webp,dioula;moore,,religious,https://mooreburkina.com/fr/dioula/film-j%C3%A9sus-en-dioula;https://mooreburkina.com/fr/film-jesus-en-fulfulde-massina-mali;https://mooreburkina.com/fr/fulfulde/j%C3%A9sus-parle-le-fulfulde;https://mooreburkina.com/fr/gulimancema/film-de-j%C3%A9sus-gulmancema,Film Jésus en dioula | Mooré Burkina Faso,,img,,,,
117a90b332ac6fb8,https://mooreburkina.com/modules/custom/arclight/images/1_jf-0-0/1_jf6123-0-0.webp,image,.webp,dioula;moore,,religious,https://mooreburkina.com/fr/dioula/film-j%C3%A9sus-en-dioula;https://mooreburkina.com/fr/film-jesus-en-fulfulde-massina-mali;https://mooreburkina.com/fr/fulfulde/j%C3%A9sus-parle-le-fulfulde;https://mooreburkina.com/fr/gulimancema/film-de-j%C3%A9sus-gulmancema,Film Jésus en dioula | Mooré Burkina Faso,,img,,,,
414fae0f4749deec,https://mooreburkina.com/modules/custom/arclight/images/1_jf-0-0/1_jf6124-0-0.webp,image,.webp,dioula;moore,,religious,https://mooreburkina.com/fr/dioula/film-j%C3%A9sus-en-dioula;https://mooreburkina.com/fr/film-jesus-en-fulfulde-massina-mali;https://mooreburkina.com/fr/fulfulde/j%C3%A9sus-parle-le-fulfulde;https://mooreburkina.com/fr/gulimancema/film-de-j%C3%A9sus-gulmancema,Film Jésus en dioula | Mooré Burkina Faso,,img,,,,
56ce25c01410cb76,https://mooreburkina.com/modules/custom/arclight/images/1_jf-0-0/1_jf6125-0-0.webp,image,.webp,dioula;moore,,religious,https://mooreburkina.com/fr/dioula/film-j%C3%A9sus-en-dioula;https://mooreburkina.com/fr/film-jesus-en-fulfulde-massina-mali;https://mooreburkina.com/fr/fulfulde/j%C3%A9sus-parle-le-fulfulde;https://mooreburkina.com/fr/gulimancema/film-de-j%C3%A9sus-gulmancema,Film Jésus en dioula | Mooré Burkina Faso,,img,,,,
4d6553a6a874b550,https://mooreburkina.com/modules/custom/arclight/images/1_jf-0-0/1_jf6126-0-0.webp,image,.webp,dioula;moore,,religious,https://mooreburkina.com/fr/dioula/film-j%C3%A9sus-en-dioula;https://mooreburkina.com/fr/film-jesus-en-fulfulde-massina-mali;https://mooreburkina.com/fr/fulfulde/j%C3%A9sus-parle-le-fulfulde;https://mooreburkina.com/fr/gulimancema/film-de-j%C3%A9sus-gulmancema,Film Jésus en dioula | Mooré Burkina Faso,,img,,,,
fefcf9d3eaa92a0b,https://mooreburkina.com/modules/custom/arclight/images/1_jf-0-0/1_jf6127-0-0.webp,image,.webp,dioula;moore,,religious,https://mooreburkina.com/fr/dioula/film-j%C3%A9sus-en-dioula;https://mooreburkina.com/fr/film-jesus-en-fulfulde-massina-mali;https://mooreburkina.com/fr/fulfulde/j%C3%A9sus-parle-le-fulfulde;https://mooreburkina.com/fr/gulimancema/film-de-j%C3%A9sus-gulmancema,Film Jésus en dioula | Mooré Burkina Faso,,img,,,,
4ef306dadf178808,https://mooreburkina.com/modules/custom/arclight/images/1_jf-0-0/1_jf6128-0-0.webp,image,.webp,dioula;moore,,religious,https://mooreburkina.com/fr/dioula/film-j%C3%A9sus-en-dioula;https://mooreburkina.com/fr/film-jesus-en-fulfulde-massina-mali;https://mooreburkina.com/fr/fulfulde/j%C3%A9sus-parle-le-fulfulde;https://mooreburkina.com/fr/gulimancema/film-de-j%C3%A9sus-gulmancema,Film Jésus en dioula | Mooré Burkina Faso,,img,,,,
d4bb9c316ff37568,https://mooreburkina.com/modules/custom/arclight/images/1_jf-0-0/1_jf6129-0-0.webp,image,.webp,dioula;moore,,religious,https://mooreburkina.com/fr/dioula/film-j%C3%A9sus-en-dioula;https://mooreburkina.com/fr/film-jesus-en-fulfulde-massina-mali;https://mooreburkina.com/fr/fulfulde/j%C3%A9sus-parle-le-fulfulde;https://mooreburkina.com/fr/gulimancema/film-de-j%C3%A9sus-gulmancema,Film Jésus en dioula | Mooré Burkina Faso,,img,,,,
349e7d956d4c9574,https://mooreburkina.com/modules/custom/arclight/images/1_jf-0-0/1_jf6130-0-0.webp,image,.webp,dioula;moore,,religious,https://mooreburkina.com/fr/dioula/film-j%C3%A9sus-en-dioula;https://mooreburkina.com/fr/film-jesus-en-fulfulde-massina-mali;https://mooreburkina.com/fr/fulfulde/j%C3%A9sus-parle-le-fulfulde;https://mooreburkina.com/fr/gulimancema/film-de-j%C3%A9sus-gulmancema,Film Jésus en dioula | Mooré Burkina Faso,,img,,,,
2b304a051a7e04ca,https://mooreburkina.com/modules/custom/arclight/images/1_jf-0-0/1_jf6131-0-0.webp,image,.webp,dioula;moore,,religious,https://mooreburkina.com/fr/dioula/film-j%C3%A9sus-en-dioula;https://mooreburkina.com/fr/film-jesus-en-fulfulde-massina-mali;https://mooreburkina.com/fr/fulfulde/j%C3%A9sus-parle-le-fulfulde;https://mooreburkina.com/fr/gulimancema/film-de-j%C3%A9sus-gulmancema,Film Jésus en dioula | Mooré Burkina Faso,,img,,,,
d15e46b6ed9ca119,https://mooreburkina.com/modules/custom/arclight/images/1_jf-0-0/1_jf6132-0-0.webp,image,.webp,dioula;moore,,religious,https://mooreburkina.com/fr/dioula/film-j%C3%A9sus-en-dioula;https://mooreburkina.com/fr/film-jesus-en-fulfulde-massina-mali;https://mooreburkina.com/fr/fulfulde/j%C3%A9sus-parle-le-fulfulde;https://mooreburkina.com/fr/gulimancema/film-de-j%C3%A9sus-gulmancema,Film Jésus en dioula | Mooré Burkina Faso,,img,,,,
80a9f30322f7b7b3,https://mooreburkina.com/modules/custom/arclight/images/1_jf-0-0/1_jf6133-0-0.webp,image,.webp,dioula;moore,,religious,https://mooreburkina.com/fr/dioula/film-j%C3%A9sus-en-dioula;https://mooreburkina.com/fr/film-jesus-en-fulfulde-massina-mali;https://mooreburkina.com/fr/fulfulde/j%C3%A9sus-parle-le-fulfulde;https://mooreburkina.com/fr/gulimancema/film-de-j%C3%A9sus-gulmancema,Film Jésus en dioula | Mooré Burkina Faso,,img,,,,
52df1ba99c0e0e1c,https://mooreburkina.com/modules/custom/arclight/images/1_jf-0-0/1_jf6134-0-0.webp,image,.webp,dioula;moore,,religious,https://mooreburkina.com/fr/dioula/film-j%C3%A9sus-en-dioula;https://mooreburkina.com/fr/film-jesus-en-fulfulde-massina-mali;https://mooreburkina.com/fr/fulfulde/j%C3%A9sus-parle-le-fulfulde;https://mooreburkina.com/fr/gulimancema/film-de-j%C3%A9sus-gulmancema,Film Jésus en dioula | Mooré Burkina Faso,,img,,,,
cf21df94bb7924bb,https://mooreburkina.com/modules/custom/arclight/images/1_jf-0-0/1_jf6135-0-0.webp,image,.webp,dioula;moore,,religious,https://mooreburkina.com/fr/dioula/film-j%C3%A9sus-en-dioula;https://mooreburkina.com/fr/film-jesus-en-fulfulde-massina-mali;https://mooreburkina.com/fr/fulfulde/j%C3%A9sus-parle-le-fulfulde;https://mooreburkina.com/fr/gulimancema/film-de-j%C3%A9sus-gulmancema,Film Jésus en dioula | Mooré Burkina Faso,,img,,,,
a18028683656a061,https://mooreburkina.com/modules/custom/arclight/images/1_jf-0-0/1_jf6136-0-0.webp,image,.webp,dioula;moore,,religious,https://mooreburkina.com/fr/dioula/film-j%C3%A9sus-en-dioula;https://mooreburkina.com/fr/film-jesus-en-fulfulde-massina-mali;https://mooreburkina.com/fr/fulfulde/j%C3%A9sus-parle-le-fulfulde;https://mooreburkina.com/fr/gulimancema/film-de-j%C3%A9sus-gulmancema,Film Jésus en dioula | Mooré Burkina Faso,,img,,,,
68db3dae2fa6a4ef,https://mooreburkina.com/modules/custom/arclight/images/1_jf-0-0/1_jf6137-0-0.webp,image,.webp,dioula;moore,,religious,https://mooreburkina.com/fr/dioula/film-j%C3%A9sus-en-dioula;https://mooreburkina.com/fr/film-jesus-en-fulfulde-massina-mali;https://mooreburkina.com/fr/fulfulde/j%C3%A9sus-parle-le-fulfulde;https://mooreburkina.com/fr/gulimancema/film-de-j%C3%A9sus-gulmancema,Film Jésus en dioula | Mooré Burkina Faso,,img,,,,
fb1eee2df573b811,https://mooreburkina.com/modules/custom/arclight/images/1_jf-0-0/1_jf6138-0-0.webp,image,.webp,dioula;moore,,religious,https://mooreburkina.com/fr/dioula/film-j%C3%A9sus-en-dioula;https://mooreburkina.com/fr/film-jesus-en-fulfulde-massina-mali;https://mooreburkina.com/fr/fulfulde/j%C3%A9sus-parle-le-fulfulde;https://mooreburkina.com/fr/gulimancema/film-de-j%C3%A9sus-gulmancema,Film Jésus en dioula | Mooré Burkina Faso,,img,,,,
b4592efd133948ef,https://mooreburkina.com/modules/custom/arclight/images/1_jf-0-0/1_jf6139-0-0.webp,image,.webp,dioula;moore,,religious,https://mooreburkina.com/fr/dioula/film-j%C3%A9sus-en-dioula;https://mooreburkina.com/fr/film-jesus-en-fulfulde-massina-mali;https://mooreburkina.com/fr/fulfulde/j%C3%A9sus-parle-le-fulfulde;https://mooreburkina.com/fr/gulimancema/film-de-j%C3%A9sus-gulmancema,Film Jésus en dioula | Mooré Burkina Faso,,img,,,,
1404bb91c2622265,https://mooreburkina.com/modules/custom/arclight/images/1_jf-0-0/1_jf6140-0-0.webp,image,.webp,dioula;moore,,religious,https://mooreburkina.com/fr/dioula/film-j%C3%A9sus-en-dioula;https://mooreburkina.com/fr/film-jesus-en-fulfulde-massina-mali;https://mooreburkina.com/fr/fulfulde/j%C3%A9sus-parle-le-fulfulde;https://mooreburkina.com/fr/gulimancema/film-de-j%C3%A9sus-gulmancema,Film Jésus en dioula | Mooré Burkina Faso,,img,,,,
d9df9ffbf20672ba,https://mooreburkina.com/modules/custom/arclight/images/1_jf-0-0/1_jf6141-0-0.webp,image,.webp,dioula;moore,,religious,https://mooreburkina.com/fr/dioula/film-j%C3%A9sus-en-dioula;https://mooreburkina.com/fr/film-jesus-en-fulfulde-massina-mali;https://mooreburkina.com/fr/fulfulde/j%C3%A9sus-parle-le-fulfulde;https://mooreburkina.com/fr/gulimancema/film-de-j%C3%A9sus-gulmancema,Film Jésus en dioula | Mooré Burkina Faso,,img,,,,
a0efb4d7eaeda2dd,https://mooreburkina.com/modules/custom/arclight/images/1_jf-0-0/1_jf6142-0-0.webp,image,.webp,dioula;moore,,religious,https://mooreburkina.com/fr/dioula/film-j%C3%A9sus-en-dioula;https://mooreburkina.com/fr/film-jesus-en-fulfulde-massina-mali;https://mooreburkina.com/fr/fulfulde/j%C3%A9sus-parle-le-fulfulde;https://mooreburkina.com/fr/gulimancema/film-de-j%C3%A9sus-gulmancema,Film Jésus en dioula | Mooré Burkina Faso,,img,,,,
edad1d0c72a5e73f,https://mooreburkina.com/modules/custom/arclight/images/1_jf-0-0/1_jf6143-0-0.webp,image,.webp,dioula;moore,,religious,https://mooreburkina.com/fr/dioula/film-j%C3%A9sus-en-dioula;https://mooreburkina.com/fr/film-jesus-en-fulfulde-massina-mali;https://mooreburkina.com/fr/fulfulde/j%C3%A9sus-parle-le-fulfulde;https://mooreburkina.com/fr/gulimancema/film-de-j%C3%A9sus-gulmancema,Film Jésus en dioula | Mooré Burkina Faso,,img,,,,
f64ce7e968b82e09,https://mooreburkina.com/modules/custom/arclight/images/1_jf-0-0/1_jf6144-0-0.webp,image,.webp,dioula;moore,,religious,https://mooreburkina.com/fr/dioula/film-j%C3%A9sus-en-dioula;https://mooreburkina.com/fr/film-jesus-en-fulfulde-massina-mali;https://mooreburkina.com/fr/fulfulde/j%C3%A9sus-parle-le-fulfulde;https://mooreburkina.com/fr/gulimancema/film-de-j%C3%A9sus-gulmancema,Film Jésus en dioula | Mooré Burkina Faso,,img,,,,
c38e60102d576faa,https://mooreburkina.com/modules/custom/arclight/images/1_jf-0-0/1_jf6145-0-0.webp,image,.webp,dioula;moore,,religious,https://mooreburkina.com/fr/dioula/film-j%C3%A9sus-en-dioula;https://mooreburkina.com/fr/film-jesus-en-fulfulde-massina-mali;https://mooreburkina.com/fr/fulfulde/j%C3%A9sus-parle-le-fulfulde;https://mooreburkina.com/fr/gulimancema/film-de-j%C3%A9sus-gulmancema,Film Jésus en dioula | Mooré Burkina Faso,,img,,,,
9d5a136d4c01fa70,https://mooreburkina.com/modules/custom/arclight/images/1_jf-0-0/1_jf6146-0-0.webp,image,.webp,dioula;moore,,religious,https://mooreburkina.com/fr/dioula/film-j%C3%A9sus-en-dioula;https://mooreburkina.com/fr/film-jesus-en-fulfulde-massina-mali;https://mooreburkina.com/fr/fulfulde/j%C3%A9sus-parle-le-fulfulde;https://mooreburkina.com/fr/gulimancema/film-de-j%C3%A9sus-gulmancema,Film Jésus en dioula | Mooré Burkina Faso,,img,,,,
6b5ce69faeeefa73,https://mooreburkina.com/modules/custom/arclight/images/1_jf-0-0/1_jf6147-0-0.webp,image,.webp,dioula;moore,,religious,https://mooreburkina.com/fr/dioula/film-j%C3%A9sus-en-dioula;https://mooreburkina.com/fr/film-jesus-en-fulfulde-massina-mali;https://mooreburkina.com/fr/fulfulde/j%C3%A9sus-parle-le-fulfulde;https://mooreburkina.com/fr/gulimancema/film-de-j%C3%A9sus-gulmancema,Film Jésus en dioula | Mooré Burkina Faso,,img,,,,
8d312bf7be06d549,https://mooreburkina.com/modules/custom/arclight/images/1_jf-0-0/1_jf6148-0-0.webp,image,.webp,dioula;moore,,religious,https://mooreburkina.com/fr/dioula/film-j%C3%A9sus-en-dioula;https://mooreburkina.com/fr/film-jesus-en-fulfulde-massina-mali;https://mooreburkina.com/fr/fulfulde/j%C3%A9sus-parle-le-fulfulde;https://mooreburkina.com/fr/gulimancema/film-de-j%C3%A9sus-gulmancema,Film Jésus en dioula | Mooré Burkina Faso,,img,,,,
0001b28b8d9abef1,https://mooreburkina.com/modules/custom/arclight/images/1_jf-0-0/1_jf6149-0-0.webp,image,.webp,dioula;moore,,religious,https://mooreburkina.com/fr/dioula/film-j%C3%A9sus-en-dioula;https://mooreburkina.com/fr/film-jesus-en-fulfulde-massina-mali;https://mooreburkina.com/fr/fulfulde/j%C3%A9sus-parle-le-fulfulde;https://mooreburkina.com/fr/gulimancema/film-de-j%C3%A9sus-gulmancema,Film Jésus en dioula | Mooré Burkina Faso,,img,,,,
8afd332c083f9280,https://mooreburkina.com/modules/custom/arclight/images/1_jf-0-0/1_jf6150-0-0.webp,image,.webp,dioula;moore,,religious,https://mooreburkina.com/fr/dioula/film-j%C3%A9sus-en-dioula;https://mooreburkina.com/fr/film-jesus-en-fulfulde-massina-mali;https://mooreburkina.com/fr/fulfulde/j%C3%A9sus-parle-le-fulfulde;https://mooreburkina.com/fr/gulimancema/film-de-j%C3%A9sus-gulmancema,Film Jésus en dioula | Mooré Burkina Faso,,img,,,,
9152350a2d1c5695,https://mooreburkina.com/modules/custom/arclight/images/1_jf-0-0/1_jf6151-0-0.webp,image,.webp,dioula;moore,,religious,https://mooreburkina.com/fr/dioula/film-j%C3%A9sus-en-dioula;https://mooreburkina.com/fr/film-jesus-en-fulfulde-massina-mali;https://mooreburkina.com/fr/fulfulde/j%C3%A9sus-parle-le-fulfulde;https://mooreburkina.com/fr/gulimancema/film-de-j%C3%A9sus-gulmancema,Film Jésus en dioula | Mooré Burkina Faso,,img,,,,
4e7702da88ce86ca,https://mooreburkina.com/modules/custom/arclight/images/1_jf-0-0/1_jf6152-0-0.webp,image,.webp,dioula;moore,,religious,https://mooreburkina.com/fr/dioula/film-j%C3%A9sus-en-dioula;https://mooreburkina.com/fr/film-jesus-en-fulfulde-massina-mali;https://mooreburkina.com/fr/fulfulde/j%C3%A9sus-parle-le-fulfulde;https://mooreburkina.com/fr/gulimancema/film-de-j%C3%A9sus-gulmancema,Film Jésus en dioula | Mooré Burkina Faso,,img,,,,
009c8550740b7864,https://mooreburkina.com/modules/custom/arclight/images/1_jf-0-0/1_jf6153-0-0.webp,image,.webp,dioula;moore,,religious,https://mooreburkina.com/fr/dioula/film-j%C3%A9sus-en-dioula;https://mooreburkina.com/fr/film-jesus-en-fulfulde-massina-mali;https://mooreburkina.com/fr/fulfulde/j%C3%A9sus-parle-le-fulfulde;https://mooreburkina.com/fr/gulimancema/film-de-j%C3%A9sus-gulmancema,Film Jésus en dioula | Mooré Burkina Faso,,img,,,,
b5ebd64e4a44f027,https://mooreburkina.com/modules/custom/arclight/images/1_jf-0-0/1_jf6154-0-0.webp,image,.webp,dioula;moore,,religious,https://mooreburkina.com/fr/dioula/film-j%C3%A9sus-en-dioula;https://mooreburkina.com/fr/film-jesus-en-fulfulde-massina-mali;https://mooreburkina.com/fr/fulfulde/j%C3%A9sus-parle-le-fulfulde;https://mooreburkina.com/fr/gulimancema/film-de-j%C3%A9sus-gulmancema,Film Jésus en dioula | Mooré Burkina Faso,,img,,,,
766764732c92ced0,https://mooreburkina.com/modules/custom/arclight/images/1_jf-0-0/1_jf6155-0-0.webp,image,.webp,dioula;moore,,religious,https://mooreburkina.com/fr/dioula/film-j%C3%A9sus-en-dioula;https://mooreburkina.com/fr/film-jesus-en-fulfulde-massina-mali;https://mooreburkina.com/fr/fulfulde/j%C3%A9sus-parle-le-fulfulde;https://mooreburkina.com/fr/gulimancema/film-de-j%C3%A9sus-gulmancema,Film Jésus en dioula | Mooré Burkina Faso,,img,,,,
f7795c4d6aca0f38,https://mooreburkina.com/modules/custom/arclight/images/1_jf-0-0/1_jf6156-0-0.webp,image,.webp,dioula;moore,,religious,https://mooreburkina.com/fr/dioula/film-j%C3%A9sus-en-dioula;https://mooreburkina.com/fr/film-jesus-en-fulfulde-massina-mali;https://mooreburkina.com/fr/fulfulde/j%C3%A9sus-parle-le-fulfulde;https://mooreburkina.com/fr/gulimancema/film-de-j%C3%A9sus-gulmancema,Film Jésus en dioula | Mooré Burkina Faso,,img,,,,
fe353df3b4de3aca,https://mooreburkina.com/modules/custom/arclight/images/1_jf-0-0/1_jf6157-0-0.webp,image,.webp,dioula;moore,,religious,https://mooreburkina.com/fr/dioula/film-j%C3%A9sus-en-dioula;https://mooreburkina.com/fr/film-jesus-en-fulfulde-massina-mali;https://mooreburkina.com/fr/fulfulde/j%C3%A9sus-parle-le-fulfulde;https://mooreburkina.com/fr/gulimancema/film-de-j%C3%A9sus-gulmancema,Film Jésus en dioula | Mooré Burkina Faso,,img,,,,
36de7eb1bf62bf37,https://mooreburkina.com/modules/custom/arclight/images/1_jf-0-0/1_jf6158-0-0.webp,image,.webp,dioula;moore,,religious,https://mooreburkina.com/fr/dioula/film-j%C3%A9sus-en-dioula;https://mooreburkina.com/fr/film-jesus-en-fulfulde-massina-mali;https://mooreburkina.com/fr/fulfulde/j%C3%A9sus-parle-le-fulfulde;https://mooreburkina.com/fr/gulimancema/film-de-j%C3%A9sus-gulmancema,Film Jésus en dioula | Mooré Burkina Faso,,img,,,,
5943a01d159ccd97,https://mooreburkina.com/modules/custom/arclight/images/1_jf-0-0/1_jf6159-0-0.webp,image,.webp,dioula;moore,,religious,https://mooreburkina.com/fr/dioula/film-j%C3%A9sus-en-dioula;https://mooreburkina.com/fr/film-jesus-en-fulfulde-massina-mali;https://mooreburkina.com/fr/fulfulde/j%C3%A9sus-parle-le-fulfulde;https://mooreburkina.com/fr/gulimancema/film-de-j%C3%A9sus-gulmancema,Film Jésus en dioula | Mooré Burkina Faso,,img,,,,
13dd42c9b6dee4cd,https://mooreburkina.com/modules/custom/arclight/images/1_jf-0-0/1_jf6160-0-0.webp,image,.webp,dioula;moore,,religious,https://mooreburkina.com/fr/dioula/film-j%C3%A9sus-en-dioula;https://mooreburkina.com/fr/film-jesus-en-fulfulde-massina-mali;https://mooreburkina.com/fr/fulfulde/j%C3%A9sus-parle-le-fulfulde;https://mooreburkina.com/fr/gulimancema/film-de-j%C3%A9sus-gulmancema,Film Jésus en dioula | Mooré Burkina Faso,,img,,,,
8f98d4b67569ca06,https://mooreburkina.com/modules/custom/arclight/images/1_jf-0-0/1_jf6161-0-0.webp,image,.webp,dioula;moore,,religious,https://mooreburkina.com/fr/dioula/film-j%C3%A9sus-en-dioula;https://mooreburkina.com/fr/film-jesus-en-fulfulde-massina-mali;https://mooreburkina.com/fr/fulfulde/j%C3%A9sus-parle-le-fulfulde;https://mooreburkina.com/fr/gulimancema/film-de-j%C3%A9sus-gulmancema,Film Jésus en dioula | Mooré Burkina Faso,,img,,,,
b08bc7968dbe3a2f,https://mooreburkina.com/sites/www.mooreburkina.com/files/styles/max_750x750/public/2023-06/201%20proverbes%20dioula%20sur%20Play%20Store_0.jpg.webp?itok=qqUGK8hi,image,.webp,dioula;moore,,proverb,https://mooreburkina.com/fr/applications-smartphone/applis-en-dioula;https://mooreburkina.com/fr/dioula/applis-en-dioula-jula,Applis en dioula | Mooré Burkina Faso,Proverbes dioula Android,img,,,,
fecc33435ac4c0ae,https://mooreburkina.com/sites/www.mooreburkina.com/files/styles/max_750x750/public/2023-06/App%20Store%20dioula%20proverbes.jpg.webp?itok=xN22EtGj,image,.webp,dioula;moore,,proverb,https://mooreburkina.com/fr/applications-smartphone/applis-en-dioula;https://mooreburkina.com/fr/dioula/applis-en-dioula-jula,Applis en dioula | Mooré Burkina Faso,Proverbes dioula iPhone,img,,,,
5f13ef06d4e28963,https://mooreburkina.com/sites/www.mooreburkina.com/files/styles/max_750x750/public/2023-12/Gaoua2007%20131.jpg.webp?itok=RIXSmT0b,image,.webp,dioula;moore,,other,https://mooreburkina.com/;https://mooreburkina.com/fr;https://mooreburkina.com/fr/bienvenu-au-pays-mossi,Mooré Burkina Faso,dioula espace1,img,,,,
7ac68be478ee2dff,https://mooreburkina.com/sites/www.mooreburkina.com/files/styles/max_750x750/public/2023-12/map%20of%20BF%20Dioula%20speaking%20area.jpg.webp?itok=SnDyvnDT,image,.webp,dioula;moore,,other,https://mooreburkina.com/;https://mooreburkina.com/fr;https://mooreburkina.com/fr/bienvenu-au-pays-mossi;https://mooreburkina.com/fr/dioula-fulfulde,Mooré Burkina Faso,map of BF Dioula speaking area.jpg,img,,,,
5934087630925d80,https://mooreburkina.com/sites/www.mooreburkina.com/files/styles/max_750x750/public/2024-06/Dioula%20Apps%202024a.jpg.webp?itok=glt003a6,image,.webp,dioula;moore,,app,https://mooreburkina.com/fr/applications-smartphone/applis-en-dioula,Applis en dioula | Mooré Burkina Faso,Applis smartphone en dioula,img,,,,
58c60027a664923c,https://mooreburkina.com/sites/www.mooreburkina.com/files/styles/max_750x750/public/2024-07/Contes%20dioula%20Play%20Store%20fr.jpg.webp?itok=h-kRxJgp,image,.webp,dioula;moore,,folktale,https://mooreburkina.com/fr/dioula/applis-en-dioula-jula;https://mooreburkina.com/fr/dioula/contes-en-dioula-avec-audio-volume-2,"Contes en dioula avec audio, volume 2 | Mooré Burkina Faso",Contes dioula Play Store vol 1,img,,,,
d98842742a719188,https://mooreburkina.com/sites/www.mooreburkina.com/files/styles/max_750x750/public/2024-07/Contes%20dioula%20vol2%20sur%20Play%20Store.jpg.webp?itok=DR2tSMAs,image,.webp,dioula;moore,,folktale,https://mooreburkina.com/fr/dioula/applis-en-dioula-jula;https://mooreburkina.com/fr/dioula/contes-en-dioula-avec-audio-volume-3,"Contes en dioula avec audio, volume 3 | Mooré Burkina Faso",Corentes dioula vol3 sur Play Store,img,,,,
bb47d5f3ab2afeba,https://mooreburkina.com/sites/www.mooreburkina.com/files/styles/max_750x750/public/2024-07/Dioula%20Conte%20vol4%20Play%20Store.jpg.webp?itok=DuEdQT6o,image,.webp,dioula;moore,,folktale,https://mooreburkina.com/fr/dioula/applis-en-dioula-jula;https://mooreburkina.com/fr/dioula/contes-dioula-avec-audio-vol-4,Contes dioula avec audio vol. 4 | Mooré Burkina Faso,Dioula Conte vol4 Play Store,img,,,,
a7b44e709b0181a0,https://mooreburkina.com/sites/www.mooreburkina.com/files/styles/max_750x750/public/2024-07/Dioula%20facile%20sur%20Play%20Store.jpg.webp?itok=LX6nOFhL,image,.webp,dioula;moore,,app,https://mooreburkina.com/fr/dioula/applis-en-dioula-jula;https://mooreburkina.com/fr/dioula/dioula-facile-tome-1,Dioula facile tome 1 | Mooré Burkina Faso,Dioula facile sur Play Store,img,,,,
4a82d674f82be986,https://mooreburkina.com/sites/www.mooreburkina.com/files/styles/max_750x750/public/2024-07/Google%20Play%20Store%20cesirijala.jpg.webp?itok=UtwoKkgJ,image,.webp,dioula;moore,,poem,https://mooreburkina.com/fr/dioula/po%C3%A8mes-en-dioula,Poèmes en dioula | Mooré Burkina Faso,Google Play Store cesirijala.jpg,img,,,,
e431db880fb230fd,https://mooreburkina.com/sites/www.mooreburkina.com/files/styles/max_750x750/public/2024-07/Poemes%20dioula%20sur%20Play%20Store.jpg.webp?itok=CUovqYNs,image,.webp,dioula;moore,,poem,https://mooreburkina.com/fr/dioula/applis-en-dioula-jula;https://mooreburkina.com/fr/dioula/po%C3%A8mes-en-dioula,Poèmes en dioula | Mooré Burkina Faso,Poemes dioula sur Play Store,img,,,,
593ddf8be5d1e413,https://mooreburkina.com/sites/www.mooreburkina.com/files/styles/max_750x750/public/2024-07/Proverbes%20dioula%20vol1%20sur%20Play%20Store.jpg.webp?itok=pCI7QL4z,image,.webp,dioula;moore,,proverb,https://mooreburkina.com/fr/dioula/applis-en-dioula-jula;https://mooreburkina.com/fr/dioula/proverbes-lu-en-dioula-vol-1,Proverbes dioula vol 1 | Mooré Burkina Faso,Proverbes dioula vol1 sur Play Store,img,,,,
84ffc27d7406044e,https://mooreburkina.com/sites/www.mooreburkina.com/files/styles/max_750x750/public/2024-07/Proverbes%20dioula%20vol2%20sur%20Play%20Store.jpg.webp?itok=zmQLtyD6,image,.webp,dioula;moore,,proverb,https://mooreburkina.com/fr/dioula/applis-en-dioula-jula;https://mooreburkina.com/fr/dioula/proverbes-dioula-vol-3,Proverbes dioula vol 2 | Mooré Burkina Faso,Proverbes dioula vol2 sur Play Store,img,,,,
01642d2681c23947,https://mooreburkina.com/sites/www.mooreburkina.com/files/styles/max_750x750/public/2024-07/cinq%20contes%20dioula%20sur%20Play%20Store.jpg.webp?itok=GIvLeI_U,image,.webp,dioula;moore,,folktale,https://mooreburkina.com/fr/dioula/5-contes-dioula;https://mooreburkina.com/fr/dioula/applis-en-dioula-jula,5 contes dioula | Mooré Burkina Faso,cinq contes dioula sur Play Store,img,,,,
f53f0c78fcb0ff12,https://mooreburkina.com/sites/www.mooreburkina.com/files/styles/max_750x750/public/2024-07/cliquer%20ici%20pour%20prochain%20conte.jpg.webp?itok=1bIY5N0F,image,.webp,dioula;moore,,folktale,https://mooreburkina.com/fr/dioula/contes-dioula-avec-audio-vol-4,Contes dioula avec audio vol. 4 | Mooré Burkina Faso,cliquer ici pour prochain conte,img,,,,
7c3a0c7e61e43f00,https://mooreburkina.com/sites/www.mooreburkina.com/files/styles/max_750x750/public/2024-07/contes%20dioula%20on%20App%20Store1.jpg.webp?itok=gMECHOsS,image,.webp,dioula;moore,,folktale,https://mooreburkina.com/fr/dioula/applis-en-dioula-jula;https://mooreburkina.com/fr/dioula/contes-dioula-avec-audio-vol-4,Contes dioula avec audio vol. 4 | Mooré Burkina Faso,contes dioula on App Store1,img,,,,
f8751abae9b830ce,https://mooreburkina.com/sites/www.mooreburkina.com/files/styles/max_750x750/public/2025-01/Jula%20dictionary%20sur%20Play%20Store.jpg.webp?itok=xWpbJoN1,image,.webp,dioula;moore,,dictionary,https://mooreburkina.com/fr/applications-smartphone/applis-en-dioula,Applis en dioula | Mooré Burkina Faso,Jula dictionary sur Play Store.jpg,img,,,,
cd07be6d94b33d00,https://mooreburkina.com/sites/www.mooreburkina.com/files/styles/max_750x750/public/2025-02/Bamanan%20App%20Store%20icon.jpg.webp?itok=FN7PbMRL,image,.webp,dioula;moore,,dictionary,https://mooreburkina.com/fr/dioula/applis-en-dioula-jula,Applis en dioula / jula | Mooré Burkina Faso,Bamanan dictionary App Store 2.jpg,img,,,,
7a55f57e98be6984,https://mooreburkina.com/sites/www.mooreburkina.com/files/styles/max_750x750/public/2025-02/Bambara%20Play%20Store.jpg.webp?itok=XRyjw0az,image,.webp,dioula;moore,,app,https://mooreburkina.com/fr/dioula/applis-en-dioula-jula,Applis en dioula / jula | Mooré Burkina Faso,Bambara Play Store2.jpg,img,,,,
9738e58fc40b4135,https://mooreburkina.com/sites/www.mooreburkina.com/files/styles/max_750x750/public/2025-02/Dioula%20dictionary%20on%20app%20Store.jpg.webp?itok=-PrF1oSM,image,.webp,dioula;moore,,dictionary,https://mooreburkina.com/fr/dioula/applis-en-dioula-jula,Applis en dioula / jula | Mooré Burkina Faso,Dioula dictionary on app Store1.jpg,img,,,,
09088ad51a858f15,https://mooreburkina.com/sites/www.mooreburkina.com/files/styles/max_750x750/public/2025-02/Play%20Store%20jula1.jpg.webp?itok=czdCShqn,image,.webp,dioula;moore,,app,https://mooreburkina.com/fr/dioula/applis-en-dioula-jula,Applis en dioula / jula | Mooré Burkina Faso,Play Store jula2.jpg,img,,,,
ba75147022f9437d,https://mooreburkina.com/sites/www.mooreburkina.com/files/styles/max_750x750/public/2026-02/Proverbes%20Jula%20CI%20Play%20Store.jpg.webp?itok=bVBftniN,image,.webp,dioula;moore,,proverb,https://mooreburkina.com/fr/dioula/applis-en-dioula-jula,Applis en dioula / jula | Mooré Burkina Faso,Proverbes Jula CI Play Store.jpg,img,,,,
a927d6f80cd98837,https://mooreburkina.com/sites/www.mooreburkina.com/files/styles/max_750x750/public/2026-02/Webonary%20Dioula%20dico.jpg.webp?itok=gD_XYV8D,image,.webp,dioula;moore,,dictionary,https://mooreburkina.com/fr/dictionnaire-moor%C3%A9/aplications-de-dictionnaires-pour-ordinateur,Applications de dictionnaires | Mooré Burkina Faso,Webonary Dioula dico.jpg,img,,,,
5d526a40cdff9ec6,https://mooreburkina.com/sites/www.mooreburkina.com/files/styles/max_750x750/public/2026-03/Sagesse%20Bambara%20sur%20App%20Store.jpg.webp?itok=cbJcXbq1,image,.webp,dioula;moore,,app,https://mooreburkina.com/fr/applications-smartphone/applis-en-dioula,Applis en dioula | Mooré Burkina Faso,Sagesse Bambara sur App Store.jpg,img,,,,
45dcc2b141b3aff0,https://mooreburkina.com/sites/www.mooreburkina.com/files/styles/max_750x750/public/2026-03/Sagesse%20Bambara%20sur%20Google%20Play%20Store.jpg.webp?itok=0-XkjmiW,image,.webp,dioula;moore,,app,https://mooreburkina.com/fr/applications-smartphone/applis-en-dioula;https://mooreburkina.com/fr/dioula/applis-en-dioula-jula,Applis en dioula | Mooré Burkina Faso,Sagesse Bambara sur Google Play Store.jpg,img,,,,
7c64745a22aa6a21,https://mooreburkina.com/sites/www.mooreburkina.com/files/styles/max_750x750/public/Applis%20Play%20Store%20images/Applis%20dioula/02%20contes%20dioula%20audio%20vol1.jpg.webp?itok=J-Ydh-cq,image,.webp,dioula;moore,,app,https://mooreburkina.com/fr/applications-smartphone/applis-en-dioula,Applis en dioula | Mooré Burkina Faso,,img,,,,
a017e5c7de5128c0,https://mooreburkina.com/sites/www.mooreburkina.com/files/styles/max_750x750/public/Applis%20Play%20Store%20images/Applis%20dioula/03%20contes%20dioula%20audio%20vol2.jpg.webp?itok=zSismrWN,image,.webp,dioula;moore,,app,https://mooreburkina.com/fr/applications-smartphone/applis-en-dioula,Applis en dioula | Mooré Burkina Faso,,img,,,,
2ee09b6408da6c82,https://mooreburkina.com/sites/www.mooreburkina.com/files/styles/max_750x750/public/Applis%20Play%20Store%20images/Applis%20dioula/04%20cesirijala.jpg.webp?itok=NeLiGQq_,image,.webp,dioula;moore,,app,https://mooreburkina.com/fr/applications-smartphone/applis-en-dioula,Applis en dioula | Mooré Burkina Faso,,img,,,,
173cfb1e72bf9e96,https://mooreburkina.com/sites/www.mooreburkina.com/files/styles/max_750x750/public/Applis%20Play%20Store%20images/Applis%20dioula/05%20dioula%20facile.jpg.webp?itok=zhT7S8NM,image,.webp,dioula;moore,,app,https://mooreburkina.com/fr/applications-smartphone/applis-en-dioula,Applis en dioula | Mooré Burkina Faso,,img,,,,
975258b7eaffc3da,https://mooreburkina.com/sites/www.mooreburkina.com/files/styles/max_750x750/public/Applis%20Play%20Store%20images/Applis%20dioula/06%20contes%20dioula%20dakuyo.jpg.webp?itok=Q3XZZrOk,image,.webp,dioula;moore,,app,https://mooreburkina.com/fr/applications-smartphone/applis-en-dioula,Applis en dioula | Mooré Burkina Faso,,img,,,,
fdc6b60d616a0be4,https://mooreburkina.com/sites/www.mooreburkina.com/files/styles/max_750x750/public/Applis%20Play%20Store%20images/Applis%20dioula/07%20proverbes%20dioula%20avec%20audio.jpg.webp?itok=Ig9FDNUr,image,.webp,dioula;moore,,app,https://mooreburkina.com/fr/applications-smartphone/applis-en-dioula,Applis en dioula | Mooré Burkina Faso,,img,,,,
7317a2ce8b2c809a,https://mooreburkina.com/sites/www.mooreburkina.com/files/styles/max_750x750/public/Applis%20Play%20Store%20images/Applis%20dioula/08%20Bible%20Dioula%20BF.jpg.webp?itok=vUORevbF,image,.webp,dioula;moore,,app,https://mooreburkina.com/fr/applications-smartphone/applis-en-dioula;https://mooreburkina.com/fr/dioula/applis-en-dioula-jula,Applis en dioula | Mooré Burkina Faso,,img,,,,
8f1edb55c1beba4c,https://mooreburkina.com/sites/www.mooreburkina.com/files/styles/max_750x750/public/Applis%20Play%20Store%20images/Applis%20dioula/Dioula%20dictionary%20on%20app%20Store.jpg.webp?itok=oGniFawj,image,.webp,dioula;moore,,app,https://mooreburkina.com/fr/applications-smartphone/applis-en-dioula,Applis en dioula | Mooré Burkina Faso,,img,,,,
db3982b6c0f1d615,https://mooreburkina.com/sites/www.mooreburkina.com/files/styles/max_750x750/public/Applis%20Play%20Store%20images/Applis%20dioula/contes%20dioula%20on%20app%20Store.jpg.webp?itok=NOM7duRk,image,.webp,dioula;moore,,app,https://mooreburkina.com/fr/applications-smartphone/applis-en-dioula,Applis en dioula | Mooré Burkina Faso,,img,,,,
c6538f5913ab30e6,https://mooreburkina.com/sites/www.mooreburkina.com/files/styles/max_750x750/public/Dictio%20apk/smarthphone%20dioula.jpg.webp?itok=KzTlKG3U,image,.webp,dioula;moore,,dictionary,https://mooreburkina.com/fr/dictionnaire-moor%C3%A9/aplications-de-dictionnaires-pour-ordinateur,Applications de dictionnaires | Mooré Burkina Faso,,img,,,,
9cbe14ce9c085abe,https://mooreburkina.com/sites/www.mooreburkina.com/files/styles/max_750x750/public/Diction%20exe/dictionnaire%20dioula.jpg.webp?itok=n8pY0lo1,image,.webp,dioula;moore,,dictionary,https://mooreburkina.com/fr/dictionnaire-moor%C3%A9/aplications-de-dictionnaires-pour-ordinateur,Applications de dictionnaires | Mooré Burkina Faso,,img,,,,
7926fbe051315316,https://mooreburkina.com/sites/www.mooreburkina.com/files/styles/max_750x750/public/dioula%20facile%201a.jpg.webp?itok=ihWVroVz,image,.webp,dioula;moore,,other,https://mooreburkina.com/fr/dioula/dioula-facile-tome-1,Dioula facile tome 1 | Mooré Burkina Faso,,img,,,,
074df5b8c0a399b9,https://mooreburkina.com/sites/www.mooreburkina.com/files/styles/max_750x750/public/pdf-files/02%20Index%20Deutsch%20-%20Dioula.jpg.webp?itok=2UjN_eIq,image,.webp,dioula;moore,,book_document,https://mooreburkina.com/fr/dioula/documents-dioula,Documents dioula | Mooré Burkina Faso,,img,,,,
7d99ee3b9cbae781,https://mooreburkina.com/sites/www.mooreburkina.com/files/styles/max_750x750/public/pdf-files/Dioula%20Lexique%20fr%20en%20al%20klein.jpg.webp?itok=6TSeF9VY,image,.webp,dioula;moore,,book_document,https://mooreburkina.com/fr/dioula/documents-dioula,Documents dioula | Mooré Burkina Faso,,img,,,,
158adf07537b4659,https://mooreburkina.com/sites/www.mooreburkina.com/files/styles/max_750x750/public/pdf-files/Dioula%20Plantes%20Lexique.jpg.webp?itok=_VUxqZ8a,image,.webp,dioula;moore,,book_document,https://mooreburkina.com/fr/dioula/documents-dioula,Documents dioula | Mooré Burkina Faso,,img,,,,
c14e7ee62c8764f3,https://mooreburkina.com/sites/www.mooreburkina.com/files/styles/max_750x750/public/pdf-files/Dioula%20maladies%20Lexique.jpg.webp?itok=6qlu3AjS,image,.webp,dioula;moore,,book_document,https://mooreburkina.com/fr/dioula/documents-dioula,Documents dioula | Mooré Burkina Faso,,img,,,,
f0dd5fe6665797b5,https://mooreburkina.com/sites/www.mooreburkina.com/files/styles/max_750x750/public/pdf-files/Dioula%20math%20et%20enseigne.jpg.webp?itok=k7q2FJiF,image,.webp,dioula;moore,,book_document,https://mooreburkina.com/fr/dioula/documents-dioula,Documents dioula | Mooré Burkina Faso,,img,,,,
de8171f36b20825c,https://mooreburkina.com/sites/www.mooreburkina.com/files/styles/max_750x750/public/pdf-files/Dioula%20nourriture%20Lexique1.jpg.webp?itok=j8h8cMBM,image,.webp,dioula;moore,,book_document,https://mooreburkina.com/fr/dioula/documents-dioula,Documents dioula | Mooré Burkina Faso,,img,,,,
942fc1fac7076349,https://mooreburkina.com/sites/www.mooreburkina.com/files/styles/max_750x750/public/pdf-files/dictionnaire%20dioula%20-%20fr%20-%20en%20-%20de%20avec%20images2.jpg.webp?itok=mWXyLfhs,image,.webp,dioula;moore,,book_document,https://mooreburkina.com/fr/dioula/documents-dioula,Documents dioula | Mooré Burkina Faso,,img,,,,
2f652abf76cb33a8,https://mooreburkina.com/sites/www.mooreburkina.com/files/styles/medium/public/pdf-files/Bambara%20-%20Allemand%20Index.pdf.jpg.webp?itok=FxwAPHhc,image,.webp,dioula;moore,,book_document,https://mooreburkina.com/fr/dioula/documents-dioula,Documents dioula | Mooré Burkina Faso,Bambara - Allemand Index.pdf,img,,,,
88dc1cb527396b7f,https://mooreburkina.com/sites/www.mooreburkina.com/files/styles/medium/public/pdf-files/Bambara%20Animaux%20inf%C3%A9rieurs.pdf.jpg.webp?itok=uILbpLDd,image,.webp,dioula;moore,,image_culture,https://mooreburkina.com/fr/dioula/documents-dioula,Documents dioula | Mooré Burkina Faso,Bambara Animaux inférieurs.pdf,img,,,,
779d65bca02cd9e2,https://mooreburkina.com/sites/www.mooreburkina.com/files/styles/medium/public/pdf-files/Bambara%20Buissons%2C%20arbustes.pdf.jpg.webp?itok=9yPA0Tur,image,.webp,dioula;moore,,book_document,https://mooreburkina.com/fr/dioula/documents-dioula,Documents dioula | Mooré Burkina Faso,"Bambara Buissons, arbustes.pdf",img,,,,
ac8a7ace4f0b0c74,https://mooreburkina.com/sites/www.mooreburkina.com/files/styles/medium/public/pdf-files/Bambara%20Herbes%2C%20plantes%20grimpantes.pdf.jpg.webp?itok=dNvOkN_U,image,.webp,dioula;moore,,book_document,https://mooreburkina.com/fr/dioula/documents-dioula,Documents dioula | Mooré Burkina Faso,"Bambara Herbes, plantes grimpantes.pdf",img,,,,
52f2d7fed3a25c30,https://mooreburkina.com/sites/www.mooreburkina.com/files/styles/medium/public/pdf-files/Bambara%20Lexique.pdf.jpg.webp?itok=SYO6nWXs,image,.webp,dioula;moore,,dictionary,https://mooreburkina.com/fr/dioula/documents-dioula,Documents dioula | Mooré Burkina Faso,Bambara Lexique.pdf,img,,,,
ba925880ef108076,https://mooreburkina.com/sites/www.mooreburkina.com/files/styles/medium/public/pdf-files/Bambara%20Mammif%C3%A8res.pdf.jpg.webp?itok=7Ujz4FTi,image,.webp,dioula;moore,,book_document,https://mooreburkina.com/fr/dioula/documents-dioula,Documents dioula | Mooré Burkina Faso,Bambara Mammifères.pdf,img,,,,
28f243fb0e2afe32,https://mooreburkina.com/sites/www.mooreburkina.com/files/styles/medium/public/pdf-files/Bambara%20Oiseaux.pdf.jpg.webp?itok=rOxkpJgN,image,.webp,dioula;moore,,book_document,https://mooreburkina.com/fr/dioula/documents-dioula,Documents dioula | Mooré Burkina Faso,Bambara Oiseaux.pdf,img,,,,
5afc86d6ee3f83ae,https://mooreburkina.com/sites/www.mooreburkina.com/files/styles/medium/public/pdf-files/Bambara%20Reptiles%20et%20Amphibiens.pdf.jpg.webp?itok=bBjjZsYQ,image,.webp,dioula;moore,,book_document,https://mooreburkina.com/fr/dioula/documents-dioula,Documents dioula | Mooré Burkina Faso,Bambara Reptiles et Amphibiens.pdf,img,,,,
dfd7480bb5526146,https://mooreburkina.com/sites/www.mooreburkina.com/files/styles/medium/public/pdf-files/Bambara%20arbres_0.pdf.jpg.webp?itok=j-Pjawaq,image,.webp,dioula;moore,,book_document,https://mooreburkina.com/fr/dioula/documents-dioula,Documents dioula | Mooré Burkina Faso,Bambara arbres.pdf,img,,,,
0a8c087bf51cd5d4,https://mooreburkina.com/sites/www.mooreburkina.com/files/styles/medium/public/pdf-files/Bambara%20insectes%20et%20araign%C3%A9es.pdf.jpg.webp?itok=FXdIsDM3,image,.webp,dioula;moore,,book_document,https://mooreburkina.com/fr/dioula/documents-dioula,Documents dioula | Mooré Burkina Faso,Bambara insectes et araignées.pdf,img,,,,
9ae4eb704139e6b5,https://mooreburkina.com/sites/www.mooreburkina.com/files/styles/medium/public/pdf-files/Bambara%20poissons.pdf.jpg.webp?itok=5pYsWLcN,image,.webp,dioula;moore,,book_document,https://mooreburkina.com/fr/dioula/documents-dioula,Documents dioula | Mooré Burkina Faso,Bambara poissons.pdf,img,,,,
d2379a40e5086325,https://mooreburkina.com/sites/www.mooreburkina.com/files/styles/medium/public/pdf-files/Guide%20d%27orthographe%20dioula.pdf.jpg.webp?itok=jZmc5roq,image,.webp,dioula;moore,,orthography,https://mooreburkina.com/fr/dioula/documents-dioula,Documents dioula | Mooré Burkina Faso,Guide d'orthographe dioula.pdf,img,,,,
eed0cc64d2e89ce4,https://mooreburkina.com/sites/www.mooreburkina.com/files/media_stream/streams/hls_standard_video/1061.m3u8,link,,dioula;moore,,other,https://mooreburkina.com/fr/dioula/videos-en-diaporama-dioula,Videos en diaporama dioula | Mooré Burkina Faso,,source,,,application/x-mpegURL,
f4fe18d09ce33157,https://mooreburkina.com/sites/www.mooreburkina.com/files/media_stream/streams/hls_standard_video/1064.m3u8,link,,dioula;moore,,other,https://mooreburkina.com/fr/dioula/videos-en-diaporama-dioula,Videos en diaporama dioula | Mooré Burkina Faso,,source,,,application/x-mpegURL,
1160a48cb2c4b707,https://mooreburkina.com/sites/www.mooreburkina.com/files/media_stream/streams/hls_standard_video/1073.m3u8,link,,dioula;moore,,other,https://mooreburkina.com/fr/dioula/videos-en-diaporama-dioula,Videos en diaporama dioula | Mooré Burkina Faso,,source,,,application/x-mpegURL,
2b30766c6ed4c326,https://mooreburkina.com/sites/www.mooreburkina.com/files/media_stream/streams/hls_standard_video/1076.m3u8,link,,dioula;moore,,other,https://mooreburkina.com/fr/dioula/videos-en-diaporama-dioula,Videos en diaporama dioula | Mooré Burkina Faso,,source,,,application/x-mpegURL,
74614114917d7f4e,https://mooreburkina.com/sites/www.mooreburkina.com/files/media_stream/streams/hls_standard_video/763.m3u8,link,,dioula;moore,,religious,https://mooreburkina.com/fr/dioula/marcher-avec-j%C3%A9sus-1-5,Marcher avec Jésus 1 - 5 | Mooré Burkina Faso,,source,,,application/x-mpegURL,
8d88d00c8b5bff95,https://mooreburkina.com/sites/www.mooreburkina.com/files/media_stream/streams/hls_standard_video/766.m3u8,link,,dioula;moore,,religious,https://mooreburkina.com/fr/dioula/marcher-avec-j%C3%A9sus-1-5,Marcher avec Jésus 1 - 5 | Mooré Burkina Faso,,source,,,application/x-mpegURL,
e1e246f656088204,https://mooreburkina.com/sites/www.mooreburkina.com/files/media_stream/streams/hls_standard_video/769.m3u8,link,,dioula;moore,,religious,https://mooreburkina.com/fr/dioula/marcher-avec-j%C3%A9sus-1-5,Marcher avec Jésus 1 - 5 | Mooré Burkina Faso,,source,,,application/x-mpegURL,
78cc7443d56ff78a,https://mooreburkina.com/sites/www.mooreburkina.com/files/media_stream/streams/hls_standard_video/772.m3u8,link,,dioula;moore,,religious,https://mooreburkina.com/fr/dioula/marcher-avec-j%C3%A9sus-1-5,Marcher avec Jésus 1 - 5 | Mooré Burkina Faso,,source,,,application/x-mpegURL,
c00279acc77336b1,https://mooreburkina.com/sites/www.mooreburkina.com/files/media_stream/streams/hls_standard_video/775.m3u8,link,,dioula;moore,,religious,https://mooreburkina.com/fr/dioula/marcher-avec-j%C3%A9sus-1-5,Marcher avec Jésus 1 - 5 | Mooré Burkina Faso,,source,,,application/x-mpegURL,
c32f685ed252374f,https://mooreburkina.com/sites/www.mooreburkina.com/files/media_stream/streams/hls_standard_video/959.m3u8,link,,dioula;moore,,other,https://mooreburkina.com/fr/dioula/videos-en-diaporama-dioula,Videos en diaporama dioula | Mooré Burkina Faso,,source,,,application/x-mpegURL,
81afaca55de48254,https://mooreburkina.com/sites/www.mooreburkina.com/files/media_stream/streams/hls_standard_video/962.m3u8,link,,dioula;moore,,other,https://mooreburkina.com/fr/dioula/videos-en-diaporama-dioula,Videos en diaporama dioula | Mooré Burkina Faso,,source,,,application/x-mpegURL,
4cd8cd2920f91bf7,https://mooreburkina.com/sites/www.mooreburkina.com/files/media_stream/streams/hls_standard_video/965.m3u8,link,,dioula;moore,,other,https://mooreburkina.com/fr/dioula/videos-en-diaporama-dioula,Videos en diaporama dioula | Mooré Burkina Faso,,source,,,application/x-mpegURL,
62831904ce82b5f7,https://mooreburkina.com/sites/www.mooreburkina.com/files/media_stream/streams/hls_standard_video/968.m3u8,link,,dioula;moore,,other,https://mooreburkina.com/fr/dioula/videos-en-diaporama-dioula,Videos en diaporama dioula | Mooré Burkina Faso,,source,,,application/x-mpegURL,
7faa4b34b0b6ec7f,https://mooreburkina.com/sites/mooreburkina.af2.wfbuild.net/files/pdf-files/02%20Dioula%20-%20Index%20%28allemand%29.pdf,pdf,.pdf,dioula;moore,,book_document,https://mooreburkina.com/fr/dioula/documents-dioula,Documents dioula | Mooré Burkina Faso,,a,,,,
a0a1d17161b3877d,https://mooreburkina.com/sites/www.mooreburkina.com/files/pdf-files/02%20Dioula%20-%20Index%20%28allemand%29.pdf,pdf,.pdf,dioula;moore,,dictionary,https://mooreburkina.com/fr/dioula/documents-dioula,Documents dioula | Mooré Burkina Faso,index du même dictionnaire : allemand - dioula,a,,,,
30f1655bc8ba96b4,https://mooreburkina.com/sites/www.mooreburkina.com/files/pdf-files/Alphabet%20Bambara.pdf,pdf,.pdf,dioula;moore,,orthography,https://mooreburkina.com/fr/dioula/documents-dioula,Documents dioula | Mooré Burkina Faso,Alphabet Bambara.pdf,a,,,,
b0a050f47bede713,https://mooreburkina.com/sites/www.mooreburkina.com/files/pdf-files/Alphabet%20dioula.pdf,pdf,.pdf,dioula;moore,,orthography,https://mooreburkina.com/fr/dioula-fulfulde;https://mooreburkina.com/fr/dioula/documents-dioula,Documents dioula | Mooré Burkina Faso,Alphabet dioula.pdf,a,,,,
0d7c9d05f175132a,https://mooreburkina.com/sites/www.mooreburkina.com/files/pdf-files/Applis%20en%20dioula_0_0.pdf,pdf,.pdf,dioula;moore,,app,https://mooreburkina.com/fr/dioula/documents-dioula,Documents dioula | Mooré Burkina Faso,Applis en dioula.pdf,a,,,,
aa0ee07d1f911800,https://mooreburkina.com/sites/www.mooreburkina.com/files/pdf-files/Bambara%20-%20Allemand%20Index.pdf,pdf,.pdf,dioula;moore,,book_document,https://mooreburkina.com/fr/dioula/documents-dioula;https://mooreburkina.com/libraries/pdfjs-dist-viewer-min/build/minified/web/viewer.html?file=%2Fsites%2Fwww.mooreburkina.com%2Ffiles%2Fpdf-files%2FBambara%2520-%2520Allemand%2520Index.pdf,Documents dioula | Mooré Burkina Faso,Regarder 2 Mo,a,,,,
3fe5080a32430acc,https://mooreburkina.com/sites/www.mooreburkina.com/files/pdf-files/Bambara%20Animaux%20inf%C3%A9rieurs.pdf,pdf,.pdf,dioula;moore,,book_document,https://mooreburkina.com/fr/dioula/documents-dioula;https://mooreburkina.com/libraries/pdfjs-dist-viewer-min/build/minified/web/viewer.html?file=%2Fsites%2Fwww.mooreburkina.com%2Ffiles%2Fpdf-files%2FBambara%2520Animaux%2520inf%25C3%25A9rieurs.pdf,Documents dioula | Mooré Burkina Faso,Regarder 596 KB,a,,,,
a18101fd129aa9ce,https://mooreburkina.com/sites/www.mooreburkina.com/files/pdf-files/Bambara%20Buissons%2C%20arbustes.pdf,pdf,.pdf,dioula;moore,,book_document,https://mooreburkina.com/fr/dioula/documents-dioula;https://mooreburkina.com/libraries/pdfjs-dist-viewer-min/build/minified/web/viewer.html?file=%2Fsites%2Fwww.mooreburkina.com%2Ffiles%2Fpdf-files%2FBambara%2520Buissons%252C%2520arbustes.pdf,Documents dioula | Mooré Burkina Faso,Regarder 1.5 Mo,a,,,,
bb1f7897d0d0837c,https://mooreburkina.com/sites/www.mooreburkina.com/files/pdf-files/Bambara%20Herbes%2C%20plantes%20grimpantes.pdf,pdf,.pdf,dioula;moore,,book_document,https://mooreburkina.com/fr/dioula/documents-dioula;https://mooreburkina.com/libraries/pdfjs-dist-viewer-min/build/minified/web/viewer.html?file=%2Fsites%2Fwww.mooreburkina.com%2Ffiles%2Fpdf-files%2FBambara%2520Herbes%252C%2520plantes%2520grimpantes.pdf,Documents dioula | Mooré Burkina Faso,Regarder 4.6 Mo,a,,,,
2594104698bb1b07,https://mooreburkina.com/sites/www.mooreburkina.com/files/pdf-files/Bambara%20Lexicon.pdf,pdf,.pdf,dioula;moore,,book_document,https://mooreburkina.com/fr/dioula/documents-dioula;https://mooreburkina.com/libraries/pdfjs-dist-viewer-min/build/minified/web/viewer.html?file=%2Fsites%2Fwww.mooreburkina.com%2Ffiles%2Fpdf-files%2FBambara%2520Lexicon.pdf,Documents dioula | Mooré Burkina Faso,Regarder 10.6 Mo,a,,,,
17fbcb15beb44230,https://mooreburkina.com/sites/www.mooreburkina.com/files/pdf-files/Bambara%20Lexique.pdf,pdf,.pdf,dioula;moore,,book_document,https://mooreburkina.com/fr/dioula/documents-dioula;https://mooreburkina.com/libraries/pdfjs-dist-viewer-min/build/minified/web/viewer.html?file=%2Fsites%2Fwww.mooreburkina.com%2Ffiles%2Fpdf-files%2FBambara%2520Lexique.pdf,Documents dioula | Mooré Burkina Faso,Regarder 23.1 Mo,a,,,,
676a2a5bcf99a5d4,https://mooreburkina.com/sites/www.mooreburkina.com/files/pdf-files/Bambara%20Mammif%C3%A8res.pdf,pdf,.pdf,dioula;moore,,book_document,https://mooreburkina.com/fr/dioula/documents-dioula;https://mooreburkina.com/libraries/pdfjs-dist-viewer-min/build/minified/web/viewer.html?file=%2Fsites%2Fwww.mooreburkina.com%2Ffiles%2Fpdf-files%2FBambara%2520Mammif%25C3%25A8res.pdf,Documents dioula | Mooré Burkina Faso,Regarder 2.7 Mo,a,,,,
c608d3a8551a6095,https://mooreburkina.com/sites/www.mooreburkina.com/files/pdf-files/Bambara%20Oiseaux.pdf,pdf,.pdf,dioula;moore,,book_document,https://mooreburkina.com/fr/dioula/documents-dioula;https://mooreburkina.com/libraries/pdfjs-dist-viewer-min/build/minified/web/viewer.html?file=%2Fsites%2Fwww.mooreburkina.com%2Ffiles%2Fpdf-files%2FBambara%2520Oiseaux.pdf,Documents dioula | Mooré Burkina Faso,Regarder 3.2 Mo,a,,,,
56da89eb8a277839,https://mooreburkina.com/sites/www.mooreburkina.com/files/pdf-files/Bambara%20Reptiles%20et%20Amphibiens.pdf,pdf,.pdf,dioula;moore,,book_document,https://mooreburkina.com/fr/dioula/documents-dioula;https://mooreburkina.com/libraries/pdfjs-dist-viewer-min/build/minified/web/viewer.html?file=%2Fsites%2Fwww.mooreburkina.com%2Ffiles%2Fpdf-files%2FBambara%2520Reptiles%2520et%2520Amphibiens.pdf,Documents dioula | Mooré Burkina Faso,Regarder 1.2 Mo,a,,,,
f6016ec23827c014,https://mooreburkina.com/sites/www.mooreburkina.com/files/pdf-files/Bambara%20arbres_0.pdf,pdf,.pdf,dioula;moore,,book_document,https://mooreburkina.com/fr/dioula/documents-dioula;https://mooreburkina.com/libraries/pdfjs-dist-viewer-min/build/minified/web/viewer.html?file=%2Fsites%2Fwww.mooreburkina.com%2Ffiles%2Fpdf-files%2FBambara%2520arbres_0.pdf,Documents dioula | Mooré Burkina Faso,Regarder 4 Mo,a,,,,
f9666f68950f1d8b,https://mooreburkina.com/sites/www.mooreburkina.com/files/pdf-files/Bambara%20insectes%20et%20araign%C3%A9es.pdf,pdf,.pdf,dioula;moore,,book_document,https://mooreburkina.com/fr/dioula/documents-dioula;https://mooreburkina.com/libraries/pdfjs-dist-viewer-min/build/minified/web/viewer.html?file=%2Fsites%2Fwww.mooreburkina.com%2Ffiles%2Fpdf-files%2FBambara%2520insectes%2520et%2520araign%25C3%25A9es.pdf,Documents dioula | Mooré Burkina Faso,Regarder 1.3 Mo,a,,,,
a289afc134accfa2,https://mooreburkina.com/sites/www.mooreburkina.com/files/pdf-files/Bambara%20poissons.pdf,pdf,.pdf,dioula;moore,,book_document,https://mooreburkina.com/fr/dioula/documents-dioula;https://mooreburkina.com/libraries/pdfjs-dist-viewer-min/build/minified/web/viewer.html?file=%2Fsites%2Fwww.mooreburkina.com%2Ffiles%2Fpdf-files%2FBambara%2520poissons.pdf,Documents dioula | Mooré Burkina Faso,Regarder 1.2 Mo,a,,,,
908f34a2028fc795,https://mooreburkina.com/sites/www.mooreburkina.com/files/pdf-files/Dioula%20Apps%202024.pdf,pdf,.pdf,dioula;moore,,book_document,https://mooreburkina.com/fr/dioula/documents-dioula,Documents dioula | Mooré Burkina Faso,Dioula Apps 2024.pdf,a,,,,
a9b5aa7c73a96365,https://mooreburkina.com/sites/www.mooreburkina.com/files/pdf-files/Dioula%20Plantes%20Lexique.pdf,pdf,.pdf,dioula;moore,,book_document,https://mooreburkina.com/fr/dioula/documents-dioula,Documents dioula | Mooré Burkina Faso,Noms de plantes,a,,,,
f2aa45c9da3fbf01,https://mooreburkina.com/sites/www.mooreburkina.com/files/pdf-files/Dioula%20math%20et%20enseigne%20Lexique.pdf,pdf,.pdf,dioula;moore,,book_document,https://mooreburkina.com/fr/dioula/documents-dioula,Documents dioula | Mooré Burkina Faso,Mathéma. & enseignement,a,,,,
577353a25889fa98,https://mooreburkina.com/sites/www.mooreburkina.com/files/pdf-files/Guide%20d%27orthographe%20dioula.pdf,pdf,.pdf,dioula;moore,,book_document,https://mooreburkina.com/fr/dioula/documents-dioula;https://mooreburkina.com/fr/dioula/guide-dorthographe-dioula;https://mooreburkina.com/libraries/pdfjs-dist-viewer-min/build/minified/web/viewer.html?file=%2Fsites%2Fwww.mooreburkina.com%2Ffiles%2Fpdf-files%2FGuide%2520d%2527orthographe%2520dioula.pdf,Documents dioula | Mooré Burkina Faso,Regarder 1.1 Mo,a,,,,
239d9f3d7856848a,https://mooreburkina.com/sites/www.mooreburkina.com/files/media_stream/encodings/video_download_mp4_150/1061-.mp4,video,.mp4,dioula;moore,,other,https://mooreburkina.com/fr/dioula/videos-en-diaporama-dioula,Videos en diaporama dioula | Mooré Burkina Faso,mp4 (150px),a,,,,
57d20a9d636ffde5,https://mooreburkina.com/sites/www.mooreburkina.com/files/media_stream/encodings/video_download_mp4_150/1064-.mp4,video,.mp4,dioula;moore,,other,https://mooreburkina.com/fr/dioula/videos-en-diaporama-dioula,Videos en diaporama dioula | Mooré Burkina Faso,mp4 (150px),a,,,,
aa2f48a3aaf4a65b,https://mooreburkina.com/sites/www.mooreburkina.com/files/media_stream/encodings/video_download_mp4_150/1073-.mp4,video,.mp4,dioula;moore,,other,https://mooreburkina.com/fr/dioula/videos-en-diaporama-dioula,Videos en diaporama dioula | Mooré Burkina Faso,mp4 (150px),a,,,,
8dad5883f42036eb,https://mooreburkina.com/sites/www.mooreburkina.com/files/media_stream/encodings/video_download_mp4_150/1076-.mp4,video,.mp4,dioula;moore,,other,https://mooreburkina.com/fr/dioula/videos-en-diaporama-dioula,Videos en diaporama dioula | Mooré Burkina Faso,mp4 (150px),a,,,,
05e7d5e2232a04f4,https://mooreburkina.com/sites/www.mooreburkina.com/files/media_stream/encodings/video_download_mp4_150/763-.mp4,video,.mp4,dioula;moore,,religious,https://mooreburkina.com/fr/dioula/marcher-avec-j%C3%A9sus-1-5,Marcher avec Jésus 1 - 5 | Mooré Burkina Faso,mp4 (150px),a,,,,
e79208fcec8f9ec1,https://mooreburkina.com/sites/www.mooreburkina.com/files/media_stream/encodings/video_download_mp4_150/766-.mp4,video,.mp4,dioula;moore,,religious,https://mooreburkina.com/fr/dioula/marcher-avec-j%C3%A9sus-1-5,Marcher avec Jésus 1 - 5 | Mooré Burkina Faso,mp4 (150px),a,,,,
aff75e282720384f,https://mooreburkina.com/sites/www.mooreburkina.com/files/media_stream/encodings/video_download_mp4_150/769-.mp4,video,.mp4,dioula;moore,,religious,https://mooreburkina.com/fr/dioula/marcher-avec-j%C3%A9sus-1-5,Marcher avec Jésus 1 - 5 | Mooré Burkina Faso,mp4 (150px),a,,,,
b1a8f1cd6b450162,https://mooreburkina.com/sites/www.mooreburkina.com/files/media_stream/encodings/video_download_mp4_150/772-.mp4,video,.mp4,dioula;moore,,religious,https://mooreburkina.com/fr/dioula/marcher-avec-j%C3%A9sus-1-5,Marcher avec Jésus 1 - 5 | Mooré Burkina Faso,mp4 (150px),a,,,,
98aab7443aba2f77,https://mooreburkina.com/sites/www.mooreburkina.com/files/media_stream/encodings/video_download_mp4_150/775-.mp4,video,.mp4,dioula;moore,,religious,https://mooreburkina.com/fr/dioula/marcher-avec-j%C3%A9sus-1-5,Marcher avec Jésus 1 - 5 | Mooré Burkina Faso,mp4 (150px),a,,,,
0bb916d29be79435,https://mooreburkina.com/sites/www.mooreburkina.com/files/media_stream/encodings/video_download_mp4_150/959-.mp4,video,.mp4,dioula;moore,,other,https://mooreburkina.com/fr/dioula/videos-en-diaporama-dioula,Videos en diaporama dioula | Mooré Burkina Faso,mp4 (150px),a,,,,
fb0a75c2b362d3c7,https://mooreburkina.com/sites/www.mooreburkina.com/files/media_stream/encodings/video_download_mp4_150/962-.mp4,video,.mp4,dioula;moore,,other,https://mooreburkina.com/fr/dioula/videos-en-diaporama-dioula,Videos en diaporama dioula | Mooré Burkina Faso,mp4 (150px),a,,,,
6aac3e75c263e49f,https://mooreburkina.com/sites/www.mooreburkina.com/files/media_stream/encodings/video_download_mp4_150/965-.mp4,video,.mp4,dioula;moore,,other,https://mooreburkina.com/fr/dioula/videos-en-diaporama-dioula,Videos en diaporama dioula | Mooré Burkina Faso,mp4 (150px),a,,,,
9be6270ac1ad4919,https://mooreburkina.com/sites/www.mooreburkina.com/files/media_stream/encodings/video_download_mp4_150/968-.mp4,video,.mp4,dioula;moore,,other,https://mooreburkina.com/fr/dioula/videos-en-diaporama-dioula,Videos en diaporama dioula | Mooré Burkina Faso,mp4 (150px),a,,,,
3d3c0ac35ba6287b,https://mooreburkina.com/sites/www.mooreburkina.com/files/media_stream/encodings/video_download_mp4_480/1061-.mp4,video,.mp4,dioula;moore,,other,https://mooreburkina.com/fr/dioula/videos-en-diaporama-dioula,Videos en diaporama dioula | Mooré Burkina Faso,mp4 (480px),a,,,,
1200e34aed0110a3,https://mooreburkina.com/sites/www.mooreburkina.com/files/media_stream/encodings/video_download_mp4_480/1064-.mp4,video,.mp4,dioula;moore,,other,https://mooreburkina.com/fr/dioula/videos-en-diaporama-dioula,Videos en diaporama dioula | Mooré Burkina Faso,mp4 (480px),a,,,,
629a294709ed2a13,https://mooreburkina.com/sites/www.mooreburkina.com/files/media_stream/encodings/video_download_mp4_480/1073-.mp4,video,.mp4,dioula;moore,,other,https://mooreburkina.com/fr/dioula/videos-en-diaporama-dioula,Videos en diaporama dioula | Mooré Burkina Faso,mp4 (480px),a,,,,
55d8375753921cd0,https://mooreburkina.com/sites/www.mooreburkina.com/files/media_stream/encodings/video_download_mp4_480/1076-.mp4,video,.mp4,dioula;moore,,other,https://mooreburkina.com/fr/dioula/videos-en-diaporama-dioula,Videos en diaporama dioula | Mooré Burkina Faso,mp4 (480px),a,,,,
6a461cd5f278e094,https://mooreburkina.com/sites/www.mooreburkina.com/files/media_stream/encodings/video_download_mp4_480/959-.mp4,video,.mp4,dioula;moore,,other,https://mooreburkina.com/fr/dioula/videos-en-diaporama-dioula,Videos en diaporama dioula | Mooré Burkina Faso,mp4 (480px),a,,,,
96ca7626706b9b95,https://mooreburkina.com/sites/www.mooreburkina.com/files/media_stream/encodings/video_download_mp4_480/962-.mp4,video,.mp4,dioula;moore,,other,https://mooreburkina.com/fr/dioula/videos-en-diaporama-dioula,Videos en diaporama dioula | Mooré Burkina Faso,mp4 (480px),a,,,,
d7206c0c6c94efe8,https://mooreburkina.com/sites/www.mooreburkina.com/files/media_stream/encodings/video_download_mp4_480/965-.mp4,video,.mp4,dioula;moore,,other,https://mooreburkina.com/fr/dioula/videos-en-diaporama-dioula,Videos en diaporama dioula | Mooré Burkina Faso,mp4 (480px),a,,,,
fa135db46f0ed61e,https://mooreburkina.com/sites/www.mooreburkina.com/files/media_stream/encodings/video_download_mp4_480/968-.mp4,video,.mp4,dioula;moore,,other,https://mooreburkina.com/fr/dioula/videos-en-diaporama-dioula,Videos en diaporama dioula | Mooré Burkina Faso,mp4 (480px),a,,,,
94fc9e9db1ad42b8,https://mooreburkina.com/sites/www.mooreburkina.com/files/media_stream/encodings/video_download_mp4_orig_qual/1061-.mp4,video,.mp4,dioula;moore,,other,https://mooreburkina.com/fr/dioula/videos-en-diaporama-dioula,Videos en diaporama dioula | Mooré Burkina Faso,mp4 (taille originale),a,,,,
3f7a96777cf061e3,https://mooreburkina.com/sites/www.mooreburkina.com/files/media_stream/encodings/video_download_mp4_orig_qual/1064-.mp4,video,.mp4,dioula;moore,,other,https://mooreburkina.com/fr/dioula/videos-en-diaporama-dioula,Videos en diaporama dioula | Mooré Burkina Faso,mp4 (taille originale),a,,,,
ce299d2353697f9a,https://mooreburkina.com/sites/www.mooreburkina.com/files/media_stream/encodings/video_download_mp4_orig_qual/1073-.mp4,video,.mp4,dioula;moore,,other,https://mooreburkina.com/fr/dioula/videos-en-diaporama-dioula,Videos en diaporama dioula | Mooré Burkina Faso,mp4 (taille originale),a,,,,
66c85629916997ac,https://mooreburkina.com/sites/www.mooreburkina.com/files/media_stream/encodings/video_download_mp4_orig_qual/1076-.mp4,video,.mp4,dioula;moore,,other,https://mooreburkina.com/fr/dioula/videos-en-diaporama-dioula,Videos en diaporama dioula | Mooré Burkina Faso,mp4 (taille originale),a,,,,
64c10af4d4796e14,https://mooreburkina.com/sites/www.mooreburkina.com/files/media_stream/encodings/video_download_mp4_orig_qual/763-.mp4,video,.mp4,dioula;moore,,religious,https://mooreburkina.com/fr/dioula/marcher-avec-j%C3%A9sus-1-5,Marcher avec Jésus 1 - 5 | Mooré Burkina Faso,mp4 (taille originale),a,,,,
22ef6faa31f02b6f,https://mooreburkina.com/sites/www.mooreburkina.com/files/media_stream/encodings/video_download_mp4_orig_qual/766-.mp4,video,.mp4,dioula;moore,,religious,https://mooreburkina.com/fr/dioula/marcher-avec-j%C3%A9sus-1-5,Marcher avec Jésus 1 - 5 | Mooré Burkina Faso,mp4 (taille originale),a,,,,
6bd7c27c1ae92abd,https://mooreburkina.com/sites/www.mooreburkina.com/files/media_stream/encodings/video_download_mp4_orig_qual/769-.mp4,video,.mp4,dioula;moore,,religious,https://mooreburkina.com/fr/dioula/marcher-avec-j%C3%A9sus-1-5,Marcher avec Jésus 1 - 5 | Mooré Burkina Faso,mp4 (taille originale),a,,,,
063ae837ffd3d9de,https://mooreburkina.com/sites/www.mooreburkina.com/files/media_stream/encodings/video_download_mp4_orig_qual/772-.mp4,video,.mp4,dioula;moore,,religious,https://mooreburkina.com/fr/dioula/marcher-avec-j%C3%A9sus-1-5,Marcher avec Jésus 1 - 5 | Mooré Burkina Faso,mp4 (taille originale),a,,,,
f5727feb2bccba02,https://mooreburkina.com/sites/www.mooreburkina.com/files/media_stream/encodings/video_download_mp4_orig_qual/775-.mp4,video,.mp4,dioula;moore,,religious,https://mooreburkina.com/fr/dioula/marcher-avec-j%C3%A9sus-1-5,Marcher avec Jésus 1 - 5 | Mooré Burkina Faso,mp4 (taille originale),a,,,,
9c3c434ea85c0dbe,https://mooreburkina.com/sites/www.mooreburkina.com/files/media_stream/encodings/video_download_mp4_orig_qual/959-.mp4,video,.mp4,dioula;moore,,other,https://mooreburkina.com/fr/dioula/videos-en-diaporama-dioula,Videos en diaporama dioula | Mooré Burkina Faso,mp4 (taille originale),a,,,,
7e9bb124fc474cfc,https://mooreburkina.com/sites/www.mooreburkina.com/files/media_stream/encodings/video_download_mp4_orig_qual/962-.mp4,video,.mp4,dioula;moore,,other,https://mooreburkina.com/fr/dioula/videos-en-diaporama-dioula,Videos en diaporama dioula | Mooré Burkina Faso,mp4 (taille originale),a,,,,
e145fe0f41c70dc2,https://mooreburkina.com/sites/www.mooreburkina.com/files/media_stream/encodings/video_download_mp4_orig_qual/965-.mp4,video,.mp4,dioula;moore,,other,https://mooreburkina.com/fr/dioula/videos-en-diaporama-dioula,Videos en diaporama dioula | Mooré Burkina Faso,mp4 (taille originale),a,,,,
e0659ae27098c558,https://mooreburkina.com/sites/www.mooreburkina.com/files/media_stream/encodings/video_download_mp4_orig_qual/968-.mp4,video,.mp4,dioula;moore,,other,https://mooreburkina.com/fr/dioula/videos-en-diaporama-dioula,Videos en diaporama dioula | Mooré Burkina Faso,mp4 (taille originale),a,,,,
92aed02100562abe,https://mooreburkina.com/fr/media/oembed?url=https%3A//www.youtube.com/watch%3Fv%3D4EKzuYy1-Xs&max_width=0&max_height=0&hash=-gK0BbvGAmExgDNDkDOR1tzy6u23x4xjbIFXeDXgaOw,video_or_embed,,dioula;moore,,music,https://mooreburkina.com/fr/dioula/youtube-chants-diuola,Youtube chants diuola | Mooré Burkina Faso,Sylvain COULIBALY Hèra bè Matigi Yesu fè.Clip Officiel,iframe,,,,
bc0e36e971c817e8,https://mooreburkina.com/fr/media/oembed?url=https%3A//www.youtube.com/watch%3Fv%3DIonaHZ87nAA&max_width=0&max_height=0&hash=oAZEhOY5NPYaf02Lb0PKOyME1uu0xfoCj9xwxZrW7MM,video_or_embed,,dioula;moore,,music,https://mooreburkina.com/fr/dioula/youtube-chants-diuola,Youtube chants diuola | Mooré Burkina Faso,CDD SONG IN DIOULA,iframe,,,,
f9264ab8b42fcc7d,https://mooreburkina.com/fr/media/oembed?url=https%3A//www.youtube.com/watch%3Fv%3DKMv00IIEPo8&max_width=0&max_height=0&hash=VGBBW8bzTmOruVgqGEfN1pk8srlFTSB3qkDg1n8A4b0,video_or_embed,,dioula;moore,,music,https://mooreburkina.com/fr/dioula/youtube-chants-diuola,Youtube chants diuola | Mooré Burkina Faso,YESU NANA,iframe,,,,
be2b98fb28e04e35,https://mooreburkina.com/fr/media/oembed?url=https%3A//www.youtube.com/watch%3Fv%3DTUs4HfCykwA&max_width=0&max_height=0&hash=J0c_ve-vdSnvH5uKU9KHkdjak0-Rr9CVtLqd2oxK6Kg,video_or_embed,,dioula;moore,,music,https://mooreburkina.com/fr/dioula/youtube-chants-diuola,Youtube chants diuola | Mooré Burkina Faso,JEHOVAH,iframe,,,,
fbed8cb460f9aae0,https://mooreburkina.com/fr/media/oembed?url=https%3A//www.youtube.com/watch%3Fv%3DoXEi5tbe95k&max_width=0&max_height=0&hash=ebbMreQl00NusZQWQPccTJDjhqrwHJp8vI2WVWqXa8g,video_or_embed,,dioula;moore,,music,https://mooreburkina.com/fr/dioula/youtube-chants-diuola,Youtube chants diuola | Mooré Burkina Faso,Amity Meria Meima,iframe,,,,
10a0a2a523e28c20,https://mooreburkina.com/libraries/pdfjs-dist-viewer-min/build/minified/web/viewer.html?file=https%3A%2F%2Fmooreburkina.com%2Fsites%2Fwww.mooreburkina.com%2Ffiles%2Fpdf-files%2FAlphabet%2520Bambara.pdf,video_or_embed,,dioula;moore,,orthography,https://mooreburkina.com/fr/dioula/documents-dioula,Documents dioula | Mooré Burkina Faso,Alphabet Bambara.pdf,iframe,,,,
22d352670804d324,https://mooreburkina.com/libraries/pdfjs-dist-viewer-min/build/minified/web/viewer.html?file=https%3A%2F%2Fmooreburkina.com%2Fsites%2Fwww.mooreburkina.com%2Ffiles%2Fpdf-files%2FAlphabet%2520dioula.pdf,video_or_embed,,dioula;moore,,orthography,https://mooreburkina.com/fr/dioula-fulfulde;https://mooreburkina.com/fr/dioula/documents-dioula,Documents dioula | Mooré Burkina Faso,Alphabet dioula.pdf,iframe,,,,
e08eb87d9d87601a,https://mooreburkina.com/libraries/pdfjs-dist-viewer-min/build/minified/web/viewer.html?file=https%3A%2F%2Fmooreburkina.com%2Fsites%2Fwww.mooreburkina.com%2Ffiles%2Fpdf-files%2FApplis%2520en%2520dioula_0_0.pdf,video_or_embed,,dioula;moore,,app,https://mooreburkina.com/fr/dioula/documents-dioula,Documents dioula | Mooré Burkina Faso,Applis en dioula.pdf,iframe,,,,
0af57a9f439a06b8,https://mooreburkina.com/libraries/pdfjs-dist-viewer-min/build/minified/web/viewer.html?file=https%3A%2F%2Fmooreburkina.com%2Fsites%2Fwww.mooreburkina.com%2Ffiles%2Fpdf-files%2FDioula%2520Apps%25202024.pdf,video_or_embed,,dioula;moore,,book_document,https://mooreburkina.com/fr/dioula/documents-dioula,Documents dioula | Mooré Burkina Faso,Dioula Apps 2024.pdf,iframe,,,,
fa460cf5a4623652,https://mooreburkina.com/libraries/pdfjs-dist-viewer-min/build/minified/web/viewer.html?file=https%3A%2F%2Fmooreburkina.com%2Fsites%2Fwww.mooreburkina.com%2Ffiles%2Fpdf-files%2FGuide%2520d%2527orthographe%2520dioula.pdf,video_or_embed,,dioula;moore,,orthography,https://mooreburkina.com/fr/dioula/guide-dorthographe-dioula,Guide d'orthographe dioula | Mooré Burkina Faso,Guide d'orthographe dioula.pdf,iframe,,,,
d87c935a0f869752,https://apps.apple.com/us/app/pular-english-french/id6479080054?platform=iphone,app_store,,english;french;fulfulde;moore,,app,https://mooreburkina.com/fr/applications-smartphone/applis-en-fulfulde,Applis en Fulfulde | Mooré Burkina Faso,,a,apps.apple.com,,,
4439645db84a198d,https://play.google.com/store/search?q=dictionnaire%20fulfulde&c=apps&hl=fr,app_store,,english;french;fulfulde;moore,,dictionary,https://mooreburkina.com/fr/dictionnaire-moor%C3%A9/aplications-de-dictionnaires-pour-ordinateur,Applications de dictionnaires | Mooré Burkina Faso,-français - anglais.,a,play.google.com,,,
e274cacfbd9e87ae,https://mooreburkina.com/sites/www.mooreburkina.com/files/styles/max_750x750/public/pdf-files/03%20Dictionnaire%20Fulfulde%20-%20fran%C3%A7ais%20-%20English%20PT.jpg.webp?itok=1yOIVTzi,image,.webp,english;french;fulfulde;moore,fulfulde_gurmaare;fulfulde_jelgoore;fulfulde_moosiire;fulfulde_yaagaare,book_document,https://mooreburkina.com/fr/fulfulde/documents-pdf-fulfulde,Documents pdf Fulfulde | Mooré Burkina Faso,,img,,,,
075bdcb0b27a569f,https://mooreburkina.com/sites/www.mooreburkina.com/files/styles/max_750x750/public/pdf-files/Dictionnaire%20Fulfulde%20-%20fran%C3%A7ais%20-%20english%20et%20images1.jpg.webp?itok=O7YebxfQ,image,.webp,english;french;fulfulde;moore,fulfulde_gurmaare;fulfulde_jelgoore;fulfulde_moosiire;fulfulde_yaagaare,book_document,https://mooreburkina.com/fr/fulfulde/documents-pdf-fulfulde,Documents pdf Fulfulde | Mooré Burkina Faso,,img,,,,
0592192efdfa8648,https://mooreburkina.com/sites/www.mooreburkina.com/files/pdf-files/03%20Dictionnaire%20fulfulde%20-%20francais%20%20English.pdf,pdf,.pdf,english;french;fulfulde;moore,fulfulde_gurmaare;fulfulde_jelgoore;fulfulde_moosiire;fulfulde_yaagaare,dictionary,https://mooreburkina.com/fr/fulfulde/documents-pdf-fulfulde,Documents pdf Fulfulde | Mooré Burkina Faso,Dictionnaire Fulfulde - français - anglais,a,,,,
766f066372a4dd25,https://mooreburkina.com/sites/www.mooreburkina.com/files/pdf-files/1%20Fulfulde%20Lexique%20Elev%20et%20Agric.pdf,pdf,.pdf,english;french;fulfulde;moore,fulfulde_gurmaare;fulfulde_jelgoore;fulfulde_moosiire;fulfulde_yaagaare,dictionary,https://mooreburkina.com/fr/fulfulde/documents-pdf-fulfulde,Documents pdf Fulfulde | Mooré Burkina Faso,Lexique Agriculture et élevage en fulfulde - français - anglais,a,,,,
a4b7ef8be3c10a85,https://mooreburkina.com/sites/www.mooreburkina.com/files/pdf-files/2%20fulfulde%20Lexique%20animaux.pdf,pdf,.pdf,english;french;fulfulde;moore,fulfulde_gurmaare;fulfulde_jelgoore;fulfulde_moosiire;fulfulde_yaagaare,dictionary,https://mooreburkina.com/fr/fulfulde/documents-pdf-fulfulde,Documents pdf Fulfulde | Mooré Burkina Faso,Lexique Animaux en fulfulde - français - anglais,a,,,,
1fc7953d1fde3944,https://mooreburkina.com/sites/www.mooreburkina.com/files/pdf-files/3%20Fulfulde%20Lexique%20Corps.pdf,pdf,.pdf,english;french;fulfulde;moore,fulfulde_gurmaare;fulfulde_jelgoore;fulfulde_moosiire;fulfulde_yaagaare,dictionary,https://mooreburkina.com/fr/fulfulde/documents-pdf-fulfulde,Documents pdf Fulfulde | Mooré Burkina Faso,Lexique Corps humain en fulfulde - français - anglais,a,,,,
c639c95757976d97,https://mooreburkina.com/sites/www.mooreburkina.com/files/pdf-files/4%20Fulfulde%20Lexique%20maladies.pdf,pdf,.pdf,english;french;fulfulde;moore,fulfulde_gurmaare;fulfulde_jelgoore;fulfulde_moosiire;fulfulde_yaagaare,dictionary,https://mooreburkina.com/fr/fulfulde/documents-pdf-fulfulde,Documents pdf Fulfulde | Mooré Burkina Faso,Lexique Maladies en fulfulde - français - anglais,a,,,,
0ee0bee72da5b8d2,https://mooreburkina.com/sites/www.mooreburkina.com/files/pdf-files/5%20fulfulde%20Lexique%20nourriture.pdf,pdf,.pdf,english;french;fulfulde;moore,fulfulde_gurmaare;fulfulde_jelgoore;fulfulde_moosiire;fulfulde_yaagaare,dictionary,https://mooreburkina.com/fr/fulfulde/documents-pdf-fulfulde,Documents pdf Fulfulde | Mooré Burkina Faso,Lexique Nourriture en fulfulde - français - anglais,a,,,,
774f1c0a1adb3b28,https://mooreburkina.com/sites/www.mooreburkina.com/files/pdf-files/6%20Fulfulde%20Lexique%20Plantes.pdf,pdf,.pdf,english;french;fulfulde;moore,fulfulde_gurmaare;fulfulde_jelgoore;fulfulde_moosiire;fulfulde_yaagaare,dictionary,https://mooreburkina.com/fr/fulfulde/documents-pdf-fulfulde,Documents pdf Fulfulde | Mooré Burkina Faso,Lexique Plantes en fulfulde - français - anglais,a,,,,
a9e6e3ff56ece0ea,https://mooreburkina.com/sites/www.mooreburkina.com/files/pdf-files/Dictionnaire%20Fulfulde%20-%20fran%C3%A7ais%20-%20english%20et%20images.pdf,pdf,.pdf,english;french;fulfulde;moore,fulfulde_gurmaare;fulfulde_jelgoore;fulfulde_moosiire;fulfulde_yaagaare,dictionary,https://mooreburkina.com/fr/fulfulde/documents-pdf-fulfulde,Documents pdf Fulfulde | Mooré Burkina Faso,Dictionnaire Fulfulde - français - english avec images,a,,,,
b43e8566ee549049,https://www.webonary.org/fulfuldeburkina/,video_or_embed,,english;french;fulfulde;moore,,dictionary,https://mooreburkina.com/fr/dictionnaire-moor%C3%A9/dictionnaire-fulfulde-fran%C3%A7ais-english,Dictionnaire fulfulde en ligne | Mooré Burkina Faso,,iframe,www.webonary.org,,,
85e5b82f9ee93942,https://play.google.com/store/apps/details?id=com.gourma.dic.burkina&hl=fr,app_store,,english;french;gulimancema;moore,,dictionary,https://mooreburkina.com/fr/dictionnaire-moor%C3%A9/aplications-de-dictionnaires-pour-ordinateur;https://mooreburkina.com/fr/gulimancema;https://mooreburkina.com/fr/gulimancema/dictionnaire-gulmanchema,Applications de dictionnaires | Mooré Burkina Faso,-français - anglais.,a,play.google.com,,,
1c68bc9b80341e73,https://apps.apple.com/us/app/moore-french-english/id6477153264?platform=iphone,app_store,,english;french;moore,,app,https://mooreburkina.com/fr/applications-smartphone/applis-en-moor%C3%A9,Applis en mooré | Mooré Burkina Faso,,a,apps.apple.com,,,
c0d2814688f9058d,https://play.google.com/store/apps/details?id=com.africaine.sagesse.english.francais&hl=fr,app_store,,english;french;moore,,app,https://mooreburkina.com/fr/fran%C3%A7ais-applications,Français applications | Mooré Burkina Faso,,a,play.google.com,,,
1175775d8d42205d,https://play.google.com/store/apps/details?id=com.alleman.francais.english.riches&hl=fr,app_store,,english;french;moore,,app,https://mooreburkina.com/fr/fran%C3%A7ais-applications,Français applications | Mooré Burkina Faso,,a,play.google.com,,,
0ad3eb484ac44fb2,https://play.google.com/store/apps/details?id=com.english.french.moore.dictioanry&hl=fr,app_store,,english;french;moore,,dictionary,https://mooreburkina.com/fr/applications-smartphone/applis-en-moor%C3%A9;https://mooreburkina.com/fr/dictionnaire-moor%C3%A9/aplications-de-dictionnaires-pour-ordinateur,Applications de dictionnaires | Mooré Burkina Faso,Dictionnaire mooré -français - anglais.,a,play.google.com,,,
af474a4633c4f9bc,https://play.google.com/store/apps/details?id=com.english.proverbs.african&hl=en,app_store,,english;french;moore,,app,https://mooreburkina.com/fr/fran%C3%A7ais-applications,Français applications | Mooré Burkina Faso,,a,play.google.com,,,
5c62abb05f38de2a,https://play.google.com/store/apps/details?id=com.explained.french.german.english.apocalypse&hl=fr,app_store,,english;french;moore,,app,https://mooreburkina.com/fr/fran%C3%A7ais-applications,Français applications | Mooré Burkina Faso,,a,play.google.com,,,
f9abd6af045f403f,https://play.google.com/store/apps/details?id=com.francais.english.welcome&hl=fr,app_store,,english;french;moore,,app,https://mooreburkina.com/fr/fran%C3%A7ais-applications,Français applications | Mooré Burkina Faso,,a,play.google.com,,,
e7d33319759de99a,https://play.google.com/store/apps/details?id=com.french.german.english.wholehearted&hl=fr,app_store,,english;french;moore,,app,https://mooreburkina.com/fr/fran%C3%A7ais-applications,Français applications | Mooré Burkina Faso,,a,play.google.com,,,
222b7c75efd87f3a,https://play.google.com/store/apps/details?id=com.mutilation.genital.female.english&hl=en,app_store,,english;french;moore,,app,https://mooreburkina.com/fr/fran%C3%A7ais-applications,Français applications | Mooré Burkina Faso,,a,play.google.com,,,
0660a3ff4a8d1ec1,https://play.google.com/store/apps/details?id=org.sim.bf.kassem.dictionary&hl=fr,app_store,,english;french;moore,,dictionary,https://mooreburkina.com/fr/dictionnaire-moor%C3%A9/aplications-de-dictionnaires-pour-ordinateur,Applications de dictionnaires | Mooré Burkina Faso,- français - anglais,a,play.google.com,,,
77554a31bd291b8b,https://play.google.com/store/apps/details?id=org.sim.bf.ninkare.dictionary&hl=fr,app_store,,english;french;moore,,dictionary,https://mooreburkina.com/fr/dictionnaire-moor%C3%A9/aplications-de-dictionnaires-pour-ordinateur,Applications de dictionnaires | Mooré Burkina Faso,- français - anglais,a,play.google.com,,,
54c482cfe12ecb5f,https://mooreburkina.com/sites/www.mooreburkina.com/files/styles/max_750x750/public/2024-09/African%20Proverbs%20English%20Play%20Store.jpg.webp?itok=Hz5Gcbmw,image,.webp,english;french;moore,,app,https://mooreburkina.com/fr/fran%C3%A7ais-applications,Français applications | Mooré Burkina Faso,African Proverbs English Play Store.jpg,img,,,,
0ed7aa87ddb82e34,https://mooreburkina.com/sites/www.mooreburkina.com/files/styles/max_750x750/public/2024-09/Dons%20spirituels%20English%20Play%20Store.jpg.webp?itok=hd5z-m75,image,.webp,english;french;moore,,app,https://mooreburkina.com/fr/fran%C3%A7ais-applications,Français applications | Mooré Burkina Faso,Dons spirituels English Play Store.jpg,img,,,,
911c32151228b487,https://mooreburkina.com/sites/www.mooreburkina.com/files/styles/max_750x750/public/2024-09/Excision%20English%20Play%20Store.jpg.webp?itok=J8746CPy,image,.webp,english;french;moore,,app,https://mooreburkina.com/fr/fran%C3%A7ais-applications,Français applications | Mooré Burkina Faso,Excision English Play Store.jpg,img,,,,
18a2ca1a2c115820,https://mooreburkina.com/sites/www.mooreburkina.com/files/styles/max_750x750/public/2024-09/Paradise%20English%20Play%20Store.jpg.webp?itok=zGP68uYG,image,.webp,english;french;moore,,app,https://mooreburkina.com/fr/fran%C3%A7ais-applications,Français applications | Mooré Burkina Faso,Paradise English Play Store.jpg,img,,,,
81ba68ec27324918,https://mooreburkina.com/sites/www.mooreburkina.com/files/styles/max_750x750/public/pdf-files/Agric%20et%20Elevage%20Moore%20-%20fran%C3%A7ais%20-%20anglais.jpg.webp?itok=IZDziqJU,image,.webp,english;french;moore,,book_document,https://mooreburkina.com/fr/livres-en-moor%C3%A9/t%C3%A9l%C3%A9charger-pdf,Télécharger des livres en mooré pdf | Mooré Burkina Faso,,img,,,,
72c1467fa5c4f2fb,https://mooreburkina.com/sites/www.mooreburkina.com/files/styles/max_750x750/public/pdf-files/Animaux%20en%20Moore%20-%20fran%C3%A7ais%20-%20anglais.jpg.webp?itok=LMrQdHl9,image,.webp,english;french;moore,,book_document,https://mooreburkina.com/fr/livres-en-moor%C3%A9/t%C3%A9l%C3%A9charger-pdf,Télécharger des livres en mooré pdf | Mooré Burkina Faso,,img,,,,
0254ccf3c2d48e63,https://mooreburkina.com/sites/www.mooreburkina.com/files/styles/max_750x750/public/pdf-files/Dictionnaire%20Moore%20-%20fran%C3%A7ais%20-%20English%20avec%20images1.jpg.webp?itok=h7Z27FSP,image,.webp,english;french;moore,,book_document,https://mooreburkina.com/fr/livres-en-moor%C3%A9/t%C3%A9l%C3%A9charger-pdf,Télécharger des livres en mooré pdf | Mooré Burkina Faso,,img,,,,
4da2d6ebfd6d626c,https://mooreburkina.com/sites/www.mooreburkina.com/files/styles/max_750x750/public/pdf-files/Noms%20de%20maladies%20Moore%20-%20fran%C3%A7ais%20-%20anglais.jpg.webp?itok=WEZZnq9m,image,.webp,english;french;moore,,book_document,https://mooreburkina.com/fr/livres-en-moor%C3%A9/t%C3%A9l%C3%A9charger-pdf,Télécharger des livres en mooré pdf | Mooré Burkina Faso,,img,,,,
c49309a90804726d,https://mooreburkina.com/sites/www.mooreburkina.com/files/styles/max_750x750/public/pdf-files/Nourriture%20moor%C3%A9-%20fran%C3%A7ais%20-%20anglais.jpg.webp?itok=N16xVo6S,image,.webp,english;french;moore,,book_document,https://mooreburkina.com/fr/livres-en-moor%C3%A9/t%C3%A9l%C3%A9charger-pdf,Télécharger des livres en mooré pdf | Mooré Burkina Faso,,img,,,,
c568e218dade5815,https://mooreburkina.com/sites/www.mooreburkina.com/files/styles/max_750x750/public/pdf-files/Plantes%20en%20moor%C3%A9%20-%20fran%C3%A7ais%20-anglais.jpg.webp?itok=Xe5NWUFg,image,.webp,english;french;moore,,book_document,https://mooreburkina.com/fr/livres-en-moor%C3%A9/t%C3%A9l%C3%A9charger-pdf,Télécharger des livres en mooré pdf | Mooré Burkina Faso,,img,,,,
e0deeba862982496,https://mooreburkina.com/sites/www.mooreburkina.com/files/pdf-files/01%20Dictionnaire%20Moor%C3%A9%20-%20%20fran%C3%A7ais%20-%20English.pdf,pdf,.pdf,english;french;moore,,dictionary,https://mooreburkina.com/fr/livres-en-moor%C3%A9/t%C3%A9l%C3%A9charger-pdf,Télécharger des livres en mooré pdf | Mooré Burkina Faso,01 Dictionnaire Mooré - français - English.pdf,a,,,,
abaad52e2974af1e,https://mooreburkina.com/sites/www.mooreburkina.com/files/pdf-files/Agric%20et%20Elevage%20Moore%20-%20fran%C3%A7ais%20-%20anglais.pdf,pdf,.pdf,english;french;moore,,dictionary,https://mooreburkina.com/fr/livres-en-moor%C3%A9/t%C3%A9l%C3%A9charger-pdf,Télécharger des livres en mooré pdf | Mooré Burkina Faso,Lexique et images du domain Agriculture et Elevage,a,,,,
031975f4c1156300,https://mooreburkina.com/sites/www.mooreburkina.com/files/pdf-files/Animaux%20en%20Moore%20-%20fran%C3%A7ais%20-%20anglais.pdf,pdf,.pdf,english;french;moore,,dictionary,https://mooreburkina.com/fr/livres-en-moor%C3%A9/t%C3%A9l%C3%A9charger-pdf,Télécharger des livres en mooré pdf | Mooré Burkina Faso,Lexique et images d'animaux,a,,,,
b72e86e56b6ef93c,https://mooreburkina.com/sites/www.mooreburkina.com/files/pdf-files/Dictionnaire%20Moor%C3%A9%20-%20%20fran%C3%A7ais%20-%20English.pdf,pdf,.pdf,english;french;moore,,dictionary,https://mooreburkina.com/fr/livres-en-moor%C3%A9/t%C3%A9l%C3%A9charger-pdf,Télécharger des livres en mooré pdf | Mooré Burkina Faso,Dictionnaire Mooré - Français - English.,a,,,,
88e280a1a44e88fc,https://mooreburkina.com/sites/www.mooreburkina.com/files/pdf-files/Noms%20de%20maladies%20Moore%20-%20fran%C3%A7ais%20-%20anglais.pdf,pdf,.pdf,english;french;moore,,dictionary,https://mooreburkina.com/fr/livres-en-moor%C3%A9/t%C3%A9l%C3%A9charger-pdf,Télécharger des livres en mooré pdf | Mooré Burkina Faso,Lexique et images de noms de maladies en mooré - français- anglais,a,,,,
e029ff7c66d5c50d,https://mooreburkina.com/sites/www.mooreburkina.com/files/pdf-files/Nourriture%20moor%C3%A9-%20fran%C3%A7ais%20-%20anglais.pdf,pdf,.pdf,english;french;moore,,dictionary,https://mooreburkina.com/fr/livres-en-moor%C3%A9/t%C3%A9l%C3%A9charger-pdf,Télécharger des livres en mooré pdf | Mooré Burkina Faso,Lexique avec images nourriture en mooré,a,,,,
72b38cd321cc3ad3,https://mooreburkina.com/sites/www.mooreburkina.com/files/pdf-files/Parties%20du%20corps%20en%20moor%C3%A9.pdf,pdf,.pdf,english;french;moore,,dictionary,https://mooreburkina.com/fr/livres-en-moor%C3%A9/t%C3%A9l%C3%A9charger-pdf,Télécharger des livres en mooré pdf | Mooré Burkina Faso,Lexique et images du corps humain en mooré -français - anglais,a,,,,
38855f044bff4032,https://mooreburkina.com/sites/www.mooreburkina.com/files/pdf-files/Plantes%20en%20moor%C3%A9%20-%20fran%C3%A7ais%20-anglais.pdf,pdf,.pdf,english;french;moore,,dictionary,https://mooreburkina.com/fr/livres-en-moor%C3%A9/t%C3%A9l%C3%A9charger-pdf,Télécharger des livres en mooré pdf | Mooré Burkina Faso,Lexique et images de plantes en mooré - français - anglais,a,,,,
f0c9e68e7ef65cbe,https://mooreburkina.com/sites/www.mooreburkina.com/files/styles/max_750x750/public/pdf-files/03%20Index%20English%20-%20Fulfulde%20PT.JPG.webp?itok=2xkSfPGQ,image,.webp,english;fulfulde;moore,fulfulde_gurmaare;fulfulde_jelgoore;fulfulde_moosiire;fulfulde_yaagaare,book_document,https://mooreburkina.com/fr/fulfulde/documents-pdf-fulfulde,Documents pdf Fulfulde | Mooré Burkina Faso,,img,,,,
e4c9c8a683c35dd8,https://mooreburkina.com/sites/www.mooreburkina.com/files/pdf-files/03%20Fulfulde%20-%20Index%20%28anglais%29.pdf,pdf,.pdf,english;fulfulde;moore,fulfulde_gurmaare;fulfulde_jelgoore;fulfulde_moosiire;fulfulde_yaagaare,dictionary,https://mooreburkina.com/fr/fulfulde/documents-pdf-fulfulde,Documents pdf Fulfulde | Mooré Burkina Faso,index - anglais - fulfulde du dictionnaire,a,,,,
a1b4d6d5b59c8110,https://play.google.com/store/apps/details?id=com.english.francais.lobiri.dic&hl=fr,app_store,,english;lobiri;moore,,dictionary,https://mooreburkina.com/fr/dictionnaire-moor%C3%A9/aplications-de-dictionnaires-pour-ordinateur,Applications de dictionnaires | Mooré Burkina Faso,,a,play.google.com,,,
51d0286e05008025,https://play.google.com/store/apps/details?id=com.anglais.francais.moore.proverbes&hl=fr,app_store,,english;moore,,folktale,https://mooreburkina.com/fr/contes-proverbes/moor%C3%A9-proverbes-vol-12,Mooré proverbes vol. 12 | Mooré Burkina Faso,,a,play.google.com,,,
8351f262778db07e,https://play.google.com/store/apps/details?id=com.deutsch.franc.english.bamanan&hl=fr,app_store,,english;moore,,dictionary,https://mooreburkina.com/fr/dictionnaire-moor%C3%A9/aplications-de-dictionnaires-pour-ordinateur;https://mooreburkina.com/fr/dioula/applis-en-dioula-jula,Applications de dictionnaires | Mooré Burkina Faso,,a,play.google.com,,,
8db4de76dbd8857a,https://mooreburkina.com/sites/www.mooreburkina.com/files/styles/max_750x750/public/2023-06/dagbani%20dictionary.jpg.webp?itok=g__szUXG,image,.webp,english;moore,,dictionary,https://mooreburkina.com/fr/dictionnaire-moor%C3%A9/aplications-de-dictionnaires-pour-ordinateur,Applications de dictionnaires | Mooré Burkina Faso,Dictionnaire Dagbani - anglais,img,,,,
31e8551c6433b27e,https://mooreburkina.com/sites/www.mooreburkina.com/files/styles/max_750x750/public/2023-06/dictionary%20Gurene.jpg.webp?itok=5FCdATcP,image,.webp,english;moore,,dictionary,https://mooreburkina.com/fr/dictionnaire-moor%C3%A9/aplications-de-dictionnaires-pour-ordinateur,Applications de dictionnaires | Mooré Burkina Faso,Dictionnaire GureneBuli - anglais,img,,,,
af0096b2a3d6c764,https://mooreburkina.com/sites/www.mooreburkina.com/files/styles/max_750x750/public/2023-06/dictionnaire%20Buli.jpg.webp?itok=_iAbUFjN,image,.webp,english;moore,,dictionary,https://mooreburkina.com/fr/dictionnaire-moor%C3%A9/aplications-de-dictionnaires-pour-ordinateur,Applications de dictionnaires | Mooré Burkina Faso,Dictionnaire Buli - anglais,img,,,,
a3fe0fa2d3adbea6,https://mooreburkina.com/sites/www.mooreburkina.com/files/styles/max_750x750/public/2024-01/Mampruli%20-%20English%20dictionary2.jpg.webp?itok=1Zdya39s,image,.webp,english;moore,,dictionary,https://mooreburkina.com/fr/dictionnaire-moor%C3%A9/aplications-de-dictionnaires-pour-ordinateur,Applications de dictionnaires | Mooré Burkina Faso,Mampruli - English dictionary2.jpg,img,,,,
b6a439f059188915,https://mooreburkina.com/sites/www.mooreburkina.com/files/styles/max_750x750/public/2024-11/dictionary%20Bamanan%20English.jpg.webp?itok=QUi4uqwi,image,.webp,english;moore,,dictionary,https://mooreburkina.com/fr/dictionnaire-moor%C3%A9/aplications-de-dictionnaires-pour-ordinateur,Applications de dictionnaires | Mooré Burkina Faso,dictionary Bamanan English.jpg,img,,,,
366d57a15c50a752,https://mooreburkina.com/sites/www.mooreburkina.com/files/styles/max_750x750/public/pdf-files/01%20index%20English-moore%20F%C3%A9vrier%202020%20klein.jpg.webp?itok=B2fhd4Et,image,.webp,english;moore,,book_document,https://mooreburkina.com/fr/livres-en-moor%C3%A9/t%C3%A9l%C3%A9charger-pdf,Télécharger des livres en mooré pdf | Mooré Burkina Faso,,img,,,,
8524083506e8d59c,https://mooreburkina.com/sites/www.mooreburkina.com/files/pdf-files/01%20Moore%20-%20Index%20%28anglais%29.pdf,pdf,.pdf,english;moore,,book_document,https://mooreburkina.com/fr/livres-en-moor%C3%A9/t%C3%A9l%C3%A9charger-pdf,Télécharger des livres en mooré pdf | Mooré Burkina Faso,Liste de mots Anglais - Moore,a,,,,
2559204208d059dc,https://mooreburkina.com/sites/www.mooreburkina.com/files/pdf-files/Alphabet%20Moore%20English.pdf,pdf,.pdf,english;moore,,orthography,https://mooreburkina.com/fr/livres-en-moor%C3%A9/t%C3%A9l%C3%A9charger-pdf,Télécharger des livres en mooré pdf | Mooré Burkina Faso,Alphabet Moore English.pdf,a,,,,
d6e21ad2149abec6,https://mooreburkina.com/sites/www.mooreburkina.com/files/pdf-files/Moore%20-%20Index%20%28anglais%29.pdf,pdf,.pdf,english;moore,,book_document,https://mooreburkina.com/fr/livres-en-moor%C3%A9/t%C3%A9l%C3%A9charger-pdf,Télécharger des livres en mooré pdf | Mooré Burkina Faso,,a,,,,
c2f3475b9c19e643,https://mooreburkina.com/libraries/pdfjs-dist-viewer-min/build/minified/web/viewer.html?file=https%3A%2F%2Fmooreburkina.com%2Fsites%2Fwww.mooreburkina.com%2Ffiles%2Fpdf-files%2FAlphabet%2520Moore%2520English.pdf,video_or_embed,,english;moore,,orthography,https://mooreburkina.com/fr/livres-en-moor%C3%A9/t%C3%A9l%C3%A9charger-pdf,Télécharger des livres en mooré pdf | Mooré Burkina Faso,Alphabet Moore English.pdf,iframe,,,,
2e2643d841f669e5,https://mooreburkina.com/sites/www.mooreburkina.com/files/styles/max_750x750/public/pdf-files/03%20Index%20fran%C3%A7ais%20-%20fulfulde%20PT.jpg.webp?itok=QVJ_XnoJ,image,.webp,french;fulfulde;moore,fulfulde_gurmaare;fulfulde_jelgoore;fulfulde_moosiire;fulfulde_yaagaare,book_document,https://mooreburkina.com/fr/fulfulde/documents-pdf-fulfulde,Documents pdf Fulfulde | Mooré Burkina Faso,,img,,,,
f999eb72a2d37478,https://mooreburkina.com/sites/www.mooreburkina.com/files/pdf-files/03%20Fulfulde%20-%20Index%20%28fran%C3%A7ais%29.pdf,pdf,.pdf,french;fulfulde;moore,fulfulde_gurmaare;fulfulde_jelgoore;fulfulde_moosiire;fulfulde_yaagaare,dictionary,https://mooreburkina.com/fr/fulfulde/documents-pdf-fulfulde,Documents pdf Fulfulde | Mooré Burkina Faso,index - français - fulfulde du dictionnaire,a,,,,
30a8fb970e574e8c,https://apps.apple.com/us/app/32-conseils-32-tips/id6446146278?platform=iphone,app_store,,french;moore,,app,https://mooreburkina.com/fr/fran%C3%A7ais-applications,Français applications | Mooré Burkina Faso,,a,apps.apple.com,,,
8987defd46fb378c,https://apps.apple.com/us/app/excision/id6447108793?platform=iphone,app_store,,french;moore,,app,https://mooreburkina.com/fr/fran%C3%A7ais-applications,Français applications | Mooré Burkina Faso,,a,apps.apple.com,,,
b18525306182a226,https://apps.apple.com/us/app/our-great-enemy/id6755972730,app_store,,french;moore,,app,https://mooreburkina.com/fr/fran%C3%A7ais-applications,Français applications | Mooré Burkina Faso,iPhone from App Store,a,apps.apple.com,,,
f70328b09f9c3ee2,https://apps.apple.com/us/app/revelation-explained/id6753810090?platform=iphone,app_store,,french;moore,,app,https://mooreburkina.com/fr/fran%C3%A7ais-applications,Français applications | Mooré Burkina Faso,,a,apps.apple.com,,,
9bbb25b4c95a3b0c,https://apps.apple.com/us/app/welcome-bienvenu/id6504483115?platform=iphone,app_store,,french;moore,,app,https://mooreburkina.com/fr/fran%C3%A7ais-applications,Français applications | Mooré Burkina Faso,,a,apps.apple.com,,,
a0103448d17274ea,https://play.google.com/store/apps/details?id=com.africains.mille.proverbes&hl=fr,app_store,,french;moore,,app,https://mooreburkina.com/fr/fran%C3%A7ais-applications,Français applications | Mooré Burkina Faso,,a,play.google.com,,,
182e385b2ad7eb2f,https://play.google.com/store/apps/details?id=com.biensgerer.mieux.conseils&hl=fr,app_store,,french;moore,,app,https://mooreburkina.com/fr/fran%C3%A7ais-applications,Français applications | Mooré Burkina Faso,,a,play.google.com,,,
6a46be7747fde5f5,https://play.google.com/store/apps/details?id=com.chretienne.vie.la.francais&hl=fr,app_store,,french;moore,,app,https://mooreburkina.com/fr/fran%C3%A7ais-applications,Français applications | Mooré Burkina Faso,,a,play.google.com,,,
70fc31fe1f66326d,https://play.google.com/store/apps/details?id=com.deux.dimanche.de.ecole&hl=fr,app_store,,french;moore,,app,https://mooreburkina.com/fr/fran%C3%A7ais-applications,Français applications | Mooré Burkina Faso,,a,play.google.com,,,
ec0ab6d9398ed9a7,https://play.google.com/store/apps/details?id=com.dieu.selon.mariage.le&hl=fr,app_store,,french;moore,,app,https://mooreburkina.com/fr/fran%C3%A7ais-applications,Français applications | Mooré Burkina Faso,,a,play.google.com,,,
7457a25b48e78343,https://play.google.com/store/apps/details?id=com.dimanche.de.ecole.un&hl=fr,app_store,,french;moore,,app,https://mooreburkina.com/fr/fran%C3%A7ais-applications,Français applications | Mooré Burkina Faso,,a,play.google.com,,,
f94bb5a85e314c20,https://play.google.com/store/apps/details?id=com.enemy.great.our.satan&hl=fr,app_store,,french;moore,,app,https://mooreburkina.com/fr/fran%C3%A7ais-applications,Français applications | Mooré Burkina Faso,Google Play Store for Android,a,play.google.com,,,
5ef2f1a05ad49aaf,https://play.google.com/store/apps/details?id=com.ennemi.grand.notre.francais&hl=fr,app_store,,french;moore,,app,https://mooreburkina.com/fr/fran%C3%A7ais-applications,Français applications | Mooré Burkina Faso,Notre grand ennemi,a,play.google.com,,,
a77400b956857acb,https://play.google.com/store/apps/details?id=com.entier.tout.chretien.jesus.suivre&hl=fr,app_store,,french;moore,,app,https://mooreburkina.com/fr/fran%C3%A7ais-applications,Français applications | Mooré Burkina Faso,,a,play.google.com,,,
6037c3a61fc23fcf,https://play.google.com/store/apps/details?id=com.faso.du.contes&hl=fr,app_store,,french;moore,,app,https://mooreburkina.com/fr/fran%C3%A7ais-applications,Français applications | Mooré Burkina Faso,,a,play.google.com,,,
a9ef6661eb0d3b2f,https://play.google.com/store/apps/details?id=com.feminine.genitale.mutilation.francais&hl=fr,app_store,,french;moore,,app,https://mooreburkina.com/fr/fran%C3%A7ais-applications,Français applications | Mooré Burkina Faso,,a,play.google.com,,,
b0c87c54936fc7de,https://play.google.com/store/apps/details?id=com.francais.moore.contes&hl=fr,app_store,,french;moore,,folktale,https://mooreburkina.com/fr/contes-proverbes/contes-vol-5-avec-fran%C3%A7ais,Contes vol. 5 avec français | Mooré Burkina Faso,,a,play.google.com,,,
bee201b4c764b3d6,https://play.google.com/store/apps/details?id=com.francais.proverbes&hl=fr,app_store,,french;moore,,app,https://mooreburkina.com/fr/fran%C3%A7ais-applications,Français applications | Mooré Burkina Faso,,a,play.google.com,,,
cf3ee064ef321250,https://play.google.com/store/apps/details?id=com.gifts.spiritual.your.discover&hl=fr,app_store,,french;moore,,app,https://mooreburkina.com/fr/fran%C3%A7ais-applications,Français applications | Mooré Burkina Faso,,a,play.google.com,,,
8b19cccb5de7b8ee,https://play.google.com/store/apps/details?id=com.god.to.according.marriage&hl=fr,app_store,,french;moore,,app,https://mooreburkina.com/fr/fran%C3%A7ais-applications,Français applications | Mooré Burkina Faso,,a,play.google.com,,,
2f2996402e235dde,https://play.google.com/store/apps/details?id=com.illnesses.spiritual.healing&hl=fr,app_store,,french;moore,,app,https://mooreburkina.com/fr/fran%C3%A7ais-applications,Français applications | Mooré Burkina Faso,,a,play.google.com,,,
1c725df130b2a814,https://play.google.com/store/apps/details?id=com.illustrations.injil.maurer&hl=en,app_store,,french;moore,,app,https://mooreburkina.com/fr/fran%C3%A7ais-applications,Français applications | Mooré Burkina Faso,,a,play.google.com,,,
1fab67af96fd4aaf,https://play.google.com/store/apps/details?id=com.simplement.expose.evangile&hl=fr,app_store,,french;moore,,app,https://mooreburkina.com/fr/fran%C3%A7ais-applications,Français applications | Mooré Burkina Faso,,a,play.google.com,,,
470328801a1433b2,https://play.google.com/store/apps/details?id=com.spirituelles.maladies.guerir&hl=fr,app_store,,french;moore,,app,https://mooreburkina.com/fr/fran%C3%A7ais-applications,Français applications | Mooré Burkina Faso,,a,play.google.com,,,
9993a261d900b10c,https://play.google.com/store/apps/details?id=com.spirituels.dons.tes.decouvre&hl=fr,app_store,,french;moore,,app,https://mooreburkina.com/fr/fran%C3%A7ais-applications,Français applications | Mooré Burkina Faso,,a,play.google.com,,,
fbbed876f73854ec,https://play.google.com/store/apps/details?id=com.trois.dimanche.de.ecole&hl=fr,app_store,,french;moore,,app,https://mooreburkina.com/fr/fran%C3%A7ais-applications,Français applications | Mooré Burkina Faso,,a,play.google.com,,,
66f1be2d5a0001c4,https://play.google.com/store/apps/details?id=com.vie.la.choisir.bf&hl=fr,app_store,,french;moore,,app,https://mooreburkina.com/fr/fran%C3%A7ais-applications,Français applications | Mooré Burkina Faso,,a,play.google.com,,,
7bf0b0e0af73f9e2,https://media.ipsapps.org/fra/ora/bienvenu/,external_interactive,,french;moore,,app,https://mooreburkina.com/fr/fran%C3%A7ais-applications,Français applications | Mooré Burkina Faso,,iframe,media.ipsapps.org,,,
0cd679282e9be690,https://media.ipsapps.org/fra/ora/choisir/,external_interactive,,french;moore,,app,https://mooreburkina.com/fr/fran%C3%A7ais-applications,Français applications | Mooré Burkina Faso,,iframe,media.ipsapps.org,,,
7363e4ec203e07a4,https://media.ipsapps.org/fra/ora/conseils/,external_interactive,,french;moore,,app,https://mooreburkina.com/fr/fran%C3%A7ais-applications,Français applications | Mooré Burkina Faso,,iframe,media.ipsapps.org,,,
5dc500385038a462,https://media.ipsapps.org/fra/ora/contes-faso/,external_interactive,,french;moore,,app,https://mooreburkina.com/fr/fran%C3%A7ais-applications,Français applications | Mooré Burkina Faso,,iframe,media.ipsapps.org,,,
3bd475b5b85df336,https://media.ipsapps.org/fra/ora/contes/,external_interactive,,french;moore,,app,https://mooreburkina.com/fr/fran%C3%A7ais-applications,Français applications | Mooré Burkina Faso,,iframe,media.ipsapps.org,,,
c61efecde78e73ff,https://media.ipsapps.org/fra/ora/dons/,external_interactive,,french;moore,,app,https://mooreburkina.com/fr/fran%C3%A7ais-applications,Français applications | Mooré Burkina Faso,,iframe,media.ipsapps.org,,,
a7ae52516dc3c51f,https://media.ipsapps.org/fra/ora/ecole1/,external_interactive,,french;moore,,app,https://mooreburkina.com/fr/fran%C3%A7ais-applications,Français applications | Mooré Burkina Faso,,iframe,media.ipsapps.org,,,
ab3708613410bd8d,https://media.ipsapps.org/fra/ora/ecole2/,external_interactive,,french;moore,,app,https://mooreburkina.com/fr/fran%C3%A7ais-applications,Français applications | Mooré Burkina Faso,,iframe,media.ipsapps.org,,,
4f923bf0026c403d,https://media.ipsapps.org/fra/ora/ecole3/,external_interactive,,french;moore,,app,https://mooreburkina.com/fr/fran%C3%A7ais-applications,Français applications | Mooré Burkina Faso,,iframe,media.ipsapps.org,,,
0293a4d2362468c5,https://media.ipsapps.org/fra/ora/evangile/,external_interactive,,french;moore,,app,https://mooreburkina.com/fr/fran%C3%A7ais-applications,Français applications | Mooré Burkina Faso,,iframe,media.ipsapps.org,,,
410a224c57b32fa6,https://media.ipsapps.org/fra/ora/excision/,external_interactive,,french;moore,,app,https://mooreburkina.com/fr/fran%C3%A7ais-applications,Français applications | Mooré Burkina Faso,,iframe,media.ipsapps.org,,,
93bf6e72ea0d348b,https://media.ipsapps.org/fra/ora/guerir/,external_interactive,,french;moore,,app,https://mooreburkina.com/fr/fran%C3%A7ais-applications,Français applications | Mooré Burkina Faso,,iframe,media.ipsapps.org,,,
19e56d028544eaec,https://media.ipsapps.org/fra/ora/marage/,external_interactive,,french;moore,,app,https://mooreburkina.com/fr/fran%C3%A7ais-applications,Français applications | Mooré Burkina Faso,,iframe,media.ipsapps.org,,,
f30d7b1f389ce8b2,https://media.ipsapps.org/fra/ora/proverbes/,external_interactive,,french;moore,,app,https://mooreburkina.com/fr/fran%C3%A7ais-applications,Français applications | Mooré Burkina Faso,,iframe,media.ipsapps.org,,,
4ad48fa75a4a1ea1,https://media.ipsapps.org/fra/ora/proverbes2/,external_interactive,,french;moore,,app,https://mooreburkina.com/fr/fran%C3%A7ais-applications,Français applications | Mooré Burkina Faso,,iframe,media.ipsapps.org,,,
900ab2b85a953b5f,https://media.ipsapps.org/fra/ora/richesses/,external_interactive,,french;moore,,app,https://mooreburkina.com/fr/fran%C3%A7ais-applications,Français applications | Mooré Burkina Faso,,iframe,media.ipsapps.org,,,
f9e8ef54f4bff5d3,https://media.ipsapps.org/mos/ora/vol5//,external_interactive,,french;moore,,folktale,https://mooreburkina.com/fr/contes-proverbes/contes-vol-5-avec-fran%C3%A7ais,Contes vol. 5 avec français | Mooré Burkina Faso,,iframe,media.ipsapps.org,,,
c96bed35543b2651,https://mooreburkina.com/sites/www.mooreburkina.com/files/styles/max_750x750/public/2024-07/Contes%20moore%20vol%205%20on%20Play%20Store.jpg.webp?itok=ULkkYTjZ,image,.webp,french;moore,,folktale,https://mooreburkina.com/fr/contes-proverbes/contes-vol-5-avec-fran%C3%A7ais,Contes vol. 5 avec français | Mooré Burkina Faso,Contes moore vol 5 on Play Store,img,,,,
8d9ebfbcec8c0679,https://mooreburkina.com/sites/www.mooreburkina.com/files/styles/max_750x750/public/2024-09/32%20conseils%20sur%20App%20Store%20iPhone.jpg.webp?itok=lEsF0zs2,image,.webp,french;moore,,app,https://mooreburkina.com/fr/fran%C3%A7ais-applications,Français applications | Mooré Burkina Faso,32 conseils sur App Store iPhone.jpg,img,,,,
262901b875b02442,https://mooreburkina.com/sites/www.mooreburkina.com/files/styles/max_750x750/public/2024-09/32%20conseils%20sur%20Play%20Store.jpg.webp?itok=F3SAkgOE,image,.webp,french;moore,,app,https://mooreburkina.com/fr/fran%C3%A7ais-applications,Français applications | Mooré Burkina Faso,32 conseils sur Play Store.jpg,img,,,,
27e5b8d3f43f3be5,https://mooreburkina.com/sites/www.mooreburkina.com/files/styles/max_750x750/public/2024-09/Bienvenu%20App%20Store.jpg.webp?itok=4K90LrGX,image,.webp,french;moore,,app,https://mooreburkina.com/fr/fran%C3%A7ais-applications,Français applications | Mooré Burkina Faso,Bienvenu App Store.jpg,img,,,,
6756c19611d207e3,https://mooreburkina.com/sites/www.mooreburkina.com/files/styles/max_750x750/public/2024-09/Choisir%20la%20vie%20sur%20Play%20Store.jpg.webp?itok=NCE1ZYU1,image,.webp,french;moore,,app,https://mooreburkina.com/fr/fran%C3%A7ais-applications,Français applications | Mooré Burkina Faso,Choisir la vie sur Play Store.jpg,img,,,,
34a5ff844f1c950a,https://mooreburkina.com/sites/www.mooreburkina.com/files/styles/max_750x750/public/2024-09/Contes%20du%20Faso%20Play%20Store.jpg.webp?itok=gFS_2va-,image,.webp,french;moore,,folktale,https://mooreburkina.com/fr/fran%C3%A7ais-applications,Français applications | Mooré Burkina Faso,Contes du Faso Play Store.jpg,img,,,,
c5ab2562e45c2f14,https://mooreburkina.com/sites/www.mooreburkina.com/files/styles/max_750x750/public/2024-09/Dons%20spirituels%20fran%C3%A7ais%20Play%20Store.jpg.webp?itok=KEr_goLM,image,.webp,french;moore,,app,https://mooreburkina.com/fr/fran%C3%A7ais-applications,Français applications | Mooré Burkina Faso,Dons spirituels français Play Store.jpg,img,,,,
01713f36851e6519,https://mooreburkina.com/sites/www.mooreburkina.com/files/styles/max_750x750/public/2024-09/Ecole%20de%20dimanche%202%20Play%20Store.jpg.webp?itok=o8_l3hds,image,.webp,french;moore,,app,https://mooreburkina.com/fr/fran%C3%A7ais-applications,Français applications | Mooré Burkina Faso,Ecole de dimanche 2 Play Store.jpg,img,,,,
f23a2033d9a5ab45,https://mooreburkina.com/sites/www.mooreburkina.com/files/styles/max_750x750/public/2024-09/Ecole%20de%20dimanche%203%20Play%20Store.jpg.webp?itok=RG1iAfnQ,image,.webp,french;moore,,app,https://mooreburkina.com/fr/fran%C3%A7ais-applications,Français applications | Mooré Burkina Faso,Ecole de dimanche 3 Play Store.jpg,img,,,,
83e14548cd5f6b1e,https://mooreburkina.com/sites/www.mooreburkina.com/files/styles/max_750x750/public/2024-09/Ecole%20de%20dimanche%20sur%20Play%20Store.jpg.webp?itok=8WhtU2z0,image,.webp,french;moore,,app,https://mooreburkina.com/fr/fran%C3%A7ais-applications,Français applications | Mooré Burkina Faso,Ecole de dimanche sur Play Store.jpg,img,,,,
048b09cad21253be,https://mooreburkina.com/sites/www.mooreburkina.com/files/styles/max_750x750/public/2024-09/Evangile%20illustr%C3%A9%20avec%20contes%20Play%20Store.jpg.webp?itok=JoP5HykH,image,.webp,french;moore,,folktale,https://mooreburkina.com/fr/fran%C3%A7ais-applications,Français applications | Mooré Burkina Faso,Evangile illustré avec contes Play Store.jpg,img,,,,
a7a14af6c3724310,https://mooreburkina.com/sites/www.mooreburkina.com/files/styles/max_750x750/public/2024-09/Evangile%20simplement%20Play%20Store.jpg.webp?itok=Oxw3bm2I,image,.webp,french;moore,,religious,https://mooreburkina.com/fr/fran%C3%A7ais-applications,Français applications | Mooré Burkina Faso,Evangile simplement Play Store.jpg,img,,,,
a5bfe757de8b2cce,https://mooreburkina.com/sites/www.mooreburkina.com/files/styles/max_750x750/public/2024-09/Excision%20Francais%20App%20Store%20iPhone.jpg.webp?itok=apq3GCtC,image,.webp,french;moore,,app,https://mooreburkina.com/fr/fran%C3%A7ais-applications,Français applications | Mooré Burkina Faso,Excision Francais App Store iPhone.jpg,img,,,,
315cd70294d7e349,https://mooreburkina.com/sites/www.mooreburkina.com/files/styles/max_750x750/public/2024-09/Guerir%20maladies%20spirituelles%20Play%20Store.jpg.webp?itok=kODUq6Sy,image,.webp,french;moore,,app,https://mooreburkina.com/fr/fran%C3%A7ais-applications,Français applications | Mooré Burkina Faso,Guerir maladies spirituelles Play Store.jpg,img,,,,
96a954968c7fa150,https://mooreburkina.com/sites/www.mooreburkina.com/files/styles/max_750x750/public/2024-09/Healing%20spiritual%20illnesses%20Play%20Store.jpg.webp?itok=nQ0o0NeX,image,.webp,french;moore,,app,https://mooreburkina.com/fr/fran%C3%A7ais-applications,Français applications | Mooré Burkina Faso,Healing spiritual illnesses Play Store.jpg,img,,,,
7e969864ce59d174,https://mooreburkina.com/sites/www.mooreburkina.com/files/styles/max_750x750/public/2024-09/MGF%20Excision%20Francais%20Play%20Store.jpg.webp?itok=ydzVPaT9,image,.webp,french;moore,,app,https://mooreburkina.com/fr/fran%C3%A7ais-applications,Français applications | Mooré Burkina Faso,MGF Excision Francais Play Store.jpg,img,,,,
06a0fceae6e428ab,https://mooreburkina.com/sites/www.mooreburkina.com/files/styles/max_750x750/public/2024-09/Mariage%20selon%20Dieu%20Francais%20Play%20Store.jpg.webp?itok=BNu9-lfL,image,.webp,french;moore,,app,https://mooreburkina.com/fr/fran%C3%A7ais-applications,Français applications | Mooré Burkina Faso,Mariage selon Dieu Francais Play Store.jpg,img,,,,
cec342cffc425e94,https://mooreburkina.com/sites/www.mooreburkina.com/files/styles/max_750x750/public/2024-09/Marriage%20according%20to%20God%20Play%20Store.jpg.webp?itok=nL_CuQF-,image,.webp,french;moore,,app,https://mooreburkina.com/fr/fran%C3%A7ais-applications,Français applications | Mooré Burkina Faso,Marriage according to God Play Store.jpg,img,,,,
b616158ad16561db,https://mooreburkina.com/sites/www.mooreburkina.com/files/styles/max_750x750/public/2024-09/Proverbes%20africains%20francais%20Play%20Store.jpg.webp?itok=dJs-tR5G,image,.webp,french;moore,,proverb,https://mooreburkina.com/fr/fran%C3%A7ais-applications,Français applications | Mooré Burkina Faso,Proverbes africains francais Play Store.jpg,img,,,,
e9d55d249343a063,https://mooreburkina.com/sites/www.mooreburkina.com/files/styles/max_750x750/public/2024-09/Proverbes%20francais%20Play%20Store.jpg.webp?itok=Zi-lWGcU,image,.webp,french;moore,,proverb,https://mooreburkina.com/fr/fran%C3%A7ais-applications,Français applications | Mooré Burkina Faso,Proverbes francais Play Store.jpg,img,,,,
f770540db44ca7d0,https://mooreburkina.com/sites/www.mooreburkina.com/files/styles/max_750x750/public/2024-09/Tout%20entier%20sur%20Play%20Store.jpg.webp?itok=NQJIpkq0,image,.webp,french;moore,,app,https://mooreburkina.com/fr/fran%C3%A7ais-applications,Français applications | Mooré Burkina Faso,Tout entier sur Play Store.jpg,img,,,,
8a35d1d809a1d595,https://mooreburkina.com/sites/www.mooreburkina.com/files/styles/max_750x750/public/2024-09/True%20richess%20Play%20Store.jpg.webp?itok=tS8aaZPu,image,.webp,french;moore,,app,https://mooreburkina.com/fr/fran%C3%A7ais-applications,Français applications | Mooré Burkina Faso,True riches Play Store.jpg,img,,,,
3e2d6d3599849df4,https://mooreburkina.com/sites/www.mooreburkina.com/files/styles/max_750x750/public/2024-09/Welcome%20on%20Play%20Store.jpg.webp?itok=KxZOY0NM,image,.webp,french;moore,,app,https://mooreburkina.com/fr/fran%C3%A7ais-applications,Français applications | Mooré Burkina Faso,Welcome on Play Store.jpg,img,,,,
a7cb5deaced081e6,https://mooreburkina.com/sites/www.mooreburkina.com/files/styles/max_750x750/public/2024-09/tout%20entier%20chretien.jpg.webp?itok=t0gw4PWU,image,.webp,french;moore,,app,https://mooreburkina.com/fr/fran%C3%A7ais-applications,Français applications | Mooré Burkina Faso,tout entier chretien.jpg,img,,,,
6f417f486e5dd727,https://mooreburkina.com/sites/www.mooreburkina.com/files/styles/max_750x750/public/2025-10/Apocalypse%20Revelation%20sur%20Play%20Store.jpg.webp?itok=0vBjbANo,image,.webp,french;moore,,app,https://mooreburkina.com/fr/fran%C3%A7ais-applications,Français applications | Mooré Burkina Faso,Apocalypse Revelation sur Play Store.jpg,img,,,,
892a7e2c16b39e8d,https://mooreburkina.com/sites/www.mooreburkina.com/files/styles/max_750x750/public/2025-10/Revelation%20explained.jpg.webp?itok=xCJNUb71,image,.webp,french;moore,,app,https://mooreburkina.com/fr/fran%C3%A7ais-applications,Français applications | Mooré Burkina Faso,Revelation explained.jpg,img,,,,
49f37c33d399060c,https://mooreburkina.com/sites/www.mooreburkina.com/files/styles/max_750x750/public/2025-12/Notre%20grand%20ennemi%20sur%20Play%20Store.jpg.webp?itok=aBRQZ8K-,image,.webp,french;moore,,app,https://mooreburkina.com/fr/fran%C3%A7ais-applications,Français applications | Mooré Burkina Faso,Notre grand ennemi sur Play Store.jpg,img,,,,
5e92cd4fda08f10e,https://mooreburkina.com/sites/www.mooreburkina.com/files/styles/max_750x750/public/2025-12/Our%20great%20enemy%20on%20App%20Store.jpg.webp?itok=Y9stkJsP,image,.webp,french;moore,,app,https://mooreburkina.com/fr/fran%C3%A7ais-applications,Français applications | Mooré Burkina Faso,Our great enemy on App Store.jpg,img,,,,
cbcf89cb213ff67e,https://mooreburkina.com/sites/www.mooreburkina.com/files/styles/max_750x750/public/2026-02/Hwohle-heartedly%20on%20Play%20Store.jpg.webp?itok=vn8vUDpo,image,.webp,french;moore,,app,https://mooreburkina.com/fr/fran%C3%A7ais-applications,Français applications | Mooré Burkina Faso,Whohle-heartedly on Play Store.jpg,img,,,,
e600f9bd01df7e33,https://mooreburkina.com/sites/www.mooreburkina.com/files/styles/max_750x750/public/2026-02/La%20vie%20selon%20Dieu.jpg.webp?itok=1M7aO8Vj,image,.webp,french;moore,,app,https://mooreburkina.com/fr/fran%C3%A7ais-applications,Français applications | Mooré Burkina Faso,La vie selon Dieu.jpg,img,,,,
9b067ca2c8c9f41c,https://mooreburkina.com/sites/www.mooreburkina.com/files/styles/max_750x750/public/2026-02/Plakat%20francais%202026%202%20beschriftet.jpg.webp?itok=3fc40k66,image,.webp,french;moore,,app,https://mooreburkina.com/fr/fran%C3%A7ais-applications,Français applications | Mooré Burkina Faso,Plakat francais 2026,img,,,,
792ecce767f2367e,https://mooreburkina.com/sites/www.mooreburkina.com/files/styles/max_750x750/public/pdf-files/01%20index%20fran%C3%A7ais%20-%20moor%C3%A9.jpg.webp?itok=56THm8y5,image,.webp,french;moore,,book_document,https://mooreburkina.com/fr/livres-en-moor%C3%A9/t%C3%A9l%C3%A9charger-pdf,Télécharger des livres en mooré pdf | Mooré Burkina Faso,,img,,,,
93f446a81d07eb67,https://mooreburkina.com/sites/www.mooreburkina.com/files/styles/max_750x750/public/pdf-files/SIDA%20moor%C3%A9%20-%20fran%C3%A7ais%20PT%20Klein.jpg.webp?itok=3zcS2TOo,image,.webp,french;moore,,book_document,https://mooreburkina.com/fr/livres-en-moor%C3%A9/t%C3%A9l%C3%A9charger-pdf,Télécharger des livres en mooré pdf | Mooré Burkina Faso,,img,,,,
1acaff39df9287ff,https://mooreburkina.com/sites/www.mooreburkina.com/files/pdf-files/01%20Moore%20-%20Index%20%28fran%C3%A7ais%29.pdf,pdf,.pdf,french;moore,,book_document,https://mooreburkina.com/fr/livres-en-moor%C3%A9/t%C3%A9l%C3%A9charger-pdf,Télécharger des livres en mooré pdf | Mooré Burkina Faso,.,a,,,,
4d2a06fdba592269,https://mooreburkina.com/sites/www.mooreburkina.com/files/pdf-files/2%20SIDA%20moor%C3%A9%20-%20fran%C3%A7ais.pdf,pdf,.pdf,french;moore,,book_document,https://mooreburkina.com/fr/livres-en-moor%C3%A9/t%C3%A9l%C3%A9charger-pdf,Télécharger des livres en mooré pdf | Mooré Burkina Faso,Histoire de Poko en mooré et français,a,,,,
7233b8effb82716a,https://mooreburkina.com/sites/www.mooreburkina.com/files/pdf-files/Moore%20-%20Index%20%28fran%C3%A7ais%29.pdf,pdf,.pdf,french;moore,,book_document,https://mooreburkina.com/fr/livres-en-moor%C3%A9/t%C3%A9l%C3%A9charger-pdf,Télécharger des livres en mooré pdf | Mooré Burkina Faso,Liste de mots /index français - mooré,a,,,,
02d711a64c950520,https://mooreburkina.com/sites/www.mooreburkina.com/files/Dictio%20apk/Fulfulde_dictionary-2.0.apk,app,.apk,fulfulde;moore,,dictionary,https://mooreburkina.com/;https://mooreburkina.com/fr;https://mooreburkina.com/fr/bienvenu-au-pays-mossi;https://mooreburkina.com/fr/dictionnaire-moor%C3%A9,Mooré Burkina Faso,- cliquez Appli Dictionnaire Fulfulde,a,,,,
9e695e4dcedbb7f0,https://mooreburkina.com/sites/www.mooreburkina.com/files/Dictio%20apk/Fulfulde_dictionary-2.0.apk?q=dictionnaire%20fulfulde&c=apps&hl=fr,app,.apk,fulfulde;moore,,dictionary,https://mooreburkina.com/fr/dictionnaire-moor%C3%A9/aplications-de-dictionnaires-pour-ordinateur,Applications de dictionnaires | Mooré Burkina Faso,Dictionnaire fulfulde,a,,,,
1a587c5a3939383e,https://apps.apple.com/us/app/fulfulde-contes/id6444526250,app_store,,fulfulde;moore,,app,https://mooreburkina.com/fr/applications-smartphone/applis-en-fulfulde,Applis en Fulfulde | Mooré Burkina Faso,,a,apps.apple.com,,,
b458588264ca1049,https://apps.apple.com/us/app/fulfulde-dewtere/id1660784196?platform=iphone,app_store,,fulfulde;moore,,app,https://mooreburkina.com/fr/applications-smartphone/applis-en-fulfulde,Applis en Fulfulde | Mooré Burkina Faso,,a,apps.apple.com,,,
a59ad0ac528e9033,https://apps.apple.com/us/app/fulfulde-dictionary/id1595857807?platform=iphone,app_store,,fulfulde;moore,,app,https://mooreburkina.com/fr/applications-smartphone/applis-en-fulfulde,Applis en Fulfulde | Mooré Burkina Faso,,a,apps.apple.com,,,
b894abb9af97c366,https://apps.apple.com/us/app/fulfulde-proverbes/id6444899208,app_store,,fulfulde;moore,,app,https://mooreburkina.com/fr/applications-smartphone/applis-en-fulfulde,Applis en Fulfulde | Mooré Burkina Faso,,a,apps.apple.com,,,
36705968c3410e24,https://play.google.com/store/apps/details?id=com.banndi.fufulde.burkina&hl=fr,app_store,,fulfulde;moore,,app,https://mooreburkina.com/fr/applications-smartphone/applis-en-fulfulde,Applis en Fulfulde | Mooré Burkina Faso,,a,play.google.com,,,
b43b2c5ac661483f,https://play.google.com/store/apps/details?id=com.contes1.fulfulde.audio&hl=fr,app_store,,fulfulde;moore,,app,https://mooreburkina.com/fr/applications-smartphone/applis-en-fulfulde,Applis en Fulfulde | Mooré Burkina Faso,,a,play.google.com,,,
7224cfd18c90530b,https://play.google.com/store/apps/details?id=com.contes2.fulfulde.audio&hl=fr,app_store,,fulfulde;moore,,app,https://mooreburkina.com/fr/applications-smartphone/applis-en-fulfulde,Applis en Fulfulde | Mooré Burkina Faso,,a,play.google.com,,,
74ba1d1561776198,https://play.google.com/store/apps/details?id=com.contes3.fulfulde.audio&hl=fr,app_store,,fulfulde;moore,,app,https://mooreburkina.com/fr/applications-smartphone/applis-en-fulfulde,Applis en Fulfulde | Mooré Burkina Faso,,a,play.google.com,,,
78939ba3c9276fc9,https://play.google.com/store/apps/details?id=com.contes4.fulfulde.audio&hl=fr,app_store,,fulfulde;moore,,app,https://mooreburkina.com/fr/applications-smartphone/applis-en-fulfulde,Applis en Fulfulde | Mooré Burkina Faso,,a,play.google.com,,,
269e6133ff8e28ac,https://play.google.com/store/apps/details?id=com.contes5.fulfulde.audio&hl=fr,app_store,,fulfulde;moore,,app,https://mooreburkina.com/fr/applications-smartphone/applis-en-fulfulde,Applis en Fulfulde | Mooré Burkina Faso,,a,play.google.com,,,
2693f7ad361dcc9b,https://play.google.com/store/apps/details?id=com.taali.men.contes.fulfulde.bf&hl=fr,app_store,,fulfulde;moore,,app,https://mooreburkina.com/fr/applications-smartphone/applis-en-fulfulde,Applis en Fulfulde | Mooré Burkina Faso,,a,play.google.com,,,
912c253f659244b4,https://play.google.com/store/apps/details?id=com.taali.men36.burkina&hl=fr,app_store,,fulfulde;moore,,app,https://mooreburkina.com/fr/applications-smartphone/applis-en-fulfulde,Applis en Fulfulde | Mooré Burkina Faso,,a,play.google.com,,,
4bf1a58dc640ad37,https://play.google.com/store/apps/details?id=com.taali.men37.burkina.fulfulde&hl=fr,app_store,,fulfulde;moore,,app,https://mooreburkina.com/fr/applications-smartphone/applis-en-fulfulde,Applis en Fulfulde | Mooré Burkina Faso,,a,play.google.com,,,
2912841d5fe1348c,https://play.google.com/store/apps/details?id=org.burkina.fulfulde.vol1.proverbes&hl=fr,app_store,,fulfulde;moore,,proverb,https://mooreburkina.com/fr/applications-smartphone/applis-en-fulfulde;https://mooreburkina.com/fr/fulfulde,Fulfulde | Mooré Burkina Faso,https://play.google.com/store/apps/details?id=org.burkina.fulfulde.vol1.proverbes&hl=fr,a,play.google.com,,,
08658b7efb8754b0,https://play.google.com/store/apps/details?id=org.burkina.fulfulde.vol2.proverbes&hl=fr,app_store,,fulfulde;moore,,app,https://mooreburkina.com/fr/applications-smartphone/applis-en-fulfulde,Applis en Fulfulde | Mooré Burkina Faso,,a,play.google.com,,,
b95b5d3ef53528d3,https://play.google.com/store/apps/details?id=org.burkina.fulfulde.vol3.proverbes&hl=fr,app_store,,fulfulde;moore,,app,https://mooreburkina.com/fr/applications-smartphone/applis-en-fulfulde,Applis en Fulfulde | Mooré Burkina Faso,,a,play.google.com,,,
a5558345508c8ce8,https://play.google.com/store/apps/details?id=org.burkina.fulfulde.vol4.proverbes&hl=fr,app_store,,fulfulde;moore,,app,https://mooreburkina.com/fr/applications-smartphone/applis-en-fulfulde,Applis en Fulfulde | Mooré Burkina Faso,,a,play.google.com,,,
ce9ff64c4205f3b8,https://play.google.com/store/apps/details?id=org.burkina.fulfulde.vol5.proverbes&hl=fr,app_store,,fulfulde;moore,,app,https://mooreburkina.com/fr/applications-smartphone/applis-en-fulfulde,Applis en Fulfulde | Mooré Burkina Faso,,a,play.google.com,,,
b2178ed75645ace3,https://play.google.com/store/apps/details?id=org.sim.bf.fulfulde.bible&hl=fr,app_store,,fulfulde;moore,,app,https://mooreburkina.com/fr/applications-smartphone/applis-en-fulfulde,Applis en Fulfulde | Mooré Burkina Faso,,a,play.google.com,,,
394add92043f215f,https://play.google.com/store/apps/details?id=org.sim.bf.fulfulde.dictionary&hl=fr,app_store,,fulfulde;moore,,app,https://mooreburkina.com/fr/applications-smartphone/applis-en-fulfulde,Applis en Fulfulde | Mooré Burkina Faso,,a,play.google.com,,,
35cbc17a15c34c6e,https://play.google.com/store/search?q=dictionnaire+fulfulde&c=apps&hl=fr,app_store,,fulfulde;moore,,dictionary,https://mooreburkina.com/fr/dictionnaire-moor%C3%A9/aplications-de-dictionnaires-pour-ordinateur,Applications de dictionnaires | Mooré Burkina Faso,,a,play.google.com,,,
65bb376768bf276f,https://media.ipsapps.org/fuh/oda/,external_interactive,,fulfulde;moore,,dictionary,https://mooreburkina.com/fr/fulfulde/dictionnaire-fulfulde-en-ligne,Dictionnaire fulfulde en ligne | Mooré Burkina Faso,,iframe,media.ipsapps.org,,,
49c79fbd8fc5133c,https://media.ipsapps.org/fuh/ora/co1/,external_interactive,,fulfulde;moore,,folktale,https://mooreburkina.com/fr/fulfulde/15-contes-en-fulfulde,15 contes en fulfulde | Mooré Burkina Faso,,iframe,media.ipsapps.org,,,
36af4a21bc601682,https://media.ipsapps.org/fuh/ora/co4/,external_interactive,,fulfulde;moore,,folktale,https://mooreburkina.com/fr/fulfulde/contes-lus-en-fulfulde,Contes lus en fulfulde vol 1 | Mooré Burkina Faso,,iframe,media.ipsapps.org,,,
80d6f1c629171376,https://media.ipsapps.org/fuh/ora/co5/,external_interactive,,fulfulde;moore,,folktale,https://mooreburkina.com/fr/fulfulde/contes-lus-en-fulfulde-0,Contes lus en fulfulde vol 2 | Mooré Burkina Faso,,iframe,media.ipsapps.org,,,
37b6de926086358d,https://media.ipsapps.org/fuh/ora/co6/,external_interactive,,fulfulde;moore,,folktale,https://mooreburkina.com/fr/fulfulde/contes-lus-en-fulfulde-vol-3,Contes lus en fulfulde vol 3 | Mooré Burkina Faso,,iframe,media.ipsapps.org,,,
15dc78c79b954cb9,https://media.ipsapps.org/fuh/ora/co8/,external_interactive,,fulfulde;moore,,folktale,https://mooreburkina.com/fr/fulfulde/contes-lus-en-fulfulde-5,Contes lus en fulfulde vol 5 | Mooré Burkina Faso,,iframe,media.ipsapps.org,,,
e42ac0543c4defa2,https://media.ipsapps.org/fuh/ora/p1/,external_interactive,,fulfulde;moore,,proverb,https://mooreburkina.com/fr/fulfulde/1495-proverbes-en-fulfulde,1495 proverbes en fulfulde | Mooré Burkina Faso,,iframe,media.ipsapps.org,,,
e317b25fdc02e721,https://media.ipsapps.org/fuh/ora/p2/,external_interactive,,fulfulde;moore,,proverb,https://mooreburkina.com/fr/fulfulde/proverbes-fulfulde-avec-audio,Proverbes fulfulde avec audio vol. 1 | Mooré Burkina Faso,,iframe,media.ipsapps.org,,,
baa8017287323da6,https://media.ipsapps.org/fuh/ora/p3/,external_interactive,,fulfulde;moore,,proverb,https://mooreburkina.com/fr/fulfulde/proverbes-fulfulde-avec-audio-vol2,Proverbes fulfulde avec audio vol2 | Mooré Burkina Faso,,iframe,media.ipsapps.org,,,
b3b1be96c7ea7213,https://media.ipsapps.org/fuh/ora/p4/,external_interactive,,fulfulde;moore,,proverb,https://mooreburkina.com/fr/fulfulde/proverbes-fulfulde-avec-audio-vol3,Proverbes fulfulde avec audio vol.3 | Mooré Burkina Faso,,iframe,media.ipsapps.org,,,
63188e8455f35408,https://media.ipsapps.org/fuh/ora/p5/,external_interactive,,fulfulde;moore,,proverb,https://mooreburkina.com/fr/fulfulde/proverbes-fulfulde-avec-audio-vol-5;https://mooreburkina.com/fr/fulfulde/proverbes-fulfulde-avec-audio-vol4,Proverbes fulfulde avec audio vol.4 | Mooré Burkina Faso,,iframe,media.ipsapps.org,,,
265a6d1354e3e56b,https://media.ipsapps.org/fuh/osa/bible/,external_interactive,,fulfulde;moore,,religious,https://mooreburkina.com/fr/fulfulde/la-parole-de-dieu-en-fulfulde,La parole de Dieu en Fulfulde | Mooré Burkina Faso,,iframe,media.ipsapps.org,,,
d75378fbc7627b2e,https://mooreburkina.com/modules/custom/wildfire_dbp/images/mat/mat_0101.webp,image,.webp,fulfulde;moore,fulfulde_maasina,religious,https://mooreburkina.com/fr/fulfulde/matthieu-en-fulfulde-massina,Matthieu en fulfulde Massina | Mooré Burkina Faso,,img,,,,
75bc9b66a253706d,https://mooreburkina.com/modules/custom/wildfire_dbp/images/mat/mat_0118.webp,image,.webp,fulfulde;moore,fulfulde_maasina,religious,https://mooreburkina.com/fr/fulfulde/matthieu-en-fulfulde-massina,Matthieu en fulfulde Massina | Mooré Burkina Faso,,img,,,,
7325c9a823830f44,https://mooreburkina.com/modules/custom/wildfire_dbp/images/mat/mat_0201.webp,image,.webp,fulfulde;moore,fulfulde_maasina,religious,https://mooreburkina.com/fr/fulfulde/matthieu-en-fulfulde-massina,Matthieu en fulfulde Massina | Mooré Burkina Faso,,img,,,,
3b9bdc3f37182c79,https://mooreburkina.com/modules/custom/wildfire_dbp/images/mat/mat_0301.webp,image,.webp,fulfulde;moore,fulfulde_maasina,religious,https://mooreburkina.com/fr/fulfulde/matthieu-en-fulfulde-massina,Matthieu en fulfulde Massina | Mooré Burkina Faso,,img,,,,
951e015591d30c0c,https://mooreburkina.com/modules/custom/wildfire_dbp/images/mat/mat_0401.webp,image,.webp,fulfulde;moore,fulfulde_maasina,religious,https://mooreburkina.com/fr/fulfulde/matthieu-en-fulfulde-massina,Matthieu en fulfulde Massina | Mooré Burkina Faso,,img,,,,
88a73cd36b12d0a0,https://mooreburkina.com/modules/custom/wildfire_dbp/images/mat/mat_0501.webp,image,.webp,fulfulde;moore,fulfulde_maasina,religious,https://mooreburkina.com/fr/fulfulde/matthieu-en-fulfulde-massina,Matthieu en fulfulde Massina | Mooré Burkina Faso,,img,,,,
cc0af3ef6334e408,https://mooreburkina.com/modules/custom/wildfire_dbp/images/mat/mat_0527.webp,image,.webp,fulfulde;moore,fulfulde_maasina,religious,https://mooreburkina.com/fr/fulfulde/matthieu-en-fulfulde-massina,Matthieu en fulfulde Massina | Mooré Burkina Faso,,img,,,,
26fff4ba083f40cd,https://mooreburkina.com/modules/custom/wildfire_dbp/images/mat/mat_0601.webp,image,.webp,fulfulde;moore,fulfulde_maasina,religious,https://mooreburkina.com/fr/fulfulde/matthieu-en-fulfulde-massina,Matthieu en fulfulde Massina | Mooré Burkina Faso,,img,,,,
70fa9cd97f2695bf,https://mooreburkina.com/modules/custom/wildfire_dbp/images/mat/mat_0605.webp,image,.webp,fulfulde;moore,fulfulde_maasina,religious,https://mooreburkina.com/fr/fulfulde/matthieu-en-fulfulde-massina,Matthieu en fulfulde Massina | Mooré Burkina Faso,,img,,,,
5d00ccb643c67d8f,https://mooreburkina.com/modules/custom/wildfire_dbp/images/mat/mat_0701.webp,image,.webp,fulfulde;moore,fulfulde_maasina,religious,https://mooreburkina.com/fr/fulfulde/matthieu-en-fulfulde-massina,Matthieu en fulfulde Massina | Mooré Burkina Faso,,img,,,,
b652ac33dd4c17d0,https://mooreburkina.com/modules/custom/wildfire_dbp/images/mat/mat_0801.webp,image,.webp,fulfulde;moore,fulfulde_maasina,religious,https://mooreburkina.com/fr/fulfulde/matthieu-en-fulfulde-massina,Matthieu en fulfulde Massina | Mooré Burkina Faso,,img,,,,
68d1854fb1045c86,https://mooreburkina.com/modules/custom/wildfire_dbp/images/mat/mat_0818.webp,image,.webp,fulfulde;moore,fulfulde_maasina,religious,https://mooreburkina.com/fr/fulfulde/matthieu-en-fulfulde-massina,Matthieu en fulfulde Massina | Mooré Burkina Faso,,img,,,,
ef17de5208e334f4,https://mooreburkina.com/modules/custom/wildfire_dbp/images/mat/mat_0901.webp,image,.webp,fulfulde;moore,fulfulde_maasina,religious,https://mooreburkina.com/fr/fulfulde/matthieu-en-fulfulde-massina,Matthieu en fulfulde Massina | Mooré Burkina Faso,,img,,,,
f2e70c854092a9ba,https://mooreburkina.com/modules/custom/wildfire_dbp/images/mat/mat_0918.webp,image,.webp,fulfulde;moore,fulfulde_maasina,religious,https://mooreburkina.com/fr/fulfulde/matthieu-en-fulfulde-massina,Matthieu en fulfulde Massina | Mooré Burkina Faso,,img,,,,
d6fe5f0ca5caf1ff,https://mooreburkina.com/modules/custom/wildfire_dbp/images/mat/mat_1001.webp,image,.webp,fulfulde;moore,fulfulde_maasina,religious,https://mooreburkina.com/fr/fulfulde/matthieu-en-fulfulde-massina,Matthieu en fulfulde Massina | Mooré Burkina Faso,,img,,,,
bc544bf9152e97d3,https://mooreburkina.com/modules/custom/wildfire_dbp/images/mat/mat_1023.webp,image,.webp,fulfulde;moore,fulfulde_maasina,religious,https://mooreburkina.com/fr/fulfulde/matthieu-en-fulfulde-massina,Matthieu en fulfulde Massina | Mooré Burkina Faso,,img,,,,
c4371ee36e2e9f38,https://mooreburkina.com/modules/custom/wildfire_dbp/images/mat/mat_1101.webp,image,.webp,fulfulde;moore,fulfulde_maasina,religious,https://mooreburkina.com/fr/fulfulde/matthieu-en-fulfulde-massina,Matthieu en fulfulde Massina | Mooré Burkina Faso,,img,,,,
b59df5e39f6ef034,https://mooreburkina.com/modules/custom/wildfire_dbp/images/mat/mat_1120.webp,image,.webp,fulfulde;moore,fulfulde_maasina,religious,https://mooreburkina.com/fr/fulfulde/matthieu-en-fulfulde-massina,Matthieu en fulfulde Massina | Mooré Burkina Faso,,img,,,,
92484fe6519d145d,https://mooreburkina.com/modules/custom/wildfire_dbp/images/mat/mat_1201.webp,image,.webp,fulfulde;moore,fulfulde_maasina,religious,https://mooreburkina.com/fr/fulfulde/matthieu-en-fulfulde-massina,Matthieu en fulfulde Massina | Mooré Burkina Faso,,img,,,,
9f0f2bccb7aef5a3,https://mooreburkina.com/modules/custom/wildfire_dbp/images/mat/mat_1222.webp,image,.webp,fulfulde;moore,fulfulde_maasina,religious,https://mooreburkina.com/fr/fulfulde/matthieu-en-fulfulde-massina,Matthieu en fulfulde Massina | Mooré Burkina Faso,,img,,,,
e2f0928ff31a5938,https://mooreburkina.com/modules/custom/wildfire_dbp/images/mat/mat_1301.webp,image,.webp,fulfulde;moore,fulfulde_maasina,religious,https://mooreburkina.com/fr/fulfulde/matthieu-en-fulfulde-massina,Matthieu en fulfulde Massina | Mooré Burkina Faso,,img,,,,
5c38a9d2e27112cd,https://mooreburkina.com/modules/custom/wildfire_dbp/images/mat/mat_1324.webp,image,.webp,fulfulde;moore,fulfulde_maasina,religious,https://mooreburkina.com/fr/fulfulde/matthieu-en-fulfulde-massina,Matthieu en fulfulde Massina | Mooré Burkina Faso,,img,,,,
e590b5a2642e702d,https://mooreburkina.com/modules/custom/wildfire_dbp/images/mat/mat_1347.webp,image,.webp,fulfulde;moore,fulfulde_maasina,religious,https://mooreburkina.com/fr/fulfulde/matthieu-en-fulfulde-massina,Matthieu en fulfulde Massina | Mooré Burkina Faso,,img,,,,
68f043c6e4b4e793,https://mooreburkina.com/modules/custom/wildfire_dbp/images/mat/mat_1401.webp,image,.webp,fulfulde;moore,fulfulde_maasina,religious,https://mooreburkina.com/fr/fulfulde/matthieu-en-fulfulde-massina,Matthieu en fulfulde Massina | Mooré Burkina Faso,,img,,,,
ca1d2adcd1b908d9,https://mooreburkina.com/modules/custom/wildfire_dbp/images/mat/mat_1422.webp,image,.webp,fulfulde;moore,fulfulde_maasina,religious,https://mooreburkina.com/fr/fulfulde/matthieu-en-fulfulde-massina,Matthieu en fulfulde Massina | Mooré Burkina Faso,,img,,,,
0daf1c54f64b0a74,https://mooreburkina.com/modules/custom/wildfire_dbp/images/mat/mat_1501.webp,image,.webp,fulfulde;moore,fulfulde_maasina,religious,https://mooreburkina.com/fr/fulfulde/matthieu-en-fulfulde-massina,Matthieu en fulfulde Massina | Mooré Burkina Faso,,img,,,,
b9a6aa026e8f41ec,https://mooreburkina.com/modules/custom/wildfire_dbp/images/mat/mat_1521.webp,image,.webp,fulfulde;moore,fulfulde_maasina,religious,https://mooreburkina.com/fr/fulfulde/matthieu-en-fulfulde-massina,Matthieu en fulfulde Massina | Mooré Burkina Faso,,img,,,,
9f86838ae14c054e,https://mooreburkina.com/modules/custom/wildfire_dbp/images/mat/mat_1601.webp,image,.webp,fulfulde;moore,fulfulde_maasina,religious,https://mooreburkina.com/fr/fulfulde/matthieu-en-fulfulde-massina,Matthieu en fulfulde Massina | Mooré Burkina Faso,,img,,,,
f043efd711e9550f,https://mooreburkina.com/modules/custom/wildfire_dbp/images/mat/mat_1621.webp,image,.webp,fulfulde;moore,fulfulde_maasina,religious,https://mooreburkina.com/fr/fulfulde/matthieu-en-fulfulde-massina,Matthieu en fulfulde Massina | Mooré Burkina Faso,,img,,,,
a7cbdc9ad2312e19,https://mooreburkina.com/modules/custom/wildfire_dbp/images/mat/mat_1701.webp,image,.webp,fulfulde;moore,fulfulde_maasina,religious,https://mooreburkina.com/fr/fulfulde/matthieu-en-fulfulde-massina,Matthieu en fulfulde Massina | Mooré Burkina Faso,,img,,,,
c740d082ec24729c,https://mooreburkina.com/modules/custom/wildfire_dbp/images/mat/mat_1721.webp,image,.webp,fulfulde;moore,fulfulde_maasina,religious,https://mooreburkina.com/fr/fulfulde/matthieu-en-fulfulde-massina,Matthieu en fulfulde Massina | Mooré Burkina Faso,,img,,,,
c28a6ea54f4a08b9,https://mooreburkina.com/modules/custom/wildfire_dbp/images/mat/mat_1801.webp,image,.webp,fulfulde;moore,fulfulde_maasina,religious,https://mooreburkina.com/fr/fulfulde/matthieu-en-fulfulde-massina,Matthieu en fulfulde Massina | Mooré Burkina Faso,,img,,,,
2d5fb894fd37f996,https://mooreburkina.com/modules/custom/wildfire_dbp/images/mat/mat_1814.webp,image,.webp,fulfulde;moore,fulfulde_maasina,religious,https://mooreburkina.com/fr/fulfulde/matthieu-en-fulfulde-massina,Matthieu en fulfulde Massina | Mooré Burkina Faso,,img,,,,
5e5ab98a9f3bc5f1,https://mooreburkina.com/modules/custom/wildfire_dbp/images/mat/mat_1901.webp,image,.webp,fulfulde;moore,fulfulde_maasina,religious,https://mooreburkina.com/fr/fulfulde/matthieu-en-fulfulde-massina,Matthieu en fulfulde Massina | Mooré Burkina Faso,,img,,,,
5fe6ce00d3fb691b,https://mooreburkina.com/modules/custom/wildfire_dbp/images/mat/mat_1916.webp,image,.webp,fulfulde;moore,fulfulde_maasina,religious,https://mooreburkina.com/fr/fulfulde/matthieu-en-fulfulde-massina,Matthieu en fulfulde Massina | Mooré Burkina Faso,,img,,,,
a4d2082c44a62558,https://mooreburkina.com/modules/custom/wildfire_dbp/images/mat/mat_2001.webp,image,.webp,fulfulde;moore,fulfulde_maasina,religious,https://mooreburkina.com/fr/fulfulde/matthieu-en-fulfulde-massina,Matthieu en fulfulde Massina | Mooré Burkina Faso,,img,,,,
52e52af4fdedc346,https://mooreburkina.com/modules/custom/wildfire_dbp/images/mat/mat_2017.webp,image,.webp,fulfulde;moore,fulfulde_maasina,religious,https://mooreburkina.com/fr/fulfulde/matthieu-en-fulfulde-massina,Matthieu en fulfulde Massina | Mooré Burkina Faso,,img,,,,
e6c8a578c9458b5a,https://mooreburkina.com/modules/custom/wildfire_dbp/images/mat/mat_2101.webp,image,.webp,fulfulde;moore,fulfulde_maasina,religious,https://mooreburkina.com/fr/fulfulde/matthieu-en-fulfulde-massina,Matthieu en fulfulde Massina | Mooré Burkina Faso,,img,,,,
c8d9b74e2e3df090,https://mooreburkina.com/modules/custom/wildfire_dbp/images/mat/mat_2118.webp,image,.webp,fulfulde;moore,fulfulde_maasina,religious,https://mooreburkina.com/fr/fulfulde/matthieu-en-fulfulde-massina,Matthieu en fulfulde Massina | Mooré Burkina Faso,,img,,,,
6f39409f4f75ff8a,https://mooreburkina.com/modules/custom/wildfire_dbp/images/mat/mat_2128.webp,image,.webp,fulfulde;moore,fulfulde_maasina,religious,https://mooreburkina.com/fr/fulfulde/matthieu-en-fulfulde-massina,Matthieu en fulfulde Massina | Mooré Burkina Faso,,img,,,,
957cc886dae9356c,https://mooreburkina.com/modules/custom/wildfire_dbp/images/mat/mat_2201.webp,image,.webp,fulfulde;moore,fulfulde_maasina,religious,https://mooreburkina.com/fr/fulfulde/matthieu-en-fulfulde-massina,Matthieu en fulfulde Massina | Mooré Burkina Faso,,img,,,,
43d0d451331b630c,https://mooreburkina.com/modules/custom/wildfire_dbp/images/mat/mat_2223.webp,image,.webp,fulfulde;moore,fulfulde_maasina,religious,https://mooreburkina.com/fr/fulfulde/matthieu-en-fulfulde-massina,Matthieu en fulfulde Massina | Mooré Burkina Faso,,img,,,,
586218166df9b179,https://mooreburkina.com/modules/custom/wildfire_dbp/images/mat/mat_2301.webp,image,.webp,fulfulde;moore,fulfulde_maasina,religious,https://mooreburkina.com/fr/fulfulde/matthieu-en-fulfulde-massina,Matthieu en fulfulde Massina | Mooré Burkina Faso,,img,,,,
2addc396ab890730,https://mooreburkina.com/modules/custom/wildfire_dbp/images/mat/mat_2323.webp,image,.webp,fulfulde;moore,fulfulde_maasina,religious,https://mooreburkina.com/fr/fulfulde/matthieu-en-fulfulde-massina,Matthieu en fulfulde Massina | Mooré Burkina Faso,,img,,,,
afda2882693f52c6,https://mooreburkina.com/modules/custom/wildfire_dbp/images/mat/mat_2401.webp,image,.webp,fulfulde;moore,fulfulde_maasina,religious,https://mooreburkina.com/fr/fulfulde/matthieu-en-fulfulde-massina,Matthieu en fulfulde Massina | Mooré Burkina Faso,,img,,,,
838c4bb69bcda67f,https://mooreburkina.com/modules/custom/wildfire_dbp/images/mat/mat_2432.webp,image,.webp,fulfulde;moore,fulfulde_maasina,religious,https://mooreburkina.com/fr/fulfulde/matthieu-en-fulfulde-massina,Matthieu en fulfulde Massina | Mooré Burkina Faso,,img,,,,
87303aa131ea13b4,https://mooreburkina.com/modules/custom/wildfire_dbp/images/mat/mat_2501.webp,image,.webp,fulfulde;moore,fulfulde_maasina,religious,https://mooreburkina.com/fr/fulfulde/matthieu-en-fulfulde-massina,Matthieu en fulfulde Massina | Mooré Burkina Faso,,img,,,,
1abd42370270c227,https://mooreburkina.com/modules/custom/wildfire_dbp/images/mat/mat_2531.webp,image,.webp,fulfulde;moore,fulfulde_maasina,religious,https://mooreburkina.com/fr/fulfulde/matthieu-en-fulfulde-massina,Matthieu en fulfulde Massina | Mooré Burkina Faso,,img,,,,
849650ca21b0426b,https://mooreburkina.com/modules/custom/wildfire_dbp/images/mat/mat_2601.webp,image,.webp,fulfulde;moore,fulfulde_maasina,religious,https://mooreburkina.com/fr/fulfulde/matthieu-en-fulfulde-massina,Matthieu en fulfulde Massina | Mooré Burkina Faso,,img,,,,
82bad6dcc77b4a6f,https://mooreburkina.com/modules/custom/wildfire_dbp/images/mat/mat_2626.webp,image,.webp,fulfulde;moore,fulfulde_maasina,religious,https://mooreburkina.com/fr/fulfulde/matthieu-en-fulfulde-massina,Matthieu en fulfulde Massina | Mooré Burkina Faso,,img,,,,
c5d7989f942a142c,https://mooreburkina.com/modules/custom/wildfire_dbp/images/mat/mat_2647.webp,image,.webp,fulfulde;moore,fulfulde_maasina,religious,https://mooreburkina.com/fr/fulfulde/matthieu-en-fulfulde-massina,Matthieu en fulfulde Massina | Mooré Burkina Faso,,img,,,,
e6fc950e1b0d844a,https://mooreburkina.com/modules/custom/wildfire_dbp/images/mat/mat_2701.webp,image,.webp,fulfulde;moore,fulfulde_maasina,religious,https://mooreburkina.com/fr/fulfulde/matthieu-en-fulfulde-massina,Matthieu en fulfulde Massina | Mooré Burkina Faso,,img,,,,
9b5a371a375b3b52,https://mooreburkina.com/modules/custom/wildfire_dbp/images/mat/mat_2727.webp,image,.webp,fulfulde;moore,fulfulde_maasina,religious,https://mooreburkina.com/fr/fulfulde/matthieu-en-fulfulde-massina,Matthieu en fulfulde Massina | Mooré Burkina Faso,,img,,,,
683447a05b770769,https://mooreburkina.com/modules/custom/wildfire_dbp/images/mat/mat_2746.webp,image,.webp,fulfulde;moore,fulfulde_maasina,religious,https://mooreburkina.com/fr/fulfulde/matthieu-en-fulfulde-massina,Matthieu en fulfulde Massina | Mooré Burkina Faso,,img,,,,
c26f4e1111a124d7,https://mooreburkina.com/modules/custom/wildfire_dbp/images/mat/mat_2801.webp,image,.webp,fulfulde;moore,fulfulde_maasina,religious,https://mooreburkina.com/fr/fulfulde/matthieu-en-fulfulde-massina,Matthieu en fulfulde Massina | Mooré Burkina Faso,,img,,,,
cb1858d083cfcf3e,https://mooreburkina.com/modules/custom/wildfire_dbp/images/mat/mat_credits.webp,image,.webp,fulfulde;moore,fulfulde_maasina,religious,https://mooreburkina.com/fr/fulfulde/matthieu-en-fulfulde-massina,Matthieu en fulfulde Massina | Mooré Burkina Faso,,img,,,,
9df95270105acb75,https://mooreburkina.com/modules/custom/wildfire_dbp/images/mrk/mrk_0121.webp,image,.webp,fulfulde;moore,fulfulde_maasina,religious,https://mooreburkina.com/fr/fulfulde/evangile-de-marc-fulfulde-massina,Evangile de Marc Fulfulde Massina | Mooré Burkina Faso,,img,,,,
0268aa974c1a5bcf,https://mooreburkina.com/modules/custom/wildfire_dbp/images/mrk/mrk_0215.webp,image,.webp,fulfulde;moore,fulfulde_maasina,religious,https://mooreburkina.com/fr/fulfulde/evangile-de-marc-fulfulde-massina,Evangile de Marc Fulfulde Massina | Mooré Burkina Faso,,img,,,,
ad1774cde939f25e,https://mooreburkina.com/modules/custom/wildfire_dbp/images/mrk/mrk_0827.webp,image,.webp,fulfulde;moore,fulfulde_maasina,religious,https://mooreburkina.com/fr/fulfulde/evangile-de-marc-fulfulde-massina,Evangile de Marc Fulfulde Massina | Mooré Burkina Faso,,img,,,,
d0f528fd42859d2f,https://mooreburkina.com/modules/custom/wildfire_dbp/images/mrk/mrk_1041.webp,image,.webp,fulfulde;moore,fulfulde_maasina,religious,https://mooreburkina.com/fr/fulfulde/evangile-de-marc-fulfulde-massina,Evangile de Marc Fulfulde Massina | Mooré Burkina Faso,,img,,,,
e1ae812864c3eaf3,https://mooreburkina.com/modules/custom/wildfire_dbp/images/mrk/mrk_1311.webp,image,.webp,fulfulde;moore,fulfulde_maasina,religious,https://mooreburkina.com/fr/fulfulde/evangile-de-marc-fulfulde-massina,Evangile de Marc Fulfulde Massina | Mooré Burkina Faso,,img,,,,
801b66532a8ccef2,https://mooreburkina.com/modules/custom/wildfire_dbp/images/mrk/mrk_1422.webp,image,.webp,fulfulde;moore,fulfulde_maasina,religious,https://mooreburkina.com/fr/fulfulde/evangile-de-marc-fulfulde-massina,Evangile de Marc Fulfulde Massina | Mooré Burkina Faso,,img,,,,
522efd092c7dd9ee,https://mooreburkina.com/sites/www.mooreburkina.com/files/styles/max_750x750/public/2023-06/Fulfulde%20Bible%20in%20App%20Store2.jpg.webp?itok=i_itFBej,image,.webp,fulfulde;moore,,app,https://mooreburkina.com/fr/applications-smartphone/applis-en-fulfulde,Applis en Fulfulde | Mooré Burkina Faso,Fulfulde Bible iPhone,img,,,,
efe1250fb7b38376,https://mooreburkina.com/sites/www.mooreburkina.com/files/styles/max_750x750/public/2023-06/Fulfulde%20Proverbes%20App%20Store.jpg.webp?itok=DgzNJi3a,image,.webp,fulfulde;moore,,proverb,https://mooreburkina.com/fr/applications-smartphone/applis-en-fulfulde,Applis en Fulfulde | Mooré Burkina Faso,Proverbes Fulfulde iPhone,img,,,,
13f4aaa85863dfa9,https://mooreburkina.com/sites/www.mooreburkina.com/files/styles/max_750x750/public/2023-06/Fulfulde%20contes%20sur%20App%20Store.jpg.webp?itok=UDBmte9J,image,.webp,fulfulde;moore,,folktale,https://mooreburkina.com/fr/applications-smartphone/applis-en-fulfulde,Applis en Fulfulde | Mooré Burkina Faso,Contes FulfuldeIPhone,img,,,,
2620149eaa5984c8,https://mooreburkina.com/sites/www.mooreburkina.com/files/styles/max_750x750/public/2023-12/case%20peul.jpg.webp?itok=jHCj6Vyw,image,.webp,fulfulde;moore,,other,https://mooreburkina.com/;https://mooreburkina.com/fr;https://mooreburkina.com/fr/bienvenu-au-pays-mossi,Mooré Burkina Faso,espace fulfulde 2,img,,,,
f3753329d1d3cc9b,https://mooreburkina.com/sites/www.mooreburkina.com/files/styles/max_750x750/public/2023-12/espace%20fulfulde.jpg.webp?itok=-S4D32fP,image,.webp,fulfulde;moore,,other,https://mooreburkina.com/;https://mooreburkina.com/fr;https://mooreburkina.com/fr/bienvenu-au-pays-mossi,Mooré Burkina Faso,espace fulfulde,img,,,,
28f08d8d689ac8d6,https://mooreburkina.com/sites/www.mooreburkina.com/files/styles/max_750x750/public/2023-12/map%20of%20BF%20Fulfulde%20dialectes3.jpg.webp?itok=nsNczzUX,image,.webp,fulfulde;moore,fulfulde_gurmaare;fulfulde_jelgoore;fulfulde_moosiire;fulfulde_yaagaare,book_document,https://mooreburkina.com/fr/fulfulde/documents-pdf-fulfulde,Documents pdf Fulfulde | Mooré Burkina Faso,carte des dialectes fulfulde,img,,,,
5d373c11199e89c2,https://mooreburkina.com/sites/www.mooreburkina.com/files/styles/max_750x750/public/2023-12/map%20of%20BF%20Fulfulde%20speaking%20area.jpg.webp?itok=fkzfvW9U,image,.webp,fulfulde;moore,,other,https://mooreburkina.com/;https://mooreburkina.com/fr;https://mooreburkina.com/fr/bienvenu-au-pays-mossi;https://mooreburkina.com/fr/fulfulde/documents-pdf-fulfulde,Mooré Burkina Faso,map of BF Fulfulde speaking area.jpg,img,,,,
017fc331c5d16f5e,https://mooreburkina.com/sites/www.mooreburkina.com/files/styles/max_750x750/public/2024-06/Fulfulde%20apps%20Play%20Store%20et%20App%20Store%20Mars%202024.jpg.webp?itok=8KiPJdku,image,.webp,fulfulde;moore,,app,https://mooreburkina.com/fr/applications-smartphone/applis-en-fulfulde,Applis en Fulfulde | Mooré Burkina Faso,applis en Fulfulde smartphone,img,,,,
2030068fcd13f0b6,https://mooreburkina.com/sites/www.mooreburkina.com/files/styles/max_750x750/public/2024-06/Pular%20Fuuta-Jallon.jpg.webp?itok=PYWVyFrb,image,.webp,fulfulde;moore,,app,https://mooreburkina.com/fr/applications-smartphone/applis-en-fulfulde,Applis en Fulfulde | Mooré Burkina Faso,Pular Fuuta-Jallon,img,,,,
cd34e676d22c219c,https://mooreburkina.com/sites/www.mooreburkina.com/files/styles/max_750x750/public/2026-02/Webonary%20Fulfulde%20dico.jpg.webp?itok=laJk8YRP,image,.webp,fulfulde;moore,,dictionary,https://mooreburkina.com/fr/dictionnaire-moor%C3%A9/aplications-de-dictionnaires-pour-ordinateur,Applications de dictionnaires | Mooré Burkina Faso,Webonary Fulfulde dico.jpg,img,,,,
825e38551c820e21,https://mooreburkina.com/sites/www.mooreburkina.com/files/styles/max_750x750/public/Applis%20Play%20Store%20images/Applis%20fulfulde/01%20Fulfulde%20dictionary.jpg.webp?itok=nx09FJ7a,image,.webp,fulfulde;moore,,app,https://mooreburkina.com/fr/applications-smartphone/applis-en-fulfulde,Applis en Fulfulde | Mooré Burkina Faso,,img,,,,
ceb9acb4a8e1c276,https://mooreburkina.com/sites/www.mooreburkina.com/files/styles/max_750x750/public/Applis%20Play%20Store%20images/Applis%20fulfulde/02%20fulfulde%20contes%20audio%20vol1.jpg.webp?itok=SFujGRNi,image,.webp,fulfulde;moore,,app,https://mooreburkina.com/fr/applications-smartphone/applis-en-fulfulde,Applis en Fulfulde | Mooré Burkina Faso,,img,,,,
e0cf0b5f71190b55,https://mooreburkina.com/sites/www.mooreburkina.com/files/styles/max_750x750/public/Applis%20Play%20Store%20images/Applis%20fulfulde/03%20fulfulde%20contes%20audio%20vol2.jpg.webp?itok=ANQKQGYp,image,.webp,fulfulde;moore,,app,https://mooreburkina.com/fr/applications-smartphone/applis-en-fulfulde,Applis en Fulfulde | Mooré Burkina Faso,,img,,,,
35a24e2f394df0f7,https://mooreburkina.com/sites/www.mooreburkina.com/files/styles/max_750x750/public/Applis%20Play%20Store%20images/Applis%20fulfulde/04%20fulfulde%20contes%20audio%20vol3.jpg.webp?itok=wHAd55RA,image,.webp,fulfulde;moore,,app,https://mooreburkina.com/fr/applications-smartphone/applis-en-fulfulde,Applis en Fulfulde | Mooré Burkina Faso,,img,,,,
85d41156f9a1217a,https://mooreburkina.com/sites/www.mooreburkina.com/files/styles/max_750x750/public/Applis%20Play%20Store%20images/Applis%20fulfulde/05%20fulfulde%20contes%20audio%20vol4.jpg.webp?itok=AeC6DY3y,image,.webp,fulfulde;moore,,app,https://mooreburkina.com/fr/applications-smartphone/applis-en-fulfulde,Applis en Fulfulde | Mooré Burkina Faso,,img,,,,
e5dae2c95b9143a0,https://mooreburkina.com/sites/www.mooreburkina.com/files/styles/max_750x750/public/Applis%20Play%20Store%20images/Applis%20fulfulde/06%20fulfulde%20contes%20audio%20vol5.jpg.webp?itok=Y4RINVjO,image,.webp,fulfulde;moore,,app,https://mooreburkina.com/fr/applications-smartphone/applis-en-fulfulde,Applis en Fulfulde | Mooré Burkina Faso,,img,,,,
81fca5fab67e139e,https://mooreburkina.com/sites/www.mooreburkina.com/files/styles/max_750x750/public/Applis%20Play%20Store%20images/Applis%20fulfulde/07%20Fulfulde%20proverbes%20vol1.jpg.webp?itok=zN2yoOr4,image,.webp,fulfulde;moore,,app,https://mooreburkina.com/fr/applications-smartphone/applis-en-fulfulde,Applis en Fulfulde | Mooré Burkina Faso,,img,,,,
793a62c37fda8167,https://mooreburkina.com/sites/www.mooreburkina.com/files/styles/max_750x750/public/Applis%20Play%20Store%20images/Applis%20fulfulde/08%20Fulfulde%20proverbes%20vol2.jpg.webp?itok=RpNynGdA,image,.webp,fulfulde;moore,,app,https://mooreburkina.com/fr/applications-smartphone/applis-en-fulfulde,Applis en Fulfulde | Mooré Burkina Faso,,img,,,,
25d53321150b824f,https://mooreburkina.com/sites/www.mooreburkina.com/files/styles/max_750x750/public/Applis%20Play%20Store%20images/Applis%20fulfulde/09%20Fulfulde%20proverbes%20vol3.jpg.webp?itok=57CjjwZr,image,.webp,fulfulde;moore,,app,https://mooreburkina.com/fr/applications-smartphone/applis-en-fulfulde,Applis en Fulfulde | Mooré Burkina Faso,,img,,,,
0199f9aef771c4a1,https://mooreburkina.com/sites/www.mooreburkina.com/files/styles/max_750x750/public/Applis%20Play%20Store%20images/Applis%20fulfulde/10%20Fulfulde%20proverbes%20vol4.jpg.webp?itok=6gCr_Ee3,image,.webp,fulfulde;moore,,app,https://mooreburkina.com/fr/applications-smartphone/applis-en-fulfulde,Applis en Fulfulde | Mooré Burkina Faso,,img,,,,
a7773134f5107a84,https://mooreburkina.com/sites/www.mooreburkina.com/files/styles/max_750x750/public/Applis%20Play%20Store%20images/Applis%20fulfulde/11%20Fulfulde%20proverbes%20vol5.jpg.webp?itok=Q1d_F-Y_,image,.webp,fulfulde;moore,,app,https://mooreburkina.com/fr/applications-smartphone/applis-en-fulfulde,Applis en Fulfulde | Mooré Burkina Faso,,img,,,,
9592769c48926ce9,https://mooreburkina.com/sites/www.mooreburkina.com/files/styles/max_750x750/public/Applis%20Play%20Store%20images/Applis%20fulfulde/12%201400%20proverbes%20fulfulde.jpg.webp?itok=5ZsSnxdY,image,.webp,fulfulde;moore,,app,https://mooreburkina.com/fr/applications-smartphone/applis-en-fulfulde,Applis en Fulfulde | Mooré Burkina Faso,,img,,,,
331f6ec5f545b699,https://mooreburkina.com/sites/www.mooreburkina.com/files/styles/max_750x750/public/Applis%20Play%20Store%20images/Applis%20fulfulde/13%20fulfulde%20contes%20vol1.jpg.webp?itok=2W8mxELv,image,.webp,fulfulde;moore,,app,https://mooreburkina.com/fr/applications-smartphone/applis-en-fulfulde,Applis en Fulfulde | Mooré Burkina Faso,,img,,,,
54a7966c62cc41d1,https://mooreburkina.com/sites/www.mooreburkina.com/files/styles/max_750x750/public/Applis%20Play%20Store%20images/Applis%20fulfulde/14%20fulfulde%20contes%20vol2.jpg.webp?itok=Y3-E0x_v,image,.webp,fulfulde;moore,,app,https://mooreburkina.com/fr/applications-smartphone/applis-en-fulfulde,Applis en Fulfulde | Mooré Burkina Faso,,img,,,,
c4494363ed3da45e,https://mooreburkina.com/sites/www.mooreburkina.com/files/styles/max_750x750/public/Applis%20Play%20Store%20images/Applis%20fulfulde/15%20fulfulde%20contes%20vol3%20audio.jpg.webp?itok=WuQ-BiPk,image,.webp,fulfulde;moore,,app,https://mooreburkina.com/fr/applications-smartphone/applis-en-fulfulde,Applis en Fulfulde | Mooré Burkina Faso,,img,,,,
393da002ee242925,https://mooreburkina.com/sites/www.mooreburkina.com/files/styles/max_750x750/public/Applis%20Play%20Store%20images/Applis%20fulfulde/16%20Bible%20Fulfulde%20BF.jpg.webp?itok=DZvwThYx,image,.webp,fulfulde;moore,,app,https://mooreburkina.com/fr/applications-smartphone/applis-en-fulfulde,Applis en Fulfulde | Mooré Burkina Faso,,img,,,,
8777677ea66ee3be,https://mooreburkina.com/sites/www.mooreburkina.com/files/styles/max_750x750/public/Applis%20Play%20Store%20images/Applis%20fulfulde/Fulfulde%20dictionary%20on%20app%20Store.jpg.webp?itok=WQ6Yn6A7,image,.webp,fulfulde;moore,,app,https://mooreburkina.com/fr/applications-smartphone/applis-en-fulfulde,Applis en Fulfulde | Mooré Burkina Faso,,img,,,,
8c6efef9951ca831,https://mooreburkina.com/sites/www.mooreburkina.com/files/styles/max_750x750/public/Dictio%20apk/smarthphone%20fulfulde.jpg.webp?itok=kpUr8KaF,image,.webp,fulfulde;moore,,dictionary,https://mooreburkina.com/fr/dictionnaire-moor%C3%A9/aplications-de-dictionnaires-pour-ordinateur,Applications de dictionnaires | Mooré Burkina Faso,,img,,,,
505515bddcc08f80,https://mooreburkina.com/sites/www.mooreburkina.com/files/styles/max_750x750/public/Diction%20exe/dictionnaire%20fulfulde.jpg.webp?itok=2IQSdRt6,image,.webp,fulfulde;moore,,dictionary,https://mooreburkina.com/fr/dictionnaire-moor%C3%A9/aplications-de-dictionnaires-pour-ordinateur,Applications de dictionnaires | Mooré Burkina Faso,,img,,,,
5f6220cf8b8ebb82,https://mooreburkina.com/sites/www.mooreburkina.com/files/styles/max_750x750/public/pdf-files/1%20Fulfulde%20Lexique%20Corps.jpg.webp?itok=FsIeezka,image,.webp,fulfulde;moore,fulfulde_gurmaare;fulfulde_jelgoore;fulfulde_moosiire;fulfulde_yaagaare,book_document,https://mooreburkina.com/fr/fulfulde/documents-pdf-fulfulde,Documents pdf Fulfulde | Mooré Burkina Faso,,img,,,,
ef8f90ddb573c7e8,https://mooreburkina.com/sites/www.mooreburkina.com/files/styles/max_750x750/public/pdf-files/1%20Fulfulde%20Lexique%20Elev%20et%20Agric.jpg.webp?itok=FY7Yukyi,image,.webp,fulfulde;moore,fulfulde_gurmaare;fulfulde_jelgoore;fulfulde_moosiire;fulfulde_yaagaare,book_document,https://mooreburkina.com/fr/fulfulde/documents-pdf-fulfulde,Documents pdf Fulfulde | Mooré Burkina Faso,,img,,,,
523e90cf324c66ef,https://mooreburkina.com/sites/www.mooreburkina.com/files/styles/max_750x750/public/pdf-files/1%20Fulfulde%20Lexique%20Plantes.jpg.webp?itok=hZgpAj0s,image,.webp,fulfulde;moore,fulfulde_gurmaare;fulfulde_jelgoore;fulfulde_moosiire;fulfulde_yaagaare,book_document,https://mooreburkina.com/fr/fulfulde/documents-pdf-fulfulde,Documents pdf Fulfulde | Mooré Burkina Faso,,img,,,,
a84719759590730f,https://mooreburkina.com/sites/www.mooreburkina.com/files/styles/max_750x750/public/pdf-files/1%20Fulfulde%20Lexique%20maladies.jpg.webp?itok=gvMfBV_b,image,.webp,fulfulde;moore,fulfulde_gurmaare;fulfulde_jelgoore;fulfulde_moosiire;fulfulde_yaagaare,book_document,https://mooreburkina.com/fr/fulfulde/documents-pdf-fulfulde,Documents pdf Fulfulde | Mooré Burkina Faso,,img,,,,
5116c1e3ccdaed59,https://mooreburkina.com/sites/www.mooreburkina.com/files/styles/max_750x750/public/pdf-files/1%20fulfulde%20Lexique%20animaux.jpg.webp?itok=SgtiuF0c,image,.webp,fulfulde;moore,fulfulde_gurmaare;fulfulde_jelgoore;fulfulde_moosiire;fulfulde_yaagaare,book_document,https://mooreburkina.com/fr/fulfulde/documents-pdf-fulfulde,Documents pdf Fulfulde | Mooré Burkina Faso,,img,,,,
3544e5ea0139e232,https://mooreburkina.com/sites/www.mooreburkina.com/files/styles/max_750x750/public/pdf-files/1%20fulfulde%20Lexique%20nourriture.jpg.webp?itok=LZCZe8CF,image,.webp,fulfulde;moore,fulfulde_gurmaare;fulfulde_jelgoore;fulfulde_moosiire;fulfulde_yaagaare,book_document,https://mooreburkina.com/fr/fulfulde/documents-pdf-fulfulde,Documents pdf Fulfulde | Mooré Burkina Faso,,img,,,,
bac980ad56137b63,https://mooreburkina.com/sites/www.mooreburkina.com/files/media_stream/streams/hls_standard_video/1037.m3u8,link,,fulfulde;moore,,other,https://mooreburkina.com/fr/fulfulde/vid%C3%A9os-en-diaporama-fulfulde,Vidéos en diaporama fulfulde | Mooré Burkina Faso,,source,,,application/x-mpegURL,
63e77483ec50f4f5,https://mooreburkina.com/sites/www.mooreburkina.com/files/media_stream/streams/hls_standard_video/1040.m3u8,link,,fulfulde;moore,,other,https://mooreburkina.com/fr/fulfulde/vid%C3%A9os-en-diaporama-fulfulde,Vidéos en diaporama fulfulde | Mooré Burkina Faso,,source,,,application/x-mpegURL,
249f3b6b8dc82df3,https://mooreburkina.com/sites/www.mooreburkina.com/files/media_stream/streams/hls_standard_video/1043.m3u8,link,,fulfulde;moore,,other,https://mooreburkina.com/fr/fulfulde/vid%C3%A9os-en-diaporama-fulfulde,Vidéos en diaporama fulfulde | Mooré Burkina Faso,,source,,,application/x-mpegURL,
02d3b4a396b64a24,https://mooreburkina.com/sites/www.mooreburkina.com/files/media_stream/streams/hls_standard_video/1046.m3u8,link,,fulfulde;moore,,other,https://mooreburkina.com/fr/fulfulde/vid%C3%A9os-en-diaporama-fulfulde,Vidéos en diaporama fulfulde | Mooré Burkina Faso,,source,,,application/x-mpegURL,
cb46237a9630aa4d,https://mooreburkina.com/sites/www.mooreburkina.com/files/media_stream/streams/hls_standard_video/1049.m3u8,link,,fulfulde;moore,,other,https://mooreburkina.com/fr/fulfulde/vid%C3%A9os-en-diaporama-fulfulde,Vidéos en diaporama fulfulde | Mooré Burkina Faso,,source,,,application/x-mpegURL,
1ba60b3a44383ee4,https://mooreburkina.com/sites/www.mooreburkina.com/files/media_stream/streams/hls_standard_video/1052.m3u8,link,,fulfulde;moore,,other,https://mooreburkina.com/fr/fulfulde/vid%C3%A9os-en-diaporama-fulfulde,Vidéos en diaporama fulfulde | Mooré Burkina Faso,,source,,,application/x-mpegURL,
a4f87e2ebd7117ff,https://mooreburkina.com/sites/www.mooreburkina.com/files/media_stream/streams/hls_standard_video/1055.m3u8,link,,fulfulde;moore,,other,https://mooreburkina.com/fr/fulfulde/vid%C3%A9os-en-diaporama-fulfulde,Vidéos en diaporama fulfulde | Mooré Burkina Faso,,source,,,application/x-mpegURL,
4a99e7e123a1b746,https://mooreburkina.com/sites/www.mooreburkina.com/files/media_stream/streams/hls_standard_video/1058.m3u8,link,,fulfulde;moore,,other,https://mooreburkina.com/fr/fulfulde/vid%C3%A9os-en-diaporama-fulfulde,Vidéos en diaporama fulfulde | Mooré Burkina Faso,,source,,,application/x-mpegURL,
cad21493c5608baf,https://mooreburkina.com/sites/www.mooreburkina.com/files/media_stream/streams/hls_standard_video/593.m3u8,link,,fulfulde;moore,,other,https://mooreburkina.com/fr/fulfulde,Fulfulde | Mooré Burkina Faso,,source,,,application/x-mpegURL,
7af010d17acbd0d9,https://mooreburkina.com/sites/www.mooreburkina.com/files/media_stream/streams/hls_standard_video/971.m3u8,link,,fulfulde;moore,,other,https://mooreburkina.com/fr/fulfulde/vid%C3%A9os-en-diaporama-fulfulde,Vidéos en diaporama fulfulde | Mooré Burkina Faso,,source,,,application/x-mpegURL,
aa6b102fe3071ba0,https://mooreburkina.com/sites/www.mooreburkina.com/files/media_stream/streams/hls_standard_video/974.m3u8,link,,fulfulde;moore,,other,https://mooreburkina.com/fr/fulfulde/vid%C3%A9os-en-diaporama-fulfulde,Vidéos en diaporama fulfulde | Mooré Burkina Faso,,source,,,application/x-mpegURL,
5c68462c9a022274,https://mooreburkina.com/sites/www.mooreburkina.com/files/media_stream/streams/hls_standard_video/977.m3u8,link,,fulfulde;moore,,other,https://mooreburkina.com/fr/fulfulde/vid%C3%A9os-en-diaporama-fulfulde,Vidéos en diaporama fulfulde | Mooré Burkina Faso,,source,,,application/x-mpegURL,
f444bf8824b02d2c,https://mooreburkina.com/sites/www.mooreburkina.com/files/media_stream/streams/hls_standard_video/980.m3u8,link,,fulfulde;moore,,other,https://mooreburkina.com/fr/fulfulde/vid%C3%A9os-en-diaporama-fulfulde,Vidéos en diaporama fulfulde | Mooré Burkina Faso,,source,,,application/x-mpegURL,
f3c9bf79209767fa,https://mooreburkina.com/sites/www.mooreburkina.com/files/Fulfulde%20grammar%20236%20pages.pdf,pdf,.pdf,fulfulde;moore,fulfulde_gurmaare;fulfulde_jelgoore;fulfulde_moosiire;fulfulde_yaagaare,orthography,https://mooreburkina.com/fr/fulfulde/documents-pdf-fulfulde;https://mooreburkina.com/libraries/pdfjs-dist-viewer-min/build/minified/web/viewer.html?file=%2Fsites%2Fwww.mooreburkina.com%2Ffiles%2FFulfulde%2520grammar%2520236%2520pages.pdf,Documents pdf Fulfulde | Mooré Burkina Faso,Fulfulde grammar 236 pages.pdf,a,,,application/pdf,
1b0c1223c6b5645c,https://mooreburkina.com/sites/www.mooreburkina.com/files/Gurmaare%20Language%20Learning%20lessons.pdf,pdf,.pdf,fulfulde;moore,fulfulde_gurmaare,orthography,https://mooreburkina.com/fr/fulfulde/documents-pdf-fulfulde;https://mooreburkina.com/libraries/pdfjs-dist-viewer-min/build/minified/web/viewer.html?file=%2Fsites%2Fwww.mooreburkina.com%2Ffiles%2FGurmaare%2520Language%2520Learning%2520lessons.pdf,Documents pdf Fulfulde | Mooré Burkina Faso,Gurmaare Language Learning lessons.pdf,a,,,application/pdf,
9cba54161e5a75b8,https://mooreburkina.com/sites/www.mooreburkina.com/files/Jelgoore%20Language%20Learning%20lessons.pdf,pdf,.pdf,fulfulde;moore,fulfulde_jelgoore,orthography,https://mooreburkina.com/fr/fulfulde/documents-pdf-fulfulde;https://mooreburkina.com/libraries/pdfjs-dist-viewer-min/build/minified/web/viewer.html?file=%2Fsites%2Fwww.mooreburkina.com%2Ffiles%2FJelgoore%2520Language%2520Learning%2520lessons.pdf,Documents pdf Fulfulde | Mooré Burkina Faso,Jelgoore Language Learning lessons.pdf,a,,,application/pdf,
0a66e06de31b2a89,https://mooreburkina.com/sites/www.mooreburkina.com/files/Moosiire%20Language%20Learning%20lessons.pdf,pdf,.pdf,fulfulde;moore,fulfulde_moosiire,orthography,https://mooreburkina.com/fr/fulfulde/documents-pdf-fulfulde;https://mooreburkina.com/libraries/pdfjs-dist-viewer-min/build/minified/web/viewer.html?file=%2Fsites%2Fwww.mooreburkina.com%2Ffiles%2FMoosiire%2520Language%2520Learning%2520lessons.pdf,Documents pdf Fulfulde | Mooré Burkina Faso,Moosiire Language Learning lessons.pdf,a,,,application/pdf,
638461467c597221,https://mooreburkina.com/sites/www.mooreburkina.com/files/Yaagaare%20Language%20Learning%20lessons.pdf,pdf,.pdf,fulfulde;moore,fulfulde_yaagaare,orthography,https://mooreburkina.com/fr/fulfulde/documents-pdf-fulfulde;https://mooreburkina.com/libraries/pdfjs-dist-viewer-min/build/minified/web/viewer.html?file=%2Fsites%2Fwww.mooreburkina.com%2Ffiles%2FYaagaare%2520Language%2520Learning%2520lessons.pdf,Documents pdf Fulfulde | Mooré Burkina Faso,Yaagaare Language Learning lessons.pdf,a,,,application/pdf,
606e0eac14e9139c,https://mooreburkina.com/sites/www.mooreburkina.com/files/pdf-files/Alphabet%20Fulfulde%20PDF.pdf,pdf,.pdf,fulfulde;moore,fulfulde_gurmaare;fulfulde_jelgoore;fulfulde_moosiire;fulfulde_yaagaare,orthography,https://mooreburkina.com/fr/fulfulde;https://mooreburkina.com/fr/fulfulde/documents-pdf-fulfulde,Documents pdf Fulfulde | Mooré Burkina Faso,Alphabet Fulfulde PDF.pdf,a,,,,
998f3be2b4245a25,https://mooreburkina.com/sites/www.mooreburkina.com/files/pdf-files/Applis%20en%20fulfulde.pdf,pdf,.pdf,fulfulde;moore,,app,https://mooreburkina.com/fr/fulfulde,Fulfulde | Mooré Burkina Faso,Applis en fulfulde.pdf,a,,,,
7f65f0ae4a4e5e94,https://mooreburkina.com/sites/www.mooreburkina.com/files/pdf-files/Apps%20pour%20Fulfulde%202023.pdf,pdf,.pdf,fulfulde;moore,fulfulde_gurmaare;fulfulde_jelgoore;fulfulde_moosiire;fulfulde_yaagaare,book_document,https://mooreburkina.com/fr/fulfulde/documents-pdf-fulfulde,Documents pdf Fulfulde | Mooré Burkina Faso,Apps pour Fulfulde 2023.pdf,a,,,,
d1f28c5240a87ade,https://mooreburkina.com/sites/www.mooreburkina.com/files/pdf-files/Fulfulde%20apps%20Play%20Store%20et%20App%20Store.pdf,pdf,.pdf,fulfulde;moore,fulfulde_gurmaare;fulfulde_jelgoore;fulfulde_moosiire;fulfulde_yaagaare,app,https://mooreburkina.com/fr/fulfulde;https://mooreburkina.com/fr/fulfulde/documents-pdf-fulfulde,Documents pdf Fulfulde | Mooré Burkina Faso,Fulfulde apps Play Store et App Store.pdf,a,,,,
714c30b0de667eb7,https://mooreburkina.com/sites/www.mooreburkina.com/files/pdf-files/Gurmaare%20Language%20Learning%20lessons.pdf,pdf,.pdf,fulfulde;moore,fulfulde_gurmaare,orthography,https://mooreburkina.com/fr/fulfulde/documents-pdf-fulfulde,Documents pdf Fulfulde | Mooré Burkina Faso,Gurmaare Language Learning lessons.pdf,a,,,,
5c834cd66ae81051,https://mooreburkina.com/sites/www.mooreburkina.com/files/pdf-files/Jelgoore%20Language%20Learning%20lessons.pdf,pdf,.pdf,fulfulde;moore,fulfulde_jelgoore,orthography,https://mooreburkina.com/fr/fulfulde/documents-pdf-fulfulde,Documents pdf Fulfulde | Mooré Burkina Faso,Jelgoore Language Learning lessons.pdf,a,,,,
4f50747ccc14b6d9,https://mooreburkina.com/sites/www.mooreburkina.com/files/pdf-files/Moosiire%20Language%20Learning%20lessons.pdf,pdf,.pdf,fulfulde;moore,fulfulde_moosiire,orthography,https://mooreburkina.com/fr/fulfulde/documents-pdf-fulfulde,Documents pdf Fulfulde | Mooré Burkina Faso,Moosiire Language Learning lessons.pdf,a,,,,
c8e374b9b467bdbc,https://mooreburkina.com/sites/www.mooreburkina.com/files/pdf-files/Yaagaare%20Language%20Learning%20lessons.pdf,pdf,.pdf,fulfulde;moore,fulfulde_yaagaare,orthography,https://mooreburkina.com/fr/fulfulde/documents-pdf-fulfulde,Documents pdf Fulfulde | Mooré Burkina Faso,Yaagaare Language Learning lessons.pdf,a,,,,
87c31eb8346736e4,https://mooreburkina.com/sites/www.mooreburkina.com/files/media_stream/encodings/video_download_mp4_150/1037-.mp4,video,.mp4,fulfulde;moore,,other,https://mooreburkina.com/fr/fulfulde/vid%C3%A9os-en-diaporama-fulfulde,Vidéos en diaporama fulfulde | Mooré Burkina Faso,mp4 (150px),a,,,,
904c753629373d00,https://mooreburkina.com/sites/www.mooreburkina.com/files/media_stream/encodings/video_download_mp4_150/1040-.mp4,video,.mp4,fulfulde;moore,,other,https://mooreburkina.com/fr/fulfulde/vid%C3%A9os-en-diaporama-fulfulde,Vidéos en diaporama fulfulde | Mooré Burkina Faso,mp4 (150px),a,,,,
79ec6e5f23b86ecb,https://mooreburkina.com/sites/www.mooreburkina.com/files/media_stream/encodings/video_download_mp4_150/1043-.mp4,video,.mp4,fulfulde;moore,,other,https://mooreburkina.com/fr/fulfulde/vid%C3%A9os-en-diaporama-fulfulde,Vidéos en diaporama fulfulde | Mooré Burkina Faso,mp4 (150px),a,,,,
2e0b265c4ae4ce3f,https://mooreburkina.com/sites/www.mooreburkina.com/files/media_stream/encodings/video_download_mp4_150/1046-.mp4,video,.mp4,fulfulde;moore,,other,https://mooreburkina.com/fr/fulfulde/vid%C3%A9os-en-diaporama-fulfulde,Vidéos en diaporama fulfulde | Mooré Burkina Faso,mp4 (150px),a,,,,
42f5bd5dd1925fab,https://mooreburkina.com/sites/www.mooreburkina.com/files/media_stream/encodings/video_download_mp4_150/1049-.mp4,video,.mp4,fulfulde;moore,,other,https://mooreburkina.com/fr/fulfulde/vid%C3%A9os-en-diaporama-fulfulde,Vidéos en diaporama fulfulde | Mooré Burkina Faso,mp4 (150px),a,,,,
fe8bad001aa7713b,https://mooreburkina.com/sites/www.mooreburkina.com/files/media_stream/encodings/video_download_mp4_150/1052-.mp4,video,.mp4,fulfulde;moore,,other,https://mooreburkina.com/fr/fulfulde/vid%C3%A9os-en-diaporama-fulfulde,Vidéos en diaporama fulfulde | Mooré Burkina Faso,mp4 (150px),a,,,,
9063f115d7f590fb,https://mooreburkina.com/sites/www.mooreburkina.com/files/media_stream/encodings/video_download_mp4_150/1055-.mp4,video,.mp4,fulfulde;moore,,other,https://mooreburkina.com/fr/fulfulde/vid%C3%A9os-en-diaporama-fulfulde,Vidéos en diaporama fulfulde | Mooré Burkina Faso,mp4 (150px),a,,,,
47028644f0e1ed31,https://mooreburkina.com/sites/www.mooreburkina.com/files/media_stream/encodings/video_download_mp4_150/1058-.mp4,video,.mp4,fulfulde;moore,,other,https://mooreburkina.com/fr/fulfulde/vid%C3%A9os-en-diaporama-fulfulde,Vidéos en diaporama fulfulde | Mooré Burkina Faso,mp4 (150px),a,,,,
530ec76ce52b502a,https://mooreburkina.com/sites/www.mooreburkina.com/files/media_stream/encodings/video_download_mp4_150/593-.mp4,video,.mp4,fulfulde;moore,,other,https://mooreburkina.com/fr/fulfulde,Fulfulde | Mooré Burkina Faso,mp4 (150px),a,,,,
4b716bd48901cb9f,https://mooreburkina.com/sites/www.mooreburkina.com/files/media_stream/encodings/video_download_mp4_150/971-.mp4,video,.mp4,fulfulde;moore,,other,https://mooreburkina.com/fr/fulfulde/vid%C3%A9os-en-diaporama-fulfulde,Vidéos en diaporama fulfulde | Mooré Burkina Faso,mp4 (150px),a,,,,
23ad9e902de9d32a,https://mooreburkina.com/sites/www.mooreburkina.com/files/media_stream/encodings/video_download_mp4_150/974-.mp4,video,.mp4,fulfulde;moore,,other,https://mooreburkina.com/fr/fulfulde/vid%C3%A9os-en-diaporama-fulfulde,Vidéos en diaporama fulfulde | Mooré Burkina Faso,mp4 (150px),a,,,,
dfa60ec8d782c0db,https://mooreburkina.com/sites/www.mooreburkina.com/files/media_stream/encodings/video_download_mp4_150/977-.mp4,video,.mp4,fulfulde;moore,,other,https://mooreburkina.com/fr/fulfulde/vid%C3%A9os-en-diaporama-fulfulde,Vidéos en diaporama fulfulde | Mooré Burkina Faso,mp4 (150px),a,,,,
a01f0ed4a4f6031a,https://mooreburkina.com/sites/www.mooreburkina.com/files/media_stream/encodings/video_download_mp4_150/980-.mp4,video,.mp4,fulfulde;moore,,other,https://mooreburkina.com/fr/fulfulde/vid%C3%A9os-en-diaporama-fulfulde,Vidéos en diaporama fulfulde | Mooré Burkina Faso,mp4 (150px),a,,,,
356fdb57cf42abd1,https://mooreburkina.com/sites/www.mooreburkina.com/files/media_stream/encodings/video_download_mp4_480/1037-.mp4,video,.mp4,fulfulde;moore,,other,https://mooreburkina.com/fr/fulfulde/vid%C3%A9os-en-diaporama-fulfulde,Vidéos en diaporama fulfulde | Mooré Burkina Faso,mp4 (480px),a,,,,
2026f1c95cb04668,https://mooreburkina.com/sites/www.mooreburkina.com/files/media_stream/encodings/video_download_mp4_480/1040-.mp4,video,.mp4,fulfulde;moore,,other,https://mooreburkina.com/fr/fulfulde/vid%C3%A9os-en-diaporama-fulfulde,Vidéos en diaporama fulfulde | Mooré Burkina Faso,mp4 (480px),a,,,,
f1b73ea9bf0d725e,https://mooreburkina.com/sites/www.mooreburkina.com/files/media_stream/encodings/video_download_mp4_480/1043-.mp4,video,.mp4,fulfulde;moore,,other,https://mooreburkina.com/fr/fulfulde/vid%C3%A9os-en-diaporama-fulfulde,Vidéos en diaporama fulfulde | Mooré Burkina Faso,mp4 (480px),a,,,,
c3ff0c85ba913c35,https://mooreburkina.com/sites/www.mooreburkina.com/files/media_stream/encodings/video_download_mp4_480/1046-.mp4,video,.mp4,fulfulde;moore,,other,https://mooreburkina.com/fr/fulfulde/vid%C3%A9os-en-diaporama-fulfulde,Vidéos en diaporama fulfulde | Mooré Burkina Faso,mp4 (480px),a,,,,
6d5b863dee3bec1f,https://mooreburkina.com/sites/www.mooreburkina.com/files/media_stream/encodings/video_download_mp4_480/1049-.mp4,video,.mp4,fulfulde;moore,,other,https://mooreburkina.com/fr/fulfulde/vid%C3%A9os-en-diaporama-fulfulde,Vidéos en diaporama fulfulde | Mooré Burkina Faso,mp4 (480px),a,,,,
5ebf8caaf884194a,https://mooreburkina.com/sites/www.mooreburkina.com/files/media_stream/encodings/video_download_mp4_480/1052-.mp4,video,.mp4,fulfulde;moore,,other,https://mooreburkina.com/fr/fulfulde/vid%C3%A9os-en-diaporama-fulfulde,Vidéos en diaporama fulfulde | Mooré Burkina Faso,mp4 (480px),a,,,,
e32c8d7d04540a45,https://mooreburkina.com/sites/www.mooreburkina.com/files/media_stream/encodings/video_download_mp4_480/1055-.mp4,video,.mp4,fulfulde;moore,,other,https://mooreburkina.com/fr/fulfulde/vid%C3%A9os-en-diaporama-fulfulde,Vidéos en diaporama fulfulde | Mooré Burkina Faso,mp4 (480px),a,,,,
e48a24f70ce9eae8,https://mooreburkina.com/sites/www.mooreburkina.com/files/media_stream/encodings/video_download_mp4_480/1058-.mp4,video,.mp4,fulfulde;moore,,other,https://mooreburkina.com/fr/fulfulde/vid%C3%A9os-en-diaporama-fulfulde,Vidéos en diaporama fulfulde | Mooré Burkina Faso,mp4 (480px),a,,,,
27a233e3830e3618,https://mooreburkina.com/sites/www.mooreburkina.com/files/media_stream/encodings/video_download_mp4_480/971-.mp4,video,.mp4,fulfulde;moore,,other,https://mooreburkina.com/fr/fulfulde/vid%C3%A9os-en-diaporama-fulfulde,Vidéos en diaporama fulfulde | Mooré Burkina Faso,mp4 (480px),a,,,,
43166277816a5f81,https://mooreburkina.com/sites/www.mooreburkina.com/files/media_stream/encodings/video_download_mp4_480/974-.mp4,video,.mp4,fulfulde;moore,,other,https://mooreburkina.com/fr/fulfulde/vid%C3%A9os-en-diaporama-fulfulde,Vidéos en diaporama fulfulde | Mooré Burkina Faso,mp4 (480px),a,,,,
72c41bca10836b0c,https://mooreburkina.com/sites/www.mooreburkina.com/files/media_stream/encodings/video_download_mp4_480/977-.mp4,video,.mp4,fulfulde;moore,,other,https://mooreburkina.com/fr/fulfulde/vid%C3%A9os-en-diaporama-fulfulde,Vidéos en diaporama fulfulde | Mooré Burkina Faso,mp4 (480px),a,,,,
6a9d62d739713fe7,https://mooreburkina.com/sites/www.mooreburkina.com/files/media_stream/encodings/video_download_mp4_480/980-.mp4,video,.mp4,fulfulde;moore,,other,https://mooreburkina.com/fr/fulfulde/vid%C3%A9os-en-diaporama-fulfulde,Vidéos en diaporama fulfulde | Mooré Burkina Faso,mp4 (480px),a,,,,
8dca1e56b95c6770,https://mooreburkina.com/sites/www.mooreburkina.com/files/media_stream/encodings/video_download_mp4_orig_qual/1037-.mp4,video,.mp4,fulfulde;moore,,other,https://mooreburkina.com/fr/fulfulde/vid%C3%A9os-en-diaporama-fulfulde,Vidéos en diaporama fulfulde | Mooré Burkina Faso,mp4 (taille originale),a,,,,
e9a266340853ad92,https://mooreburkina.com/sites/www.mooreburkina.com/files/media_stream/encodings/video_download_mp4_orig_qual/1040-.mp4,video,.mp4,fulfulde;moore,,other,https://mooreburkina.com/fr/fulfulde/vid%C3%A9os-en-diaporama-fulfulde,Vidéos en diaporama fulfulde | Mooré Burkina Faso,mp4 (taille originale),a,,,,
5608e4c16020c543,https://mooreburkina.com/sites/www.mooreburkina.com/files/media_stream/encodings/video_download_mp4_orig_qual/1043-.mp4,video,.mp4,fulfulde;moore,,other,https://mooreburkina.com/fr/fulfulde/vid%C3%A9os-en-diaporama-fulfulde,Vidéos en diaporama fulfulde | Mooré Burkina Faso,mp4 (taille originale),a,,,,
bdb25d108ae8efd0,https://mooreburkina.com/sites/www.mooreburkina.com/files/media_stream/encodings/video_download_mp4_orig_qual/1046-.mp4,video,.mp4,fulfulde;moore,,other,https://mooreburkina.com/fr/fulfulde/vid%C3%A9os-en-diaporama-fulfulde,Vidéos en diaporama fulfulde | Mooré Burkina Faso,mp4 (taille originale),a,,,,
7ac75e1a213fb955,https://mooreburkina.com/sites/www.mooreburkina.com/files/media_stream/encodings/video_download_mp4_orig_qual/1049-.mp4,video,.mp4,fulfulde;moore,,other,https://mooreburkina.com/fr/fulfulde/vid%C3%A9os-en-diaporama-fulfulde,Vidéos en diaporama fulfulde | Mooré Burkina Faso,mp4 (taille originale),a,,,,
a2ca6a51109ecaa9,https://mooreburkina.com/sites/www.mooreburkina.com/files/media_stream/encodings/video_download_mp4_orig_qual/1052-.mp4,video,.mp4,fulfulde;moore,,other,https://mooreburkina.com/fr/fulfulde/vid%C3%A9os-en-diaporama-fulfulde,Vidéos en diaporama fulfulde | Mooré Burkina Faso,mp4 (taille originale),a,,,,
da0e565cd185442d,https://mooreburkina.com/sites/www.mooreburkina.com/files/media_stream/encodings/video_download_mp4_orig_qual/1055-.mp4,video,.mp4,fulfulde;moore,,other,https://mooreburkina.com/fr/fulfulde/vid%C3%A9os-en-diaporama-fulfulde,Vidéos en diaporama fulfulde | Mooré Burkina Faso,mp4 (taille originale),a,,,,
a3020629b96fc1e1,https://mooreburkina.com/sites/www.mooreburkina.com/files/media_stream/encodings/video_download_mp4_orig_qual/1058-.mp4,video,.mp4,fulfulde;moore,,other,https://mooreburkina.com/fr/fulfulde/vid%C3%A9os-en-diaporama-fulfulde,Vidéos en diaporama fulfulde | Mooré Burkina Faso,mp4 (taille originale),a,,,,
5188c1141bf53086,https://mooreburkina.com/sites/www.mooreburkina.com/files/media_stream/encodings/video_download_mp4_orig_qual/593-.mp4,video,.mp4,fulfulde;moore,,other,https://mooreburkina.com/fr/fulfulde,Fulfulde | Mooré Burkina Faso,mp4 (taille originale),a,,,,
d766803ef0e00a7e,https://mooreburkina.com/sites/www.mooreburkina.com/files/media_stream/encodings/video_download_mp4_orig_qual/971-.mp4,video,.mp4,fulfulde;moore,,other,https://mooreburkina.com/fr/fulfulde/vid%C3%A9os-en-diaporama-fulfulde,Vidéos en diaporama fulfulde | Mooré Burkina Faso,mp4 (taille originale),a,,,,
f00e5f28fab50368,https://mooreburkina.com/sites/www.mooreburkina.com/files/media_stream/encodings/video_download_mp4_orig_qual/974-.mp4,video,.mp4,fulfulde;moore,,other,https://mooreburkina.com/fr/fulfulde/vid%C3%A9os-en-diaporama-fulfulde,Vidéos en diaporama fulfulde | Mooré Burkina Faso,mp4 (taille originale),a,,,,
92d7a20300b40935,https://mooreburkina.com/sites/www.mooreburkina.com/files/media_stream/encodings/video_download_mp4_orig_qual/977-.mp4,video,.mp4,fulfulde;moore,,other,https://mooreburkina.com/fr/fulfulde/vid%C3%A9os-en-diaporama-fulfulde,Vidéos en diaporama fulfulde | Mooré Burkina Faso,mp4 (taille originale),a,,,,
0988e60da526e19f,https://mooreburkina.com/sites/www.mooreburkina.com/files/media_stream/encodings/video_download_mp4_orig_qual/980-.mp4,video,.mp4,fulfulde;moore,,other,https://mooreburkina.com/fr/fulfulde/vid%C3%A9os-en-diaporama-fulfulde,Vidéos en diaporama fulfulde | Mooré Burkina Faso,mp4 (taille originale),a,,,,
088f6b1bfdf66ede,https://mooreburkina.com/fr/media/oembed?url=https%3A//www.youtube.com/watch%3Fv%3D21VTna5dfmg&max_width=0&max_height=0&hash=o20puKPqGDeZMxR1wAdKLIPH-R_3XQRwDXfyExEAbH0,video_or_embed,,fulfulde;moore,,music,https://mooreburkina.com/fr/fulfulde/youtube-chants-fulfulde,Chants fulfulde sur Youtube | Mooré Burkina Faso,fulfude medley by celestial chorus choir catholic university parish buea,iframe,,,,
8ea3fc51cbee0305,https://mooreburkina.com/fr/media/oembed?url=https%3A//www.youtube.com/watch%3Fv%3D3kV7l4NsE6A&max_width=0&max_height=0&hash=OVOB2cJX7S6Tb8nEmHMT9KA2jGH1OtRRG6sNojt1rXs,video_or_embed,,fulfulde;moore,,religious,https://mooreburkina.com/fr/fulfulde/chants-jam-tan-youtube,Chants Jam Tan YouTube | Mooré Burkina Faso,IISAA JOMIRAADO - Lord Jesus - by Jam Tan,iframe,,,,
1382ba17594160c8,https://mooreburkina.com/fr/media/oembed?url=https%3A//www.youtube.com/watch%3Fv%3D4_5Z54cX0Ec&max_width=0&max_height=0&hash=TLEVrWOo2zHgpRseNe1Iv_grI5aEObHhUjVPv0G8Sv8,video_or_embed,,fulfulde;moore,,music,https://mooreburkina.com/fr/fulfulde/chants-jam-tan-youtube,Chants Jam Tan YouTube | Mooré Burkina Faso,NYALAANDE NA WARA - The day is coming - by Jam Tan,iframe,,,,
6df60a089401b543,https://mooreburkina.com/fr/media/oembed?url=https%3A//www.youtube.com/watch%3Fv%3D5hbuWHI0KdM&max_width=0&max_height=0&hash=ojRAiyfzHbbO7b7SCreugaDF-sGjf6BL5amiGdTzZSQ,video_or_embed,,fulfulde;moore,,music,https://mooreburkina.com/fr/fulfulde/chants-jam-tan-youtube,Chants Jam Tan YouTube | Mooré Burkina Faso,LAAMDO YIDI YIMBE FUU - God loves everyone - by Jam Tan,iframe,,,,
12900c0faeae16fd,https://mooreburkina.com/fr/media/oembed?url=https%3A//www.youtube.com/watch%3Fv%3D6GrbRC0e3Es&max_width=0&max_height=0&hash=zDpUse1sLBoniS3ZsTCrLEuS8w7M0-j8QhW9LXt3CWw,video_or_embed,,fulfulde;moore,,music,https://mooreburkina.com/fr/fulfulde/chants-jam-tan-youtube,Chants Jam Tan YouTube | Mooré Burkina Faso,"MUNKARU NJAAFO DON - Instrumental ""Forgive"" - by Jam Tan",iframe,,,,
95463af397d040c0,https://mooreburkina.com/fr/media/oembed?url=https%3A//www.youtube.com/watch%3Fv%3D95RTwqa6k-4&max_width=0&max_height=0&hash=Ki6LVv4M0RxRIvCOisNg4pUfCjoRMmU4LULayfa_bG0,video_or_embed,,fulfulde;moore,,music,https://mooreburkina.com/fr/fulfulde/chants-jam-tan-youtube,Chants Jam Tan YouTube | Mooré Burkina Faso,GOMBUGU - by Jam Tan,iframe,,,,
46ac83112f2a7beb,https://mooreburkina.com/fr/media/oembed?url=https%3A//www.youtube.com/watch%3Fv%3D9QegT6TZkPk&max_width=0&max_height=0&hash=AK-rNU6a_QDBBHae_qQ0mGw4j7s-EAsCU1aNSenRuVE,video_or_embed,,fulfulde;moore,,music,https://mooreburkina.com/fr/fulfulde/youtube-chants-fulfulde,Chants fulfulde sur Youtube | Mooré Burkina Faso,Chanteuses peul - Best Of Musique Peul,iframe,,,,
0ba8c66b8b35b426,https://mooreburkina.com/fr/media/oembed?url=https%3A//www.youtube.com/watch%3Fv%3DBVMMaCNKvJ8&max_width=0&max_height=0&hash=_TX5tyTF9NzooNCMw7jPNxWJCwywH2gebk3GBXY4Enk,video_or_embed,,fulfulde;moore,,music,https://mooreburkina.com/fr/fulfulde/chants-jam-tan-youtube,Chants Jam Tan YouTube | Mooré Burkina Faso,TAA SEYORA DOYYERE - Do not rejoice when your enemy falls - by Jam Tan,iframe,,,,
7ce072eb14172ce6,https://mooreburkina.com/fr/media/oembed?url=https%3A//www.youtube.com/watch%3Fv%3DF0xqbsSERTA&max_width=0&max_height=0&hash=FyMGG09efRpsZ5Z7CtTVhXLwExlxGwVeyJDVLGse8AA,video_or_embed,,fulfulde;moore,,music,https://mooreburkina.com/fr/fulfulde/youtube-chants-fulfulde,Chants fulfulde sur Youtube | Mooré Burkina Faso,Lobo Dicko - Mon Cheri,iframe,,,,
6c2954de947194e1,https://mooreburkina.com/fr/media/oembed?url=https%3A//www.youtube.com/watch%3Fv%3DK1JdKskKJzg&max_width=0&max_height=0&hash=L9rjiwVtDpfDbw6upSbx54MX6wf3e32blYlenhkh0KQ,video_or_embed,,fulfulde;moore,,music,https://mooreburkina.com/fr/fulfulde/chants-jam-tan-youtube,Chants Jam Tan YouTube | Mooré Burkina Faso,NGARE CEYEE - Come and rejoice - by Jam Tan,iframe,,,,
e84b7d8f7ae2f2a9,https://mooreburkina.com/fr/media/oembed?url=https%3A//www.youtube.com/watch%3Fv%3DNTa5Qn9MBx4&max_width=0&max_height=0&hash=ltCS6tIhTOvUJxBXKRLYx1hPPn2oygcDKhX2x-eHquY,video_or_embed,,fulfulde;moore,,music,https://mooreburkina.com/fr/fulfulde/youtube-chants-fulfulde,Chants fulfulde sur Youtube | Mooré Burkina Faso,Dicko Fils clip KIRI,iframe,,,,
5e6dde81e69eecbf,https://mooreburkina.com/fr/media/oembed?url=https%3A//www.youtube.com/watch%3Fv%3DPielK1SlYyk&max_width=0&max_height=0&hash=b15uiIhKEEdGBAgStcoKl3dt_n-AtqHn0n4caG5wHmw,video_or_embed,,fulfulde;moore,,music,https://mooreburkina.com/fr/fulfulde/chants-jam-tan-youtube,Chants Jam Tan YouTube | Mooré Burkina Faso,YANGAAWO - by Jam Tan,iframe,,,,
43ebda86ef7166fe,https://mooreburkina.com/fr/media/oembed?url=https%3A//www.youtube.com/watch%3Fv%3DR4PM07lf2rA&max_width=0&max_height=0&hash=-kbkl3aY8IHHSVmmFNHcncX2-gHGI9MhJv9jWHOxwYQ,video_or_embed,,fulfulde;moore,,music,https://mooreburkina.com/fr/fulfulde/youtube-chants-fulfulde,Chants fulfulde sur Youtube | Mooré Burkina Faso,Fulfude Burkina,iframe,,,,
442de81559140b13,https://mooreburkina.com/fr/media/oembed?url=https%3A//www.youtube.com/watch%3Fv%3DRaL45jt5_3o&max_width=0&max_height=0&hash=ocahHePF94T13YmzOx9h_nrG1Nor9rj4S_nxTGgurMg,video_or_embed,,fulfulde;moore,,music,https://mooreburkina.com/fr/fulfulde/chants-jam-tan-youtube,Chants Jam Tan YouTube | Mooré Burkina Faso,MI YIMANAN MO - By Jam Tan,iframe,,,,
24cb94fca310a986,https://mooreburkina.com/fr/media/oembed?url=https%3A//www.youtube.com/watch%3Fv%3DRrwTCOSuG28&max_width=0&max_height=0&hash=g_dOEwxaGcjYJAi3oxm_XS8XotC2fWifIhv4_d1CHjg,video_or_embed,,fulfulde;moore,,music,https://mooreburkina.com/fr/fulfulde/chants-jam-tan-youtube,Chants Jam Tan YouTube | Mooré Burkina Faso,"MI YIDI HAALA MA - I love your Word, there is no one like You - by Jam Tan",iframe,,,,
71c1570107ac713f,https://mooreburkina.com/fr/media/oembed?url=https%3A//www.youtube.com/watch%3Fv%3DSWBjVOnpUII&max_width=0&max_height=0&hash=1kHcg5f2Uwg69-Ip1Okvizr3necMRmHr7yViSyNx5NA,video_or_embed,,fulfulde;moore,,religious,https://mooreburkina.com/fr/fulfulde/chants-jam-tan-youtube,Chants Jam Tan YouTube | Mooré Burkina Faso,"NJIDDO DADDE WARA NGOONDINA - Whoever wants to be saved, must believe in Jesus The Savior - Jam Tan",iframe,,,,
736d370af42cb816,https://mooreburkina.com/fr/media/oembed?url=https%3A//www.youtube.com/watch%3Fv%3DT_tNgwwQkwY&max_width=0&max_height=0&hash=dcPsIfsQ7xeivEoCad2ONzcMztHkr4_IL7rcivdw2e8,video_or_embed,,fulfulde;moore,,music,https://mooreburkina.com/fr/fulfulde/chants-jam-tan-youtube,Chants Jam Tan YouTube | Mooré Burkina Faso,MIDO YIDI YEESU,iframe,,,,
4784b4b9cb08c7da,https://mooreburkina.com/fr/media/oembed?url=https%3A//www.youtube.com/watch%3Fv%3DW0OuLCQRQT0&max_width=0&max_height=0&hash=OLaT1JvYS7JtEMHNmwHbKl45meXZNyUhv_bswjbAL-8,video_or_embed,,fulfulde;moore,,music,https://mooreburkina.com/fr/fulfulde/chants-jam-tan-youtube,Chants Jam Tan YouTube | Mooré Burkina Faso,JOOMIRADO - The Lord is my Shepherd - By Jam Tam,iframe,,,,
79eed14548a63e7a,https://mooreburkina.com/fr/media/oembed?url=https%3A//www.youtube.com/watch%3Fv%3DW8KoQgodnwg&max_width=0&max_height=0&hash=djNP54XIvmJD9Yo-NhUrzaiVKqFbmHayL0qstpfs2Mc,video_or_embed,,fulfulde;moore,,music,https://mooreburkina.com/fr/fulfulde/chants-jam-tan-youtube,Chants Jam Tan YouTube | Mooré Burkina Faso,RAWNI NA YIDI MA - Rani loves you - by Jam Tan,iframe,,,,
6cc19012e8d389cd,https://mooreburkina.com/fr/media/oembed?url=https%3A//www.youtube.com/watch%3Fv%3DWvNiqIkBwqI&max_width=0&max_height=0&hash=e0jOhQn8laMAnO8Tdbp3G75p6hgOvB9MYe4Mj1frVBc,video_or_embed,,fulfulde;moore,,music,https://mooreburkina.com/fr/fulfulde/youtube-chants-fulfulde,Chants fulfulde sur Youtube | Mooré Burkina Faso,Musque Peulh HAUTE VOLTA (BURKINA FASO),iframe,,,,
a51726eb34f3fc9e,https://mooreburkina.com/fr/media/oembed?url=https%3A//www.youtube.com/watch%3Fv%3DeezcqazBVtk&max_width=0&max_height=0&hash=uiOTcdolzrS8OVpaE6UShEeLDzl1jcFLwdp-gAVVmis,video_or_embed,,fulfulde;moore,,music,https://mooreburkina.com/fr/fulfulde/chants-jam-tan-youtube,Chants Jam Tan YouTube | Mooré Burkina Faso,SI ON NGONDI E IISAA - If you remain in Christ and He remain in you will bear much fruit -by Jam Tan,iframe,,,,
ff8042e9c902781d,https://mooreburkina.com/fr/media/oembed?url=https%3A//www.youtube.com/watch%3Fv%3DmGoHyBj6TkQ&max_width=0&max_height=0&hash=JtiH0WOSCDvzUVuUOAmeeh-2T058pv_GMVZ8iDkS7nQ,video_or_embed,,fulfulde;moore,,music,https://mooreburkina.com/fr/fulfulde/chants-jam-tan-youtube,Chants Jam Tan YouTube | Mooré Burkina Faso,CAWRE MUNYE - Persevere in patience - by Jam Tan,iframe,,,,
914d302a9c2f8393,https://mooreburkina.com/fr/media/oembed?url=https%3A//www.youtube.com/watch%3Fv%3DnFJrQ375K5U&max_width=0&max_height=0&hash=Do5Qy3XDc2VvKuLORtOOJD3uTUHavoseoZ0iCFxTR4U,video_or_embed,,fulfulde;moore,,religious,https://mooreburkina.com/fr/fulfulde/chants-jam-tan-youtube,Chants Jam Tan YouTube | Mooré Burkina Faso,"AA IISAA WALAA HONO - Ah, there is no one like Jesus - by Jam Tan",iframe,,,,
ed203b3fb45f699e,https://mooreburkina.com/fr/media/oembed?url=https%3A//www.youtube.com/watch%3Fv%3Dq94TCnaWjN4&max_width=0&max_height=0&hash=MeLzJFNx9soJkT_oMFJ6TZl7nviGPQWkcAReRRnH9Ug,video_or_embed,,fulfulde;moore,,music,https://mooreburkina.com/fr/fulfulde/youtube-chants-fulfulde,Chants fulfulde sur Youtube | Mooré Burkina Faso,Fulani music video - Love that Never Ends,iframe,,,,
f70477382cb77abc,https://mooreburkina.com/fr/media/oembed?url=https%3A//www.youtube.com/watch%3Fv%3DqAdQfYQ22KQ&max_width=0&max_height=0&hash=38mL6ngeuL6IROTdKsA3ep1SVcPTsuSqJs44aqg9FEU,video_or_embed,,fulfulde;moore,,music,https://mooreburkina.com/fr/fulfulde/chants-jam-tan-youtube,Chants Jam Tan YouTube | Mooré Burkina Faso,SO RUUHU ALLAH NA WONI E AM - When The Holy Spirit is in me - by Jam Tan,iframe,,,,
701ca56fe25c1bed,https://mooreburkina.com/fr/media/oembed?url=https%3A//www.youtube.com/watch%3Fv%3Dt0XjiyLLS_k&max_width=0&max_height=0&hash=lmz1p8LKuiRodkFRik0QE0AQ9BRi314XHzaV2Rqujm4,video_or_embed,,fulfulde;moore,,music,https://mooreburkina.com/fr/fulfulde/chants-jam-tan-youtube,Chants Jam Tan YouTube | Mooré Burkina Faso,NOODIIMA NGARA - He is calling you - Jam Tan,iframe,,,,
ea7b15f2d30d62ab,https://mooreburkina.com/fr/media/oembed?url=https%3A//www.youtube.com/watch%3Fv%3DvHJW85csJ2s&max_width=0&max_height=0&hash=eSgX4XDmtVOtcFTZqWtxvraLrAWW94oFGTqOfn8T-A4,video_or_embed,,fulfulde;moore,,religious,https://mooreburkina.com/fr/fulfulde/chants-jam-tan-youtube,Chants Jam Tan YouTube | Mooré Burkina Faso,IISAA NA WARA FA HOOYA EN - Jesus is coming to take us - by Jam Tan,iframe,,,,
990ce8ca620fa073,https://mooreburkina.com/fr/media/oembed?url=https%3A//www.youtube.com/watch%3Fv%3DwDdpJud5pA4&max_width=0&max_height=0&hash=2wPOK8zQ9IT0yWtXoo2mVRFJvcxsI2k8FI9VyhxLBMU,video_or_embed,,fulfulde;moore,,music,https://mooreburkina.com/fr/fulfulde/chants-jam-tan-youtube,Chants Jam Tan YouTube | Mooré Burkina Faso,SUKA MAJJUDO - The lost child - by Jam Tan,iframe,,,,
a5b36c501361beb4,https://mooreburkina.com/fr/media/oembed?url=https%3A//www.youtube.com/watch%3Fv%3DwV_Wx3KdoO4&max_width=0&max_height=0&hash=OyvFdvR2hkz3oSatCkno8Ny6csJTXLzBXDM1EXiJZ7c,video_or_embed,,fulfulde;moore,,music,https://mooreburkina.com/fr/fulfulde/youtube-chants-fulfulde,Chants fulfulde sur Youtube | Mooré Burkina Faso,Lobo Dicko - Poulaco,iframe,,,,
ce2042f5ede641a8,https://mooreburkina.com/libraries/pdfjs-dist-viewer-min/build/minified/web/viewer.html?file=https%3A%2F%2Fmooreburkina.com%2Fsites%2Fwww.mooreburkina.com%2Ffiles%2Fpdf-files%2F1%2520Fulfulde%2520Lexique%2520Elev%2520et%2520Agric.pdf,video_or_embed,,fulfulde;moore,fulfulde_gurmaare;fulfulde_jelgoore;fulfulde_moosiire;fulfulde_yaagaare,dictionary,https://mooreburkina.com/fr/fulfulde/documents-pdf-fulfulde,Documents pdf Fulfulde | Mooré Burkina Faso,1 Fulfulde Lexique Elev et Agric.pdf,iframe,,,,
5a908214270a7ee3,https://mooreburkina.com/libraries/pdfjs-dist-viewer-min/build/minified/web/viewer.html?file=https%3A%2F%2Fmooreburkina.com%2Fsites%2Fwww.mooreburkina.com%2Ffiles%2Fpdf-files%2FAlphabet%2520Fulfulde%2520PDF.pdf,video_or_embed,,fulfulde;moore,fulfulde_gurmaare;fulfulde_jelgoore;fulfulde_moosiire;fulfulde_yaagaare,orthography,https://mooreburkina.com/fr/fulfulde;https://mooreburkina.com/fr/fulfulde/documents-pdf-fulfulde,Documents pdf Fulfulde | Mooré Burkina Faso,Alphabet Fulfulde PDF.pdf,iframe,,,,
e52825f43a9efc6e,https://mooreburkina.com/libraries/pdfjs-dist-viewer-min/build/minified/web/viewer.html?file=https%3A%2F%2Fmooreburkina.com%2Fsites%2Fwww.mooreburkina.com%2Ffiles%2Fpdf-files%2FApplis%2520en%2520fulfulde.pdf,video_or_embed,,fulfulde;moore,,app,https://mooreburkina.com/fr/fulfulde,Fulfulde | Mooré Burkina Faso,Applis en fulfulde.pdf,iframe,,,,
9b7d812f722dfa7f,https://mooreburkina.com/libraries/pdfjs-dist-viewer-min/build/minified/web/viewer.html?file=https%3A%2F%2Fmooreburkina.com%2Fsites%2Fwww.mooreburkina.com%2Ffiles%2Fpdf-files%2FApps%2520pour%2520Fulfulde%25202023.pdf,video_or_embed,,fulfulde;moore,fulfulde_gurmaare;fulfulde_jelgoore;fulfulde_moosiire;fulfulde_yaagaare,book_document,https://mooreburkina.com/fr/fulfulde/documents-pdf-fulfulde,Documents pdf Fulfulde | Mooré Burkina Faso,Apps pour Fulfulde 2023.pdf,iframe,,,,
167ad275070c5ccc,https://mooreburkina.com/libraries/pdfjs-dist-viewer-min/build/minified/web/viewer.html?file=https%3A%2F%2Fmooreburkina.com%2Fsites%2Fwww.mooreburkina.com%2Ffiles%2Fpdf-files%2FFulfulde%2520apps%2520Play%2520Store%2520et%2520App%2520Store.pdf,video_or_embed,,fulfulde;moore,fulfulde_gurmaare;fulfulde_jelgoore;fulfulde_moosiire;fulfulde_yaagaare,app,https://mooreburkina.com/fr/fulfulde;https://mooreburkina.com/fr/fulfulde/documents-pdf-fulfulde,Documents pdf Fulfulde | Mooré Burkina Faso,Fulfulde apps Play Store et App Store.pdf,iframe,,,,
06f359c671a5fb26,https://mooreburkina.com/libraries/pdfjs-dist-viewer-min/build/minified/web/viewer.html?file=https%3A%2F%2Fmooreburkina.com%2Fsites%2Fwww.mooreburkina.com%2Ffiles%2Fpdf-files%2FGurmaare%2520Language%2520Learning%2520lessons.pdf,video_or_embed,,fulfulde;moore,fulfulde_gurmaare,orthography,https://mooreburkina.com/fr/fulfulde/documents-pdf-fulfulde,Documents pdf Fulfulde | Mooré Burkina Faso,Gurmaare Language Learning lessons.pdf,iframe,,,,
d7511fa01f47a5a4,https://mooreburkina.com/libraries/pdfjs-dist-viewer-min/build/minified/web/viewer.html?file=https%3A%2F%2Fmooreburkina.com%2Fsites%2Fwww.mooreburkina.com%2Ffiles%2Fpdf-files%2FJelgoore%2520Language%2520Learning%2520lessons.pdf,video_or_embed,,fulfulde;moore,fulfulde_jelgoore,orthography,https://mooreburkina.com/fr/fulfulde/documents-pdf-fulfulde,Documents pdf Fulfulde | Mooré Burkina Faso,Jelgoore Language Learning lessons.pdf,iframe,,,,
24b5b24533603e07,https://mooreburkina.com/libraries/pdfjs-dist-viewer-min/build/minified/web/viewer.html?file=https%3A%2F%2Fmooreburkina.com%2Fsites%2Fwww.mooreburkina.com%2Ffiles%2Fpdf-files%2FMoosiire%2520Language%2520Learning%2520lessons.pdf,video_or_embed,,fulfulde;moore,fulfulde_moosiire,orthography,https://mooreburkina.com/fr/fulfulde/documents-pdf-fulfulde,Documents pdf Fulfulde | Mooré Burkina Faso,Moosiire Language Learning lessons.pdf,iframe,,,,
09a6f3d58a77bdad,https://mooreburkina.com/libraries/pdfjs-dist-viewer-min/build/minified/web/viewer.html?file=https%3A%2F%2Fmooreburkina.com%2Fsites%2Fwww.mooreburkina.com%2Ffiles%2Fpdf-files%2FYaagaare%2520Language%2520Learning%2520lessons.pdf,video_or_embed,,fulfulde;moore,fulfulde_yaagaare,orthography,https://mooreburkina.com/fr/fulfulde/documents-pdf-fulfulde,Documents pdf Fulfulde | Mooré Burkina Faso,Yaagaare Language Learning lessons.pdf,iframe,,,,
0607af2327fd1a17,https://media.ipsapps.org/fuh/ora/co2/,external_interactive,,fulfulde;moore;san,,folktale,https://mooreburkina.com/fr/36-contes-fulfulde-sans-audio,37 contes fulfulde (sans audio) | Mooré Burkina Faso,,iframe,media.ipsapps.org,,,
d2de864d74bdb8e2,https://media.ipsapps.org/fuh/ora/co3/,external_interactive,,fulfulde;moore;san,,folktale,https://mooreburkina.com/fr/37-contes-fulfulde-sans-audio,36 contes fulfulde | Mooré Burkina Faso,,iframe,media.ipsapps.org,,,
062eedbb0210af17,https://mooreburkina.com/sites/www.mooreburkina.com/files/Dictio%20apk/Gourmanche_Dictionary-1.0.apk?id=com.gourma.dic.burkina&hl=fr,app,.apk,gulimancema;moore,,dictionary,https://mooreburkina.com/fr/dictionnaire-moor%C3%A9/aplications-de-dictionnaires-pour-ordinateur,Applications de dictionnaires | Mooré Burkina Faso,Dictionnaire Gourmanché,a,,,,
f99b1b31658a4863,https://apps.apple.com/us/app/gourmanche-dictionary/id6444834812?platform=iphone,app_store,,gulimancema;moore,,other,https://mooreburkina.com/fr/gulimancema;https://mooreburkina.com/fr/gulimancema/applications-gulmanchema;https://mooreburkina.com/fr/gulimancema/dictionnaire-gulmanchema,Gulimancema | Mooré Burkina Faso,,a,apps.apple.com,,,
fcbe00c25ef9170c,https://apps.apple.com/us/app/gourmanche-proverbes/id1658777918?platform=iphone,app_store,,gulimancema;moore,,other,https://mooreburkina.com/fr/gulimancema;https://mooreburkina.com/fr/gulimancema/applications-gulmanchema,Gulimancema | Mooré Burkina Faso,,a,apps.apple.com,,,
7e7c42af3725cbab,https://play.google.com/store/apps/details?id=com.bonny.prov.gurmance.vol1&hl=fr,app_store,,gulimancema;moore,,other,https://mooreburkina.com/fr/gulimancema;https://mooreburkina.com/fr/gulimancema/applications-gulmanchema,Gulimancema | Mooré Burkina Faso,,a,play.google.com,,,
b7fea3bae600099c,https://play.google.com/store/apps/details?id=com.bonny.prov.gurmance.vol2&hl=fr,app_store,,gulimancema;moore,,other,https://mooreburkina.com/fr/gulimancema;https://mooreburkina.com/fr/gulimancema/applications-gulmanchema,Gulimancema | Mooré Burkina Faso,,a,play.google.com,,,
b4bd51f354fca11f,https://play.google.com/store/apps/details?id=com.gourma.contes.telimi&hl=fr,app_store,,gulimancema;moore,,other,https://mooreburkina.com/fr/gulimancema;https://mooreburkina.com/fr/gulimancema/applications-gulmanchema,Gulimancema | Mooré Burkina Faso,,a,play.google.com,,,
9dde71042754c1a8,https://play.google.com/store/apps/details?id=com.gulimance.contes.vol1&hl=fr,app_store,,gulimancema;moore,,other,https://mooreburkina.com/fr/gulimancema;https://mooreburkina.com/fr/gulimancema/applications-gulmanchema,Gulimancema | Mooré Burkina Faso,,a,play.google.com,,,
01fcdc765d071d2f,https://play.google.com/store/apps/details?id=com.gulimancema.fada.burkina&hl=fr,app_store,,gulimancema;moore,,other,https://mooreburkina.com/fr/gulimancema;https://mooreburkina.com/fr/gulimancema/applications-gulmanchema,Gulimancema | Mooré Burkina Faso,,a,play.google.com,,,
771ebd353a8d35c6,https://play.google.com/store/apps/details?id=com.proverbes.gourma.vol1&hl=fr,app_store,,gulimancema;moore,,other,https://mooreburkina.com/fr/gulimancema;https://mooreburkina.com/fr/gulimancema/applications-gulmanchema,Gulimancema | Mooré Burkina Faso,,a,play.google.com,,,
2fd0fe659f82dd13,https://media.ipsapps.org/gux/ora/prov-v1/,external_interactive,,gulimancema;moore,,app,https://mooreburkina.com/fr/gulimancema/applications-gulmanchema,Applications gulmanchema | Mooré Burkina Faso,,iframe,media.ipsapps.org,,,
a88b53f826d43e1a,https://media.ipsapps.org/gux/ora/prov-v2/,external_interactive,,gulimancema;moore,,app,https://mooreburkina.com/fr/gulimancema/applications-gulmanchema,Applications gulmanchema | Mooré Burkina Faso,,iframe,media.ipsapps.org,,,
c89603eac94f16f0,https://media.ipsapps.org/gux/ora/prov-v3/,external_interactive,,gulimancema;moore,,app,https://mooreburkina.com/fr/gulimancema/applications-gulmanchema,Applications gulmanchema | Mooré Burkina Faso,,iframe,media.ipsapps.org,,,
d3a7d54f49d468ff,https://media.ipsapps.org/gux/ora/vol1/,external_interactive,,gulimancema;moore,,app,https://mooreburkina.com/fr/gulimancema/applications-gulmanchema,Applications gulmanchema | Mooré Burkina Faso,,iframe,media.ipsapps.org,,,
8bb39ea9f0467380,https://media.ipsapps.org/gux/ora/vol2/,external_interactive,,gulimancema;moore,,app,https://mooreburkina.com/fr/gulimancema/applications-gulmanchema,Applications gulmanchema | Mooré Burkina Faso,,iframe,media.ipsapps.org,,,
d2b943c64075b6ac,https://mooreburkina.com/modules/custom/wildfire_dbp/images/luk/luk_0637.webp,image,.webp,gulimancema;moore,,religious,https://mooreburkina.com/fr/gulimancema/evangile-de-luc,Evangile de Luc | Mooré Burkina Faso,,img,,,,
7b8e82eb13d58406,https://mooreburkina.com/modules/custom/wildfire_dbp/images/luk/luk_0711.webp,image,.webp,gulimancema;moore,,religious,https://mooreburkina.com/fr/gulimancema/evangile-de-luc,Evangile de Luc | Mooré Burkina Faso,,img,,,,
0b24ea1d36798196,https://mooreburkina.com/modules/custom/wildfire_dbp/images/luk/luk_0957.webp,image,.webp,gulimancema;moore,,religious,https://mooreburkina.com/fr/gulimancema/evangile-de-luc,Evangile de Luc | Mooré Burkina Faso,,img,,,,
77ef84de1fc22491,https://mooreburkina.com/modules/custom/wildfire_dbp/images/luk/luk_1137.webp,image,.webp,gulimancema;moore,,religious,https://mooreburkina.com/fr/gulimancema/evangile-de-luc,Evangile de Luc | Mooré Burkina Faso,,img,,,,
ef1717b07251e54e,https://mooreburkina.com/modules/custom/wildfire_dbp/images/luk/luk_2027.webp,image,.webp,gulimancema;moore,,religious,https://mooreburkina.com/fr/gulimancema/evangile-de-luc,Evangile de Luc | Mooré Burkina Faso,,img,,,,
9010809ffd073b24,https://mooreburkina.com/sites/www.mooreburkina.com/files/styles/max_750x750/public/2023-12/Banner%20623x150.png.webp?itok=4HJvG-nj,image,.webp,gulimancema;moore,,other,https://mooreburkina.com/fr/gulimancema,Gulimancema | Mooré Burkina Faso,Gourmanche area 1,img,,,,
af4ed41fcdc8f05b,https://mooreburkina.com/sites/www.mooreburkina.com/files/styles/max_750x750/public/2023-12/Banner2%20623x150.png.webp?itok=bALdw_qB,image,.webp,gulimancema;moore,,other,https://mooreburkina.com/fr/gulimancema,Gulimancema | Mooré Burkina Faso,Gourmanche area 2,img,,,,
c750e75a2b6a12a4,https://mooreburkina.com/sites/www.mooreburkina.com/files/styles/max_750x750/public/2023-12/danse%20gourma.jpg.webp?itok=IqKd1OiS,image,.webp,gulimancema;moore,,other,https://mooreburkina.com/;https://mooreburkina.com/fr;https://mooreburkina.com/fr/bienvenu-au-pays-mossi,Mooré Burkina Faso,espace gourma 1,img,,,,
6219490ccd46b784,https://mooreburkina.com/sites/www.mooreburkina.com/files/styles/max_750x750/public/2024-06/Applis%20Gourmanche.jpg.webp?itok=fbDFYKaO,image,.webp,gulimancema;moore,,app,https://mooreburkina.com/fr/gulimancema,Gulimancema | Mooré Burkina Faso,Applis Gourmanche1,img,,,,
3fa6a42d69820809,https://mooreburkina.com/sites/www.mooreburkina.com/files/styles/max_750x750/public/2024-06/Contes%20gulimance%20Play%20Store.jpg.webp?itok=94BxwLNk,image,.webp,gulimancema;moore,,folktale,https://mooreburkina.com/fr/gulimancema,Gulimancema | Mooré Burkina Faso,Contes gulimance Play Store,img,,,,
133f10c0dcedc8c4,https://mooreburkina.com/sites/www.mooreburkina.com/files/styles/max_750x750/public/2024-06/Contes%20gulimance2%20Play%20Store.jpg.webp?itok=4kkCIOEk,image,.webp,gulimancema;moore,,folktale,https://mooreburkina.com/fr/gulimancema,Gulimancema | Mooré Burkina Faso,Contes gulimance2 Play Store,img,,,,
676680656b93cb4f,https://mooreburkina.com/sites/www.mooreburkina.com/files/styles/max_750x750/public/2024-06/Gol%20Prov%20iPhone%20Kalaam.jpg.webp?itok=5S2DUWRm,image,.webp,gulimancema;moore,,other,https://mooreburkina.com/fr/gulimancema,Gulimancema | Mooré Burkina Faso,Gurma Prov iPhone Kalaam,img,,,,
aacaa453b96a5dd7,https://mooreburkina.com/sites/www.mooreburkina.com/files/styles/max_750x750/public/2024-06/Gourma%20Bible%20Plahy%20Store.jpg.webp?itok=cfXwluVJ,image,.webp,gulimancema;moore,,other,https://mooreburkina.com/fr/gulimancema,Gulimancema | Mooré Burkina Faso,Gourma Bible Plahy Store,img,,,,
967b46cd61870221,https://mooreburkina.com/sites/www.mooreburkina.com/files/styles/max_750x750/public/2024-06/Gourma%20proverbes%20Plahy%20Store%20vol%202.jpg.webp?itok=-2kLZKUV,image,.webp,gulimancema;moore,,proverb,https://mooreburkina.com/fr/gulimancema,Gulimancema | Mooré Burkina Faso,Gourma proverbes Play Store vol 2,img,,,,
447ac573b46c60b4,https://mooreburkina.com/sites/www.mooreburkina.com/files/styles/max_750x750/public/2024-06/Gulmancema%20Dictionnaire%20App%20Store%20iPhone.jpg.webp?itok=LPu3pio9,image,.webp,gulimancema;moore,,dictionary,https://mooreburkina.com/fr/gulimancema,Gulimancema | Mooré Burkina Faso,Gulmancema Dictionnaire App Store iPhone,img,,,,
ad0e37e71c271499,https://mooreburkina.com/sites/www.mooreburkina.com/files/styles/max_750x750/public/2024-06/Gulmancema%20Dictionnaire%20Play%20Store.jpg.webp?itok=wRRz2yQ5,image,.webp,gulimancema;moore,,dictionary,https://mooreburkina.com/fr/gulimancema,Gulimancema | Mooré Burkina Faso,Gulmancema Dictionnaire Play Store,img,,,,
663c62aec20c1f64,https://mooreburkina.com/sites/www.mooreburkina.com/files/styles/max_750x750/public/2024-06/gulimancema%20proverbes%20Play%20Store.jpg.webp?itok=VL_jP0-r,image,.webp,gulimancema;moore,,proverb,https://mooreburkina.com/fr/gulimancema,Gulimancema | Mooré Burkina Faso,gulimancema proverbes Play Store,img,,,,
e3a07ea16ecac4dc,https://mooreburkina.com/sites/www.mooreburkina.com/files/styles/max_750x750/public/2024-06/sur%20Plahy%20Store%20vol%201.jpg.webp?itok=n__QaO8U,image,.webp,gulimancema;moore,,proverb,https://mooreburkina.com/fr/gulimancema,Gulimancema | Mooré Burkina Faso,Proverbes Gourma Play Store vol 1,img,,,,
fc00f8363da94edb,https://mooreburkina.com/sites/www.mooreburkina.com/files/styles/max_750x750/public/2024-08/Applis%20Gourmanche.jpg.webp?itok=I5uFzYl2,image,.webp,gulimancema;moore,,app,https://mooreburkina.com/fr/gulimancema/applications-gulmanchema,Applications gulmanchema | Mooré Burkina Faso,Applis Gourmanche,img,,,,
53a54f2b10d8ecdc,https://mooreburkina.com/sites/www.mooreburkina.com/files/styles/max_750x750/public/2024-08/Applis%20gulmance%20iPhone%202024%20jpg.jpg.webp?itok=f0vv2Rfr,image,.webp,gulimancema;moore,,app,https://mooreburkina.com/fr/gulimancema/applications-gulmanchema,Applications gulmanchema | Mooré Burkina Faso,Applis gulmance iPhone 2024,img,,,,
764d9cd7bca4db73,https://mooreburkina.com/sites/www.mooreburkina.com/files/styles/max_750x750/public/2024-08/Applis%20gulmance%20iPhone%20AppStore%202024%20jpg.jpg.webp?itok=pvQ62aPJ,image,.webp,gulimancema;moore,,dictionary,https://mooreburkina.com/fr/gulimancema/applications-gulmanchema,Applications gulmanchema | Mooré Burkina Faso,Dictionnaire gulmance iPhone AppStore,img,,,,
0cfda88149011da5,https://mooreburkina.com/sites/www.mooreburkina.com/files/styles/max_750x750/public/2024-08/Applis%20gulmance%20iPhone%20AppStoreProverbes.jpg.webp?itok=9vY1FXTd,image,.webp,gulimancema;moore,,proverb,https://mooreburkina.com/fr/gulimancema/applications-gulmanchema,Applications gulmanchema | Mooré Burkina Faso,Applis gulmance iPhone AppStoreProverbes,img,,,,
74dd72de0ccd03ed,https://mooreburkina.com/sites/www.mooreburkina.com/files/styles/max_750x750/public/2024-08/Bible%20Gourma%20sur%20Play%20Store.jpg.webp?itok=MzrmGTUw,image,.webp,gulimancema;moore,,app,https://mooreburkina.com/fr/gulimancema/applications-gulmanchema,Applications gulmanchema | Mooré Burkina Faso,Bible Gourma sur Play Store.jpg,img,,,,
fdcc303461e90f6d,https://mooreburkina.com/sites/www.mooreburkina.com/files/styles/max_750x750/public/2024-08/Contes%20gulimance%20Play%20Store.jpg.webp?itok=KNJD-0ab,image,.webp,gulimancema;moore,,folktale,https://mooreburkina.com/fr/gulimancema/applications-gulmanchema,Applications gulmanchema | Mooré Burkina Faso,Contes gulimance Play Store,img,,,,
6beb80afe4d65469,https://mooreburkina.com/sites/www.mooreburkina.com/files/styles/max_750x750/public/2024-08/Contes%20gulimance2%20Play%20Store.jpg.webp?itok=yZx2FvmS,image,.webp,gulimancema;moore,,folktale,https://mooreburkina.com/fr/gulimancema/applications-gulmanchema,Applications gulmanchema | Mooré Burkina Faso,Contes gulimance2 Play Store,img,,,,
80891c182ff6aba9,https://mooreburkina.com/sites/www.mooreburkina.com/files/styles/max_750x750/public/2024-08/Gourma%20proverbes%20Plahy%20Store%20vol%202.jpg.webp?itok=sCkzmkLZ,image,.webp,gulimancema;moore,,proverb,https://mooreburkina.com/fr/gulimancema/applications-gulmanchema,Applications gulmanchema | Mooré Burkina Faso,Gourma proverbes Plahy Store vol 3,img,,,,
ac75cf73dbe1b53d,https://mooreburkina.com/sites/www.mooreburkina.com/files/styles/max_750x750/public/2024-08/Gulmancema%20Dictionnaire%20App%20Store%20iPhone1.jpg.webp?itok=o4pGoCJ3,image,.webp,gulimancema;moore,,dictionary,https://mooreburkina.com/fr/gulimancema/dictionnaire-gulmanchema,Dictionnaire Gulmanchema | Mooré Burkina Faso,Gulmancema Dictionnaire App Store iPhone1,img,,,,
7c03b8f072aa0b83,https://mooreburkina.com/sites/www.mooreburkina.com/files/styles/max_750x750/public/2024-08/Gulmancema%20Dictionnaire%20Play%20Store1.jpg.webp?itok=xHV7iHdg,image,.webp,gulimancema;moore,,dictionary,https://mooreburkina.com/fr/gulimancema/dictionnaire-gulmanchema,Dictionnaire Gulmanchema | Mooré Burkina Faso,Gulmancema Dictionnaire Play Store1,img,,,,
e9d269433e39cce2,https://mooreburkina.com/sites/www.mooreburkina.com/files/styles/max_750x750/public/2024-08/gulimancema%20proverbes%20Play%20Store.jpg.webp?itok=PwE8bB93,image,.webp,gulimancema;moore,,proverb,https://mooreburkina.com/fr/gulimancema/applications-gulmanchema,Applications gulmanchema | Mooré Burkina Faso,gulimancema proverbes Play Store,img,,,,
e155cff2efd10ae6,https://mooreburkina.com/sites/www.mooreburkina.com/files/styles/max_750x750/public/2024-08/sur%20Plahy%20Store%20vol%201.jpg.webp?itok=SizmTAYa,image,.webp,gulimancema;moore,,proverb,https://mooreburkina.com/fr/gulimancema/applications-gulmanchema,Applications gulmanchema | Mooré Burkina Faso,Proverbes gourma sur Plahy Store vol 2.jpg,img,,,,
0c65147e0fa850de,https://mooreburkina.com/sites/www.mooreburkina.com/files/styles/max_750x750/public/Dictio%20apk/smarthphone%20gourmanchema.jpg.webp?itok=cmGzQxDg,image,.webp,gulimancema;moore,,dictionary,https://mooreburkina.com/fr/dictionnaire-moor%C3%A9/aplications-de-dictionnaires-pour-ordinateur,Applications de dictionnaires | Mooré Burkina Faso,,img,,,,
7b5c88c38da26c3a,https://mooreburkina.com/sites/www.mooreburkina.com/files/styles/max_750x750/public/Diction%20exe/dictionnaire%20gourmanche.jpg.webp?itok=LXqdl2Fs,image,.webp,gulimancema;moore,,dictionary,https://mooreburkina.com/fr/dictionnaire-moor%C3%A9/aplications-de-dictionnaires-pour-ordinateur,Applications de dictionnaires | Mooré Burkina Faso,,img,,,,
96120cda9c70d447,https://mooreburkina.com/sites/www.mooreburkina.com/files/media_stream/streams/hls_standard_video/886.m3u8,link,,gulimancema;moore,,other,https://mooreburkina.com/fr/gulimancema,Gulimancema | Mooré Burkina Faso,,source,,,application/x-mpegURL,
ce70a634938bfe77,https://mooreburkina.com/sites/www.mooreburkina.com/files/media_stream/streams/hls_standard_video/983.m3u8,link,,gulimancema;moore,,other,https://mooreburkina.com/fr/gulimancema/vid%C3%A9os-en-diaporama-gulmancema,Vidéos en diaporama gulmancema | Mooré Burkina Faso,,source,,,application/x-mpegURL,
1e524b7b67eed705,https://mooreburkina.com/sites/www.mooreburkina.com/files/media_stream/streams/hls_standard_video/986.m3u8,link,,gulimancema;moore,,other,https://mooreburkina.com/fr/gulimancema/vid%C3%A9os-en-diaporama-gulmancema,Vidéos en diaporama gulmancema | Mooré Burkina Faso,,source,,,application/x-mpegURL,
6c6bb6dc5f1003f7,https://mooreburkina.com/sites/www.mooreburkina.com/files/media_stream/streams/hls_standard_video/989.m3u8,link,,gulimancema;moore,,other,https://mooreburkina.com/fr/gulimancema/vid%C3%A9os-en-diaporama-gulmancema,Vidéos en diaporama gulmancema | Mooré Burkina Faso,,source,,,application/x-mpegURL,
6b86b2076520968e,https://mooreburkina.com/sites/www.mooreburkina.com/files/media_stream/streams/hls_standard_video/992.m3u8,link,,gulimancema;moore,,other,https://mooreburkina.com/fr/gulimancema/vid%C3%A9os-en-diaporama-gulmancema,Vidéos en diaporama gulmancema | Mooré Burkina Faso,,source,,,application/x-mpegURL,
d213d93f3721a85d,https://mooreburkina.com/sites/www.mooreburkina.com/files/pdf-files/alphabet%20gulimanche%20photos.pdf,pdf,.pdf,gulimancema;moore,,orthography,https://mooreburkina.com/fr/gulimancema,Gulimancema | Mooré Burkina Faso,alphabet gulimanche photos.pdf,a,,,,
bce8a407a09ad4c1,https://mooreburkina.com/sites/www.mooreburkina.com/files/media_stream/encodings/video_download_mp4_150/886-.mp4,video,.mp4,gulimancema;moore,,other,https://mooreburkina.com/fr/gulimancema,Gulimancema | Mooré Burkina Faso,mp4 (150px),a,,,,
22b38d430b7c2b69,https://mooreburkina.com/sites/www.mooreburkina.com/files/media_stream/encodings/video_download_mp4_150/983-.mp4,video,.mp4,gulimancema;moore,,other,https://mooreburkina.com/fr/gulimancema/vid%C3%A9os-en-diaporama-gulmancema,Vidéos en diaporama gulmancema | Mooré Burkina Faso,mp4 (150px),a,,,,
0ec9d0b9fec30ccd,https://mooreburkina.com/sites/www.mooreburkina.com/files/media_stream/encodings/video_download_mp4_150/986-.mp4,video,.mp4,gulimancema;moore,,other,https://mooreburkina.com/fr/gulimancema/vid%C3%A9os-en-diaporama-gulmancema,Vidéos en diaporama gulmancema | Mooré Burkina Faso,mp4 (150px),a,,,,
88719e40c933fd21,https://mooreburkina.com/sites/www.mooreburkina.com/files/media_stream/encodings/video_download_mp4_150/989-.mp4,video,.mp4,gulimancema;moore,,other,https://mooreburkina.com/fr/gulimancema/vid%C3%A9os-en-diaporama-gulmancema,Vidéos en diaporama gulmancema | Mooré Burkina Faso,mp4 (150px),a,,,,
2aa4357890d7a26a,https://mooreburkina.com/sites/www.mooreburkina.com/files/media_stream/encodings/video_download_mp4_150/992-.mp4,video,.mp4,gulimancema;moore,,other,https://mooreburkina.com/fr/gulimancema/vid%C3%A9os-en-diaporama-gulmancema,Vidéos en diaporama gulmancema | Mooré Burkina Faso,mp4 (150px),a,,,,
d97df520616e0379,https://mooreburkina.com/sites/www.mooreburkina.com/files/media_stream/encodings/video_download_mp4_480/983-.mp4,video,.mp4,gulimancema;moore,,other,https://mooreburkina.com/fr/gulimancema/vid%C3%A9os-en-diaporama-gulmancema,Vidéos en diaporama gulmancema | Mooré Burkina Faso,mp4 (480px),a,,,,
2f5ce78d4f52635c,https://mooreburkina.com/sites/www.mooreburkina.com/files/media_stream/encodings/video_download_mp4_480/986-.mp4,video,.mp4,gulimancema;moore,,other,https://mooreburkina.com/fr/gulimancema/vid%C3%A9os-en-diaporama-gulmancema,Vidéos en diaporama gulmancema | Mooré Burkina Faso,mp4 (480px),a,,,,
e903ac3738edcea1,https://mooreburkina.com/sites/www.mooreburkina.com/files/media_stream/encodings/video_download_mp4_480/989-.mp4,video,.mp4,gulimancema;moore,,other,https://mooreburkina.com/fr/gulimancema/vid%C3%A9os-en-diaporama-gulmancema,Vidéos en diaporama gulmancema | Mooré Burkina Faso,mp4 (480px),a,,,,
894b260794e1b2a8,https://mooreburkina.com/sites/www.mooreburkina.com/files/media_stream/encodings/video_download_mp4_480/992-.mp4,video,.mp4,gulimancema;moore,,other,https://mooreburkina.com/fr/gulimancema/vid%C3%A9os-en-diaporama-gulmancema,Vidéos en diaporama gulmancema | Mooré Burkina Faso,mp4 (480px),a,,,,
ab01f6c717aed462,https://mooreburkina.com/sites/www.mooreburkina.com/files/media_stream/encodings/video_download_mp4_orig_qual/886-.mp4,video,.mp4,gulimancema;moore,,other,https://mooreburkina.com/fr/gulimancema,Gulimancema | Mooré Burkina Faso,mp4 (taille originale),a,,,,
070d442b3a6542d0,https://mooreburkina.com/sites/www.mooreburkina.com/files/media_stream/encodings/video_download_mp4_orig_qual/983-.mp4,video,.mp4,gulimancema;moore,,other,https://mooreburkina.com/fr/gulimancema/vid%C3%A9os-en-diaporama-gulmancema,Vidéos en diaporama gulmancema | Mooré Burkina Faso,mp4 (taille originale),a,,,,
7ce96973cf04c02c,https://mooreburkina.com/sites/www.mooreburkina.com/files/media_stream/encodings/video_download_mp4_orig_qual/986-.mp4,video,.mp4,gulimancema;moore,,other,https://mooreburkina.com/fr/gulimancema/vid%C3%A9os-en-diaporama-gulmancema,Vidéos en diaporama gulmancema | Mooré Burkina Faso,mp4 (taille originale),a,,,,
935742c42eb6217f,https://mooreburkina.com/sites/www.mooreburkina.com/files/media_stream/encodings/video_download_mp4_orig_qual/989-.mp4,video,.mp4,gulimancema;moore,,other,https://mooreburkina.com/fr/gulimancema/vid%C3%A9os-en-diaporama-gulmancema,Vidéos en diaporama gulmancema | Mooré Burkina Faso,mp4 (taille originale),a,,,,
aaae4d2911cf357a,https://mooreburkina.com/sites/www.mooreburkina.com/files/media_stream/encodings/video_download_mp4_orig_qual/992-.mp4,video,.mp4,gulimancema;moore,,other,https://mooreburkina.com/fr/gulimancema/vid%C3%A9os-en-diaporama-gulmancema,Vidéos en diaporama gulmancema | Mooré Burkina Faso,mp4 (taille originale),a,,,,
bab8d060df622dbd,https://mooreburkina.com/libraries/pdfjs-dist-viewer-min/build/minified/web/viewer.html?file=https%3A%2F%2Fmooreburkina.com%2Fsites%2Fwww.mooreburkina.com%2Ffiles%2Fpdf-files%2Falphabet%2520gulimanche%2520photos.pdf,video_or_embed,,gulimancema;moore,,orthography,https://mooreburkina.com/fr/gulimancema,Gulimancema | Mooré Burkina Faso,alphabet gulimanche photos.pdf,iframe,,,,
550fe7d2440fc7a1,https://www.webonary.org/gulimancema/,video_or_embed,,gulimancema;moore,,dictionary,https://mooreburkina.com/fr/gulimancema/dictionnaire-gulmanchema,Dictionnaire Gulmanchema | Mooré Burkina Faso,,iframe,www.webonary.org,,,
a52dfd2df7e14cbb,https://mooreburkina.com/sites/www.mooreburkina.com/files/Dictio%20apk/Lobiri_Dictionary-1.0.apk,app,.apk,lobiri;moore,,dictionary,https://mooreburkina.com/fr/dictionnaire-moor%C3%A9/aplications-de-dictionnaires-pour-ordinateur,Applications de dictionnaires | Mooré Burkina Faso,Lobiri,a,,,,
7b7f5d5e16550591,https://mooreburkina.com/sites/www.mooreburkina.com/files/styles/max_750x750/public/2026-02/Play%20Store%20Lobiri%20dico.jpg.webp?itok=m0mebhV5,image,.webp,lobiri;moore,,dictionary,https://mooreburkina.com/fr/dictionnaire-moor%C3%A9/aplications-de-dictionnaires-pour-ordinateur,Applications de dictionnaires | Mooré Burkina Faso,Play Store Lobiri dico.jpg,img,,,,
8483d0bb62e18023,https://mooreburkina.com/sites/www.mooreburkina.com/files/styles/max_750x750/public/Dictio%20apk/smarthphone%20Lobiri.jpg.webp?itok=FN0yQf_0,image,.webp,lobiri;moore,,dictionary,https://mooreburkina.com/fr/dictionnaire-moor%C3%A9/aplications-de-dictionnaires-pour-ordinateur,Applications de dictionnaires | Mooré Burkina Faso,,img,,,,
18a6f1436ed5eece,https://mooreburkina.com/sites/www.mooreburkina.com/files/styles/max_750x750/public/Diction%20exe/dictionnaire%20Lobiri.jpg.webp?itok=IHr3O0s-,image,.webp,lobiri;moore,,dictionary,https://mooreburkina.com/fr/dictionnaire-moor%C3%A9/aplications-de-dictionnaires-pour-ordinateur,Applications de dictionnaires | Mooré Burkina Faso,,img,,,,
17cfc3b6cfc4e378,https://mooreburkina.com/sites/www.mooreburkina.com/files/Dictio%20apk/Kassem_Dictionary-1.0.apk,app,.apk,moore,,dictionary,https://mooreburkina.com/fr/dictionnaire-moor%C3%A9/aplications-de-dictionnaires-pour-ordinateur,Applications de dictionnaires | Mooré Burkina Faso,Dictionnaire,a,,,,
7ce7397cace4ec81,https://mooreburkina.com/sites/www.mooreburkina.com/files/Dictio%20apk/Kassem_Dictionary-1.0.apk?id=org.sim.bf.kassem.dictionary&hl=fr,app,.apk,moore,,dictionary,https://mooreburkina.com/fr/dictionnaire-moor%C3%A9/aplications-de-dictionnaires-pour-ordinateur,Applications de dictionnaires | Mooré Burkina Faso,Dictionnaire kassem,a,,,,
a554384ea77f0535,https://mooreburkina.com/sites/www.mooreburkina.com/files/Dictio%20apk/Ninkare_Dictionary-1.0.apk?id=org.sim.bf.ninkare.dictionary&hl=fr,app,.apk,moore,,dictionary,https://mooreburkina.com/fr/dictionnaire-moor%C3%A9/aplications-de-dictionnaires-pour-ordinateur,Applications de dictionnaires | Mooré Burkina Faso,Dictionnaire ninkarɛ,a,,,,
5f6bb7b1b2a4dc53,https://mooreburkina.com/sites/www.mooreburkina.com/files/Dictio%20apk/dictionnaire.moore-4.0.apk,app,.apk,moore,,dictionary,https://mooreburkina.com/;https://mooreburkina.com/fr;https://mooreburkina.com/fr/bienvenu-au-pays-mossi;https://mooreburkina.com/fr/dictionnaire-moor%C3%A9,Mooré Burkina Faso,- cliquez Appli Dictionnaire mooré,a,,,,
1f7c32948e7ac6ce,https://apps.apple.com/us/app/bamanan-fr-eng-de/id6737979270?platform=iphone,app_store,,moore,,dictionary,https://mooreburkina.com/fr/dictionnaire-moor%C3%A9/aplications-de-dictionnaires-pour-ordinateur;https://mooreburkina.com/fr/dioula/applis-en-dioula-jula,Applications de dictionnaires | Mooré Burkina Faso,,a,apps.apple.com,,,
04173b6e855d5373,https://apps.apple.com/us/app/moore-contes/id6444735366?platform=iphone,app_store,,moore,,app,https://mooreburkina.com/fr/applications-smartphone/applis-en-moor%C3%A9,Applis en mooré | Mooré Burkina Faso,,a,apps.apple.com,,,
e3fe756b50dcd873,https://apps.apple.com/us/app/moore-dictionary/id1594419407?platform=iphone,app_store,,moore,,app,https://mooreburkina.com/fr/applications-smartphone/applis-en-moor%C3%A9,Applis en mooré | Mooré Burkina Faso,,a,apps.apple.com,,,
36a454fa5982eb8e,https://apps.apple.com/us/app/moore-proverbes/id1658376398?platform=iphone,app_store,,moore,,folktale,https://mooreburkina.com/fr/applications-smartphone/applis-en-moor%C3%A9;https://mooreburkina.com/fr/contes-proverbes/proverbes-en-moor%C3%A9-vol-9,Proverbes en mooré vol. 9 | Mooré Burkina Faso,,a,apps.apple.com,,,
ae9c02b7af38cd2e,https://play.google.com/store/apps/details?id=com.belemkoabga.contes.moore&hl=fr,app_store,,moore,,app,https://mooreburkina.com/fr/applications-smartphone/applis-en-moor%C3%A9,Applis en mooré | Mooré Burkina Faso,,a,play.google.com,,,
cbb146264559155a,https://play.google.com/store/apps/details?id=com.bibleburkina.moore.bible&hl=fr,app_store,,moore,,app,https://mooreburkina.com/fr/applications-smartphone/applis-en-moor%C3%A9,Applis en mooré | Mooré Burkina Faso,,a,play.google.com,,,
25135f397f571a94,https://play.google.com/store/apps/details?id=com.chants.moore.koenoog.yiila&hl=fr,app_store,,moore,,app,https://mooreburkina.com/fr/applications-smartphone/applis-en-moor%C3%A9,Applis en mooré | Mooré Burkina Faso,,a,play.google.com,,,
3450bd1c0110bd0a,https://play.google.com/store/apps/details?id=com.francais.tiefo.dictionnaire&hl=fr,app_store,,moore,,dictionary,https://mooreburkina.com/fr/dictionnaire-moor%C3%A9/aplications-de-dictionnaires-pour-ordinateur,Applications de dictionnaires | Mooré Burkina Faso,,a,play.google.com,,,
9bdccbd9937403f1,https://play.google.com/store/apps/details?id=com.kinda.contes.deuxieme&hl=fr,app_store,,moore,,folktale,https://mooreburkina.com/fr/applications-smartphone/applis-en-moor%C3%A9;https://mooreburkina.com/fr/contes-proverbes/contes-vol-4-avec-audio,Contes vol. 4 avec audio | Mooré Burkina Faso,,a,play.google.com,,,
dcc7d6102836aaea,https://play.google.com/store/apps/details?id=com.kinda.contes.premier&hl=fr,app_store,,moore,,folktale,https://mooreburkina.com/fr/applications-smartphone/applis-en-moor%C3%A9;https://mooreburkina.com/fr/contes-proverbes/contes-vol-3-avec-audio,Contes vol. 3 avec audio | Mooré Burkina Faso,,a,play.google.com,,,
40fddd9313e32570,https://play.google.com/store/apps/details?id=com.moor.yelbuna.vol1&hl=fr,app_store,,moore,,folktale,https://mooreburkina.com/fr/applications-smartphone/applis-en-moor%C3%A9;https://mooreburkina.com/fr/contes-proverbes/proverbes-en-moor%C3%A9-vol-9,Proverbes en mooré vol. 9 | Mooré Burkina Faso,,a,play.google.com,,,
a2ee04b47e894f5a,https://play.google.com/store/apps/details?id=com.moore.devinettes.ouedraogo&hl=fr,app_store,,moore,,folktale,https://mooreburkina.com/fr/applications-smartphone/applis-en-moor%C3%A9;https://mooreburkina.com/fr/contes-proverbes/devinettes-en-moor%C3%A9,Devinettes en mooré | Mooré Burkina Faso,,a,play.google.com,,,
e4563beb1574d4dc,https://play.google.com/store/apps/details?id=com.mooreproverbes.burkina&hl=fr,app_store,,moore,,folktale,https://mooreburkina.com/fr/applications-smartphone/applis-en-moor%C3%A9;https://mooreburkina.com/fr/contes-et-proverbes-en-moor%C3%A9/proverbes-en-moor%C3%A9-vol-1,Proverbes en mooré vol. 1 | Mooré Burkina Faso,,a,play.google.com,,,
bf74d39e08d995ea,https://play.google.com/store/apps/details?id=com.mooreproverbes2.burkina&hl=fr,app_store,,moore,,folktale,https://mooreburkina.com/fr/contes-proverbes/proverbes-en-moor%C3%A9-vol-2,Proverbes en mooré vol. 2 | Mooré Burkina Faso,,a,play.google.com,,,
405746d3b8fe9309,https://play.google.com/store/apps/details?id=com.mooreproverbes3.burkina&hl=fr,app_store,,moore,,folktale,https://mooreburkina.com/fr/contes-proverbes/proverbes-en-moor%C3%A9-vol-3,Proverbes en mooré vol. 3 | Mooré Burkina Faso,,a,play.google.com,,,
e815d5e6fd5e91c9,https://play.google.com/store/apps/details?id=com.mooreproverbes4.burkina&hl=fr,app_store,,moore,,folktale,https://mooreburkina.com/fr/contes-proverbes/proverbes-en-moor%C3%A9-vol-4,Proverbes en mooré vol. 4 | Mooré Burkina Faso,,a,play.google.com,,,
e5d77ff7c91f6505,https://play.google.com/store/apps/details?id=com.proverbesmoore5.burkina&hl=fr,app_store,,moore,,folktale,https://mooreburkina.com/fr/contes-proverbes/proverbes-en-moor%C3%A9-vol-5,Proverbes en mooré vol. 5 | Mooré Burkina Faso,,a,play.google.com,,,
cce41fd0e35e8ecf,https://play.google.com/store/apps/details?id=com.proverbesmoore6.burkina&hl=fr,app_store,,moore,,folktale,https://mooreburkina.com/fr/contes-proverbes/proverbes-en-moor%C3%A9-vol-6,Proverbes en mooré vol. 6 | Mooré Burkina Faso,,a,play.google.com,,,
ddac29485be6d7ae,https://play.google.com/store/apps/details?id=com.proverbesmoore7.burkina&hl=fr,app_store,,moore,,folktale,https://mooreburkina.com/fr/contes-proverbes/proverbes-en-moor%C3%A9-vol-7,Proverbes en mooré vol. 7 | Mooré Burkina Faso,,a,play.google.com,,,
f4074f5e5743f73b,https://play.google.com/store/apps/details?id=com.proverbesmoore8.burkina&hl=fr,app_store,,moore,,folktale,https://mooreburkina.com/fr/contes-proverbes/proverbes-en-moor%C3%A9-vol-8,Proverbes en mooré vol. 8 | Mooré Burkina Faso,,a,play.google.com,,,
c71497743fb3c918,https://play.google.com/store/apps/details?id=com.ruti.sebre.moore.zungrana&hl=fr,app_store,,moore,,app,https://mooreburkina.com/fr/applications-smartphone/applis-en-moor%C3%A9,Applis en mooré | Mooré Burkina Faso,,a,play.google.com,,,
5ffca7ab05bbd605,https://play.google.com/store/apps/details?id=com.sagesse.moogo.vol1&hl=fr,app_store,,moore,,folktale,https://mooreburkina.com/fr/applications-smartphone/applis-en-moor%C3%A9;https://mooreburkina.com/fr/contes-proverbes/la-sagesse-du-moogo-vol-1,La sagesse du Moogo vol. 1 | Mooré Burkina Faso,,a,play.google.com,,,
61ed345997306d8c,https://play.google.com/store/apps/details?id=com.sagesse.moogo.vol2&hl=fr,app_store,,moore,,folktale,https://mooreburkina.com/fr/applications-smartphone/applis-en-moor%C3%A9;https://mooreburkina.com/fr/contes-proverbes/la-sagesse-du-moogo-vol-2,La sagesse du Moogo vol. 2 | Mooré Burkina Faso,,a,play.google.com,,,
0991e289bf954d28,https://play.google.com/store/apps/details?id=com.sebr.songo.bible.cath&hl=fr,app_store,,moore,,app,https://mooreburkina.com/fr/applications-smartphone/applis-en-moor%C3%A9,Applis en mooré | Mooré Burkina Faso,,a,play.google.com,,,
abc8b1dd6bbb0558,https://play.google.com/store/apps/details?id=com.sissao.prov.moore.audio.vol1&hl=fr,app_store,,moore,,folktale,https://mooreburkina.com/fr/applications-smartphone/applis-en-moor%C3%A9;https://mooreburkina.com/fr/contes-proverbes/proverbes-en-moor%C3%A9-vol-10,Proverbes en mooré vol. 10 | Mooré Burkina Faso,,a,play.google.com,,,
4b1ad3ae07160111,https://play.google.com/store/apps/details?id=com.sissao.prov.moore.audio.vol3&hl=fr,app_store,,moore,,folktale,https://mooreburkina.com/fr/applications-smartphone/applis-en-moor%C3%A9;https://mooreburkina.com/fr/contes-proverbes/proverbes-moor%C3%A9-vol-11,Proverbes mooré. vol. 11 | Mooré Burkina Faso,,a,play.google.com,,,
66a585bb47d286fc,https://play.google.com/store/apps/details?id=com.soalma.kota.yam.moore&hl=fr,app_store,,moore,,folktale,https://mooreburkina.com/fr/applications-smartphone/applis-en-moor%C3%A9;https://mooreburkina.com/fr/contes-et-proverbes-en-moor%C3%A9/contes-en-moor%C3%A9,Contes vol 2 avec audio | Mooré Burkina Faso,,a,play.google.com,,,
a4c799c5f7adb20f,https://play.google.com/store/apps/details?id=com.wule.dagara.dictionnaire&hl=fr,app_store,,moore,,dictionary,https://mooreburkina.com/fr/dictionnaire-moor%C3%A9/aplications-de-dictionnaires-pour-ordinateur,Applications de dictionnaires | Mooré Burkina Faso,,a,play.google.com,,,
8bb791729d0b0b79,https://play.google.com/store/apps/details?id=com.yam.wekr.soalma.moore&hl=fr,app_store,,moore,,folktale,https://mooreburkina.com/fr/applications-smartphone/applis-en-moor%C3%A9;https://mooreburkina.com/fr/collection-2-12-contes-en-moor%C3%A9,Contes vol 1 avec audio | Mooré Burkina Faso,,a,play.google.com,,,
b785fd3bc9db1f28,https://play.google.com/store/apps/details?id=com.yelbuna.sissao.burkina&hl=fr,app_store,,moore,,app,https://mooreburkina.com/fr/applications-smartphone/applis-en-moor%C3%A9,Applis en mooré | Mooré Burkina Faso,,a,play.google.com,,,
397a7d0a16dc00a3,https://play.google.com/store/apps/details?id=org.bible.moore.luc&hl=fr,app_store,,moore,,app,https://mooreburkina.com/fr/applications-smartphone/applis-en-moor%C3%A9,Applis en mooré | Mooré Burkina Faso,,a,play.google.com,,,
571d8cef627fc285,https://play.google.com/store/apps/details?id=org.sim.bf.kusaal.dictionary&hl=fr,app_store,,moore,,dictionary,https://mooreburkina.com/fr/dictionnaire-moor%C3%A9/aplications-de-dictionnaires-pour-ordinateur,Applications de dictionnaires | Mooré Burkina Faso,Kusaal Tondé,a,play.google.com,,,
48f3347d39faeee4,https://play.google.com/store/apps/details?id=org.sim.bf.moore.dictionary&hl=fr,app_store,,moore,,app,https://mooreburkina.com/fr/applications-smartphone/applis-en-moor%C3%A9,Applis en mooré | Mooré Burkina Faso,,a,play.google.com,,,
7cf822890894b10f,https://media.ipsapps.org/mos/ora/co-fr1//,external_interactive,,moore,,folktale,https://mooreburkina.com/fr/contes-proverbes/la-sagesse-du-moogo-vol-1,La sagesse du Moogo vol. 1 | Mooré Burkina Faso,,iframe,media.ipsapps.org,,,
04238d55e3c78795,https://media.ipsapps.org/mos/ora/co-fr2//,external_interactive,,moore,,folktale,https://mooreburkina.com/fr/contes-proverbes/la-sagesse-du-moogo-vol-2,La sagesse du Moogo vol. 2 | Mooré Burkina Faso,,iframe,media.ipsapps.org,,,
f0176ec20e1e3689,https://media.ipsapps.org/mos/ora/co1/,external_interactive,,moore,,folktale,https://mooreburkina.com/fr/collection-2-12-contes-en-moor%C3%A9,Contes vol 1 avec audio | Mooré Burkina Faso,,iframe,media.ipsapps.org,,,
eb4e57b9500c7cf1,https://media.ipsapps.org/mos/ora/co2/,external_interactive,,moore,,folktale,https://mooreburkina.com/fr/contes-et-proverbes-en-moor%C3%A9/contes-en-moor%C3%A9,Contes vol 2 avec audio | Mooré Burkina Faso,,iframe,media.ipsapps.org,,,
30f5f4df4d1322d5,https://media.ipsapps.org/mos/ora/devin/,external_interactive,,moore,,folktale,https://mooreburkina.com/fr/contes-proverbes/devinettes-en-moor%C3%A9,Devinettes en mooré | Mooré Burkina Faso,,iframe,media.ipsapps.org,,,
589194f3b1dd5b91,https://media.ipsapps.org/mos/ora/p1/,external_interactive,,moore,,folktale,https://mooreburkina.com/fr/contes-et-proverbes-en-moor%C3%A9/proverbes-en-moor%C3%A9-vol-1,Proverbes en mooré vol. 1 | Mooré Burkina Faso,,iframe,media.ipsapps.org,,,
47124a3514d01aef,https://media.ipsapps.org/mos/ora/p2/,external_interactive,,moore,,folktale,https://mooreburkina.com/fr/contes-proverbes/proverbes-en-moor%C3%A9-vol-2,Proverbes en mooré vol. 2 | Mooré Burkina Faso,,iframe,media.ipsapps.org,,,
e20f40625b2e3600,https://media.ipsapps.org/mos/ora/p3/,external_interactive,,moore,,folktale,https://mooreburkina.com/fr/contes-proverbes/proverbes-en-moor%C3%A9-vol-3,Proverbes en mooré vol. 3 | Mooré Burkina Faso,,iframe,media.ipsapps.org,,,
12029941b478e7ac,https://media.ipsapps.org/mos/ora/p4/,external_interactive,,moore,,folktale,https://mooreburkina.com/fr/contes-proverbes/proverbes-en-moor%C3%A9-vol-4,Proverbes en mooré vol. 4 | Mooré Burkina Faso,,iframe,media.ipsapps.org,,,
001b4bd6a3621ba9,https://media.ipsapps.org/mos/ora/p5/,external_interactive,,moore,,folktale,https://mooreburkina.com/fr/contes-proverbes/proverbes-en-moor%C3%A9-vol-5,Proverbes en mooré vol. 5 | Mooré Burkina Faso,,iframe,media.ipsapps.org,,,
51d4913eadccae77,https://media.ipsapps.org/mos/ora/p6/,external_interactive,,moore,,folktale,https://mooreburkina.com/fr/contes-proverbes/proverbes-en-moor%C3%A9-vol-6,Proverbes en mooré vol. 6 | Mooré Burkina Faso,,iframe,media.ipsapps.org,,,
094ad88b5cabc7e4,https://media.ipsapps.org/mos/ora/p7/,external_interactive,,moore,,folktale,https://mooreburkina.com/fr/contes-proverbes/proverbes-en-moor%C3%A9-vol-7,Proverbes en mooré vol. 7 | Mooré Burkina Faso,,iframe,media.ipsapps.org,,,
136b55dfefd5d767,https://media.ipsapps.org/mos/ora/p8/,external_interactive,,moore,,folktale,https://mooreburkina.com/fr/contes-proverbes/proverbes-en-moor%C3%A9-vol-8,Proverbes en mooré vol. 8 | Mooré Burkina Faso,,iframe,media.ipsapps.org,,,
aa1069e5a5731e57,https://media.ipsapps.org/mos/ora/prv-v09/,external_interactive,,moore,,folktale,https://mooreburkina.com/fr/contes-proverbes/proverbes-en-moor%C3%A9-vol-9,Proverbes en mooré vol. 9 | Mooré Burkina Faso,,iframe,media.ipsapps.org,,,
b93b4f5f06e5a9ef,https://media.ipsapps.org/mos/ora/prv-v10/,external_interactive,,moore,,folktale,https://mooreburkina.com/fr/contes-proverbes/proverbes-en-moor%C3%A9-vol-10,Proverbes en mooré vol. 10 | Mooré Burkina Faso,,iframe,media.ipsapps.org,,,
017df6d34e8e65c4,https://media.ipsapps.org/mos/ora/prv-v11/,external_interactive,,moore,,folktale,https://mooreburkina.com/fr/contes-proverbes/proverbes-moor%C3%A9-vol-11,Proverbes mooré. vol. 11 | Mooré Burkina Faso,,iframe,media.ipsapps.org,,,
3ea5c773bccfe455,https://media.ipsapps.org/mos/ora/prv-v12/,external_interactive,,moore,,folktale,https://mooreburkina.com/fr/contes-proverbes/moor%C3%A9-proverbes-vol-12,Mooré proverbes vol. 12 | Mooré Burkina Faso,,iframe,media.ipsapps.org,,,
89d6e4e52c0137a6,https://media.ipsapps.org/mos/ora/vol3/,external_interactive,,moore,,folktale,https://mooreburkina.com/fr/contes-proverbes/contes-vol-3-avec-audio,Contes vol. 3 avec audio | Mooré Burkina Faso,,iframe,media.ipsapps.org,,,
88f3babc08bbc463,https://media.ipsapps.org/mos/ora/vol4//,external_interactive,,moore,,folktale,https://mooreburkina.com/fr/contes-proverbes/contes-vol-4-avec-audio,Contes vol. 4 avec audio | Mooré Burkina Faso,,iframe,media.ipsapps.org,,,
14043bb4445f5326,https://media.ipsapps.org/mos2/osa/,external_interactive,,moore,,religious,https://mooreburkina.com/fr/la-parole-de-dieu/la-parole-de-dieu-en-moor%C3%A9,Lire la Parole de Dieu en mooré | Mooré Burkina Faso,,iframe,media.ipsapps.org,,,
e4f51a4f62bc4748,https://mooreburkina.com/modules/contrib/share_everywhere/img/share-icon.svg,image,.svg,moore,,other,https://mooreburkina.com/;https://mooreburkina.com/fr;https://mooreburkina.com/fr/36-contes-fulfulde-sans-audio;https://mooreburkina.com/fr/37-contes-fulfulde-sans-audio;https://mooreburkina.com/fr/alphabet-clip-rumauntsch-puter;https://mooreburkina.com/fr/applications-smartphone;https://mooreburkina.com/fr/applications-smartphone/applis-en-dioula;https://mooreburkina.com/fr/applications-smartphone/applis-en-fulfulde;https://mooreburkina.com/fr/applications-smartphone/applis-en-moor%C3%A9;https://mooreburkina.com/fr/applications-smartphone/applis-smartphone-en-langues-burkina;https://mooreburkina.com/fr/bienvenu-au-pays-mossi;https://mooreburkina.com/fr/chants-et-musique/alphabet-en-langues-nationales;https://mooreburkina.com/fr/chants-et-musique/chants-de-la-chorale-1;https://mooreburkina.com/fr/chants-et-musique/chants-et-clips-de-youtube;https://mooreburkina.com/fr/chants-et-musique/chants-et-clips-de-youtube-2;https://mooreburkina.com/fr/chants-et-musique/hymnes-nationales;https://mooreburkina.com/fr/collection-2-12-contes-en-moor%C3%A9;https://mooreburkina.com/fr/contes-et-proverbes-en-moor%C3%A9/contes-en-moor%C3%A9;https://mooreburkina.com/fr/contes-et-proverbes-en-moor%C3%A9/proverbes-en-moor%C3%A9-vol-1;https://mooreburkina.com/fr/contes-proverbes/contes-vol-3-avec-audio;https://mooreburkina.com/fr/contes-proverbes/contes-vol-4-avec-audio;https://mooreburkina.com/fr/contes-proverbes/contes-vol-5-avec-fran%C3%A7ais;https://mooreburkina.com/fr/contes-proverbes/devinettes-en-moor%C3%A9;https://mooreburkina.com/fr/contes-proverbes/la-sagesse-du-moogo-vol-1;https://mooreburkina.com/fr/contes-proverbes/la-sagesse-du-moogo-vol-2;https://mooreburkina.com/fr/contes-proverbes/moor%C3%A9-proverbes-vol-12;https://mooreburkina.com/fr/contes-proverbes/proverbes-en-moor%C3%A9-vol-10;https://mooreburkina.com/fr/contes-proverbes/proverbes-en-moor%C3%A9-vol-2;https://mooreburkina.com/fr/contes-proverbes/proverbes-en-moor%C3%A9-vol-3;https://mooreburkina.com/fr/contes-proverbes/proverbes-en-moor%C3%A9-vol-4;https://mooreburkina.com/fr/contes-proverbes/proverbes-en-moor%C3%A9-vol-5;https://mooreburkina.com/fr/contes-proverbes/proverbes-en-moor%C3%A9-vol-6;https://mooreburkina.com/fr/contes-proverbes/proverbes-en-moor%C3%A9-vol-7;https://mooreburkina.com/fr/contes-proverbes/proverbes-en-moor%C3%A9-vol-8;https://mooreburkina.com/fr/contes-proverbes/proverbes-en-moor%C3%A9-vol-9;https://mooreburkina.com/fr/contes-proverbes/proverbes-moor%C3%A9-vol-11;https://mooreburkina.com/fr/dictionnaire-dioula-en-ligne-0;https://mooreburkina.com/fr/dictionnaire-moor%C3%A9;https://mooreburkina.com/fr/dictionnaire-moor%C3%A9/aplications-de-dictionnaires-pour-ordinateur;https://mooreburkina.com/fr/dictionnaire-moor%C3%A9/dictionnaire-dioula-fran%C3%A7ais-english;https://mooreburkina.com/fr/dictionnaire-moor%C3%A9/dictionnaire-fulfulde-fran%C3%A7ais-english;https://mooreburkina.com/fr/dictionnaire-moor%C3%A9/dictionnaire-moore-en-ligne;https://mooreburkina.com/fr/dictionnaire-moore-en-ligne;https://mooreburkina.com/fr/dioula-fulfulde;https://mooreburkina.com/fr/dioula-fulfulde/%C3%A9couter-la-parole-de-dieu-en-dioula;https://mooreburkina.com/fr/dioula-fulfulde/%C3%A9couter-la-parole-de-dieu-en-fulfulde;https://mooreburkina.com/fr/dioula-fulfulde/contes-dioula-et-fran%C3%A7ais;https://mooreburkina.com/fr/dioula/5-contes-dioula;https://mooreburkina.com/fr/dioula/applis-en-dioula-jula;https://mooreburkina.com/fr/dioula/contes-dioula-avec-audio-vol-4;https://mooreburkina.com/fr/dioula/contes-en-dioula-avec-audio-volume-2;https://mooreburkina.com/fr/dioula/contes-en-dioula-avec-audio-volume-3;https://mooreburkina.com/fr/dioula/dioula-facile-tome-1;https://mooreburkina.com/fr/dioula/documents-dioula;https://mooreburkina.com/fr/dioula/evangile-de-marc-en-dioula;https://mooreburkina.com/fr/dioula/film-j%C3%A9sus-en-dioula;https://mooreburkina.com/fr/dioula/guide-dorthographe-dioula;https://mooreburkina.com/fr/dioula/la-parole-de-dieu;https://mooreburkina.com/fr/dioula/marcher-avec-j%C3%A9sus-1-5;https://mooreburkina.com/fr/dioula/marie-de-magdala-en-dioula;https://mooreburkina.com/fr/dioula/po%C3%A8mes-en-dioula;https://mooreburkina.com/fr/dioula/proverbes-dioula-vol-3;https://mooreburkina.com/fr/dioula/proverbes-dioula-vol-3-0;https://mooreburkina.com/fr/dioula/proverbes-dioula-vol-4;https://mooreburkina.com/fr/dioula/proverbes-lu-en-dioula-vol-1;https://mooreburkina.com/fr/dioula/videos-en-diaporama-dioula;https://mooreburkina.com/fr/dioula/youtube-chants-diuola;https://mooreburkina.com/fr/film-jesus-en-fulfulde-massina-mali;https://mooreburkina.com/fr/films-clips/clip-de-divers-chorales;https://mooreburkina.com/fr/films-clips/evangile-de-luc;https://mooreburkina.com/fr/films-clips/evangile-de-marc-prot;https://mooreburkina.com/fr/films-clips/evangile-selon-marc-cath;https://mooreburkina.com/fr/films-clips/marcher-avec-j%C3%A9sus;https://mooreburkina.com/fr/films-clips/vid%C3%A9os-de-diaporama;https://mooreburkina.com/fr/films-et-clips/chants-de-diff%C3%A9rentes-chorales-asc;https://mooreburkina.com/fr/films-et-clips/film-j%C3%A9sus-en-moor%C3%A9;https://mooreburkina.com/fr/films-et-clips/le-film-de-magdala-en-moor%C3%A9;https://mooreburkina.com/fr/fran%C3%A7ais-applications;https://mooreburkina.com/fr/fulfulde;https://mooreburkina.com/fr/fulfulde/1495-proverbes-en-fulfulde;https://mooreburkina.com/fr/fulfulde/15-contes-en-fulfulde;https://mooreburkina.com/fr/fulfulde/chants-jam-tan-youtube;https://mooreburkina.com/fr/fulfulde/contes-lus-en-fulfulde;https://mooreburkina.com/fr/fulfulde/contes-lus-en-fulfulde-0;https://mooreburkina.com/fr/fulfulde/contes-lus-en-fulfulde-5;https://mooreburkina.com/fr/fulfulde/contes-lus-en-fulfulde-vol-3;https://mooreburkina.com/fr/fulfulde/dictionnaire-fulfulde-en-ligne;https://mooreburkina.com/fr/fulfulde/documents-pdf-fulfulde;https://mooreburkina.com/fr/fulfulde/evangile-de-marc-fulfulde-massina;https://mooreburkina.com/fr/fulfulde/j%C3%A9sus-parle-le-fulfulde;https://mooreburkina.com/fr/fulfulde/la-parole-de-dieu-en-fulfulde;https://mooreburkina.com/fr/fulfulde/le-chemin-de-la-justice;https://mooreburkina.com/fr/fulfulde/matthieu-en-fulfulde-massina;https://mooreburkina.com/fr/fulfulde/proverbes-dioula-vol-4;https://mooreburkina.com/fr/fulfulde/proverbes-fulfulde-avec-audio;https://mooreburkina.com/fr/fulfulde/proverbes-fulfulde-avec-audio-vol-5;https://mooreburkina.com/fr/fulfulde/proverbes-fulfulde-avec-audio-vol2;https://mooreburkina.com/fr/fulfulde/proverbes-fulfulde-avec-audio-vol3;https://mooreburkina.com/fr/fulfulde/proverbes-fulfulde-avec-audio-vol4;https://mooreburkina.com/fr/fulfulde/vid%C3%A9os-en-diaporama-fulfulde;https://mooreburkina.com/fr/fulfulde/youtube-chants-fulfulde;https://mooreburkina.com/fr/gulimancema;https://mooreburkina.com/fr/gulimancema/applications-gulmanchema;https://mooreburkina.com/fr/gulimancema/chants-et-musique-gulmanche;https://mooreburkina.com/fr/gulimancema/dictionnaire-gulmanchema;https://mooreburkina.com/fr/gulimancema/evangile-de-luc;https://mooreburkina.com/fr/gulimancema/film-de-j%C3%A9sus-gulmancema;https://mooreburkina.com/fr/gulimancema/le-chemin-de-la-justice;https://mooreburkina.com/fr/gulimancema/marc-en-gurmancema;https://mooreburkina.com/fr/gulimancema/vid%C3%A9os-en-diaporama-gulmancema;https://mooreburkina.com/fr/images/animaux;https://mooreburkina.com/fr/images/fotos-du-pays-mossi/gens-et-impressions;https://mooreburkina.com/fr/images/impression-de-ouagadougou;https://mooreburkina.com/fr/images/le-burkina-faso-en-images;https://mooreburkina.com/fr/images/ouagadougou;https://mooreburkina.com/fr/images/tissus;https://mooreburkina.com/fr/impressum;https://mooreburkina.com/fr/la-parole-de-dieu/la-parole-de-dieu-en-moor%C3%A9;https://mooreburkina.com/fr/livres-en-moor%C3%A9/%C3%A9crire-les-langues-nationales;https://mooreburkina.com/fr/livres-en-moor%C3%A9/t%C3%A9l%C3%A9charger-pdf;https://mooreburkina.com/fr/parole-de-dieu/%C3%A9couter-le-nouveau-testament-en-moor%C3%A9;https://mooreburkina.com/fr/parole-de-dieu/le-chemin-de-la-justice;https://mooreburkina.com/fr/sitemap,Mooré Burkina Faso,Share icon,img,,,,
a9b8196878a20233,https://mooreburkina.com/modules/custom/arclight/images/MAG1/1_wl-0-0.webp,image,.webp,moore,,religious,https://mooreburkina.com/fr/dioula/marie-de-magdala-en-dioula;https://mooreburkina.com/fr/films-et-clips/le-film-de-magdala-en-moor%C3%A9,Marie de Magdala en mooré | Mooré Burkina Faso,,img,,,,
7243c2c59015f909,https://mooreburkina.com/modules/custom/arclight/images/MAG1/1_wl604401-0-0.webp,image,.webp,moore,,religious,https://mooreburkina.com/fr/dioula/marie-de-magdala-en-dioula;https://mooreburkina.com/fr/films-et-clips/le-film-de-magdala-en-moor%C3%A9,Marie de Magdala en mooré | Mooré Burkina Faso,,img,,,,
82f40907c4c564b6,https://mooreburkina.com/modules/custom/arclight/images/MAG1/1_wl604402-0-0.webp,image,.webp,moore,,religious,https://mooreburkina.com/fr/dioula/marie-de-magdala-en-dioula;https://mooreburkina.com/fr/films-et-clips/le-film-de-magdala-en-moor%C3%A9,Marie de Magdala en mooré | Mooré Burkina Faso,,img,,,,
fca4b3fe121aabce,https://mooreburkina.com/modules/custom/arclight/images/MAG1/1_wl604403-0-0.webp,image,.webp,moore,,religious,https://mooreburkina.com/fr/dioula/marie-de-magdala-en-dioula;https://mooreburkina.com/fr/films-et-clips/le-film-de-magdala-en-moor%C3%A9,Marie de Magdala en mooré | Mooré Burkina Faso,,img,,,,
b231df952ef0d0da,https://mooreburkina.com/modules/custom/arclight/images/MAG1/1_wl604404-0-0.webp,image,.webp,moore,,religious,https://mooreburkina.com/fr/dioula/marie-de-magdala-en-dioula;https://mooreburkina.com/fr/films-et-clips/le-film-de-magdala-en-moor%C3%A9,Marie de Magdala en mooré | Mooré Burkina Faso,,img,,,,
54e05bee5b3b9d24,https://mooreburkina.com/modules/custom/arclight/images/MAG1/1_wl604405-0-0.webp,image,.webp,moore,,religious,https://mooreburkina.com/fr/dioula/marie-de-magdala-en-dioula;https://mooreburkina.com/fr/films-et-clips/le-film-de-magdala-en-moor%C3%A9,Marie de Magdala en mooré | Mooré Burkina Faso,,img,,,,
9dd6e950c67f3fb8,https://mooreburkina.com/modules/custom/arclight/images/MAG1/1_wl604406-0-0.webp,image,.webp,moore,,religious,https://mooreburkina.com/fr/dioula/marie-de-magdala-en-dioula;https://mooreburkina.com/fr/films-et-clips/le-film-de-magdala-en-moor%C3%A9,Marie de Magdala en mooré | Mooré Burkina Faso,,img,,,,
5b6bd0fe29229ddd,https://mooreburkina.com/modules/custom/arclight/images/MAG1/1_wl604407-0-0.webp,image,.webp,moore,,religious,https://mooreburkina.com/fr/dioula/marie-de-magdala-en-dioula;https://mooreburkina.com/fr/films-et-clips/le-film-de-magdala-en-moor%C3%A9,Marie de Magdala en mooré | Mooré Burkina Faso,,img,,,,
da8723391dad9b73,https://mooreburkina.com/modules/custom/arclight/images/MAG1/1_wl604408-0-0.webp,image,.webp,moore,,religious,https://mooreburkina.com/fr/dioula/marie-de-magdala-en-dioula;https://mooreburkina.com/fr/films-et-clips/le-film-de-magdala-en-moor%C3%A9,Marie de Magdala en mooré | Mooré Burkina Faso,,img,,,,
f62edd3e2f7ec800,https://mooreburkina.com/modules/custom/arclight/images/MAG1/1_wl604409-0-0.webp,image,.webp,moore,,religious,https://mooreburkina.com/fr/dioula/marie-de-magdala-en-dioula;https://mooreburkina.com/fr/films-et-clips/le-film-de-magdala-en-moor%C3%A9,Marie de Magdala en mooré | Mooré Burkina Faso,,img,,,,
8c4ded5b8d7f1037,https://mooreburkina.com/modules/custom/arclight/images/MAG1/1_wl604410-0-0.webp,image,.webp,moore,,religious,https://mooreburkina.com/fr/dioula/marie-de-magdala-en-dioula;https://mooreburkina.com/fr/films-et-clips/le-film-de-magdala-en-moor%C3%A9,Marie de Magdala en mooré | Mooré Burkina Faso,,img,,,,
480cba764b1c5e24,https://mooreburkina.com/modules/custom/arclight/images/MAG1/1_wl604411-0-0.webp,image,.webp,moore,,religious,https://mooreburkina.com/fr/dioula/marie-de-magdala-en-dioula;https://mooreburkina.com/fr/films-et-clips/le-film-de-magdala-en-moor%C3%A9,Marie de Magdala en mooré | Mooré Burkina Faso,,img,,,,
f08b41edb030928f,https://mooreburkina.com/modules/custom/arclight/images/MAG1/1_wl604412-0-0.webp,image,.webp,moore,,religious,https://mooreburkina.com/fr/dioula/marie-de-magdala-en-dioula;https://mooreburkina.com/fr/films-et-clips/le-film-de-magdala-en-moor%C3%A9,Marie de Magdala en mooré | Mooré Burkina Faso,,img,,,,
90e2de3129f8f2c3,https://mooreburkina.com/modules/custom/arclight/images/MAG1/1_wl604413-0-0.webp,image,.webp,moore,,religious,https://mooreburkina.com/fr/dioula/marie-de-magdala-en-dioula;https://mooreburkina.com/fr/films-et-clips/le-film-de-magdala-en-moor%C3%A9,Marie de Magdala en mooré | Mooré Burkina Faso,,img,,,,
9bdb6261125fe6ff,https://mooreburkina.com/modules/custom/arclight/images/MAG1/1_wl604414-0-0.webp,image,.webp,moore,,religious,https://mooreburkina.com/fr/dioula/marie-de-magdala-en-dioula;https://mooreburkina.com/fr/films-et-clips/le-film-de-magdala-en-moor%C3%A9,Marie de Magdala en mooré | Mooré Burkina Faso,,img,,,,
21d6ed0337205f48,https://mooreburkina.com/modules/custom/arclight/images/MAG1/1_wl604415-0-0.webp,image,.webp,moore,,religious,https://mooreburkina.com/fr/dioula/marie-de-magdala-en-dioula;https://mooreburkina.com/fr/films-et-clips/le-film-de-magdala-en-moor%C3%A9,Marie de Magdala en mooré | Mooré Burkina Faso,,img,,,,
b59bd3094f0771a2,https://mooreburkina.com/modules/custom/arclight/images/MAG1/1_wl604416-0-0.webp,image,.webp,moore,,religious,https://mooreburkina.com/fr/dioula/marie-de-magdala-en-dioula;https://mooreburkina.com/fr/films-et-clips/le-film-de-magdala-en-moor%C3%A9,Marie de Magdala en mooré | Mooré Burkina Faso,,img,,,,
bcf50398c743f682,https://mooreburkina.com/modules/custom/arclight/images/MAG1/1_wl604417-0-0.webp,image,.webp,moore,,religious,https://mooreburkina.com/fr/dioula/marie-de-magdala-en-dioula;https://mooreburkina.com/fr/films-et-clips/le-film-de-magdala-en-moor%C3%A9,Marie de Magdala en mooré | Mooré Burkina Faso,,img,,,,
107e386026184185,https://mooreburkina.com/modules/custom/arclight/images/MAG1/1_wl604418-0-0.webp,image,.webp,moore,,religious,https://mooreburkina.com/fr/dioula/marie-de-magdala-en-dioula;https://mooreburkina.com/fr/films-et-clips/le-film-de-magdala-en-moor%C3%A9,Marie de Magdala en mooré | Mooré Burkina Faso,,img,,,,
3c5fae4a012ff572,https://mooreburkina.com/modules/custom/arclight/images/MAG1/1_wl604419-0-0.webp,image,.webp,moore,,religious,https://mooreburkina.com/fr/dioula/marie-de-magdala-en-dioula;https://mooreburkina.com/fr/films-et-clips/le-film-de-magdala-en-moor%C3%A9,Marie de Magdala en mooré | Mooré Burkina Faso,,img,,,,
2697b74346686cc1,https://mooreburkina.com/modules/custom/arclight/images/MAG1/1_wl604420-0-0.webp,image,.webp,moore,,religious,https://mooreburkina.com/fr/dioula/marie-de-magdala-en-dioula;https://mooreburkina.com/fr/films-et-clips/le-film-de-magdala-en-moor%C3%A9,Marie de Magdala en mooré | Mooré Burkina Faso,,img,,,,
8e0b44a8db944c71,https://mooreburkina.com/modules/custom/arclight/images/MAG1/1_wl604421-0-0.webp,image,.webp,moore,,religious,https://mooreburkina.com/fr/dioula/marie-de-magdala-en-dioula;https://mooreburkina.com/fr/films-et-clips/le-film-de-magdala-en-moor%C3%A9,Marie de Magdala en mooré | Mooré Burkina Faso,,img,,,,
d1156da87c632834,https://mooreburkina.com/modules/custom/arclight/images/MAG1/1_wl604422-0-0.webp,image,.webp,moore,,religious,https://mooreburkina.com/fr/dioula/marie-de-magdala-en-dioula;https://mooreburkina.com/fr/films-et-clips/le-film-de-magdala-en-moor%C3%A9,Marie de Magdala en mooré | Mooré Burkina Faso,,img,,,,
e72f1187eb21cdd2,https://mooreburkina.com/modules/custom/arclight/images/MAG1/1_wl604423-0-0.webp,image,.webp,moore,,religious,https://mooreburkina.com/fr/dioula/marie-de-magdala-en-dioula;https://mooreburkina.com/fr/films-et-clips/le-film-de-magdala-en-moor%C3%A9,Marie de Magdala en mooré | Mooré Burkina Faso,,img,,,,
47d6073c17e9151d,https://mooreburkina.com/modules/custom/arclight/images/MAG1/1_wl604424-0-0.webp,image,.webp,moore,,religious,https://mooreburkina.com/fr/dioula/marie-de-magdala-en-dioula;https://mooreburkina.com/fr/films-et-clips/le-film-de-magdala-en-moor%C3%A9,Marie de Magdala en mooré | Mooré Burkina Faso,,img,,,,
d5e6a3a8ca9a7b83,https://mooreburkina.com/modules/custom/arclight/images/MAG1/1_wl604425-0-0.webp,image,.webp,moore,,religious,https://mooreburkina.com/fr/dioula/marie-de-magdala-en-dioula;https://mooreburkina.com/fr/films-et-clips/le-film-de-magdala-en-moor%C3%A9,Marie de Magdala en mooré | Mooré Burkina Faso,,img,,,,
bf9ab0cd08850399,https://mooreburkina.com/modules/custom/arclight/images/MAG1/1_wl604426-0-0.webp,image,.webp,moore,,religious,https://mooreburkina.com/fr/dioula/marie-de-magdala-en-dioula;https://mooreburkina.com/fr/films-et-clips/le-film-de-magdala-en-moor%C3%A9,Marie de Magdala en mooré | Mooré Burkina Faso,,img,,,,
94bbf0fff1895be6,https://mooreburkina.com/modules/custom/arclight/images/MAG1/1_wl604427-0-0.webp,image,.webp,moore,,religious,https://mooreburkina.com/fr/dioula/marie-de-magdala-en-dioula;https://mooreburkina.com/fr/films-et-clips/le-film-de-magdala-en-moor%C3%A9,Marie de Magdala en mooré | Mooré Burkina Faso,,img,,,,
fd8b45bd719c4516,https://mooreburkina.com/modules/custom/arclight/images/MAG1/1_wl604428-0-0.webp,image,.webp,moore,,religious,https://mooreburkina.com/fr/dioula/marie-de-magdala-en-dioula;https://mooreburkina.com/fr/films-et-clips/le-film-de-magdala-en-moor%C3%A9,Marie de Magdala en mooré | Mooré Burkina Faso,,img,,,,
3ea378fbe7b9b6dc,https://mooreburkina.com/modules/custom/arclight/images/MAG1/1_wl604429-0-0.webp,image,.webp,moore,,religious,https://mooreburkina.com/fr/dioula/marie-de-magdala-en-dioula;https://mooreburkina.com/fr/films-et-clips/le-film-de-magdala-en-moor%C3%A9,Marie de Magdala en mooré | Mooré Burkina Faso,,img,,,,
0e07cb52be8f6084,https://mooreburkina.com/modules/custom/arclight/images/MAG1/1_wl604430-0-0.webp,image,.webp,moore,,religious,https://mooreburkina.com/fr/dioula/marie-de-magdala-en-dioula;https://mooreburkina.com/fr/films-et-clips/le-film-de-magdala-en-moor%C3%A9,Marie de Magdala en mooré | Mooré Burkina Faso,,img,,,,
b1a88e03990f7fda,https://mooreburkina.com/modules/custom/arclight/images/MAG1/1_wl604431-0-0.webp,image,.webp,moore,,religious,https://mooreburkina.com/fr/dioula/marie-de-magdala-en-dioula;https://mooreburkina.com/fr/films-et-clips/le-film-de-magdala-en-moor%C3%A9,Marie de Magdala en mooré | Mooré Burkina Faso,,img,,,,
0b05a8cdb76a5d58,https://mooreburkina.com/modules/custom/arclight/images/MAG1/1_wl604432-0-0.webp,image,.webp,moore,,religious,https://mooreburkina.com/fr/dioula/marie-de-magdala-en-dioula;https://mooreburkina.com/fr/films-et-clips/le-film-de-magdala-en-moor%C3%A9,Marie de Magdala en mooré | Mooré Burkina Faso,,img,,,,
ec6b4e71f06034b1,https://mooreburkina.com/modules/custom/arclight/images/MAG1/1_wl604433-0-0.webp,image,.webp,moore,,religious,https://mooreburkina.com/fr/dioula/marie-de-magdala-en-dioula;https://mooreburkina.com/fr/films-et-clips/le-film-de-magdala-en-moor%C3%A9,Marie de Magdala en mooré | Mooré Burkina Faso,,img,,,,
a59837aa4e93472b,https://mooreburkina.com/modules/custom/arclight/images/MAG1/1_wl604434-0-0.webp,image,.webp,moore,,religious,https://mooreburkina.com/fr/dioula/marie-de-magdala-en-dioula;https://mooreburkina.com/fr/films-et-clips/le-film-de-magdala-en-moor%C3%A9,Marie de Magdala en mooré | Mooré Burkina Faso,,img,,,,
4ab3684762b2606b,https://mooreburkina.com/modules/custom/arclight/images/MAG1/1_wl604435-0-0.webp,image,.webp,moore,,religious,https://mooreburkina.com/fr/dioula/marie-de-magdala-en-dioula;https://mooreburkina.com/fr/films-et-clips/le-film-de-magdala-en-moor%C3%A9,Marie de Magdala en mooré | Mooré Burkina Faso,,img,,,,
2773eabd68b028e1,https://mooreburkina.com/modules/custom/arclight/images/MAG1/1_wl604436-0-0.webp,image,.webp,moore,,religious,https://mooreburkina.com/fr/dioula/marie-de-magdala-en-dioula;https://mooreburkina.com/fr/films-et-clips/le-film-de-magdala-en-moor%C3%A9,Marie de Magdala en mooré | Mooré Burkina Faso,,img,,,,
93f47389d2880cb5,https://mooreburkina.com/modules/custom/arclight/images/MAG1/1_wl604437-0-0.webp,image,.webp,moore,,religious,https://mooreburkina.com/fr/dioula/marie-de-magdala-en-dioula;https://mooreburkina.com/fr/films-et-clips/le-film-de-magdala-en-moor%C3%A9,Marie de Magdala en mooré | Mooré Burkina Faso,,img,,,,
eefd1746b216c305,https://mooreburkina.com/modules/custom/arclight/images/MAG1/1_wl604438-0-0.webp,image,.webp,moore,,religious,https://mooreburkina.com/fr/dioula/marie-de-magdala-en-dioula;https://mooreburkina.com/fr/films-et-clips/le-film-de-magdala-en-moor%C3%A9,Marie de Magdala en mooré | Mooré Burkina Faso,,img,,,,
5c135e46485cd72a,https://mooreburkina.com/modules/custom/arclight/images/MAG1/1_wl604439-0-0.webp,image,.webp,moore,,religious,https://mooreburkina.com/fr/dioula/marie-de-magdala-en-dioula;https://mooreburkina.com/fr/films-et-clips/le-film-de-magdala-en-moor%C3%A9,Marie de Magdala en mooré | Mooré Burkina Faso,,img,,,,
cd7a324f466e351a,https://mooreburkina.com/modules/custom/arclight/images/MAG1/1_wl604440-0-0.webp,image,.webp,moore,,religious,https://mooreburkina.com/fr/dioula/marie-de-magdala-en-dioula;https://mooreburkina.com/fr/films-et-clips/le-film-de-magdala-en-moor%C3%A9,Marie de Magdala en mooré | Mooré Burkina Faso,,img,,,,
c855e4191a885919,https://mooreburkina.com/modules/custom/arclight/images/MAG1/1_wl604441-0-0.webp,image,.webp,moore,,religious,https://mooreburkina.com/fr/dioula/marie-de-magdala-en-dioula;https://mooreburkina.com/fr/films-et-clips/le-film-de-magdala-en-moor%C3%A9,Marie de Magdala en mooré | Mooré Burkina Faso,,img,,,,
4d27e6e29bcb6cc6,https://mooreburkina.com/modules/custom/arclight/images/MAG1/1_wl604442-0-0.webp,image,.webp,moore,,religious,https://mooreburkina.com/fr/dioula/marie-de-magdala-en-dioula;https://mooreburkina.com/fr/films-et-clips/le-film-de-magdala-en-moor%C3%A9,Marie de Magdala en mooré | Mooré Burkina Faso,,img,,,,
294c8e3b0c407af7,https://mooreburkina.com/modules/custom/arclight/images/MAG1/1_wl604443-0-0.webp,image,.webp,moore,,religious,https://mooreburkina.com/fr/dioula/marie-de-magdala-en-dioula;https://mooreburkina.com/fr/films-et-clips/le-film-de-magdala-en-moor%C3%A9,Marie de Magdala en mooré | Mooré Burkina Faso,,img,,,,
5fae129532e3b4a1,https://mooreburkina.com/modules/custom/arclight/images/MAG1/1_wl604444-0-0.webp,image,.webp,moore,,religious,https://mooreburkina.com/fr/dioula/marie-de-magdala-en-dioula;https://mooreburkina.com/fr/films-et-clips/le-film-de-magdala-en-moor%C3%A9,Marie de Magdala en mooré | Mooré Burkina Faso,,img,,,,
7ebc8ebf310799c6,https://mooreburkina.com/modules/custom/arclight/images/MAG1/MAG1.webp,image,.webp,moore,,religious,https://mooreburkina.com/fr/dioula/marie-de-magdala-en-dioula;https://mooreburkina.com/fr/films-et-clips/le-film-de-magdala-en-moor%C3%A9,Marie de Magdala en mooré | Mooré Burkina Faso,,img,,,,
f760c89337c9acfc,https://mooreburkina.com/modules/custom/wildfire_dbp/images/default_audio.webp,image,.webp,moore,,religious,https://mooreburkina.com/fr/dioula-fulfulde/%C3%A9couter-la-parole-de-dieu-en-dioula;https://mooreburkina.com/fr/dioula-fulfulde/%C3%A9couter-la-parole-de-dieu-en-fulfulde;https://mooreburkina.com/fr/parole-de-dieu/%C3%A9couter-le-nouveau-testament-en-moor%C3%A9,Écouter le Nouveau Testament en mooré | Mooré Burkina Faso,image,img,,,,
666c698ba6d9c976,https://mooreburkina.com/modules/custom/wildfire_dbp/images/luk/luk_0101.webp,image,.webp,moore,,religious,https://mooreburkina.com/fr/films-clips/evangile-de-luc;https://mooreburkina.com/fr/gulimancema/evangile-de-luc,Evangile de Luc | Mooré Burkina Faso,,img,,,,
c8738dff233873b5,https://mooreburkina.com/modules/custom/wildfire_dbp/images/luk/luk_0126.webp,image,.webp,moore,,religious,https://mooreburkina.com/fr/films-clips/evangile-de-luc;https://mooreburkina.com/fr/gulimancema/evangile-de-luc,Evangile de Luc | Mooré Burkina Faso,,img,,,,
2527814e040c20da,https://mooreburkina.com/modules/custom/wildfire_dbp/images/luk/luk_0157.webp,image,.webp,moore,,religious,https://mooreburkina.com/fr/films-clips/evangile-de-luc;https://mooreburkina.com/fr/gulimancema/evangile-de-luc,Evangile de Luc | Mooré Burkina Faso,,img,,,,
542f9d83d695941e,https://mooreburkina.com/modules/custom/wildfire_dbp/images/luk/luk_0201.webp,image,.webp,moore,,religious,https://mooreburkina.com/fr/films-clips/evangile-de-luc;https://mooreburkina.com/fr/gulimancema/evangile-de-luc,Evangile de Luc | Mooré Burkina Faso,,img,,,,
afee3e775882000c,https://mooreburkina.com/modules/custom/wildfire_dbp/images/luk/luk_0222.webp,image,.webp,moore,,religious,https://mooreburkina.com/fr/films-clips/evangile-de-luc;https://mooreburkina.com/fr/gulimancema/evangile-de-luc,Evangile de Luc | Mooré Burkina Faso,,img,,,,
1e6508d710380fca,https://mooreburkina.com/modules/custom/wildfire_dbp/images/luk/luk_0301.webp,image,.webp,moore,,religious,https://mooreburkina.com/fr/films-clips/evangile-de-luc;https://mooreburkina.com/fr/gulimancema/evangile-de-luc,Evangile de Luc | Mooré Burkina Faso,,img,,,,
5a15be509dd34a3f,https://mooreburkina.com/modules/custom/wildfire_dbp/images/luk/luk_0318.webp,image,.webp,moore,,religious,https://mooreburkina.com/fr/films-clips/evangile-de-luc;https://mooreburkina.com/fr/gulimancema/evangile-de-luc,Evangile de Luc | Mooré Burkina Faso,,img,,,,
52bb3993545c0158,https://mooreburkina.com/modules/custom/wildfire_dbp/images/luk/luk_0401.webp,image,.webp,moore,,religious,https://mooreburkina.com/fr/films-clips/evangile-de-luc;https://mooreburkina.com/fr/gulimancema/evangile-de-luc,Evangile de Luc | Mooré Burkina Faso,,img,,,,
669d25e288adeb08,https://mooreburkina.com/modules/custom/wildfire_dbp/images/luk/luk_0431.webp,image,.webp,moore,,religious,https://mooreburkina.com/fr/films-clips/evangile-de-luc;https://mooreburkina.com/fr/gulimancema/evangile-de-luc,Evangile de Luc | Mooré Burkina Faso,,img,,,,
316393d76738482d,https://mooreburkina.com/modules/custom/wildfire_dbp/images/luk/luk_0501.webp,image,.webp,moore,,religious,https://mooreburkina.com/fr/films-clips/evangile-de-luc;https://mooreburkina.com/fr/gulimancema/evangile-de-luc,Evangile de Luc | Mooré Burkina Faso,,img,,,,
63f05d63250d1da3,https://mooreburkina.com/modules/custom/wildfire_dbp/images/luk/luk_0517.webp,image,.webp,moore,,religious,https://mooreburkina.com/fr/films-clips/evangile-de-luc;https://mooreburkina.com/fr/gulimancema/evangile-de-luc,Evangile de Luc | Mooré Burkina Faso,,img,,,,
5b80a296887c408f,https://mooreburkina.com/modules/custom/wildfire_dbp/images/luk/luk_0601.webp,image,.webp,moore,,religious,https://mooreburkina.com/fr/films-clips/evangile-de-luc;https://mooreburkina.com/fr/gulimancema/evangile-de-luc,Evangile de Luc | Mooré Burkina Faso,,img,,,,
8202ee3532ec28b1,https://mooreburkina.com/modules/custom/wildfire_dbp/images/luk/luk_0617.webp,image,.webp,moore,,religious,https://mooreburkina.com/fr/films-clips/evangile-de-luc;https://mooreburkina.com/fr/gulimancema/evangile-de-luc,Evangile de Luc | Mooré Burkina Faso,,img,,,,
0393e19849710193,https://mooreburkina.com/modules/custom/wildfire_dbp/images/luk/luk_0701.webp,image,.webp,moore,,religious,https://mooreburkina.com/fr/films-clips/evangile-de-luc;https://mooreburkina.com/fr/gulimancema/evangile-de-luc,Evangile de Luc | Mooré Burkina Faso,,img,,,,
013e6e4c63a148c8,https://mooreburkina.com/modules/custom/wildfire_dbp/images/luk/luk_0736.webp,image,.webp,moore,,religious,https://mooreburkina.com/fr/films-clips/evangile-de-luc;https://mooreburkina.com/fr/gulimancema/evangile-de-luc,Evangile de Luc | Mooré Burkina Faso,,img,,,,
0534db86fc775579,https://mooreburkina.com/modules/custom/wildfire_dbp/images/luk/luk_0801.webp,image,.webp,moore,,religious,https://mooreburkina.com/fr/films-clips/evangile-de-luc;https://mooreburkina.com/fr/gulimancema/evangile-de-luc,Evangile de Luc | Mooré Burkina Faso,,img,,,,
3370ff6199ee0d87,https://mooreburkina.com/modules/custom/wildfire_dbp/images/luk/luk_0822.webp,image,.webp,moore,,religious,https://mooreburkina.com/fr/films-clips/evangile-de-luc;https://mooreburkina.com/fr/gulimancema/evangile-de-luc,Evangile de Luc | Mooré Burkina Faso,,img,,,,
b26882cb8fccd841,https://mooreburkina.com/modules/custom/wildfire_dbp/images/luk/luk_0840.webp,image,.webp,moore,,religious,https://mooreburkina.com/fr/films-clips/evangile-de-luc;https://mooreburkina.com/fr/gulimancema/evangile-de-luc,Evangile de Luc | Mooré Burkina Faso,,img,,,,
a4dde92340893fe2,https://mooreburkina.com/modules/custom/wildfire_dbp/images/luk/luk_0901.webp,image,.webp,moore,,religious,https://mooreburkina.com/fr/films-clips/evangile-de-luc;https://mooreburkina.com/fr/gulimancema/evangile-de-luc,Evangile de Luc | Mooré Burkina Faso,,img,,,,
06171eab3a1d45a6,https://mooreburkina.com/modules/custom/wildfire_dbp/images/luk/luk_0927.webp,image,.webp,moore,,religious,https://mooreburkina.com/fr/films-clips/evangile-de-luc;https://mooreburkina.com/fr/gulimancema/evangile-de-luc,Evangile de Luc | Mooré Burkina Faso,,img,,,,
5e6f4d8852dc7f51,https://mooreburkina.com/modules/custom/wildfire_dbp/images/luk/luk_1001.webp,image,.webp,moore,,religious,https://mooreburkina.com/fr/films-clips/evangile-de-luc;https://mooreburkina.com/fr/gulimancema/evangile-de-luc,Evangile de Luc | Mooré Burkina Faso,,img,,,,
e7bebf40560d8380,https://mooreburkina.com/modules/custom/wildfire_dbp/images/luk/luk_1025.webp,image,.webp,moore,,religious,https://mooreburkina.com/fr/films-clips/evangile-de-luc;https://mooreburkina.com/fr/gulimancema/evangile-de-luc,Evangile de Luc | Mooré Burkina Faso,,img,,,,
8dca85163778b19f,https://mooreburkina.com/modules/custom/wildfire_dbp/images/luk/luk_1101.webp,image,.webp,moore,,religious,https://mooreburkina.com/fr/films-clips/evangile-de-luc;https://mooreburkina.com/fr/gulimancema/evangile-de-luc,Evangile de Luc | Mooré Burkina Faso,,img,,,,
411c185cbefb3135,https://mooreburkina.com/modules/custom/wildfire_dbp/images/luk/luk_1124.webp,image,.webp,moore,,religious,https://mooreburkina.com/fr/films-clips/evangile-de-luc;https://mooreburkina.com/fr/gulimancema/evangile-de-luc,Evangile de Luc | Mooré Burkina Faso,,img,,,,
c3480e52be7a645d,https://mooreburkina.com/modules/custom/wildfire_dbp/images/luk/luk_1201.webp,image,.webp,moore,,religious,https://mooreburkina.com/fr/films-clips/evangile-de-luc;https://mooreburkina.com/fr/gulimancema/evangile-de-luc,Evangile de Luc | Mooré Burkina Faso,,img,,,,
2e791c6c1a8196c7,https://mooreburkina.com/modules/custom/wildfire_dbp/images/luk/luk_1232.webp,image,.webp,moore,,religious,https://mooreburkina.com/fr/films-clips/evangile-de-luc;https://mooreburkina.com/fr/gulimancema/evangile-de-luc,Evangile de Luc | Mooré Burkina Faso,,img,,,,
3aefd84ef5740190,https://mooreburkina.com/modules/custom/wildfire_dbp/images/luk/luk_1301.webp,image,.webp,moore,,religious,https://mooreburkina.com/fr/films-clips/evangile-de-luc;https://mooreburkina.com/fr/gulimancema/evangile-de-luc,Evangile de Luc | Mooré Burkina Faso,,img,,,,
92c9990b8c9dedf5,https://mooreburkina.com/modules/custom/wildfire_dbp/images/luk/luk_1322.webp,image,.webp,moore,,religious,https://mooreburkina.com/fr/films-clips/evangile-de-luc;https://mooreburkina.com/fr/gulimancema/evangile-de-luc,Evangile de Luc | Mooré Burkina Faso,,img,,,,
93a1dd166a895b98,https://mooreburkina.com/modules/custom/wildfire_dbp/images/luk/luk_1401.webp,image,.webp,moore,,religious,https://mooreburkina.com/fr/films-clips/evangile-de-luc;https://mooreburkina.com/fr/gulimancema/evangile-de-luc,Evangile de Luc | Mooré Burkina Faso,,img,,,,
a42e0cc1118a9665,https://mooreburkina.com/modules/custom/wildfire_dbp/images/luk/luk_1425.webp,image,.webp,moore,,religious,https://mooreburkina.com/fr/films-clips/evangile-de-luc;https://mooreburkina.com/fr/gulimancema/evangile-de-luc,Evangile de Luc | Mooré Burkina Faso,,img,,,,
fe86d86d1753ccc3,https://mooreburkina.com/modules/custom/wildfire_dbp/images/luk/luk_1501.webp,image,.webp,moore,,religious,https://mooreburkina.com/fr/films-clips/evangile-de-luc;https://mooreburkina.com/fr/gulimancema/evangile-de-luc,Evangile de Luc | Mooré Burkina Faso,,img,,,,
c5058c595ca3715f,https://mooreburkina.com/modules/custom/wildfire_dbp/images/luk/luk_1511.webp,image,.webp,moore,,religious,https://mooreburkina.com/fr/films-clips/evangile-de-luc;https://mooreburkina.com/fr/gulimancema/evangile-de-luc,Evangile de Luc | Mooré Burkina Faso,,img,,,,
1a3d75ccc1404b45,https://mooreburkina.com/modules/custom/wildfire_dbp/images/luk/luk_1601.webp,image,.webp,moore,,religious,https://mooreburkina.com/fr/films-clips/evangile-de-luc;https://mooreburkina.com/fr/gulimancema/evangile-de-luc,Evangile de Luc | Mooré Burkina Faso,,img,,,,
e2411debeedb63f1,https://mooreburkina.com/modules/custom/wildfire_dbp/images/luk/luk_1619.webp,image,.webp,moore,,religious,https://mooreburkina.com/fr/films-clips/evangile-de-luc;https://mooreburkina.com/fr/gulimancema/evangile-de-luc,Evangile de Luc | Mooré Burkina Faso,,img,,,,
83f5c4005c370026,https://mooreburkina.com/modules/custom/wildfire_dbp/images/luk/luk_1701.webp,image,.webp,moore,,religious,https://mooreburkina.com/fr/films-clips/evangile-de-luc;https://mooreburkina.com/fr/gulimancema/evangile-de-luc,Evangile de Luc | Mooré Burkina Faso,,img,,,,
261537d17019a2b7,https://mooreburkina.com/modules/custom/wildfire_dbp/images/luk/luk_1720.webp,image,.webp,moore,,religious,https://mooreburkina.com/fr/films-clips/evangile-de-luc;https://mooreburkina.com/fr/gulimancema/evangile-de-luc,Evangile de Luc | Mooré Burkina Faso,,img,,,,
5a2556dbd2dcd088,https://mooreburkina.com/modules/custom/wildfire_dbp/images/luk/luk_1801.webp,image,.webp,moore,,religious,https://mooreburkina.com/fr/films-clips/evangile-de-luc;https://mooreburkina.com/fr/gulimancema/evangile-de-luc,Evangile de Luc | Mooré Burkina Faso,,img,,,,
8b1cf173b111e9f5,https://mooreburkina.com/modules/custom/wildfire_dbp/images/luk/luk_1818.webp,image,.webp,moore,,religious,https://mooreburkina.com/fr/films-clips/evangile-de-luc;https://mooreburkina.com/fr/gulimancema/evangile-de-luc,Evangile de Luc | Mooré Burkina Faso,,img,,,,
38fe6a01a8ef7406,https://mooreburkina.com/modules/custom/wildfire_dbp/images/luk/luk_1901.webp,image,.webp,moore,,religious,https://mooreburkina.com/fr/films-clips/evangile-de-luc;https://mooreburkina.com/fr/gulimancema/evangile-de-luc,Evangile de Luc | Mooré Burkina Faso,,img,,,,
dce59775bdeb082e,https://mooreburkina.com/modules/custom/wildfire_dbp/images/luk/luk_1928.webp,image,.webp,moore,,religious,https://mooreburkina.com/fr/films-clips/evangile-de-luc;https://mooreburkina.com/fr/gulimancema/evangile-de-luc,Evangile de Luc | Mooré Burkina Faso,,img,,,,
44918fe0badc5700,https://mooreburkina.com/modules/custom/wildfire_dbp/images/luk/luk_2001.webp,image,.webp,moore,,religious,https://mooreburkina.com/fr/films-clips/evangile-de-luc;https://mooreburkina.com/fr/gulimancema/evangile-de-luc,Evangile de Luc | Mooré Burkina Faso,,img,,,,
658c18d3b14cfd04,https://mooreburkina.com/modules/custom/wildfire_dbp/images/luk/luk_2020.webp,image,.webp,moore,,religious,https://mooreburkina.com/fr/films-clips/evangile-de-luc,Evangile de Luc | Mooré Burkina Faso,,img,,,,
a1647d3d9a0da25b,https://mooreburkina.com/modules/custom/wildfire_dbp/images/luk/luk_2101.webp,image,.webp,moore,,religious,https://mooreburkina.com/fr/films-clips/evangile-de-luc;https://mooreburkina.com/fr/gulimancema/evangile-de-luc,Evangile de Luc | Mooré Burkina Faso,,img,,,,
d0069326ab3efe70,https://mooreburkina.com/modules/custom/wildfire_dbp/images/luk/luk_2129.webp,image,.webp,moore,,religious,https://mooreburkina.com/fr/films-clips/evangile-de-luc;https://mooreburkina.com/fr/gulimancema/evangile-de-luc,Evangile de Luc | Mooré Burkina Faso,,img,,,,
934bca769b447212,https://mooreburkina.com/modules/custom/wildfire_dbp/images/luk/luk_2201.webp,image,.webp,moore,,religious,https://mooreburkina.com/fr/films-clips/evangile-de-luc;https://mooreburkina.com/fr/gulimancema/evangile-de-luc,Evangile de Luc | Mooré Burkina Faso,,img,,,,
0724710f4bfcde47,https://mooreburkina.com/modules/custom/wildfire_dbp/images/luk/luk_2239.webp,image,.webp,moore,,religious,https://mooreburkina.com/fr/films-clips/evangile-de-luc;https://mooreburkina.com/fr/gulimancema/evangile-de-luc,Evangile de Luc | Mooré Burkina Faso,,img,,,,
18bc86f75c5557e9,https://mooreburkina.com/modules/custom/wildfire_dbp/images/luk/luk_2301.webp,image,.webp,moore,,religious,https://mooreburkina.com/fr/films-clips/evangile-de-luc;https://mooreburkina.com/fr/gulimancema/evangile-de-luc,Evangile de Luc | Mooré Burkina Faso,,img,,,,
17e0fb090e8c67b6,https://mooreburkina.com/modules/custom/wildfire_dbp/images/luk/luk_2326.webp,image,.webp,moore,,religious,https://mooreburkina.com/fr/films-clips/evangile-de-luc;https://mooreburkina.com/fr/gulimancema/evangile-de-luc,Evangile de Luc | Mooré Burkina Faso,,img,,,,
0b17dc5ec39f6dcb,https://mooreburkina.com/modules/custom/wildfire_dbp/images/luk/luk_2344.webp,image,.webp,moore,,religious,https://mooreburkina.com/fr/films-clips/evangile-de-luc;https://mooreburkina.com/fr/gulimancema/evangile-de-luc,Evangile de Luc | Mooré Burkina Faso,,img,,,,
3dfa4326a351a339,https://mooreburkina.com/modules/custom/wildfire_dbp/images/luk/luk_2401.webp,image,.webp,moore,,religious,https://mooreburkina.com/fr/films-clips/evangile-de-luc;https://mooreburkina.com/fr/gulimancema/evangile-de-luc,Evangile de Luc | Mooré Burkina Faso,,img,,,,
64e4bdd1c721aeed,https://mooreburkina.com/modules/custom/wildfire_dbp/images/luk/luk_2436.webp,image,.webp,moore,,religious,https://mooreburkina.com/fr/films-clips/evangile-de-luc;https://mooreburkina.com/fr/gulimancema/evangile-de-luc,Evangile de Luc | Mooré Burkina Faso,,img,,,,
cab3bf133904a6a5,https://mooreburkina.com/modules/custom/wildfire_dbp/images/luk/luk_credits.webp,image,.webp,moore,,religious,https://mooreburkina.com/fr/films-clips/evangile-de-luc;https://mooreburkina.com/fr/gulimancema/evangile-de-luc,Evangile de Luc | Mooré Burkina Faso,,img,,,,
f8dba10b77541937,https://mooreburkina.com/modules/custom/wildfire_dbp/images/mrk/mrk_0101.webp,image,.webp,moore,,religious,https://mooreburkina.com/fr/dioula/evangile-de-marc-en-dioula;https://mooreburkina.com/fr/films-clips/evangile-de-marc-prot;https://mooreburkina.com/fr/films-clips/evangile-selon-marc-cath;https://mooreburkina.com/fr/fulfulde/evangile-de-marc-fulfulde-massina;https://mooreburkina.com/fr/gulimancema/marc-en-gurmancema,Evangile de Marc (Prot.) | Mooré Burkina Faso,,img,,,,
a06729da011e3f83,https://mooreburkina.com/modules/custom/wildfire_dbp/images/mrk/mrk_0114.webp,image,.webp,moore,,religious,https://mooreburkina.com/fr/dioula/evangile-de-marc-en-dioula;https://mooreburkina.com/fr/films-clips/evangile-de-marc-prot;https://mooreburkina.com/fr/films-clips/evangile-selon-marc-cath;https://mooreburkina.com/fr/gulimancema/marc-en-gurmancema,Evangile de Marc (Prot.) | Mooré Burkina Faso,,img,,,,
58b17437b00dd3a9,https://mooreburkina.com/modules/custom/wildfire_dbp/images/mrk/mrk_0132.webp,image,.webp,moore,,religious,https://mooreburkina.com/fr/films-clips/evangile-de-marc-prot,Evangile de Marc (Prot.) | Mooré Burkina Faso,,img,,,,
62a8853f92bd5654,https://mooreburkina.com/modules/custom/wildfire_dbp/images/mrk/mrk_0201.webp,image,.webp,moore,,religious,https://mooreburkina.com/fr/dioula/evangile-de-marc-en-dioula;https://mooreburkina.com/fr/films-clips/evangile-de-marc-prot;https://mooreburkina.com/fr/films-clips/evangile-selon-marc-cath;https://mooreburkina.com/fr/fulfulde/evangile-de-marc-fulfulde-massina;https://mooreburkina.com/fr/gulimancema/marc-en-gurmancema,Evangile de Marc (Prot.) | Mooré Burkina Faso,,img,,,,
a6ceac49cbc3bd0f,https://mooreburkina.com/modules/custom/wildfire_dbp/images/mrk/mrk_0213.webp,image,.webp,moore,,religious,https://mooreburkina.com/fr/dioula/evangile-de-marc-en-dioula;https://mooreburkina.com/fr/films-clips/evangile-de-marc-prot;https://mooreburkina.com/fr/films-clips/evangile-selon-marc-cath;https://mooreburkina.com/fr/gulimancema/marc-en-gurmancema,Evangile de Marc (Prot.) | Mooré Burkina Faso,,img,,,,
364b44b857d8fea7,https://mooreburkina.com/modules/custom/wildfire_dbp/images/mrk/mrk_0301.webp,image,.webp,moore,,religious,https://mooreburkina.com/fr/dioula/evangile-de-marc-en-dioula;https://mooreburkina.com/fr/films-clips/evangile-de-marc-prot;https://mooreburkina.com/fr/films-clips/evangile-selon-marc-cath;https://mooreburkina.com/fr/fulfulde/evangile-de-marc-fulfulde-massina;https://mooreburkina.com/fr/gulimancema/marc-en-gurmancema,Evangile de Marc (Prot.) | Mooré Burkina Faso,,img,,,,
e9bc790b91d9714d,https://mooreburkina.com/modules/custom/wildfire_dbp/images/mrk/mrk_0320.webp,image,.webp,moore,,religious,https://mooreburkina.com/fr/dioula/evangile-de-marc-en-dioula;https://mooreburkina.com/fr/films-clips/evangile-de-marc-prot;https://mooreburkina.com/fr/films-clips/evangile-selon-marc-cath;https://mooreburkina.com/fr/fulfulde/evangile-de-marc-fulfulde-massina;https://mooreburkina.com/fr/gulimancema/marc-en-gurmancema,Evangile de Marc (Prot.) | Mooré Burkina Faso,,img,,,,
f7db6b39960b2dd7,https://mooreburkina.com/modules/custom/wildfire_dbp/images/mrk/mrk_0401.webp,image,.webp,moore,,religious,https://mooreburkina.com/fr/dioula/evangile-de-marc-en-dioula;https://mooreburkina.com/fr/films-clips/evangile-de-marc-prot;https://mooreburkina.com/fr/films-clips/evangile-selon-marc-cath;https://mooreburkina.com/fr/fulfulde/evangile-de-marc-fulfulde-massina;https://mooreburkina.com/fr/gulimancema/marc-en-gurmancema,Evangile de Marc (Prot.) | Mooré Burkina Faso,,img,,,,
cfebe9bd36296d51,https://mooreburkina.com/modules/custom/wildfire_dbp/images/mrk/mrk_0421.webp,image,.webp,moore,,religious,https://mooreburkina.com/fr/dioula/evangile-de-marc-en-dioula;https://mooreburkina.com/fr/films-clips/evangile-de-marc-prot;https://mooreburkina.com/fr/films-clips/evangile-selon-marc-cath;https://mooreburkina.com/fr/fulfulde/evangile-de-marc-fulfulde-massina;https://mooreburkina.com/fr/gulimancema/marc-en-gurmancema,Evangile de Marc (Prot.) | Mooré Burkina Faso,,img,,,,
48d5fb3ed0f20282,https://mooreburkina.com/modules/custom/wildfire_dbp/images/mrk/mrk_0501.webp,image,.webp,moore,,religious,https://mooreburkina.com/fr/dioula/evangile-de-marc-en-dioula;https://mooreburkina.com/fr/films-clips/evangile-de-marc-prot;https://mooreburkina.com/fr/films-clips/evangile-selon-marc-cath;https://mooreburkina.com/fr/fulfulde/evangile-de-marc-fulfulde-massina;https://mooreburkina.com/fr/gulimancema/marc-en-gurmancema,Evangile de Marc (Prot.) | Mooré Burkina Faso,,img,,,,
aa5c367e1c2dbb45,https://mooreburkina.com/modules/custom/wildfire_dbp/images/mrk/mrk_0519.webp,image,.webp,moore,,religious,https://mooreburkina.com/fr/dioula/evangile-de-marc-en-dioula;https://mooreburkina.com/fr/films-clips/evangile-de-marc-prot;https://mooreburkina.com/fr/films-clips/evangile-selon-marc-cath;https://mooreburkina.com/fr/fulfulde/evangile-de-marc-fulfulde-massina;https://mooreburkina.com/fr/gulimancema/marc-en-gurmancema,Evangile de Marc (Prot.) | Mooré Burkina Faso,,img,,,,
d2a1bb2f41c5e211,https://mooreburkina.com/modules/custom/wildfire_dbp/images/mrk/mrk_0601.webp,image,.webp,moore,,religious,https://mooreburkina.com/fr/dioula/evangile-de-marc-en-dioula;https://mooreburkina.com/fr/films-clips/evangile-de-marc-prot;https://mooreburkina.com/fr/films-clips/evangile-selon-marc-cath;https://mooreburkina.com/fr/fulfulde/evangile-de-marc-fulfulde-massina;https://mooreburkina.com/fr/gulimancema/marc-en-gurmancema,Evangile de Marc (Prot.) | Mooré Burkina Faso,,img,,,,
2b99696c151d4dd0,https://mooreburkina.com/modules/custom/wildfire_dbp/images/mrk/mrk_0614.webp,image,.webp,moore,,religious,https://mooreburkina.com/fr/films-clips/evangile-selon-marc-cath;https://mooreburkina.com/fr/fulfulde/evangile-de-marc-fulfulde-massina;https://mooreburkina.com/fr/gulimancema/marc-en-gurmancema,Evangile selon Marc (Cath.) | Mooré Burkina Faso,,img,,,,
813f08c461aaf265,https://mooreburkina.com/modules/custom/wildfire_dbp/images/mrk/mrk_0630.webp,image,.webp,moore,,religious,https://mooreburkina.com/fr/dioula/evangile-de-marc-en-dioula;https://mooreburkina.com/fr/films-clips/evangile-de-marc-prot;https://mooreburkina.com/fr/films-clips/evangile-selon-marc-cath;https://mooreburkina.com/fr/fulfulde/evangile-de-marc-fulfulde-massina;https://mooreburkina.com/fr/gulimancema/marc-en-gurmancema,Evangile de Marc (Prot.) | Mooré Burkina Faso,,img,,,,
ef22b5fed4fb4234,https://mooreburkina.com/modules/custom/wildfire_dbp/images/mrk/mrk_0701.webp,image,.webp,moore,,religious,https://mooreburkina.com/fr/dioula/evangile-de-marc-en-dioula;https://mooreburkina.com/fr/films-clips/evangile-de-marc-prot;https://mooreburkina.com/fr/films-clips/evangile-selon-marc-cath;https://mooreburkina.com/fr/fulfulde/evangile-de-marc-fulfulde-massina;https://mooreburkina.com/fr/gulimancema/marc-en-gurmancema,Evangile de Marc (Prot.) | Mooré Burkina Faso,,img,,,,
29cb942d14c28307,https://mooreburkina.com/modules/custom/wildfire_dbp/images/mrk/mrk_0724.webp,image,.webp,moore,,religious,https://mooreburkina.com/fr/dioula/evangile-de-marc-en-dioula;https://mooreburkina.com/fr/films-clips/evangile-de-marc-prot;https://mooreburkina.com/fr/films-clips/evangile-selon-marc-cath;https://mooreburkina.com/fr/fulfulde/evangile-de-marc-fulfulde-massina;https://mooreburkina.com/fr/gulimancema/marc-en-gurmancema,Evangile de Marc (Prot.) | Mooré Burkina Faso,,img,,,,
52088b5c4fb33f49,https://mooreburkina.com/modules/custom/wildfire_dbp/images/mrk/mrk_0801.webp,image,.webp,moore,,religious,https://mooreburkina.com/fr/dioula/evangile-de-marc-en-dioula;https://mooreburkina.com/fr/films-clips/evangile-de-marc-prot;https://mooreburkina.com/fr/films-clips/evangile-selon-marc-cath;https://mooreburkina.com/fr/fulfulde/evangile-de-marc-fulfulde-massina;https://mooreburkina.com/fr/gulimancema/marc-en-gurmancema,Evangile de Marc (Prot.) | Mooré Burkina Faso,,img,,,,
17ced2f02993271d,https://mooreburkina.com/modules/custom/wildfire_dbp/images/mrk/mrk_0822.webp,image,.webp,moore,,religious,https://mooreburkina.com/fr/dioula/evangile-de-marc-en-dioula;https://mooreburkina.com/fr/films-clips/evangile-de-marc-prot;https://mooreburkina.com/fr/films-clips/evangile-selon-marc-cath;https://mooreburkina.com/fr/gulimancema/marc-en-gurmancema,Evangile de Marc (Prot.) | Mooré Burkina Faso,,img,,,,
55b9e08f87a97dbe,https://mooreburkina.com/modules/custom/wildfire_dbp/images/mrk/mrk_0901.webp,image,.webp,moore,,religious,https://mooreburkina.com/fr/dioula/evangile-de-marc-en-dioula;https://mooreburkina.com/fr/films-clips/evangile-de-marc-prot;https://mooreburkina.com/fr/films-clips/evangile-selon-marc-cath;https://mooreburkina.com/fr/fulfulde/evangile-de-marc-fulfulde-massina;https://mooreburkina.com/fr/gulimancema/marc-en-gurmancema,Evangile de Marc (Prot.) | Mooré Burkina Faso,,img,,,,
080a0522fe621ff0,https://mooreburkina.com/modules/custom/wildfire_dbp/images/mrk/mrk_0913.webp,image,.webp,moore,,religious,https://mooreburkina.com/fr/dioula/evangile-de-marc-en-dioula;https://mooreburkina.com/fr/films-clips/evangile-de-marc-prot;https://mooreburkina.com/fr/films-clips/evangile-selon-marc-cath;https://mooreburkina.com/fr/fulfulde/evangile-de-marc-fulfulde-massina;https://mooreburkina.com/fr/gulimancema/marc-en-gurmancema,Evangile de Marc (Prot.) | Mooré Burkina Faso,,img,,,,
1175f74b3fe0e1d1,https://mooreburkina.com/modules/custom/wildfire_dbp/images/mrk/mrk_0933.webp,image,.webp,moore,,religious,https://mooreburkina.com/fr/dioula/evangile-de-marc-en-dioula;https://mooreburkina.com/fr/films-clips/evangile-de-marc-prot;https://mooreburkina.com/fr/films-clips/evangile-selon-marc-cath;https://mooreburkina.com/fr/gulimancema/marc-en-gurmancema,Evangile de Marc (Prot.) | Mooré Burkina Faso,,img,,,,
65e2f41c8099d2b0,https://mooreburkina.com/modules/custom/wildfire_dbp/images/mrk/mrk_1001.webp,image,.webp,moore,,religious,https://mooreburkina.com/fr/dioula/evangile-de-marc-en-dioula;https://mooreburkina.com/fr/films-clips/evangile-de-marc-prot;https://mooreburkina.com/fr/films-clips/evangile-selon-marc-cath;https://mooreburkina.com/fr/fulfulde/evangile-de-marc-fulfulde-massina;https://mooreburkina.com/fr/gulimancema/marc-en-gurmancema,Evangile de Marc (Prot.) | Mooré Burkina Faso,,img,,,,
b7a30c8872527f56,https://mooreburkina.com/modules/custom/wildfire_dbp/images/mrk/mrk_1017.webp,image,.webp,moore,,religious,https://mooreburkina.com/fr/dioula/evangile-de-marc-en-dioula;https://mooreburkina.com/fr/films-clips/evangile-de-marc-prot;https://mooreburkina.com/fr/films-clips/evangile-selon-marc-cath;https://mooreburkina.com/fr/fulfulde/evangile-de-marc-fulfulde-massina;https://mooreburkina.com/fr/gulimancema/marc-en-gurmancema,Evangile de Marc (Prot.) | Mooré Burkina Faso,,img,,,,
1ec8f01fa1e2f9e8,https://mooreburkina.com/modules/custom/wildfire_dbp/images/mrk/mrk_1035.webp,image,.webp,moore,,religious,https://mooreburkina.com/fr/dioula/evangile-de-marc-en-dioula;https://mooreburkina.com/fr/films-clips/evangile-de-marc-prot;https://mooreburkina.com/fr/films-clips/evangile-selon-marc-cath;https://mooreburkina.com/fr/gulimancema/marc-en-gurmancema,Evangile de Marc (Prot.) | Mooré Burkina Faso,,img,,,,
24ad6a0400ade5af,https://mooreburkina.com/modules/custom/wildfire_dbp/images/mrk/mrk_1101.webp,image,.webp,moore,,religious,https://mooreburkina.com/fr/dioula/evangile-de-marc-en-dioula;https://mooreburkina.com/fr/films-clips/evangile-de-marc-prot;https://mooreburkina.com/fr/films-clips/evangile-selon-marc-cath;https://mooreburkina.com/fr/fulfulde/evangile-de-marc-fulfulde-massina;https://mooreburkina.com/fr/gulimancema/marc-en-gurmancema,Evangile de Marc (Prot.) | Mooré Burkina Faso,,img,,,,
4334856dc4b6c04e,https://mooreburkina.com/modules/custom/wildfire_dbp/images/mrk/mrk_1112.webp,image,.webp,moore,,religious,https://mooreburkina.com/fr/dioula/evangile-de-marc-en-dioula;https://mooreburkina.com/fr/films-clips/evangile-de-marc-prot;https://mooreburkina.com/fr/films-clips/evangile-selon-marc-cath;https://mooreburkina.com/fr/fulfulde/evangile-de-marc-fulfulde-massina;https://mooreburkina.com/fr/gulimancema/marc-en-gurmancema,Evangile de Marc (Prot.) | Mooré Burkina Faso,,img,,,,
d7241677863a5065,https://mooreburkina.com/modules/custom/wildfire_dbp/images/mrk/mrk_1201.webp,image,.webp,moore,,religious,https://mooreburkina.com/fr/dioula/evangile-de-marc-en-dioula;https://mooreburkina.com/fr/films-clips/evangile-de-marc-prot;https://mooreburkina.com/fr/films-clips/evangile-selon-marc-cath;https://mooreburkina.com/fr/fulfulde/evangile-de-marc-fulfulde-massina;https://mooreburkina.com/fr/gulimancema/marc-en-gurmancema,Evangile de Marc (Prot.) | Mooré Burkina Faso,,img,,,,
ec6153eb54573690,https://mooreburkina.com/modules/custom/wildfire_dbp/images/mrk/mrk_1218.webp,image,.webp,moore,,religious,https://mooreburkina.com/fr/dioula/evangile-de-marc-en-dioula;https://mooreburkina.com/fr/films-clips/evangile-de-marc-prot;https://mooreburkina.com/fr/films-clips/evangile-selon-marc-cath;https://mooreburkina.com/fr/fulfulde/evangile-de-marc-fulfulde-massina;https://mooreburkina.com/fr/gulimancema/marc-en-gurmancema,Evangile de Marc (Prot.) | Mooré Burkina Faso,,img,,,,
660cd1cc8a353605,https://mooreburkina.com/modules/custom/wildfire_dbp/images/mrk/mrk_1235.webp,image,.webp,moore,,religious,https://mooreburkina.com/fr/dioula/evangile-de-marc-en-dioula;https://mooreburkina.com/fr/films-clips/evangile-de-marc-prot;https://mooreburkina.com/fr/films-clips/evangile-selon-marc-cath;https://mooreburkina.com/fr/gulimancema/marc-en-gurmancema,Evangile de Marc (Prot.) | Mooré Burkina Faso,,img,,,,
5f803e05e8b019c6,https://mooreburkina.com/modules/custom/wildfire_dbp/images/mrk/mrk_1301.webp,image,.webp,moore,,religious,https://mooreburkina.com/fr/dioula/evangile-de-marc-en-dioula;https://mooreburkina.com/fr/films-clips/evangile-de-marc-prot;https://mooreburkina.com/fr/films-clips/evangile-selon-marc-cath;https://mooreburkina.com/fr/fulfulde/evangile-de-marc-fulfulde-massina;https://mooreburkina.com/fr/gulimancema/marc-en-gurmancema,Evangile de Marc (Prot.) | Mooré Burkina Faso,,img,,,,
e3f8f8b4d047dd38,https://mooreburkina.com/modules/custom/wildfire_dbp/images/mrk/mrk_1328.webp,image,.webp,moore,,religious,https://mooreburkina.com/fr/dioula/evangile-de-marc-en-dioula;https://mooreburkina.com/fr/films-clips/evangile-de-marc-prot;https://mooreburkina.com/fr/films-clips/evangile-selon-marc-cath;https://mooreburkina.com/fr/gulimancema/marc-en-gurmancema,Evangile de Marc (Prot.) | Mooré Burkina Faso,,img,,,,
ce79c6451050994c,https://mooreburkina.com/modules/custom/wildfire_dbp/images/mrk/mrk_1401.webp,image,.webp,moore,,religious,https://mooreburkina.com/fr/dioula/evangile-de-marc-en-dioula;https://mooreburkina.com/fr/films-clips/evangile-de-marc-prot;https://mooreburkina.com/fr/films-clips/evangile-selon-marc-cath;https://mooreburkina.com/fr/fulfulde/evangile-de-marc-fulfulde-massina;https://mooreburkina.com/fr/gulimancema/marc-en-gurmancema,Evangile de Marc (Prot.) | Mooré Burkina Faso,,img,,,,
7d7e58c4cb12824e,https://mooreburkina.com/modules/custom/wildfire_dbp/images/mrk/mrk_1412.webp,image,.webp,moore,,religious,https://mooreburkina.com/fr/dioula/evangile-de-marc-en-dioula;https://mooreburkina.com/fr/films-clips/evangile-selon-marc-cath;https://mooreburkina.com/fr/gulimancema/marc-en-gurmancema,Evangile selon Marc (Cath.) | Mooré Burkina Faso,,img,,,,
7f5a24e552cac7df,https://mooreburkina.com/modules/custom/wildfire_dbp/images/mrk/mrk_1432.webp,image,.webp,moore,,religious,https://mooreburkina.com/fr/dioula/evangile-de-marc-en-dioula;https://mooreburkina.com/fr/films-clips/evangile-de-marc-prot;https://mooreburkina.com/fr/films-clips/evangile-selon-marc-cath;https://mooreburkina.com/fr/fulfulde/evangile-de-marc-fulfulde-massina;https://mooreburkina.com/fr/gulimancema/marc-en-gurmancema,Evangile de Marc (Prot.) | Mooré Burkina Faso,,img,,,,
61afa76ff8b73428,https://mooreburkina.com/modules/custom/wildfire_dbp/images/mrk/mrk_1453.webp,image,.webp,moore,,religious,https://mooreburkina.com/fr/dioula/evangile-de-marc-en-dioula;https://mooreburkina.com/fr/films-clips/evangile-de-marc-prot;https://mooreburkina.com/fr/films-clips/evangile-selon-marc-cath;https://mooreburkina.com/fr/fulfulde/evangile-de-marc-fulfulde-massina;https://mooreburkina.com/fr/gulimancema/marc-en-gurmancema,Evangile de Marc (Prot.) | Mooré Burkina Faso,,img,,,,
262557646f2e7838,https://mooreburkina.com/modules/custom/wildfire_dbp/images/mrk/mrk_1501.webp,image,.webp,moore,,religious,https://mooreburkina.com/fr/dioula/evangile-de-marc-en-dioula;https://mooreburkina.com/fr/films-clips/evangile-de-marc-prot;https://mooreburkina.com/fr/films-clips/evangile-selon-marc-cath;https://mooreburkina.com/fr/fulfulde/evangile-de-marc-fulfulde-massina;https://mooreburkina.com/fr/gulimancema/marc-en-gurmancema,Evangile de Marc (Prot.) | Mooré Burkina Faso,,img,,,,
439b07c8e64d829e,https://mooreburkina.com/modules/custom/wildfire_dbp/images/mrk/mrk_1521.webp,image,.webp,moore,,religious,https://mooreburkina.com/fr/dioula/evangile-de-marc-en-dioula;https://mooreburkina.com/fr/films-clips/evangile-de-marc-prot;https://mooreburkina.com/fr/films-clips/evangile-selon-marc-cath;https://mooreburkina.com/fr/fulfulde/evangile-de-marc-fulfulde-massina;https://mooreburkina.com/fr/gulimancema/marc-en-gurmancema,Evangile de Marc (Prot.) | Mooré Burkina Faso,,img,,,,
0b3615bf3e4af0f5,https://mooreburkina.com/modules/custom/wildfire_dbp/images/mrk/mrk_1601.webp,image,.webp,moore,,religious,https://mooreburkina.com/fr/dioula/evangile-de-marc-en-dioula;https://mooreburkina.com/fr/films-clips/evangile-de-marc-prot;https://mooreburkina.com/fr/films-clips/evangile-selon-marc-cath;https://mooreburkina.com/fr/fulfulde/evangile-de-marc-fulfulde-massina;https://mooreburkina.com/fr/gulimancema/marc-en-gurmancema,Evangile de Marc (Prot.) | Mooré Burkina Faso,,img,,,,
b84bb4cedea7c16e,https://mooreburkina.com/modules/custom/wildfire_dbp/images/mrk/mrk_credits.webp,image,.webp,moore,,religious,https://mooreburkina.com/fr/dioula/evangile-de-marc-en-dioula;https://mooreburkina.com/fr/films-clips/evangile-de-marc-prot;https://mooreburkina.com/fr/films-clips/evangile-selon-marc-cath;https://mooreburkina.com/fr/fulfulde/evangile-de-marc-fulfulde-massina;https://mooreburkina.com/fr/gulimancema/marc-en-gurmancema,Evangile de Marc (Prot.) | Mooré Burkina Faso,,img,,,,
c55f5e4511eefcf0,https://mooreburkina.com/modules/custom/wildfire_pwa/pwa.gif,image,.gif,moore,,other,https://mooreburkina.com/fr/pwa/instructions,Instructions d'installation de Progressive Web App | Mooré Burkina Faso,PWA Instruction,img,,,,
46846b4c4e78dc3f,https://mooreburkina.com/sites/www.mooreburkina.com/files/styles/gallery/public/gallery-images/Boeuf.jpg.webp?itok=0k-h_-6O,image,.webp,moore,,image_culture,https://mooreburkina.com/fr/images/animaux,Animaux | Mooré Burkina Faso,"naafo / boeuf (bovin, vache) / cow (bovine, ox)",img,,,,
a4a08cc46280f7ed,https://mooreburkina.com/sites/www.mooreburkina.com/files/styles/gallery/public/gallery-images/Hippo.JPG.webp?itok=qAgyAvNN,image,.webp,moore,,image_culture,https://mooreburkina.com/fr/images/animaux,Animaux | Mooré Burkina Faso,yemde / hippopotame / hippopotamus,img,,,,
5afa6feb5c39ee02,https://mooreburkina.com/sites/www.mooreburkina.com/files/styles/gallery/public/gallery-images/Hippotrague.jpg.webp?itok=o2DJrTgH,image,.webp,moore,,image_culture,https://mooreburkina.com/fr/images/animaux,Animaux | Mooré Burkina Faso,walpeoolgo (wilpeoolgo) / hippotrague (antilope chevaline) / roan antelope,img,,,,
23332cea24fdd937,https://mooreburkina.com/sites/www.mooreburkina.com/files/styles/gallery/public/gallery-images/Oryct%C3%A9rope.jpg.webp?itok=vGLHUw7Y,image,.webp,moore,,image_culture,https://mooreburkina.com/fr/images/animaux,Animaux | Mooré Burkina Faso,tãnturi / oryctérope (fourmilier) / aardvark,img,,,,
e15ceac7888cef29,https://mooreburkina.com/sites/www.mooreburkina.com/files/styles/gallery/public/gallery-images/Phyton.jpg.webp?itok=U0YHWdf_,image,.webp,moore,,image_culture,https://mooreburkina.com/fr/images/animaux,Animaux | Mooré Burkina Faso,wag-kẽoonfo (wag-kẽema) / python des rochers / Rock Python,img,,,,
dbc595b15bcfbae1,https://mooreburkina.com/sites/www.mooreburkina.com/files/styles/gallery/public/gallery-images/Rat.jpg.webp?itok=kooeyHZL,image,.webp,moore,,image_culture,https://mooreburkina.com/fr/images/animaux,Animaux | Mooré Burkina Faso,rayʋʋga / rat voleur (rat de Gambie) / gian Gambian rat,img,,,,
1bf085e821147433,https://mooreburkina.com/sites/www.mooreburkina.com/files/styles/gallery/public/gallery-images/aigle%20bateleur.jpg.webp?itok=6YhUk2mM,image,.webp,moore,,image_culture,https://mooreburkina.com/fr/images/animaux,Animaux | Mooré Burkina Faso,pā-nand-tugri / aigle bateleur / Bateleur eagle,img,,,,
7a0c5bdd595435c0,https://mooreburkina.com/sites/www.mooreburkina.com/files/styles/gallery/public/gallery-images/ane.jpg.webp?itok=zXIHSash,image,.webp,moore,,image_culture,https://mooreburkina.com/fr/images/animaux,Animaux | Mooré Burkina Faso,bõanga / âne / donkey,img,,,,
e38ddc82a93263e1,https://mooreburkina.com/sites/www.mooreburkina.com/files/styles/gallery/public/gallery-images/babouin.jpg.webp?itok=BTNgivQG,image,.webp,moore,,image_culture,https://mooreburkina.com/fr/images/animaux,Animaux | Mooré Burkina Faso,wãm-kãdga (kãdaga) / babouin / baboon,img,,,,
3d5320904d6be5bf,https://mooreburkina.com/sites/www.mooreburkina.com/files/styles/gallery/public/gallery-images/cheval%202.jpg.webp?itok=b0zD1bTx,image,.webp,moore,,image_culture,https://mooreburkina.com/fr/images/animaux,Animaux | Mooré Burkina Faso,weefo / cheval / horse,img,,,,
e9b88f85654eb3c9,https://mooreburkina.com/sites/www.mooreburkina.com/files/styles/gallery/public/gallery-images/chien.jpg.webp?itok=iz7Ggo1B,image,.webp,moore,,image_culture,https://mooreburkina.com/fr/images/animaux,Animaux | Mooré Burkina Faso,baaga / chien / dog,img,,,,
8250a09a7199d1db,https://mooreburkina.com/sites/www.mooreburkina.com/files/styles/gallery/public/gallery-images/cobe%20de%20buffon.jpg.webp?itok=0h8TwaTt,image,.webp,moore,,image_culture,https://mooreburkina.com/fr/images/animaux,Animaux | Mooré Burkina Faso,monfo / cobe de Buffon / Buffon's Kob,img,,,,
34b10dc086287eff,https://mooreburkina.com/sites/www.mooreburkina.com/files/styles/gallery/public/gallery-images/crocodile.jpg.webp?itok=8Ny7_T8g,image,.webp,moore,,image_culture,https://mooreburkina.com/fr/images/animaux,Animaux | Mooré Burkina Faso,yẽbga / crocodile (caïman) / crocodile,img,,,,
70dcc08cd8c97c30,https://mooreburkina.com/sites/www.mooreburkina.com/files/styles/gallery/public/gallery-images/ecureuil.jpg.webp?itok=ITV2P-rk,image,.webp,moore,,image_culture,https://mooreburkina.com/fr/images/animaux,Animaux | Mooré Burkina Faso,kɩɩga / écureuil fouisseur (rat palmiste) / stripped ground squirrel,img,,,,
742496f6aa06e583,https://mooreburkina.com/sites/www.mooreburkina.com/files/styles/gallery/public/gallery-images/elephant.jpg.webp?itok=0_xPWkoX,image,.webp,moore,,image_culture,https://mooreburkina.com/fr/images/animaux,Animaux | Mooré Burkina Faso,wobgo / eléphant / elephant,img,,,,
5721bda4101f12bb,https://mooreburkina.com/sites/www.mooreburkina.com/files/styles/gallery/public/gallery-images/heron%20cendre%20grey%20heron.jpg.webp?itok=lGhtkGXu,image,.webp,moore,,image_culture,https://mooreburkina.com/fr/images/animaux,Animaux | Mooré Burkina Faso,raongo / héron cendré / grey heron,img,,,,
147e21b603690a17,https://mooreburkina.com/sites/www.mooreburkina.com/files/styles/gallery/public/gallery-images/hyene.jpg.webp?itok=ffooKr4b,image,.webp,moore,,image_culture,https://mooreburkina.com/fr/images/animaux,Animaux | Mooré Burkina Faso,katre / hyène / hyena,img,,,,
ad57f90ce01c432c,https://mooreburkina.com/sites/www.mooreburkina.com/files/styles/gallery/public/gallery-images/lievre1.jpg.webp?itok=v9SnEJ0u,image,.webp,moore,,image_culture,https://mooreburkina.com/fr/images/animaux,Animaux | Mooré Burkina Faso,soaamba / lièvre (lapin) / rabbit (hare),img,,,,
3514e5d7b8aa6f94,https://mooreburkina.com/sites/www.mooreburkina.com/files/styles/gallery/public/gallery-images/lion.jpg.webp?itok=OIl_IZIO,image,.webp,moore,,image_culture,https://mooreburkina.com/fr/images/animaux,Animaux | Mooré Burkina Faso,gɩgemde (bõnyẽega) / lion / lion,img,,,,
237b159c28d2942a,https://mooreburkina.com/sites/www.mooreburkina.com/files/styles/gallery/public/gallery-images/oisvarn%20du%20nil.JPG.webp?itok=q2UTowFK,image,.webp,moore,,image_culture,https://mooreburkina.com/fr/images/animaux,Animaux | Mooré Burkina Faso,wʋʋga / varan du NIl / Nile monitor,img,,,,
8e5f8cf5f9331a2b,https://mooreburkina.com/sites/www.mooreburkina.com/files/styles/gallery/public/gallery-images/ouaga01.jpg.webp?itok=2r3dy7zq,image,.webp,moore,,image_culture,https://mooreburkina.com/fr/images/impression-de-ouagadougou,Impression de Ouagadougou | Mooré Burkina Faso,,img,,,,
7503d3a2186c2f40,https://mooreburkina.com/sites/www.mooreburkina.com/files/styles/gallery/public/gallery-images/ouaga02.jpg.webp?itok=-sRnhZnW,image,.webp,moore,,image_culture,https://mooreburkina.com/fr/images/impression-de-ouagadougou,Impression de Ouagadougou | Mooré Burkina Faso,,img,,,,
10b14d10b73e3876,https://mooreburkina.com/sites/www.mooreburkina.com/files/styles/gallery/public/gallery-images/ouaga03.JPG.webp?itok=Bgguqnb0,image,.webp,moore,,image_culture,https://mooreburkina.com/fr/images/impression-de-ouagadougou,Impression de Ouagadougou | Mooré Burkina Faso,,img,,,,
6eccdff59173d75a,https://mooreburkina.com/sites/www.mooreburkina.com/files/styles/gallery/public/gallery-images/ouaga04.JPG.webp?itok=vi4-8B2-,image,.webp,moore,,image_culture,https://mooreburkina.com/fr/images/impression-de-ouagadougou,Impression de Ouagadougou | Mooré Burkina Faso,,img,,,,
1899c0386b7f885b,https://mooreburkina.com/sites/www.mooreburkina.com/files/styles/gallery/public/gallery-images/ouaga05.jpg.webp?itok=P9X606fM,image,.webp,moore,,image_culture,https://mooreburkina.com/fr/images/impression-de-ouagadougou,Impression de Ouagadougou | Mooré Burkina Faso,,img,,,,
4f7e494cca92960e,https://mooreburkina.com/sites/www.mooreburkina.com/files/styles/gallery/public/gallery-images/ouaga07.jpg.webp?itok=PhUpRsuA,image,.webp,moore,,image_culture,https://mooreburkina.com/fr/images/impression-de-ouagadougou,Impression de Ouagadougou | Mooré Burkina Faso,,img,,,,
f8ff6c351939d01d,https://mooreburkina.com/sites/www.mooreburkina.com/files/styles/gallery/public/gallery-images/ouaga08.JPG.webp?itok=SxAj5lSW,image,.webp,moore,,image_culture,https://mooreburkina.com/fr/images/impression-de-ouagadougou,Impression de Ouagadougou | Mooré Burkina Faso,,img,,,,
e4acab0a75dbf021,https://mooreburkina.com/sites/www.mooreburkina.com/files/styles/gallery/public/gallery-images/ouaga09.jpg.webp?itok=GFJ-t8TG,image,.webp,moore,,image_culture,https://mooreburkina.com/fr/images/impression-de-ouagadougou,Impression de Ouagadougou | Mooré Burkina Faso,,img,,,,
ca40fdc4f60e87a8,https://mooreburkina.com/sites/www.mooreburkina.com/files/styles/gallery/public/gallery-images/ouaga10.jpg.webp?itok=h2ByFH7h,image,.webp,moore,,image_culture,https://mooreburkina.com/fr/images/impression-de-ouagadougou,Impression de Ouagadougou | Mooré Burkina Faso,,img,,,,
e20570a7ca6e9b1c,https://mooreburkina.com/sites/www.mooreburkina.com/files/styles/gallery/public/gallery-images/ouaga13.jpg.webp?itok=0OWNKwcz,image,.webp,moore,,image_culture,https://mooreburkina.com/fr/images/impression-de-ouagadougou,Impression de Ouagadougou | Mooré Burkina Faso,,img,,,,
f9736f6fef3dd46c,https://mooreburkina.com/sites/www.mooreburkina.com/files/styles/gallery/public/gallery-images/ouaga15.jpg.webp?itok=-3HExM98,image,.webp,moore,,image_culture,https://mooreburkina.com/fr/images/impression-de-ouagadougou,Impression de Ouagadougou | Mooré Burkina Faso,,img,,,,
0be7c07fd4abac24,https://mooreburkina.com/sites/www.mooreburkina.com/files/styles/gallery/public/gallery-images/ouaga16.jpg.webp?itok=CocwTKdu,image,.webp,moore,,image_culture,https://mooreburkina.com/fr/images/impression-de-ouagadougou,Impression de Ouagadougou | Mooré Burkina Faso,,img,,,,
fe8c9bfce9d3d106,https://mooreburkina.com/sites/www.mooreburkina.com/files/styles/gallery/public/gallery-images/ouaga17.jpg.webp?itok=KCUNud52,image,.webp,moore,,image_culture,https://mooreburkina.com/fr/images/impression-de-ouagadougou,Impression de Ouagadougou | Mooré Burkina Faso,,img,,,,
71ad6aa5fd6ff0c5,https://mooreburkina.com/sites/www.mooreburkina.com/files/styles/gallery/public/gallery-images/ouaga18.jpg.webp?itok=LHYbtWk5,image,.webp,moore,,image_culture,https://mooreburkina.com/fr/images/impression-de-ouagadougou,Impression de Ouagadougou | Mooré Burkina Faso,,img,,,,
af55cc9cca6715a8,https://mooreburkina.com/sites/www.mooreburkina.com/files/styles/gallery/public/gallery-images/ouaga19.jpg.webp?itok=poXMIoTX,image,.webp,moore,,image_culture,https://mooreburkina.com/fr/images/impression-de-ouagadougou,Impression de Ouagadougou | Mooré Burkina Faso,,img,,,,
da1fb6ed6abb57ba,https://mooreburkina.com/sites/www.mooreburkina.com/files/styles/gallery/public/gallery-images/ouaga20.jpg.webp?itok=P7xr3f8z,image,.webp,moore,,image_culture,https://mooreburkina.com/fr/images/impression-de-ouagadougou,Impression de Ouagadougou | Mooré Burkina Faso,,img,,,,
34dd5b8f3203c0c9,https://mooreburkina.com/sites/www.mooreburkina.com/files/styles/gallery/public/gallery-images/ouaga21.jpg.webp?itok=9GPOm_T8,image,.webp,moore,,image_culture,https://mooreburkina.com/fr/images/impression-de-ouagadougou,Impression de Ouagadougou | Mooré Burkina Faso,,img,,,,
b2b0469d166cf1dd,https://mooreburkina.com/sites/www.mooreburkina.com/files/styles/gallery/public/gallery-images/ouaga22.png.webp?itok=R4R4r5Tt,image,.webp,moore,,image_culture,https://mooreburkina.com/fr/images/impression-de-ouagadougou,Impression de Ouagadougou | Mooré Burkina Faso,,img,,,,
e745d88811ce062d,https://mooreburkina.com/sites/www.mooreburkina.com/files/styles/gallery/public/gallery-images/ouaga23.jpg.webp?itok=vF2ekTJP,image,.webp,moore,,image_culture,https://mooreburkina.com/fr/images/impression-de-ouagadougou,Impression de Ouagadougou | Mooré Burkina Faso,,img,,,,
d8241680c3f6390b,https://mooreburkina.com/sites/www.mooreburkina.com/files/styles/gallery/public/gallery-images/ouaga24.jpg.webp?itok=XuremylV,image,.webp,moore,,image_culture,https://mooreburkina.com/fr/images/impression-de-ouagadougou,Impression de Ouagadougou | Mooré Burkina Faso,,img,,,,
9b93f1076be94519,https://mooreburkina.com/sites/www.mooreburkina.com/files/styles/gallery/public/gallery-images/ouagao06.jpg.webp?itok=9wbAcIpl,image,.webp,moore,,image_culture,https://mooreburkina.com/fr/images/impression-de-ouagadougou,Impression de Ouagadougou | Mooré Burkina Faso,,img,,,,
50e674443fa80f33,https://mooreburkina.com/sites/www.mooreburkina.com/files/styles/gallery/public/gallery-images/papillon.jpg.webp?itok=-3Ze54r9,image,.webp,moore,,image_culture,https://mooreburkina.com/fr/images/animaux,Animaux | Mooré Burkina Faso,pilimpiuku (pilimpi) / papillon / butterfly,img,,,,
ef02c1fc8dd95c6f,https://mooreburkina.com/sites/www.mooreburkina.com/files/styles/gallery/public/gallery-images/tisser01.jpg.webp?itok=Ac7avILx,image,.webp,moore,,image_culture,https://mooreburkina.com/fr/images/tissus,Tissus | Mooré Burkina Faso,,img,,,,
4fcc5a75190f0005,https://mooreburkina.com/sites/www.mooreburkina.com/files/styles/gallery/public/gallery-images/tisser02.jpg.webp?itok=1MZrsEpQ,image,.webp,moore,,image_culture,https://mooreburkina.com/fr/images/tissus,Tissus | Mooré Burkina Faso,,img,,,,
4102c40912badd68,https://mooreburkina.com/sites/www.mooreburkina.com/files/styles/gallery/public/gallery-images/tissu01.jpg.webp?itok=TOYyiGXW,image,.webp,moore,,image_culture,https://mooreburkina.com/fr/images/tissus,Tissus | Mooré Burkina Faso,,img,,,,
879dbf1533dd2a97,https://mooreburkina.com/sites/www.mooreburkina.com/files/styles/gallery/public/gallery-images/tissu02.jpg.webp?itok=bJh8pCOu,image,.webp,moore,,image_culture,https://mooreburkina.com/fr/images/tissus,Tissus | Mooré Burkina Faso,,img,,,,
5804fecb16cb50e3,https://mooreburkina.com/sites/www.mooreburkina.com/files/styles/gallery/public/gallery-images/tissu04.jpeg.webp?itok=AgVMjI17,image,.webp,moore,,image_culture,https://mooreburkina.com/fr/images/tissus,Tissus | Mooré Burkina Faso,,img,,,,
7e5989759ee70dfc,https://mooreburkina.com/sites/www.mooreburkina.com/files/styles/gallery/public/gallery-images/tissu05.jpg.webp?itok=iLhLHy92,image,.webp,moore,,image_culture,https://mooreburkina.com/fr/images/tissus,Tissus | Mooré Burkina Faso,,img,,,,
6115cd4fee443642,https://mooreburkina.com/sites/www.mooreburkina.com/files/styles/gallery/public/gallery-images/tissu06.jpg.webp?itok=W8N_SAzi,image,.webp,moore,,image_culture,https://mooreburkina.com/fr/images/tissus,Tissus | Mooré Burkina Faso,,img,,,,
72d6df2236e184e9,https://mooreburkina.com/sites/www.mooreburkina.com/files/styles/gallery/public/gallery-images/tissu07.jpg.webp?itok=ni4pfbWm,image,.webp,moore,,image_culture,https://mooreburkina.com/fr/images/tissus,Tissus | Mooré Burkina Faso,,img,,,,
e7e14e1b2556cbe8,https://mooreburkina.com/sites/www.mooreburkina.com/files/styles/gallery/public/gallery-images/tissu08.jpg.webp?itok=z14Z-Mn8,image,.webp,moore,,image_culture,https://mooreburkina.com/fr/images/tissus,Tissus | Mooré Burkina Faso,,img,,,,
307de1f0edb4d991,https://mooreburkina.com/sites/www.mooreburkina.com/files/styles/gallery/public/gallery-images/tissu09.jpg.webp?itok=0yes6MCI,image,.webp,moore,,image_culture,https://mooreburkina.com/fr/images/tissus,Tissus | Mooré Burkina Faso,,img,,,,
4e6f5cfdd283ad08,https://mooreburkina.com/sites/www.mooreburkina.com/files/styles/gallery/public/gallery-images/tissu10.jpg.webp?itok=ZoPTgFGq,image,.webp,moore,,image_culture,https://mooreburkina.com/fr/images/tissus,Tissus | Mooré Burkina Faso,,img,,,,
b073c6c339e0f613,https://mooreburkina.com/sites/www.mooreburkina.com/files/styles/gallery/public/gallery-images/tissu11.jpg.webp?itok=QlnTXZBR,image,.webp,moore,,image_culture,https://mooreburkina.com/fr/images/tissus,Tissus | Mooré Burkina Faso,,img,,,,
c85dc8be89722996,https://mooreburkina.com/sites/www.mooreburkina.com/files/styles/gallery/public/gallery-images/tissu12.jpg.webp?itok=Ns0N2Kou,image,.webp,moore,,image_culture,https://mooreburkina.com/fr/images/tissus,Tissus | Mooré Burkina Faso,,img,,,,
2aa101adc3dbecb3,https://mooreburkina.com/sites/www.mooreburkina.com/files/styles/gallery/public/gallery-images/tissu13.jpg.webp?itok=tAlcmMS_,image,.webp,moore,,image_culture,https://mooreburkina.com/fr/images/tissus,Tissus | Mooré Burkina Faso,,img,,,,
c8d2fe26a6c6a95b,https://mooreburkina.com/sites/www.mooreburkina.com/files/styles/gallery/public/gallery-images/tissu14.jpg.webp?itok=226lC4qn,image,.webp,moore,,image_culture,https://mooreburkina.com/fr/images/tissus,Tissus | Mooré Burkina Faso,,img,,,,
7c31351a7e1d055d,https://mooreburkina.com/sites/www.mooreburkina.com/files/styles/gallery/public/gallery-images/tissu15.jpg.webp?itok=VKxaHj8g,image,.webp,moore,,image_culture,https://mooreburkina.com/fr/images/tissus,Tissus | Mooré Burkina Faso,,img,,,,
3e587e9b92d41ff4,https://mooreburkina.com/sites/www.mooreburkina.com/files/styles/gallery/public/gallery-images/tortue.jpg.webp?itok=KEhvOnw8,image,.webp,moore,,image_culture,https://mooreburkina.com/fr/images/animaux,Animaux | Mooré Burkina Faso,kuri / tortue terrestre / turtle (tortoise),img,,,,
84d783ef8db98331,https://mooreburkina.com/sites/www.mooreburkina.com/files/styles/gallery/public/gallery-images/vetement01.jpg.webp?itok=kC4G6URp,image,.webp,moore,,image_culture,https://mooreburkina.com/fr/images/tissus,Tissus | Mooré Burkina Faso,,img,,,,
61b06235d90ac0c3,https://mooreburkina.com/sites/www.mooreburkina.com/files/styles/gallery/public/gallery-images/vetement02.jpg.webp?itok=y59n4mKY,image,.webp,moore,,image_culture,https://mooreburkina.com/fr/images/tissus,Tissus | Mooré Burkina Faso,,img,,,,
e6422f2dcf8c9ae0,https://mooreburkina.com/sites/www.mooreburkina.com/files/styles/gallery/public/gallery-images/vetement03.jpg.webp?itok=PxlgH5FF,image,.webp,moore,,image_culture,https://mooreburkina.com/fr/images/tissus,Tissus | Mooré Burkina Faso,,img,,,,
7c0a3660c8b63996,https://mooreburkina.com/sites/www.mooreburkina.com/files/styles/gallery/public/gallery-images/vetement04.jpg.webp?itok=CmS27_M7,image,.webp,moore,,image_culture,https://mooreburkina.com/fr/images/tissus,Tissus | Mooré Burkina Faso,,img,,,,
d59bf83771be7ca3,https://mooreburkina.com/sites/www.mooreburkina.com/files/styles/gallery/public/gallery-images/vetement05.jpg.webp?itok=4m1ZwwRk,image,.webp,moore,,image_culture,https://mooreburkina.com/fr/images/tissus,Tissus | Mooré Burkina Faso,,img,,,,
fa6ae655e1f8302c,https://mooreburkina.com/sites/www.mooreburkina.com/files/styles/max_2600x2600/public/gallery-images/Boeuf.jpg.webp?itok=bTR9FNW8,image,.webp,moore,,image_culture,https://mooreburkina.com/fr/images/animaux,Animaux | Mooré Burkina Faso,,a,,,,
e2193321d3ec8254,https://mooreburkina.com/sites/www.mooreburkina.com/files/styles/max_2600x2600/public/gallery-images/Hippo.JPG.webp?itok=QW03swtk,image,.webp,moore,,image_culture,https://mooreburkina.com/fr/images/animaux,Animaux | Mooré Burkina Faso,,a,,,,
e72872d83bebe357,https://mooreburkina.com/sites/www.mooreburkina.com/files/styles/max_2600x2600/public/gallery-images/Hippotrague.jpg.webp?itok=FjoelFmN,image,.webp,moore,,image_culture,https://mooreburkina.com/fr/images/animaux,Animaux | Mooré Burkina Faso,,a,,,,
638aebb56483a45d,https://mooreburkina.com/sites/www.mooreburkina.com/files/styles/max_2600x2600/public/gallery-images/Oryct%C3%A9rope.jpg.webp?itok=IWP7Tdkp,image,.webp,moore,,image_culture,https://mooreburkina.com/fr/images/animaux,Animaux | Mooré Burkina Faso,,a,,,,
89cb4687c0cca52c,https://mooreburkina.com/sites/www.mooreburkina.com/files/styles/max_2600x2600/public/gallery-images/Phyton.jpg.webp?itok=xzNyLSiE,image,.webp,moore,,image_culture,https://mooreburkina.com/fr/images/animaux,Animaux | Mooré Burkina Faso,,a,,,,
05a261cae890e7bd,https://mooreburkina.com/sites/www.mooreburkina.com/files/styles/max_2600x2600/public/gallery-images/Rat.jpg.webp?itok=rOHDnhrl,image,.webp,moore,,image_culture,https://mooreburkina.com/fr/images/animaux,Animaux | Mooré Burkina Faso,,a,,,,
c3240bd4fa840174,https://mooreburkina.com/sites/www.mooreburkina.com/files/styles/max_2600x2600/public/gallery-images/aigle%20bateleur.jpg.webp?itok=piPL9Y6q,image,.webp,moore,,image_culture,https://mooreburkina.com/fr/images/animaux,Animaux | Mooré Burkina Faso,,a,,,,
217b4dc00644f92b,https://mooreburkina.com/sites/www.mooreburkina.com/files/styles/max_2600x2600/public/gallery-images/ane.jpg.webp?itok=fkOV2UtK,image,.webp,moore,,image_culture,https://mooreburkina.com/fr/images/animaux,Animaux | Mooré Burkina Faso,,a,,,,
e642b7acb58699c3,https://mooreburkina.com/sites/www.mooreburkina.com/files/styles/max_2600x2600/public/gallery-images/babouin.jpg.webp?itok=DBI8kbd8,image,.webp,moore,,image_culture,https://mooreburkina.com/fr/images/animaux,Animaux | Mooré Burkina Faso,,a,,,,
f64e28238a459296,https://mooreburkina.com/sites/www.mooreburkina.com/files/styles/max_2600x2600/public/gallery-images/cheval%202.jpg.webp?itok=7XqI9wp3,image,.webp,moore,,image_culture,https://mooreburkina.com/fr/images/animaux,Animaux | Mooré Burkina Faso,,a,,,,
eabb80452e379f79,https://mooreburkina.com/sites/www.mooreburkina.com/files/styles/max_2600x2600/public/gallery-images/chien.jpg.webp?itok=HHmelJxm,image,.webp,moore,,image_culture,https://mooreburkina.com/fr/images/animaux,Animaux | Mooré Burkina Faso,,a,,,,
e0a58ee46cd93762,https://mooreburkina.com/sites/www.mooreburkina.com/files/styles/max_2600x2600/public/gallery-images/cobe%20de%20buffon.jpg.webp?itok=kWBOo-U6,image,.webp,moore,,image_culture,https://mooreburkina.com/fr/images/animaux,Animaux | Mooré Burkina Faso,,a,,,,
a55a9cdf3269cc1e,https://mooreburkina.com/sites/www.mooreburkina.com/files/styles/max_2600x2600/public/gallery-images/crocodile.jpg.webp?itok=gltJeKLk,image,.webp,moore,,image_culture,https://mooreburkina.com/fr/images/animaux,Animaux | Mooré Burkina Faso,,a,,,,
332962cd4c734af3,https://mooreburkina.com/sites/www.mooreburkina.com/files/styles/max_2600x2600/public/gallery-images/ecureuil.jpg.webp?itok=5CNAC4HJ,image,.webp,moore,,image_culture,https://mooreburkina.com/fr/images/animaux,Animaux | Mooré Burkina Faso,,a,,,,
f6279145b150f0f3,https://mooreburkina.com/sites/www.mooreburkina.com/files/styles/max_2600x2600/public/gallery-images/elephant.jpg.webp?itok=EiIFC2Id,image,.webp,moore,,image_culture,https://mooreburkina.com/fr/images/animaux,Animaux | Mooré Burkina Faso,,a,,,,
8a65903014a6243d,https://mooreburkina.com/sites/www.mooreburkina.com/files/styles/max_2600x2600/public/gallery-images/heron%20cendre%20grey%20heron.jpg.webp?itok=FLteT5QX,image,.webp,moore,,image_culture,https://mooreburkina.com/fr/images/animaux,Animaux | Mooré Burkina Faso,,a,,,,
fdd8ae82e58dc9ff,https://mooreburkina.com/sites/www.mooreburkina.com/files/styles/max_2600x2600/public/gallery-images/hyene.jpg.webp?itok=ou0DdlL5,image,.webp,moore,,image_culture,https://mooreburkina.com/fr/images/animaux,Animaux | Mooré Burkina Faso,,a,,,,
45a70ce13ae149ce,https://mooreburkina.com/sites/www.mooreburkina.com/files/styles/max_2600x2600/public/gallery-images/lievre1.jpg.webp?itok=W5O0l5iY,image,.webp,moore,,image_culture,https://mooreburkina.com/fr/images/animaux,Animaux | Mooré Burkina Faso,,a,,,,
a900b1cf4d009b68,https://mooreburkina.com/sites/www.mooreburkina.com/files/styles/max_2600x2600/public/gallery-images/lion.jpg.webp?itok=s__m0xY9,image,.webp,moore,,image_culture,https://mooreburkina.com/fr/images/animaux,Animaux | Mooré Burkina Faso,,a,,,,
afdfd1667b4c2a80,https://mooreburkina.com/sites/www.mooreburkina.com/files/styles/max_2600x2600/public/gallery-images/oisvarn%20du%20nil.JPG.webp?itok=IQ544dLz,image,.webp,moore,,image_culture,https://mooreburkina.com/fr/images/animaux,Animaux | Mooré Burkina Faso,,a,,,,
d3b67f7e40a1b9f3,https://mooreburkina.com/sites/www.mooreburkina.com/files/styles/max_2600x2600/public/gallery-images/ouaga01.jpg.webp?itok=997Vd2p5,image,.webp,moore,,image_culture,https://mooreburkina.com/fr/images/impression-de-ouagadougou,Impression de Ouagadougou | Mooré Burkina Faso,,a,,,,
b8bc96a0dab7636d,https://mooreburkina.com/sites/www.mooreburkina.com/files/styles/max_2600x2600/public/gallery-images/ouaga02.jpg.webp?itok=5vVHIyST,image,.webp,moore,,image_culture,https://mooreburkina.com/fr/images/impression-de-ouagadougou,Impression de Ouagadougou | Mooré Burkina Faso,,a,,,,
48dae4b4312196c2,https://mooreburkina.com/sites/www.mooreburkina.com/files/styles/max_2600x2600/public/gallery-images/ouaga03.JPG.webp?itok=y1daLIRR,image,.webp,moore,,image_culture,https://mooreburkina.com/fr/images/impression-de-ouagadougou,Impression de Ouagadougou | Mooré Burkina Faso,,a,,,,
d741f204416582ab,https://mooreburkina.com/sites/www.mooreburkina.com/files/styles/max_2600x2600/public/gallery-images/ouaga04.JPG.webp?itok=yEQQIuo2,image,.webp,moore,,image_culture,https://mooreburkina.com/fr/images/impression-de-ouagadougou,Impression de Ouagadougou | Mooré Burkina Faso,,a,,,,
06a4ea4b79f94a54,https://mooreburkina.com/sites/www.mooreburkina.com/files/styles/max_2600x2600/public/gallery-images/ouaga05.jpg.webp?itok=2SuS8R7j,image,.webp,moore,,image_culture,https://mooreburkina.com/fr/images/impression-de-ouagadougou,Impression de Ouagadougou | Mooré Burkina Faso,,a,,,,
e934dce54b8bb562,https://mooreburkina.com/sites/www.mooreburkina.com/files/styles/max_2600x2600/public/gallery-images/ouaga07.jpg.webp?itok=nWZCDTq1,image,.webp,moore,,image_culture,https://mooreburkina.com/fr/images/impression-de-ouagadougou,Impression de Ouagadougou | Mooré Burkina Faso,,a,,,,
9bc15ad2dbd11d34,https://mooreburkina.com/sites/www.mooreburkina.com/files/styles/max_2600x2600/public/gallery-images/ouaga08.JPG.webp?itok=nucdQbAH,image,.webp,moore,,image_culture,https://mooreburkina.com/fr/images/impression-de-ouagadougou,Impression de Ouagadougou | Mooré Burkina Faso,,a,,,,
3261c70210d08cd7,https://mooreburkina.com/sites/www.mooreburkina.com/files/styles/max_2600x2600/public/gallery-images/ouaga09.jpg.webp?itok=P_ucoxV_,image,.webp,moore,,image_culture,https://mooreburkina.com/fr/images/impression-de-ouagadougou,Impression de Ouagadougou | Mooré Burkina Faso,,a,,,,
b3b5ee5ecf99c44d,https://mooreburkina.com/sites/www.mooreburkina.com/files/styles/max_2600x2600/public/gallery-images/ouaga10.jpg.webp?itok=KVAHSZqW,image,.webp,moore,,image_culture,https://mooreburkina.com/fr/images/impression-de-ouagadougou,Impression de Ouagadougou | Mooré Burkina Faso,,a,,,,
65ecddb60c6addff,https://mooreburkina.com/sites/www.mooreburkina.com/files/styles/max_2600x2600/public/gallery-images/ouaga13.jpg.webp?itok=8rLjNJRW,image,.webp,moore,,image_culture,https://mooreburkina.com/fr/images/impression-de-ouagadougou,Impression de Ouagadougou | Mooré Burkina Faso,,a,,,,
50e3dcd244e7e9c3,https://mooreburkina.com/sites/www.mooreburkina.com/files/styles/max_2600x2600/public/gallery-images/ouaga15.jpg.webp?itok=PDhFMn_V,image,.webp,moore,,image_culture,https://mooreburkina.com/fr/images/impression-de-ouagadougou,Impression de Ouagadougou | Mooré Burkina Faso,,a,,,,
66a303ea9ef4f9bb,https://mooreburkina.com/sites/www.mooreburkina.com/files/styles/max_2600x2600/public/gallery-images/ouaga16.jpg.webp?itok=1ESOX40y,image,.webp,moore,,image_culture,https://mooreburkina.com/fr/images/impression-de-ouagadougou,Impression de Ouagadougou | Mooré Burkina Faso,,a,,,,
2a8f43b793be22ca,https://mooreburkina.com/sites/www.mooreburkina.com/files/styles/max_2600x2600/public/gallery-images/ouaga17.jpg.webp?itok=zig3Votc,image,.webp,moore,,image_culture,https://mooreburkina.com/fr/images/impression-de-ouagadougou,Impression de Ouagadougou | Mooré Burkina Faso,,a,,,,
3a253949b16a3085,https://mooreburkina.com/sites/www.mooreburkina.com/files/styles/max_2600x2600/public/gallery-images/ouaga18.jpg.webp?itok=Dp7XJGeX,image,.webp,moore,,image_culture,https://mooreburkina.com/fr/images/impression-de-ouagadougou,Impression de Ouagadougou | Mooré Burkina Faso,,a,,,,
7486a3edd0d24aca,https://mooreburkina.com/sites/www.mooreburkina.com/files/styles/max_2600x2600/public/gallery-images/ouaga19.jpg.webp?itok=fXZgLVQP,image,.webp,moore,,image_culture,https://mooreburkina.com/fr/images/impression-de-ouagadougou,Impression de Ouagadougou | Mooré Burkina Faso,,a,,,,
9fb985541dd01014,https://mooreburkina.com/sites/www.mooreburkina.com/files/styles/max_2600x2600/public/gallery-images/ouaga20.jpg.webp?itok=kVrS_TLL,image,.webp,moore,,image_culture,https://mooreburkina.com/fr/images/impression-de-ouagadougou,Impression de Ouagadougou | Mooré Burkina Faso,,a,,,,
43fe8654e6569a9b,https://mooreburkina.com/sites/www.mooreburkina.com/files/styles/max_2600x2600/public/gallery-images/ouaga21.jpg.webp?itok=yHfmXhUk,image,.webp,moore,,image_culture,https://mooreburkina.com/fr/images/impression-de-ouagadougou,Impression de Ouagadougou | Mooré Burkina Faso,,a,,,,
f3ca419837f9afc3,https://mooreburkina.com/sites/www.mooreburkina.com/files/styles/max_2600x2600/public/gallery-images/ouaga22.png.webp?itok=Xht3h-i_,image,.webp,moore,,image_culture,https://mooreburkina.com/fr/images/impression-de-ouagadougou,Impression de Ouagadougou | Mooré Burkina Faso,,a,,,,
fed96031ff5e9a51,https://mooreburkina.com/sites/www.mooreburkina.com/files/styles/max_2600x2600/public/gallery-images/ouaga23.jpg.webp?itok=7ZIw75rf,image,.webp,moore,,image_culture,https://mooreburkina.com/fr/images/impression-de-ouagadougou,Impression de Ouagadougou | Mooré Burkina Faso,,a,,,,
3dbef765cbefacc6,https://mooreburkina.com/sites/www.mooreburkina.com/files/styles/max_2600x2600/public/gallery-images/ouaga24.jpg.webp?itok=8gfZYW4k,image,.webp,moore,,image_culture,https://mooreburkina.com/fr/images/impression-de-ouagadougou,Impression de Ouagadougou | Mooré Burkina Faso,,a,,,,
5bf15e488460a28d,https://mooreburkina.com/sites/www.mooreburkina.com/files/styles/max_2600x2600/public/gallery-images/ouagao06.jpg.webp?itok=Nw2chls5,image,.webp,moore,,image_culture,https://mooreburkina.com/fr/images/impression-de-ouagadougou,Impression de Ouagadougou | Mooré Burkina Faso,,a,,,,
49c863a742dc9361,https://mooreburkina.com/sites/www.mooreburkina.com/files/styles/max_2600x2600/public/gallery-images/papillon.jpg.webp?itok=5ZlBt2Fi,image,.webp,moore,,image_culture,https://mooreburkina.com/fr/images/animaux,Animaux | Mooré Burkina Faso,,a,,,,
dedbcd6c8192d817,https://mooreburkina.com/sites/www.mooreburkina.com/files/styles/max_2600x2600/public/gallery-images/phacochere.jpg.webp?itok=Ol41OaGb,image,.webp,moore,,image_culture,https://mooreburkina.com/fr/images/animaux,Animaux | Mooré Burkina Faso,,a,,,,
67fe128c9bfbe1c3,https://mooreburkina.com/sites/www.mooreburkina.com/files/styles/max_2600x2600/public/gallery-images/tisser01.jpg.webp?itok=bH8N1MTh,image,.webp,moore,,image_culture,https://mooreburkina.com/fr/images/tissus,Tissus | Mooré Burkina Faso,,a,,,,
8cf82f7f2cb2d3fd,https://mooreburkina.com/sites/www.mooreburkina.com/files/styles/max_2600x2600/public/gallery-images/tisser02.jpg.webp?itok=u4M4Mb24,image,.webp,moore,,image_culture,https://mooreburkina.com/fr/images/tissus,Tissus | Mooré Burkina Faso,,a,,,,
dae6746ba6dbf078,https://mooreburkina.com/sites/www.mooreburkina.com/files/styles/max_2600x2600/public/gallery-images/tissu01.jpg.webp?itok=ZppQxwq0,image,.webp,moore,,image_culture,https://mooreburkina.com/fr/images/tissus,Tissus | Mooré Burkina Faso,,a,,,,
5e056f0496b06be5,https://mooreburkina.com/sites/www.mooreburkina.com/files/styles/max_2600x2600/public/gallery-images/tissu02.jpg.webp?itok=Dw3LAoHg,image,.webp,moore,,image_culture,https://mooreburkina.com/fr/images/tissus,Tissus | Mooré Burkina Faso,,a,,,,
39137e2a4a313e61,https://mooreburkina.com/sites/www.mooreburkina.com/files/styles/max_2600x2600/public/gallery-images/tissu04.jpeg.webp?itok=4xBOby7J,image,.webp,moore,,image_culture,https://mooreburkina.com/fr/images/tissus,Tissus | Mooré Burkina Faso,,a,,,,
f88538ce07d62bb3,https://mooreburkina.com/sites/www.mooreburkina.com/files/styles/max_2600x2600/public/gallery-images/tissu05.jpg.webp?itok=ylB3EzIZ,image,.webp,moore,,image_culture,https://mooreburkina.com/fr/images/tissus,Tissus | Mooré Burkina Faso,,a,,,,
5a22d90f0e7b18b1,https://mooreburkina.com/sites/www.mooreburkina.com/files/styles/max_2600x2600/public/gallery-images/tissu06.jpg.webp?itok=F4OY6kWF,image,.webp,moore,,image_culture,https://mooreburkina.com/fr/images/tissus,Tissus | Mooré Burkina Faso,,a,,,,
53a0a225eb01b22b,https://mooreburkina.com/sites/www.mooreburkina.com/files/styles/max_2600x2600/public/gallery-images/tissu07.jpg.webp?itok=dhyunEHS,image,.webp,moore,,image_culture,https://mooreburkina.com/fr/images/tissus,Tissus | Mooré Burkina Faso,,a,,,,
001a90969c6407cb,https://mooreburkina.com/sites/www.mooreburkina.com/files/styles/max_2600x2600/public/gallery-images/tissu08.jpg.webp?itok=BIkkHl6d,image,.webp,moore,,image_culture,https://mooreburkina.com/fr/images/tissus,Tissus | Mooré Burkina Faso,,a,,,,
8b27e6fa9096a2ba,https://mooreburkina.com/sites/www.mooreburkina.com/files/styles/max_2600x2600/public/gallery-images/tissu09.jpg.webp?itok=lvP2s7ad,image,.webp,moore,,image_culture,https://mooreburkina.com/fr/images/tissus,Tissus | Mooré Burkina Faso,,a,,,,
a7ad2eb6345aea4b,https://mooreburkina.com/sites/www.mooreburkina.com/files/styles/max_2600x2600/public/gallery-images/tissu10.jpg.webp?itok=97ZlCm2a,image,.webp,moore,,image_culture,https://mooreburkina.com/fr/images/tissus,Tissus | Mooré Burkina Faso,,a,,,,
7df91cdaf6c84074,https://mooreburkina.com/sites/www.mooreburkina.com/files/styles/max_2600x2600/public/gallery-images/tissu11.jpg.webp?itok=hkJo3zPN,image,.webp,moore,,image_culture,https://mooreburkina.com/fr/images/tissus,Tissus | Mooré Burkina Faso,,a,,,,
de4f9f50a49f341a,https://mooreburkina.com/sites/www.mooreburkina.com/files/styles/max_2600x2600/public/gallery-images/tissu12.jpg.webp?itok=2SiyKFkl,image,.webp,moore,,image_culture,https://mooreburkina.com/fr/images/tissus,Tissus | Mooré Burkina Faso,,a,,,,
c3e641f2287f9069,https://mooreburkina.com/sites/www.mooreburkina.com/files/styles/max_2600x2600/public/gallery-images/tissu13.jpg.webp?itok=b4JZQuAU,image,.webp,moore,,image_culture,https://mooreburkina.com/fr/images/tissus,Tissus | Mooré Burkina Faso,,a,,,,
b61803ec7d5c7322,https://mooreburkina.com/sites/www.mooreburkina.com/files/styles/max_2600x2600/public/gallery-images/tissu14.jpg.webp?itok=jEGPkDCe,image,.webp,moore,,image_culture,https://mooreburkina.com/fr/images/tissus,Tissus | Mooré Burkina Faso,,a,,,,
990123744e2b7acb,https://mooreburkina.com/sites/www.mooreburkina.com/files/styles/max_2600x2600/public/gallery-images/tissu15.jpg.webp?itok=uYpwG_Zx,image,.webp,moore,,image_culture,https://mooreburkina.com/fr/images/tissus,Tissus | Mooré Burkina Faso,,a,,,,
2442b6074be97660,https://mooreburkina.com/sites/www.mooreburkina.com/files/styles/max_2600x2600/public/gallery-images/tortue.jpg.webp?itok=jYm8gvlC,image,.webp,moore,,image_culture,https://mooreburkina.com/fr/images/animaux,Animaux | Mooré Burkina Faso,,a,,,,
f816073ea0aeea69,https://mooreburkina.com/sites/www.mooreburkina.com/files/styles/max_2600x2600/public/gallery-images/vetement01.jpg.webp?itok=RqGVRdTR,image,.webp,moore,,image_culture,https://mooreburkina.com/fr/images/tissus,Tissus | Mooré Burkina Faso,,a,,,,
773987cf4f063ab4,https://mooreburkina.com/sites/www.mooreburkina.com/files/styles/max_2600x2600/public/gallery-images/vetement02.jpg.webp?itok=osCBN-C2,image,.webp,moore,,image_culture,https://mooreburkina.com/fr/images/tissus,Tissus | Mooré Burkina Faso,,a,,,,
60f6bcdd6f9f9ea4,https://mooreburkina.com/sites/www.mooreburkina.com/files/styles/max_2600x2600/public/gallery-images/vetement03.jpg.webp?itok=oSnV2zGx,image,.webp,moore,,image_culture,https://mooreburkina.com/fr/images/tissus,Tissus | Mooré Burkina Faso,,a,,,,
7d3524910ddcd938,https://mooreburkina.com/sites/www.mooreburkina.com/files/styles/max_2600x2600/public/gallery-images/vetement04.jpg.webp?itok=QYRteh6p,image,.webp,moore,,image_culture,https://mooreburkina.com/fr/images/tissus,Tissus | Mooré Burkina Faso,,a,,,,
3d57b6f16d1035e0,https://mooreburkina.com/sites/www.mooreburkina.com/files/styles/max_2600x2600/public/gallery-images/vetement05.jpg.webp?itok=3osk0s9Y,image,.webp,moore,,image_culture,https://mooreburkina.com/fr/images/tissus,Tissus | Mooré Burkina Faso,,a,,,,
f6e658248b6a940c,https://mooreburkina.com/sites/www.mooreburkina.com/files/styles/max_750x750/public/2023-06/Banner%20moore%201200x400k.jpg.webp?itok=SXHSmie2,image,.webp,moore,,other,https://mooreburkina.com/;https://mooreburkina.com/fr;https://mooreburkina.com/fr/bienvenu-au-pays-mossi,Mooré Burkina Faso,Banner Moore2,img,,,,
5c1aff0c71bed0f3,https://mooreburkina.com/sites/www.mooreburkina.com/files/styles/max_750x750/public/2023-11/dictionnaire%20karaboro1.jpg.webp?itok=Fk4vj9-V,image,.webp,moore,,dictionary,https://mooreburkina.com/fr/dictionnaire-moor%C3%A9/aplications-de-dictionnaires-pour-ordinateur,Applications de dictionnaires | Mooré Burkina Faso,Dictionnaire Karaboro,img,,,,
1c6f5b434cbae756,https://mooreburkina.com/sites/www.mooreburkina.com/files/styles/max_750x750/public/2023-12/32%20conseils%20drawer%20576x324a.png.webp?itok=lMyP7EaZ,image,.webp,moore,,other,https://mooreburkina.com/;https://mooreburkina.com/fr;https://mooreburkina.com/fr/bienvenu-au-pays-mossi,Mooré Burkina Faso,32 conseils,img,,,,
b840ee1259ce0aa8,https://mooreburkina.com/sites/www.mooreburkina.com/files/styles/max_750x750/public/2023-12/Cont%20kinda%20vol1%20512x512.png.webp?itok=KHn8SGDf,image,.webp,moore,,folktale,https://mooreburkina.com/fr/contes-proverbes/contes-vol-3-avec-audio,Contes vol. 3 avec audio | Mooré Burkina Faso,Cont kinda vol1 512x512.png,img,,,,
4ffa04eb1712821e,https://mooreburkina.com/sites/www.mooreburkina.com/files/styles/max_750x750/public/2023-12/dictionnaire%20Dagara%20wule.jpg.webp?itok=05l61AnJ,image,.webp,moore,,dictionary,https://mooreburkina.com/fr/dictionnaire-moor%C3%A9/aplications-de-dictionnaires-pour-ordinateur,Applications de dictionnaires | Mooré Burkina Faso,dictionnaire Dagara wule.jpg,img,,,,
f06ff37a8b2635c5,https://mooreburkina.com/sites/www.mooreburkina.com/files/styles/max_750x750/public/2023-12/download%20button1.jpg.webp?itok=AQEQ-Q-1,image,.webp,moore,,dictionary,https://mooreburkina.com/fr/dictionnaire-moor%C3%A9/aplications-de-dictionnaires-pour-ordinateur,Applications de dictionnaires | Mooré Burkina Faso,download button1.jpg,img,,,,
e8dd461451abd3c3,https://mooreburkina.com/sites/www.mooreburkina.com/files/styles/max_750x750/public/2023-12/map%20of%20BF%20Gulmancema%20speaking%20area.jpg.webp?itok=OdrAVlvl,image,.webp,moore,,other,https://mooreburkina.com/;https://mooreburkina.com/fr;https://mooreburkina.com/fr/bienvenu-au-pays-mossi;https://mooreburkina.com/fr/gulimancema,Mooré Burkina Faso,map of BF Gulmancema speaking,img,,,,
9f60e35f01be635f,https://mooreburkina.com/sites/www.mooreburkina.com/files/styles/max_750x750/public/2023-12/map%20of%20BF%20Moore%20speaking%20area.jpg.webp?itok=d64VrZgL,image,.webp,moore,,other,https://mooreburkina.com/;https://mooreburkina.com/fr;https://mooreburkina.com/fr/bienvenu-au-pays-mossi,Mooré Burkina Faso,map of BF Moore speaking area.jpg,img,,,,
9a294dfd720b6376,https://mooreburkina.com/sites/www.mooreburkina.com/files/styles/max_750x750/public/2023-12/mossi%2001.jpg.webp?itok=kRXMt_-W,image,.webp,moore,,other,https://mooreburkina.com/;https://mooreburkina.com/fr;https://mooreburkina.com/fr/bienvenu-au-pays-mossi,Mooré Burkina Faso,maison traditionelle moosi,img,,,,
82057e1ef27d52f8,https://mooreburkina.com/sites/www.mooreburkina.com/files/styles/max_750x750/public/2023-12/mossi%2006.jpg.webp?itok=9OFa4eWJ,image,.webp,moore,,other,https://mooreburkina.com/;https://mooreburkina.com/fr;https://mooreburkina.com/fr/bienvenu-au-pays-mossi,Mooré Burkina Faso,gens moorephones,img,,,,
b5a117cfcecb5c2d,https://mooreburkina.com/sites/www.mooreburkina.com/files/styles/max_750x750/public/2024-01/dictionnaire%20kasem%20Ghana2.jpg.webp?itok=6do8iflA,image,.webp,moore,,dictionary,https://mooreburkina.com/fr/dictionnaire-moor%C3%A9/aplications-de-dictionnaires-pour-ordinateur,Applications de dictionnaires | Mooré Burkina Faso,dictionnaire kasem Ghana,img,,,,
af2fa9b29f82b614,https://mooreburkina.com/sites/www.mooreburkina.com/files/styles/max_750x750/public/2024-02/Moore%20Bible%20App%20Store%202024.jpg.webp?itok=UDGcIoi_,image,.webp,moore,,app,https://mooreburkina.com/fr/applications-smartphone/applis-en-moor%C3%A9,Applis en mooré | Mooré Burkina Faso,Moore Bible App Store 2024.jpg,img,,,,
f573d6ef044fa44c,https://mooreburkina.com/sites/www.mooreburkina.com/files/styles/max_750x750/public/2024-05/Contes%20moore%20vol.2-bl.jpg.webp?itok=cQe7zBWj,image,.webp,moore,,folktale,https://mooreburkina.com/fr/contes-proverbes/contes-vol-4-avec-audio,Contes vol. 4 avec audio | Mooré Burkina Faso,Contes moore vol.2,img,,,,
07c433f2dfe37731,https://mooreburkina.com/sites/www.mooreburkina.com/files/styles/max_750x750/public/2024-06/52%20contes%20moore%20Kalaam.jpg.webp?itok=MUdm5EOw,image,.webp,moore,,folktale,https://mooreburkina.com/fr/applications-smartphone/applis-en-moor%C3%A9,Applis en mooré | Mooré Burkina Faso,52 contes moore Kalaam,img,,,,
90f3c9d865d60fb0,https://mooreburkina.com/sites/www.mooreburkina.com/files/styles/max_750x750/public/2024-06/Captures%20ecran%20Moore.jpg.webp?itok=g6o3A7Oi,image,.webp,moore,,app,https://mooreburkina.com/fr/applications-smartphone/applis-en-moor%C3%A9,Applis en mooré | Mooré Burkina Faso,Captures écran mooré,img,,,,
c871c2bf4ca1c1ee,https://mooreburkina.com/sites/www.mooreburkina.com/files/styles/max_750x750/public/2024-06/Moore%20iPhone%20512x512.png.webp?itok=-EqRZYC8,image,.webp,moore,,app,https://mooreburkina.com/fr/applications-smartphone/applis-en-moor%C3%A9,Applis en mooré | Mooré Burkina Faso,Moore Bible icon App Store,img,,,,
784e8425d5aecbb3,https://mooreburkina.com/sites/www.mooreburkina.com/files/styles/max_750x750/public/2024-06/Moore%20pour%20smartphone%20Mars%202024.jpg.webp?itok=yyH261NM,image,.webp,moore,,app,https://mooreburkina.com/fr/applications-smartphone/applis-en-moor%C3%A9,Applis en mooré | Mooré Burkina Faso,Mooré pour smartphone,img,,,,
14424cad512ca93b,https://mooreburkina.com/sites/www.mooreburkina.com/files/styles/max_750x750/public/2024-06/moore%20prov%20iPhone%20Kalaam.jpg.webp?itok=1FHJZkjg,image,.webp,moore,,app,https://mooreburkina.com/fr/applications-smartphone/applis-en-moor%C3%A9,Applis en mooré | Mooré Burkina Faso,moore prov iPhone Kalaam,img,,,,
9a375bec5c85f313,https://mooreburkina.com/sites/www.mooreburkina.com/files/styles/max_750x750/public/2024-07/Contes%20moore%20vol%202%20on%20Play%20Store.png.webp?itok=EwJv0g8k,image,.webp,moore,,folktale,https://mooreburkina.com/fr/contes-proverbes/contes-vol-3-avec-audio,Contes vol. 3 avec audio | Mooré Burkina Faso,Contes moore vol 3 on Play Store,img,,,,
ea146a739fc4b895,https://mooreburkina.com/sites/www.mooreburkina.com/files/styles/max_750x750/public/2024-07/Contes%20moore%20vol%204%20on%20Play%20Store.png.webp?itok=rnndH7KZ,image,.webp,moore,,folktale,https://mooreburkina.com/fr/contes-proverbes/contes-vol-4-avec-audio,Contes vol. 4 avec audio | Mooré Burkina Faso,Contes moore vol 4 on Play Store,img,,,,
1f5b20a5117526a2,https://mooreburkina.com/sites/www.mooreburkina.com/files/styles/max_750x750/public/2024-07/Contes%20vol%202%20sur%20Play%20Store.jpg.webp?itok=oaQGZcah,image,.webp,moore,,folktale,https://mooreburkina.com/fr/contes-et-proverbes-en-moor%C3%A9/contes-en-moor%C3%A9,Contes vol 2 avec audio | Mooré Burkina Faso,Contes mooré volume 2,img,,,,
2239f5835b8bfb33,https://mooreburkina.com/sites/www.mooreburkina.com/files/styles/max_750x750/public/2024-07/Devinettes%20moore%20sur%20Play%20Store.jpg.webp?itok=5jFxf0pR,image,.webp,moore,,folktale,https://mooreburkina.com/fr/contes-proverbes/devinettes-en-moor%C3%A9,Devinettes en mooré | Mooré Burkina Faso,Devinettes mooré,img,,,,
9bec00e0bf449e13,https://mooreburkina.com/sites/www.mooreburkina.com/files/styles/max_750x750/public/2024-07/Moore%20Proverbes%20sur%20App%20Store%20pour%20iPhone.jpg.webp?itok=qh-_obZq,image,.webp,moore,,folktale,https://mooreburkina.com/fr/contes-proverbes/proverbes-en-moor%C3%A9-vol-9,Proverbes en mooré vol. 9 | Mooré Burkina Faso,Proverbes mooré pour iPhone,img,,,,
a430273f5c39b74d,https://mooreburkina.com/sites/www.mooreburkina.com/files/styles/max_750x750/public/2024-07/Moore%20Proverbes%20vol%2012%20sur%20Play%20Store.jpg.webp?itok=aXeCxEpX,image,.webp,moore,,folktale,https://mooreburkina.com/fr/contes-proverbes/moor%C3%A9-proverbes-vol-12,Mooré proverbes vol. 12 | Mooré Burkina Faso,Proverbes mooré vol. 12,img,,,,
a4f67820b33e2e45,https://mooreburkina.com/sites/www.mooreburkina.com/files/styles/max_750x750/public/2024-07/Proverbes%20moore%20vol%201%20sur%20Play%20Store.jpg.webp?itok=BaEPY5eY,image,.webp,moore,,folktale,https://mooreburkina.com/fr/contes-proverbes/proverbes-en-moor%C3%A9-vol-9,Proverbes en mooré vol. 9 | Mooré Burkina Faso,Proverbes mooré sur Google Play Store pour smartphone Android,img,,,,
55048ee28be6990a,https://mooreburkina.com/sites/www.mooreburkina.com/files/styles/max_750x750/public/2024-07/Proverbes%20moore%20vol%202%20sur%20Play%20Store.jpg.webp?itok=wQnROQlV,image,.webp,moore,,folktale,https://mooreburkina.com/fr/contes-proverbes/proverbes-en-moor%C3%A9-vol-10,Proverbes en mooré vol. 10 | Mooré Burkina Faso,Proverbes moore vol. 10,img,,,,
a30485000b5eadf9,https://mooreburkina.com/sites/www.mooreburkina.com/files/styles/max_750x750/public/2024-07/Proverbes%20moore%20vol%202%20sur%20Play%20Store_0.jpg.webp?itok=T3HLB0V5,image,.webp,moore,,folktale,https://mooreburkina.com/fr/contes-proverbes/proverbes-en-moor%C3%A9-vol-2,Proverbes en mooré vol. 2 | Mooré Burkina Faso,Proverbes moore vol 2 sur Play Store,img,,,,
c4979a15d00cd052,https://mooreburkina.com/sites/www.mooreburkina.com/files/styles/max_750x750/public/2024-07/Proverbes%20moore%20vol%203%20sur%20Play%20Store.jpg.webp?itok=LoTg0Sci,image,.webp,moore,,folktale,https://mooreburkina.com/fr/contes-proverbes/proverbes-moor%C3%A9-vol-11,Proverbes mooré. vol. 11 | Mooré Burkina Faso,Proverbes mooré vol. 11,img,,,,
82308ad061d9abec,https://mooreburkina.com/sites/www.mooreburkina.com/files/styles/max_750x750/public/2024-07/Proverbes%20moore%20vol%203%20sur%20Play%20Store_0.jpg.webp?itok=3yx3J34n,image,.webp,moore,,folktale,https://mooreburkina.com/fr/contes-proverbes/proverbes-en-moor%C3%A9-vol-3,Proverbes en mooré vol. 3 | Mooré Burkina Faso,Proverbes moore vol 3 sur Play Store,img,,,,
5698cbe4e3ab1f0b,https://mooreburkina.com/sites/www.mooreburkina.com/files/styles/max_750x750/public/2024-07/Proverbes%20moore%20vol%204%20sur%20Play%20Store.jpg.webp?itok=vY2_q6J5,image,.webp,moore,,folktale,https://mooreburkina.com/fr/contes-proverbes/proverbes-en-moor%C3%A9-vol-4,Proverbes en mooré vol. 4 | Mooré Burkina Faso,Proverbes moore vol 4 sur Play Store,img,,,,
c6d8d9ebe0d2401e,https://mooreburkina.com/sites/www.mooreburkina.com/files/styles/max_750x750/public/2024-07/Proverbes%20moore%20vol%205%20sur%20Play%20Store.jpg.webp?itok=7GrZetlh,image,.webp,moore,,folktale,https://mooreburkina.com/fr/contes-proverbes/proverbes-en-moor%C3%A9-vol-5,Proverbes en mooré vol. 5 | Mooré Burkina Faso,Proverbes moore vol 5 sur Play Store,img,,,,
7d4576aff533b388,https://mooreburkina.com/sites/www.mooreburkina.com/files/styles/max_750x750/public/2024-07/Proverbes%20moore%20vol%206%20sur%20Play%20Store.jpg.webp?itok=osl5dWYm,image,.webp,moore,,folktale,https://mooreburkina.com/fr/contes-proverbes/proverbes-en-moor%C3%A9-vol-6,Proverbes en mooré vol. 6 | Mooré Burkina Faso,Proverbes moore vol 6 sur Play Store,img,,,,
983d4b409579a4dc,https://mooreburkina.com/sites/www.mooreburkina.com/files/styles/max_750x750/public/2024-07/Proverbes%20moore%20vol%207%20sur%20Play%20Store.jpg.webp?itok=nrkaGtrw,image,.webp,moore,,folktale,https://mooreburkina.com/fr/contes-proverbes/proverbes-en-moor%C3%A9-vol-7,Proverbes en mooré vol. 7 | Mooré Burkina Faso,Proverbes moore vol 7 sur Play Store,img,,,,
ace560f848a5a4d7,https://mooreburkina.com/sites/www.mooreburkina.com/files/styles/max_750x750/public/2024-07/Proverbes%20moore%20vol%208%20sur%20Play%20Store.png.webp?itok=twbDY2vl,image,.webp,moore,,folktale,https://mooreburkina.com/fr/contes-proverbes/proverbes-en-moor%C3%A9-vol-8,Proverbes en mooré vol. 8 | Mooré Burkina Faso,Proverbes moore vol 8 sur Play Store,img,,,,
cd468acc0c52bdfe,https://mooreburkina.com/sites/www.mooreburkina.com/files/styles/max_750x750/public/2024-07/Yam%20wekr%20sur%20Play%20Store.jpg.webp?itok=w8eico3d,image,.webp,moore,,folktale,https://mooreburkina.com/fr/collection-2-12-contes-en-moor%C3%A9,Contes vol 1 avec audio | Mooré Burkina Faso,Contes mooré volume 1,img,,,,
e1f35ad67a1aa534,https://mooreburkina.com/sites/www.mooreburkina.com/files/styles/max_750x750/public/2024-07/proverbes%20en%20moore%20Play%20Store1.jpg.webp?itok=v6BySIIN,image,.webp,moore,,folktale,https://mooreburkina.com/fr/contes-et-proverbes-en-moor%C3%A9/proverbes-en-moor%C3%A9-vol-1,Proverbes en mooré vol. 1 | Mooré Burkina Faso,proverbes en moore Play Store1,img,,,,
c8cef3b1d7533086,https://mooreburkina.com/sites/www.mooreburkina.com/files/styles/max_750x750/public/2024-11/Bamanan%20App%20Store%20icon.jpg.webp?itok=tGzMkApS,image,.webp,moore,,dictionary,https://mooreburkina.com/fr/dictionnaire-moor%C3%A9/aplications-de-dictionnaires-pour-ordinateur,Applications de dictionnaires | Mooré Burkina Faso,Bamanan App Store icon.jpg,img,,,,
b5446f48c4e62945,https://mooreburkina.com/sites/www.mooreburkina.com/files/styles/max_750x750/public/2024-11/Bambara%20Play%20Store.jpg.webp?itok=3YSlRUgO,image,.webp,moore,,dictionary,https://mooreburkina.com/fr/dictionnaire-moor%C3%A9/aplications-de-dictionnaires-pour-ordinateur,Applications de dictionnaires | Mooré Burkina Faso,Bambara Play Store.jpg,img,,,,
14d093c39bf8d09b,https://mooreburkina.com/sites/www.mooreburkina.com/files/styles/max_750x750/public/2025-03/Contes%20moore%20vol%202%20on%20Play%20Store.png.webp?itok=FWJgLAlm,image,.webp,moore,,folktale,https://mooreburkina.com/fr/applications-smartphone/applis-en-moor%C3%A9,Applis en mooré | Mooré Burkina Faso,Contes moore vol 2 on Play Store.png,img,,,,
0177828d1960f077,https://mooreburkina.com/sites/www.mooreburkina.com/files/styles/max_750x750/public/2025-03/Contes%20moore%20vol%204%20on%20Play%20Store.png.webp?itok=pHsNwx_m,image,.webp,moore,,folktale,https://mooreburkina.com/fr/applications-smartphone/applis-en-moor%C3%A9,Applis en mooré | Mooré Burkina Faso,Contes moore vol 4 on Play Store.png,img,,,,
9276e1fbf6c2f71b,https://mooreburkina.com/sites/www.mooreburkina.com/files/styles/max_750x750/public/2025-04/Moore%20dictionary2%20sur%20Play%20Store.jpg.webp?itok=Q7jMtX9S,image,.webp,moore,,dictionary,https://mooreburkina.com/fr/applications-smartphone/applis-en-moor%C3%A9,Applis en mooré | Mooré Burkina Faso,Moore dictionary2 sur Play Store.jpg,img,,,,
57ab1dd53529ac46,https://mooreburkina.com/sites/www.mooreburkina.com/files/styles/max_750x750/public/2026-02/Play%20Store%20Dagara%20Wule%20dico.jpg.webp?itok=9Hi1V3Uy,image,.webp,moore,,dictionary,https://mooreburkina.com/fr/dictionnaire-moor%C3%A9/aplications-de-dictionnaires-pour-ordinateur,Applications de dictionnaires | Mooré Burkina Faso,Play Store Dagara Wule dico.jpg,img,,,,
1c2a6f3d068c517c,https://mooreburkina.com/sites/www.mooreburkina.com/files/styles/max_750x750/public/2026-02/Webonary%20Bambara%20dico.jpg.webp?itok=tDSxRx2Z,image,.webp,moore,,dictionary,https://mooreburkina.com/fr/dictionnaire-moor%C3%A9/aplications-de-dictionnaires-pour-ordinateur,Applications de dictionnaires | Mooré Burkina Faso,Webonary Bambara dico.jpg,img,,,,
a3a5b3cd66cca603,https://mooreburkina.com/sites/www.mooreburkina.com/files/styles/max_750x750/public/2026-02/Webonary%20Buli%20GH%20dico.jpg.webp?itok=pjlLu3Bo,image,.webp,moore,,dictionary,https://mooreburkina.com/fr/dictionnaire-moor%C3%A9/aplications-de-dictionnaires-pour-ordinateur,Applications de dictionnaires | Mooré Burkina Faso,Webonary Buli GH dico.jpg,img,,,,
e605da77d03529a2,https://mooreburkina.com/sites/www.mooreburkina.com/files/styles/max_750x750/public/2026-02/Webonary%20Dagbani%20GH%20dico.jpg.webp?itok=gmBDR0M7,image,.webp,moore,,dictionary,https://mooreburkina.com/fr/dictionnaire-moor%C3%A9/aplications-de-dictionnaires-pour-ordinateur,Applications de dictionnaires | Mooré Burkina Faso,Webonary Dagbani GH dico.jpg,img,,,,
e165d71d0b4de75f,https://mooreburkina.com/sites/www.mooreburkina.com/files/styles/max_750x750/public/2026-02/Webonary%20Gulimanchema%20dico.jpg.webp?itok=twXyH0jr,image,.webp,moore,,dictionary,https://mooreburkina.com/fr/dictionnaire-moor%C3%A9/aplications-de-dictionnaires-pour-ordinateur,Applications de dictionnaires | Mooré Burkina Faso,Webonary Gulimanchema dico.jpg,img,,,,
544b7d428a9a575f,https://mooreburkina.com/sites/www.mooreburkina.com/files/styles/max_750x750/public/2026-02/Webonary%20Gurene%20GH%20dico.jpg.webp?itok=uZhTFgUN,image,.webp,moore,,dictionary,https://mooreburkina.com/fr/dictionnaire-moor%C3%A9/aplications-de-dictionnaires-pour-ordinateur,Applications de dictionnaires | Mooré Burkina Faso,Webonary Gurene GH dico.jpg,img,,,,
96b2f40075bbc585,https://mooreburkina.com/sites/www.mooreburkina.com/files/styles/max_750x750/public/2026-02/Webonary%20Karaboro%20dico.jpg.webp?itok=nsFBDHmG,image,.webp,moore,,dictionary,https://mooreburkina.com/fr/dictionnaire-moor%C3%A9/aplications-de-dictionnaires-pour-ordinateur,Applications de dictionnaires | Mooré Burkina Faso,Webonary Karaboro dico.jpg,img,,,,
faa8a3421350b7aa,https://mooreburkina.com/sites/www.mooreburkina.com/files/styles/max_750x750/public/2026-02/Webonary%20Kasem%20GH%20dico.jpg.webp?itok=ECk1eUQ_,image,.webp,moore,,dictionary,https://mooreburkina.com/fr/dictionnaire-moor%C3%A9/aplications-de-dictionnaires-pour-ordinateur,Applications de dictionnaires | Mooré Burkina Faso,Webonary Kasem GH dico.jpg,img,,,,
4709e650bf5a37f5,https://mooreburkina.com/sites/www.mooreburkina.com/files/styles/max_750x750/public/2026-02/Webonary%20Kassem%20BF%20dico.jpg.webp?itok=ughNaX2b,image,.webp,moore,,dictionary,https://mooreburkina.com/fr/dictionnaire-moor%C3%A9/aplications-de-dictionnaires-pour-ordinateur,Applications de dictionnaires | Mooré Burkina Faso,Webonary Kassem BF dico.jpg,img,,,,
27d12b8ccbe092be,https://mooreburkina.com/sites/www.mooreburkina.com/files/styles/max_750x750/public/2026-02/Webonary%20Kusaal%20Agole%20GH%20dico.jpg.webp?itok=cO4TCpdC,image,.webp,moore,,dictionary,https://mooreburkina.com/fr/dictionnaire-moor%C3%A9/aplications-de-dictionnaires-pour-ordinateur,Applications de dictionnaires | Mooré Burkina Faso,Webonary Kusaal Agole GH dico.jpg,img,,,,
c73863c2501e8042,https://mooreburkina.com/sites/www.mooreburkina.com/files/styles/max_750x750/public/2026-02/Webonary%20Kusaall%20Tonde%20dico.jpg.webp?itok=5x2ETfAD,image,.webp,moore,,dictionary,https://mooreburkina.com/fr/dictionnaire-moor%C3%A9/aplications-de-dictionnaires-pour-ordinateur,Applications de dictionnaires | Mooré Burkina Faso,Webonary Kusaall Tonde dico.jpg,img,,,,
20bb7753c38e8d0e,https://mooreburkina.com/sites/www.mooreburkina.com/files/styles/max_750x750/public/2026-02/Webonary%20Mampruli%20GH%20dico.jpg.webp?itok=iVSNdCVa,image,.webp,moore,,dictionary,https://mooreburkina.com/fr/dictionnaire-moor%C3%A9/aplications-de-dictionnaires-pour-ordinateur,Applications de dictionnaires | Mooré Burkina Faso,Webonary Mampruli GH dico.jpg,img,,,,
b79a77556c53f14c,https://mooreburkina.com/sites/www.mooreburkina.com/files/styles/max_750x750/public/2026-02/Webonary%20Ninkare%20BF%20dico.jpg.webp?itok=f9tJACs0,image,.webp,moore,,dictionary,https://mooreburkina.com/fr/dictionnaire-moor%C3%A9/aplications-de-dictionnaires-pour-ordinateur,Applications de dictionnaires | Mooré Burkina Faso,Webonary Ninkare BF dico.jpg,img,,,,
b87727bb6189ae96,https://mooreburkina.com/sites/www.mooreburkina.com/files/styles/max_750x750/public/2026-02/Webonarz%20Moore%20dico.jpg.webp?itok=I6bQRoFy,image,.webp,moore,,dictionary,https://mooreburkina.com/fr/dictionnaire-moor%C3%A9/aplications-de-dictionnaires-pour-ordinateur,Applications de dictionnaires | Mooré Burkina Faso,Webonary Moore dico.jpg,img,,,,
d149efbfc43ce312,https://mooreburkina.com/sites/www.mooreburkina.com/files/styles/max_750x750/public/2026-04/Tiefo%20dictionnaire%20sur%20Play%20Store.jpg.webp?itok=6Rrx3oMm,image,.webp,moore,,dictionary,https://mooreburkina.com/fr/dictionnaire-moor%C3%A9/aplications-de-dictionnaires-pour-ordinateur,Applications de dictionnaires | Mooré Burkina Faso,Tiefo dictionnaire sur Play Store.jpg,img,,,,
36843534652a9043,https://mooreburkina.com/sites/www.mooreburkina.com/files/styles/max_750x750/public/6%20Dictionnaires%20BF2.jpg.webp?itok=i1XC9wTx,image,.webp,moore,,dictionary,https://mooreburkina.com/fr/dictionnaire-moor%C3%A9,Dictionnaires | Mooré Burkina Faso,,img,,,,
d8510cc9b0cb3ba6,https://mooreburkina.com/sites/www.mooreburkina.com/files/styles/max_750x750/public/6%20Dictionnaires%20BFmoore1.jpg.webp?itok=dadfpmni,image,.webp,moore,,dictionary,https://mooreburkina.com/fr/dictionnaire-moor%C3%A9,Dictionnaires | Mooré Burkina Faso,,img,,,,
77ad7b2e18108921,https://mooreburkina.com/sites/www.mooreburkina.com/files/styles/max_750x750/public/Applis%20Play%20Store%20images/Applis%20moore/01%20proverbes%20moore%20avec%20audio%20vol1.jpg.webp?itok=KkpCgLdq,image,.webp,moore,,app,https://mooreburkina.com/fr/applications-smartphone/applis-en-moor%C3%A9,Applis en mooré | Mooré Burkina Faso,,img,,,,
998f227f00eb5d4a,https://mooreburkina.com/sites/www.mooreburkina.com/files/styles/max_750x750/public/Applis%20Play%20Store%20images/Applis%20moore/02%20proverbes%20moore%20avec%20audio%20vol2.jpg.webp?itok=2q8yh_zz,image,.webp,moore,,app,https://mooreburkina.com/fr/applications-smartphone/applis-en-moor%C3%A9,Applis en mooré | Mooré Burkina Faso,,img,,,,
153a479766da89a0,https://mooreburkina.com/sites/www.mooreburkina.com/files/styles/max_750x750/public/Applis%20Play%20Store%20images/Applis%20moore/03%20proverbes%20moore%20avec%20audio%20vol3.jpg.webp?itok=emohs5SP,image,.webp,moore,,app,https://mooreburkina.com/fr/applications-smartphone/applis-en-moor%C3%A9,Applis en mooré | Mooré Burkina Faso,,img,,,,
e054d7e804225ac8,https://mooreburkina.com/sites/www.mooreburkina.com/files/styles/max_750x750/public/Applis%20Play%20Store%20images/Applis%20moore/04%20devinettes%20moore.jpg.webp?itok=k7aHysqV,image,.webp,moore,,app,https://mooreburkina.com/fr/applications-smartphone/applis-en-moor%C3%A9,Applis en mooré | Mooré Burkina Faso,,img,,,,
659f73b0ce5fd326,https://mooreburkina.com/sites/www.mooreburkina.com/files/styles/max_750x750/public/Applis%20Play%20Store%20images/Applis%20moore/05%20moore%20dictionary.jpg.webp?itok=7xsY8fhW,image,.webp,moore,,app,https://mooreburkina.com/fr/applications-smartphone/applis-en-moor%C3%A9,Applis en mooré | Mooré Burkina Faso,,img,,,,
84e2f1d5889799ee,https://mooreburkina.com/sites/www.mooreburkina.com/files/styles/max_750x750/public/Applis%20Play%20Store%20images/Applis%20moore/06%20contes%20moore%20audio%20vol%201.jpg.webp?itok=ifMErzNf,image,.webp,moore,,app,https://mooreburkina.com/fr/applications-smartphone/applis-en-moor%C3%A9,Applis en mooré | Mooré Burkina Faso,,img,,,,
5629695b200d2501,https://mooreburkina.com/sites/www.mooreburkina.com/files/styles/max_750x750/public/Applis%20Play%20Store%20images/Applis%20moore/07%20contes%20moore%20audio%20vol%202.jpg.webp?itok=GZtqqDiY,image,.webp,moore,,app,https://mooreburkina.com/fr/applications-smartphone/applis-en-moor%C3%A9,Applis en mooré | Mooré Burkina Faso,,img,,,,
5655333513e78006,https://mooreburkina.com/sites/www.mooreburkina.com/files/styles/max_750x750/public/Applis%20Play%20Store%20images/Applis%20moore/08%20912%20proverbes%20sissao.jpg.webp?itok=_f0TLf8p,image,.webp,moore,,app,https://mooreburkina.com/fr/applications-smartphone/applis-en-moor%C3%A9,Applis en mooré | Mooré Burkina Faso,,img,,,,
90ea36e8efa5cb05,https://mooreburkina.com/sites/www.mooreburkina.com/files/styles/max_750x750/public/Applis%20Play%20Store%20images/Applis%20moore/09%20Burkina%20soalma.jpg.webp?itok=LtnsgNco,image,.webp,moore,,app,https://mooreburkina.com/fr/applications-smartphone/applis-en-moor%C3%A9,Applis en mooré | Mooré Burkina Faso,,img,,,,
f71aab3cde2c1fdc,https://mooreburkina.com/sites/www.mooreburkina.com/files/styles/max_750x750/public/Applis%20Play%20Store%20images/Applis%20moore/10%20Sagesse%20du%20Moogo%20vol%201.jpg.webp?itok=DGkApCAx,image,.webp,moore,,app,https://mooreburkina.com/fr/applications-smartphone/applis-en-moor%C3%A9,Applis en mooré | Mooré Burkina Faso,,img,,,,
fa7649639742a538,https://mooreburkina.com/sites/www.mooreburkina.com/files/styles/max_750x750/public/Applis%20Play%20Store%20images/Applis%20moore/11%20Sagesse%20du%20Moogo%20vol%202.jpg.webp?itok=i4vUG66e,image,.webp,moore,,app,https://mooreburkina.com/fr/applications-smartphone/applis-en-moor%C3%A9,Applis en mooré | Mooré Burkina Faso,,img,,,,
af5e3793dc8451ab,https://mooreburkina.com/sites/www.mooreburkina.com/files/styles/max_750x750/public/Applis%20Play%20Store%20images/Applis%20moore/12%20Cantiques%20en%20moore.jpg.webp?itok=oF_ZYTph,image,.webp,moore,,app,https://mooreburkina.com/fr/applications-smartphone/applis-en-moor%C3%A9,Applis en mooré | Mooré Burkina Faso,,img,,,,
13ebe33aee758098,https://mooreburkina.com/sites/www.mooreburkina.com/files/styles/max_750x750/public/Applis%20Play%20Store%20images/Applis%20moore/13%20Ruthi%20sebre.jpg.webp?itok=eqB-b1OZ,image,.webp,moore,,app,https://mooreburkina.com/fr/applications-smartphone/applis-en-moor%C3%A9,Applis en mooré | Mooré Burkina Faso,,img,,,,
5c1c82f036b70192,https://mooreburkina.com/sites/www.mooreburkina.com/files/styles/max_750x750/public/Applis%20Play%20Store%20images/Applis%20moore/14%20proverbes%20moore%20vol1.jpg.webp?itok=mfeCgBSH,image,.webp,moore,,app,https://mooreburkina.com/fr/applications-smartphone/applis-en-moor%C3%A9,Applis en mooré | Mooré Burkina Faso,,img,,,,
c394a6ee4ad861c6,https://mooreburkina.com/sites/www.mooreburkina.com/files/styles/max_750x750/public/Applis%20Play%20Store%20images/Applis%20moore/22%20Bibble%20Moore%20AB.jpg.webp?itok=LcgL6Q4-,image,.webp,moore,,app,https://mooreburkina.com/fr/applications-smartphone/applis-en-moor%C3%A9,Applis en mooré | Mooré Burkina Faso,,img,,,,
a608a875912d0c28,https://mooreburkina.com/sites/www.mooreburkina.com/files/styles/max_750x750/public/Applis%20Play%20Store%20images/Applis%20moore/23%20Bibble%20Moore%20Cath.jpg.webp?itok=yjquCN6e,image,.webp,moore,,app,https://mooreburkina.com/fr/applications-smartphone/applis-en-moor%C3%A9,Applis en mooré | Mooré Burkina Faso,,img,,,,
0f19243b2f5cc1d5,https://mooreburkina.com/sites/www.mooreburkina.com/files/styles/max_750x750/public/Applis%20Play%20Store%20images/Applis%20moore/24%20Bibble%20Moore%20Delma.jpg.webp?itok=aaUTyCp_,image,.webp,moore,,app,https://mooreburkina.com/fr/applications-smartphone/applis-en-moor%C3%A9,Applis en mooré | Mooré Burkina Faso,,img,,,,
8fbdf81ee22cd040,https://mooreburkina.com/sites/www.mooreburkina.com/files/styles/max_750x750/public/Applis%20Play%20Store%20images/Applis%20moore/Moore%20dictionary%20on%20app%20Store.jpg.webp?itok=3OJCtfHq,image,.webp,moore,,app,https://mooreburkina.com/fr/applications-smartphone/applis-en-moor%C3%A9,Applis en mooré | Mooré Burkina Faso,,img,,,,
54bcaa31153dff98,https://mooreburkina.com/sites/www.mooreburkina.com/files/styles/max_750x750/public/Applis%20Play%20Store%20images/smartphone%20apply%20Play%20Store.jpg.webp?itok=DcLyXBiw,image,.webp,moore,,app,https://mooreburkina.com/fr/applications-smartphone,Applications smartphone | Mooré Burkina Faso,,img,,,,
f22b6f4b9c1f37fc,https://mooreburkina.com/sites/www.mooreburkina.com/files/styles/max_750x750/public/Dictio%20apk/google-play-store%20jpg.jpg.webp?itok=5w7WYuob,image,.webp,moore,,dictionary,https://mooreburkina.com/fr/dictionnaire-moor%C3%A9/aplications-de-dictionnaires-pour-ordinateur,Applications de dictionnaires | Mooré Burkina Faso,,img,,,,
aedeb943654666e5,https://mooreburkina.com/sites/www.mooreburkina.com/files/styles/max_750x750/public/Dictio%20apk/smarthphone%20Kusaal-bf.jpg.webp?itok=WM_awmp5,image,.webp,moore,,dictionary,https://mooreburkina.com/fr/dictionnaire-moor%C3%A9/aplications-de-dictionnaires-pour-ordinateur,Applications de dictionnaires | Mooré Burkina Faso,,img,,,,
cca7c0fd522a6f9b,https://mooreburkina.com/sites/www.mooreburkina.com/files/styles/max_750x750/public/Dictio%20apk/smarthphone%20kassem.jpg.webp?itok=bMRLitbW,image,.webp,moore,,dictionary,https://mooreburkina.com/fr/dictionnaire-moor%C3%A9/aplications-de-dictionnaires-pour-ordinateur,Applications de dictionnaires | Mooré Burkina Faso,,img,,,,
6ce34dce7ca1829d,https://mooreburkina.com/sites/www.mooreburkina.com/files/styles/max_750x750/public/Dictio%20apk/smarthphone%20moore.jpg.webp?itok=JdbI1GLZ,image,.webp,moore,,dictionary,https://mooreburkina.com/fr/dictionnaire-moor%C3%A9/aplications-de-dictionnaires-pour-ordinateur,Applications de dictionnaires | Mooré Burkina Faso,,img,,,,
266ecc7af9f2c422,https://mooreburkina.com/sites/www.mooreburkina.com/files/styles/max_750x750/public/Dictio%20apk/smarthphone%20ninkare.jpg.webp?itok=AnQttPtL,image,.webp,moore,,dictionary,https://mooreburkina.com/fr/dictionnaire-moor%C3%A9/aplications-de-dictionnaires-pour-ordinateur,Applications de dictionnaires | Mooré Burkina Faso,,img,,,,
386c2b5f13224e79,https://mooreburkina.com/sites/www.mooreburkina.com/files/styles/max_750x750/public/Dictio%20apk/smartphone%20dic%201.png.webp?itok=XSB3NHOO,image,.webp,moore,,dictionary,https://mooreburkina.com/fr/dictionnaire-moor%C3%A9,Dictionnaires | Mooré Burkina Faso,,img,,,,
4350879b9ce235b5,https://mooreburkina.com/sites/www.mooreburkina.com/files/styles/max_750x750/public/Diction%20exe/Ordinateur%20portable%20dic%20moore.jpg.webp?itok=3A0LP8hf,image,.webp,moore,,dictionary,https://mooreburkina.com/fr/dictionnaire-moor%C3%A9;https://mooreburkina.com/fr/dictionnaire-moor%C3%A9/aplications-de-dictionnaires-pour-ordinateur,Applications de dictionnaires | Mooré Burkina Faso,,img,,,,
3a026ec6b7127eb8,https://mooreburkina.com/sites/www.mooreburkina.com/files/styles/max_750x750/public/Diction%20exe/dictionnaire%20kassem.png.webp?itok=5wxrPr6z,image,.webp,moore,,dictionary,https://mooreburkina.com/fr/dictionnaire-moor%C3%A9/aplications-de-dictionnaires-pour-ordinateur,Applications de dictionnaires | Mooré Burkina Faso,,img,,,,
466516c579fb5e9a,https://mooreburkina.com/sites/www.mooreburkina.com/files/styles/max_750x750/public/Diction%20exe/dictionnaire%20kusaal-bf.jpg.webp?itok=3CZsA-nG,image,.webp,moore,,dictionary,https://mooreburkina.com/fr/dictionnaire-moor%C3%A9/aplications-de-dictionnaires-pour-ordinateur,Applications de dictionnaires | Mooré Burkina Faso,,img,,,,
415d866796940a27,https://mooreburkina.com/sites/www.mooreburkina.com/files/styles/max_750x750/public/Diction%20exe/dictionnaire%20ninkare.jpg.webp?itok=faScIPBE,image,.webp,moore,,dictionary,https://mooreburkina.com/fr/dictionnaire-moor%C3%A9/aplications-de-dictionnaires-pour-ordinateur,Applications de dictionnaires | Mooré Burkina Faso,,img,,,,
03a2be45033a92b1,https://mooreburkina.com/sites/www.mooreburkina.com/files/styles/max_750x750/public/Keyman%20Clavier%20du%20Burkina.jpg.webp?itok=KB1diPdj,image,.webp,moore,,book_document,https://mooreburkina.com/fr/livres-en-moor%C3%A9/%C3%A9crire-les-langues-nationales,Écrire les langues nationales | Mooré Burkina Faso,,img,,,,
6a6b17b59ede6378,https://mooreburkina.com/sites/www.mooreburkina.com/files/styles/max_750x750/public/Keyman%20characteres%20speciaux%201.jpg.webp?itok=DwXYOHKX,image,.webp,moore,,book_document,https://mooreburkina.com/fr/livres-en-moor%C3%A9/%C3%A9crire-les-langues-nationales,Écrire les langues nationales | Mooré Burkina Faso,,img,,,,
9d3a75605edd4c72,https://mooreburkina.com/sites/www.mooreburkina.com/files/styles/max_750x750/public/Keyman%20characteres%20speciaux.jpg.webp?itok=31HOMEuh,image,.webp,moore,,book_document,https://mooreburkina.com/fr/livres-en-moor%C3%A9/%C3%A9crire-les-langues-nationales,Écrire les langues nationales | Mooré Burkina Faso,,img,,,,
8991ee8c8af03b8a,https://mooreburkina.com/sites/www.mooreburkina.com/files/styles/max_750x750/public/Kouraogo%20et%20Larle%20Naaba.jpg.webp?itok=Yn0z26Mc,image,.webp,moore,,folktale,https://mooreburkina.com/fr/contes-proverbes/la-sagesse-du-moogo-vol-1;https://mooreburkina.com/fr/contes-proverbes/la-sagesse-du-moogo-vol-2,La sagesse du Moogo vol. 1 | Mooré Burkina Faso,,img,,,,
52ff4daab7911ca1,https://mooreburkina.com/sites/www.mooreburkina.com/files/styles/max_750x750/public/Photos%20chants/3%20smartphones%20dic%20jan%202018.png.webp?itok=SXkC9mH0,image,.webp,moore,,other,https://mooreburkina.com/;https://mooreburkina.com/fr;https://mooreburkina.com/fr/bienvenu-au-pays-mossi,Mooré Burkina Faso,,img,,,,
77f4ece2fd7a35f0,https://mooreburkina.com/sites/www.mooreburkina.com/files/styles/max_750x750/public/Photos%20chants/Accueil%201%20Kopie.jpg.webp?itok=usxheNlG,image,.webp,moore,,other,https://mooreburkina.com/;https://mooreburkina.com/fr;https://mooreburkina.com/fr/bienvenu-au-pays-mossi,Mooré Burkina Faso,,img,,,,
521d88c8e25a6eae,https://mooreburkina.com/sites/www.mooreburkina.com/files/styles/max_750x750/public/Photos%20chants/Ordinateur%20portable%20dic%20moore.jpg.webp?itok=JGrl24PJ,image,.webp,moore,,other,https://mooreburkina.com/;https://mooreburkina.com/fr;https://mooreburkina.com/fr/bienvenu-au-pays-mossi,Mooré Burkina Faso,,img,,,,
d12e5e5d8585838c,https://mooreburkina.com/sites/www.mooreburkina.com/files/styles/max_750x750/public/Photos%20chants/accueil%20contes%20moore400.jpg.webp?itok=FzOzbktF,image,.webp,moore,,other,https://mooreburkina.com/;https://mooreburkina.com/fr;https://mooreburkina.com/fr/bienvenu-au-pays-mossi,Mooré Burkina Faso,,img,,,,
401adeb3cc1b65d2,https://mooreburkina.com/sites/www.mooreburkina.com/files/styles/max_750x750/public/Sagesse%20du%20moogo%201.jpg.webp?itok=x6111MgC,image,.webp,moore,,folktale,https://mooreburkina.com/fr/contes-proverbes/la-sagesse-du-moogo-vol-1,La sagesse du Moogo vol. 1 | Mooré Burkina Faso,,img,,,,
279a69980fb5e97c,https://mooreburkina.com/sites/www.mooreburkina.com/files/styles/max_750x750/public/Sagesse%20du%20moogo%202.jpg.webp?itok=ZUzae3Xj,image,.webp,moore,,folktale,https://mooreburkina.com/fr/contes-proverbes/la-sagesse-du-moogo-vol-2,La sagesse du Moogo vol. 2 | Mooré Burkina Faso,,img,,,,
3fd53aa17939f5db,https://mooreburkina.com/sites/www.mooreburkina.com/files/styles/max_750x750/public/caracteres%20speciaux1b.jpg.webp?itok=Lxu7MyIe,image,.webp,moore,,book_document,https://mooreburkina.com/fr/livres-en-moor%C3%A9/%C3%A9crire-les-langues-nationales,Écrire les langues nationales | Mooré Burkina Faso,,img,,,,
8b715890db8b8fb8,https://mooreburkina.com/sites/www.mooreburkina.com/files/styles/max_750x750/public/keyman%202%20installer.png.webp?itok=SSlVB6R2,image,.webp,moore,,book_document,https://mooreburkina.com/fr/livres-en-moor%C3%A9/%C3%A9crire-les-langues-nationales,Écrire les langues nationales | Mooré Burkina Faso,,img,,,,
7b43e2f063e6ef1a,https://mooreburkina.com/sites/www.mooreburkina.com/files/styles/max_750x750/public/keyman%20AYERTY%20et%20QUERTY.jpg.webp?itok=EiqgyY91,image,.webp,moore,,book_document,https://mooreburkina.com/fr/livres-en-moor%C3%A9/%C3%A9crire-les-langues-nationales,Écrire les langues nationales | Mooré Burkina Faso,,img,,,,
b2c5f00b0d3ea387,https://mooreburkina.com/sites/www.mooreburkina.com/files/styles/max_750x750/public/keyman%20drapeau%20BF%20AZERTY.png.webp?itok=CHxSer7E,image,.webp,moore,,book_document,https://mooreburkina.com/fr/livres-en-moor%C3%A9/%C3%A9crire-les-langues-nationales,Écrire les langues nationales | Mooré Burkina Faso,,img,,,,
2ec504ee7cb2b5fe,https://mooreburkina.com/sites/www.mooreburkina.com/files/styles/max_750x750/public/keyman%20drapeau%20BF%20QUERTY.jpg.webp?itok=vMfrvNP6,image,.webp,moore,,book_document,https://mooreburkina.com/fr/livres-en-moor%C3%A9/%C3%A9crire-les-langues-nationales,Écrire les langues nationales | Mooré Burkina Faso,,img,,,,
aacda1feb01a675a,https://mooreburkina.com/sites/www.mooreburkina.com/files/styles/max_750x750/public/pdf-files/01%20Dictionnaire%20Moore%20Franc%20Page%20titre1.jpg.webp?itok=j8kkYtRi,image,.webp,moore,,book_document,https://mooreburkina.com/fr/livres-en-moor%C3%A9/t%C3%A9l%C3%A9charger-pdf,Télécharger des livres en mooré pdf | Mooré Burkina Faso,,img,,,,
f1909ff48b46cadc,https://mooreburkina.com/sites/www.mooreburkina.com/files/styles/max_750x750/public/pdf-files/Elle%20et%20Lui%20le%20couple%20se%20construit.jpg.webp?itok=kD_zPklf,image,.webp,moore,,book_document,https://mooreburkina.com/fr/livres-en-moor%C3%A9/t%C3%A9l%C3%A9charger-pdf,Télécharger des livres en mooré pdf | Mooré Burkina Faso,,img,,,,
0bf0e612ff3474c8,https://mooreburkina.com/sites/www.mooreburkina.com/files/styles/max_750x750/public/pdf-files/Parties%20du%20corps%20en%20moor%C3%A9.jpg.webp?itok=sOUWl-bm,image,.webp,moore,,book_document,https://mooreburkina.com/fr/livres-en-moor%C3%A9/t%C3%A9l%C3%A9charger-pdf,Télécharger des livres en mooré pdf | Mooré Burkina Faso,,img,,,,
46a5c848179a8fb8,https://mooreburkina.com/sites/www.mooreburkina.com/files/styles/max_750x750/public/pdf-files/SIDA%20Poko%20facilitateur.jpg.webp?itok=fIl2f9II,image,.webp,moore,,book_document,https://mooreburkina.com/fr/livres-en-moor%C3%A9/t%C3%A9l%C3%A9charger-pdf,Télécharger des livres en mooré pdf | Mooré Burkina Faso,,img,,,,
eea56bcdd994cbc9,https://mooreburkina.com/sites/www.mooreburkina.com/files/styles/max_750x750/public/pdf-files/SIDa%20Poko%20en%20moore.jpg.webp?itok=y2OcXP4y,image,.webp,moore,,book_document,https://mooreburkina.com/fr/livres-en-moor%C3%A9/t%C3%A9l%C3%A9charger-pdf,Télécharger des livres en mooré pdf | Mooré Burkina Faso,,img,,,,
445fbdf6e7d4e858,https://mooreburkina.com/sites/www.mooreburkina.com/files/styles/max_750x750/public/slideshow-images/Femmes01.jpg.webp?itok=lUyZxNXO,image,.webp,moore,,image_culture,https://mooreburkina.com/fr/images/fotos-du-pays-mossi/gens-et-impressions,Gens et leur quotidien | Mooré Burkina Faso,,img,,,,
e6c4c50951369643,https://mooreburkina.com/sites/www.mooreburkina.com/files/styles/max_750x750/public/slideshow-images/acheter01.jpg.webp?itok=Bk_UaKT-,image,.webp,moore,,image_culture,https://mooreburkina.com/fr/images/fotos-du-pays-mossi/gens-et-impressions,Gens et leur quotidien | Mooré Burkina Faso,,img,,,,
3989105c3ac126e8,https://mooreburkina.com/sites/www.mooreburkina.com/files/styles/max_750x750/public/slideshow-images/agri01.jpg.webp?itok=OAi-5k05,image,.webp,moore,,image_culture,https://mooreburkina.com/fr/images/fotos-du-pays-mossi/gens-et-impressions,Gens et leur quotidien | Mooré Burkina Faso,,img,,,,
e27c2d7efa7fc724,https://mooreburkina.com/sites/www.mooreburkina.com/files/styles/max_750x750/public/slideshow-images/agri03.jpg.webp?itok=7IulGK-r,image,.webp,moore,,image_culture,https://mooreburkina.com/fr/images/fotos-du-pays-mossi/gens-et-impressions,Gens et leur quotidien | Mooré Burkina Faso,,img,,,,
e994011a8552535d,https://mooreburkina.com/sites/www.mooreburkina.com/files/styles/max_750x750/public/slideshow-images/cheval01.jpg.webp?itok=IAezMrzh,image,.webp,moore,,image_culture,https://mooreburkina.com/fr/images/fotos-du-pays-mossi/gens-et-impressions,Gens et leur quotidien | Mooré Burkina Faso,,img,,,,
6396db71a324176c,https://mooreburkina.com/sites/www.mooreburkina.com/files/styles/max_750x750/public/slideshow-images/cheval02.jpg.webp?itok=T-nfWchO,image,.webp,moore,,image_culture,https://mooreburkina.com/fr/images/fotos-du-pays-mossi/gens-et-impressions,Gens et leur quotidien | Mooré Burkina Faso,,img,,,,
904b523d0ccca410,https://mooreburkina.com/sites/www.mooreburkina.com/files/styles/max_750x750/public/slideshow-images/circulation01.JPG.webp?itok=27mYfwV3,image,.webp,moore,,image_culture,https://mooreburkina.com/fr/images/fotos-du-pays-mossi/gens-et-impressions,Gens et leur quotidien | Mooré Burkina Faso,,img,,,,
4393e1d7ed1853a2,https://mooreburkina.com/sites/www.mooreburkina.com/files/styles/max_750x750/public/slideshow-images/eau01.jpg.webp?itok=2u6C1k7T,image,.webp,moore,,image_culture,https://mooreburkina.com/fr/images/fotos-du-pays-mossi/gens-et-impressions,Gens et leur quotidien | Mooré Burkina Faso,,img,,,,
21f5904d6b64aab9,https://mooreburkina.com/sites/www.mooreburkina.com/files/styles/max_750x750/public/slideshow-images/eau04.jpg.webp?itok=QV8YCyvv,image,.webp,moore,,image_culture,https://mooreburkina.com/fr/images/fotos-du-pays-mossi/gens-et-impressions,Gens et leur quotidien | Mooré Burkina Faso,,img,,,,
71fdd936d0c62e85,https://mooreburkina.com/sites/www.mooreburkina.com/files/styles/max_750x750/public/slideshow-images/eau05.jpg.webp?itok=6IBzr_EH,image,.webp,moore,,image_culture,https://mooreburkina.com/fr/images/fotos-du-pays-mossi/gens-et-impressions,Gens et leur quotidien | Mooré Burkina Faso,,img,,,,
9619e9a4375ca284,https://mooreburkina.com/sites/www.mooreburkina.com/files/styles/max_750x750/public/slideshow-images/eau06.jpg.webp?itok=wmCAIZ9g,image,.webp,moore,,image_culture,https://mooreburkina.com/fr/images/fotos-du-pays-mossi/gens-et-impressions,Gens et leur quotidien | Mooré Burkina Faso,,img,,,,
469727f0f047ce3d,https://mooreburkina.com/sites/www.mooreburkina.com/files/styles/max_750x750/public/slideshow-images/eau08.jpg.webp?itok=sLHrnR-V,image,.webp,moore,,image_culture,https://mooreburkina.com/fr/images/fotos-du-pays-mossi/gens-et-impressions,Gens et leur quotidien | Mooré Burkina Faso,,img,,,,
cf590631c3575011,https://mooreburkina.com/sites/www.mooreburkina.com/files/styles/max_750x750/public/slideshow-images/ecole01.png.webp?itok=Cn9GGWSr,image,.webp,moore,,image_culture,https://mooreburkina.com/fr/images/fotos-du-pays-mossi/gens-et-impressions,Gens et leur quotidien | Mooré Burkina Faso,,img,,,,
d90d600d5a9f8f5f,https://mooreburkina.com/sites/www.mooreburkina.com/files/styles/max_750x750/public/slideshow-images/enfants01.jpg.webp?itok=yD91-rc7,image,.webp,moore,,image_culture,https://mooreburkina.com/fr/images/fotos-du-pays-mossi/gens-et-impressions,Gens et leur quotidien | Mooré Burkina Faso,,img,,,,
7d1b3bd8ac88049f,https://mooreburkina.com/sites/www.mooreburkina.com/files/styles/max_750x750/public/slideshow-images/enfants02.jpg.webp?itok=8Cb0ytAr,image,.webp,moore,,image_culture,https://mooreburkina.com/fr/images/fotos-du-pays-mossi/gens-et-impressions,Gens et leur quotidien | Mooré Burkina Faso,,img,,,,
20803b8025066602,https://mooreburkina.com/sites/www.mooreburkina.com/files/styles/max_750x750/public/slideshow-images/enfants03.jpg.webp?itok=lx0xmvTI,image,.webp,moore,,image_culture,https://mooreburkina.com/fr/images/fotos-du-pays-mossi/gens-et-impressions,Gens et leur quotidien | Mooré Burkina Faso,,img,,,,
e5a648e458000acf,https://mooreburkina.com/sites/www.mooreburkina.com/files/styles/max_750x750/public/slideshow-images/enfants04.jpg.webp?itok=mIRBJd2f,image,.webp,moore,,image_culture,https://mooreburkina.com/fr/images/fotos-du-pays-mossi/gens-et-impressions,Gens et leur quotidien | Mooré Burkina Faso,,img,,,,
581f2de086c3353c,https://mooreburkina.com/sites/www.mooreburkina.com/files/styles/max_750x750/public/slideshow-images/enfants05.jpg.webp?itok=yrvKbx-r,image,.webp,moore,,image_culture,https://mooreburkina.com/fr/images/fotos-du-pays-mossi/gens-et-impressions,Gens et leur quotidien | Mooré Burkina Faso,,img,,,,
345b22efff85bb17,https://mooreburkina.com/sites/www.mooreburkina.com/files/styles/max_750x750/public/slideshow-images/femmes06.jpg.webp?itok=8OH9nbhJ,image,.webp,moore,,image_culture,https://mooreburkina.com/fr/images/fotos-du-pays-mossi/gens-et-impressions,Gens et leur quotidien | Mooré Burkina Faso,,img,,,,
f24e283fa39e101f,https://mooreburkina.com/sites/www.mooreburkina.com/files/styles/max_750x750/public/slideshow-images/femmes07.jpg.webp?itok=NJkRIk1c,image,.webp,moore,,image_culture,https://mooreburkina.com/fr/images/fotos-du-pays-mossi/gens-et-impressions,Gens et leur quotidien | Mooré Burkina Faso,,img,,,,
3fdfff70c353b85c,https://mooreburkina.com/sites/www.mooreburkina.com/files/styles/max_750x750/public/slideshow-images/femmes08.jpg.webp?itok=slneK0Dp,image,.webp,moore,,image_culture,https://mooreburkina.com/fr/images/fotos-du-pays-mossi/gens-et-impressions,Gens et leur quotidien | Mooré Burkina Faso,,img,,,,
f0ca831895e0a66d,https://mooreburkina.com/sites/www.mooreburkina.com/files/styles/max_750x750/public/slideshow-images/femmes09.jpg.webp?itok=RyGWP1ai,image,.webp,moore,,image_culture,https://mooreburkina.com/fr/images/fotos-du-pays-mossi/gens-et-impressions,Gens et leur quotidien | Mooré Burkina Faso,,img,,,,
addf5c7492f60689,https://mooreburkina.com/sites/www.mooreburkina.com/files/styles/max_750x750/public/slideshow-images/femmes11.jpg.webp?itok=RhxcNEMt,image,.webp,moore,,image_culture,https://mooreburkina.com/fr/images/fotos-du-pays-mossi/gens-et-impressions,Gens et leur quotidien | Mooré Burkina Faso,,img,,,,
3fc2f2a189327ee7,https://mooreburkina.com/sites/www.mooreburkina.com/files/styles/small/public/Hymne%20nationale%20BF/hymne%20national%20bf2.jpg.webp?itok=hKtKV_fa,image,.webp,moore,,music,https://mooreburkina.com/fr/chants-et-musique/hymnes-nationales,Hymnes Nationales | Mooré Burkina Faso,Thumbnail image,img,,,,
9a0a48946dd5d930,https://mooreburkina.com/sites/www.mooreburkina.com/files/styles/small/public/posters/playlist/chants%20Chorale1%20Playlist.png.webp?itok=O0C5NLaQ,image,.webp,moore,,music,https://mooreburkina.com/fr/chants-et-musique/chants-de-la-chorale-1,Chants de la chorale 1 | Mooré Burkina Faso,Thumbnail image,img,,,,
2589015471156f34,https://mooreburkina.com/sites/www.mooreburkina.com/files/media_stream/streams/hls_standard_video/1001.m3u8,link,,moore,,religious,https://mooreburkina.com/fr/films-clips/marcher-avec-j%C3%A9sus,Marcher avec Jésus | Mooré Burkina Faso,,source,,,application/x-mpegURL,
f2325029e576a8ec,https://mooreburkina.com/sites/www.mooreburkina.com/files/media_stream/streams/hls_standard_video/1004.m3u8,link,,moore,,religious,https://mooreburkina.com/fr/films-clips/marcher-avec-j%C3%A9sus,Marcher avec Jésus | Mooré Burkina Faso,,source,,,application/x-mpegURL,
7c14c496d069e23f,https://mooreburkina.com/sites/www.mooreburkina.com/files/media_stream/streams/hls_standard_video/1007.m3u8,link,,moore,,religious,https://mooreburkina.com/fr/films-clips/marcher-avec-j%C3%A9sus,Marcher avec Jésus | Mooré Burkina Faso,,source,,,application/x-mpegURL,
7604a4a30f7938d4,https://mooreburkina.com/sites/www.mooreburkina.com/files/media_stream/streams/hls_standard_video/1013.m3u8,link,,moore,,other,https://mooreburkina.com/fr/films-clips/vid%C3%A9os-de-diaporama,Vidéos de diaporama | Mooré Burkina Faso,,source,,,application/x-mpegURL,
e25c01153209d01d,https://mooreburkina.com/sites/www.mooreburkina.com/files/media_stream/streams/hls_standard_video/1016.m3u8,link,,moore,,other,https://mooreburkina.com/fr/films-clips/vid%C3%A9os-de-diaporama,Vidéos de diaporama | Mooré Burkina Faso,,source,,,application/x-mpegURL,
ca739617a2d9179d,https://mooreburkina.com/sites/www.mooreburkina.com/files/media_stream/streams/hls_standard_video/1019.m3u8,link,,moore,,other,https://mooreburkina.com/fr/films-clips/vid%C3%A9os-de-diaporama,Vidéos de diaporama | Mooré Burkina Faso,,source,,,application/x-mpegURL,
7d68bcc0b249ee67,https://mooreburkina.com/sites/www.mooreburkina.com/files/media_stream/streams/hls_standard_video/1022.m3u8,link,,moore,,other,https://mooreburkina.com/fr/films-clips/vid%C3%A9os-de-diaporama,Vidéos de diaporama | Mooré Burkina Faso,,source,,,application/x-mpegURL,
f836b241e2a7284f,https://mooreburkina.com/sites/www.mooreburkina.com/files/media_stream/streams/hls_standard_video/1025.m3u8,link,,moore,,other,https://mooreburkina.com/fr/films-clips/vid%C3%A9os-de-diaporama,Vidéos de diaporama | Mooré Burkina Faso,,source,,,application/x-mpegURL,
2be72e5ae738495f,https://mooreburkina.com/sites/www.mooreburkina.com/files/media_stream/streams/hls_standard_video/1028.m3u8,link,,moore,,other,https://mooreburkina.com/fr/films-clips/vid%C3%A9os-de-diaporama,Vidéos de diaporama | Mooré Burkina Faso,,source,,,application/x-mpegURL,
1ee1f82540939623,https://mooreburkina.com/sites/www.mooreburkina.com/files/media_stream/streams/hls_standard_video/1031.m3u8,link,,moore,,other,https://mooreburkina.com/fr/films-clips/vid%C3%A9os-de-diaporama,Vidéos de diaporama | Mooré Burkina Faso,,source,,,application/x-mpegURL,
8f0bbe5b860ee2e6,https://mooreburkina.com/sites/www.mooreburkina.com/files/media_stream/streams/hls_standard_video/1034.m3u8,link,,moore,,other,https://mooreburkina.com/fr/films-clips/vid%C3%A9os-de-diaporama,Vidéos de diaporama | Mooré Burkina Faso,,source,,,application/x-mpegURL,
e19a5a3532b02c5d,https://mooreburkina.com/sites/www.mooreburkina.com/files/media_stream/streams/hls_standard_video/1175.m3u8,link,,moore,,app,https://mooreburkina.com/fr/applications-smartphone/applis-en-moor%C3%A9,Applis en mooré | Mooré Burkina Faso,,source,,,application/x-mpegURL,
94a1199ff47c3f46,https://mooreburkina.com/sites/www.mooreburkina.com/files/media_stream/streams/hls_standard_video/2188.m3u8,link,,moore,,orthography,https://mooreburkina.com/fr/chants-et-musique/alphabet-en-langues-nationales,Alphabet en langues nationales | Mooré Burkina Faso,,source,,,application/x-mpegURL,
2d0d22e3a51687db,https://mooreburkina.com/sites/www.mooreburkina.com/files/media_stream/streams/hls_standard_video/2191.m3u8,link,,moore,,orthography,https://mooreburkina.com/fr/alphabet-clip-rumauntsch-puter,Alphabet Clip Rumauntsch Puter | Mooré Burkina Faso,,source,,,application/x-mpegURL,
f10a59bd83eed3e7,https://mooreburkina.com/sites/www.mooreburkina.com/files/media_stream/streams/hls_standard_video/778.m3u8,link,,moore,,app,https://mooreburkina.com/fr/applications-smartphone,Applications smartphone | Mooré Burkina Faso,,source,,,application/x-mpegURL,
3d60c17eabec64ba,https://mooreburkina.com/sites/www.mooreburkina.com/files/media_stream/streams/hls_standard_video/947.m3u8,link,,moore,,other,https://mooreburkina.com/fr/films-clips/vid%C3%A9os-de-diaporama,Vidéos de diaporama | Mooré Burkina Faso,,source,,,application/x-mpegURL,
13cfee824b1038f1,https://mooreburkina.com/sites/www.mooreburkina.com/files/media_stream/streams/hls_standard_video/950.m3u8,link,,moore,,other,https://mooreburkina.com/fr/films-clips/vid%C3%A9os-de-diaporama,Vidéos de diaporama | Mooré Burkina Faso,,source,,,application/x-mpegURL,
646c860bb130c094,https://mooreburkina.com/sites/www.mooreburkina.com/files/media_stream/streams/hls_standard_video/953.m3u8,link,,moore,,other,https://mooreburkina.com/fr/films-clips/vid%C3%A9os-de-diaporama,Vidéos de diaporama | Mooré Burkina Faso,,source,,,application/x-mpegURL,
96025e954dc501fa,https://mooreburkina.com/sites/www.mooreburkina.com/files/media_stream/streams/hls_standard_video/956.m3u8,link,,moore,,other,https://mooreburkina.com/fr/films-clips/vid%C3%A9os-de-diaporama,Vidéos de diaporama | Mooré Burkina Faso,,source,,,application/x-mpegURL,
8ba25a9175bd62c5,https://mooreburkina.com/sites/www.mooreburkina.com/files/media_stream/streams/hls_standard_video/995.m3u8,link,,moore,,religious,https://mooreburkina.com/fr/films-clips/marcher-avec-j%C3%A9sus,Marcher avec Jésus | Mooré Burkina Faso,,source,,,application/x-mpegURL,
bd0b005e3771e9c5,https://mooreburkina.com/sites/www.mooreburkina.com/files/media_stream/streams/hls_standard_video/998.m3u8,link,,moore,,religious,https://mooreburkina.com/fr/films-clips/marcher-avec-j%C3%A9sus,Marcher avec Jésus | Mooré Burkina Faso,,source,,,application/x-mpegURL,
1e40794fd22dd6df,https://mooreburkina.com/sites/www.mooreburkina.com/files/pdf-files/31%20Applis%20en%20Moore%202024.pdf,pdf,.pdf,moore,,app,https://mooreburkina.com/fr/applications-smartphone,Applications smartphone | Mooré Burkina Faso,31 Applis en Moore 2024.pdf,a,,,,
308179b872d2c565,https://mooreburkina.com/sites/www.mooreburkina.com/files/pdf-files/Alphabet%20moore%20Francais%20pdf.pdf,pdf,.pdf,moore,,orthography,https://mooreburkina.com/fr/livres-en-moor%C3%A9/t%C3%A9l%C3%A9charger-pdf,Télécharger des livres en mooré pdf | Mooré Burkina Faso,Alphabet moore Francais pdf.pdf,a,,,,
a0199bebb5609a1a,https://mooreburkina.com/sites/www.mooreburkina.com/files/pdf-files/Applis%20en%20Moore.pdf,pdf,.pdf,moore,,app,https://mooreburkina.com/fr/livres-en-moor%C3%A9/t%C3%A9l%C3%A9charger-pdf,Télécharger des livres en mooré pdf | Mooré Burkina Faso,Applis en Moore.pdf,a,,,,
08f229622a3748cb,https://mooreburkina.com/sites/www.mooreburkina.com/files/pdf-files/Bf%20bibeln%202023.pdf,pdf,.pdf,moore,,app,https://mooreburkina.com/fr/applications-smartphone/applis-smartphone-en-langues-burkina,Applis Smartphone en langues Burkina | Mooré Burkina Faso,Bf bibeln 2023.pdf,a,,,,
ccdd39bb00d69499,https://mooreburkina.com/sites/www.mooreburkina.com/files/pdf-files/Contes%20et%20proverbes%20Applis%20BF.pdf,pdf,.pdf,moore,,folktale,https://mooreburkina.com/fr/applications-smartphone/applis-smartphone-en-langues-burkina,Applis Smartphone en langues Burkina | Mooré Burkina Faso,Contes et proverbes Applis BF.pdf,a,,,,
48830a75679af543,https://mooreburkina.com/sites/www.mooreburkina.com/files/pdf-files/Dictionnaires%20new.pdf,pdf,.pdf,moore,,dictionary,https://mooreburkina.com/fr/applications-smartphone/applis-smartphone-en-langues-burkina;https://mooreburkina.com/fr/dictionnaire-moor%C3%A9/aplications-de-dictionnaires-pour-ordinateur,Applications de dictionnaires | Mooré Burkina Faso,Dictionnaires new.pdf,a,,,,
404998da675c5137,https://mooreburkina.com/sites/www.mooreburkina.com/files/pdf-files/Moore%20pour%20smartphone%20Mars%202024.pdf,pdf,.pdf,moore,,book_document,https://mooreburkina.com/fr/applications-smartphone;https://mooreburkina.com/fr/livres-en-moor%C3%A9/t%C3%A9l%C3%A9charger-pdf,Télécharger des livres en mooré pdf | Mooré Burkina Faso,Moore pour smartphone Mars 2024.pdf,a,,,,
66a4f9b9a4640c1f,https://mooreburkina.com/sites/www.mooreburkina.com/files/pdf-files/Moore%20pour%20smartphone%20clair.pdf,pdf,.pdf,moore,,app,https://mooreburkina.com/fr/applications-smartphone/applis-smartphone-en-langues-burkina,Applis Smartphone en langues Burkina | Mooré Burkina Faso,Moore pour smartphone clair.pdf,a,,,,
3ce357fbe1c934cb,https://mooreburkina.com/sites/www.mooreburkina.com/files/pdf-files/Pag%20ne%20a%20Sid%20viim.pdf,pdf,.pdf,moore,,book_document,https://mooreburkina.com/fr/livres-en-moor%C3%A9/t%C3%A9l%C3%A9charger-pdf,Télécharger des livres en mooré pdf | Mooré Burkina Faso,La vie en couple,a,,,,
b81c1c9c317afacf,https://mooreburkina.com/sites/www.mooreburkina.com/files/pdf-files/Plakat%20Fev%202023clair.docx.pdf,pdf,.pdf,moore,,app,https://mooreburkina.com/fr/applications-smartphone/applis-smartphone-en-langues-burkina,Applis Smartphone en langues Burkina | Mooré Burkina Faso,Plakat Fev 2023clair.docx.pdf,a,,,,
34cb85834190fc17,https://mooreburkina.com/sites/www.mooreburkina.com/files/pdf-files/SIDA%20Histoire%20de%20Poko%20en%20moore%20livre%20du%20Facilitateur.pdf,pdf,.pdf,moore,,book_document,https://mooreburkina.com/fr/livres-en-moor%C3%A9/t%C3%A9l%C3%A9charger-pdf,Télécharger des livres en mooré pdf | Mooré Burkina Faso,Histoire de Poko en mooré livre du facilitateur,a,,,,
b36465589b749409,https://mooreburkina.com/sites/www.mooreburkina.com/files/pdf-files/SIDA%20Histoire%20de%20Poko%20en%20moore.pdf,pdf,.pdf,moore,,book_document,https://mooreburkina.com/fr/livres-en-moor%C3%A9/t%C3%A9l%C3%A9charger-pdf,Télécharger des livres en mooré pdf | Mooré Burkina Faso,Histoire de Poko mooré,a,,,,
44a56bae4ef6aab2,https://mooreburkina.com/sites/www.mooreburkina.com/files/pdf-files/iPhone%20Apps%20Plakat.pdf,pdf,.pdf,moore,,app,https://mooreburkina.com/fr/applications-smartphone/applis-smartphone-en-langues-burkina,Applis Smartphone en langues Burkina | Mooré Burkina Faso,iPhone Apps Plakat.pdf,a,,,,
b620009eabcdcf21,https://mooreburkina.com/sites/www.mooreburkina.com/files/media_stream/encodings/video_download_mp4_150/1001-.mp4,video,.mp4,moore,,religious,https://mooreburkina.com/fr/films-clips/marcher-avec-j%C3%A9sus,Marcher avec Jésus | Mooré Burkina Faso,mp4 (150px),a,,,,
81e264aa171ed99b,https://mooreburkina.com/sites/www.mooreburkina.com/files/media_stream/encodings/video_download_mp4_150/1004-.mp4,video,.mp4,moore,,religious,https://mooreburkina.com/fr/films-clips/marcher-avec-j%C3%A9sus,Marcher avec Jésus | Mooré Burkina Faso,mp4 (150px),a,,,,
0ef3bae59277eb2e,https://mooreburkina.com/sites/www.mooreburkina.com/files/media_stream/encodings/video_download_mp4_150/1007-.mp4,video,.mp4,moore,,religious,https://mooreburkina.com/fr/films-clips/marcher-avec-j%C3%A9sus,Marcher avec Jésus | Mooré Burkina Faso,mp4 (150px),a,,,,
a8e9bae9f6d92e05,https://mooreburkina.com/sites/www.mooreburkina.com/files/media_stream/encodings/video_download_mp4_150/1013-.mp4,video,.mp4,moore,,other,https://mooreburkina.com/fr/films-clips/vid%C3%A9os-de-diaporama,Vidéos de diaporama | Mooré Burkina Faso,mp4 (150px),a,,,,
631926dcaa3c859c,https://mooreburkina.com/sites/www.mooreburkina.com/files/media_stream/encodings/video_download_mp4_150/1016-.mp4,video,.mp4,moore,,other,https://mooreburkina.com/fr/films-clips/vid%C3%A9os-de-diaporama,Vidéos de diaporama | Mooré Burkina Faso,mp4 (150px),a,,,,
a921033ed059dc04,https://mooreburkina.com/sites/www.mooreburkina.com/files/media_stream/encodings/video_download_mp4_150/1019-.mp4,video,.mp4,moore,,other,https://mooreburkina.com/fr/films-clips/vid%C3%A9os-de-diaporama,Vidéos de diaporama | Mooré Burkina Faso,mp4 (150px),a,,,,
58016d093bdc4356,https://mooreburkina.com/sites/www.mooreburkina.com/files/media_stream/encodings/video_download_mp4_150/1022-.mp4,video,.mp4,moore,,other,https://mooreburkina.com/fr/films-clips/vid%C3%A9os-de-diaporama,Vidéos de diaporama | Mooré Burkina Faso,mp4 (150px),a,,,,
44083a2cddf5a5d1,https://mooreburkina.com/sites/www.mooreburkina.com/files/media_stream/encodings/video_download_mp4_150/1025-.mp4,video,.mp4,moore,,other,https://mooreburkina.com/fr/films-clips/vid%C3%A9os-de-diaporama,Vidéos de diaporama | Mooré Burkina Faso,mp4 (150px),a,,,,
14eca571c98d296a,https://mooreburkina.com/sites/www.mooreburkina.com/files/media_stream/encodings/video_download_mp4_150/1028-.mp4,video,.mp4,moore,,other,https://mooreburkina.com/fr/films-clips/vid%C3%A9os-de-diaporama,Vidéos de diaporama | Mooré Burkina Faso,mp4 (150px),a,,,,
7df682acd02b6c29,https://mooreburkina.com/sites/www.mooreburkina.com/files/media_stream/encodings/video_download_mp4_150/1031-.mp4,video,.mp4,moore,,other,https://mooreburkina.com/fr/films-clips/vid%C3%A9os-de-diaporama,Vidéos de diaporama | Mooré Burkina Faso,mp4 (150px),a,,,,
0432f977008a5607,https://mooreburkina.com/sites/www.mooreburkina.com/files/media_stream/encodings/video_download_mp4_150/1034-.mp4,video,.mp4,moore,,other,https://mooreburkina.com/fr/films-clips/vid%C3%A9os-de-diaporama,Vidéos de diaporama | Mooré Burkina Faso,mp4 (150px),a,,,,
a1d2f01cb2868816,https://mooreburkina.com/sites/www.mooreburkina.com/files/media_stream/encodings/video_download_mp4_150/1175-.mp4,video,.mp4,moore,,app,https://mooreburkina.com/fr/applications-smartphone/applis-en-moor%C3%A9,Applis en mooré | Mooré Burkina Faso,mp4 (150px),a,,,,
9edb4b33accd43e4,https://mooreburkina.com/sites/www.mooreburkina.com/files/media_stream/encodings/video_download_mp4_150/2188-.mp4,video,.mp4,moore,,orthography,https://mooreburkina.com/fr/chants-et-musique/alphabet-en-langues-nationales,Alphabet en langues nationales | Mooré Burkina Faso,mp4 (150px),a,,,,
8881db7435cfc5d6,https://mooreburkina.com/sites/www.mooreburkina.com/files/media_stream/encodings/video_download_mp4_150/2191-.mp4,video,.mp4,moore,,orthography,https://mooreburkina.com/fr/alphabet-clip-rumauntsch-puter,Alphabet Clip Rumauntsch Puter | Mooré Burkina Faso,mp4 (150px),a,,,,
060d2285d6db7a6b,https://mooreburkina.com/sites/www.mooreburkina.com/files/media_stream/encodings/video_download_mp4_150/778-.mp4,video,.mp4,moore,,app,https://mooreburkina.com/fr/applications-smartphone,Applications smartphone | Mooré Burkina Faso,mp4 (150px),a,,,,
e63636b9199f6ed7,https://mooreburkina.com/sites/www.mooreburkina.com/files/media_stream/encodings/video_download_mp4_150/947-.mp4,video,.mp4,moore,,other,https://mooreburkina.com/fr/films-clips/vid%C3%A9os-de-diaporama,Vidéos de diaporama | Mooré Burkina Faso,mp4 (150px),a,,,,
d788c5dbeb6fc042,https://mooreburkina.com/sites/www.mooreburkina.com/files/media_stream/encodings/video_download_mp4_150/950-.mp4,video,.mp4,moore,,other,https://mooreburkina.com/fr/films-clips/vid%C3%A9os-de-diaporama,Vidéos de diaporama | Mooré Burkina Faso,mp4 (150px),a,,,,
1aa3f8f32d4f8e03,https://mooreburkina.com/sites/www.mooreburkina.com/files/media_stream/encodings/video_download_mp4_150/953-.mp4,video,.mp4,moore,,other,https://mooreburkina.com/fr/films-clips/vid%C3%A9os-de-diaporama,Vidéos de diaporama | Mooré Burkina Faso,mp4 (150px),a,,,,
63f5a473efe768bd,https://mooreburkina.com/sites/www.mooreburkina.com/files/media_stream/encodings/video_download_mp4_150/956-.mp4,video,.mp4,moore,,other,https://mooreburkina.com/fr/films-clips/vid%C3%A9os-de-diaporama,Vidéos de diaporama | Mooré Burkina Faso,mp4 (150px),a,,,,
6d0e3f7ba21062ba,https://mooreburkina.com/sites/www.mooreburkina.com/files/media_stream/encodings/video_download_mp4_150/995-.mp4,video,.mp4,moore,,religious,https://mooreburkina.com/fr/films-clips/marcher-avec-j%C3%A9sus,Marcher avec Jésus | Mooré Burkina Faso,mp4 (150px),a,,,,
2cd3ef8f86a1f5fe,https://mooreburkina.com/sites/www.mooreburkina.com/files/media_stream/encodings/video_download_mp4_150/998-.mp4,video,.mp4,moore,,religious,https://mooreburkina.com/fr/films-clips/marcher-avec-j%C3%A9sus,Marcher avec Jésus | Mooré Burkina Faso,mp4 (150px),a,,,,
325ca2ba9a17a2a5,https://mooreburkina.com/sites/www.mooreburkina.com/files/media_stream/encodings/video_download_mp4_480/1001-.mp4,video,.mp4,moore,,religious,https://mooreburkina.com/fr/films-clips/marcher-avec-j%C3%A9sus,Marcher avec Jésus | Mooré Burkina Faso,mp4 (480px),a,,,,
685c2c6af6cc4735,https://mooreburkina.com/sites/www.mooreburkina.com/files/media_stream/encodings/video_download_mp4_480/1004-.mp4,video,.mp4,moore,,religious,https://mooreburkina.com/fr/films-clips/marcher-avec-j%C3%A9sus,Marcher avec Jésus | Mooré Burkina Faso,mp4 (480px),a,,,,
a3a2fa6ca6a40fe3,https://mooreburkina.com/sites/www.mooreburkina.com/files/media_stream/encodings/video_download_mp4_480/1007-.mp4,video,.mp4,moore,,religious,https://mooreburkina.com/fr/films-clips/marcher-avec-j%C3%A9sus,Marcher avec Jésus | Mooré Burkina Faso,mp4 (480px),a,,,,
56f8b3cf98fb9ba3,https://mooreburkina.com/sites/www.mooreburkina.com/files/media_stream/encodings/video_download_mp4_480/1013-.mp4,video,.mp4,moore,,other,https://mooreburkina.com/fr/films-clips/vid%C3%A9os-de-diaporama,Vidéos de diaporama | Mooré Burkina Faso,mp4 (480px),a,,,,
1936b7cbe0bc0acc,https://mooreburkina.com/sites/www.mooreburkina.com/files/media_stream/encodings/video_download_mp4_480/1016-.mp4,video,.mp4,moore,,other,https://mooreburkina.com/fr/films-clips/vid%C3%A9os-de-diaporama,Vidéos de diaporama | Mooré Burkina Faso,mp4 (480px),a,,,,
89c1913853219a0f,https://mooreburkina.com/sites/www.mooreburkina.com/files/media_stream/encodings/video_download_mp4_480/1019-.mp4,video,.mp4,moore,,other,https://mooreburkina.com/fr/films-clips/vid%C3%A9os-de-diaporama,Vidéos de diaporama | Mooré Burkina Faso,mp4 (480px),a,,,,
e6e32c004f34155c,https://mooreburkina.com/sites/www.mooreburkina.com/files/media_stream/encodings/video_download_mp4_480/1022-.mp4,video,.mp4,moore,,other,https://mooreburkina.com/fr/films-clips/vid%C3%A9os-de-diaporama,Vidéos de diaporama | Mooré Burkina Faso,mp4 (480px),a,,,,
50a5c100f52d680e,https://mooreburkina.com/sites/www.mooreburkina.com/files/media_stream/encodings/video_download_mp4_480/1025-.mp4,video,.mp4,moore,,other,https://mooreburkina.com/fr/films-clips/vid%C3%A9os-de-diaporama,Vidéos de diaporama | Mooré Burkina Faso,mp4 (480px),a,,,,
0de61beee0b7881e,https://mooreburkina.com/sites/www.mooreburkina.com/files/media_stream/encodings/video_download_mp4_480/1028-.mp4,video,.mp4,moore,,other,https://mooreburkina.com/fr/films-clips/vid%C3%A9os-de-diaporama,Vidéos de diaporama | Mooré Burkina Faso,mp4 (480px),a,,,,
85fb42281b6da167,https://mooreburkina.com/sites/www.mooreburkina.com/files/media_stream/encodings/video_download_mp4_480/1031-.mp4,video,.mp4,moore,,other,https://mooreburkina.com/fr/films-clips/vid%C3%A9os-de-diaporama,Vidéos de diaporama | Mooré Burkina Faso,mp4 (480px),a,,,,
843f25c16aba9bec,https://mooreburkina.com/sites/www.mooreburkina.com/files/media_stream/encodings/video_download_mp4_480/1034-.mp4,video,.mp4,moore,,other,https://mooreburkina.com/fr/films-clips/vid%C3%A9os-de-diaporama,Vidéos de diaporama | Mooré Burkina Faso,mp4 (480px),a,,,,
09dea036d16d2c14,https://mooreburkina.com/sites/www.mooreburkina.com/files/media_stream/encodings/video_download_mp4_480/1175-.mp4,video,.mp4,moore,,app,https://mooreburkina.com/fr/applications-smartphone/applis-en-moor%C3%A9,Applis en mooré | Mooré Burkina Faso,mp4 (480px),a,,,,
91b38b87372b007d,https://mooreburkina.com/sites/www.mooreburkina.com/files/media_stream/encodings/video_download_mp4_480/2191-.mp4,video,.mp4,moore,,orthography,https://mooreburkina.com/fr/alphabet-clip-rumauntsch-puter,Alphabet Clip Rumauntsch Puter | Mooré Burkina Faso,mp4 (480px),a,,,,
da07602cb940aefd,https://mooreburkina.com/sites/www.mooreburkina.com/files/media_stream/encodings/video_download_mp4_480/778-.mp4,video,.mp4,moore,,app,https://mooreburkina.com/fr/applications-smartphone,Applications smartphone | Mooré Burkina Faso,mp4 (480px),a,,,,
a1cee594a699385e,https://mooreburkina.com/sites/www.mooreburkina.com/files/media_stream/encodings/video_download_mp4_480/947-.mp4,video,.mp4,moore,,other,https://mooreburkina.com/fr/films-clips/vid%C3%A9os-de-diaporama,Vidéos de diaporama | Mooré Burkina Faso,mp4 (480px),a,,,,
2057dce53253cd05,https://mooreburkina.com/sites/www.mooreburkina.com/files/media_stream/encodings/video_download_mp4_480/950-.mp4,video,.mp4,moore,,other,https://mooreburkina.com/fr/films-clips/vid%C3%A9os-de-diaporama,Vidéos de diaporama | Mooré Burkina Faso,mp4 (480px),a,,,,
379ffffc05d2db52,https://mooreburkina.com/sites/www.mooreburkina.com/files/media_stream/encodings/video_download_mp4_480/953-.mp4,video,.mp4,moore,,other,https://mooreburkina.com/fr/films-clips/vid%C3%A9os-de-diaporama,Vidéos de diaporama | Mooré Burkina Faso,mp4 (480px),a,,,,
6094ce413340f65f,https://mooreburkina.com/sites/www.mooreburkina.com/files/media_stream/encodings/video_download_mp4_480/956-.mp4,video,.mp4,moore,,other,https://mooreburkina.com/fr/films-clips/vid%C3%A9os-de-diaporama,Vidéos de diaporama | Mooré Burkina Faso,mp4 (480px),a,,,,
83a045aaeb4a69bd,https://mooreburkina.com/sites/www.mooreburkina.com/files/media_stream/encodings/video_download_mp4_480/995-.mp4,video,.mp4,moore,,religious,https://mooreburkina.com/fr/films-clips/marcher-avec-j%C3%A9sus,Marcher avec Jésus | Mooré Burkina Faso,mp4 (480px),a,,,,
01b76b3f37abf274,https://mooreburkina.com/sites/www.mooreburkina.com/files/media_stream/encodings/video_download_mp4_480/998-.mp4,video,.mp4,moore,,religious,https://mooreburkina.com/fr/films-clips/marcher-avec-j%C3%A9sus,Marcher avec Jésus | Mooré Burkina Faso,mp4 (480px),a,,,,
0734f3100c612032,https://mooreburkina.com/sites/www.mooreburkina.com/files/media_stream/encodings/video_download_mp4_orig_qual/1001-.mp4,video,.mp4,moore,,religious,https://mooreburkina.com/fr/films-clips/marcher-avec-j%C3%A9sus,Marcher avec Jésus | Mooré Burkina Faso,mp4 (taille originale),a,,,,
ad6e0193b3ca02f0,https://mooreburkina.com/sites/www.mooreburkina.com/files/media_stream/encodings/video_download_mp4_orig_qual/1004-.mp4,video,.mp4,moore,,religious,https://mooreburkina.com/fr/films-clips/marcher-avec-j%C3%A9sus,Marcher avec Jésus | Mooré Burkina Faso,mp4 (taille originale),a,,,,
f88854a6921b43bb,https://mooreburkina.com/sites/www.mooreburkina.com/files/media_stream/encodings/video_download_mp4_orig_qual/1007-.mp4,video,.mp4,moore,,religious,https://mooreburkina.com/fr/films-clips/marcher-avec-j%C3%A9sus,Marcher avec Jésus | Mooré Burkina Faso,mp4 (taille originale),a,,,,
cd57e7861b677b03,https://mooreburkina.com/sites/www.mooreburkina.com/files/media_stream/encodings/video_download_mp4_orig_qual/1013-.mp4,video,.mp4,moore,,other,https://mooreburkina.com/fr/films-clips/vid%C3%A9os-de-diaporama,Vidéos de diaporama | Mooré Burkina Faso,mp4 (taille originale),a,,,,
06ec9d4dcfb7dedc,https://mooreburkina.com/sites/www.mooreburkina.com/files/media_stream/encodings/video_download_mp4_orig_qual/1016-.mp4,video,.mp4,moore,,other,https://mooreburkina.com/fr/films-clips/vid%C3%A9os-de-diaporama,Vidéos de diaporama | Mooré Burkina Faso,mp4 (taille originale),a,,,,
da5827177dd29a7b,https://mooreburkina.com/sites/www.mooreburkina.com/files/media_stream/encodings/video_download_mp4_orig_qual/1019-.mp4,video,.mp4,moore,,other,https://mooreburkina.com/fr/films-clips/vid%C3%A9os-de-diaporama,Vidéos de diaporama | Mooré Burkina Faso,mp4 (taille originale),a,,,,
a001b44a855598a3,https://mooreburkina.com/sites/www.mooreburkina.com/files/media_stream/encodings/video_download_mp4_orig_qual/1022-.mp4,video,.mp4,moore,,other,https://mooreburkina.com/fr/films-clips/vid%C3%A9os-de-diaporama,Vidéos de diaporama | Mooré Burkina Faso,mp4 (taille originale),a,,,,
4a8f585ab15fba6e,https://mooreburkina.com/sites/www.mooreburkina.com/files/media_stream/encodings/video_download_mp4_orig_qual/1025-.mp4,video,.mp4,moore,,other,https://mooreburkina.com/fr/films-clips/vid%C3%A9os-de-diaporama,Vidéos de diaporama | Mooré Burkina Faso,mp4 (taille originale),a,,,,
f55a4fd7bbc1a639,https://mooreburkina.com/sites/www.mooreburkina.com/files/media_stream/encodings/video_download_mp4_orig_qual/1028-.mp4,video,.mp4,moore,,other,https://mooreburkina.com/fr/films-clips/vid%C3%A9os-de-diaporama,Vidéos de diaporama | Mooré Burkina Faso,mp4 (taille originale),a,,,,
0ad07475d93ca13b,https://mooreburkina.com/sites/www.mooreburkina.com/files/media_stream/encodings/video_download_mp4_orig_qual/1031-.mp4,video,.mp4,moore,,other,https://mooreburkina.com/fr/films-clips/vid%C3%A9os-de-diaporama,Vidéos de diaporama | Mooré Burkina Faso,mp4 (taille originale),a,,,,
096e8bb5204816a7,https://mooreburkina.com/sites/www.mooreburkina.com/files/media_stream/encodings/video_download_mp4_orig_qual/1034-.mp4,video,.mp4,moore,,other,https://mooreburkina.com/fr/films-clips/vid%C3%A9os-de-diaporama,Vidéos de diaporama | Mooré Burkina Faso,mp4 (taille originale),a,,,,
334da34bb66b7177,https://mooreburkina.com/sites/www.mooreburkina.com/files/media_stream/encodings/video_download_mp4_orig_qual/1175-.mp4,video,.mp4,moore,,app,https://mooreburkina.com/fr/applications-smartphone/applis-en-moor%C3%A9,Applis en mooré | Mooré Burkina Faso,mp4 (taille originale),a,,,,
f0f69fa4ea32ecdf,https://mooreburkina.com/sites/www.mooreburkina.com/files/media_stream/encodings/video_download_mp4_orig_qual/2188-.mp4,video,.mp4,moore,,orthography,https://mooreburkina.com/fr/chants-et-musique/alphabet-en-langues-nationales,Alphabet en langues nationales | Mooré Burkina Faso,mp4 (taille originale),a,,,,
2716ab8cdccaeb49,https://mooreburkina.com/sites/www.mooreburkina.com/files/media_stream/encodings/video_download_mp4_orig_qual/2191-.mp4,video,.mp4,moore,,orthography,https://mooreburkina.com/fr/alphabet-clip-rumauntsch-puter,Alphabet Clip Rumauntsch Puter | Mooré Burkina Faso,mp4 (taille originale),a,,,,
442559a4af2e66b6,https://mooreburkina.com/sites/www.mooreburkina.com/files/media_stream/encodings/video_download_mp4_orig_qual/778-.mp4,video,.mp4,moore,,app,https://mooreburkina.com/fr/applications-smartphone,Applications smartphone | Mooré Burkina Faso,mp4 (taille originale),a,,,,
c71655f5dcf7d07b,https://mooreburkina.com/sites/www.mooreburkina.com/files/media_stream/encodings/video_download_mp4_orig_qual/947-.mp4,video,.mp4,moore,,other,https://mooreburkina.com/fr/films-clips/vid%C3%A9os-de-diaporama,Vidéos de diaporama | Mooré Burkina Faso,mp4 (taille originale),a,,,,
ba9d1cb3728440be,https://mooreburkina.com/sites/www.mooreburkina.com/files/media_stream/encodings/video_download_mp4_orig_qual/950-.mp4,video,.mp4,moore,,other,https://mooreburkina.com/fr/films-clips/vid%C3%A9os-de-diaporama,Vidéos de diaporama | Mooré Burkina Faso,mp4 (taille originale),a,,,,
8c38ada6eae04eab,https://mooreburkina.com/sites/www.mooreburkina.com/files/media_stream/encodings/video_download_mp4_orig_qual/953-.mp4,video,.mp4,moore,,other,https://mooreburkina.com/fr/films-clips/vid%C3%A9os-de-diaporama,Vidéos de diaporama | Mooré Burkina Faso,mp4 (taille originale),a,,,,
9b76f26fb2f3acf8,https://mooreburkina.com/sites/www.mooreburkina.com/files/media_stream/encodings/video_download_mp4_orig_qual/956-.mp4,video,.mp4,moore,,other,https://mooreburkina.com/fr/films-clips/vid%C3%A9os-de-diaporama,Vidéos de diaporama | Mooré Burkina Faso,mp4 (taille originale),a,,,,
9156442a40e9e5ed,https://mooreburkina.com/sites/www.mooreburkina.com/files/media_stream/encodings/video_download_mp4_orig_qual/995-.mp4,video,.mp4,moore,,religious,https://mooreburkina.com/fr/films-clips/marcher-avec-j%C3%A9sus,Marcher avec Jésus | Mooré Burkina Faso,mp4 (taille originale),a,,,,
337d000e493117a0,https://mooreburkina.com/sites/www.mooreburkina.com/files/media_stream/encodings/video_download_mp4_orig_qual/998-.mp4,video,.mp4,moore,,religious,https://mooreburkina.com/fr/films-clips/marcher-avec-j%C3%A9sus,Marcher avec Jésus | Mooré Burkina Faso,mp4 (taille originale),a,,,,
2729c37ba90bdff3,https://mooreburkina.com/fr/media/oembed?url=https%3A//www.youtube.com/watch%3Fv%3D0Qd5RrZjoQw&max_width=0&max_height=0&hash=w2rlLSIDpmgjeujRW0C_0IVzHiJAqwI2yPv2mT51Hlw,video_or_embed,,moore,,music,https://mooreburkina.com/fr/chants-et-musique/chants-et-clips-de-youtube-2,Chants et clips de Youtube 2 | Mooré Burkina Faso,Madame Gorogho Hado Leontine,iframe,,,,
6e074230b2abecdb,https://mooreburkina.com/fr/media/oembed?url=https%3A//www.youtube.com/watch%3Fv%3D1NwH-4t0z-s&max_width=0&max_height=0&hash=vdAfebX9FzUPGVDAIS1HGhNFdhsmVqp9TpXlxWrFKAA,video_or_embed,,moore,,music,https://mooreburkina.com/fr/chants-et-musique/chants-et-clips-de-youtube,Chants et clips de Youtube 1 | Mooré Burkina Faso,RELO ECHO Dîma Wênnaam 4 40,iframe,,,,
fd91fdc919288732,https://mooreburkina.com/fr/media/oembed?url=https%3A//www.youtube.com/watch%3Fv%3D7XzKKWus7Uw&max_width=0&max_height=0&hash=tPzTIdaOEC5CV2-AUDO6Opy4daNR_WJ4FXB_q0osBuI,video_or_embed,,moore,,image_culture,https://mooreburkina.com/fr/images/ouagadougou,Ouagadougou en image clip | Mooré Burkina Faso,Le centre ville de Ouagadougou la capitale du Burkina-Faso,iframe,,,,
6c7ba5d10792df34,https://mooreburkina.com/fr/media/oembed?url=https%3A//www.youtube.com/watch%3Fv%3DDU7XGmNC0ME&max_width=0&max_height=0&hash=eH9kSnAA5VTBBWI0W1-pVgUq3ADR04IheuSsA9ndPlI,video_or_embed,,moore,,music,https://mooreburkina.com/fr/chants-et-musique/chants-et-clips-de-youtube-2,Chants et clips de Youtube 2 | Mooré Burkina Faso,CHORALE FEMININE DU TEMPLE WEND PANGA WENNAM MAAN NEERE 4 30,iframe,,,,
a872d81cb3f4069f,https://mooreburkina.com/fr/media/oembed?url=https%3A//www.youtube.com/watch%3Fv%3DLpctype3U14&max_width=0&max_height=0&hash=8A0nkyN1CeAS_DRz84YQZ6Cvy7T-qbykl7as7D2Q4ms,video_or_embed,,moore,,music,https://mooreburkina.com/fr/chants-et-musique/chants-et-clips-de-youtube,Chants et clips de Youtube 1 | Mooré Burkina Faso,Mme TAMPANGA Pengré la Zemsa ne Wênnaam,iframe,,,,
a08a479a8245def8,https://mooreburkina.com/fr/media/oembed?url=https%3A//www.youtube.com/watch%3Fv%3DOJrUNc0lKhA&max_width=0&max_height=0&hash=EMWorkasd5dd_9NZGlZDIhARhsdXebK1zi7jEOxbj0k,video_or_embed,,moore,,music,https://mooreburkina.com/fr/chants-et-musique/chants-et-clips-de-youtube,Chants et clips de Youtube 1 | Mooré Burkina Faso,Mme BANCE Séraphine Suura Nonma 4 29,iframe,,,,
68ae5bcc685a423c,https://mooreburkina.com/fr/media/oembed?url=https%3A//www.youtube.com/watch%3Fv%3DXcvMlfsG2z4&max_width=0&max_height=0&hash=fo-akT62ddL4QZy3OWIg8QavXcMbEdOk2f7s0j4ej4k,video_or_embed,,moore,,music,https://mooreburkina.com/fr/chants-et-musique/chants-et-clips-de-youtube,Chants et clips de Youtube 1 | Mooré Burkina Faso,Mme KIENOU Martine SUNOOG DAARE,iframe,,,,
4801ca1f551e6212,https://mooreburkina.com/fr/media/oembed?url=https%3A//www.youtube.com/watch%3Fv%3DYOzWT4Gp63A&max_width=0&max_height=0&hash=sL_l_7hmIcjyfL4yhmakCIuMXhwreWqfVSNp5BOUqgU,video_or_embed,,moore,,music,https://mooreburkina.com/fr/chants-et-musique/chants-et-clips-de-youtube-2,Chants et clips de Youtube 2 | Mooré Burkina Faso,Traditional burkinabe music,iframe,,,,
f8074442e796061d,https://mooreburkina.com/fr/media/oembed?url=https%3A//www.youtube.com/watch%3Fv%3DbEJCM5TbPZo&max_width=0&max_height=0&hash=CrzfuwwsDUs-P6C7SOGR59ESyL099Agh0QV9RQ6bjZw,video_or_embed,,moore,,music,https://mooreburkina.com/fr/chants-et-musique/chants-et-clips-de-youtube,Chants et clips de Youtube 1 | Mooré Burkina Faso,MME WELORE PITROIPA RIK FAAN BAS NE WENDE,iframe,,,,
460f1b429ac3b3bb,https://mooreburkina.com/fr/media/oembed?url=https%3A//www.youtube.com/watch%3Fv%3Dc-sApZcSG4I&max_width=0&max_height=0&hash=HfkeTXVYr-8VmmoY31_9uo7qgeTa8UYOwxq3Hyp6ThI,video_or_embed,,moore,,music,https://mooreburkina.com/fr/chants-et-musique/chants-et-clips-de-youtube-2,Chants et clips de Youtube 2 | Mooré Burkina Faso,Chorale Femine Temple Eben Ewer Pougsongo 4 06,iframe,,,,
755058848a29e16d,https://mooreburkina.com/fr/media/oembed?url=https%3A//www.youtube.com/watch%3Fv%3Dc1JA-Vp4unA&max_width=0&max_height=0&hash=VK_-HVP1fq92e2__VfX-Kr-RA4GCyczv5evQvto73Pc,video_or_embed,,moore,,music,https://mooreburkina.com/fr/chants-et-musique/chants-et-clips-de-youtube,Chants et clips de Youtube 1 | Mooré Burkina Faso,DAVID ET NOUFOU Tuume belsego 4 45,iframe,,,,
7ddb9006c3042492,https://mooreburkina.com/fr/media/oembed?url=https%3A//www.youtube.com/watch%3Fv%3Dg6cbJYOr6xE&max_width=0&max_height=0&hash=5NV1HIRE2f5al-bx42_In53tMAmg27UQhWDoCpeaXXA,video_or_embed,,moore,,music,https://mooreburkina.com/fr/chants-et-musique/chants-et-clips-de-youtube-2,Chants et clips de Youtube 2 | Mooré Burkina Faso,Troupe WARBA DE ZAMSÉ - Rencontre magique (Burkina Faso) [Interview Live],iframe,,,,
84b286fb5cf9b5b5,https://mooreburkina.com/fr/media/oembed?url=https%3A//www.youtube.com/watch%3Fv%3DpGbrvm8U8OM&max_width=0&max_height=0&hash=XnULSiTIZLoo4GcYcB1Yd7qQ0Q5E2x_FsZQYy5bk97o,video_or_embed,,moore,,music,https://mooreburkina.com/fr/chants-et-musique/chants-et-clips-de-youtube-2,Chants et clips de Youtube 2 | Mooré Burkina Faso,"Le Warba, la danse des Mossis - The Warba, dance Mossi (Sampongho)",iframe,,,,
da3e6c15b61f4721,https://mooreburkina.com/fr/media/oembed?url=https%3A//www.youtube.com/watch%3Fv%3Dr99HNlWrwnw&max_width=0&max_height=0&hash=i56Zlh5hkm5oIMMZZB7JqdOqF4x59eSMMtIzRJpItGQ,video_or_embed,,moore,,music,https://mooreburkina.com/fr/chants-et-musique/chants-et-clips-de-youtube,Chants et clips de Youtube 1 | Mooré Burkina Faso,Mme BATIONO Rose SONGO 3 15 Info live +226 78944863,iframe,,,,
a651dbda7ea0d618,https://mooreburkina.com/fr/media/oembed?url=https%3A//www.youtube.com/watch%3Fv%3DsKsLiZqKSoY&max_width=0&max_height=0&hash=0TfixrPPhEkUQmSTzLZX6tn026DUHC_QEH9kW1F7RTA,video_or_embed,,moore,,image_culture,https://mooreburkina.com/fr/images/le-burkina-faso-en-images,Le Burkina Faso en images | Mooré Burkina Faso,Burkina Faso En Images,iframe,,,,
6ce8ae720bfc33c5,https://mooreburkina.com/fr/media/oembed?url=https%3A//www.youtube.com/watch%3Fv%3DxuOi1S-xzvY&max_width=0&max_height=0&hash=qSjK8-DDXWgtMv949QJMbGUT_1lU5ZaT7BQIpGA1hmw,video_or_embed,,moore,,music,https://mooreburkina.com/fr/chants-et-musique/chants-et-clips-de-youtube-2,Chants et clips de Youtube 2 | Mooré Burkina Faso,"Muziek en dans ""Warba"" van de Moosi stam.",iframe,,,,
6809af9b93ae7d99,https://mooreburkina.com/libraries/pdfjs-dist-viewer-min/build/minified/web/viewer.html?file=https%3A%2F%2Fmooreburkina.com%2Fsites%2Fwww.mooreburkina.com%2Ffiles%2Fpdf-files%2F31%2520Applis%2520en%2520Moore%25202024.pdf,video_or_embed,,moore,,app,https://mooreburkina.com/fr/applications-smartphone,Applications smartphone | Mooré Burkina Faso,31 Applis en Moore 2024.pdf,iframe,,,,
5bff1639273fefb2,https://mooreburkina.com/libraries/pdfjs-dist-viewer-min/build/minified/web/viewer.html?file=https%3A%2F%2Fmooreburkina.com%2Fsites%2Fwww.mooreburkina.com%2Ffiles%2Fpdf-files%2FAlphabet%2520moore%2520Francais%2520pdf.pdf,video_or_embed,,moore,,orthography,https://mooreburkina.com/fr/livres-en-moor%C3%A9/t%C3%A9l%C3%A9charger-pdf,Télécharger des livres en mooré pdf | Mooré Burkina Faso,Alphabet moore Francais pdf.pdf,iframe,,,,
ccab76b18c06a4bf,https://mooreburkina.com/libraries/pdfjs-dist-viewer-min/build/minified/web/viewer.html?file=https%3A%2F%2Fmooreburkina.com%2Fsites%2Fwww.mooreburkina.com%2Ffiles%2Fpdf-files%2FApplis%2520en%2520Moore.pdf,video_or_embed,,moore,,app,https://mooreburkina.com/fr/livres-en-moor%C3%A9/t%C3%A9l%C3%A9charger-pdf,Télécharger des livres en mooré pdf | Mooré Burkina Faso,Applis en Moore.pdf,iframe,,,,
00df07682ee87920,https://mooreburkina.com/libraries/pdfjs-dist-viewer-min/build/minified/web/viewer.html?file=https%3A%2F%2Fmooreburkina.com%2Fsites%2Fwww.mooreburkina.com%2Ffiles%2Fpdf-files%2FBf%2520bibeln%25202023.pdf,video_or_embed,,moore,,app,https://mooreburkina.com/fr/applications-smartphone/applis-smartphone-en-langues-burkina,Applis Smartphone en langues Burkina | Mooré Burkina Faso,Bf bibeln 2023.pdf,iframe,,,,
49a0716278ea4631,https://mooreburkina.com/libraries/pdfjs-dist-viewer-min/build/minified/web/viewer.html?file=https%3A%2F%2Fmooreburkina.com%2Fsites%2Fwww.mooreburkina.com%2Ffiles%2Fpdf-files%2FContes%2520et%2520proverbes%2520Applis%2520BF.pdf,video_or_embed,,moore,,folktale,https://mooreburkina.com/fr/applications-smartphone/applis-smartphone-en-langues-burkina,Applis Smartphone en langues Burkina | Mooré Burkina Faso,Contes et proverbes Applis BF.pdf,iframe,,,,
b70e7a3ff3caec2f,https://mooreburkina.com/libraries/pdfjs-dist-viewer-min/build/minified/web/viewer.html?file=https%3A%2F%2Fmooreburkina.com%2Fsites%2Fwww.mooreburkina.com%2Ffiles%2Fpdf-files%2FDictionnaires%2520new.pdf,video_or_embed,,moore,,dictionary,https://mooreburkina.com/fr/applications-smartphone/applis-smartphone-en-langues-burkina;https://mooreburkina.com/fr/dictionnaire-moor%C3%A9/aplications-de-dictionnaires-pour-ordinateur,Applications de dictionnaires | Mooré Burkina Faso,Dictionnaires new.pdf,iframe,,,,
29f6fc21d27cf6e0,https://mooreburkina.com/libraries/pdfjs-dist-viewer-min/build/minified/web/viewer.html?file=https%3A%2F%2Fmooreburkina.com%2Fsites%2Fwww.mooreburkina.com%2Ffiles%2Fpdf-files%2FMoore%2520pour%2520smartphone%2520Mars%25202024.pdf,video_or_embed,,moore,,book_document,https://mooreburkina.com/fr/applications-smartphone;https://mooreburkina.com/fr/livres-en-moor%C3%A9/t%C3%A9l%C3%A9charger-pdf,Télécharger des livres en mooré pdf | Mooré Burkina Faso,Moore pour smartphone Mars 2024.pdf,iframe,,,,
7159e160b29ac002,https://mooreburkina.com/libraries/pdfjs-dist-viewer-min/build/minified/web/viewer.html?file=https%3A%2F%2Fmooreburkina.com%2Fsites%2Fwww.mooreburkina.com%2Ffiles%2Fpdf-files%2FMoore%2520pour%2520smartphone%2520clair.pdf,video_or_embed,,moore,,app,https://mooreburkina.com/fr/applications-smartphone/applis-smartphone-en-langues-burkina,Applis Smartphone en langues Burkina | Mooré Burkina Faso,Moore pour smartphone clair.pdf,iframe,,,,
3d27a313e5463225,https://mooreburkina.com/libraries/pdfjs-dist-viewer-min/build/minified/web/viewer.html?file=https%3A%2F%2Fmooreburkina.com%2Fsites%2Fwww.mooreburkina.com%2Ffiles%2Fpdf-files%2FPlakat%2520Fev%25202023clair.docx.pdf,video_or_embed,,moore,,app,https://mooreburkina.com/fr/applications-smartphone/applis-smartphone-en-langues-burkina,Applis Smartphone en langues Burkina | Mooré Burkina Faso,Plakat Fev 2023clair.docx.pdf,iframe,,,,
f87653455678f43d,https://mooreburkina.com/libraries/pdfjs-dist-viewer-min/build/minified/web/viewer.html?file=https%3A%2F%2Fmooreburkina.com%2Fsites%2Fwww.mooreburkina.com%2Ffiles%2Fpdf-files%2FiPhone%2520Apps%2520Plakat.pdf,video_or_embed,,moore,,app,https://mooreburkina.com/fr/applications-smartphone/applis-smartphone-en-langues-burkina,Applis Smartphone en langues Burkina | Mooré Burkina Faso,iPhone Apps Plakat.pdf,iframe,,,,
b4597606c0fa40a1,https://www.webonary.org/moore,video_or_embed,,moore,,dictionary,https://mooreburkina.com/fr/dictionnaire-moore-en-ligne,Dictionnaire moore en ligne | Mooré Burkina Faso,,iframe,www.webonary.org,,,
2333d2e3dbe4c8cb,https://www.webonary.org/moore/,video_or_embed,,moore,,dictionary,https://mooreburkina.com/fr/dictionnaire-moor%C3%A9/dictionnaire-moore-en-ligne,Dictionnaire moore en ligne | Mooré Burkina Faso,,iframe,www.webonary.org,,,
e0b32b800ddbbe54,https://mooreburkina.com/sites/www.mooreburkina.com/files/Dictio%20apk/San_Dictionnaire-1.0.apk,app,.apk,moore;san,,dictionary,https://mooreburkina.com/fr/dictionnaire-moor%C3%A9/aplications-de-dictionnaires-pour-ordinateur,Applications de dictionnaires | Mooré Burkina Faso,.,a,,,,
b4b909f69bda26c4,https://play.google.com/store/apps/details?id=com.dict.toma.san&hl=fr,app_store,,moore;san,,dictionary,https://mooreburkina.com/fr/dictionnaire-moor%C3%A9/aplications-de-dictionnaires-pour-ordinateur,Applications de dictionnaires | Mooré Burkina Faso,san du sud,a,play.google.com,,,
6a5068c534e9ef8a,https://play.google.com/store/apps/details?id=com.matya.san.lexique&hl=fr,app_store,,moore;san,,dictionary,https://mooreburkina.com/fr/dictionnaire-moor%C3%A9/aplications-de-dictionnaires-pour-ordinateur,Applications de dictionnaires | Mooré Burkina Faso,,a,play.google.com,,,
ea4e656d46155f0d,https://mooreburkina.com/sites/www.mooreburkina.com/files/styles/gallery/public/gallery-images/phacochere.jpg.webp?itok=Z74ghhzX,image,.webp,moore;san,,image_culture,https://mooreburkina.com/fr/images/animaux,Animaux | Mooré Burkina Faso,reoogo /phacochère (sanglier) / warthog (bush-pig),img,,,,
ab8d2c8bff518816,https://mooreburkina.com/sites/www.mooreburkina.com/files/styles/max_750x750/public/2023-11/dictionnaire%20San%20Matya.jpg.webp?itok=uHbkAXSm,image,.webp,moore;san,,dictionary,https://mooreburkina.com/fr/dictionnaire-moor%C3%A9/aplications-de-dictionnaires-pour-ordinateur,Applications de dictionnaires | Mooré Burkina Faso,dictionnaire San Matya.jpg,img,,,,
08e14d768b911bae,https://mooreburkina.com/sites/www.mooreburkina.com/files/styles/max_750x750/public/2026-02/Play%20Store%20San%20Matya%20dico.jpg.webp?itok=HYUJJs0s,image,.webp,moore;san,,dictionary,https://mooreburkina.com/fr/dictionnaire-moor%C3%A9/aplications-de-dictionnaires-pour-ordinateur,Applications de dictionnaires | Mooré Burkina Faso,Play Store San Matya dico.jpg,img,,,,
d08a1e20529e265e,https://mooreburkina.com/sites/www.mooreburkina.com/files/styles/max_750x750/public/2026-02/Webonary%20San%20du%20sud%20dico.jpg.webp?itok=-e68YfUk,image,.webp,moore;san,,dictionary,https://mooreburkina.com/fr/dictionnaire-moor%C3%A9/aplications-de-dictionnaires-pour-ordinateur,Applications de dictionnaires | Mooré Burkina Faso,Webonary San du sud dico.jpg,img,,,,
d661b02489dea689,https://mooreburkina.com/sites/www.mooreburkina.com/files/styles/max_750x750/public/Dictio%20apk/smarthphone%20san%20sud.jpg.webp?itok=1BHvCcTt,image,.webp,moore;san,,dictionary,https://mooreburkina.com/fr/dictionnaire-moor%C3%A9/aplications-de-dictionnaires-pour-ordinateur,Applications de dictionnaires | Mooré Burkina Faso,,img,,,,
3f40dd9233e1f20f,https://mooreburkina.com/sites/www.mooreburkina.com/files/styles/max_750x750/public/Diction%20exe/dictionnaire%20San%20du%20sud.jpg.webp?itok=MpP2sQq_,image,.webp,moore;san,,dictionary,https://mooreburkina.com/fr/dictionnaire-moor%C3%A9/aplications-de-dictionnaires-pour-ordinateur,Applications de dictionnaires | Mooré Burkina Faso,,img,,,,
ec56f53b12b01984,https://mooreburkina.com/sites/www.mooreburkina.com/files/styles/max_750x750/public/slideshow-images/artisan03.jpg.webp?itok=rAwh0obA,image,.webp,moore;san,,image_culture,https://mooreburkina.com/fr/images/fotos-du-pays-mossi/gens-et-impressions,Gens et leur quotidien | Mooré Burkina Faso,,img,,,,
