unit_id,language,variant,collection,record_order,headword,part_of_speech,text,translation_fr,translation_en,translation_ar,translations_json,definition,audio,audio_start,audio_end,image,video,speaker,author,source_page,app_url,source_file,evidence,confidence,review_status,notes
25461024d14f0796,dyu,,dictionary,1,,,anglais - Dioula,,,,,,,,,,,,,https://mooreburkina.com/fr/dictionnaire-dioula-en-ligne-0,https://media.ipsapps.org/dyu/oda/,apps/da6fb6898047cb2f/index-english/alphalinks.htm,html_table_row,0.84,needs_review,
b3ae5ced8b04263d,dyu,,dictionary,2,,,a b c d e f g h i j k l m n o p q r s t u v w x y z,,,,,,,,,,,,,https://mooreburkina.com/fr/dictionnaire-dioula-en-ligne-0,https://media.ipsapps.org/dyu/oda/,apps/da6fb6898047cb2f/index-english/alphalinks.htm,html_table_row,0.84,needs_review,
9893460841d113c5,dyu,,dictionary,1,,,français - Dioula,,,,,,,,,,,,,https://mooreburkina.com/fr/dictionnaire-dioula-en-ligne-0,https://media.ipsapps.org/dyu/oda/,apps/da6fb6898047cb2f/index-french/alphalinks.htm,html_table_row,0.84,needs_review,
df903111c3df290d,dyu,,dictionary,2,,,a b c d e f g h i j k l m n o œ p q r s t u v w x y z,,,,,,,,,,,,,https://mooreburkina.com/fr/dictionnaire-dioula-en-ligne-0,https://media.ipsapps.org/dyu/oda/,apps/da6fb6898047cb2f/index-french/alphalinks.htm,html_table_row,0.84,needs_review,
d5d2cbf94ffe9bb1,dyu,,dictionary,1,,,allemand - Dioula,,,,,,,,,,,,,https://mooreburkina.com/fr/dictionnaire-dioula-en-ligne-0,https://media.ipsapps.org/dyu/oda/,apps/da6fb6898047cb2f/index-german/alphalinks.htm,html_table_row,0.84,needs_review,
769e8fd89e7deec2,dyu,,dictionary,1,,,Dioula,Accueil Lexique français - Dioula anglais - Dioula allemand - Dioula Catégories,,,,,,,,,,,,https://mooreburkina.com/fr/dictionnaire-dioula-en-ligne-0,https://media.ipsapps.org/dyu/oda/,apps/da6fb6898047cb2f/title.htm,html_table_row,0.84,needs_review,
b7411bbad5a2216b,dyu,,dictionary,2,,,Lexique,français - Dioula,anglais - Dioula,,,,,,,,,,,https://mooreburkina.com/fr/dictionnaire-dioula-en-ligne-0,https://media.ipsapps.org/dyu/oda/,apps/da6fb6898047cb2f/title.htm,html_table_row,0.84,needs_review,
8de4f2c8cd8e3612,dyu,,dictionary,4,,,a,b,c,,,,,,,,,,,https://mooreburkina.com/fr/dictionnaire-dioula-en-ligne-0,https://media.ipsapps.org/dyu/oda/,apps/da6fb6898047cb2f/title.htm,html_table_row,0.84,needs_review,
d49d4ba01ccd77f2,dyu,,dictionary,5,,,contes dioula,,,,,,,,,,,,,https://mooreburkina.com/fr/dictionnaire-moor%C3%A9/aplications-de-dictionnaires-pour-ordinateur,,pages/multilingual__dioula_english_french_fulfulde_gulimancema_moore/general/dictionary/1f0395aae8c8af3d.html,numbered_content_page_text,0.80,needs_review,Text unit extracted from numbered content page; no media relation asserted.
632db85234063635,dyu,,dictionary,15,,,contes en fulfulde,,,,,,,,,,,,,https://mooreburkina.com/fr/dictionnaire-moor%C3%A9/aplications-de-dictionnaires-pour-ordinateur,,pages/multilingual__dioula_english_french_fulfulde_gulimancema_moore/general/dictionary/1f0395aae8c8af3d.html,numbered_content_page_text,0.80,needs_review,Text unit extracted from numbered content page; no media relation asserted.
abd2e9ab32f79380,dyu,,dictionary,36,,,contes fulfulde,,,,,,,,,,,,,https://mooreburkina.com/fr/dictionnaire-moor%C3%A9/aplications-de-dictionnaires-pour-ordinateur,,pages/multilingual__dioula_english_french_fulfulde_gulimancema_moore/general/dictionary/1f0395aae8c8af3d.html,numbered_content_page_text,0.80,needs_review,Text unit extracted from numbered content page; no media relation asserted.
afc0a9dcedcdf9f2,dyu,,dictionary,37,,,contes fulfulde (sans audio),,,,,,,,,,,,,https://mooreburkina.com/fr/dictionnaire-moor%C3%A9/aplications-de-dictionnaires-pour-ordinateur,,pages/multilingual__dioula_english_french_fulfulde_gulimancema_moore/general/dictionary/1f0395aae8c8af3d.html,numbered_content_page_text,0.80,needs_review,Text unit extracted from numbered content page; no media relation asserted.
5c5d7737ccec85b8,dyu,,dictionary,1495,,,proverbes en fulfulde,,,,,,,,,,,,,https://mooreburkina.com/fr/dictionnaire-moor%C3%A9/aplications-de-dictionnaires-pour-ordinateur,,pages/multilingual__dioula_english_french_fulfulde_gulimancema_moore/general/dictionary/1f0395aae8c8af3d.html,numbered_content_page_text,0.80,needs_review,Text unit extracted from numbered content page; no media relation asserted.
53cfaa955aac2c57,dyu,,folktale,1,,,"landa donkili. . . Nsiirin, nsiirin.",N'y'a bila Nayelima le kan.,,,,,,,,,,,,https://mooreburkina.com/fr/dioula/contes-dioula-avec-audio-vol-4,https://media.ipsapps.org/dyu/ora/c04/,apps/1a93b5a67ab3dd04/03-B003-001.html,adjacent_french_segment,0.75,needs_review,landa donkili. .
9187da64a28e7026,dyu,,folktale,36,,,Oui !,Il s’agit de la poule et du scorpion (femelle).,,,,,,,,,,,,https://mooreburkina.com/fr/dioula/5-contes-dioula,https://media.ipsapps.org/dyu/ora/co1/,apps/3bad583615bf9536/01-B001-001.html,adjacent_french_segment,0.75,needs_review,1 Sisɛ ni Buntenin
9f34b4ed13400428,dyu,,folktale,38,,,oui !,La poule et le scorpion (femelle) étaient des coépouses,,,,,,,,,,,,https://mooreburkina.com/fr/dioula/5-contes-dioula,https://media.ipsapps.org/dyu/ora/co1/,apps/3bad583615bf9536/01-B001-001.html,adjacent_french_segment,0.75,needs_review,1 Sisɛ ni Buntenin
8b6c2b21ae672acd,dyu,,folktale,40,,,"oui ! Un jour,",la poule et le scorpion (femelle) se sont disputés.,,,,,,,,,,,,https://mooreburkina.com/fr/dioula/5-contes-dioula,https://media.ipsapps.org/dyu/ora/co1/,apps/3bad583615bf9536/01-B001-001.html,adjacent_french_segment,0.75,needs_review,1 Sisɛ ni Buntenin
0e480eda158cf6e4,dyu,,folktale,43,,,oui !,La poule a piqué le scorpion (femelle) à la fesse.,,,,,,,,,,,,https://mooreburkina.com/fr/dioula/5-contes-dioula,https://media.ipsapps.org/dyu/ora/co1/,apps/3bad583615bf9536/01-B001-001.html,adjacent_french_segment,0.75,needs_review,1 Sisɛ ni Buntenin
ebaadae6569eba2b,dyu,,folktale,45,,,oui !,Le scorpion (femelle) a mordu la poule au pied.,,,,,,,,,,,,https://mooreburkina.com/fr/dioula/5-contes-dioula,https://media.ipsapps.org/dyu/ora/co1/,apps/3bad583615bf9536/01-B001-001.html,adjacent_french_segment,0.75,needs_review,1 Sisɛ ni Buntenin
bc7245020f7976d2,dyu,,folktale,47,,,oui !,Elle a gigoté et s’est couchée à terre en criant. Leur mari est rentré et a dit que:,,,,,,,,,,,,https://mooreburkina.com/fr/dioula/5-contes-dioula,https://media.ipsapps.org/dyu/ora/co1/,apps/3bad583615bf9536/01-B001-001.html,adjacent_french_segment,0.75,needs_review,1 Sisɛ ni Buntenin
b77d006f474256db,dyu,,folktale,50,,,oui !,Comment se fait-il que la poule est couchée à terre et crie?,,,,,,,,,,,,https://mooreburkina.com/fr/dioula/5-contes-dioula,https://media.ipsapps.org/dyu/ora/co1/,apps/3bad583615bf9536/01-B001-001.html,adjacent_french_segment,0.75,needs_review,1 Sisɛ ni Buntenin
c6e1bd458dddadee,dyu,,folktale,52,,,oui !,Le scorpion (femelle) dit que :,,,,,,,,,,,,https://mooreburkina.com/fr/dioula/5-contes-dioula,https://media.ipsapps.org/dyu/ora/co1/,apps/3bad583615bf9536/01-B001-001.html,adjacent_french_segment,0.75,needs_review,1 Sisɛ ni Buntenin
1ec3ebf32ef3a302,dyu,,folktale,54,,,oui !,"Elle m’a mordu à la fesse, je l’ai piquée au pied, elle s’est couchée à terre en criant.",,,,,,,,,,,,https://mooreburkina.com/fr/dioula/5-contes-dioula,https://media.ipsapps.org/dyu/ora/co1/,apps/3bad583615bf9536/01-B001-001.html,adjacent_french_segment,0.75,needs_review,1 Sisɛ ni Buntenin
15eea6fbf06cf3c9,dyu,,folktale,58,,,oui !,"C’est pourquoi, on dit que l’on ne doit pas juger quelqu’un par sa petite taille.",,,,,,,,,,,,https://mooreburkina.com/fr/dioula/5-contes-dioula,https://media.ipsapps.org/dyu/ora/co1/,apps/3bad583615bf9536/01-B001-001.html,adjacent_french_segment,0.75,needs_review,1 Sisɛ ni Buntenin
bf631abc6772dabf,dyu,,folktale,61,,,Morale,« L’habit ne fait le moine » ! « Il ne faut pas se fier à l’apparence » !,,,,,,,,,,,,https://mooreburkina.com/fr/dioula/5-contes-dioula,https://media.ipsapps.org/dyu/ora/co1/,apps/3bad583615bf9536/01-B001-001.html,adjacent_french_segment,0.75,needs_review,1 Sisɛ ni Buntenin
df8b52e54c052d8c,dyu,,folktale,46,,,"si non,",tu n’allais pas rester à bavarder ainsi. L’hyène dit que ça aussi c’est la vérité. Vas tu es libre.,,,,,,,,,,,,https://mooreburkina.com/fr/dioula/5-contes-dioula,https://media.ipsapps.org/dyu/ora/co1/,apps/3bad583615bf9536/02-B002-001.html,adjacent_french_segment,0.75,needs_review,2 Suruku ni Bakɔrɔnin
4796eaed661d3591,dyu,,folktale,55,,,"singe,",va monter sur l’arbre. Toi ta place est sur l’arbre. Un bienfait n’est jamais perdu.,,,,,,,,,,,,https://mooreburkina.com/fr/dioula/5-contes-dioula,https://media.ipsapps.org/dyu/ora/co1/,apps/3bad583615bf9536/03-B003-001.html,adjacent_french_segment,0.75,needs_review,"3 Sonsannin, Suruku ni Sula"
487c7800bfc5fadc,dyu,,folktale,1,,,"Saa bi duguma seen bi duguma,","[Le serpent est à terre le pied est à terre. Tôt ou tard, le serpent et le pied se rencontreront. Tôt ou tard nous nous rencontrerons].",,,,,,,,,,,,https://mooreburkina.com/fr/dioula-fulfulde/contes-dioula-et-fran%C3%A7ais,https://media.ipsapps.org/dyu/ora/p1/,apps/640ae2c75dca5bcd/01-001-001.html,adjacent_french_segment,0.75,needs_review,Saa bi duguma seen bi dug
8e43e03868579a46,dyu,,folktale,1,,,Sonsannin bɔnin lo fali ma nga a deen tɛ.,[Le lièvre ressemble à l’âne mais ce n’est pas son enfant. Il ne faut pas confondre le jour et la nuit. La nuit tous les chats sont gris].,,,,,,,,,,,,https://mooreburkina.com/fr/dioula-fulfulde/contes-dioula-et-fran%C3%A7ais,https://media.ipsapps.org/dyu/ora/p1/,apps/640ae2c75dca5bcd/01-001-002.html,adjacent_french_segment,0.75,needs_review,Saa bi duguma seen bi dug
4ced80a2bd7f16a5,dyu,,folktale,1,,,"Sigi ka mɛ, tiɲɛ bi lɔn.","[S’asseoir et rester longtemps, la vérité est connue. Avec le temps la vérité sera connue].",,,,,,,,,,,,https://mooreburkina.com/fr/dioula-fulfulde/contes-dioula-et-fran%C3%A7ais,https://media.ipsapps.org/dyu/ora/p1/,apps/640ae2c75dca5bcd/01-001-003.html,adjacent_french_segment,0.75,needs_review,Saa bi duguma seen bi dug
eae772100db724be,dyu,,folktale,1,,,"Biin siri baa ye, baa siri biin na, o bɛɛ baa ka dumuni.","[Attache l’herbe pour la chèvre, attache la chèvre dans l’herbe, tout cela est la nourriture de la chèvre.",,,,,,,,,,,,https://mooreburkina.com/fr/dioula-fulfulde/contes-dioula-et-fran%C3%A7ais,https://media.ipsapps.org/dyu/ora/p1/,apps/640ae2c75dca5bcd/01-001-004.html,adjacent_french_segment,0.75,needs_review,Saa bi duguma seen bi dug
d954d853525f3581,dyu,,folktale,7,,,"Bonnet blanc,",égal blanc bonnet].,,,,,,,,,,,,https://mooreburkina.com/fr/dioula-fulfulde/contes-dioula-et-fran%C3%A7ais,https://media.ipsapps.org/dyu/ora/p1/,apps/640ae2c75dca5bcd/01-001-004.html,adjacent_french_segment,0.75,needs_review,Saa bi duguma seen bi dug
5bd830808e061764,dyu,,folktale,1,,,Cɛɛ ti cɛ ka ban.,[On ne finit pas de ramasser l’homme. On n’a jamais fini de découvrir l’homme].,,,,,,,,,,,,https://mooreburkina.com/fr/dioula-fulfulde/contes-dioula-et-fran%C3%A7ais,https://media.ipsapps.org/dyu/ora/p1/,apps/640ae2c75dca5bcd/01-001-005.html,adjacent_french_segment,0.75,needs_review,Saa bi duguma seen bi dug
618b5c0d2c256a70,dyu,,folktale,1,,,"N ɲun, n jigi, kunlakolontagama ka fisa o bɛɛ ye.","[Charge sur ma tête, décharge-moi, marcher sans rien sur ma tête vaut mieux que tout cela. Il ne faut pas chercher de problème là où il y en n’a pas].",,,,,,,,,,,,https://mooreburkina.com/fr/dioula-fulfulde/contes-dioula-et-fran%C3%A7ais,https://media.ipsapps.org/dyu/ora/p1/,apps/640ae2c75dca5bcd/01-001-006.html,adjacent_french_segment,0.75,needs_review,Saa bi duguma seen bi dug
7dda5197443d2661,dyu,,folktale,1,,,Tɔnɔ fila ti sɔrɔ saan kelen na.,[On ne peut pas avoir deux bénéfices en une année. On ne peut pas poursuivre deux lièvres à la fois].,,,,,,,,,,,,https://mooreburkina.com/fr/dioula-fulfulde/contes-dioula-et-fran%C3%A7ais,https://media.ipsapps.org/dyu/ora/p1/,apps/640ae2c75dca5bcd/01-001-007.html,adjacent_french_segment,0.75,needs_review,Saa bi duguma seen bi dug
46716a1b6f93777c,dyu,,folktale,1,,,"Tagafe ka fɛgɛ yɔrɔ min na, a bi sɔgɔ o yɔrɔ le la.",[Le pagne se troue là où il est léger.,,,,,,,,,,,,https://mooreburkina.com/fr/dioula-fulfulde/contes-dioula-et-fran%C3%A7ais,https://media.ipsapps.org/dyu/ora/p1/,apps/640ae2c75dca5bcd/01-001-008.html,adjacent_french_segment,0.75,needs_review,Saa bi duguma seen bi dug
4713f6e79e0a7c9d,dyu,,folktale,4,,,"En toute chose,",il y a de la logique].,,,,,,,,,,,,https://mooreburkina.com/fr/dioula-fulfulde/contes-dioula-et-fran%C3%A7ais,https://media.ipsapps.org/dyu/ora/p1/,apps/640ae2c75dca5bcd/01-001-008.html,adjacent_french_segment,0.75,needs_review,Saa bi duguma seen bi dug
38ea011179c112e3,dyu,,folktale,1,,,"I ni fama, o ka fisa dɔ nin ye.","[Nous nous sommes vus il y a longtemps, cela vaut mieux que l’autre (la mort). Mieux vaut se revoir tard que jamais].",,,,,,,,,,,,https://mooreburkina.com/fr/dioula-fulfulde/contes-dioula-et-fran%C3%A7ais,https://media.ipsapps.org/dyu/ora/p1/,apps/640ae2c75dca5bcd/01-001-009.html,adjacent_french_segment,0.75,needs_review,Saa bi duguma seen bi dug
8b73bc74819fe18d,dyu,,folktale,1,,,"N’i y’i bolo kelen wili ko i mako ti mɔgɔ ra, i ka tɔkelen kɔrɔta ko mɔgɔ mako t’i ra.","[Si tu lèves une main en clamant que tu n’as besoin de personne, alors lève l’autre en disant que personne n’a besoin de toi].",,,,,,,,,,,,https://mooreburkina.com/fr/dioula-fulfulde/contes-dioula-et-fran%C3%A7ais,https://media.ipsapps.org/dyu/ora/p1/,apps/640ae2c75dca5bcd/01-001-010.html,adjacent_french_segment,0.75,needs_review,Saa bi duguma seen bi dug
832dd1ccfd6a821c,dyu,,folktale,1,,,Miiri le be ɲɔɔ kɛ dɔrɔ ye.,[C’est la réflexion qui transforme le mil en bière. Avec la recherche tout est possible].,,,,,,,,,,,,https://mooreburkina.com/fr/dioula-fulfulde/contes-dioula-et-fran%C3%A7ais,https://media.ipsapps.org/dyu/ora/p1/,apps/640ae2c75dca5bcd/01-001-011.html,adjacent_french_segment,0.75,needs_review,Saa bi duguma seen bi dug
bf90f87aab3f77e9,dyu,,folktale,1,,,Min ka fisa ɲɔɔ́ ma o bɔɔrɔ ye.,[Ce qui est mieux pour le mil c’est le sac. Chaque chose a son rôle].,,,,,,,,,,,,https://mooreburkina.com/fr/dioula-fulfulde/contes-dioula-et-fran%C3%A7ais,https://media.ipsapps.org/dyu/ora/p1/,apps/640ae2c75dca5bcd/01-001-012.html,adjacent_french_segment,0.75,needs_review,Saa bi duguma seen bi dug
9d8e73848bb1e02b,dyu,,folktale,1,,,Mɔgɔ ka kan ka tile filɛ ka sɔrɔ ka tulu mɔn.,[On doit d’abord regarder le soleil avant de faire des boules de beurre. Il faut réfléchir avant d’agir].,,,,,,,,,,,,https://mooreburkina.com/fr/dioula-fulfulde/contes-dioula-et-fran%C3%A7ais,https://media.ipsapps.org/dyu/ora/p1/,apps/640ae2c75dca5bcd/01-001-013.html,adjacent_french_segment,0.75,needs_review,Saa bi duguma seen bi dug
f62f2367724c16b9,dyu,,folktale,1,,,"Sɔɔn b’an bɛɛ ra, mɔgɔ wɛrɛ taa fɔ ka di.","[Chacun a un mauvais côté, mais il est plus facile de parler de celui de l’autre. On voit la paille qui est dans l’œil de l’autre sans voir la poutre qui est dans le sien].",,,,,,,,,,,,https://mooreburkina.com/fr/dioula-fulfulde/contes-dioula-et-fran%C3%A7ais,https://media.ipsapps.org/dyu/ora/p1/,apps/640ae2c75dca5bcd/01-001-014.html,adjacent_french_segment,0.75,needs_review,Saa bi duguma seen bi dug
e9bbc1faba0be037,dyu,,folktale,1,,,"N’a ma gwan, a ti suma.","[Si ça ne chauffe pas, ça ne se refroidit pas. Après la pluie vient le beau temps].",,,,,,,,,,,,https://mooreburkina.com/fr/dioula-fulfulde/contes-dioula-et-fran%C3%A7ais,https://media.ipsapps.org/dyu/ora/p1/,apps/640ae2c75dca5bcd/01-001-015.html,adjacent_french_segment,0.75,needs_review,Saa bi duguma seen bi dug
c204cc4e373c895a,dyu,,folktale,1,,,"Fiin ye kelen ye nga, a manamanacogo ti kelen ye.",[Le noir est le même mais sa manière de briller n’est pas la même. Tout ce qui brille n’est pas or].,,,,,,,,,,,,https://mooreburkina.com/fr/dioula-fulfulde/contes-dioula-et-fran%C3%A7ais,https://media.ipsapps.org/dyu/ora/p1/,apps/640ae2c75dca5bcd/01-001-016.html,adjacent_french_segment,0.75,needs_review,Saa bi duguma seen bi dug
d3fb4774372ad217,dyu,,folktale,1,,,Daan be koo bɛɛ ra.,[Il y a une fin à toute chose. Tout fini tôt ou tard].,,,,,,,,,,,,https://mooreburkina.com/fr/dioula-fulfulde/contes-dioula-et-fran%C3%A7ais,https://media.ipsapps.org/dyu/ora/p1/,apps/640ae2c75dca5bcd/01-001-017.html,adjacent_french_segment,0.75,needs_review,Saa bi duguma seen bi dug
76be3dc8b42d9533,dyu,,folktale,1,,,Naloman ceguyafɛn ye sɛgɛn ye.,[C’est la souffrance qui rend l’idiot intelligent. L’expérience vaut mieux que la science].,,,,,,,,,,,,https://mooreburkina.com/fr/dioula-fulfulde/contes-dioula-et-fran%C3%A7ais,https://media.ipsapps.org/dyu/ora/p1/,apps/640ae2c75dca5bcd/01-001-018.html,adjacent_french_segment,0.75,needs_review,Saa bi duguma seen bi dug
9ac9bbc3946c27ee,dyu,,folktale,1,,,I bagara kuntan ma ɲadenkelenko ra.,[Tu demandes injustement un œil à celui qui n’a pas de tête. Il faut réfléchir avant d’agir].,,,,,,,,,,,,https://mooreburkina.com/fr/dioula-fulfulde/contes-dioula-et-fran%C3%A7ais,https://media.ipsapps.org/dyu/ora/p1/,apps/640ae2c75dca5bcd/01-001-019.html,adjacent_french_segment,0.75,needs_review,Saa bi duguma seen bi dug
db2dfb01ab977b6c,dyu,,folktale,1,,,"Dɔ ti dɔrɔ min, dɔwɛrɛ b’o dɔrɔminkan fɔ.",[Quelqu’un ne boit pas l’alcool et un autre parle le langage du buveur. Chacun répond de ses actes].,,,,,,,,,,,,https://mooreburkina.com/fr/dioula-fulfulde/contes-dioula-et-fran%C3%A7ais,https://media.ipsapps.org/dyu/ora/p1/,apps/640ae2c75dca5bcd/01-001-020.html,adjacent_french_segment,0.75,needs_review,Saa bi duguma seen bi dug
35a1edc1b1fe3e5e,dyu,,folktale,1,,,Bilankɔrɔ ti mɔgɔ ɲaa gwan.,[Poser à côté ne fait souffrir personne. La prévoyance ne nuit pas].,,,,,,,,,,,,https://mooreburkina.com/fr/dioula-fulfulde/contes-dioula-et-fran%C3%A7ais,https://media.ipsapps.org/dyu/ora/p1/,apps/640ae2c75dca5bcd/01-001-021.html,adjacent_french_segment,0.75,needs_review,Saa bi duguma seen bi dug
970fa34e24e1ef7e,dyu,,folktale,1,,,Mɔgɔ ti sanbara bɔ i ka sokɔnɔɲinan kanma.,[On n’enlève pas sa chaussure pour courir après la souris de sa maison. Chaque chose à son temps].,,,,,,,,,,,,https://mooreburkina.com/fr/dioula-fulfulde/contes-dioula-et-fran%C3%A7ais,https://media.ipsapps.org/dyu/ora/p1/,apps/640ae2c75dca5bcd/01-001-022.html,adjacent_french_segment,0.75,needs_review,Saa bi duguma seen bi dug
1575d3b5453836cc,dyu,,folktale,1,,,"Wulucɛ min bi safinɛ ta, o deen ti kolo to.","[Le chien qui prend du savon, son fils ne laisse pas l’os. Tel père tel fils].",,,,,,,,,,,,https://mooreburkina.com/fr/dioula-fulfulde/contes-dioula-et-fran%C3%A7ais,https://media.ipsapps.org/dyu/ora/p1/,apps/640ae2c75dca5bcd/01-001-023.html,adjacent_french_segment,0.75,needs_review,Saa bi duguma seen bi dug
5c08c50dee226208,dyu,,folktale,2,,,koo bɛɛ juru b’i ra.,"[Tant que tu n’es pas mort tout peut t’arriver. Ça n’arrive pas qu’aux autres]. N’i ma sa,",,,,,,,,,,,,https://mooreburkina.com/fr/dioula-fulfulde/contes-dioula-et-fran%C3%A7ais,https://media.ipsapps.org/dyu/ora/p1/,apps/640ae2c75dca5bcd/01-001-024.html,adjacent_french_segment,0.75,needs_review,Saa bi duguma seen bi dug
effb2118b430ba81,dyu,,folktale,1,,,"N’i y’a mɛn «á ni wula», o kɔrɔ ko tile benna.","[Lorsque tu entends «bonsoir», cela veut dire que le soleil est couché. On ne peut pas avoir été et être].",,,,,,,,,,,,https://mooreburkina.com/fr/dioula-fulfulde/contes-dioula-et-fran%C3%A7ais,https://media.ipsapps.org/dyu/ora/p1/,apps/640ae2c75dca5bcd/01-001-025.html,adjacent_french_segment,0.75,needs_review,Saa bi duguma seen bi dug
a0e25985f6d4bfd2,dyu,,folktale,1,,,"Tango bi yiranna a yɛrɛ ma, jango ni bɛrɛden kelen benna wo kɔnɔ, o ye yiranni daan ye.","[La friteuse est en train de frire elle-même à fortiori lorsqu’un caillou tombe dedans, ce serait frire sans fin. C’est enfoncer une porte ouverte].",,,,,,,,,,,,https://mooreburkina.com/fr/dioula-fulfulde/contes-dioula-et-fran%C3%A7ais,https://media.ipsapps.org/dyu/ora/p1/,apps/640ae2c75dca5bcd/01-001-026.html,adjacent_french_segment,0.75,needs_review,Saa bi duguma seen bi dug
d4bfeb72701c431f,dyu,,folktale,1,,,Kɔlɔnkolon yiri bi kari a kɔnɔ.,[Le bois d’un mauvais puits se casse dans son intérieur. Le mal se retourne contre son auteur].,,,,,,,,,,,,https://mooreburkina.com/fr/dioula-fulfulde/contes-dioula-et-fran%C3%A7ais,https://media.ipsapps.org/dyu/ora/p1/,apps/640ae2c75dca5bcd/01-001-027.html,adjacent_french_segment,0.75,needs_review,Saa bi duguma seen bi dug
4867a97340179746,dyu,,folktale,1,,,Nanbara ti basi mɔ.,[La malhonnêteté ne fait pas cuire le couscous. La tromperie n’avance en rien].,,,,,,,,,,,,https://mooreburkina.com/fr/dioula-fulfulde/contes-dioula-et-fran%C3%A7ais,https://media.ipsapps.org/dyu/ora/p1/,apps/640ae2c75dca5bcd/01-001-028.html,adjacent_french_segment,0.75,needs_review,Saa bi duguma seen bi dug
7079718e79b24895,dyu,,folktale,1,,,Tiɲɛ bi ɲaa wulen nga a t’a ci.,[La vérité rougit l’œil mais ne le casse pas. La vérité fait mal mais elle ne tue pas].,,,,,,,,,,,,https://mooreburkina.com/fr/dioula-fulfulde/contes-dioula-et-fran%C3%A7ais,https://media.ipsapps.org/dyu/ora/p1/,apps/640ae2c75dca5bcd/01-001-029.html,adjacent_french_segment,0.75,needs_review,Saa bi duguma seen bi dug
892b75b0d2bae779,dyu,,folktale,44,,,Pullo debbo e ɓeengem. 45 Moodibbo e dokkal Alla. 46 Rafi du'aa'u saara. 47 Golle bonɗo. 51 Hokku neema heɓa kokkiteɗaa. 52 Hamnde nyiiwa e donto.,,,,,,,,,,,,,https://mooreburkina.com/fr/fulfulde/contes-lus-en-fulfulde-0,,pages/multilingual__dioula_english_french_fulfulde_moore/general/folktale/2424bdbf1516a9cf.html,numbered_content_page_text,0.80,needs_review,Text unit extracted from numbered content page; no media relation asserted.
5ff7f182584c8158,dyu,,folktale,64,,,"Caliiɗo suudu baaba 65 Moorgol njilngel 66 Bonde 67 Kanaana 68 Jaadiraaɓe ɗiɗo 69 Bojel, njuuraa e garuwal jinni 44 Pullo debbo e ɓeengem. 45 Moodibbo e dokkal Alla. 46 Rafi du'aa'u saara. 47 Golle bonɗo. 51 Hokku neema heɓa kokkiteɗaa. 52 Hamnde nyiiwa e donto. Pour visualiser cette application hors ligne, cliquez ici pour l'ouvrir dans une nouvelle fenêtre. Ensuite, mettez-la en signet ou ajoutez-la à votre écran d'accueil. Envoyez-nous vos commentaires ou questions",,,,,,,,,,,,,https://mooreburkina.com/fr/fulfulde/contes-lus-en-fulfulde-0,,pages/multilingual__dioula_english_french_fulfulde_moore/general/folktale/2424bdbf1516a9cf.html,numbered_content_page_text,0.80,needs_review,Text unit extracted from numbered content page; no media relation asserted.
b5871444d161177d,dyu,,folktale,64,,,"Caliiɗo suudu baaba 65 Moorgol njilngel 66 Bonde 67 Kanaana 68 Jaadiraaɓe ɗiɗo 69 Bojel, njuuraa e garuwal jinni 44 Pullo debbo e ɓeengem. 45 Moodibbo e dokkal Alla. 46 Rafi du'aa'u saara. 47 Golle bonɗo. 51 Hokku neema heɓa kokkiteɗaa. 52 Hamnde nyiiwa e donto.",,,,,,,,,,,,,https://mooreburkina.com/fr/fulfulde/contes-lus-en-fulfulde-0,,pages/multilingual__dioula_english_french_fulfulde_moore/general/folktale/2424bdbf1516a9cf.html,numbered_content_page_text,0.80,needs_review,Text unit extracted from numbered content page; no media relation asserted.
f9310a55cfe76f61,dyu,,folktale,64,,,"Caliiɗo suudu baaba 65 Moorgol njilngel 66 Bonde 67 Kanaana 68 Jaadiraaɓe ɗiɗo 69 Bojel, njuuraa e garuwal jinni",,,,,,,,,,,,,https://mooreburkina.com/fr/fulfulde/contes-lus-en-fulfulde-0,,pages/multilingual__dioula_english_french_fulfulde_moore/general/folktale/2424bdbf1516a9cf.html,numbered_content_page_text,0.80,needs_review,Text unit extracted from numbered content page; no media relation asserted.
236c05cd01901072,dyu,,folktale,23,,,Haala girben am mbeelka. 24 Soso misinanam. 62 Pewel 1 Gorko mawɗo e goroo ɓiyum. 2 Faatuma e Hamma laamu e Hamma jawdi e Hamma talka.,,,,,,,,,,,,,https://mooreburkina.com/fr/fulfulde/contes-lus-en-fulfulde-5,,pages/multilingual__dioula_english_french_fulfulde_moore/general/folktale/3b898871bae623dc.html,numbered_content_page_text,0.80,needs_review,Text unit extracted from numbered content page; no media relation asserted.
174d656549adda87,dyu,,folktale,56,,,Hakkillo am na ɓuri hakkillo kaananke. 58 Moodibbo e Saahiijom. 59 Debbo Kiroowo. 60 Jiija e nawliraaɓem. 6 Njuuraa e luulotooɗe manngal ladde.,,,,,,,,,,,,,https://mooreburkina.com/fr/fulfulde/contes-lus-en-fulfulde-5,,pages/multilingual__dioula_english_french_fulfulde_moore/general/folktale/3b898871bae623dc.html,numbered_content_page_text,0.80,needs_review,Text unit extracted from numbered content page; no media relation asserted.
18c8c4d0b76c6cd6,dyu,,folktale,56,,,"Hakkillo am na ɓuri hakkillo kaananke. 58 Moodibbo e Saahiijom. 59 Debbo Kiroowo. 60 Jiija e nawliraaɓem. 6 Njuuraa e luulotooɗe manngal ladde. 23 Haala girben am mbeelka. 24 Soso misinanam. 62 Pewel 1 Gorko mawɗo e goroo ɓiyum. 2 Faatuma e Hamma laamu e Hamma jawdi e Hamma talka. Pour visualiser cette application hors ligne, cliquez ici pour l'ouvrir dans une nouvelle fenêtre. Ensuite, mettez-la en signet ou ajoutez-la à votre écran d'accueil. Envoyez-nous vos commentaires ou questions",,,,,,,,,,,,,https://mooreburkina.com/fr/fulfulde/contes-lus-en-fulfulde-5,,pages/multilingual__dioula_english_french_fulfulde_moore/general/folktale/3b898871bae623dc.html,numbered_content_page_text,0.80,needs_review,Text unit extracted from numbered content page; no media relation asserted.
f17f1d22d63315da,dyu,,folktale,56,,,Hakkillo am na ɓuri hakkillo kaananke. 58 Moodibbo e Saahiijom. 59 Debbo Kiroowo. 60 Jiija e nawliraaɓem. 6 Njuuraa e luulotooɗe manngal ladde. 23 Haala girben am mbeelka. 24 Soso misinanam. 62 Pewel 1 Gorko mawɗo e goroo ɓiyum. 2 Faatuma e Hamma laamu e Hamma jawdi e Hamma talka.,,,,,,,,,,,,,https://mooreburkina.com/fr/fulfulde/contes-lus-en-fulfulde-5,,pages/multilingual__dioula_english_french_fulfulde_moore/general/folktale/3b898871bae623dc.html,numbered_content_page_text,0.80,needs_review,Text unit extracted from numbered content page; no media relation asserted.
dd20c23a87cf9b9d,dyu,,folktale,1,,,A ra kẽnda a kẽna .,,,,,,,,,,,,,https://mooreburkina.com/fr/contes-proverbes/contes-vol-4-avec-audio,,pages/multilingual__dioula_english_french_fulfulde_moore/general/folktale/49c00fee2e23d3b8.html,numbered_content_page_text,0.80,needs_review,Text unit extracted from numbered content page; no media relation asserted.
26f6b54b2b476aed,dyu,,folktale,2,,,Zood nooma .,,,,,,,,,,,,,https://mooreburkina.com/fr/contes-proverbes/contes-vol-4-avec-audio,,pages/multilingual__dioula_english_french_fulfulde_moore/general/folktale/49c00fee2e23d3b8.html,numbered_content_page_text,0.80,needs_review,Text unit extracted from numbered content page; no media relation asserted.
8712920fbed56959,dyu,,folktale,3,,,M ba Katr maoore.,,,,,,,,,,,,,https://mooreburkina.com/fr/contes-proverbes/contes-vol-4-avec-audio,,pages/multilingual__dioula_english_french_fulfulde_moore/general/folktale/49c00fee2e23d3b8.html,numbered_content_page_text,0.80,needs_review,Text unit extracted from numbered content page; no media relation asserted.
7e8d0fbcd0973a21,dyu,,folktale,4,,,Ninsaal pa wãbd yɩbrg ye .,,,,,,,,,,,,,https://mooreburkina.com/fr/contes-proverbes/contes-vol-4-avec-audio,,pages/multilingual__dioula_english_french_fulfulde_moore/general/folktale/49c00fee2e23d3b8.html,numbered_content_page_text,0.80,needs_review,Text unit extracted from numbered content page; no media relation asserted.
95ccde422f07d66f,dyu,,folktale,5,,,Mam dɩta Wẽnd sẽn kõ- m a .,,,,,,,,,,,,,https://mooreburkina.com/fr/contes-proverbes/contes-vol-4-avec-audio,,pages/multilingual__dioula_english_french_fulfulde_moore/general/folktale/49c00fee2e23d3b8.html,numbered_content_page_text,0.80,needs_review,Text unit extracted from numbered content page; no media relation asserted.
482ef64d27e795cf,dyu,,folktale,6,,,Ned kõn bãng beoog ye .,,,,,,,,,,,,,https://mooreburkina.com/fr/contes-proverbes/contes-vol-4-avec-audio,,pages/multilingual__dioula_english_french_fulfulde_moore/general/folktale/49c00fee2e23d3b8.html,numbered_content_page_text,0.80,needs_review,Text unit extracted from numbered content page; no media relation asserted.
5964bcd942975ac5,dyu,,folktale,7,,,Wẽ n d sẽn pa kõ-fã.,,,,,,,,,,,,,https://mooreburkina.com/fr/contes-proverbes/contes-vol-4-avec-audio,,pages/multilingual__dioula_english_french_fulfulde_moore/general/folktale/49c00fee2e23d3b8.html,numbered_content_page_text,0.80,needs_review,Text unit extracted from numbered content page; no media relation asserted.
0681ea9df4312940,dyu,,folktale,8,,,M to ye l l pa pak- m ye .,,,,,,,,,,,,,https://mooreburkina.com/fr/contes-proverbes/contes-vol-4-avec-audio,,pages/multilingual__dioula_english_french_fulfulde_moore/general/folktale/49c00fee2e23d3b8.html,numbered_content_page_text,0.80,needs_review,Text unit extracted from numbered content page; no media relation asserted.
a0ada90eae3658d9,dyu,,folktale,9,,,Yel-sõmd kõn dol ne zɩtem ye .,,,,,,,,,,,,,https://mooreburkina.com/fr/contes-proverbes/contes-vol-4-avec-audio,,pages/multilingual__dioula_english_french_fulfulde_moore/general/folktale/49c00fee2e23d3b8.html,numbered_content_page_text,0.80,needs_review,Text unit extracted from numbered content page; no media relation asserted.
95e3b87a1e81bdf1,dyu,,folktale,10,,,Katr dabaare .,,,,,,,,,,,,,https://mooreburkina.com/fr/contes-proverbes/contes-vol-4-avec-audio,,pages/multilingual__dioula_english_french_fulfulde_moore/general/folktale/49c00fee2e23d3b8.html,numbered_content_page_text,0.80,needs_review,Text unit extracted from numbered content page; no media relation asserted.
9f3593ca781066d1,dyu,,folktale,11,,,Na-k ɩɩ ng pa pẽgd ye .,,,,,,,,,,,,,https://mooreburkina.com/fr/contes-proverbes/contes-vol-4-avec-audio,,pages/multilingual__dioula_english_french_fulfulde_moore/general/folktale/49c00fee2e23d3b8.html,numbered_content_page_text,0.80,needs_review,Text unit extracted from numbered content page; no media relation asserted.
64ec846e25c591e5,dyu,,folktale,12,,,Goam yaa g ũ usgu .,,,,,,,,,,,,,https://mooreburkina.com/fr/contes-proverbes/contes-vol-4-avec-audio,,pages/multilingual__dioula_english_french_fulfulde_moore/general/folktale/49c00fee2e23d3b8.html,numbered_content_page_text,0.80,needs_review,Text unit extracted from numbered content page; no media relation asserted.
86df7fd54146da34,dyu,,folktale,5,,,"Moƴƴere ɓii-aadama. 20 Goppeere, ndontoori e naange. 21 Ngel ɓoggi. 22 Sammbo kulol. 40 Wooɗiyel. 48 Wudere mayɗo.",,,,,,,,,,,,,https://mooreburkina.com/fr/fulfulde/proverbes-dioula-vol-4,,pages/multilingual__dioula_english_french_fulfulde_moore/general/folktale/4b6b3f09c8ea7f10.html,numbered_content_page_text,0.80,needs_review,Text unit extracted from numbered content page; no media relation asserted.
5ddcd5f249a092c9,dyu,,folktale,11,,,"Inna Kummbowel Kodda. 14 Girbel. 16 Ndawuuwa kaananke. 17 Jiija. 18 Addaare. 19 Semteende moɗam. 5 Moƴƴere ɓii-aadama. 20 Goppeere, ndontoori e naange. 21 Ngel ɓoggi. 22 Sammbo kulol. 40 Wooɗiyel. 48 Wudere mayɗo. Pour visualiser cette application hors ligne, cliquez ici pour l'ouvrir dans une nouvelle fenêtre. Ensuite, mettez-la en signet ou ajoutez-la à votre écran d'accueil. Envoyez-nous vos commentaires ou questions",,,,,,,,,,,,,https://mooreburkina.com/fr/fulfulde/proverbes-dioula-vol-4,,pages/multilingual__dioula_english_french_fulfulde_moore/general/folktale/4b6b3f09c8ea7f10.html,numbered_content_page_text,0.80,needs_review,Text unit extracted from numbered content page; no media relation asserted.
9695c0e208fdd71c,dyu,,folktale,11,,,Inna Kummbowel Kodda. 14 Girbel. 16 Ndawuuwa kaananke. 17 Jiija. 18 Addaare. 19 Semteende moɗam.,,,,,,,,,,,,,https://mooreburkina.com/fr/fulfulde/proverbes-dioula-vol-4,,pages/multilingual__dioula_english_french_fulfulde_moore/general/folktale/4b6b3f09c8ea7f10.html,numbered_content_page_text,0.80,needs_review,Text unit extracted from numbered content page; no media relation asserted.
b641673c4878a502,dyu,,folktale,11,,,"Inna Kummbowel Kodda. 14 Girbel. 16 Ndawuuwa kaananke. 17 Jiija. 18 Addaare. 19 Semteende moɗam. 5 Moƴƴere ɓii-aadama. 20 Goppeere, ndontoori e naange. 21 Ngel ɓoggi. 22 Sammbo kulol. 40 Wooɗiyel. 48 Wudere mayɗo.",,,,,,,,,,,,,https://mooreburkina.com/fr/fulfulde/proverbes-dioula-vol-4,,pages/multilingual__dioula_english_french_fulfulde_moore/general/folktale/4b6b3f09c8ea7f10.html,numbered_content_page_text,0.80,needs_review,Text unit extracted from numbered content page; no media relation asserted.
bd48207321668a0c,dyu,,folktale,27,,,Susu ndaar. 29 Gorko mawɗo geddo Alla. 30 Ngayngaylaaku. 53 Monnde Ndarja. 61 Suudu Baaba. 63 Debbo ndoggoowo.,,,,,,,,,,,,,https://mooreburkina.com/fr/fulfulde/contes-lus-en-fulfulde-vol-3,,pages/multilingual__dioula_english_french_fulfulde_moore/general/folktale/6c4ce3e3f67db718.html,numbered_content_page_text,0.80,needs_review,Text unit extracted from numbered content page; no media relation asserted.
aaa098e0773a1855,dyu,,folktale,41,,,"Talka e dokkal moodibbo. 42 Suka gorko e deekum e araawa tummboowa. 43 Suka gorko e esiraaɓem. 49 Kaananke e suka debbo. 54 Ga'i e laddeeru. 57 Keefeero e giɗo Alla. 27 Susu ndaar. 29 Gorko mawɗo geddo Alla. 30 Ngayngaylaaku. 53 Monnde Ndarja. 61 Suudu Baaba. 63 Debbo ndoggoowo. Pour visualiser cette application hors ligne, cliquez ici pour l'ouvrir dans une nouvelle fenêtre. Ensuite, mettez-la en signet ou ajoutez-la à votre écran d'accueil. Envoyez-nous vos commentaires ou questions",,,,,,,,,,,,,https://mooreburkina.com/fr/fulfulde/contes-lus-en-fulfulde-vol-3,,pages/multilingual__dioula_english_french_fulfulde_moore/general/folktale/6c4ce3e3f67db718.html,numbered_content_page_text,0.80,needs_review,Text unit extracted from numbered content page; no media relation asserted.
ccc319c3968f0c52,dyu,,folktale,41,,,Talka e dokkal moodibbo. 42 Suka gorko e deekum e araawa tummboowa. 43 Suka gorko e esiraaɓem. 49 Kaananke e suka debbo. 54 Ga'i e laddeeru. 57 Keefeero e giɗo Alla. 27 Susu ndaar. 29 Gorko mawɗo geddo Alla. 30 Ngayngaylaaku. 53 Monnde Ndarja. 61 Suudu Baaba. 63 Debbo ndoggoowo.,,,,,,,,,,,,,https://mooreburkina.com/fr/fulfulde/contes-lus-en-fulfulde-vol-3,,pages/multilingual__dioula_english_french_fulfulde_moore/general/folktale/6c4ce3e3f67db718.html,numbered_content_page_text,0.80,needs_review,Text unit extracted from numbered content page; no media relation asserted.
dc89e9ef8e2a3e7f,dyu,,folktale,41,,,Talka e dokkal moodibbo. 42 Suka gorko e deekum e araawa tummboowa. 43 Suka gorko e esiraaɓem. 49 Kaananke e suka debbo. 54 Ga'i e laddeeru. 57 Keefeero e giɗo Alla.,,,,,,,,,,,,,https://mooreburkina.com/fr/fulfulde/contes-lus-en-fulfulde-vol-3,,pages/multilingual__dioula_english_french_fulfulde_moore/general/folktale/6c4ce3e3f67db718.html,numbered_content_page_text,0.80,needs_review,Text unit extracted from numbered content page; no media relation asserted.
ea13041622dbbdd4,dyu,,folktale,1,,,A Yamne kibare.,,,,,,,,,,,,,https://mooreburkina.com/fr/contes-proverbes/contes-vol-3-avec-audio,,pages/multilingual__dioula_english_french_fulfulde_moore/general/folktale/bf4849a49b1dba98.html,numbered_content_page_text,0.80,needs_review,Text unit extracted from numbered content page; no media relation asserted.
727514cd37a51a8e,dyu,,folktale,2,,,Yã ligd n yĩm zoodo.,,,,,,,,,,,,,https://mooreburkina.com/fr/contes-proverbes/contes-vol-3-avec-audio,,pages/multilingual__dioula_english_french_fulfulde_moore/general/folktale/bf4849a49b1dba98.html,numbered_content_page_text,0.80,needs_review,Text unit extracted from numbered content page; no media relation asserted.
36c9b3c6e3454780,dyu,,folktale,3,,,Ned fãa gũ a pʋɩɩre.,,,,,,,,,,,,,https://mooreburkina.com/fr/contes-proverbes/contes-vol-3-avec-audio,,pages/multilingual__dioula_english_french_fulfulde_moore/general/folktale/bf4849a49b1dba98.html,numbered_content_page_text,0.80,needs_review,Text unit extracted from numbered content page; no media relation asserted.
5c7bd95c43e2bacf,dyu,,folktale,4,,,A Yamyɩɩd kibare.,,,,,,,,,,,,,https://mooreburkina.com/fr/contes-proverbes/contes-vol-3-avec-audio,,pages/multilingual__dioula_english_french_fulfulde_moore/general/folktale/bf4849a49b1dba98.html,numbered_content_page_text,0.80,needs_review,Text unit extracted from numbered content page; no media relation asserted.
24943aa49a35ed76,dyu,,folktale,5,,,Soaamb yel-baoore. 6 Soaamb yʋ-baoore.,,,,,,,,,,,,,https://mooreburkina.com/fr/contes-proverbes/contes-vol-3-avec-audio,,pages/multilingual__dioula_english_french_fulfulde_moore/general/folktale/bf4849a49b1dba98.html,numbered_content_page_text,0.80,needs_review,Text unit extracted from numbered content page; no media relation asserted.
7dcdc458d04b0356,dyu,,folktale,5,,,Soaamb yel-baoore.,,,,,,,,,,,,,https://mooreburkina.com/fr/contes-proverbes/contes-vol-3-avec-audio,,pages/multilingual__dioula_english_french_fulfulde_moore/general/folktale/bf4849a49b1dba98.html,numbered_content_page_text,0.80,needs_review,Text unit extracted from numbered content page; no media relation asserted.
ce8c7507c9e12a82,dyu,,folktale,7,,,Katr ne soaamb gɛl baoobo.,,,,,,,,,,,,,https://mooreburkina.com/fr/contes-proverbes/contes-vol-3-avec-audio,,pages/multilingual__dioula_english_french_fulfulde_moore/general/folktale/bf4849a49b1dba98.html,numbered_content_page_text,0.80,needs_review,Text unit extracted from numbered content page; no media relation asserted.
12222642a4c0db43,dyu,,folktale,8,,,M ba Katr kãoongo. 9 Ad a Baag zaba ne a yirã rãmba.,,,,,,,,,,,,,https://mooreburkina.com/fr/contes-proverbes/contes-vol-3-avec-audio,,pages/multilingual__dioula_english_french_fulfulde_moore/general/folktale/bf4849a49b1dba98.html,numbered_content_page_text,0.80,needs_review,Text unit extracted from numbered content page; no media relation asserted.
a2307e9977eca506,dyu,,folktale,10,,,D koos d ma-rãmbã.,,,,,,,,,,,,,https://mooreburkina.com/fr/contes-proverbes/contes-vol-3-avec-audio,,pages/multilingual__dioula_english_french_fulfulde_moore/general/folktale/bf4849a49b1dba98.html,numbered_content_page_text,0.80,needs_review,Text unit extracted from numbered content page; no media relation asserted.
a2231935c899ea50,dyu,,folktale,11,,,Kɩɩba.,,,,,,,,,,,,,https://mooreburkina.com/fr/contes-proverbes/contes-vol-3-avec-audio,,pages/multilingual__dioula_english_french_fulfulde_moore/general/folktale/bf4849a49b1dba98.html,numbered_content_page_text,0.80,needs_review,Text unit extracted from numbered content page; no media relation asserted.
82beddb7aeb7b765,dyu,,folktale,12,,,"A Kazẽega, a Baning la a Kazʋre.",,,,,,,,,,,,,https://mooreburkina.com/fr/contes-proverbes/contes-vol-3-avec-audio,,pages/multilingual__dioula_english_french_fulfulde_moore/general/folktale/bf4849a49b1dba98.html,numbered_content_page_text,0.80,needs_review,Text unit extracted from numbered content page; no media relation asserted.
5138fc460f2e820f,dyu,,folktale,3,,,Oolal e jokolɓe cuusuɓe 7 Ngaɗi ngakki 8 Njuuraa e ɓiɓɓe ladde 9 Mayde hunnduko 10 Ngorgu 12 Koccaari beero 4 Fowru e Noora 13 Kuunga ladde e ɓii- nawliyo 15 Ramto e leengaa 70 Tindinooje gorko mawɗo 71 Kunkuuru deel neyel 72 Gariibu bonɗo,,,,,,,,,,,,,https://mooreburkina.com/fr/fulfulde/contes-lus-en-fulfulde,,pages/multilingual__dioula_english_french_fulfulde_moore/general/folktale/c3d2c349566058ad.html,numbered_content_page_text,0.80,needs_review,Text unit extracted from numbered content page; no media relation asserted.
938bc81494bbd5c4,dyu,,folktale,3,,,Oolal e jokolɓe cuusuɓe 7 Ngaɗi ngakki 8 Njuuraa e ɓiɓɓe ladde 9 Mayde hunnduko 10 Ngorgu 12 Koccaari beero,,,,,,,,,,,,,https://mooreburkina.com/fr/fulfulde/contes-lus-en-fulfulde,,pages/multilingual__dioula_english_french_fulfulde_moore/general/folktale/c3d2c349566058ad.html,numbered_content_page_text,0.80,needs_review,Text unit extracted from numbered content page; no media relation asserted.
e6a7ab678ba9e5de,dyu,,folktale,3,,,"Oolal e jokolɓe cuusuɓe 7 Ngaɗi ngakki 8 Njuuraa e ɓiɓɓe ladde 9 Mayde hunnduko 10 Ngorgu 12 Koccaari beero 4 Fowru e Noora 13 Kuunga ladde e ɓii- nawliyo 15 Ramto e leengaa 70 Tindinooje gorko mawɗo 71 Kunkuuru deel neyel 72 Gariibu bonɗo Pour visualiser cette application hors ligne, cliquez ici pour l'ouvrir dans une nouvelle fenêtre. Ensuite, mettez-la en signet ou ajoutez-la à votre écran d'accueil. Envoyez-nous vos commentaires ou questions",,,,,,,,,,,,,https://mooreburkina.com/fr/fulfulde/contes-lus-en-fulfulde,,pages/multilingual__dioula_english_french_fulfulde_moore/general/folktale/c3d2c349566058ad.html,numbered_content_page_text,0.80,needs_review,Text unit extracted from numbered content page; no media relation asserted.
362be94fa44aeb0d,dyu,,folktale,4,,,Fowru e Noora 13 Kuunga ladde e ɓii- nawliyo 15 Ramto e leengaa 70 Tindinooje gorko mawɗo 71 Kunkuuru deel neyel 72 Gariibu bonɗo,,,,,,,,,,,,,https://mooreburkina.com/fr/fulfulde/contes-lus-en-fulfulde,,pages/multilingual__dioula_english_french_fulfulde_moore/general/folktale/c3d2c349566058ad.html,numbered_content_page_text,0.80,needs_review,Text unit extracted from numbered content page; no media relation asserted.
766c98c7735281b6,dyu,,folktale,1,,,"Sammbo cuusu 2. Debbo cennditiiɗo 3. Soni so Alla waray, kaananke warataa! 4. Poolel 5. Yaare e fowru",,,,,,,,,,,,,https://mooreburkina.com/fr/fulfulde/15-contes-en-fulfulde,,pages/multilingual__dioula_english_french_fulfulde_moore/general/folktale/fa38995d08bbca4d.html,numbered_content_page_text,0.80,needs_review,Text unit extracted from numbered content page; no media relation asserted.
7d71595ff73da647,dyu,,folktale,1,,,"Sammbo cuusu 2. Debbo cennditiiɗo 3. Soni so Alla waray, kaananke warataa! 4. Poolel 5. Yaare e fowru 6. Kuse teewu 7. Jaadiraaɓe 8. Ɓoccooɗe Buugalel 9. Ndotti 10. Jamalenngu 11. Hayndeeji 12. Dey Maana e korɗom 13. Dem-mawɗo e laayoorum 14. Wuugaandu e lewla 15. Kiram kaananke",,,,,,,,,,,,,https://mooreburkina.com/fr/fulfulde/15-contes-en-fulfulde,,pages/multilingual__dioula_english_french_fulfulde_moore/general/folktale/fa38995d08bbca4d.html,numbered_content_page_text,0.80,needs_review,Text unit extracted from numbered content page; no media relation asserted.
f6359fdbfcb84f0d,dyu,,folktale,6,,,Kuse teewu 7. Jaadiraaɓe 8. Ɓoccooɗe Buugalel 9. Ndotti 10. Jamalenngu,,,,,,,,,,,,,https://mooreburkina.com/fr/fulfulde/15-contes-en-fulfulde,,pages/multilingual__dioula_english_french_fulfulde_moore/general/folktale/fa38995d08bbca4d.html,numbered_content_page_text,0.80,needs_review,Text unit extracted from numbered content page; no media relation asserted.
bdee9bb4b51d049e,dyu,,folktale,11,,,Hayndeeji 12. Dey Maana e korɗom 13. Dem-mawɗo e laayoorum 14. Wuugaandu e lewla 15. Kiram kaananke,,,,,,,,,,,,,https://mooreburkina.com/fr/fulfulde/15-contes-en-fulfulde,,pages/multilingual__dioula_english_french_fulfulde_moore/general/folktale/fa38995d08bbca4d.html,numbered_content_page_text,0.80,needs_review,Text unit extracted from numbered content page; no media relation asserted.
21599771785dcfd1,dyu,,folktale,15,,,contes en fulfulde pour lire et écouter. Apuyez sur le bouton «Play» pour activer l'écoute.,,,,,,,,,,,,,https://mooreburkina.com/fr/fulfulde/15-contes-en-fulfulde,,pages/multilingual__dioula_english_french_fulfulde_moore/general/folktale/fa38995d08bbca4d.html,numbered_content_page_text,0.80,needs_review,Text unit extracted from numbered content page; no media relation asserted.
6cf733b13845f056,dyu,,folktale,15,,,"contes en fulfulde 15 contes en fulfulde pour lire et écouter. Apuyez sur le bouton «Play» pour activer l'écoute. 1. Sammbo cuusu 2. Debbo cennditiiɗo 3. Soni so Alla waray, kaananke warataa! 4. Poolel 5. Yaare e fowru 6. Kuse teewu 7. Jaadiraaɓe 8. Ɓoccooɗe Buugalel 9. Ndotti 10. Jamalenngu 11. Hayndeeji 12. Dey Maana e korɗom 13. Dem-mawɗo e laayoorum 14. Wuugaandu e lewla 15. Kiram kaananke Pour visualiser cette application hors ligne, cliquez ici pour l'ouvrir dans une nouvelle fenêtre. Ensuite, mettez-la en signet ou ajoutez-la à votre écran d'accueil. Envoyez-nous vos commentaires ou questions Partager Voulez-vous partager ce que vous avez appris de cette Écriture aujourd'hui ? Votre encouragement nous est précieux Vos témoignages contribuent à rendre possibles des sites web tels que celui-ci.",,,,,,,,,,,,,https://mooreburkina.com/fr/fulfulde/15-contes-en-fulfulde,,pages/multilingual__dioula_english_french_fulfulde_moore/general/folktale/fa38995d08bbca4d.html,numbered_content_page_text,0.80,needs_review,Text unit extracted from numbered content page; no media relation asserted.
775421f3fea8253f,dyu,,folktale,15,,,"contes en fulfulde pour lire et écouter. Apuyez sur le bouton «Play» pour activer l'écoute. 1. Sammbo cuusu 2. Debbo cennditiiɗo 3. Soni so Alla waray, kaananke warataa! 4. Poolel 5. Yaare e fowru 6. Kuse teewu 7. Jaadiraaɓe 8. Ɓoccooɗe Buugalel 9. Ndotti 10. Jamalenngu 11. Hayndeeji 12. Dey Maana e korɗom 13. Dem-mawɗo e laayoorum 14. Wuugaandu e lewla 15. Kiram kaananke Pour visualiser cette application hors ligne, cliquez ici pour l'ouvrir dans une nouvelle fenêtre. Ensuite, mettez-la en signet ou ajoutez-la à votre écran d'accueil. Envoyez-nous vos commentaires ou questions",,,,,,,,,,,,,https://mooreburkina.com/fr/fulfulde/15-contes-en-fulfulde,,pages/multilingual__dioula_english_french_fulfulde_moore/general/folktale/fa38995d08bbca4d.html,numbered_content_page_text,0.80,needs_review,Text unit extracted from numbered content page; no media relation asserted.
4677118778ed4f4b,dyu,,folktale,40,,,"proverbes en mooré vol. 2, par Timothée Kaboré Pour avoir l'audio, cliquez sur le bouton « play » en haut de page. Lorsque le proverbe 1 a terminé de parler, cliquez sur le proverbe 2 pour l' é couter et lire, puis sur le 3. Si l'on sélectionne un proverbe non pas dans l'ordre chronologique, la synchronisation audio - écriture sera malheureusement décalée. Pour visualiser cette application hors ligne, cliquez ici pour l'ouvrir dans une nouvelle fenêtre. Ensuite, mettez-la en signet ou ajoutez-la à votre écran d'accueil. Envoyez-nous vos commentaires ou questions",,,,,,,,,,,,,https://mooreburkina.com/fr/contes-proverbes/proverbes-en-moor%C3%A9-vol-2,,pages/multilingual__dioula_english_french_moore/general/folktale/195d2b9e4993c814.html,numbered_content_page_text,0.80,needs_review,Text unit extracted from numbered content page; no media relation asserted.
99edad5996204803,dyu,,folktale,40,,,"proverbes en mooré vol. 2, par Timothée Kaboré Pour avoir l'audio, cliquez sur le bouton « play » en haut de page. Lorsque le proverbe 1 a terminé de parler, cliquez sur le proverbe 2 pour l' é couter et lire, puis sur le 3. Si l'on sélectionne un proverbe non pas dans l'ordre chronologique, la synchronisation audio - écriture sera malheureusement décalée.",,,,,,,,,,,,,https://mooreburkina.com/fr/contes-proverbes/proverbes-en-moor%C3%A9-vol-2,,pages/multilingual__dioula_english_french_moore/general/folktale/195d2b9e4993c814.html,numbered_content_page_text,0.80,needs_review,Text unit extracted from numbered content page; no media relation asserted.
1f52ba43c8435f1a,dyu,,folktale,40,,,"proverbes en mooré vol. 3 par Timothée Kaboré Pour avoir l'audio, cliquez sur le bouton « play » en haut de page. Lorsque le proverbe 1 a terminé de parler, cliquez sur le proverbe 2 pour l' é couter et lire, puis sur le 3. Si l'on sélectionne un proverbe non pas dans l'ordre chronologique, la synchronisation audio - écriture sera malheureusement décalée.",,,,,,,,,,,,,https://mooreburkina.com/fr/contes-proverbes/proverbes-en-moor%C3%A9-vol-3,,pages/multilingual__dioula_english_french_moore/general/folktale/7f091e69af869208.html,numbered_content_page_text,0.80,needs_review,Text unit extracted from numbered content page; no media relation asserted.
4f67e55c48b1445c,dyu,,folktale,40,,,"proverbes en mooré vol. 3 par Timothée Kaboré Pour avoir l'audio, cliquez sur le bouton « play » en haut de page. Lorsque le proverbe 1 a terminé de parler, cliquez sur le proverbe 2 pour l' é couter et lire, puis sur le 3. Si l'on sélectionne un proverbe non pas dans l'ordre chronologique, la synchronisation audio - écriture sera malheureusement décalée. Pour visualiser cette application hors ligne, cliquez ici pour l'ouvrir dans une nouvelle fenêtre. Ensuite, mettez-la en signet ou ajoutez-la à votre écran d'accueil. Envoyez-nous vos commentaires ou questions",,,,,,,,,,,,,https://mooreburkina.com/fr/contes-proverbes/proverbes-en-moor%C3%A9-vol-3,,pages/multilingual__dioula_english_french_moore/general/folktale/7f091e69af869208.html,numbered_content_page_text,0.80,needs_review,Text unit extracted from numbered content page; no media relation asserted.
c87e0d7e5e080a19,dyu,,folktale,15,,,"contes lu et écrits en dioula du Burkina Faso. Les contes ont une fonction de divertissement, et de détente, mais ils ont aussi une fonction d'enseignement et d'initiation à la manière de bien vivre dans la société. Le plus souvent les contes parlent des valeurs, en deux mots de la «sagesse africaine». Ainsi, la malhonnêteté, la jalousie, l'irrespect, l'indiscrétion, le mensonge et l'égoïsme y sont fustigés. En somme, on y trouve la véritable autorité héritière de la sagesse et de l'expérience de l'âge. © Texte dioula par Alou Keïta, Ouagadougou, Burkina Faso, 2021 © Audio lu par Afsatou Bokoum, Bobo-Dioulasso, Burkina Faso Pour écouter le conte, il faut appuyer sur le bouton < PLAY > en bas du conte",,,,,,,,,,,,,https://mooreburkina.com/fr/dioula/contes-en-dioula-avec-audio-volume-3,,pages/multilingual__dioula_english_french_moore/general/folktale/f586b82d4b58c4f7.html,numbered_content_page_text,0.80,needs_review,Text unit extracted from numbered content page; no media relation asserted.
c9a5286d80fd9c8b,dyu,,folktale,15,,,contes lu et écrits en dioula du Burkina Faso.,,,,,,,,,,,,,https://mooreburkina.com/fr/dioula/contes-en-dioula-avec-audio-volume-3,,pages/multilingual__dioula_english_french_moore/general/folktale/f586b82d4b58c4f7.html,numbered_content_page_text,0.80,needs_review,Text unit extracted from numbered content page; no media relation asserted.
f82b3470b523d277,dyu,,folktale,15,,,"contes lu et écrits en dioula du Burkina Faso. Les contes ont une fonction de divertissement, et de détente, mais ils ont aussi une fonction d'enseignement et d'initiation à la manière de bien vivre dans la société. Le plus souvent les contes parlent des valeurs, en deux mots de la «sagesse africaine». Ainsi, la malhonnêteté, la jalousie, l'irrespect, l'indiscrétion, le mensonge et l'égoïsme y sont fustigés. En somme, on y trouve la véritable autorité héritière de la sagesse et de l'expérience de l'âge. © Texte dioula par Alou Keïta, Ouagadougou, Burkina Faso, 2021 © Audio lu par Afsatou Bokoum, Bobo-Dioulasso, Burkina Faso Pour écouter le conte, il faut appuyer sur le bouton < PLAY > en bas du conte Pour visualiser cette application hors ligne, cliquez ici pour l'ouvrir dans une nouvelle fenêtre. Ensuite, mettez-la en signet ou ajoutez-la à votre écran d'accueil. Cette application se trouve aussi sur Google Play Store pour télécharger sur smartphone Android",,,,,,,,,,,,,https://mooreburkina.com/fr/dioula/contes-en-dioula-avec-audio-volume-3,,pages/multilingual__dioula_english_french_moore/general/folktale/f586b82d4b58c4f7.html,numbered_content_page_text,0.80,needs_review,Text unit extracted from numbered content page; no media relation asserted.
3404fcd05768a2e8,dyu,,folktale,1,,,"Wulu, baa ani sula 2. Nuyelima 3. Kabako fiyɛ 4. Ɲɛnbɛrɛn ka libɔ 5. Muso kelen n'a deenw 6. Suruku ni bakɔrɔnin 7. Suruku, wulu ni bakɔrɔnin 8. Cɛkɔrɔba kelen dɔ 9. Cɛɛ dɔ n’a muso ani jinaw 10. Sonsani, saman ni meeri 11. Wulu ni sula ka teriya 12. Suruku ka wɔlɔnin jalan 13. Lasina n’a tericɛ Fuseni 14. Sunguruw ni musokɔrɔba",,,,,,,,,,,,,https://mooreburkina.com/fr/dioula/contes-dioula-avec-audio-vol-4,,pages/multilingual__dioula_english_french_moore_san/general/folktale/3b8ab13d0714f67a.html,numbered_content_page_text,0.80,needs_review,Text unit extracted from numbered content page; no media relation asserted.
696e88a8945497ff,dyu,,folktale,14,,,"Contes en dioula / jula, avec audio pour lire et écouter. Après chaque conte en dioula / jula suit le conte traduit en français.",,,,,,,,,,,,,https://mooreburkina.com/fr/dioula/contes-dioula-avec-audio-vol-4,,pages/multilingual__dioula_english_french_moore_san/general/folktale/3b8ab13d0714f67a.html,numbered_content_page_text,0.80,needs_review,Text unit extracted from numbered content page; no media relation asserted.
842533af2242fcf6,dyu,,folktale,14,,,"Contes en dioula / jula, avec audio pour lire et écouter. Après chaque conte en dioula / jula suit le conte traduit en français. 1. Wulu, baa ani sula 2. Nuyelima 3. Kabako fiyɛ 4. Ɲɛnbɛrɛn ka libɔ 5. Muso kelen n'a deenw 6. Suruku ni bakɔrɔnin 7. Suruku, wulu ni bakɔrɔnin 8. Cɛkɔrɔba kelen dɔ 9. Cɛɛ dɔ n’a muso ani jinaw 10. Sonsani, saman ni meeri 11. Wulu ni sula ka teriya 12. Suruku ka wɔlɔnin jalan 13. Lasina n’a tericɛ Fuseni 14. Sunguruw ni musokɔrɔba",,,,,,,,,,,,,https://mooreburkina.com/fr/dioula/contes-dioula-avec-audio-vol-4,,pages/multilingual__dioula_english_french_moore_san/general/folktale/3b8ab13d0714f67a.html,numbered_content_page_text,0.80,needs_review,Text unit extracted from numbered content page; no media relation asserted.
b1ec3cdfaddb37cf,dyu,,folktale,14,,,"Contes en dioula / jula, avec audio pour lire et écouter. Après chaque conte en dioula / jula suit le conte traduit en français. 1. Wulu, baa ani sula 2. Nuyelima 3. Kabako fiyɛ 4. Ɲɛnbɛrɛn ka libɔ 5. Muso kelen n'a deenw 6. Suruku ni bakɔrɔnin 7. Suruku, wulu ni bakɔrɔnin 8. Cɛkɔrɔba kelen dɔ 9. Cɛɛ dɔ n’a muso ani jinaw 10. Sonsani, saman ni meeri 11. Wulu ni sula ka teriya 12. Suruku ka wɔlɔnin jalan 13. Lasina n’a tericɛ Fuseni 14. Sunguruw ni musokɔrɔba Pour visualiser cette application hors ligne, cliquez ici pour l'ouvrir dans une nouvelle fenêtre. Ensuite, mettez-la en signet ou ajoutez-la à votre écran d'accueil. pour aller au prochain conte dioula, il faut avancer en cliquant sur la flèche à droite. Pour avoir tous les 48 contes sur votre iPhone ou iPad, il faut télécharger l'appli suivant sur votre iPhone",,,,,,,,,,,,,https://mooreburkina.com/fr/dioula/contes-dioula-avec-audio-vol-4,,pages/multilingual__dioula_english_french_moore_san/general/folktale/3b8ab13d0714f67a.html,numbered_content_page_text,0.80,needs_review,Text unit extracted from numbered content page; no media relation asserted.
db1ae4447bdc5d6c,dyu,,folktale,1,,,Sisɛ́ ni Búntenin ( La poule et le scorpion ),,,,,,,,,,,,,https://mooreburkina.com/fr/dioula/5-contes-dioula,,pages/multilingual__dioula_english_french_moore_san/general/folktale/871f53c897ec0817.html,numbered_content_page_text,0.80,needs_review,Text unit extracted from numbered content page; no media relation asserted.
fc37c61807e96ecf,dyu,,folktale,2,,,N y’a la suruku ni bakɔrɔnin kan (La hyène et le bouc),,,,,,,,,,,,,https://mooreburkina.com/fr/dioula/5-contes-dioula,,pages/multilingual__dioula_english_french_moore_san/general/folktale/871f53c897ec0817.html,numbered_content_page_text,0.80,needs_review,Text unit extracted from numbered content page; no media relation asserted.
1147d5e609b04581,dyu,,folktale,3,,,"N y’a bila sonsannin, suruku ani sula kan (L e lièvre, l’hyène et le singe )",,,,,,,,,,,,,https://mooreburkina.com/fr/dioula/5-contes-dioula,,pages/multilingual__dioula_english_french_moore_san/general/folktale/871f53c897ec0817.html,numbered_content_page_text,0.80,needs_review,Text unit extracted from numbered content page; no media relation asserted.
7850e46b1cccff82,dyu,,folktale,4,,,N y’a bila muso fila dɔ le kan (Deux femmes un une orpheline),,,,,,,,,,,,,https://mooreburkina.com/fr/dioula/5-contes-dioula,,pages/multilingual__dioula_english_french_moore_san/general/folktale/871f53c897ec0817.html,numbered_content_page_text,0.80,needs_review,Text unit extracted from numbered content page; no media relation asserted.
1653ee1cf508999b,dyu,,folktale,5,,,N y’a ta k’a la kongofɛnw kan. (Des animaux de la brousse.),,,,,,,,,,,,,https://mooreburkina.com/fr/dioula/5-contes-dioula,,pages/multilingual__dioula_english_french_moore_san/general/folktale/871f53c897ec0817.html,numbered_content_page_text,0.80,needs_review,Text unit extracted from numbered content page; no media relation asserted.
b1d2c7463eca5e36,dyu,,folktale,5,,,"contes dioula Cinq contes dioula avec audio lus par l'auteur Auteur Mme Dakuyo Aïssata / Sanou 1. Sisɛ́ ni Búntenin ( La poule et le scorpion ) 2. N y’a la suruku ni bakɔrɔnin kan (La hyène et le bouc) 3. N y’a bila sonsannin, suruku ani sula kan (L e lièvre, l’hyène et le singe ) 4. N y’a bila muso fila dɔ le kan (Deux femmes un une orpheline) 5. N y’a ta k’a la kongofɛnw kan. (Des animaux de la brousse.) Pour visualiser cette application hors ligne, cliquez ici pour l'ouvrir dans une nouvelle fenêtre. Ensuite, mettez-la en signet ou ajoutez-la à votre écran d'accueil. cliquez sur l'image ci-dessus pour activer le lien directement sur Google Play Store Envoyez-nous vos commentaires ou questions Partager Voulez-vous partager ce que vous avez appris de cette Écriture aujourd'hui ? Votre encouragement nous est précieux Vos témoignages contribuent à rendre possibles des sites web tels que celui-ci.",,,,,,,,,,,,,https://mooreburkina.com/fr/dioula/5-contes-dioula,,pages/multilingual__dioula_english_french_moore_san/general/folktale/871f53c897ec0817.html,numbered_content_page_text,0.80,needs_review,Text unit extracted from numbered content page; no media relation asserted.
19f56f603678a774,dyu,,folktale,1,,,"Cɛɛ dɔ ka ladilikan 2 Cɛkɔrɔba dɔ ni a deen 3 Cɛkɔrɔba ni a deen 4 Dentulogɛlɛn 2 5 Dentulogɛlɛn 1 6 Sonsannin ni suruku 7 Sonsannin ni suruku 8 Sonsannin ni suruku 9 Sonsannin ni suruku 10 Sonsannin ni suruku 11 Sonsannin ni suruku 12 Sonsannin ni suruku 13 Suruku ni sonsannin 14 Suruku ni sonsannin © Textes par Alou Keïta, © audio par Maïmouna Guira Pour visualiser cette application hors ligne, cliquez ici pour l'ouvrir dans une nouvelle fenêtre. Ensuite, mettez-la en signet ou ajoutez-la à votre écran d'accueil. cliquez sur l'image ci-dessus pour activer le lien directement sur Google Play Store Envoyez-nous vos commentaires ou questions",,,,,,,,,,,,,https://mooreburkina.com/fr/dioula/contes-en-dioula-avec-audio-volume-2,,pages/multilingual__dioula_english_french_moore_san/general/folktale/d119424969cc8dac.html,numbered_content_page_text,0.80,needs_review,Text unit extracted from numbered content page; no media relation asserted.
6df702ed2f15cbc1,dyu,,folktale,1,,,Cɛɛ dɔ ka ladilikan 2 Cɛkɔrɔba dɔ ni a deen 3 Cɛkɔrɔba ni a deen 4 Dentulogɛlɛn 2 5 Dentulogɛlɛn 1 6 Sonsannin ni suruku 7 Sonsannin ni suruku 8 Sonsannin ni suruku 9 Sonsannin ni suruku 10 Sonsannin ni suruku 11 Sonsannin ni suruku 12 Sonsannin ni suruku 13 Suruku ni sonsannin 14 Suruku ni sonsannin,,,,,,,,,,,,,https://mooreburkina.com/fr/dioula/contes-en-dioula-avec-audio-volume-2,,pages/multilingual__dioula_english_french_moore_san/general/folktale/d119424969cc8dac.html,numbered_content_page_text,0.80,needs_review,Text unit extracted from numbered content page; no media relation asserted.
7e8eb49aba9aa2db,dyu,,folktale,1,,,Cɛɛ dɔ ka ladilikan 2 Cɛkɔrɔba dɔ ni a deen 3 Cɛkɔrɔba ni a deen 4 Dentulogɛlɛn 2 5 Dentulogɛlɛn 1 6 Sonsannin ni suruku 7 Sonsannin ni suruku,,,,,,,,,,,,,https://mooreburkina.com/fr/dioula/contes-en-dioula-avec-audio-volume-2,,pages/multilingual__dioula_english_french_moore_san/general/folktale/d119424969cc8dac.html,numbered_content_page_text,0.80,needs_review,Text unit extracted from numbered content page; no media relation asserted.
916dd3b6f800f3f8,dyu,,folktale,8,,,Sonsannin ni suruku 9 Sonsannin ni suruku 10 Sonsannin ni suruku 11 Sonsannin ni suruku 12 Sonsannin ni suruku 13 Suruku ni sonsannin 14 Suruku ni sonsannin,,,,,,,,,,,,,https://mooreburkina.com/fr/dioula/contes-en-dioula-avec-audio-volume-2,,pages/multilingual__dioula_english_french_moore_san/general/folktale/d119424969cc8dac.html,numbered_content_page_text,0.80,needs_review,Text unit extracted from numbered content page; no media relation asserted.
99dc43641b4322e8,dyu,,other,1,,,"Le « Dioula facile, Tome I » existe depuis 2003 sous forme de document d’auto apprentissage du dioula.",Ici une forme audio d’une grande partie de ce même document vous est proposée pour répondre à un besoin exprimé par de nombreux utilisateurs dudit document. Vos suggestions sont toujours les bienvenues. Pages 8 à 15. 1 ÉLÉMENTS DE TRANSCRIPTION.,,,,,,,,,,,,https://mooreburkina.com/fr/dioula/dioula-facile-tome-1,https://media.ipsapps.org/dyu/ora/fac/,apps/96b0091e4f3617e4/01-B001-001.html,adjacent_french_segment,0.75,needs_review,"Le « Dioula facile, Tome"
95f3ef06479c262b,dyu,,other,6,,,1-1 L’alphabet.,Nous commençons par l’alphabet ainsi qu’il suit : Les voyelles orales.,,,,,,,,,,,,https://mooreburkina.com/fr/dioula/dioula-facile-tome-1,https://media.ipsapps.org/dyu/ora/fac/,apps/96b0091e4f3617e4/01-B001-001.html,adjacent_french_segment,0.75,needs_review,"Le « Dioula facile, Tome"
679b157557430e56,dyu,,other,9,,,Exemples :,a ábada « jamais ».,,,,,,,,,,,,https://mooreburkina.com/fr/dioula/dioula-facile-tome-1,https://media.ipsapps.org/dyu/ora/fac/,apps/96b0091e4f3617e4/01-B001-001.html,adjacent_french_segment,0.75,needs_review,"Le « Dioula facile, Tome"
a8898201c73d6865,dyu,,other,27,,,Exemples : an bálán « balafon ».,en kélen « un ».,,,,,,,,,,,,https://mooreburkina.com/fr/dioula/dioula-facile-tome-1,https://media.ipsapps.org/dyu/ora/fac/,apps/96b0091e4f3617e4/01-B001-001.html,adjacent_french_segment,0.75,needs_review,"Le « Dioula facile, Tome"
15aa270f92e88894,dyu,,other,45,,,"Le son ŋ qui n’existe pas en français, mérite donc une attention particulière.",C’est le son que l’on trouve à la fin des mots anglais comme :,,,,,,,,,,,,https://mooreburkina.com/fr/dioula/dioula-facile-tome-1,https://media.ipsapps.org/dyu/ora/fac/,apps/96b0091e4f3617e4/01-B001-001.html,adjacent_french_segment,0.75,needs_review,"Le « Dioula facile, Tome"
b2db6b586d6d3914,dyu,,other,2,,,3 Les formules de salutation.,"Pour savoir saluer en dioula, il est utile de connaître les différentes parties de la journée. 3-1 Divisions de la journée. La journée se divise comme suit : De l’aube à 11h:",,,,,,,,,,,,https://mooreburkina.com/fr/dioula/dioula-facile-tome-1,https://media.ipsapps.org/dyu/ora/fac/,apps/96b0091e4f3617e4/02-B002-001.html,adjacent_french_segment,0.75,needs_review,Pages 28 à 29 première
9ef34bd1d2f2b389,dyu,,other,7,,,sɔ̀gɔ́mà « matin matinée ».,Au delà de 11h à 14 heures :,,,,,,,,,,,,https://mooreburkina.com/fr/dioula/dioula-facile-tome-1,https://media.ipsapps.org/dyu/ora/fac/,apps/96b0091e4f3617e4/02-B002-001.html,adjacent_french_segment,0.75,needs_review,Pages 28 à 29 première
f9020e3791d9abcf,dyu,,other,9,,,tìléfɛ̀ « midi fin de la matinée ».,Au delà de 14 heures à 18h :,,,,,,,,,,,,https://mooreburkina.com/fr/dioula/dioula-facile-tome-1,https://media.ipsapps.org/dyu/ora/fac/,apps/96b0091e4f3617e4/02-B002-001.html,adjacent_french_segment,0.75,needs_review,Pages 28 à 29 première
7d7d5bd1b0e9e235,dyu,,other,2,,,súfɛ̀ « nuit ».,Au delà de 23heures à 0 heure : dùgùtílámà/dugutíla « tard la nuit » . au delà de 01 heure à 05 heures :,,,,,,,,,,,,https://mooreburkina.com/fr/dioula/dioula-facile-tome-1,https://media.ipsapps.org/dyu/ora/fac/,apps/96b0091e4f3617e4/02-B002-002.html,adjacent_french_segment,0.75,needs_review,Pages 28 à 29 première
0599d78dfa40db40,dyu,,other,6,,,Salutation : dánsɛ̀.,« soyez le / la bienvenu(e) ». Réponse : nbáà ou nsée.,,,,,,,,,,,,https://mooreburkina.com/fr/dioula/dioula-facile-tome-1,https://media.ipsapps.org/dyu/ora/fac/,apps/96b0091e4f3617e4/03-B003-001.html,adjacent_french_segment,0.75,needs_review,Pages 29 deuxième partie
f596fd57c69686b7,dyu,,other,11,,,"« merci ». Salutation : I ní tágama, Bobokánẁ do?","«Bien venu(e), comment vont les gens de Bobo »? Réponse :",,,,,,,,,,,,https://mooreburkina.com/fr/dioula/dioula-facile-tome-1,https://media.ipsapps.org/dyu/ora/fac/,apps/96b0091e4f3617e4/03-B003-001.html,adjacent_french_segment,0.75,needs_review,Pages 29 deuxième partie
9e2c179692b72182,dyu,,other,16,,,Ó / ù ká kɛ́nɛ.,« ils vont bien ». Puis on demande les nouvelles de tous les proches en détail (souvent on commence par les enfants :,,,,,,,,,,,,https://mooreburkina.com/fr/dioula/dioula-facile-tome-1,https://media.ipsapps.org/dyu/ora/fac/,apps/96b0091e4f3617e4/03-B003-001.html,adjacent_french_segment,0.75,needs_review,Pages 29 deuxième partie
863e634e516d5e02,dyu,,other,19,,,dénmísɛ́nẁ). NB Bobokan « habitant de Bobo (ville) ». Bɔbɔkan « langue des Bɔbɔ (ethnie) ». 3-3 Salutations de prise de contact.,Deux (2) formules de salutations sont utilisées dans la manière de répondre en dioula suivant le moment de la journée.,,,,,,,,,,,,https://mooreburkina.com/fr/dioula/dioula-facile-tome-1,https://media.ipsapps.org/dyu/ora/fac/,apps/96b0091e4f3617e4/03-B003-001.html,adjacent_french_segment,0.75,needs_review,Pages 29 deuxième partie
61272308f790b0f2,dyu,,other,24,,,Sɔ̀gɔ́mà.,« matin / matinée ».,,,,,,,,,,,,https://mooreburkina.com/fr/dioula/dioula-facile-tome-1,https://media.ipsapps.org/dyu/ora/fac/,apps/96b0091e4f3617e4/03-B003-001.html,adjacent_french_segment,0.75,needs_review,Pages 29 deuxième partie
c522794d4e464836,dyu,,other,33,,,"hɛ́ɛrɛ, sirá wa ?",Précédé de : nbáà / nsée.,,,,,,,,,,,,https://mooreburkina.com/fr/dioula/dioula-facile-tome-1,https://media.ipsapps.org/dyu/ora/fac/,apps/96b0091e4f3617e4/03-B003-001.html,adjacent_french_segment,0.75,needs_review,Pages 29 deuxième partie
7e092e7e6ce1e1d5,dyu,,other,4,,,Moussa : í ní sɔ̀gɔ́mà. « bonjour ».,Thérèse :,,,,,,,,,,,,https://mooreburkina.com/fr/dioula/dioula-facile-tome-1,https://media.ipsapps.org/dyu/ora/fac/,apps/96b0091e4f3617e4/04-B004-001.html,adjacent_french_segment,0.75,needs_review,Pages 31b à 32
47d2370bb4415001,dyu,,other,14,,,o ká kɛ́nɛ.,« elle va bien ».,,,,,,,,,,,,https://mooreburkina.com/fr/dioula/dioula-facile-tome-1,https://media.ipsapps.org/dyu/ora/fac/,apps/96b0091e4f3617e4/04-B004-001.html,adjacent_french_segment,0.75,needs_review,Pages 31b à 32
379730856063723d,dyu,,other,16,,,Vocabulaire : sɔ̀gɔ́mà « matin matinée » sómɔ́gɔ́ẁ « les gens de la famille »,2e possibilité.,,,,,,,,,,,,https://mooreburkina.com/fr/dioula/dioula-facile-tome-1,https://media.ipsapps.org/dyu/ora/fac/,apps/96b0091e4f3617e4/04-B004-001.html,adjacent_french_segment,0.75,needs_review,Pages 31b à 32
0707057374d873b8,dyu,,other,24,,,"nsée, hɛ́ɛrɛ sirá wà?",« bonjour comment ça va »?,,,,,,,,,,,,https://mooreburkina.com/fr/dioula/dioula-facile-tome-1,https://media.ipsapps.org/dyu/ora/fac/,apps/96b0091e4f3617e4/04-B004-001.html,adjacent_french_segment,0.75,needs_review,Pages 31b à 32
78e6d288f75fbe6b,dyu,,other,26,,,"Moussa : hɛ́ɛrɛ, sómɔ́gɔ́ẁ do?","« ça va, comment va ta famille »? Thérèse :",,,,,,,,,,,,https://mooreburkina.com/fr/dioula/dioula-facile-tome-1,https://media.ipsapps.org/dyu/ora/fac/,apps/96b0091e4f3617e4/04-B004-001.html,adjacent_french_segment,0.75,needs_review,Pages 31b à 32
eddebcc6a5b2121a,dyu,,other,30,,,"o ká kɛ́nɛ, dénmísɛ́nẁ do?","«ça va, comment vont les enfants » ?",,,,,,,,,,,,https://mooreburkina.com/fr/dioula/dioula-facile-tome-1,https://media.ipsapps.org/dyu/ora/fac/,apps/96b0091e4f3617e4/04-B004-001.html,adjacent_french_segment,0.75,needs_review,Pages 31b à 32
2e068894002b9717,dyu,,other,32,,,Moussa : ò ká kɛ́nɛ.,« ils vont bien ». 3e possibilité.,,,,,,,,,,,,https://mooreburkina.com/fr/dioula/dioula-facile-tome-1,https://media.ipsapps.org/dyu/ora/fac/,apps/96b0091e4f3617e4/04-B004-001.html,adjacent_french_segment,0.75,needs_review,Pages 31b à 32
cab5a6849fdf947c,dyu,,other,36,,,"Moussa : í ní sɔ̀gɔ́mà, Tɛ̀rɛ́zì.",« bonjour Thérèse ». Thérèse :,,,,,,,,,,,,https://mooreburkina.com/fr/dioula/dioula-facile-tome-1,https://media.ipsapps.org/dyu/ora/fac/,apps/96b0091e4f3617e4/04-B004-001.html,adjacent_french_segment,0.75,needs_review,Pages 31b à 32
f67888a736f8f024,dyu,,other,40,,,"nsée, Músà í ká kɛ́nɛ wà.","« bonjour Musa, comment vas-tu »?",,,,,,,,,,,,https://mooreburkina.com/fr/dioula/dioula-facile-tome-1,https://media.ipsapps.org/dyu/ora/fac/,apps/96b0091e4f3617e4/04-B004-001.html,adjacent_french_segment,0.75,needs_review,Pages 31b à 32
fb96aa3fb3513ce4,dyu,,other,42,,,"Moussa : hɛ́ɛrɛ, sómɔ́gɔ́ẁ do?",« ça va comment va ta famille» ? Thérèse :,,,,,,,,,,,,https://mooreburkina.com/fr/dioula/dioula-facile-tome-1,https://media.ipsapps.org/dyu/ora/fac/,apps/96b0091e4f3617e4/04-B004-001.html,adjacent_french_segment,0.75,needs_review,Pages 31b à 32
f8892f5ba7ee48eb,dyu,,other,46,,,o ká kɛ́nɛ; dénmísɛ́nẁ do?,"« ça va, comment vont les enfants » ?",,,,,,,,,,,,https://mooreburkina.com/fr/dioula/dioula-facile-tome-1,https://media.ipsapps.org/dyu/ora/fac/,apps/96b0091e4f3617e4/04-B004-001.html,adjacent_french_segment,0.75,needs_review,Pages 31b à 32
717260ccb8786744,dyu,,other,12,,,"A má júguya, folí lo.","« il n’y a pas de mal, c’est un bonjour ».",,,,,,,,,,,,https://mooreburkina.com/fr/dioula/dioula-facile-tome-1,https://media.ipsapps.org/dyu/ora/fac/,apps/96b0091e4f3617e4/05-B005-001.html,adjacent_french_segment,0.75,needs_review,Pages 40 à 41
952a9ddd81b054f5,dyu,,other,14,,,"júguman tɛ, folí lo « rien de mal c’est un bonjour ».",Hôte :,,,,,,,,,,,,https://mooreburkina.com/fr/dioula/dioula-facile-tome-1,https://media.ipsapps.org/dyu/ora/fac/,apps/96b0091e4f3617e4/05-B005-001.html,adjacent_french_segment,0.75,needs_review,Pages 40 à 41
01d7bdbd9effe9d6,dyu,,other,16,,,Ala k’án tanga júguman ma.,« Que Dieu nous préserve du mal ». Réponse de l’étranger :,,,,,,,,,,,,https://mooreburkina.com/fr/dioula/dioula-facile-tome-1,https://media.ipsapps.org/dyu/ora/fac/,apps/96b0091e4f3617e4/05-B005-001.html,adjacent_french_segment,0.75,needs_review,Pages 40 à 41
0c5b14ec232fd3ea,dyu,,other,2,,,4 Les formules de benediction.,Voici quelques formules courantes de bénédiction. Vous utiliserez à chaque fois au moins ces deux formules. La première comporte trois (3) possibilités. Vous entendrez d’autres expressions que vous retiendrez si cela vous intéresse.,,,,,,,,,,,,https://mooreburkina.com/fr/dioula/dioula-facile-tome-1,https://media.ipsapps.org/dyu/ora/fac/,apps/96b0091e4f3617e4/06-B006-001.html,adjacent_french_segment,0.75,needs_review,Pages 42 à 44
188644b474da0437,dyu,,other,7,,,4-1 En cas de naissance. A : Ala m'á bálola.,« Longévité (à lui/elle) ».,,,,,,,,,,,,https://mooreburkina.com/fr/dioula/dioula-facile-tome-1,https://media.ipsapps.org/dyu/ora/fac/,apps/96b0091e4f3617e4/06-B006-001.html,adjacent_french_segment,0.75,needs_review,Pages 42 à 44
539cbbc592b9c55c,dyu,,other,11,,,Ala k'á bálo.,« longévité ( à lui/elle) ».,,,,,,,,,,,,https://mooreburkina.com/fr/dioula/dioula-facile-tome-1,https://media.ipsapps.org/dyu/ora/fac/,apps/96b0091e4f3617e4/06-B006-001.html,adjacent_french_segment,0.75,needs_review,Pages 42 à 44
6235c909b412b170,dyu,,other,13,,,Ala ká déen bálo.,« longévité à l'enfant ».,,,,,,,,,,,,https://mooreburkina.com/fr/dioula/dioula-facile-tome-1,https://media.ipsapps.org/dyu/ora/fac/,apps/96b0091e4f3617e4/06-B006-001.html,adjacent_french_segment,0.75,needs_review,Pages 42 à 44
766f189d4604ca76,dyu,,other,21,,,"B : amí, Ala má dugá minɛná.",« que Dieu exauce tes vœux ».,,,,,,,,,,,,https://mooreburkina.com/fr/dioula/dioula-facile-tome-1,https://media.ipsapps.org/dyu/ora/fac/,apps/96b0091e4f3617e4/06-B006-001.html,adjacent_french_segment,0.75,needs_review,Pages 42 à 44
827e403b34057842,dyu,,other,24,,,A: Amí « amen ».,4-2 En cas de malheur autre que le décès.,,,,,,,,,,,,https://mooreburkina.com/fr/dioula/dioula-facile-tome-1,https://media.ipsapps.org/dyu/ora/fac/,apps/96b0091e4f3617e4/06-B006-001.html,adjacent_french_segment,0.75,needs_review,Pages 42 à 44
0bb2d66afca1e0a7,dyu,,other,27,,,Salutation: í ní kunnadíya.,"« toi et la chance ». Réponse: nbáà, nsée.",,,,,,,,,,,,https://mooreburkina.com/fr/dioula/dioula-facile-tome-1,https://media.ipsapps.org/dyu/ora/fac/,apps/96b0091e4f3617e4/06-B006-001.html,adjacent_french_segment,0.75,needs_review,Pages 42 à 44
f9bbcbba98fd3ef6,dyu,,other,32,,,« merci ». Salutation: Ala k'í kísi á ɲɔ́gɔ̀n ma.,« Que Dieu t'épargne de chose semblable ». Réponse :,,,,,,,,,,,,https://mooreburkina.com/fr/dioula/dioula-facile-tome-1,https://media.ipsapps.org/dyu/ora/fac/,apps/96b0091e4f3617e4/06-B006-001.html,adjacent_french_segment,0.75,needs_review,Pages 42 à 44
96accf4aee46e806,dyu,,other,37,,,"amí, Ala ká dugá mina.","« amen, que Dieu exauce tes vœux » .",,,,,,,,,,,,https://mooreburkina.com/fr/dioula/dioula-facile-tome-1,https://media.ipsapps.org/dyu/ora/fac/,apps/96b0091e4f3617e4/06-B006-001.html,adjacent_french_segment,0.75,needs_review,Pages 42 à 44
ff69e032ee4157c9,dyu,,other,39,,,"í ní cé folí lá, í ní barají.","« merci d’être venu(e), que Dieu te bénisse » . Réponse: nbáà nsée « merci ». 4-3 En cas de décès.",,,,,,,,,,,,https://mooreburkina.com/fr/dioula/dioula-facile-tome-1,https://media.ipsapps.org/dyu/ora/fac/,apps/96b0091e4f3617e4/06-B006-001.html,adjacent_french_segment,0.75,needs_review,Pages 42 à 44
97cb8fb392d8df3c,dyu,,other,44,,,Visiteur : í fo. « Quel Malheur ».,Réponse: nbáà nsée « merci ».,,,,,,,,,,,,https://mooreburkina.com/fr/dioula/dioula-facile-tome-1,https://media.ipsapps.org/dyu/ora/fac/,apps/96b0091e4f3617e4/06-B006-001.html,adjacent_french_segment,0.75,needs_review,Pages 42 à 44
6a96934f6fb906c7,dyu,,other,49,,,Visiteur : Ala má hínan'á rá.,« paix à son âme ». Réponse :,,,,,,,,,,,,https://mooreburkina.com/fr/dioula/dioula-facile-tome-1,https://media.ipsapps.org/dyu/ora/fac/,apps/96b0091e4f3617e4/06-B006-001.html,adjacent_french_segment,0.75,needs_review,Pages 42 à 44
19b1c9141821b913,dyu,,other,53,,,Amí« amen ». Visiteur : Ala ká dugukólo súm'á kán.,« que la terre lui soit légère ». Réponse :,,,,,,,,,,,,https://mooreburkina.com/fr/dioula/dioula-facile-tome-1,https://media.ipsapps.org/dyu/ora/fac/,apps/96b0091e4f3617e4/06-B006-001.html,adjacent_french_segment,0.75,needs_review,Pages 42 à 44
1b679112665337e0,dyu,,other,58,,,"Amí. I ní cé, í ní barají.","« amen, que Dieu te bénisse ».",,,,,,,,,,,,https://mooreburkina.com/fr/dioula/dioula-facile-tome-1,https://media.ipsapps.org/dyu/ora/fac/,apps/96b0091e4f3617e4/06-B006-001.html,adjacent_french_segment,0.75,needs_review,Pages 42 à 44
17dc52659166ecae,dyu,,other,61,,,Visiteur :,nbáà nsée.,,,,,,,,,,,,https://mooreburkina.com/fr/dioula/dioula-facile-tome-1,https://media.ipsapps.org/dyu/ora/fac/,apps/96b0091e4f3617e4/06-B006-001.html,adjacent_french_segment,0.75,needs_review,Pages 42 à 44
f6f4dee12e5ab9b1,dyu,,other,63,,,« merci ».,Réponse :,,,,,,,,,,,,https://mooreburkina.com/fr/dioula/dioula-facile-tome-1,https://media.ipsapps.org/dyu/ora/fac/,apps/96b0091e4f3617e4/06-B006-001.html,adjacent_french_segment,0.75,needs_review,Pages 42 à 44
1e4b9905a965aef6,dyu,,other,65,,,Ala k'án tó ɲɔ́gɔ́n yé.,« que Dieu nous unisse ».,,,,,,,,,,,,https://mooreburkina.com/fr/dioula/dioula-facile-tome-1,https://media.ipsapps.org/dyu/ora/fac/,apps/96b0091e4f3617e4/06-B006-001.html,adjacent_french_segment,0.75,needs_review,Pages 42 à 44
baf55c479400e60b,dyu,,other,67,,,Visiteur : amí. « amen ». N B Ala k'án tó ɲɔ́gɔ́n na.,« Dieu fasse que nous restons en conflit ». Faites très attention.,,,,,,,,,,,,https://mooreburkina.com/fr/dioula/dioula-facile-tome-1,https://media.ipsapps.org/dyu/ora/fac/,apps/96b0091e4f3617e4/06-B006-001.html,adjacent_french_segment,0.75,needs_review,Pages 42 à 44
1a52a00d99612e22,dyu,,other,2,,,4-4 En cas de mariage :,a) Vous vous adressez aux parents.,,,,,,,,,,,,https://mooreburkina.com/fr/dioula/dioula-facile-tome-1,https://media.ipsapps.org/dyu/ora/fac/,apps/96b0091e4f3617e4/07-B007-001.html,adjacent_french_segment,0.75,needs_review,Pages 45a à 46a
c5b5aed4b1ad2b31,dyu,,other,4,,,Salutation: A ní kɔ́ɲɔya. = « heureux mariage».,Réponse:,,,,,,,,,,,,https://mooreburkina.com/fr/dioula/dioula-facile-tome-1,https://media.ipsapps.org/dyu/ora/fac/,apps/96b0091e4f3617e4/07-B007-001.html,adjacent_french_segment,0.75,needs_review,Pages 45a à 46a
02deb560e4883aa0,dyu,,other,8,,,"nbáa, í dánsɛ, sómɔ́gɔ́ẁ do ?","« merci, et les gens de la famille»? Réponse:",,,,,,,,,,,,https://mooreburkina.com/fr/dioula/dioula-facile-tome-1,https://media.ipsapps.org/dyu/ora/fac/,apps/96b0091e4f3617e4/07-B007-001.html,adjacent_french_segment,0.75,needs_review,Pages 45a à 46a
b8810961ed2a26d6,dyu,,other,11,,,o ká kɛ́nɛ.,« ils vont bien ».,,,,,,,,,,,,https://mooreburkina.com/fr/dioula/dioula-facile-tome-1,https://media.ipsapps.org/dyu/ora/fac/,apps/96b0091e4f3617e4/07-B007-001.html,adjacent_french_segment,0.75,needs_review,Pages 45a à 46a
daefe1730f94c8ee,dyu,,other,13,,,Salutation: Ala m'á kɛ́ra fúru yé. « heureux mariage ».,Réponse:,,,,,,,,,,,,https://mooreburkina.com/fr/dioula/dioula-facile-tome-1,https://media.ipsapps.org/dyu/ora/fac/,apps/96b0091e4f3617e4/07-B007-001.html,adjacent_french_segment,0.75,needs_review,Pages 45a à 46a
9e47a89b9b08ae05,dyu,,other,17,,,Amí. « amen ». Salutation: Ala k'ú káan bɛn.,« Que Dieu fasse qu'ils s'entendent ». Réponse :,,,,,,,,,,,,https://mooreburkina.com/fr/dioula/dioula-facile-tome-1,https://media.ipsapps.org/dyu/ora/fac/,apps/96b0091e4f3617e4/07-B007-001.html,adjacent_french_segment,0.75,needs_review,Pages 45a à 46a
d92e28240dbaeff4,dyu,,other,23,,,Amí. Ala ká dugá mina.,"« amen, que Dieu exauce les voeux ».",,,,,,,,,,,,https://mooreburkina.com/fr/dioula/dioula-facile-tome-1,https://media.ipsapps.org/dyu/ora/fac/,apps/96b0091e4f3617e4/07-B007-001.html,adjacent_french_segment,0.75,needs_review,Pages 45a à 46a
9acdc736764a0c49,dyu,,other,26,,,"I ní cé, í ní barají.","« amen, que Dieu te bénisse ».",,,,,,,,,,,,https://mooreburkina.com/fr/dioula/dioula-facile-tome-1,https://media.ipsapps.org/dyu/ora/fac/,apps/96b0091e4f3617e4/07-B007-001.html,adjacent_french_segment,0.75,needs_review,Pages 45a à 46a
542616c786ab8189,dyu,,other,2,,,Salutation: Ala k'áw káan bɛn.,« Que Dieu fasse que vous vous entendez ». Réponse:,,,,,,,,,,,,https://mooreburkina.com/fr/dioula/dioula-facile-tome-1,https://media.ipsapps.org/dyu/ora/fac/,apps/96b0091e4f3617e4/07-B007-002.html,adjacent_french_segment,0.75,needs_review,Pages 45a à 46a
414a565786380ca6,dyu,,other,6,,,Amí. « Merci .» Salutation: Ala ká bólo ni séén bɔ́ a lá.,« Que Dieu vous donne des enfants (qu’il en sorte des bras et des pieds) ». Réponse:,,,,,,,,,,,,https://mooreburkina.com/fr/dioula/dioula-facile-tome-1,https://media.ipsapps.org/dyu/ora/fac/,apps/96b0091e4f3617e4/07-B007-002.html,adjacent_french_segment,0.75,needs_review,Pages 45a à 46a
a6d098f6a63b5885,dyu,,other,12,,,"Amí, í ní cé, í ní barají.","« Amen, que Dieu te bénisse ».",,,,,,,,,,,,https://mooreburkina.com/fr/dioula/dioula-facile-tome-1,https://media.ipsapps.org/dyu/ora/fac/,apps/96b0091e4f3617e4/07-B007-002.html,adjacent_french_segment,0.75,needs_review,Pages 45a à 46a
7c1a1f428ed56871,dyu,,other,1,,,Page 46b. 4-5 En cas de succès. Salutation : I ní kunnadíya.,« Félicitations ». Réponse : ńbáà ou ńsée.,,,,,,,,,,,,https://mooreburkina.com/fr/dioula/dioula-facile-tome-1,https://media.ipsapps.org/dyu/ora/fac/,apps/96b0091e4f3617e4/08-B008-001.html,adjacent_french_segment,0.75,needs_review,Page 46b
1148ddee088c8c81,dyu,,other,8,,,« Merci ». Salutation : Ala k'á kɔ́ɔ kɛ́ hɛ́ɛrɛ yé.,« Que cela soit suivi de bonheur ». Réponse :,,,,,,,,,,,,https://mooreburkina.com/fr/dioula/dioula-facile-tome-1,https://media.ipsapps.org/dyu/ora/fac/,apps/96b0091e4f3617e4/08-B008-001.html,adjacent_french_segment,0.75,needs_review,Page 46b
92d2fff55738b316,dyu,,other,13,,,Amí. « amen ». Salutation: Ala kánà kunnadíya dan nín ma.,« Que cela ne soit pas la dernière chance ». Réponse :,,,,,,,,,,,,https://mooreburkina.com/fr/dioula/dioula-facile-tome-1,https://media.ipsapps.org/dyu/ora/fac/,apps/96b0091e4f3617e4/08-B008-001.html,adjacent_french_segment,0.75,needs_review,Page 46b
99101ed1a5783360,dyu,,other,19,,,"Amí, Ala má dugá minaná.","« Merci, que Dieu exauce les vœux ».",,,,,,,,,,,,https://mooreburkina.com/fr/dioula/dioula-facile-tome-1,https://media.ipsapps.org/dyu/ora/fac/,apps/96b0091e4f3617e4/08-B008-001.html,adjacent_french_segment,0.75,needs_review,Page 46b
c66c0a602a0a7477,dyu,,other,1,,,Page 47. 4-6 En cas de maladie. Salutation: Ala ká nɔgɔyá kɛ́.,« bonne guérison ». Réponse:,,,,,,,,,,,,https://mooreburkina.com/fr/dioula/dioula-facile-tome-1,https://media.ipsapps.org/dyu/ora/fac/,apps/96b0091e4f3617e4/09-B009-001.html,adjacent_french_segment,0.75,needs_review,Page 47
d1a2f34e6a4e0d93,dyu,,other,7,,,Amí. « amen ». Salutation: Ala ká tɔ́ɔrɔ dɔ́gɔya.,« Meilleure santé ». Réponse:,,,,,,,,,,,,https://mooreburkina.com/fr/dioula/dioula-facile-tome-1,https://media.ipsapps.org/dyu/ora/fac/,apps/96b0091e4f3617e4/09-B009-001.html,adjacent_french_segment,0.75,needs_review,Page 47
1c938e91aa671cab,dyu,,other,13,,,Amí. « amen ». Salutation: Ala ká síni fisayá bi yé.,« Que demain soit mieux qu'aujourd'hui ». Réponse:,,,,,,,,,,,,https://mooreburkina.com/fr/dioula/dioula-facile-tome-1,https://media.ipsapps.org/dyu/ora/fac/,apps/96b0091e4f3617e4/09-B009-001.html,adjacent_french_segment,0.75,needs_review,Page 47
8267da9718897ce9,dyu,,other,19,,,"Amí, Ala ká dugá mina.","« amen, que Dieu exauce les vœux ».",,,,,,,,,,,,https://mooreburkina.com/fr/dioula/dioula-facile-tome-1,https://media.ipsapps.org/dyu/ora/fac/,apps/96b0091e4f3617e4/09-B009-001.html,adjacent_french_segment,0.75,needs_review,Page 47
aa3aacb14f5da351,dyu,,other,1,,,Page 54.,6 Faire le marché.,,,,,,,,,,,,https://mooreburkina.com/fr/dioula/dioula-facile-tome-1,https://media.ipsapps.org/dyu/ora/fac/,apps/96b0091e4f3617e4/10-B010-001.html,adjacent_french_segment,0.75,needs_review,Page 54
b6b66fd7141d3f28,dyu,,other,3,,,6-1 Expressions utiles :,Nous allons essayer d’être pragmatique en vous proposant surtout des expressions.,,,,,,,,,,,,https://mooreburkina.com/fr/dioula/dioula-facile-tome-1,https://media.ipsapps.org/dyu/ora/fac/,apps/96b0091e4f3617e4/10-B010-001.html,adjacent_french_segment,0.75,needs_review,Page 54
64cf806b30443455,dyu,,other,5,,,Lɔ́gɔfiyɛ bé mín ?,« Où est le marché »?,,,,,,,,,,,,https://mooreburkina.com/fr/dioula/dioula-facile-tome-1,https://media.ipsapps.org/dyu/ora/fac/,apps/96b0091e4f3617e4/10-B010-001.html,adjacent_french_segment,0.75,needs_review,Page 54
5b8d9aeac0447958,dyu,,other,7,,,Lɔ́gɔfiyɛ bí yɔ́rɔ júmàn ?,« Où est le marché »?,,,,,,,,,,,,https://mooreburkina.com/fr/dioula/dioula-facile-tome-1,https://media.ipsapps.org/dyu/ora/fac/,apps/96b0091e4f3617e4/10-B010-001.html,adjacent_french_segment,0.75,needs_review,Page 54
20fd6592a8451124,dyu,,other,9,,,Ń bí fɛ ka tága lɔ́gɔ rá.,« Je veux aller au marché ».,,,,,,,,,,,,https://mooreburkina.com/fr/dioula/dioula-facile-tome-1,https://media.ipsapps.org/dyu/ora/fac/,apps/96b0091e4f3617e4/10-B010-001.html,adjacent_french_segment,0.75,needs_review,Page 54
9bbdeb412305467d,dyu,,other,11,,,Ń bìlàsírá lɔ́gɔ rá.,« Accompagne moi au marché ».,,,,,,,,,,,,https://mooreburkina.com/fr/dioula/dioula-facile-tome-1,https://media.ipsapps.org/dyu/ora/fac/,apps/96b0091e4f3617e4/10-B010-001.html,adjacent_french_segment,0.75,needs_review,Page 54
7edb516fc8e33edf,dyu,,other,13,,,Na án ká tága lɔ́gɔ rá.,« Viens avec moi au marché ». Nin yé joli yé? « Combien coûte ceci »?,,,,,,,,,,,,https://mooreburkina.com/fr/dioula/dioula-facile-tome-1,https://media.ipsapps.org/dyu/ora/fac/,apps/96b0091e4f3617e4/10-B010-001.html,adjacent_french_segment,0.75,needs_review,Page 54
07ab2d0f3a761f3a,dyu,,other,17,,,A sɔngɔ́ ká gwɛlɛ.,« C’est cher ».,,,,,,,,,,,,https://mooreburkina.com/fr/dioula/dioula-facile-tome-1,https://media.ipsapps.org/dyu/ora/fac/,apps/96b0091e4f3617e4/10-B010-001.html,adjacent_french_segment,0.75,needs_review,Page 54
ed2fa9c02594784e,dyu,,other,19,,,A sɔngɔ́ ká gwɛlɛ kójùgù.,« C’est trop cher ».,,,,,,,,,,,,https://mooreburkina.com/fr/dioula/dioula-facile-tome-1,https://media.ipsapps.org/dyu/ora/fac/,apps/96b0091e4f3617e4/10-B010-001.html,adjacent_french_segment,0.75,needs_review,Page 54
b4e11773b37bf6f3,dyu,,other,27,,,"N sɔnná, wári dí.","« D’accord, donne l’argent ».",,,,,,,,,,,,https://mooreburkina.com/fr/dioula/dioula-facile-tome-1,https://media.ipsapps.org/dyu/ora/fac/,apps/96b0091e4f3617e4/10-B010-001.html,adjacent_french_segment,0.75,needs_review,Page 54
0e3eec896249ba88,dyu,,other,2,,,6-3 Comptons en dioula.,1 kélen.,,,,,,,,,,,,https://mooreburkina.com/fr/dioula/dioula-facile-tome-1,https://media.ipsapps.org/dyu/ora/fac/,apps/96b0091e4f3617e4/11-B011-001.html,adjacent_french_segment,0.75,needs_review,Pages 56 à 58
decf6477e2ab68fe,dyu,,other,8,,,6 wɔ́ɔrɔ.,7 wólónwùlá. 8 séegi.,,,,,,,,,,,,https://mooreburkina.com/fr/dioula/dioula-facile-tome-1,https://media.ipsapps.org/dyu/ora/fac/,apps/96b0091e4f3617e4/11-B011-001.html,adjacent_french_segment,0.75,needs_review,Pages 56 à 58
9def55e9ed9a7cf3,dyu,,other,18,,,16 tán ní wɔ́ɔrɔ.,17 tán ní wólónwùlà.,,,,,,,,,,,,https://mooreburkina.com/fr/dioula/dioula-facile-tome-1,https://media.ipsapps.org/dyu/ora/fac/,apps/96b0091e4f3617e4/11-B011-001.html,adjacent_french_segment,0.75,needs_review,Pages 56 à 58
ee378ffb34e7dd53,dyu,,other,28,,,26 mugán ní wɔ́ɔrɔ.,27 mugán ní wólónwùlà.,,,,,,,,,,,,https://mooreburkina.com/fr/dioula/dioula-facile-tome-1,https://media.ipsapps.org/dyu/ora/fac/,apps/96b0091e4f3617e4/11-B011-001.html,adjacent_french_segment,0.75,needs_review,Pages 56 à 58
e4c6c3bf3969cb41,dyu,,other,32,,,30 bísaba.,"Les dizaines changent de 10 en 10 il faut donc maîtriser les unités une fois, et les associés à chaque dizaine. Seuls 10 et 20 sont différents, les autres dizaines ont la même structure ( bi + 3,4………9).",,,,,,,,,,,,https://mooreburkina.com/fr/dioula/dioula-facile-tome-1,https://media.ipsapps.org/dyu/ora/fac/,apps/96b0091e4f3617e4/11-B011-001.html,adjacent_french_segment,0.75,needs_review,Pages 56 à 58
479cea678edf03ae,dyu,,other,35,,,Les dizaines .,10 Ajoutez une unité,,,,,,,,,,,,https://mooreburkina.com/fr/dioula/dioula-facile-tome-1,https://media.ipsapps.org/dyu/ora/fac/,apps/96b0091e4f3617e4/11-B011-001.html,adjacent_french_segment,0.75,needs_review,Pages 56 à 58
4d97f2b38231b28f,dyu,,other,41,,,30 bísaba.,34 Bísàbà ní náani.,,,,,,,,,,,,https://mooreburkina.com/fr/dioula/dioula-facile-tome-1,https://media.ipsapps.org/dyu/ora/fac/,apps/96b0091e4f3617e4/11-B011-001.html,adjacent_french_segment,0.75,needs_review,Pages 56 à 58
10040fb64268aadd,dyu,,other,47,,,60 bíwɔɔrɔ.,70 bíwólónwùlà.,,,,,,,,,,,,https://mooreburkina.com/fr/dioula/dioula-facile-tome-1,https://media.ipsapps.org/dyu/ora/fac/,apps/96b0091e4f3617e4/11-B011-001.html,adjacent_french_segment,0.75,needs_review,Pages 56 à 58
d05d9171681dea1b,dyu,,other,63,,,999 kɛmɛ́ kɔnɔntɔ́n ní bí kɔnɔntɔ́n ní kɔnɔntɔ́n.,1000 wága kélen ou (wáa kélen).,,,,,,,,,,,,https://mooreburkina.com/fr/dioula/dioula-facile-tome-1,https://media.ipsapps.org/dyu/ora/fac/,apps/96b0091e4f3617e4/11-B011-001.html,adjacent_french_segment,0.75,needs_review,Pages 56 à 58
4179f859be36ef6f,dyu,,other,2,,,6-2 Convertissons.,Là vous avez besoin des prix ainsi nous allons compter d’abord.,,,,,,,,,,,,https://mooreburkina.com/fr/dioula/dioula-facile-tome-1,https://media.ipsapps.org/dyu/ora/fac/,apps/96b0091e4f3617e4/12-B012-001.html,adjacent_french_segment,0.75,needs_review,Pages 55 et le début de
30b34cfa720415d3,dyu,,other,18,,,5 000 waga duuru = 25 000 F.,Il faut donc d’abord bien maîtriser le compte en dioula pour convertir facilement en dioula. Cela peut se faire à l’aide d’une calculatrice mais il faut pouvoir dire correctement le résultat en dioula.,,,,,,,,,,,,https://mooreburkina.com/fr/dioula/dioula-facile-tome-1,https://media.ipsapps.org/dyu/ora/fac/,apps/96b0091e4f3617e4/12-B012-001.html,adjacent_french_segment,0.75,needs_review,Pages 55 et le début de
389bfee62322e3fc,dyu,,other,2,,,6-4 Un exemple de marchandage. Acheteur:,Nin yé joli yé? « Combien coûte ceci »?,,,,,,,,,,,,https://mooreburkina.com/fr/dioula/dioula-facile-tome-1,https://media.ipsapps.org/dyu/ora/fac/,apps/96b0091e4f3617e4/13-B013-001.html,adjacent_french_segment,0.75,needs_review,Pages 62 à 64
e402937d56035dde,dyu,,other,6,,,"Vendeur: Nín wa? , d350 (dɔ́rɔmɛ kɛ́mɛ saba ni bíduuru lo). « Ceci?",Il coûte 1 750 F».,,,,,,,,,,,,https://mooreburkina.com/fr/dioula/dioula-facile-tome-1,https://media.ipsapps.org/dyu/ora/fac/,apps/96b0091e4f3617e4/13-B013-001.html,adjacent_french_segment,0.75,needs_review,Pages 62 à 64
f64680ab125cc274,dyu,,other,25,,,Acheteur: ń b'á san (d) 150 kɛmɛ ní bíduuru.,« Je l'achète à 750 F ».,,,,,,,,,,,,https://mooreburkina.com/fr/dioula/dioula-facile-tome-1,https://media.ipsapps.org/dyu/ora/fac/,apps/96b0091e4f3617e4/13-B013-001.html,adjacent_french_segment,0.75,needs_review,Pages 62 à 64
0490268fc99b903b,dyu,,other,28,,,"Vendeur: O ká cá, nga o t'á sɔrɔ. Dɔ́ɔnin fara o kán, í b'á ta.","« Cela fait beaucoup, mais on ne peut l'avoir à ce prix. Augmente un peu et prends-le ».",,,,,,,,,,,,https://mooreburkina.com/fr/dioula/dioula-facile-tome-1,https://media.ipsapps.org/dyu/ora/fac/,apps/96b0091e4f3617e4/13-B013-001.html,adjacent_french_segment,0.75,needs_review,Pages 62 à 64
3bc83469581bb1d5,dyu,,other,35,,,20) fara a kán.,« J'ajoute 100F ».,,,,,,,,,,,,https://mooreburkina.com/fr/dioula/dioula-facile-tome-1,https://media.ipsapps.org/dyu/ora/fac/,apps/96b0091e4f3617e4/13-B013-001.html,adjacent_french_segment,0.75,needs_review,Pages 62 à 64
7d856872f85c7ad0,dyu,,other,37,,,Vendeur: Dɔ́ɔnin fara o kán túgu.,« Ajoute encore un peu à cela ».,,,,,,,,,,,,https://mooreburkina.com/fr/dioula/dioula-facile-tome-1,https://media.ipsapps.org/dyu/ora/fac/,apps/96b0091e4f3617e4/13-B013-001.html,adjacent_french_segment,0.75,needs_review,Pages 62 à 64
ee012f1af984b184,dyu,,other,40,,,Acheteur:,A kári kári yé joli yé? « Quel est son prix de cession »?,,,,,,,,,,,,https://mooreburkina.com/fr/dioula/dioula-facile-tome-1,https://media.ipsapps.org/dyu/ora/fac/,apps/96b0091e4f3617e4/13-B013-001.html,adjacent_french_segment,0.75,needs_review,Pages 62 à 64
1acd0ed171b4b05b,dyu,,other,45,,,300) ye.,« Son prix de cession est 1 500F »,,,,,,,,,,,,https://mooreburkina.com/fr/dioula/dioula-facile-tome-1,https://media.ipsapps.org/dyu/ora/fac/,apps/96b0091e4f3617e4/13-B013-001.html,adjacent_french_segment,0.75,needs_review,Pages 62 à 64
2abf70d24516ac3e,dyu,,other,47,,,Acheteur: O tí ń fɛ.,« Je n'ai pas cela ».,,,,,,,,,,,,https://mooreburkina.com/fr/dioula/dioula-facile-tome-1,https://media.ipsapps.org/dyu/ora/fac/,apps/96b0091e4f3617e4/13-B013-001.html,adjacent_french_segment,0.75,needs_review,Pages 62 à 64
0b32bd04173867b7,dyu,,other,50,,,Vendeur: joli b'í fɛ.,« Combien as-tu »?,,,,,,,,,,,,https://mooreburkina.com/fr/dioula/dioula-facile-tome-1,https://media.ipsapps.org/dyu/ora/fac/,apps/96b0091e4f3617e4/13-B013-001.html,adjacent_french_segment,0.75,needs_review,Pages 62 à 64
de1389ffa5743c04,dyu,,other,59,,,í ní cé « Merci ». Acheteur: í fána ní cé.,« Merci à toi aussi ».,,,,,,,,,,,,https://mooreburkina.com/fr/dioula/dioula-facile-tome-1,https://media.ipsapps.org/dyu/ora/fac/,apps/96b0091e4f3617e4/13-B013-001.html,adjacent_french_segment,0.75,needs_review,Pages 62 à 64
d6ab4be49169fd80,dyu,,other,63,,,An bí lóon wɛ́rɛ.,« A un autre jour ».,,,,,,,,,,,,https://mooreburkina.com/fr/dioula/dioula-facile-tome-1,https://media.ipsapps.org/dyu/ora/fac/,apps/96b0091e4f3617e4/13-B013-001.html,adjacent_french_segment,0.75,needs_review,Pages 62 à 64
a9bd6c48cad2743a,dyu,,other,65,,,Vendeur: Ala ká lóon wɛ́rɛ yira án ná:,« Que Dieu nous accorde un autre jour ».,,,,,,,,,,,,https://mooreburkina.com/fr/dioula/dioula-facile-tome-1,https://media.ipsapps.org/dyu/ora/fac/,apps/96b0091e4f3617e4/13-B013-001.html,adjacent_french_segment,0.75,needs_review,Pages 62 à 64
09dbeccd84d0cbeb,dyu,,other,68,,,Acheteur: Ala ká lɔ́gɔ díya.,« Que Dieu fasse que tu vendes bien ».,,,,,,,,,,,,https://mooreburkina.com/fr/dioula/dioula-facile-tome-1,https://media.ipsapps.org/dyu/ora/fac/,apps/96b0091e4f3617e4/13-B013-001.html,adjacent_french_segment,0.75,needs_review,Pages 62 à 64
ee56ef51003ddf91,dyu,,other,1,,,Dictionnaire Dioula (dioula – français – English – Deutsch) https://play.google.com/store/apps/details?id=org.sim.bf.dioula.dictionary&hl=fr,,,,,,,,,,,,,https://mooreburkina.com/fr/dioula-fulfulde,,pages/multilingual__dioula_english_french_fulfulde_moore/general/other/6ec3838ba742a566.html,html_table_row,0.84,needs_review,
e8a2c2bea443889d,dyu,,other,2,,,"Dioula facile, vol. 1 https://play.google.com/store/apps/details?id=com.dioulafacile.tome1.dakuyo&hl=fr",,,,,,,,,,,,,https://mooreburkina.com/fr/dioula-fulfulde,,pages/multilingual__dioula_english_french_fulfulde_moore/general/other/6ec3838ba742a566.html,html_table_row,0.84,needs_review,
c660145960a78397,dyu,,other,3,,,29 proverbes dioula français avec audio https://play.google.com/store/apps/details?id=com.dioulaproverbes.burkina&hl=fr,,,,,,,,,,,,,https://mooreburkina.com/fr/dioula-fulfulde,,pages/multilingual__dioula_english_french_fulfulde_moore/general/other/6ec3838ba742a566.html,html_table_row,0.84,needs_review,
d15ff9c8f2d9076a,dyu,,other,4,,,5 contes dioula français avec audio https://play.google.com/store/apps/details?id=com.dioula.contes.burkina&hl=fr,,,,,,,,,,,,,https://mooreburkina.com/fr/dioula-fulfulde,,pages/multilingual__dioula_english_french_fulfulde_moore/general/other/6ec3838ba742a566.html,html_table_row,0.84,needs_review,
e5ec65560e858f4a,dyu,,other,5,,,14 Contes dioula avec audio https://play.google.com/store/apps/details?id=com.contes14.dioula.keita&hl=fr,,,,,,,,,,,,,https://mooreburkina.com/fr/dioula-fulfulde,,pages/multilingual__dioula_english_french_fulfulde_moore/general/other/6ec3838ba742a566.html,html_table_row,0.84,needs_review,
2d82399f40e4cb19,dyu,,other,6,,,15 Contes dioula avec audio https://play.google.com/store/apps/details?id=coontes.dioula.vol2&hl=fr,,,,,,,,,,,,,https://mooreburkina.com/fr/dioula-fulfulde,,pages/multilingual__dioula_english_french_fulfulde_moore/general/other/6ec3838ba742a566.html,html_table_row,0.84,needs_review,
635761f2671ed720,dyu,,other,7,,,"poèmes dioula , Cɛsirijala https://play.google.com/store/apps/details?id=org.cesirijala.dioula.poesie&hl=fr",,,,,,,,,,,,,https://mooreburkina.com/fr/dioula-fulfulde,,pages/multilingual__dioula_english_french_fulfulde_moore/general/other/6ec3838ba742a566.html,html_table_row,0.84,needs_review,
e2d4cdf0e53b6061,dyu,,other,8,,,"proverbes dioula, audio vol. 1 https://play.google.com/store/apps/details?id=com.sidibe.oumarou.dioula.prov&hl=fr",,,,,,,,,,,,,https://mooreburkina.com/fr/dioula-fulfulde,,pages/multilingual__dioula_english_french_fulfulde_moore/general/other/6ec3838ba742a566.html,html_table_row,0.84,needs_review,
ce9c15188944ba2c,dyu,,other,9,,,proverbes dioula audio vol. 2 https://play.google.com/store/apps/details?id=com.sidibe.oumarou.dioula.prov2&hl=fr,,,,,,,,,,,,,https://mooreburkina.com/fr/dioula-fulfulde,,pages/multilingual__dioula_english_french_fulfulde_moore/general/other/6ec3838ba742a566.html,html_table_row,0.84,needs_review,
99cbd106a47e00b9,dyu,,other,10,,,48 contes dioula sur App Store avec audio pour iPhone https://apps.apple.com/us/app/dioula-contes/id1594884613,,,,,,,,,,,,,https://mooreburkina.com/fr/dioula-fulfulde,,pages/multilingual__dioula_english_french_fulfulde_moore/general/other/6ec3838ba742a566.html,html_table_row,0.84,needs_review,
8926b98441b8da71,dyu,,other,11,,,Dictionnaire Dioula - français -English pour iPhone https://apps.apple.com/us/app/dioula-dictionary/id1596478703,,,,,,,,,,,,,https://mooreburkina.com/fr/dioula-fulfulde,,pages/multilingual__dioula_english_french_fulfulde_moore/general/other/6ec3838ba742a566.html,html_table_row,0.84,needs_review,
691a8a9cfec3e3ae,dyu,,other,12,,,Contes dioula - français pour Android sur Play Store https://play.google.com/store/apps/details?id=com.contes.dioula.quatre&hl=fr,,,,,,,,,,,,,https://mooreburkina.com/fr/dioula-fulfulde,,pages/multilingual__dioula_english_french_fulfulde_moore/general/other/6ec3838ba742a566.html,html_table_row,0.84,needs_review,
3d45d4a7bd5f4383,dyu,,poem,11,,,"denmisɛn minw ka kalan ma kɛ yɛrɛlafili ye, olu minw ye hɔrɔnya sira tagama k’u faso danbe sinsin olu minw ye daba ni bese ta,",aw ni ce.,,,,,,,,,,,,https://mooreburkina.com/fr/dioula/po%C3%A8mes-en-dioula,https://media.ipsapps.org/dyu/ora/poeme/,apps/4311475fbfabcfff/07-B007-001.html,adjacent_french_segment,0.75,needs_review,7 An ka denmisɛnw fo
6c6917f744f01cc0,dyu,,poem,20,,,"Poèmes en dioula avec audio le bouton <PLAY> pour écouter les poèmes se trouve en bas du poème Textes par Adama DRAME, Lecture par Oumarou SIDIBE",,,,,,,,,,,,,https://mooreburkina.com/fr/dioula/po%C3%A8mes-en-dioula,,pages/multilingual__dioula_english_french_fulfulde_moore/general/poem/9eaca521508dcde8.html,numbered_content_page_text,0.80,needs_review,Text unit extracted from numbered content page; no media relation asserted.
6e6a843b83916927,dyu,,poem,20,,,Poèmes en dioula avec audio,,,,,,,,,,,,,https://mooreburkina.com/fr/dioula/po%C3%A8mes-en-dioula,,pages/multilingual__dioula_english_french_fulfulde_moore/general/poem/9eaca521508dcde8.html,numbered_content_page_text,0.80,needs_review,Text unit extracted from numbered content page; no media relation asserted.
d6f08c7e09ad65ee,dyu,,poem,20,,,"Poèmes en dioula avec audio le bouton <PLAY> pour écouter les poèmes se trouve en bas du poème Textes par Adama DRAME, Lecture par Oumarou SIDIBE Pour visualiser cette application hors ligne, cliquez ici pour l'ouvrir dans une nouvelle fenêtre. Ensuite, mettez-la en signet ou ajoutez-la à votre écran d'accueil. Appli de poèmes dioula sur Google Play Store pour votre smartphone Android",,,,,,,,,,,,,https://mooreburkina.com/fr/dioula/po%C3%A8mes-en-dioula,,pages/multilingual__dioula_english_french_fulfulde_moore/general/poem/9eaca521508dcde8.html,numbered_content_page_text,0.80,needs_review,Text unit extracted from numbered content page; no media relation asserted.
e2a38348a7a8dca8,dyu,,poem,20,,,"Poèmes en dioula avec audio le bouton <PLAY> pour écouter les poèmes se trouve en bas du poème Textes par Adama DRAME, Lecture par Oumarou SIDIBE Pour visualiser cette application hors ligne, cliquez ici pour l'ouvrir dans une nouvelle fenêtre. Ensuite, mettez-la en signet ou ajoutez-la à votre écran d'accueil. Appli de poèmes dioula sur Google Play Store pour votre smartphone Android Appli de poèmes dioula pour télécharger sur votre smartphone Android Appli de poèmes dioula pour télécharger sur votre smartphone Android",,,,,,,,,,,,,https://mooreburkina.com/fr/dioula/po%C3%A8mes-en-dioula,,pages/multilingual__dioula_english_french_fulfulde_moore/general/poem/9eaca521508dcde8.html,numbered_content_page_text,0.80,needs_review,Text unit extracted from numbered content page; no media relation asserted.
41858f491639ded7,dyu,,proverb,2,,,"1 A bi mɔgɔ cin a te mɔgɔ cin, min ka fisa, kana to a ka don e ka kurusi kɔnɔ.","Simple ou complexe, un soucis peut toujours nuire à l’Homme.",,,,,,,,,,,,https://mooreburkina.com/fr/dioula/proverbes-dioula-vol-3,https://media.ipsapps.org/dyu/ora/p3/,apps/07342129571cf062/01-B001-001.html,adjacent_french_segment,0.75,needs_review,Proverbes dioula – français
12d79e7b083223ca,dyu,,proverb,5,,,"2 Á ni sɔgɔma, ani e maamuso ti juru sara, sira kelen tɛ.","Dans une conversation, il faut éviter de mélanger les sujets.",,,,,,,,,,,,https://mooreburkina.com/fr/dioula/proverbes-dioula-vol-3,https://media.ipsapps.org/dyu/ora/p3/,apps/07342129571cf062/01-B001-001.html,adjacent_french_segment,0.75,needs_review,Proverbes dioula – français
590d63f7c304361d,dyu,,proverb,8,,,"3 A to, a to, ni e ma to, ni a tonna e kɔrɔ, e kelen bi a cɛ.",Celui qui refuse les conseils des autres finira par se conseiller lui-même.,,,,,,,,,,,,https://mooreburkina.com/fr/dioula/proverbes-dioula-vol-3,https://media.ipsapps.org/dyu/ora/p3/,apps/07342129571cf062/01-B001-001.html,adjacent_french_segment,0.75,needs_review,Proverbes dioula – français
474f466ff0b54d72,dyu,,proverb,11,,,"4 Á ye n dɛmɛ n ka wara la, a kun bi e yɛrɛ bolo.","Avant de demander l’aide des autres, prenez le soin de fournir un peu d’efforts.",,,,,,,,,,,,https://mooreburkina.com/fr/dioula/proverbes-dioula-vol-3,https://media.ipsapps.org/dyu/ora/p3/,apps/07342129571cf062/01-B001-001.html,adjacent_french_segment,0.75,needs_review,Proverbes dioula – français
37a75c7c678a4642,dyu,,proverb,14,,,5 An bi ɲɔgɔn na ti kɛlɛ bankan ye.,On est entre nous (on verra) n’est pas un signe de la fin de la bagarre.,,,,,,,,,,,,https://mooreburkina.com/fr/dioula/proverbes-dioula-vol-3,https://media.ipsapps.org/dyu/ora/p3/,apps/07342129571cf062/01-B001-001.html,adjacent_french_segment,0.75,needs_review,Proverbes dioula – français
0e1c41e8bb25ccbd,dyu,,proverb,1,,,6 An ka taga kunu ka yɔrɔ e be a sɔrɔ kunu diyara le.,Il n’ y a que les beaux souvenirs qu’on souhaite revivre.,,,,,,,,,,,,https://mooreburkina.com/fr/dioula/proverbes-dioula-vol-3,https://media.ipsapps.org/dyu/ora/p3/,apps/07342129571cf062/02-B002-001.html,adjacent_french_segment,0.75,needs_review,6 An ka taga kunu ka yɔrɔ
d5335a3aa9f82676,dyu,,proverb,4,,,"7 Baa min bi kasi, jiminɔgɔ ti o ra.","La chèvre qui bêle n’a pas soif, celle qui ne bêle pas a plus soif.",,,,,,,,,,,,https://mooreburkina.com/fr/dioula/proverbes-dioula-vol-3,https://media.ipsapps.org/dyu/ora/p3/,apps/07342129571cf062/02-B002-001.html,adjacent_french_segment,0.75,needs_review,6 An ka taga kunu ka yɔrɔ
2aa3445d6782fb22,dyu,,proverb,7,,,8 Banakunbɛ ka fisa banafurakɛ ye.,Prévenir vaut mieux que guérir.,,,,,,,,,,,,https://mooreburkina.com/fr/dioula/proverbes-dioula-vol-3,https://media.ipsapps.org/dyu/ora/p3/,apps/07342129571cf062/02-B002-001.html,adjacent_french_segment,0.75,needs_review,6 An ka taga kunu ka yɔrɔ
473b204e72648ae9,dyu,,proverb,10,,,9 Bɛrɛkisɛ bi dɛn sɔsɔ le ra ka tulu sɔrɔ.,"En s’associant à certaines personnes, on peut bénéficier des honneurs et du respect que les autres leur vouent.",,,,,,,,,,,,https://mooreburkina.com/fr/dioula/proverbes-dioula-vol-3,https://media.ipsapps.org/dyu/ora/p3/,apps/07342129571cf062/02-B002-001.html,adjacent_french_segment,0.75,needs_review,6 An ka taga kunu ka yɔrɔ
def3e6ece478e733,dyu,,proverb,1,,,11 Bonya ka ɲi a lɔnbaliya ma.,On ne doit pas être ingrats envers ceux qui nous respectent.,,,,,,,,,,,,https://mooreburkina.com/fr/dioula/proverbes-dioula-vol-3,https://media.ipsapps.org/dyu/ora/p3/,apps/07342129571cf062/03-B003-001.html,adjacent_french_segment,0.75,needs_review,11 Bonya ka ɲi a
307c7fed1c100a20,dyu,,proverb,4,,,12 Boo kɛ koo kelen ti boda fara a bi a kumu le.,"Le premier tort que vous faites à quelqu’un peut ne pas le tuer, mais lui donnera des leçons.",,,,,,,,,,,,https://mooreburkina.com/fr/dioula/proverbes-dioula-vol-3,https://media.ipsapps.org/dyu/ora/p3/,apps/07342129571cf062/03-B003-001.html,adjacent_french_segment,0.75,needs_review,11 Bonya ka ɲi a
045d50aa90b53ac2,dyu,,proverb,7,,,"13 Cɛkͻrͻba bugͻ ko fͻlͻ dibira, o ye ala nͻ ye, nga a bugͻ ko filanan, o ye cɛkͻrͻba yɛrɛ nͻ.","Une première erreur peut vous arriver, mais elle devrait vous donner de l’expérience.",,,,,,,,,,,,https://mooreburkina.com/fr/dioula/proverbes-dioula-vol-3,https://media.ipsapps.org/dyu/ora/p3/,apps/07342129571cf062/03-B003-001.html,adjacent_french_segment,0.75,needs_review,11 Bonya ka ɲi a
aef7c40d33ece808,dyu,,proverb,10,,,14 Cɛbakɔrɔ layirutan te fara cɛfariw kan.,Un homme qui ne tient pas sa promesse ne mérite pas qu’on le considère parmi les hommes.,,,,,,,,,,,,https://mooreburkina.com/fr/dioula/proverbes-dioula-vol-3,https://media.ipsapps.org/dyu/ora/p3/,apps/07342129571cf062/03-B003-001.html,adjacent_french_segment,0.75,needs_review,11 Bonya ka ɲi a
d21afad6c6f1c9b6,dyu,,proverb,13,,,"15 Cira be seen suma, nga a te dusu suma.","Faire une commission fait économiser d’énergie, mais ne donne pas une satisfaction du cœur.",,,,,,,,,,,,https://mooreburkina.com/fr/dioula/proverbes-dioula-vol-3,https://media.ipsapps.org/dyu/ora/p3/,apps/07342129571cf062/03-B003-001.html,adjacent_french_segment,0.75,needs_review,11 Bonya ka ɲi a
39c94a9a12482712,dyu,,proverb,1,,,"16 Deen min wolola sirasun kɔrɔ, ka kɛnɛkɛnɛ tomisun kɔrɔ, ka ta kurusi don lenburusun kɔrɔ, kumu ye fɛn min ye, o be o lɔn.",La souffrance n’a aucun sens pour un enfant qui est né et grandi dans des conditions difficiles.,,,,,,,,,,,,https://mooreburkina.com/fr/dioula/proverbes-dioula-vol-3,https://media.ipsapps.org/dyu/ora/p3/,apps/07342129571cf062/04-B004-001.html,adjacent_french_segment,0.75,needs_review,16 Deen min wolola
1aa228effef3d9c4,dyu,,proverb,4,,,17 Denmisɛniwulu seen ka teli nga a te sira lͻn.,"La jeunesse peut avoir la détermination, mais elle a besoin de l’expérience de la vieillesse pour avancer.",,,,,,,,,,,,https://mooreburkina.com/fr/dioula/proverbes-dioula-vol-3,https://media.ipsapps.org/dyu/ora/p3/,apps/07342129571cf062/04-B004-001.html,adjacent_french_segment,0.75,needs_review,16 Deen min wolola
dc0770d3a692d063,dyu,,proverb,7,,,18 Dibi mana bonya cogo o cogo a ti se ka nɔnɔkɛnɛ ɲaa yɛlɛma.,Les conditions difficiles ne peuvent jamais changer le vrai caractère d’une bonne personne.,,,,,,,,,,,,https://mooreburkina.com/fr/dioula/proverbes-dioula-vol-3,https://media.ipsapps.org/dyu/ora/p3/,apps/07342129571cf062/04-B004-001.html,adjacent_french_segment,0.75,needs_review,16 Deen min wolola
409c5a20050c7277,dyu,,proverb,10,,,19 Dunan ɲakili ka bon nga a te fɛn bɛrɛ ye.,"Peu importe vos connaissances et vos capacités, vous avez besoin de quelqu’un pour vous guider dans une situation qui est étrangère.",,,,,,,,,,,,https://mooreburkina.com/fr/dioula/proverbes-dioula-vol-3,https://media.ipsapps.org/dyu/ora/p3/,apps/07342129571cf062/04-B004-001.html,adjacent_french_segment,0.75,needs_review,16 Deen min wolola
a794e2c4dbaac903,dyu,,proverb,13,,,"20 E bi se dɔgɔtɔrɔya ra, mun ye tumu don e bamuso woto ra ?",Si tu étais ainsi capable pourquoi tel malheur t’es arrivé ?,,,,,,,,,,,,https://mooreburkina.com/fr/dioula/proverbes-dioula-vol-3,https://media.ipsapps.org/dyu/ora/p3/,apps/07342129571cf062/04-B004-001.html,adjacent_french_segment,0.75,needs_review,16 Deen min wolola
8cba6aec30fe7a32,dyu,,proverb,1,,,"21 E ka tɛmɛ yan, nne bi tɛmɛ yan, ole bi sisɛ mina.",C’est l’union qui fait la force.,,,,,,,,,,,,https://mooreburkina.com/fr/dioula/proverbes-dioula-vol-3,https://media.ipsapps.org/dyu/ora/p3/,apps/07342129571cf062/05-B005-001.html,adjacent_french_segment,0.75,needs_review,"21 E ka tɛmɛ yan, nne bi"
976ca9e1dd5f4f72,dyu,,proverb,4,,,"22 Faamancɛ nenibaaga ti a nɛnibaga ye, a fɔbaga le ye a nɛnibaga ye.",Vous n’êtes pas obligés de raconter tout ce que vous avez entendu.,,,,,,,,,,,,https://mooreburkina.com/fr/dioula/proverbes-dioula-vol-3,https://media.ipsapps.org/dyu/ora/p3/,apps/07342129571cf062/05-B005-001.html,adjacent_french_segment,0.75,needs_review,"21 E ka tɛmɛ yan, nne bi"
742a5b2f10e48523,dyu,,proverb,7,,,"23 Fɛɛn min bi yirikɛnɛ na, yirijalan bi o lɔn.",Les anciens sont déjà imprégnés des réalités que vivent les plus jeunes.,,,,,,,,,,,,https://mooreburkina.com/fr/dioula/proverbes-dioula-vol-3,https://media.ipsapps.org/dyu/ora/p3/,apps/07342129571cf062/05-B005-001.html,adjacent_french_segment,0.75,needs_review,"21 E ka tɛmɛ yan, nne bi"
803b55c34ab487fc,dyu,,proverb,10,,,24 Fɛn faraman fila le bi ɲɔgɔn cinyɔrɔ lɔn.,On se connait mieux quand on est pareil.,,,,,,,,,,,,https://mooreburkina.com/fr/dioula/proverbes-dioula-vol-3,https://media.ipsapps.org/dyu/ora/p3/,apps/07342129571cf062/05-B005-001.html,adjacent_french_segment,0.75,needs_review,"21 E ka tɛmɛ yan, nne bi"
8e16112d47158ee9,dyu,,proverb,13,,,"25 Fɛɛn min se ka i kunu, kana a to a ka e nɛɛmu.",Il ne faut jamais prendre du risque avec les choses dangereuses.,,,,,,,,,,,,https://mooreburkina.com/fr/dioula/proverbes-dioula-vol-3,https://media.ipsapps.org/dyu/ora/p3/,apps/07342129571cf062/05-B005-001.html,adjacent_french_segment,0.75,needs_review,"21 E ka tɛmɛ yan, nne bi"
d0c6cdde7a8efc66,dyu,,proverb,1,,,"26 Fiɲɛ min tagara ni kolonba ye, a ti taga ka kolonkala to.",La situation ou l’affaire qui peut nuire au dirigeant n’épargnera pas le dirigé.,,,,,,,,,,,,https://mooreburkina.com/fr/dioula/proverbes-dioula-vol-3,https://media.ipsapps.org/dyu/ora/p3/,apps/07342129571cf062/06-B006-001.html,adjacent_french_segment,0.75,needs_review,26 Fiɲɛ min tagara ni
12473f1121dec8a4,dyu,,proverb,4,,,"27 Forontobɔɔrɔ mɛ o mɛ, tisonta ti fɔn a ra.",Le temps n’abîme pas le caractère dangereux d’un être s’il l’était auparavant.,,,,,,,,,,,,https://mooreburkina.com/fr/dioula/proverbes-dioula-vol-3,https://media.ipsapps.org/dyu/ora/p3/,apps/07342129571cf062/06-B006-001.html,adjacent_french_segment,0.75,needs_review,26 Fiɲɛ min tagara ni
edcc813ffae0ccc6,dyu,,proverb,7,,,"28 Gwaan min kɛ gwaansi ye, a bi dogo furaburu kɔrɔ le.","La discrétion dans la vie, permet d’avoir une longue vie.",,,,,,,,,,,,https://mooreburkina.com/fr/dioula/proverbes-dioula-vol-3,https://media.ipsapps.org/dyu/ora/p3/,apps/07342129571cf062/06-B006-001.html,adjacent_french_segment,0.75,needs_review,26 Fiɲɛ min tagara ni
5432b90f8ca586df,dyu,,proverb,10,,,"29 I bi kɔda min na, e bi ole jigɛminɛcogo lɔn.",On ne maitrise les problèmes que de l’environnement où on se trouve.,,,,,,,,,,,,https://mooreburkina.com/fr/dioula/proverbes-dioula-vol-3,https://media.ipsapps.org/dyu/ora/p3/,apps/07342129571cf062/06-B006-001.html,adjacent_french_segment,0.75,needs_review,26 Fiɲɛ min tagara ni
ee7a1a50363eb8f2,dyu,,proverb,13,,,30 I ti a lɔn ko e bi diya ra fɔɔ ni goya nana.,Tu ne réalises pas que tu es dans le bonheur que lorsque le malheur arrive.,,,,,,,,,,,,https://mooreburkina.com/fr/dioula/proverbes-dioula-vol-3,https://media.ipsapps.org/dyu/ora/p3/,apps/07342129571cf062/06-B006-001.html,adjacent_french_segment,0.75,needs_review,26 Fiɲɛ min tagara ni
7c4e289402468f2e,dyu,,proverb,1,,,31 I ye suruku weele bwa o i ye a weele suruku o a tina i to.,Votre gentillesse importe très peu à celui qui vous veut du mal.,,,,,,,,,,,,https://mooreburkina.com/fr/dioula/proverbes-dioula-vol-3,https://media.ipsapps.org/dyu/ora/p3/,apps/07342129571cf062/07-B007-001.html,adjacent_french_segment,0.75,needs_review,31 I ye suruku weele bwa
f26debf25ca65738,dyu,,proverb,4,,,32 Jɔn ti kɛ fosi ye e kɛwale kɔ.,Rien n’arrive à l’Homme en dehors de son caractère.,,,,,,,,,,,,https://mooreburkina.com/fr/dioula/proverbes-dioula-vol-3,https://media.ipsapps.org/dyu/ora/p3/,apps/07342129571cf062/07-B007-001.html,adjacent_french_segment,0.75,needs_review,31 I ye suruku weele bwa
b1dc0e80993c93bb,dyu,,proverb,7,,,"33 Jii min bɔnna, o jii ti se ka cɛ.",Une faute déjà commise est irréparable.,,,,,,,,,,,,https://mooreburkina.com/fr/dioula/proverbes-dioula-vol-3,https://media.ipsapps.org/dyu/ora/p3/,apps/07342129571cf062/07-B007-001.html,adjacent_french_segment,0.75,needs_review,31 I ye suruku weele bwa
87da1145e0413eb8,dyu,,proverb,10,,,"34 Juu wulila, juu bi sigi, juu man fisa juu ye.","Celui qui se lève de sa place, on l’occupe. Qui part à la chasse perd sa place.",,,,,,,,,,,,https://mooreburkina.com/fr/dioula/proverbes-dioula-vol-3,https://media.ipsapps.org/dyu/ora/p3/,apps/07342129571cf062/07-B007-001.html,adjacent_french_segment,0.75,needs_review,31 I ye suruku weele bwa
6bbcbc2c23f1c8da,dyu,,proverb,14,,,"35 Ka taafe di e buranmuso ma, o bi bɛn, nga ka a siricogo yira la, i ka furu le bi sa ra.",On apprends pas le sens de la vie à ceux qui nous ont aidé à la connaitre.,,,,,,,,,,,,https://mooreburkina.com/fr/dioula/proverbes-dioula-vol-3,https://media.ipsapps.org/dyu/ora/p3/,apps/07342129571cf062/07-B007-001.html,adjacent_french_segment,0.75,needs_review,31 I ye suruku weele bwa
6a65669531a23f3b,dyu,,proverb,1,,,36 Ka tigɛn wɔrɔn ɲɔgɔn kɔfɛ fara ka ca.,Juger un différend individuellement entre les deux parties revient à parler beaucoup.,,,,,,,,,,,,https://mooreburkina.com/fr/dioula/proverbes-dioula-vol-3,https://media.ipsapps.org/dyu/ora/p3/,apps/07342129571cf062/08-B008-001.html,adjacent_french_segment,0.75,needs_review,36 Ka tigɛn wɔrɔn ɲɔgɔn
9c9f98ecc3cc4d74,dyu,,proverb,4,,,"37 Ka wulu falen jakuma na, sonsonri tagara, sonsonri nana.",Changer une personne par une autre personne semblable reviendrait au même résultat.,,,,,,,,,,,,https://mooreburkina.com/fr/dioula/proverbes-dioula-vol-3,https://media.ipsapps.org/dyu/ora/p3/,apps/07342129571cf062/08-B008-001.html,adjacent_french_segment,0.75,needs_review,36 Ka tigɛn wɔrɔn ɲɔgɔn
c0c90eb3d779d6fc,dyu,,proverb,7,,,"38 Kana se n ma, o ka fisa ni wuli ka bɔ n kan ye.",Mieux vaut prévenir que guérir.,,,,,,,,,,,,https://mooreburkina.com/fr/dioula/proverbes-dioula-vol-3,https://media.ipsapps.org/dyu/ora/p3/,apps/07342129571cf062/08-B008-001.html,adjacent_french_segment,0.75,needs_review,36 Ka tigɛn wɔrɔn ɲɔgɔn
4c6e96e286e1ecea,dyu,,proverb,10,,,39 Kɔnɔdimi nana a sɔrɔ basa be a kɔnɔ kan.,L’apparence de tout le monde ne reflète pas la réalité exacte de sa situation.,,,,,,,,,,,,https://mooreburkina.com/fr/dioula/proverbes-dioula-vol-3,https://media.ipsapps.org/dyu/ora/p3/,apps/07342129571cf062/08-B008-001.html,adjacent_french_segment,0.75,needs_review,36 Ka tigɛn wɔrɔn ɲɔgɔn
634a9c85bcf8bc6f,dyu,,proverb,13,,,"40 Kɔnɔn minw ye suguya kelen ye, olu le bi pan ɲɔgɔn fɛ.",Les oiseaux de même plumage volent ensemble.,,,,,,,,,,,,https://mooreburkina.com/fr/dioula/proverbes-dioula-vol-3,https://media.ipsapps.org/dyu/ora/p3/,apps/07342129571cf062/08-B008-001.html,adjacent_french_segment,0.75,needs_review,36 Ka tigɛn wɔrɔn ɲɔgɔn
9ef01d9c4c3204e6,dyu,,proverb,1,,,"41 Kɔrɔtɔ ala ma, ole bi na ni gwata jɔ ye, ni o tɛ, ni suu kora, bɛɛ bi don suma na.","La décision de Dieu peut tarder, mais elle vient toujours.",,,,,,,,,,,,https://mooreburkina.com/fr/dioula/proverbes-dioula-vol-3,https://media.ipsapps.org/dyu/ora/p3/,apps/07342129571cf062/09-B009-001.html,adjacent_french_segment,0.75,needs_review,"41 Kɔrɔtɔ ala ma, ole bi"
9d8a8881692a8ec6,dyu,,proverb,4,,,42 Kogo juu bɔ tuma le ye a tilen tuma ye.,La bonne éducation de l’Homme commence depuis qu’il est petit.,,,,,,,,,,,,https://mooreburkina.com/fr/dioula/proverbes-dioula-vol-3,https://media.ipsapps.org/dyu/ora/p3/,apps/07342129571cf062/09-B009-001.html,adjacent_french_segment,0.75,needs_review,"41 Kɔrɔtɔ ala ma, ole bi"
8c9f31dc14ba4af7,dyu,,proverb,7,,,43 Kolonjugu yiri be kari a yɛrɛ le kɔnɔ.,Les mauvaises intentions finiront par nuire à leur auteur.,,,,,,,,,,,,https://mooreburkina.com/fr/dioula/proverbes-dioula-vol-3,https://media.ipsapps.org/dyu/ora/p3/,apps/07342129571cf062/09-B009-001.html,adjacent_french_segment,0.75,needs_review,"41 Kɔrɔtɔ ala ma, ole bi"
4ed40110fbe9a45b,dyu,,proverb,13,,,45 Koo ti mɔgɔ ɲini mɔgɔ le be koo ɲini.,"Un problème ne cherche pas l’homme, c’est l’homme qui cherche un problème.",,,,,,,,,,,,https://mooreburkina.com/fr/dioula/proverbes-dioula-vol-3,https://media.ipsapps.org/dyu/ora/p3/,apps/07342129571cf062/09-B009-001.html,adjacent_french_segment,0.75,needs_review,"41 Kɔrɔtɔ ala ma, ole bi"
f8d9b5533c90ae94,dyu,,proverb,1,,,"46 Kotoɲɔgɔntala, ole bi karasabugu mɛ sii ra.","C’est par des compromis, qu’on peut assoir une société paisible.",,,,,,,,,,,,https://mooreburkina.com/fr/dioula/proverbes-dioula-vol-3,https://media.ipsapps.org/dyu/ora/p3/,apps/07342129571cf062/10-B010-001.html,adjacent_french_segment,0.75,needs_review,"46 Kotoɲɔgɔntala, ole bi"
4b5d4a41c9197877,dyu,,proverb,4,,,47 Kuleɲinan yetuma le ye a ye a fagatuma ye.,Il faut profiter de chaque occasion en son temps.,,,,,,,,,,,,https://mooreburkina.com/fr/dioula/proverbes-dioula-vol-3,https://media.ipsapps.org/dyu/ora/p3/,apps/07342129571cf062/10-B010-001.html,adjacent_french_segment,0.75,needs_review,"46 Kotoɲɔgɔntala, ole bi"
de3e08b3fa8a77e1,dyu,,proverb,7,,,48 Lakajan ka di ɲɔgɔmɛ ye nga a kɔkurunin bi a bali.,"Chacun voudrait se mettre à l’aise, mais les conditions ne sont pas pareilles.",,,,,,,,,,,,https://mooreburkina.com/fr/dioula/proverbes-dioula-vol-3,https://media.ipsapps.org/dyu/ora/p3/,apps/07342129571cf062/10-B010-001.html,adjacent_french_segment,0.75,needs_review,"46 Kotoɲɔgɔntala, ole bi"
6ebc8e19bd70b93e,dyu,,proverb,10,,,"49 Lenburu ni lenburukumu, saanji kelen le ye o bɛɛ gusi, nga o diya ti kelen ye.",Les différences font partie de la richesse d’une société.,,,,,,,,,,,,https://mooreburkina.com/fr/dioula/proverbes-dioula-vol-3,https://media.ipsapps.org/dyu/ora/p3/,apps/07342129571cf062/10-B010-001.html,adjacent_french_segment,0.75,needs_review,"46 Kotoɲɔgɔntala, ole bi"
767acf0b94885056,dyu,,proverb,13,,,50 Mɔgɔ be bila mɔgɔ ra kasɔrɔ e ma a tɔgɔ fɔ.,On peut mal parler de quelqu’un sans prononcer son nom.,,,,,,,,,,,,https://mooreburkina.com/fr/dioula/proverbes-dioula-vol-3,https://media.ipsapps.org/dyu/ora/p3/,apps/07342129571cf062/10-B010-001.html,adjacent_french_segment,0.75,needs_review,"46 Kotoɲɔgɔntala, ole bi"
422913709eda11dd,dyu,,proverb,2,,,51 Mɔgɔ be mɔgɔ gwɛn kasɔrɔ e ma fɔ a ma bɔ yan.,Il y a mille manières de chasser quelqu’un.,,,,,,,,,,,,https://mooreburkina.com/fr/dioula/proverbes-dioula-vol-3-0,https://media.ipsapps.org/dyu/ora/p4/,apps/787c2c3b9692b6a3/01-B001-001.html,adjacent_french_segment,0.75,needs_review,Proverbes dioula – français
fece8354d0455647,dyu,,proverb,5,,,52 Mɔgɔ be wulujugu to a tigi le kanma.,On fait fi de certains défauts de l’autre pas grâce à lui mais à ses relations.,,,,,,,,,,,,https://mooreburkina.com/fr/dioula/proverbes-dioula-vol-3-0,https://media.ipsapps.org/dyu/ora/p4/,apps/787c2c3b9692b6a3/01-B001-001.html,adjacent_french_segment,0.75,needs_review,Proverbes dioula – français
11ef2a8072d8dac4,dyu,,proverb,8,,,53 Mɔgɔ bi jaman ka la koo dɔ le kan.,On ne devient pas arrogant par hasard.,,,,,,,,,,,,https://mooreburkina.com/fr/dioula/proverbes-dioula-vol-3-0,https://media.ipsapps.org/dyu/ora/p4/,apps/787c2c3b9692b6a3/01-B001-001.html,adjacent_french_segment,0.75,needs_review,Proverbes dioula – français
9396c1c9f5989219,dyu,,proverb,11,,,"54 Mɔgɔ bi pan musokɔrɔninbo le kan, e ti se ka pan a ka kuma kan dɛ.",On ne peut pas faire fi des paroles d’une vielle.,,,,,,,,,,,,https://mooreburkina.com/fr/dioula/proverbes-dioula-vol-3-0,https://media.ipsapps.org/dyu/ora/p4/,apps/787c2c3b9692b6a3/01-B001-001.html,adjacent_french_segment,0.75,needs_review,Proverbes dioula – français
a1c0554e303991bf,dyu,,proverb,14,,,"55 Mɔgɔ bi se koo ra, e bi tɔ to.","On peut avoir les moyens d’agir à tout instant mais, on peut décider de pardonner.",,,,,,,,,,,,https://mooreburkina.com/fr/dioula/proverbes-dioula-vol-3-0,https://media.ipsapps.org/dyu/ora/p4/,apps/787c2c3b9692b6a3/01-B001-001.html,adjacent_french_segment,0.75,needs_review,Proverbes dioula – français
34cd45c4c6e976d2,dyu,,proverb,1,,,"56 Mɔgɔ min bi siran fatɔ ɲɛ, a be ale le ka kungotaga ɲagami.","Quand on prend la vie avec courage, on sera prêt à relever tous les défis.",,,,,,,,,,,,https://mooreburkina.com/fr/dioula/proverbes-dioula-vol-3-0,https://media.ipsapps.org/dyu/ora/p4/,apps/787c2c3b9692b6a3/02-B002-001.html,adjacent_french_segment,0.75,needs_review,56 Mɔgɔ min bi siran fatɔ
35e2dd42afda825b,dyu,,proverb,4,,,57 Mɔgɔ te e ɲanaden wolo nga e be e ɲanafɛn san.,L’homme a le libre choix de tout décider sauf dans les situations qui dépassent sa volonté.,,,,,,,,,,,,https://mooreburkina.com/fr/dioula/proverbes-dioula-vol-3-0,https://media.ipsapps.org/dyu/ora/p4/,apps/787c2c3b9692b6a3/02-B002-001.html,adjacent_french_segment,0.75,needs_review,56 Mɔgɔ min bi siran fatɔ
e6eff809757d8406,dyu,,proverb,7,,,58 Mɔgɔ ti bobara tɔnɔ lɔn fɔ ni sumuni bɔra a ra tuma min.,On ne reconnait la valeur de certaines personnes que lorsqu’on les perd.,,,,,,,,,,,,https://mooreburkina.com/fr/dioula/proverbes-dioula-vol-3-0,https://media.ipsapps.org/dyu/ora/p4/,apps/787c2c3b9692b6a3/02-B002-001.html,adjacent_french_segment,0.75,needs_review,56 Mɔgɔ min bi siran fatɔ
43ad9708661f8841,dyu,,proverb,10,,,59 Mɔgɔ ti e bolojugu sin e faso ma.,Personne ne doit avoir une mauvaise intention contre sa patrie.,,,,,,,,,,,,https://mooreburkina.com/fr/dioula/proverbes-dioula-vol-3-0,https://media.ipsapps.org/dyu/ora/p4/,apps/787c2c3b9692b6a3/02-B002-001.html,adjacent_french_segment,0.75,needs_review,56 Mɔgɔ min bi siran fatɔ
5cce318b2645b358,dyu,,proverb,13,,,60 Mɔgɔ yecogoɲuman bi e ka batigɛko nɔgɔya.,L’apparence compte beaucoup pour le respect d’une personne.,,,,,,,,,,,,https://mooreburkina.com/fr/dioula/proverbes-dioula-vol-3-0,https://media.ipsapps.org/dyu/ora/p4/,apps/787c2c3b9692b6a3/02-B002-001.html,adjacent_french_segment,0.75,needs_review,56 Mɔgɔ min bi siran fatɔ
8ebdc8d4fd7c2dbb,dyu,,proverb,1,,,"61 Mɔgɔ, ni e seen yi e ben, e bi wuli, nga ni daa yi e ben, e wuli man di.",Il faut faire attention à tout ce que vous dites.,,,,,,,,,,,,https://mooreburkina.com/fr/dioula/proverbes-dioula-vol-3-0,https://media.ipsapps.org/dyu/ora/p4/,apps/787c2c3b9692b6a3/03-B003-001.html,adjacent_french_segment,0.75,needs_review,"61 Mɔgɔ, ni e seen yi e"
48832b70dc437c42,dyu,,proverb,4,,,"62 Mɔgɔkɔrɔbakuma ye surukubo le ye, ni a mana kɔrɔ, a bi gwɛ.","La parole d’une vielle personne peut vous paraitre fausse aujourd’hui, mais au fil du temps, vous verrez que c’est de la vérité.",,,,,,,,,,,,https://mooreburkina.com/fr/dioula/proverbes-dioula-vol-3-0,https://media.ipsapps.org/dyu/ora/p4/,apps/787c2c3b9692b6a3/03-B003-001.html,adjacent_french_segment,0.75,needs_review,"61 Mɔgɔ, ni e seen yi e"
f34b58595b4f1840,dyu,,proverb,7,,,63 Misi be joli to a yɛrɛ la ka nɔnɔ bɔ.,"On peut se passer de ses problèmes, ses soucis, pour vivre une vie harmonieuse avec les autres.",,,,,,,,,,,,https://mooreburkina.com/fr/dioula/proverbes-dioula-vol-3-0,https://media.ipsapps.org/dyu/ora/p4/,apps/787c2c3b9692b6a3/03-B003-001.html,adjacent_french_segment,0.75,needs_review,"61 Mɔgɔ, ni e seen yi e"
029f2e6794f8a39b,dyu,,proverb,10,,,64 Mun ka di nanbaranin ye na n ta kɔ ?,Quel est le plus grand plaisir d’un handicapé mieux que quand tu lui que tu viens le prendre ?,,,,,,,,,,,,https://mooreburkina.com/fr/dioula/proverbes-dioula-vol-3-0,https://media.ipsapps.org/dyu/ora/p4/,apps/787c2c3b9692b6a3/03-B003-001.html,adjacent_french_segment,0.75,needs_review,"61 Mɔgɔ, ni e seen yi e"
ab4535976668aa12,dyu,,proverb,13,,,"67 N ka fali mina, n bi taga ɲɛgɛnɛ kɛ ka na, o te mɔgɔ kɛ falitigi ye.",Ce qu’on prête ne vous appartient pas. Songez à remettre après usage.,,,,,,,,,,,,https://mooreburkina.com/fr/dioula/proverbes-dioula-vol-3-0,https://media.ipsapps.org/dyu/ora/p4/,apps/787c2c3b9692b6a3/03-B003-001.html,adjacent_french_segment,0.75,needs_review,"61 Mɔgɔ, ni e seen yi e"
749b074695696cef,dyu,,proverb,1,,,"69 Na n ɲu wo, na n jigi wo, kungologansa tagama le ɲɔgɔn tɛ.","Qu’un problème soit très difficile ou moins difficile, il vaut mieux de ne pas en avoir un du tout.",,,,,,,,,,,,https://mooreburkina.com/fr/dioula/proverbes-dioula-vol-3-0,https://media.ipsapps.org/dyu/ora/p4/,apps/787c2c3b9692b6a3/04-B004-001.html,adjacent_french_segment,0.75,needs_review,"69 Na n ɲu wo, na n jigi"
e88f2001f6ea8c34,dyu,,proverb,4,,,70 ɲaa bi filɛli kɛ nga hakili le bi yeeli kɛ.,On ne comprend pas tout ce qu’on voit sous les yeux.,,,,,,,,,,,,https://mooreburkina.com/fr/dioula/proverbes-dioula-vol-3-0,https://media.ipsapps.org/dyu/ora/p4/,apps/787c2c3b9692b6a3/04-B004-001.html,adjacent_french_segment,0.75,needs_review,"69 Na n ɲu wo, na n jigi"
3b05f815b6756340,dyu,,proverb,7,,,"71 ɲaa te doni ta, nga kuun be se doni min kɔrɔ ni a ye o ye, a be a lɔn.",On n’a pas besoin d’un mystère pour savoir ce qu’on peut supporter.,,,,,,,,,,,,https://mooreburkina.com/fr/dioula/proverbes-dioula-vol-3-0,https://media.ipsapps.org/dyu/ora/p4/,apps/787c2c3b9692b6a3/04-B004-001.html,adjacent_french_segment,0.75,needs_review,"69 Na n ɲu wo, na n jigi"
d80bd3f2c03b27d1,dyu,,proverb,10,,,"72 Nafigiya kuun te fosi ye, balawu kɔ.",La volonté du rapporteur n’est autre que de créer de la zizanie.,,,,,,,,,,,,https://mooreburkina.com/fr/dioula/proverbes-dioula-vol-3-0,https://media.ipsapps.org/dyu/ora/p4/,apps/787c2c3b9692b6a3/04-B004-001.html,adjacent_french_segment,0.75,needs_review,"69 Na n ɲu wo, na n jigi"
8a5e794e9dd73c0a,dyu,,proverb,13,,,73 ɲakiliba ti a lͻn ko ɲadenin be yeeli kɛ.,Le riche ne peut pas s’imaginer que le pauvre peut être heureux.,,,,,,,,,,,,https://mooreburkina.com/fr/dioula/proverbes-dioula-vol-3-0,https://media.ipsapps.org/dyu/ora/p4/,apps/787c2c3b9692b6a3/04-B004-001.html,adjacent_french_segment,0.75,needs_review,"69 Na n ɲu wo, na n jigi"
01538558a706e632,dyu,,proverb,1,,,"74 ɲɔsi ɲɛ o ɲɛ, a ye yɔrɔ ɲanaman le sɔrɔ.",La qualité de la semence n’a aucune importance si le champs n’est pas fertile.,,,,,,,,,,,,https://mooreburkina.com/fr/dioula/proverbes-dioula-vol-3-0,https://media.ipsapps.org/dyu/ora/p4/,apps/787c2c3b9692b6a3/05-B005-001.html,adjacent_french_segment,0.75,needs_review,"74 ɲɔsi ɲɛ o ɲɛ, a ye"
95a22a7465dc180d,dyu,,proverb,4,,,75 Ne e kɔrɔtɔra limɔgɔ kɔrɔ e be joli bugɔ ka mandimi.,"Devant une situation si tu manques de patience, tu risques de la résoudre de la mauvaise manière.",,,,,,,,,,,,https://mooreburkina.com/fr/dioula/proverbes-dioula-vol-3-0,https://media.ipsapps.org/dyu/ora/p4/,apps/787c2c3b9692b6a3/05-B005-001.html,adjacent_french_segment,0.75,needs_review,"74 ɲɔsi ɲɛ o ɲɛ, a ye"
f96eabb4afabd94b,dyu,,proverb,7,,,"76 Ne e ko jɔnnin kunandi, a fɔ sababuɲuman.",Toute réussite est basée sur un fondement (quelconque).,,,,,,,,,,,,https://mooreburkina.com/fr/dioula/proverbes-dioula-vol-3-0,https://media.ipsapps.org/dyu/ora/p4/,apps/787c2c3b9692b6a3/05-B005-001.html,adjacent_french_segment,0.75,needs_review,"74 ɲɔsi ɲɛ o ɲɛ, a ye"
7ee84c1a59fcf6c1,dyu,,proverb,10,,,"77 Ne e ye a mɛn, ko dalakan kilisi ka di, e ye a fɔyɔrɔ le sɔrɔ.","Tu as beau disposé des moyens nécessaires pour mener un combat, tant que tu n’as pas le temps nécessaire pour les mettre en œuvre, tout est voué à l’échec.",,,,,,,,,,,,https://mooreburkina.com/fr/dioula/proverbes-dioula-vol-3-0,https://media.ipsapps.org/dyu/ora/p4/,apps/787c2c3b9692b6a3/05-B005-001.html,adjacent_french_segment,0.75,needs_review,"74 ɲɔsi ɲɛ o ɲɛ, a ye"
39624888f249b6ec,dyu,,proverb,13,,,"78 Ne e ye tɔri ye yiri sanfɛ, dugumala gwanna le.",La grenouille n’a pas sa place dans l’arbre ( sa place se trouve à terre).,,,,,,,,,,,,https://mooreburkina.com/fr/dioula/proverbes-dioula-vol-3-0,https://media.ipsapps.org/dyu/ora/p4/,apps/787c2c3b9692b6a3/05-B005-001.html,adjacent_french_segment,0.75,needs_review,"74 ɲɔsi ɲɛ o ɲɛ, a ye"
0ef222b1182f0bf0,dyu,,proverb,16,,,79 Ni basa kuu ma tigɛ a ti dingada ye.,"Tant qu’on ne coupe pas la queue du margouillat, il ne verra pas l’entrée du trou.",,,,,,,,,,,,https://mooreburkina.com/fr/dioula/proverbes-dioula-vol-3-0,https://media.ipsapps.org/dyu/ora/p4/,apps/787c2c3b9692b6a3/05-B005-001.html,adjacent_french_segment,0.75,needs_review,"74 ɲɔsi ɲɛ o ɲɛ, a ye"
409149c0bfd498fe,dyu,,proverb,1,,,80 Ni a tolila a kasa bi bɔ.,"Lorsqu’il sera dévoilé au grand jour, tout le monde saura.",,,,,,,,,,,,https://mooreburkina.com/fr/dioula/proverbes-dioula-vol-3-0,https://media.ipsapps.org/dyu/ora/p4/,apps/787c2c3b9692b6a3/06-B006-001.html,adjacent_french_segment,0.75,needs_review,80 Ni a tolila a kasa bi
0287c2c0147a5482,dyu,,proverb,4,,,81 Ni baa ye cinnikɛ wulu bi malo.,Ne laissez personne faire votre tâche à votre place. C’est ridicule.,,,,,,,,,,,,https://mooreburkina.com/fr/dioula/proverbes-dioula-vol-3-0,https://media.ipsapps.org/dyu/ora/p4/,apps/787c2c3b9692b6a3/06-B006-001.html,adjacent_french_segment,0.75,needs_review,80 Ni a tolila a kasa bi
967e21a7e7511909,dyu,,proverb,8,,,"82 Ni cɛgwana kɔrɔtɔra musoko ra, a be musokɔnɔman le furu.","Si le célibataire se presse de se marier, il risquer d’épouser une femme enceinte.",,,,,,,,,,,,https://mooreburkina.com/fr/dioula/proverbes-dioula-vol-3-0,https://media.ipsapps.org/dyu/ora/p4/,apps/787c2c3b9692b6a3/06-B006-001.html,adjacent_french_segment,0.75,needs_review,80 Ni a tolila a kasa bi
d9adc38f6b5482ab,dyu,,proverb,11,,,"83 Ni dulͻmibaga ye kuma o kuma fͻ, dulͻ minin kͻfɛ, a tun be a kͻnͻ ka kͻrͻ.","Le soulard n’est pas assez bavard parce qu’il a bu seulement, mais parce qu’il avait des choses à dire , qu’il n’ose pas dire quand il est lucide.",,,,,,,,,,,,https://mooreburkina.com/fr/dioula/proverbes-dioula-vol-3-0,https://media.ipsapps.org/dyu/ora/p4/,apps/787c2c3b9692b6a3/06-B006-001.html,adjacent_french_segment,0.75,needs_review,80 Ni a tolila a kasa bi
52b574c74f4c09ee,dyu,,proverb,14,,,"84 Ni dͻ ka baa ma sa, dͻ ka naan te diya.",Le malheur des uns fait le bonheur des autres.,,,,,,,,,,,,https://mooreburkina.com/fr/dioula/proverbes-dioula-vol-3-0,https://media.ipsapps.org/dyu/ora/p4/,apps/787c2c3b9692b6a3/06-B006-001.html,adjacent_french_segment,0.75,needs_review,80 Ni a tolila a kasa bi
4a45f21e3073c461,dyu,,proverb,1,,,"88 Ni e bi fɛ ka dugu bila tilegwan fɛ, i bi dugutigi ka musofitini tigɛ.",La femmes préférée du chef lui est chère autant qu’il peut expulser n’importe qui du village à cause d’elle.,,,,,,,,,,,,https://mooreburkina.com/fr/dioula/proverbes-dioula-vol-3-0,https://media.ipsapps.org/dyu/ora/p4/,apps/787c2c3b9692b6a3/07-B007-001.html,adjacent_french_segment,0.75,needs_review,88 Ni e bi fɛ ka dugu
7c57faba2ea6fc7e,dyu,,proverb,4,,,"89 Ni e ko e bi musoko lɔn, e ti o ɲafɔ e burankɛ ye.",On apprends pas le sens de la vie à ceux qui nous ont aidé à la connaitre.,,,,,,,,,,,,https://mooreburkina.com/fr/dioula/proverbes-dioula-vol-3-0,https://media.ipsapps.org/dyu/ora/p4/,apps/787c2c3b9692b6a3/07-B007-001.html,adjacent_french_segment,0.75,needs_review,88 Ni e bi fɛ ka dugu
3169da8a79217142,dyu,,proverb,7,,,"90 Ni e ko i seen ti wulukɛlɛ la, o ma i ka sɔgɔma daraka le bɔn.","Si tu refuses de te mêler de la bagarre des chiens, c’est parce qu’ils n’ont pas renversé ton petit déjeuner.",,,,,,,,,,,,https://mooreburkina.com/fr/dioula/proverbes-dioula-vol-3-0,https://media.ipsapps.org/dyu/ora/p4/,apps/787c2c3b9692b6a3/07-B007-001.html,adjacent_french_segment,0.75,needs_review,88 Ni e bi fɛ ka dugu
c666ff64a64f06a5,dyu,,proverb,10,,,"91 Ni e ko mͻgͻ wɛrɛ ka suu te ko, e fana ka dugu te gɛ.","A force d’empêcher les autres de s’épanouir, vous finirez par être trop occupés pour cela, au point que vous n’allez pas vous épanouir vous aussi.",,,,,,,,,,,,https://mooreburkina.com/fr/dioula/proverbes-dioula-vol-3-0,https://media.ipsapps.org/dyu/ora/p4/,apps/787c2c3b9692b6a3/07-B007-001.html,adjacent_french_segment,0.75,needs_review,88 Ni e bi fɛ ka dugu
a208947597738b58,dyu,,proverb,13,,,"92 Ni e ko tɔnɔ ti kuma na, i bi bobo bamuso le nɛgɛn na.",La parole est toujours importante.,,,,,,,,,,,,https://mooreburkina.com/fr/dioula/proverbes-dioula-vol-3-0,https://media.ipsapps.org/dyu/ora/p4/,apps/787c2c3b9692b6a3/07-B007-001.html,adjacent_french_segment,0.75,needs_review,88 Ni e bi fɛ ka dugu
bb32b124b6d75079,dyu,,proverb,1,,,"93 Ni e kͻrͻtͻra e garisigɛ ma, e be kɛ soon ye.",La patience est un chemin d’or.,,,,,,,,,,,,https://mooreburkina.com/fr/dioula/proverbes-dioula-vol-3-0,https://media.ipsapps.org/dyu/ora/p4/,apps/787c2c3b9692b6a3/08-B008-001.html,adjacent_french_segment,0.75,needs_review,93 Ni e kͻrͻtͻra e
a775f50cdf6792b8,dyu,,proverb,4,,,"94 Ni e ma ban ka wolo, i ti se ka ban ka sa.",La mort est évidente pour tout le monde.,,,,,,,,,,,,https://mooreburkina.com/fr/dioula/proverbes-dioula-vol-3-0,https://media.ipsapps.org/dyu/ora/p4/,apps/787c2c3b9692b6a3/08-B008-001.html,adjacent_french_segment,0.75,needs_review,93 Ni e kͻrͻtͻra e
af7e938d6be5ad4a,dyu,,proverb,7,,,"95 Ni e ma fara kolo kͻrͻ wͻgͻbi ra, lon dͻ e bina bͻ, e facɛ walima e mͻcɛ kolo kan.","A force de fouiller les choses partout, vous risquez de rencontrer des choses qui vous mettront mal à l’aise.",,,,,,,,,,,,https://mooreburkina.com/fr/dioula/proverbes-dioula-vol-3-0,https://media.ipsapps.org/dyu/ora/p4/,apps/787c2c3b9692b6a3/08-B008-001.html,adjacent_french_segment,0.75,needs_review,93 Ni e kͻrͻtͻra e
4e877e719b0600ea,dyu,,proverb,10,,,"96 Ni e ma sɔn mɔgɔw ta ma, e bina sɔn ala ta kɔni ma.","Tu peux refuser de te plier aux décisions des Hommes, mais tu ne peux refuser de te plier aux décisions de Dieu.",,,,,,,,,,,,https://mooreburkina.com/fr/dioula/proverbes-dioula-vol-3-0,https://media.ipsapps.org/dyu/ora/p4/,apps/787c2c3b9692b6a3/08-B008-001.html,adjacent_french_segment,0.75,needs_review,93 Ni e kͻrͻtͻra e
f11710e49c7f9f18,dyu,,proverb,13,,,"97 Ni e ma se kɔɔ ra, i kana fɔ ko jii jara.",Il faut éviter de juger sans avoir la preuve.,,,,,,,,,,,,https://mooreburkina.com/fr/dioula/proverbes-dioula-vol-3-0,https://media.ipsapps.org/dyu/ora/p4/,apps/787c2c3b9692b6a3/08-B008-001.html,adjacent_french_segment,0.75,needs_review,93 Ni e kͻrͻtͻra e
32ce984f5dfc17d0,dyu,,proverb,1,,,"98 Ni e ma suu kunu, ɲanamanw ti la i ra.","Souvent, il faut faire des choses extraordinaires pour mériter la confiance des hommes.",,,,,,,,,,,,https://mooreburkina.com/fr/dioula/proverbes-dioula-vol-3-0,https://media.ipsapps.org/dyu/ora/p4/,apps/787c2c3b9692b6a3/09-B009-001.html,adjacent_french_segment,0.75,needs_review,98 Ni e ma suu kunu
afc447363a99e752,dyu,,proverb,4,,,"99 Ni e panna, ni e cunyɔrɔ bɛnna tasuma ma, panko kelen juru be e ra halibi.","Si la résolution d’un problème aboutit à un autre problème, il y a encore un autre problème à résoudre.",,,,,,,,,,,,https://mooreburkina.com/fr/dioula/proverbes-dioula-vol-3-0,https://media.ipsapps.org/dyu/ora/p4/,apps/787c2c3b9692b6a3/09-B009-001.html,adjacent_french_segment,0.75,needs_review,98 Ni e ma suu kunu
11f1522ebd8d8318,dyu,,proverb,7,,,"100 Ni e wolola ka a sɔrɔ i facɛ tun bi yɛlɛ yiri min kan, ni e ti se ka yɛlɛ a kan, i ka taga munumunu a kɔrɔ. Chacun doit suivre le chemin de ses parents.","A défaut de les suivre, chacun doit faire l’effort de les imiter.",,,,,,,,,,,,https://mooreburkina.com/fr/dioula/proverbes-dioula-vol-3-0,https://media.ipsapps.org/dyu/ora/p4/,apps/787c2c3b9692b6a3/09-B009-001.html,adjacent_french_segment,0.75,needs_review,98 Ni e ma suu kunu
1d940ea00634b2da,dyu,,proverb,2,,,"101 Ni e ye a fɔ ko i ka kɛnɛ ye denbaw ka kɛnɛ ye, densɔrɔbaliw be o sen bɔ a ra ka sɔrɔ e ma o tɔgɔ wele.",Si tu baptises ta place « celle des mères d’enfants » les femmes stériles se retirent sans que tu ne prononces leurs noms.,,,,,,,,,,,,https://mooreburkina.com/fr/dioula/proverbes-dioula-vol-4,https://media.ipsapps.org/dyu/ora/p5/,apps/a3bc987c57ffcf3c/01-B001-001.html,adjacent_french_segment,0.75,needs_review,Proverbes dioula – français
af5eac5ba78f8f82,dyu,,proverb,5,,,"102 Ni e ye cɛw fere sɔngɔ kelen na, mɔnɛ be dɔ baa faga.",Les hommes ne sont équitables. Les hommes ne sont pas du tout pareils.,,,,,,,,,,,,https://mooreburkina.com/fr/dioula/proverbes-dioula-vol-4,https://media.ipsapps.org/dyu/ora/p5/,apps/a3bc987c57ffcf3c/01-B001-001.html,adjacent_french_segment,0.75,needs_review,Proverbes dioula – français
45585234062032fb,dyu,,proverb,9,,,"103 Ni e ye dɔ fɔ ɲaa ye, e ka dɔ fɔ ɲaa ka cɛlakaw fana ye.",Si tu donnes des conseils à un camp n’oublie pas l’autre camps.,,,,,,,,,,,,https://mooreburkina.com/fr/dioula/proverbes-dioula-vol-4,https://media.ipsapps.org/dyu/ora/p5/,apps/a3bc987c57ffcf3c/01-B001-001.html,adjacent_french_segment,0.75,needs_review,Proverbes dioula – français
73af9ec45c22800e,dyu,,proverb,12,,,"104 Ni e ye ka wulujugu faga, dɔ ta bi e cin.",Nul ne doit abandonner les siens parce qu’ils sont méchants.,,,,,,,,,,,,https://mooreburkina.com/fr/dioula/proverbes-dioula-vol-4,https://media.ipsapps.org/dyu/ora/p5/,apps/a3bc987c57ffcf3c/01-B001-001.html,adjacent_french_segment,0.75,needs_review,Proverbes dioula – français
77a7e00d9698a049,dyu,,proverb,15,,,105 Ni e ye mɔgɔ min ka ɲiin furakɛ ole bi sɔn ka tila i ka tigansi ra.,"Si la personne à qui tu fais plus confiance, te trahit, cela fait très mal.",,,,,,,,,,,,https://mooreburkina.com/fr/dioula/proverbes-dioula-vol-4,https://media.ipsapps.org/dyu/ora/p5/,apps/a3bc987c57ffcf3c/01-B001-001.html,adjacent_french_segment,0.75,needs_review,Proverbes dioula – français
2aa0375bd71e877b,dyu,,proverb,1,,,"106 Ni e ye min kɛ cɛɛw ra o tagatɔ, o segitɔ be a ɲɔgɔn fila kɛ e ra.",Le mal que vous faites aux êtres humains se payent sur terre.,,,,,,,,,,,,https://mooreburkina.com/fr/dioula/proverbes-dioula-vol-4,https://media.ipsapps.org/dyu/ora/p5/,apps/a3bc987c57ffcf3c/02-B002-001.html,adjacent_french_segment,0.75,needs_review,106 Ni e ye min kɛ cɛɛw
e71374e2918cb28d,dyu,,proverb,4,,,107 Ni fali bina e ben e te a tulo ye.,"Souvent, dans une situation de panique on perd tout reflexe.",,,,,,,,,,,,https://mooreburkina.com/fr/dioula/proverbes-dioula-vol-4,https://media.ipsapps.org/dyu/ora/p5/,apps/a3bc987c57ffcf3c/02-B002-001.html,adjacent_french_segment,0.75,needs_review,106 Ni e ye min kɛ cɛɛw
66ca49ace4dfd934,dyu,,proverb,7,,,"109 Ni fiyentɔ ko a bi taga dugura sini, e be a sɔrɔ a ni a bilasirabaga bɛnna a kan.",Celui qui n’est pas indépendant n’a pas droit à des prises de décision.,,,,,,,,,,,,https://mooreburkina.com/fr/dioula/proverbes-dioula-vol-4,https://media.ipsapps.org/dyu/ora/p5/,apps/a3bc987c57ffcf3c/02-B002-001.html,adjacent_french_segment,0.75,needs_review,106 Ni e ye min kɛ cɛɛw
655998cd5f60c945,dyu,,proverb,10,,,"110 Ni forobamisi ye forobaɲɔ dumu, fosi te o ra ala minɛ kɔ.","Si le bien commun a été détruite par la propriété commune, il n’y a qu’a se remettre à Dieu.",,,,,,,,,,,,https://mooreburkina.com/fr/dioula/proverbes-dioula-vol-4,https://media.ipsapps.org/dyu/ora/p5/,apps/a3bc987c57ffcf3c/02-B002-001.html,adjacent_french_segment,0.75,needs_review,106 Ni e ye min kɛ cɛɛw
5fd4693a8649c662,dyu,,proverb,1,,,"111 Ni i te se ka boli ka mɔgɔ min to, kana bolifura dumu ka a tigi to.",Il est toujours mieux de prendre ses responsabilités à temps.,,,,,,,,,,,,https://mooreburkina.com/fr/dioula/proverbes-dioula-vol-4,https://media.ipsapps.org/dyu/ora/p5/,apps/a3bc987c57ffcf3c/03-B003-001.html,adjacent_french_segment,0.75,needs_review,111 Ni i te se ka boli ka
8b8cac7383caf899,dyu,,proverb,4,,,"112 Ni jakuma tagara dugu ra, ɲinanw be o tile kɛ.","Si le chat voyage, les souris profitent bien.",,,,,,,,,,,,https://mooreburkina.com/fr/dioula/proverbes-dioula-vol-4,https://media.ipsapps.org/dyu/ora/p5/,apps/a3bc987c57ffcf3c/03-B003-001.html,adjacent_french_segment,0.75,needs_review,111 Ni i te se ka boli ka
83d4810b9ce855d0,dyu,,proverb,7,,,113 Ni jidaga cira e kunna e be e ɲaa ko ni a jii ye.,"Souvent, lorsqu’on se trouve dans une situation embarrassante, il vaut mieux s’enfoncer pour en finir avec.",,,,,,,,,,,,https://mooreburkina.com/fr/dioula/proverbes-dioula-vol-4,https://media.ipsapps.org/dyu/ora/p5/,apps/a3bc987c57ffcf3c/03-B003-001.html,adjacent_french_segment,0.75,needs_review,111 Ni i te se ka boli ka
16cc97127943098a,dyu,,proverb,10,,,"114 Ni jigɛ bɔra jii ra ka a fɔ ko banba ɲaa kelen cinin lo, gerenkanmɔgɔ bi se ka fɔ tiɲɛ tɛ wa?",Ce sont ceux qui se connaissent mieux qui se critiquent.,,,,,,,,,,,,https://mooreburkina.com/fr/dioula/proverbes-dioula-vol-4,https://media.ipsapps.org/dyu/ora/p5/,apps/a3bc987c57ffcf3c/03-B003-001.html,adjacent_french_segment,0.75,needs_review,111 Ni i te se ka boli ka
7c7f01860de2e53a,dyu,,proverb,13,,,"115 Ni kabakuru bɔra sanfɛ ka jigi, bɛɛ bi a yɛrɛ kuun le minɛ.","Dans une situation de panique généralisée, chacun cherche à se sauver d’abord.",,,,,,,,,,,,https://mooreburkina.com/fr/dioula/proverbes-dioula-vol-4,https://media.ipsapps.org/dyu/ora/p5/,apps/a3bc987c57ffcf3c/03-B003-001.html,adjacent_french_segment,0.75,needs_review,111 Ni i te se ka boli ka
d9fcaf993a379c23,dyu,,proverb,1,,,"116 Ni kɔnɔfa ye e bila samasen ta ra, kɔngɔtɔ bi fisaya ni e ye.","Quelle que soit la confiance qu’on a à soi-même, il faut éviter de prendre certains risques.",,,,,,,,,,,,https://mooreburkina.com/fr/dioula/proverbes-dioula-vol-4,https://media.ipsapps.org/dyu/ora/p5/,apps/a3bc987c57ffcf3c/04-B004-001.html,adjacent_french_segment,0.75,needs_review,116 Ni kɔnɔfa ye e bila
6bd6d596ac768168,dyu,,proverb,4,,,117 Ni kogo ma pɛrɛn basa ti donyɔrɔ sɔrɔ.,La mésentente entre les membres d’un groupe facilite l’infiltration de l’ennemi.,,,,,,,,,,,,https://mooreburkina.com/fr/dioula/proverbes-dioula-vol-4,https://media.ipsapps.org/dyu/ora/p5/,apps/a3bc987c57ffcf3c/04-B004-001.html,adjacent_french_segment,0.75,needs_review,116 Ni kɔnɔfa ye e bila
6b6eadc40cbd6b9b,dyu,,proverb,7,,,"118 Ni koo kelen yi e sɔrɔ, ni a ma e faga, a bi e ladi.",On doit pouvoir tirer des leçons des épreuve qui nous arrive.,,,,,,,,,,,,https://mooreburkina.com/fr/dioula/proverbes-dioula-vol-4,https://media.ipsapps.org/dyu/ora/p5/,apps/a3bc987c57ffcf3c/04-B004-001.html,adjacent_french_segment,0.75,needs_review,116 Ni kɔnɔfa ye e bila
5c33c2a3cd799850,dyu,,proverb,10,,,"119 Ni koo ma kɛ, koo ti lɔn.",Souvent une situation révèle une autre.,,,,,,,,,,,,https://mooreburkina.com/fr/dioula/proverbes-dioula-vol-4,https://media.ipsapps.org/dyu/ora/p5/,apps/a3bc987c57ffcf3c/04-B004-001.html,adjacent_french_segment,0.75,needs_review,116 Ni kɔnɔfa ye e bila
7321cb8393418921,dyu,,proverb,13,,,120 Ni mɔgɔ ma sa fɛn bɛ juru be e ra.,"Tant qu’on n’est pas mort, tout est possible.",,,,,,,,,,,,https://mooreburkina.com/fr/dioula/proverbes-dioula-vol-4,https://media.ipsapps.org/dyu/ora/p5/,apps/a3bc987c57ffcf3c/04-B004-001.html,adjacent_french_segment,0.75,needs_review,116 Ni kɔnɔfa ye e bila
8e0d0e08bd881b39,dyu,,proverb,1,,,"121 Ni min ye fiyentɔ bamuso ka sanga fɔ a ye, ele le be ka bere mina ka taga ni a ye.","Si tu annonces le décès de la maman de l’aveugle, tu seras son guide pour arriver au lieu des funérailles.",,,,,,,,,,,,https://mooreburkina.com/fr/dioula/proverbes-dioula-vol-4,https://media.ipsapps.org/dyu/ora/p5/,apps/a3bc987c57ffcf3c/05-B005-001.html,adjacent_french_segment,0.75,needs_review,121 Ni min ye fiyentɔ
42b00ec2e44ad09d,dyu,,proverb,4,,,"122 Ni muru da diyara ka tɛmɛ, a bi a yɛrɛ forogo fara.","Si vous ne faites pas attention à ce que vous dites, vous risquez de vous détruire vous-mêmes.",,,,,,,,,,,,https://mooreburkina.com/fr/dioula/proverbes-dioula-vol-4,https://media.ipsapps.org/dyu/ora/p5/,apps/a3bc987c57ffcf3c/05-B005-001.html,adjacent_french_segment,0.75,needs_review,121 Ni min ye fiyentɔ
80d951823340925f,dyu,,proverb,7,,,"123 Ni mɔgɔ sɔmina ɲamunumunu ma, e be e sonsori.","Si l’on pressent un danger, on prend des précautions.",,,,,,,,,,,,https://mooreburkina.com/fr/dioula/proverbes-dioula-vol-4,https://media.ipsapps.org/dyu/ora/p5/,apps/a3bc987c57ffcf3c/05-B005-001.html,adjacent_french_segment,0.75,needs_review,121 Ni min ye fiyentɔ
5e7ca621696afd21,dyu,,proverb,10,,,"124 Ni o ko koo bɛɛ ka segi a tigi ma, masaya bi segi ala le ma.",Tout pouvoir appartient à Dieu.,,,,,,,,,,,,https://mooreburkina.com/fr/dioula/proverbes-dioula-vol-4,https://media.ipsapps.org/dyu/ora/p5/,apps/a3bc987c57ffcf3c/05-B005-001.html,adjacent_french_segment,0.75,needs_review,121 Ni min ye fiyentɔ
75f648a5de325d27,dyu,,proverb,13,,,"125 Ni saan ɲagamina, jati ti kalo la.","Lorsque tout est bouleversée dans une situation, ne cherchez pas à savoir l’ordre des choses.",,,,,,,,,,,,https://mooreburkina.com/fr/dioula/proverbes-dioula-vol-4,https://media.ipsapps.org/dyu/ora/p5/,apps/a3bc987c57ffcf3c/05-B005-001.html,adjacent_french_segment,0.75,needs_review,121 Ni min ye fiyentɔ
a08afcd6e8022da4,dyu,,proverb,1,,,"126 Ni sanjii yi sisɛ bugɔ, a lɔnbaga le be a san.","Quelle que soit la valeur d’un objet, il n’ y a que les spécialistes qui l’apprécient mieux.",,,,,,,,,,,,https://mooreburkina.com/fr/dioula/proverbes-dioula-vol-4,https://media.ipsapps.org/dyu/ora/p5/,apps/a3bc987c57ffcf3c/06-B006-001.html,adjacent_french_segment,0.75,needs_review,126 Ni sanjii yi sisɛ
461579178741ae30,dyu,,proverb,4,,,127 Ni sigi mɛɛna tiɲɛtigi be lɔn.,Le temps révèle la vérité.,,,,,,,,,,,,https://mooreburkina.com/fr/dioula/proverbes-dioula-vol-4,https://media.ipsapps.org/dyu/ora/p5/,apps/a3bc987c57ffcf3c/06-B006-001.html,adjacent_french_segment,0.75,needs_review,126 Ni sanjii yi sisɛ
c8cf1b0340b19765,dyu,,proverb,7,,,128 Ni sisɛ ma nɛgɛ a te don kulukulu kɔnɔ.,"Dans la vie, tout ne se réalise pas avec la force physique.",,,,,,,,,,,,https://mooreburkina.com/fr/dioula/proverbes-dioula-vol-4,https://media.ipsapps.org/dyu/ora/p5/,apps/a3bc987c57ffcf3c/06-B006-001.html,adjacent_french_segment,0.75,needs_review,126 Ni sanjii yi sisɛ
b9abfcbb5de9d704,dyu,,proverb,10,,,"129 Ni soon ye soon wɛrɛ ka fɛn ta, fosi te o ra ala minɛ kɔ.",Les gens d’un même domaine se connaissent entre eux.,,,,,,,,,,,,https://mooreburkina.com/fr/dioula/proverbes-dioula-vol-4,https://media.ipsapps.org/dyu/ora/p5/,apps/a3bc987c57ffcf3c/06-B006-001.html,adjacent_french_segment,0.75,needs_review,126 Ni sanjii yi sisɛ
78c4c61724f7eb48,dyu,,proverb,1,,,"136 Saan tan fali gɛn na, ni e ma falikan mɛn, e be sirafara caama lɔn.",L’expérience renforce toujours la connaissance.,,,,,,,,,,,,https://mooreburkina.com/fr/dioula/proverbes-dioula-vol-4,https://media.ipsapps.org/dyu/ora/p5/,apps/a3bc987c57ffcf3c/08-B008-001.html,adjacent_french_segment,0.75,needs_review,136 Saan tan fali gɛn na
1ffe782361f27474,dyu,,proverb,4,,,"137 Sanjii min ye mɔgɔ gusi, e be a lɔn ko ole ka ca.",On ne saurait apprécier quelque chose sans connaître.,,,,,,,,,,,,https://mooreburkina.com/fr/dioula/proverbes-dioula-vol-4,https://media.ipsapps.org/dyu/ora/p5/,apps/a3bc987c57ffcf3c/08-B008-001.html,adjacent_french_segment,0.75,needs_review,136 Saan tan fali gɛn na
80a81f1a0507f5ba,dyu,,proverb,7,,,"138 Segincɛkɔrɔ ma, ko jugu tɛ, a bi e lɔnbaga le caya.","Revenir sur des pratiques qu’on a abandonnées, les gens parleront plus de vous, sinon, il n’y a rien de grave.",,,,,,,,,,,,https://mooreburkina.com/fr/dioula/proverbes-dioula-vol-4,https://media.ipsapps.org/dyu/ora/p5/,apps/a3bc987c57ffcf3c/08-B008-001.html,adjacent_french_segment,0.75,needs_review,136 Saan tan fali gɛn na
dece09eb719bc8b1,dyu,,proverb,13,,,140 Sufɛkunli dabɔra ɲɔgɔntulotigɛ le kanma.,Mener des activités risquées ne sont pas sans conséquences.,,,,,,,,,,,,https://mooreburkina.com/fr/dioula/proverbes-dioula-vol-4,https://media.ipsapps.org/dyu/ora/p5/,apps/a3bc987c57ffcf3c/08-B008-001.html,adjacent_french_segment,0.75,needs_review,136 Saan tan fali gɛn na
274a1b63159bd9df,dyu,,proverb,1,,,141 Suruku ti jii sama ka a di misifasanin ma gwansan.,"Les Hommes agissent le plus souvent, selon leurs intérêts.",,,,,,,,,,,,https://mooreburkina.com/fr/dioula/proverbes-dioula-vol-4,https://media.ipsapps.org/dyu/ora/p5/,apps/a3bc987c57ffcf3c/09-B009-001.html,adjacent_french_segment,0.75,needs_review,141 Suruku ti jii sama ka
66b2059f00e04b76,dyu,,proverb,4,,,"142 Suu bobara bi kɛnɛ ma, Suu mako ti o ra, nga a bi a somɔgɔw maloya.","Quand un cadavre est mal traité, c’est un déshonneur pour sa famille.",,,,,,,,,,,,https://mooreburkina.com/fr/dioula/proverbes-dioula-vol-4,https://media.ipsapps.org/dyu/ora/p5/,apps/a3bc987c57ffcf3c/09-B009-001.html,adjacent_french_segment,0.75,needs_review,141 Suruku ti jii sama ka
e509dc331e8f0a3c,dyu,,proverb,7,,,143 Tɔɔn ti pan a deen ka ŋunuma.,Le caractère d’un enfant est à l’image de ses parents.,,,,,,,,,,,,https://mooreburkina.com/fr/dioula/proverbes-dioula-vol-4,https://media.ipsapps.org/dyu/ora/p5/,apps/a3bc987c57ffcf3c/09-B009-001.html,adjacent_french_segment,0.75,needs_review,141 Suruku ti jii sama ka
248a027e6e8de5f0,dyu,,proverb,10,,,145 Tigɛ fila le be ɲɔgɔn kɔ ko.,La vie fonctionne mieux grâce à la solidarité entre les hommes.,,,,,,,,,,,,https://mooreburkina.com/fr/dioula/proverbes-dioula-vol-4,https://media.ipsapps.org/dyu/ora/p5/,apps/a3bc987c57ffcf3c/09-B009-001.html,adjacent_french_segment,0.75,needs_review,141 Suruku ti jii sama ka
b4032646e59cea2e,dyu,,proverb,1,,,"146 Tiɲɛ ti ɲaa ci, nga a bi a wulen.","La vérité peut mettre mal à l’aise, mais elle ne vous tuera point.",,,,,,,,,,,,https://mooreburkina.com/fr/dioula/proverbes-dioula-vol-4,https://media.ipsapps.org/dyu/ora/p5/,apps/a3bc987c57ffcf3c/10-B010-001.html,adjacent_french_segment,0.75,needs_review,"146 Tiɲɛ ti ɲaa ci, nga a"
6ad0d9a1537c1ab1,dyu,,proverb,4,,,"147 Tinkalɔn, a bana be mɔgɔ tɔɔro kojugu.",La maladie de « si je savais » est un grand remord.,,,,,,,,,,,,https://mooreburkina.com/fr/dioula/proverbes-dioula-vol-4,https://media.ipsapps.org/dyu/ora/p5/,apps/a3bc987c57ffcf3c/10-B010-001.html,adjacent_french_segment,0.75,needs_review,"146 Tiɲɛ ti ɲaa ci, nga a"
eac1ec60acf3fdfc,dyu,,proverb,7,,,"148 Yanni e ka mɔgɔ deli jigɛ ɲimi na, e ka deli jigɛ minɛ na.",Il vaut mieux apprendre à quelqu’un à se prendre en charge plutôt que de lui venir en aide à tout moment.,,,,,,,,,,,,https://mooreburkina.com/fr/dioula/proverbes-dioula-vol-4,https://media.ipsapps.org/dyu/ora/p5/,apps/a3bc987c57ffcf3c/10-B010-001.html,adjacent_french_segment,0.75,needs_review,"146 Tiɲɛ ti ɲaa ci, nga a"
4ed11c9722990850,dyu,,proverb,10,,,149 Yɛrɛɲiniboli ni bobarasiɲɛ ti bɛn.,On ne peut pas faire deux choses à la fois.,,,,,,,,,,,,https://mooreburkina.com/fr/dioula/proverbes-dioula-vol-4,https://media.ipsapps.org/dyu/ora/p5/,apps/a3bc987c57ffcf3c/10-B010-001.html,adjacent_french_segment,0.75,needs_review,"146 Tiɲɛ ti ɲaa ci, nga a"
f0f9924bf0f77e31,dyu,,proverb,13,,,"150 Yirikuru mana mɛɛ jii kɔnɔ cogo o cogo, a ti se ka kɛ banba ye.","On peut passer assez de temps dans une autre culture, mais on reste toujours soi-même.",,,,,,,,,,,,https://mooreburkina.com/fr/dioula/proverbes-dioula-vol-4,https://media.ipsapps.org/dyu/ora/p5/,apps/a3bc987c57ffcf3c/10-B010-001.html,adjacent_french_segment,0.75,needs_review,"146 Tiɲɛ ti ɲaa ci, nga a"
78731d7b73d14a18,dyu,,proverb,2,,,1 Ala kana suu kɔrɔbɔ tile ye.,Que Dieu ne dévoile pas au grand jour ce que la nuit cache en elle.,,,,,,,,,,,,https://mooreburkina.com/fr/dioula/proverbes-lu-en-dioula-vol-1,https://media.ipsapps.org/dyu/ora/p2/,apps/bf1b615d3ec7877d/01-B001-001.html,adjacent_french_segment,0.75,needs_review,Proverbes en dioula
cb5608b2be932aaf,dyu,,proverb,5,,,2 Alasɔn ka fisa mɔgɔsɔn ye.,Le Don de Dieu est meilleur que celui des hommes.,,,,,,,,,,,,https://mooreburkina.com/fr/dioula/proverbes-lu-en-dioula-vol-1,https://media.ipsapps.org/dyu/ora/p2/,apps/bf1b615d3ec7877d/01-B001-001.html,adjacent_french_segment,0.75,needs_review,Proverbes en dioula
d8349f800854e9f1,dyu,,proverb,8,,,"3 An ta ani n ta, kelen tɛ.","Il vaut mieux chercher sa propriété personnelle, plutôt que de compter sur les propriétés communes.",,,,,,,,,,,,https://mooreburkina.com/fr/dioula/proverbes-lu-en-dioula-vol-1,https://media.ipsapps.org/dyu/ora/p2/,apps/bf1b615d3ec7877d/01-B001-001.html,adjacent_french_segment,0.75,needs_review,Proverbes en dioula
a6d5b6b9f0f759d5,dyu,,proverb,11,,,4 Bɛɛ ni a kunko.,Chacun a ses problèmes.,,,,,,,,,,,,https://mooreburkina.com/fr/dioula/proverbes-lu-en-dioula-vol-1,https://media.ipsapps.org/dyu/ora/p2/,apps/bf1b615d3ec7877d/01-B001-001.html,adjacent_french_segment,0.75,needs_review,Proverbes en dioula
0b37dcea9b18ff98,dyu,,proverb,14,,,5 Bilankɔrɔ ta ka di.,On accède facilement à ce qu’on a soi-même épargné.,,,,,,,,,,,,https://mooreburkina.com/fr/dioula/proverbes-lu-en-dioula-vol-1,https://media.ipsapps.org/dyu/ora/p2/,apps/bf1b615d3ec7877d/01-B001-001.html,adjacent_french_segment,0.75,needs_review,Proverbes en dioula
c1ccbe019e5972bc,dyu,,proverb,1,,,6 Bolokelen ti bugu cɛ.,L’union fait la force.,,,,,,,,,,,,https://mooreburkina.com/fr/dioula/proverbes-lu-en-dioula-vol-1,https://media.ipsapps.org/dyu/ora/p2/,apps/bf1b615d3ec7877d/02-B002-001.html,adjacent_french_segment,0.75,needs_review,6 Bolokelen ti bugu cɛ
6e427d2333d7a1ac,dyu,,proverb,4,,,7 Cɛɛ ma ɲi cɛɛ bolo.,Quoi de plus vilain quand un homme torture un autre homme.,,,,,,,,,,,,https://mooreburkina.com/fr/dioula/proverbes-lu-en-dioula-vol-1,https://media.ipsapps.org/dyu/ora/p2/,apps/bf1b615d3ec7877d/02-B002-001.html,adjacent_french_segment,0.75,needs_review,6 Bolokelen ti bugu cɛ
5df889d75203479b,dyu,,proverb,7,,,8 Cɛya ye gundo ye.,La qualité d’homme mérite qu’on garde certains secrets.,,,,,,,,,,,,https://mooreburkina.com/fr/dioula/proverbes-lu-en-dioula-vol-1,https://media.ipsapps.org/dyu/ora/p2/,apps/bf1b615d3ec7877d/02-B002-001.html,adjacent_french_segment,0.75,needs_review,6 Bolokelen ti bugu cɛ
8625bdb30b113452,dyu,,proverb,10,,,9 Daan bi fali kuu sama na.,Il faut de la modération dans toute chose.,,,,,,,,,,,,https://mooreburkina.com/fr/dioula/proverbes-lu-en-dioula-vol-1,https://media.ipsapps.org/dyu/ora/p2/,apps/bf1b615d3ec7877d/02-B002-001.html,adjacent_french_segment,0.75,needs_review,6 Bolokelen ti bugu cɛ
28e7ba899daf7c90,dyu,,proverb,13,,,10 Digi daan ye dɛnɛ.,Toute oppression a une limite.,,,,,,,,,,,,https://mooreburkina.com/fr/dioula/proverbes-lu-en-dioula-vol-1,https://media.ipsapps.org/dyu/ora/p2/,apps/bf1b615d3ec7877d/02-B002-001.html,adjacent_french_segment,0.75,needs_review,6 Bolokelen ti bugu cɛ
e40b189d86e57ac4,dyu,,proverb,1,,,11 Dugulenya diya ye sufɛ dumuni le ye.,L’avantage d’un autochtone en ville est qu’il a de bonnes adresses pour régler ses préoccupations.,,,,,,,,,,,,https://mooreburkina.com/fr/dioula/proverbes-lu-en-dioula-vol-1,https://media.ipsapps.org/dyu/ora/p2/,apps/bf1b615d3ec7877d/03-B003-001.html,adjacent_french_segment,0.75,needs_review,11 Dugulenya diya ye
f9897f03c18b2a2d,dyu,,proverb,4,,,12 Dugumɛni sɔnkɔrɔ le ye cinni ye.,Le caractère connu d’une personne pourrait ne plus changer quel que soit le temps.,,,,,,,,,,,,https://mooreburkina.com/fr/dioula/proverbes-lu-en-dioula-vol-1,https://media.ipsapps.org/dyu/ora/p2/,apps/bf1b615d3ec7877d/03-B003-001.html,adjacent_french_segment,0.75,needs_review,11 Dugulenya diya ye
044b529bb51c9594,dyu,,proverb,7,,,13 Duniya ye baroso ye.,La vie est juste un passe-temps.,,,,,,,,,,,,https://mooreburkina.com/fr/dioula/proverbes-lu-en-dioula-vol-1,https://media.ipsapps.org/dyu/ora/p2/,apps/bf1b615d3ec7877d/03-B003-001.html,adjacent_french_segment,0.75,needs_review,11 Dugulenya diya ye
3abf2cee6b9d9619,dyu,,proverb,10,,,14 Fanga ti lii don ŋunu kɔnɔ.,La force physique ne permet pas de tout réaliser dans la vie. Parfois il faut de l’intelligence aussi.,,,,,,,,,,,,https://mooreburkina.com/fr/dioula/proverbes-lu-en-dioula-vol-1,https://media.ipsapps.org/dyu/ora/p2/,apps/bf1b615d3ec7877d/03-B003-001.html,adjacent_french_segment,0.75,needs_review,11 Dugulenya diya ye
8dde7dd346934762,dyu,,proverb,14,,,15 Fanta fila ti se ka lɔ ɲɔgɔn jigi kɔrɔ.,Un pauvre ne peut pas venir au secours d’un autre pauvre sur le plan financier.,,,,,,,,,,,,https://mooreburkina.com/fr/dioula/proverbes-lu-en-dioula-vol-1,https://media.ipsapps.org/dyu/ora/p2/,apps/bf1b615d3ec7877d/03-B003-001.html,adjacent_french_segment,0.75,needs_review,11 Dugulenya diya ye
825fd9e065cbda5b,dyu,,proverb,1,,,16 Fɔ ti mɔgɔ ban.,"L’on a beau critiquer quelqu’un, il n’en meurt pas.",,,,,,,,,,,,https://mooreburkina.com/fr/dioula/proverbes-lu-en-dioula-vol-1,https://media.ipsapps.org/dyu/ora/p2/,apps/bf1b615d3ec7877d/04-B004-001.html,adjacent_french_segment,0.75,needs_review,16 Fɔ ti mɔgɔ ban
330a99b28177260e,dyu,,proverb,4,,,17 Fɔninkɔrɔ tɔ ye dalamaga ye.,"Quand tout a été déjà dit, la répétition n’est rien d’autres que du gaspillage de salive.",,,,,,,,,,,,https://mooreburkina.com/fr/dioula/proverbes-lu-en-dioula-vol-1,https://media.ipsapps.org/dyu/ora/p2/,apps/bf1b615d3ec7877d/04-B004-001.html,adjacent_french_segment,0.75,needs_review,16 Fɔ ti mɔgɔ ban
044da75f9223ab10,dyu,,proverb,7,,,18 Fosi te Ala kɛɲɛ.,Dieu est capable de tout.,,,,,,,,,,,,https://mooreburkina.com/fr/dioula/proverbes-lu-en-dioula-vol-1,https://media.ipsapps.org/dyu/ora/p2/,apps/bf1b615d3ec7877d/04-B004-001.html,adjacent_french_segment,0.75,needs_review,16 Fɔ ti mɔgɔ ban
6341382d52d36dbe,dyu,,proverb,10,,,19 Hɔn le bi hɔn diya.,"Dans la vie, c’est quand on donne qu’on reçoit.",,,,,,,,,,,,https://mooreburkina.com/fr/dioula/proverbes-lu-en-dioula-vol-1,https://media.ipsapps.org/dyu/ora/p2/,apps/bf1b615d3ec7877d/04-B004-001.html,adjacent_french_segment,0.75,needs_review,16 Fɔ ti mɔgɔ ban
a3adaecc72a2e22a,dyu,,proverb,13,,,20 Jantonnyɛrɛla kɔrɔcogo ka ɲi.,On vieillit avec sa forme normale quand on ne se laisse pas aller à tout ce qui est risquant.,,,,,,,,,,,,https://mooreburkina.com/fr/dioula/proverbes-lu-en-dioula-vol-1,https://media.ipsapps.org/dyu/ora/p2/,apps/bf1b615d3ec7877d/04-B004-001.html,adjacent_french_segment,0.75,needs_review,16 Fɔ ti mɔgɔ ban
eea8b48e05b40b4c,dyu,,proverb,1,,,21 Jɔɔn bi wuludenin facɛ lɔn.,Qui peut reconnaitre le géniteur d’un chiot ?,,,,,,,,,,,,https://mooreburkina.com/fr/dioula/proverbes-lu-en-dioula-vol-1,https://media.ipsapps.org/dyu/ora/p2/,apps/bf1b615d3ec7877d/05-B005-001.html,adjacent_french_segment,0.75,needs_review,21 Jɔɔn bi wuludenin
e4f6402bfdb7e630,dyu,,proverb,4,,,22 Jɔɔn ti i laban lɔn.,Nul ne peut connaitre à l’avance comment il va finir.,,,,,,,,,,,,https://mooreburkina.com/fr/dioula/proverbes-lu-en-dioula-vol-1,https://media.ipsapps.org/dyu/ora/p2/,apps/bf1b615d3ec7877d/05-B005-001.html,adjacent_french_segment,0.75,needs_review,21 Jɔɔn bi wuludenin
85144164c0f4b336,dyu,,proverb,7,,,23 Jii gwansan ti kunu.,Il n’y a jamais rien pour rien.,,,,,,,,,,,,https://mooreburkina.com/fr/dioula/proverbes-lu-en-dioula-vol-1,https://media.ipsapps.org/dyu/ora/p2/,apps/bf1b615d3ec7877d/05-B005-001.html,adjacent_french_segment,0.75,needs_review,21 Jɔɔn bi wuludenin
bf6f44f36fc1f775,dyu,,proverb,10,,,24 Ka tɔn mina ni nɛnɛ bi a ma.,Saisir une opportunité pendant qu’il est temps.,,,,,,,,,,,,https://mooreburkina.com/fr/dioula/proverbes-lu-en-dioula-vol-1,https://media.ipsapps.org/dyu/ora/p2/,apps/bf1b615d3ec7877d/05-B005-001.html,adjacent_french_segment,0.75,needs_review,21 Jɔɔn bi wuludenin
7dacd02c8b0f3324,dyu,,proverb,13,,,25 Koo bɛ ni a tile.,Chaque chose a son temps.,,,,,,,,,,,,https://mooreburkina.com/fr/dioula/proverbes-lu-en-dioula-vol-1,https://media.ipsapps.org/dyu/ora/p2/,apps/bf1b615d3ec7877d/05-B005-001.html,adjacent_french_segment,0.75,needs_review,21 Jɔɔn bi wuludenin
dc424aaa2b65ea5c,dyu,,proverb,1,,,26 Koo tɛmɛniw le lakalen ka di.,"Quand on est sure, qu’une situation defavorable ne se repète plus, on est plus à l’aise pour en parler.",,,,,,,,,,,,https://mooreburkina.com/fr/dioula/proverbes-lu-en-dioula-vol-1,https://media.ipsapps.org/dyu/ora/p2/,apps/bf1b615d3ec7877d/06-B006-001.html,adjacent_french_segment,0.75,needs_review,26 Koo tɛmɛniw le
bd54942415630c94,dyu,,proverb,4,,,27 Kumaɲuma le bi banba bɔ jii kɔnɔ.,On ne négocie pas avec des mots violents.,,,,,,,,,,,,https://mooreburkina.com/fr/dioula/proverbes-lu-en-dioula-vol-1,https://media.ipsapps.org/dyu/ora/p2/,apps/bf1b615d3ec7877d/06-B006-001.html,adjacent_french_segment,0.75,needs_review,26 Koo tɛmɛniw le
f797344b08131d19,dyu,,proverb,7,,,28 Kungoyiri bɛɛ ti tilen.,N’attendez pas à ce que tous les hommes soient justes.,,,,,,,,,,,,https://mooreburkina.com/fr/dioula/proverbes-lu-en-dioula-vol-1,https://media.ipsapps.org/dyu/ora/p2/,apps/bf1b615d3ec7877d/06-B006-001.html,adjacent_french_segment,0.75,needs_review,26 Koo tɛmɛniw le
7c405792ea324673,dyu,,proverb,10,,,29 Kuntori ti a yɛrɛ kasa mɛn.,L’homme ignore ses propres défauts. Le médiocre ne croit pas à sa médiocrité.,,,,,,,,,,,,https://mooreburkina.com/fr/dioula/proverbes-lu-en-dioula-vol-1,https://media.ipsapps.org/dyu/ora/p2/,apps/bf1b615d3ec7877d/06-B006-001.html,adjacent_french_segment,0.75,needs_review,26 Koo tɛmɛniw le
146b2bd0f9a16b87,dyu,,proverb,14,,,30 Kͻɲͻmuso nakun ye cɛko le ye.,La nouvelle mariée vient à cause de son mari.,,,,,,,,,,,,https://mooreburkina.com/fr/dioula/proverbes-lu-en-dioula-vol-1,https://media.ipsapps.org/dyu/ora/p2/,apps/bf1b615d3ec7877d/06-B006-001.html,adjacent_french_segment,0.75,needs_review,26 Koo tɛmɛniw le
19bf604d5d13f02c,dyu,,proverb,1,,,31 Loon o loon tulo bi taga kalanso.,On ne finit jamais d’apprendre.,,,,,,,,,,,,https://mooreburkina.com/fr/dioula/proverbes-lu-en-dioula-vol-1,https://media.ipsapps.org/dyu/ora/p2/,apps/bf1b615d3ec7877d/07-B007-001.html,adjacent_french_segment,0.75,needs_review,31 Loon o loon tulo bi
d855a0d598e54d43,dyu,,proverb,4,,,32 Loon ti weele loon na.,Les jours ne sont pas pareils.,,,,,,,,,,,,https://mooreburkina.com/fr/dioula/proverbes-lu-en-dioula-vol-1,https://media.ipsapps.org/dyu/ora/p2/,apps/bf1b615d3ec7877d/07-B007-001.html,adjacent_french_segment,0.75,needs_review,31 Loon o loon tulo bi
248e9938217a7d51,dyu,,proverb,7,,,33 Luu fila ka wuluden ti kɛ wulu ɲanaman ye.,"Si un enfant est élevé dans deux familles en même temps, il change toujours de domicile lorsqu’il sent qu’une punition l’attend.",,,,,,,,,,,,https://mooreburkina.com/fr/dioula/proverbes-lu-en-dioula-vol-1,https://media.ipsapps.org/dyu/ora/p2/,apps/bf1b615d3ec7877d/07-B007-001.html,adjacent_french_segment,0.75,needs_review,31 Loon o loon tulo bi
9ce5c72fb02f9969,dyu,,proverb,10,,,34 Luu fila ka wululden te fasa.,Le chiot de deux familles gagne toujours à manger.,,,,,,,,,,,,https://mooreburkina.com/fr/dioula/proverbes-lu-en-dioula-vol-1,https://media.ipsapps.org/dyu/ora/p2/,apps/bf1b615d3ec7877d/07-B007-001.html,adjacent_french_segment,0.75,needs_review,31 Loon o loon tulo bi
e76894ee998a938c,dyu,,proverb,13,,,35 Lͻnbaliya ye dibi ye.,L’ignorance est comme un manque d’éclairage qui empêche l’Homme de se développer.,,,,,,,,,,,,https://mooreburkina.com/fr/dioula/proverbes-lu-en-dioula-vol-1,https://media.ipsapps.org/dyu/ora/p2/,apps/bf1b615d3ec7877d/07-B007-001.html,adjacent_french_segment,0.75,needs_review,31 Loon o loon tulo bi
eda359c98e936df5,dyu,,proverb,1,,,36 Mɔgɔ bi fɛnjugu mara lonjugu le kanma.,L’Homme garde bien son arme destructrice pour s’en servir le jour où il le faut.,,,,,,,,,,,,https://mooreburkina.com/fr/dioula/proverbes-lu-en-dioula-vol-1,https://media.ipsapps.org/dyu/ora/p2/,apps/bf1b615d3ec7877d/08-B008-001.html,adjacent_french_segment,0.75,needs_review,36 Mɔgɔ bi fɛnjugu mara
f3aa1850a808fb37,dyu,,proverb,4,,,37 Mɔgɔ te kɔrɔtɔ e ka sɔkɔnɔɲinan ma.,On ne doit pas se presser pour se venger à des gens qui ont toujours besoin de nous.,,,,,,,,,,,,https://mooreburkina.com/fr/dioula/proverbes-lu-en-dioula-vol-1,https://media.ipsapps.org/dyu/ora/p2/,apps/bf1b615d3ec7877d/08-B008-001.html,adjacent_french_segment,0.75,needs_review,36 Mɔgɔ bi fɛnjugu mara
785838362ddb97ba,dyu,,proverb,7,,,38 Mɔgɔ ti a yɛrɛ kunnaŋɔni ye.,L’Homme ignore ses propres défauts.,,,,,,,,,,,,https://mooreburkina.com/fr/dioula/proverbes-lu-en-dioula-vol-1,https://media.ipsapps.org/dyu/ora/p2/,apps/bf1b615d3ec7877d/08-B008-001.html,adjacent_french_segment,0.75,needs_review,36 Mɔgɔ bi fɛnjugu mara
a450fb5c88c13201,dyu,,proverb,10,,,39 Mɔgɔ ti kɛ i yɛrɛ ma jugu ye.,Personne n’ose se faire du mal à soi-même.,,,,,,,,,,,,https://mooreburkina.com/fr/dioula/proverbes-lu-en-dioula-vol-1,https://media.ipsapps.org/dyu/ora/p2/,apps/bf1b615d3ec7877d/08-B008-001.html,adjacent_french_segment,0.75,needs_review,36 Mɔgɔ bi fɛnjugu mara
d2d7ed4f6f4b4c64,dyu,,proverb,13,,,40 Mɔgɔ ti sogo tilan ka a kolo ɲimi.,"Dans un partage, la bonne partie revient généralement à celui partage.",,,,,,,,,,,,https://mooreburkina.com/fr/dioula/proverbes-lu-en-dioula-vol-1,https://media.ipsapps.org/dyu/ora/p2/,apps/bf1b615d3ec7877d/08-B008-001.html,adjacent_french_segment,0.75,needs_review,36 Mɔgɔ bi fɛnjugu mara
84327076da6d0e14,dyu,,proverb,1,,,41 Mɔgɔlɔn ka fisa dugu lɔn ye.,Il vaut mieux avoir de bonnes adresses dans une localité que de connaitre toute la localité.,,,,,,,,,,,,https://mooreburkina.com/fr/dioula/proverbes-lu-en-dioula-vol-1,https://media.ipsapps.org/dyu/ora/p2/,apps/bf1b615d3ec7877d/09-B009-001.html,adjacent_french_segment,0.75,needs_review,41 Mɔgɔlɔn ka fisa dugu
f879dbe08ef91a20,dyu,,proverb,4,,,42 Musoya ye fɛɛrɛ ye.,La qualité de femmes exige qu’on soit doué de certaines stratégies pour réussir dans la vie.,,,,,,,,,,,,https://mooreburkina.com/fr/dioula/proverbes-lu-en-dioula-vol-1,https://media.ipsapps.org/dyu/ora/p2/,apps/bf1b615d3ec7877d/09-B009-001.html,adjacent_french_segment,0.75,needs_review,41 Mɔgɔlɔn ka fisa dugu
1c8af382eb9d259d,dyu,,proverb,7,,,43 ɲaani kɔ ye hɛrɛ ye.,"Le prix du bonheur, c’est la souffrance.",,,,,,,,,,,,https://mooreburkina.com/fr/dioula/proverbes-lu-en-dioula-vol-1,https://media.ipsapps.org/dyu/ora/p2/,apps/bf1b615d3ec7877d/09-B009-001.html,adjacent_french_segment,0.75,needs_review,41 Mɔgɔlɔn ka fisa dugu
fae52e1fc0b9f6ec,dyu,,proverb,10,,,44 Ntabinkɔnɔ ni mɔgɔ ti koo kɛɲɔgɔn ye.,Le sournois n’est pas digne d’avoir des amis.,,,,,,,,,,,,https://mooreburkina.com/fr/dioula/proverbes-lu-en-dioula-vol-1,https://media.ipsapps.org/dyu/ora/p2/,apps/bf1b615d3ec7877d/09-B009-001.html,adjacent_french_segment,0.75,needs_review,41 Mɔgɔlɔn ka fisa dugu
f07046c3720efd93,dyu,,proverb,13,,,45 ɲͻgͻntadumu le be subagaya diya.,"Le partenariat est mieux, quand c’est gagnant-gagnant.",,,,,,,,,,,,https://mooreburkina.com/fr/dioula/proverbes-lu-en-dioula-vol-1,https://media.ipsapps.org/dyu/ora/p2/,apps/bf1b615d3ec7877d/09-B009-001.html,adjacent_french_segment,0.75,needs_review,41 Mɔgɔlɔn ka fisa dugu
ecff2bce152416ae,dyu,,proverb,1,,,46 Saa dogonin le bi kɔgɔ.,"La discrétion dans la vie, permet d’avoir une longue vie.",,,,,,,,,,,,https://mooreburkina.com/fr/dioula/proverbes-lu-en-dioula-vol-1,https://media.ipsapps.org/dyu/ora/p2/,apps/bf1b615d3ec7877d/10-B010-001.html,adjacent_french_segment,0.75,needs_review,46 Saa dogonin le bi
08e4c55bdf77e23d,dyu,,proverb,4,,,47 Sabari kɔrɔ ka jan.,Le sens du pardon est profond.,,,,,,,,,,,,https://mooreburkina.com/fr/dioula/proverbes-lu-en-dioula-vol-1,https://media.ipsapps.org/dyu/ora/p2/,apps/bf1b615d3ec7877d/10-B010-001.html,adjacent_french_segment,0.75,needs_review,46 Saa dogonin le bi
7926ced4028f44a4,dyu,,proverb,7,,,48 Sagajigiba ka kumasuru ti a ka siralɔnbaliya ye.,"On ferme les yeux sur certaines réalités, pas parce qu’on ne les voit pas, mais parce qu’on a décidé ne de ne pas s’y intéresser.",,,,,,,,,,,,https://mooreburkina.com/fr/dioula/proverbes-lu-en-dioula-vol-1,https://media.ipsapps.org/dyu/ora/p2/,apps/bf1b615d3ec7877d/10-B010-001.html,adjacent_french_segment,0.75,needs_review,46 Saa dogonin le bi
3e8c50cfd8dcb484,dyu,,proverb,10,,,49 Sama boo be dasi a kɔfɛ le.,Personne n’ose dénoncer une personne redoutable en sa présence.,,,,,,,,,,,,https://mooreburkina.com/fr/dioula/proverbes-lu-en-dioula-vol-1,https://media.ipsapps.org/dyu/ora/p2/,apps/bf1b615d3ec7877d/10-B010-001.html,adjacent_french_segment,0.75,needs_review,46 Saa dogonin le bi
41fd83603e5b6b88,dyu,,proverb,13,,,50 Sanjikɔrɔwɔsi lɔn man di.,Il est difficile de savoir que quelqu’un coule de la sueur sous la pluie.,,,,,,,,,,,,https://mooreburkina.com/fr/dioula/proverbes-lu-en-dioula-vol-1,https://media.ipsapps.org/dyu/ora/p2/,apps/bf1b615d3ec7877d/10-B010-001.html,adjacent_french_segment,0.75,needs_review,46 Saa dogonin le bi
616009af22b8b0ea,dyu,,proverb,1,,,51 Sentigɛ ta daan ye baa faa jii ye.,Il y a une fin à toute chose.,,,,,,,,,,,,https://mooreburkina.com/fr/dioula/proverbes-lu-en-dioula-vol-1,https://media.ipsapps.org/dyu/ora/p2/,apps/bf1b615d3ec7877d/11-B011-001.html,adjacent_french_segment,0.75,needs_review,51 Sentigɛ ta daan ye
aee8c83efed2cc15,dyu,,proverb,4,,,52 Sigili tu jukunan ban.,"On s’est beau assis sur les fesses, on ne peut pas les user.",,,,,,,,,,,,https://mooreburkina.com/fr/dioula/proverbes-lu-en-dioula-vol-1,https://media.ipsapps.org/dyu/ora/p2/,apps/bf1b615d3ec7877d/11-B011-001.html,adjacent_french_segment,0.75,needs_review,51 Sentigɛ ta daan ye
26287e20fc939215,dyu,,proverb,7,,,53 Sonsori bɛɛ ti boo kɛ ye.,Tout comportement suspect n’est pas mauvais en soi.,,,,,,,,,,,,https://mooreburkina.com/fr/dioula/proverbes-lu-en-dioula-vol-1,https://media.ipsapps.org/dyu/ora/p2/,apps/bf1b615d3ec7877d/11-B011-001.html,adjacent_french_segment,0.75,needs_review,51 Sentigɛ ta daan ye
f2d07b599b611cb4,dyu,,proverb,10,,,54 Soo bi a lɔnbagajugu le ben.,"Dans un domaine, les erreurs les plus graves viennent des professionnels, due à leur excès de confiance, le débutant est toujours prudent.",,,,,,,,,,,,https://mooreburkina.com/fr/dioula/proverbes-lu-en-dioula-vol-1,https://media.ipsapps.org/dyu/ora/p2/,apps/bf1b615d3ec7877d/11-B011-001.html,adjacent_french_segment,0.75,needs_review,51 Sentigɛ ta daan ye
0e3c5455c8f7cd1e,dyu,,proverb,13,,,55 Tagabaga bɛɛ ye nabaga.,Tous ceux qui partent reviendront un jour.,,,,,,,,,,,,https://mooreburkina.com/fr/dioula/proverbes-lu-en-dioula-vol-1,https://media.ipsapps.org/dyu/ora/p2/,apps/bf1b615d3ec7877d/11-B011-001.html,adjacent_french_segment,0.75,needs_review,51 Sentigɛ ta daan ye
3a9ef1f2bc202181,dyu,,proverb,1,,,56 Tagakasegibana ti mɔgɔ to.,Chacun est candidat à la mort.,,,,,,,,,,,,https://mooreburkina.com/fr/dioula/proverbes-lu-en-dioula-vol-1,https://media.ipsapps.org/dyu/ora/p2/,apps/bf1b615d3ec7877d/12-B012-001.html,adjacent_french_segment,0.75,needs_review,56 Tagakasegibana ti mɔgɔ
6f81a783c6bb9a4f,dyu,,proverb,4,,,57 Tasuma fila te ɲɔgɔn faga.,On ne répond pas à la violence par la violence.,,,,,,,,,,,,https://mooreburkina.com/fr/dioula/proverbes-lu-en-dioula-vol-1,https://media.ipsapps.org/dyu/ora/p2/,apps/bf1b615d3ec7877d/12-B012-001.html,adjacent_french_segment,0.75,needs_review,56 Tagakasegibana ti mɔgɔ
0310631d2eee308c,dyu,,proverb,7,,,58 Tiɲɛfɔla ko man di sɔntigi ye.,L’injuste n’aime pas le véridique.,,,,,,,,,,,,https://mooreburkina.com/fr/dioula/proverbes-lu-en-dioula-vol-1,https://media.ipsapps.org/dyu/ora/p2/,apps/bf1b615d3ec7877d/12-B012-001.html,adjacent_french_segment,0.75,needs_review,56 Tagakasegibana ti mɔgɔ
ed694beacfd789f7,dyu,,proverb,10,,,59 Tulon te sɔbɛ sa.,La plaisanterie ne doit pas mettre un terme au sérieux entre deux personnes.,,,,,,,,,,,,https://mooreburkina.com/fr/dioula/proverbes-lu-en-dioula-vol-1,https://media.ipsapps.org/dyu/ora/p2/,apps/bf1b615d3ec7877d/12-B012-001.html,adjacent_french_segment,0.75,needs_review,56 Tagakasegibana ti mɔgɔ
af3905e2b2d58ff1,dyu,,proverb,13,,,60 Yekoɲuma kɛlɛ ban man di.,La baggare de ceux qui se voit toujours ne finit pas facilement. La proximité crée souvent des querelles interminables.,,,,,,,,,,,,https://mooreburkina.com/fr/dioula/proverbes-lu-en-dioula-vol-1,https://media.ipsapps.org/dyu/ora/p2/,apps/bf1b615d3ec7877d/12-B012-001.html,adjacent_french_segment,0.75,needs_review,56 Tagakasegibana ti mɔgɔ
78f9980ca73c904a,dyu,,proverb,1495,,,"proverbes en fulfulde Voici 1495 proverbes en fulfulde mis en ordre alphabetique. Pour visualiser cette application hors ligne, cliquez ici pour l'ouvrir dans une nouvelle fenêtre. Ensuite, mettez-la en signet ou ajoutez-la à votre écran d'accueil. Envoyez-nous vos commentaires ou questions Partager Voulez-vous partager ce que vous avez appris de cette Écriture aujourd'hui ? Votre encouragement nous est précieux Vos témoignages contribuent à rendre possibles des sites web tels que celui-ci.",,,,,,,,,,,,,https://mooreburkina.com/fr/fulfulde/1495-proverbes-en-fulfulde,,pages/multilingual__dioula_english_french_fulfulde_moore/general/proverb/1bfb16aaeb63a1da.html,numbered_content_page_text,0.80,needs_review,Text unit extracted from numbered content page; no media relation asserted.
1813a5c7d7cbfeee,en,,folktale,5,,,contes dioula,,,,,,,,,,,,,https://mooreburkina.com/fr/contes-proverbes/la-sagesse-du-moogo-vol-2,,pages/multilingual__english_french_fulfulde_moore/general/folktale/07cfdd22c2d08506.html,numbered_content_page_text,0.80,needs_review,Text unit extracted from numbered content page; no media relation asserted.
e90939bae116da4c,en,,folktale,15,,,contes en fulfulde,,,,,,,,,,,,,https://mooreburkina.com/fr/contes-proverbes/la-sagesse-du-moogo-vol-2,,pages/multilingual__english_french_fulfulde_moore/general/folktale/07cfdd22c2d08506.html,numbered_content_page_text,0.80,needs_review,Text unit extracted from numbered content page; no media relation asserted.
21b496937ff73665,en,,folktale,16,,,Le flagrant délit d'adultère 17 Un tiens vaut mieux que deux tu l’auras 18 Bon comme tu l'as été pour moi 19 La coiffure du rival 20 Un drôle d'étranger 21 Le peul 22 L'hôte puni 23 La vieille femme et l’assassin de son enfant 24 La femme du chef 25 Le difficile jugement 26 Le lièvre : garde-bébés 27 Le singe et les lionceaux 28 Les deux amis 29 Quand la maison du voisin brûle 30 Le chasseur et le génie,,,,,,,,,,,,,https://mooreburkina.com/fr/contes-proverbes/la-sagesse-du-moogo-vol-2,,pages/multilingual__english_french_fulfulde_moore/general/folktale/07cfdd22c2d08506.html,numbered_content_page_text,0.80,needs_review,Text unit extracted from numbered content page; no media relation asserted.
7fabb1aa87b7f4a7,en,,folktale,16,,,Le flagrant délit d'adultère 17 Un tiens vaut mieux que deux tu l’auras 18 Bon comme tu l'as été pour moi 19 La coiffure du rival 20 Un drôle d'étranger 21 Le peul 22 L'hôte puni 23 La vieille femme et l’assassin de son enfant,,,,,,,,,,,,,https://mooreburkina.com/fr/contes-proverbes/la-sagesse-du-moogo-vol-2,,pages/multilingual__english_french_fulfulde_moore/general/folktale/07cfdd22c2d08506.html,numbered_content_page_text,0.80,needs_review,Text unit extracted from numbered content page; no media relation asserted.
6d5bfb42b3ce1fa3,en,,folktale,24,,,La femme du chef 25 Le difficile jugement 26 Le lièvre : garde-bébés 27 Le singe et les lionceaux 28 Les deux amis 29 Quand la maison du voisin brûle 30 Le chasseur et le génie,,,,,,,,,,,,,https://mooreburkina.com/fr/contes-proverbes/la-sagesse-du-moogo-vol-2,,pages/multilingual__english_french_fulfulde_moore/general/folktale/07cfdd22c2d08506.html,numbered_content_page_text,0.80,needs_review,Text unit extracted from numbered content page; no media relation asserted.
a52a72c9b0eb6c49,en,,folktale,24,,,La femme du chef,,,,,,,,,,,,,https://mooreburkina.com/fr/contes-proverbes/la-sagesse-du-moogo-vol-2,,pages/multilingual__english_french_fulfulde_moore/general/folktale/07cfdd22c2d08506.html,numbered_content_page_text,0.80,needs_review,Text unit extracted from numbered content page; no media relation asserted.
c89c4e500553346f,en,,folktale,25,,,Le difficile jugement 26 Le lièvre : garde-bébés 27 Le singe et les lionceaux 28 Les deux amis 29 Quand la maison du voisin brûle 30 Le chasseur et le génie,,,,,,,,,,,,,https://mooreburkina.com/fr/contes-proverbes/la-sagesse-du-moogo-vol-2,,pages/multilingual__english_french_fulfulde_moore/general/folktale/07cfdd22c2d08506.html,numbered_content_page_text,0.80,needs_review,Text unit extracted from numbered content page; no media relation asserted.
ed3ad44ae318716f,en,,folktale,36,,,contes fulfulde,,,,,,,,,,,,,https://mooreburkina.com/fr/contes-proverbes/la-sagesse-du-moogo-vol-2,,pages/multilingual__english_french_fulfulde_moore/general/folktale/07cfdd22c2d08506.html,numbered_content_page_text,0.80,needs_review,Text unit extracted from numbered content page; no media relation asserted.
b91390d0097c2d78,en,,folktale,37,,,contes fulfulde (sans audio),,,,,,,,,,,,,https://mooreburkina.com/fr/contes-proverbes/la-sagesse-du-moogo-vol-2,,pages/multilingual__english_french_fulfulde_moore/general/folktale/07cfdd22c2d08506.html,numbered_content_page_text,0.80,needs_review,Text unit extracted from numbered content page; no media relation asserted.
7b331ad6de76a36b,en,,folktale,1495,,,proverbes en fulfulde,,,,,,,,,,,,,https://mooreburkina.com/fr/contes-proverbes/la-sagesse-du-moogo-vol-2,,pages/multilingual__english_french_fulfulde_moore/general/folktale/07cfdd22c2d08506.html,numbered_content_page_text,0.80,needs_review,Text unit extracted from numbered content page; no media relation asserted.
433bb83bef51ecde,en,,folktale,1,,,Gorko mawɗo e goroo ɓiyum 2 Faatuma e Hamma laamu e Hamma jawdi e Hamma talka 3. Oolal e jokolɓe cuusuɓe 4. Fowru e Noora 5. Moƴƴere ɓii-aadama 6. Njuuraa e luulotooɗe manngal ladde 7. Ngaɗi ngakki 8. Njuuraa e ɓiɓɓe ladde 9. Mayde hunnduko 10. Ngorgu 11. Inna Kummbowel Kodda,,,,,,,,,,,,,https://mooreburkina.com/fr/36-contes-fulfulde-sans-audio,,pages/multilingual__english_french_fulfulde_moore_san/general/folktale/94a239329b3bcbab.html,numbered_content_page_text,0.80,needs_review,Text unit extracted from numbered content page; no media relation asserted.
1e3882335e244315,en,,folktale,12,,,"Koccaari beero 13. Kuunga ladde e ɓii- nawliyo 14. Girbel 15. Ramto e leengaa 16. Ndawuuwa kaananke 17. Jiija 18. Addaare 19. Semteende moɗam 20. Goppeere, ndontoori e naange 21. Ngel ɓoggi 22. Sammbo kulol 23. Haala girben am mbeelka 24. Soso misinanam",,,,,,,,,,,,,https://mooreburkina.com/fr/36-contes-fulfulde-sans-audio,,pages/multilingual__english_french_fulfulde_moore_san/general/folktale/94a239329b3bcbab.html,numbered_content_page_text,0.80,needs_review,Text unit extracted from numbered content page; no media relation asserted.
071799523debbdc6,en,,folktale,25,,,"Debbo cennditiiɗo 26. Sammbo cuusu 27. Susu ndaar 28. Soni so Alla waray, kaananke warataa! 29.Gorko mawɗo geddo Alla 30. Ngayngaylaaku 31. Poolel 32. Yaare e fowru 33. Kuse teewu 34. Jaadiraaɓe 35. Ɓoccooɗe Buugalel 36. Ndotti 37. Jamalenngu",,,,,,,,,,,,,https://mooreburkina.com/fr/36-contes-fulfulde-sans-audio,,pages/multilingual__english_french_fulfulde_moore_san/general/folktale/94a239329b3bcbab.html,numbered_content_page_text,0.80,needs_review,Text unit extracted from numbered content page; no media relation asserted.
79212ad6447d4c80,en,,folktale,37,,,contes fulfulde (sans audio). Voici la table de matière :,,,,,,,,,,,,,https://mooreburkina.com/fr/36-contes-fulfulde-sans-audio,,pages/multilingual__english_french_fulfulde_moore_san/general/folktale/94a239329b3bcbab.html,numbered_content_page_text,0.80,needs_review,Text unit extracted from numbered content page; no media relation asserted.
8b4124152a35f937,en,,folktale,36,,,contes fulfulde (sans audio). Voici la table de matières :,,,,,,,,,,,,,https://mooreburkina.com/fr/37-contes-fulfulde-sans-audio,,pages/multilingual__english_french_fulfulde_moore_san/general/folktale/fbea2a1832d9df8a.html,numbered_content_page_text,0.80,needs_review,Text unit extracted from numbered content page; no media relation asserted.
43f36727722fae2c,en,,folktale,38,,,"Dey Maana e korɗom 39. Dem-mawɗo e laayoorum 40. Wooɗiyel 41. Talka e dokkal moodibbo 42. Suka gorko e deekum e araawa tummboowa 43. Suka gorko e esiraaɓem 44. Pullo debbo e ɓeengem 45. Moodibbo e dokkal Alla 46. Rafi du'aa'u saara 47. Golle bonɗo 48. Wudere mayɗo 49. Kaananke e suka debbo 50. Kiram kaananke 51. Hokku neema heɓa kokkiteɗaa 52. Hamnde nyiiwa e donto 53. Monnde Ndarja 54. Ga'i e laddeeru 55. Hayndeeji 56. Hakkillo am na ɓuri hakkillo kaananke 57. Keefeero e giɗo Alla 58. Moodibbo e Saahiijom 59. Debbo Kiroowo 60. Jiija e nawliraaɓem 61. Suudu Baaba 62. Pewel 63. Debbo ndoggoowo 64. Caliiɗo suudu baaba 65. Moorgol njilngel 66. Bonde 67. Kanaana 68. Jaadiraaɓe ɗiɗo 69. Bojel, njuuraa e garuwal jinni 70. Tindinooje gorko mawɗo 71. Kunkuuru deel neyel 72. Gariibu bonɗo 73. Wuugaandu e lewla",,,,,,,,,,,,,https://mooreburkina.com/fr/37-contes-fulfulde-sans-audio,,pages/multilingual__english_french_fulfulde_moore_san/general/folktale/fbea2a1832d9df8a.html,numbered_content_page_text,0.80,needs_review,Text unit extracted from numbered content page; no media relation asserted.
53a05a6fb054a833,en,,folktale,38,,,Dey Maana e korɗom 39. Dem-mawɗo e laayoorum 40. Wooɗiyel 41. Talka e dokkal moodibbo 42. Suka gorko e deekum e araawa tummboowa 43. Suka gorko e esiraaɓem 44. Pullo debbo e ɓeengem 45. Moodibbo e dokkal Alla 46. Rafi du'aa'u saara 47. Golle bonɗo 48. Wudere mayɗo 49. Kaananke e suka debbo,,,,,,,,,,,,,https://mooreburkina.com/fr/37-contes-fulfulde-sans-audio,,pages/multilingual__english_french_fulfulde_moore_san/general/folktale/fbea2a1832d9df8a.html,numbered_content_page_text,0.80,needs_review,Text unit extracted from numbered content page; no media relation asserted.
2b6fadd986855a84,en,,folktale,50,,,Kiram kaananke 51. Hokku neema heɓa kokkiteɗaa 52. Hamnde nyiiwa e donto 53. Monnde Ndarja 54. Ga'i e laddeeru 55. Hayndeeji 56. Hakkillo am na ɓuri hakkillo kaananke 57. Keefeero e giɗo Alla 58. Moodibbo e Saahiijom 59. Debbo Kiroowo 60. Jiija e nawliraaɓem 61. Suudu Baaba,,,,,,,,,,,,,https://mooreburkina.com/fr/37-contes-fulfulde-sans-audio,,pages/multilingual__english_french_fulfulde_moore_san/general/folktale/fbea2a1832d9df8a.html,numbered_content_page_text,0.80,needs_review,Text unit extracted from numbered content page; no media relation asserted.
538d993c3ccac0f2,en,,folktale,62,,,"Pewel 63. Debbo ndoggoowo 64. Caliiɗo suudu baaba 65. Moorgol njilngel 66. Bonde 67. Kanaana 68. Jaadiraaɓe ɗiɗo 69. Bojel, njuuraa e garuwal jinni 70. Tindinooje gorko mawɗo 71. Kunkuuru deel neyel 72. Gariibu bonɗo 73. Wuugaandu e lewla",,,,,,,,,,,,,https://mooreburkina.com/fr/37-contes-fulfulde-sans-audio,,pages/multilingual__english_french_fulfulde_moore_san/general/folktale/fbea2a1832d9df8a.html,numbered_content_page_text,0.80,needs_review,Text unit extracted from numbered content page; no media relation asserted.
15dbcd6767a9c8d2,en,,folktale,40,,,"proverbes en mooré traduits en français par KABORÉ Timothée Pour avoir l'audio, cliquez sur le bouton « play » en haut de page. Lorsque le proverbe 1 a terminé de parler, cliquez sur le proverbe 2 pour l' é couter et lire, puis sur le 3. Si l'on sélectionne un proverbe non pas dans l'ordre chronologique, la synchronisation audio - écriture sera malheureusement décalée.",,,,,,,,,,,,,https://mooreburkina.com/fr/contes-proverbes/proverbes-en-moor%C3%A9-vol-4,,pages/multilingual__english_french_moore/general/folktale/0f5cce69c88536f2.html,numbered_content_page_text,0.80,needs_review,Text unit extracted from numbered content page; no media relation asserted.
b8e1b312a49e09a2,en,,folktale,40,,,"proverbes en mooré traduits en français par KABORÉ Timothée Pour avoir l'audio, cliquez sur le bouton « play » en haut de page. Lorsque le proverbe 1 a terminé de parler, cliquez sur le proverbe 2 pour l' é couter et lire, puis sur le 3. Si l'on sélectionne un proverbe non pas dans l'ordre chronologique, la synchronisation audio - écriture sera malheureusement décalée. Pour visualiser cette application hors ligne, cliquez ici pour l'ouvrir dans une nouvelle fenêtre. Ensuite, mettez-la en signet ou ajoutez-la à votre écran d'accueil. Envoyez-nous vos commentaires ou questions",,,,,,,,,,,,,https://mooreburkina.com/fr/contes-proverbes/proverbes-en-moor%C3%A9-vol-4,,pages/multilingual__english_french_moore/general/folktale/0f5cce69c88536f2.html,numbered_content_page_text,0.80,needs_review,Text unit extracted from numbered content page; no media relation asserted.
483794c300c3e6ab,en,,folktale,1,,,"Le crapaud et l'hyène 2 L'écureuil, le crapaud et le caméléon 3 L'enfant Kayelle 4 Le lièvre et l'hyène 5 À propos d'un homme 6 À propos d'un chasseur 7 Le chien et la chèvre 8 La guêpe et la mouche 9 Le chat et le chien 10 Le lièvre, l'hyene et le boeuf 11 La traversée difficile d'une rivière 12 Le royaume des oiseaux",,,,,,,,,,,,,https://mooreburkina.com/fr/collection-2-12-contes-en-moor%C3%A9,,pages/multilingual__english_french_moore/general/folktale/14b0132c7a3de541.html,numbered_content_page_text,0.80,needs_review,Text unit extracted from numbered content page; no media relation asserted.
93858105b29d311f,en,,folktale,1,,,"Le crapaud et l'hyène 2 L'écureuil, le crapaud et le caméléon 3 L'enfant Kayelle 4 Le lièvre et l'hyène 5 À propos d'un homme 6 À propos d'un chasseur",,,,,,,,,,,,,https://mooreburkina.com/fr/collection-2-12-contes-en-moor%C3%A9,,pages/multilingual__english_french_moore/general/folktale/14b0132c7a3de541.html,numbered_content_page_text,0.80,needs_review,Text unit extracted from numbered content page; no media relation asserted.
fc1e56b064d40673,en,,folktale,7,,,"Le chien et la chèvre 8 La guêpe et la mouche 9 Le chat et le chien 10 Le lièvre, l'hyene et le boeuf 11 La traversée difficile d'une rivière 12 Le royaume des oiseaux",,,,,,,,,,,,,https://mooreburkina.com/fr/collection-2-12-contes-en-moor%C3%A9,,pages/multilingual__english_french_moore/general/folktale/14b0132c7a3de541.html,numbered_content_page_text,0.80,needs_review,Text unit extracted from numbered content page; no media relation asserted.
4e2f852e73e8399e,en,,folktale,1,,,"Le vieux Toro 2 Le voyageur 3 Le richard et l’honnête homme 4 L'amitié du génie 5 Le boucher anti-mouches 6 Le lièvre, l'hyène et l‘éléphant 7 Le prix de |’orgueil 8 La fête de poules 9 Le lion, le lièvre et l’hyène",,,,,,,,,,,,,https://mooreburkina.com/fr/contes-et-proverbes-en-moor%C3%A9/contes-en-moor%C3%A9,,pages/multilingual__english_french_moore/general/folktale/179d91e67532d91f.html,numbered_content_page_text,0.80,needs_review,Text unit extracted from numbered content page; no media relation asserted.
d082a2f0a2cdbb66,en,,folktale,1,,,"Le vieux Toro 2 Le voyageur 3 Le richard et l’honnête homme 4 L'amitié du génie 5 Le boucher anti-mouches 6 Le lièvre, l'hyène et l‘éléphant 7 Le prix de |’orgueil 8 La fête de poules 9 Le lion, le lièvre et l’hyène 10 Le lionceau de |’hyène 11 Le cadavre au bâton 12 Patigdba et le bois sacré 13 Jalousie, quand tu nous tiens 14 Tindba, l’homme frivole 15 Le chasseur et la bague du génie 16 Naamdé, le fils mal aimé 17 Le lièvre, l’engoulevent et les œufs 18 Le lièvre et la tête de Ia pintade",,,,,,,,,,,,,https://mooreburkina.com/fr/contes-et-proverbes-en-moor%C3%A9/contes-en-moor%C3%A9,,pages/multilingual__english_french_moore/general/folktale/179d91e67532d91f.html,numbered_content_page_text,0.80,needs_review,Text unit extracted from numbered content page; no media relation asserted.
7d71ac844b3bb879,en,,folktale,10,,,"Le lionceau de |’hyène 11 Le cadavre au bâton 12 Patigdba et le bois sacré 13 Jalousie, quand tu nous tiens 14 Tindba, l’homme frivole 15 Le chasseur et la bague du génie 16 Naamdé, le fils mal aimé 17 Le lièvre, l’engoulevent et les œufs 18 Le lièvre et la tête de Ia pintade",,,,,,,,,,,,,https://mooreburkina.com/fr/contes-et-proverbes-en-moor%C3%A9/contes-en-moor%C3%A9,,pages/multilingual__english_french_moore/general/folktale/179d91e67532d91f.html,numbered_content_page_text,0.80,needs_review,Text unit extracted from numbered content page; no media relation asserted.
b15a486f443086ab,en,,folktale,40,,,"proverbes en mooré traduits en français par KABORÉ Timothée Pour avoir l'audio, cliquez sur le bouton «play» en haut de page. Lorsque le proverbe 1 a terminé de parler, cliquez sur le proverbe 2 pour l'écouter et lire, puis sur le 3. Si l'on sélectionne un proverbe non pas dans l'ordre chronologique, la synchronisation audio - écriture sera malheureusement décalée.",,,,,,,,,,,,,https://mooreburkina.com/fr/contes-et-proverbes-en-moor%C3%A9/proverbes-en-moor%C3%A9-vol-1,,pages/multilingual__english_french_moore/general/folktale/6a0fa0d74a02c693.html,numbered_content_page_text,0.80,needs_review,Text unit extracted from numbered content page; no media relation asserted.
fcdfda1ebdfb2298,en,,folktale,40,,,"proverbes en mooré traduits en français par KABORÉ Timothée Pour avoir l'audio, cliquez sur le bouton «play» en haut de page. Lorsque le proverbe 1 a terminé de parler, cliquez sur le proverbe 2 pour l'écouter et lire, puis sur le 3. Si l'on sélectionne un proverbe non pas dans l'ordre chronologique, la synchronisation audio - écriture sera malheureusement décalée. Pour visualiser cette application hors ligne, cliquez ici pour l'ouvrir dans une nouvelle fenêtre. Ensuite, mettez-la en signet ou ajoutez-la à votre écran d'accueil. Envoyez-nous vos commentaires ou questions",,,,,,,,,,,,,https://mooreburkina.com/fr/contes-et-proverbes-en-moor%C3%A9/proverbes-en-moor%C3%A9-vol-1,,pages/multilingual__english_french_moore/general/folktale/6a0fa0d74a02c693.html,numbered_content_page_text,0.80,needs_review,Text unit extracted from numbered content page; no media relation asserted.
16eb287fffb0d675,en,,folktale,1,,,La chauve-souris et l’hirondelle 2 L’hyène et le lièvre 3 Le roi et sa fille 4 Le père et ses trois enfants 5 Le prix de la méchanceté 6 Le vieil homme 7 L’orphelin 8 Les colporteurs d’information,,,,,,,,,,,,,https://mooreburkina.com/fr/contes-proverbes/la-sagesse-du-moogo-vol-1,,pages/multilingual__english_french_moore/general/folktale/d8f3adf2a6de9d32.html,numbered_content_page_text,0.80,needs_review,Text unit extracted from numbered content page; no media relation asserted.
b3bfb7d70645aa1f,en,,folktale,1,,,La chauve-souris et l’hirondelle 2 L’hyène et le lièvre 3 Le roi et sa fille 4 Le père et ses trois enfants 5 Le prix de la méchanceté 6 Le vieil homme 7 L’orphelin 8 Les colporteurs d’information 9 L'enfant du voisin 10 L'aveugle voleur 11 Le test de paternité 12 Le fou et le faux fou 13 Le travail rien que Le travail 14 C'est notre totem 15 L’homme qui surveillait toujours sa femme,,,,,,,,,,,,,https://mooreburkina.com/fr/contes-proverbes/la-sagesse-du-moogo-vol-1,,pages/multilingual__english_french_moore/general/folktale/d8f3adf2a6de9d32.html,numbered_content_page_text,0.80,needs_review,Text unit extracted from numbered content page; no media relation asserted.
c491e0137d05409a,en,,folktale,9,,,L'enfant du voisin 10 L'aveugle voleur 11 Le test de paternité 12 Le fou et le faux fou 13 Le travail rien que Le travail 14 C'est notre totem 15 L’homme qui surveillait toujours sa femme,,,,,,,,,,,,,https://mooreburkina.com/fr/contes-proverbes/la-sagesse-du-moogo-vol-1,,pages/multilingual__english_french_moore/general/folktale/d8f3adf2a6de9d32.html,numbered_content_page_text,0.80,needs_review,Text unit extracted from numbered content page; no media relation asserted.
c7f58c2e3653c0ba,en,,folktale,9,,,L'enfant du voisin,,,,,,,,,,,,,https://mooreburkina.com/fr/contes-proverbes/la-sagesse-du-moogo-vol-1,,pages/multilingual__english_french_moore/general/folktale/d8f3adf2a6de9d32.html,numbered_content_page_text,0.80,needs_review,Text unit extracted from numbered content page; no media relation asserted.
9de4401b9b9f3818,en,,folktale,10,,,L'aveugle voleur 11 Le test de paternité 12 Le fou et le faux fou 13 Le travail rien que Le travail 14 C'est notre totem 15 L’homme qui surveillait toujours sa femme,,,,,,,,,,,,,https://mooreburkina.com/fr/contes-proverbes/la-sagesse-du-moogo-vol-1,,pages/multilingual__english_french_moore/general/folktale/d8f3adf2a6de9d32.html,numbered_content_page_text,0.80,needs_review,Text unit extracted from numbered content page; no media relation asserted.
cd2ab79dc8b15cdd,en,,other,1,,,37 contes vol. 1 https://play.google.com/store/apps/details?id=org.burkina.fulfulde.vol1.proverbes&hl=fr,,,,,,,,,,,,,https://mooreburkina.com/fr/fulfulde,,pages/multilingual__english_french_fulfulde_moore/general/other/051a7133ff1b40bf.html,html_table_row,0.84,needs_review,
d2d1e2b0712f1bc6,en,,other,2,,,36 contes vol. 2 https://play.google.com/store/apps/details?id=com.taali.men36.burkina&hl=fr,,,,,,,,,,,,,https://mooreburkina.com/fr/fulfulde,,pages/multilingual__english_french_fulfulde_moore/general/other/051a7133ff1b40bf.html,html_table_row,0.84,needs_review,
130779d1fbca2534,en,,other,3,,,15 contes avec audio vol. 3 https://play.google.com/store/apps/details?id=com.taali.men.contes.fulfulde.bf&hl=fr,,,,,,,,,,,,,https://mooreburkina.com/fr/fulfulde,,pages/multilingual__english_french_fulfulde_moore/general/other/051a7133ff1b40bf.html,html_table_row,0.84,needs_review,
7a840a344fcfa648,en,,other,4,,,"1495 proverbes, «Banndi» https://play.google.com/store/apps/details?id=com.banndi.fufulde.burkina&hl=fr",,,,,,,,,,,,,https://mooreburkina.com/fr/fulfulde,,pages/multilingual__english_french_fulfulde_moore/general/other/051a7133ff1b40bf.html,html_table_row,0.84,needs_review,
ee4317b2d3f783c1,en,,other,5,,,Dictionnaire fulfulde – français - English https://play.google.com/store/apps/details?id=org.sim.bf.fulfulde.dictionary&hl=fr,,,,,,,,,,,,,https://mooreburkina.com/fr/fulfulde,,pages/multilingual__english_french_fulfulde_moore/general/other/051a7133ff1b40bf.html,html_table_row,0.84,needs_review,
cb493147647f63f8,en,,other,6,,,contes fulfulde vol 1 avec audio https://play.google.com/store/apps/details?id=com.contes1.fulfulde.audio&hl=fr,,,,,,,,,,,,,https://mooreburkina.com/fr/fulfulde,,pages/multilingual__english_french_fulfulde_moore/general/other/051a7133ff1b40bf.html,html_table_row,0.84,needs_review,
94a574a35d8ad042,en,,other,7,,,contes fulfulde vol 2 avec audio https://play.google.com/store/apps/details?id=com.contes2.fulfulde.audio&hl=fr,,,,,,,,,,,,,https://mooreburkina.com/fr/fulfulde,,pages/multilingual__english_french_fulfulde_moore/general/other/051a7133ff1b40bf.html,html_table_row,0.84,needs_review,
a583a61a783fae0c,en,,other,8,,,contes fulfulde vol 3 avec audio https://play.google.com/store/apps/details?id=com.contes3.fulfulde.audio&hl=fr,,,,,,,,,,,,,https://mooreburkina.com/fr/fulfulde,,pages/multilingual__english_french_fulfulde_moore/general/other/051a7133ff1b40bf.html,html_table_row,0.84,needs_review,
ef725245574883bd,en,,other,9,,,contes fulfulde vol 4 avec audio https://play.google.com/store/apps/details?id=com.contes4.fulfulde.audio&hl=fr,,,,,,,,,,,,,https://mooreburkina.com/fr/fulfulde,,pages/multilingual__english_french_fulfulde_moore/general/other/051a7133ff1b40bf.html,html_table_row,0.84,needs_review,
eb106568962c2c81,en,,other,10,,,contes fulfulde vol 5 avec audio https://play.google.com/store/apps/details?id=com.contes5.fulfulde.audio&hl=fr,,,,,,,,,,,,,https://mooreburkina.com/fr/fulfulde,,pages/multilingual__english_french_fulfulde_moore/general/other/051a7133ff1b40bf.html,html_table_row,0.84,needs_review,
875d1a16117c4843,en,,other,11,,,"proverbes fulfulde, audio vol 1 https://play.google.com/store/apps/details?id=org.burkina.fulfulde.vol1.proverbes&hl=fr",,,,,,,,,,,,,https://mooreburkina.com/fr/fulfulde,,pages/multilingual__english_french_fulfulde_moore/general/other/051a7133ff1b40bf.html,html_table_row,0.84,needs_review,
5b26f270d43bf563,en,,other,12,,,"proverbes fulfulde, audio vol 2 https://play.google.com/store/apps/details?id=org.burkina.fulfulde.vol2.proverbes&hl=fr",,,,,,,,,,,,,https://mooreburkina.com/fr/fulfulde,,pages/multilingual__english_french_fulfulde_moore/general/other/051a7133ff1b40bf.html,html_table_row,0.84,needs_review,
190061fd92e6176c,en,,other,13,,,"proverbes fulfulde, audio vol 3 https://play.google.com/store/apps/details?id=org.burkina.fulfulde.vol3.proverbes&hl=fr",,,,,,,,,,,,,https://mooreburkina.com/fr/fulfulde,,pages/multilingual__english_french_fulfulde_moore/general/other/051a7133ff1b40bf.html,html_table_row,0.84,needs_review,
94863ef6a0ee0eb9,en,,other,14,,,"proverbes fulfulde, audio vol 4 https://play.google.com/store/apps/details?id=org.burkina.fulfulde.vol4.proverbes&hl=fr",,,,,,,,,,,,,https://mooreburkina.com/fr/fulfulde,,pages/multilingual__english_french_fulfulde_moore/general/other/051a7133ff1b40bf.html,html_table_row,0.84,needs_review,
3c15a37e8c370483,en,,other,15,,,"proverbes fulfulde, audio vol 5 https://play.google.com/store/apps/details?id=org.burkina.fulfulde.vol5.proverbes&hl=fr",,,,,,,,,,,,,https://mooreburkina.com/fr/fulfulde,,pages/multilingual__english_french_fulfulde_moore/general/other/051a7133ff1b40bf.html,html_table_row,0.84,needs_review,
471f1e1d9baede70,en,,other,16,,,58 contes fulfulde avec audio sur App Store pour iPhone https://apps.apple.com/us/app/fulfulde-contes/id6444526250,,,,,,,,,,,,,https://mooreburkina.com/fr/fulfulde,,pages/multilingual__english_french_fulfulde_moore/general/other/051a7133ff1b40bf.html,html_table_row,0.84,needs_review,
37907068841e39c7,en,,other,17,,,"1495 proverbes fulfulde avec audio sur App Store, pour iPhone https://apps.apple.com/us/app/fulfulde-proverbes/id6444899208",,,,,,,,,,,,,https://mooreburkina.com/fr/fulfulde,,pages/multilingual__english_french_fulfulde_moore/general/other/051a7133ff1b40bf.html,html_table_row,0.84,needs_review,
e562ef27d7e7d009,en,,other,18,,,"Fulfulde dictionary sur App Store , pour iPhone https://apps.apple.com/us/app/fulfulde-dictionary/id1595857807",,,,,,,,,,,,,https://mooreburkina.com/fr/fulfulde,,pages/multilingual__english_french_fulfulde_moore/general/other/051a7133ff1b40bf.html,html_table_row,0.84,needs_review,
e87d3962e89a38e3,ful,,dictionary,1,,,anglais - Fulfulde,,,,,,,,,,,,,https://mooreburkina.com/fr/fulfulde/dictionnaire-fulfulde-en-ligne,https://media.ipsapps.org/fuh/oda/,apps/65bb376768bf276f/index-english/alphalinks.htm,html_table_row,0.84,needs_review,
e1b03d96f0dae667,ful,,dictionary,2,,,a b c d e f g h i j k l m n ŋ o p q r s t u v w x y ƴ z,,,,,,,,,,,,,https://mooreburkina.com/fr/fulfulde/dictionnaire-fulfulde-en-ligne,https://media.ipsapps.org/fuh/oda/,apps/65bb376768bf276f/index-english/alphalinks.htm,html_table_row,0.84,needs_review,
82f1062713ae7471,ful,,dictionary,1,,,français - Fulfulde,,,,,,,,,,,,,https://mooreburkina.com/fr/fulfulde/dictionnaire-fulfulde-en-ligne,https://media.ipsapps.org/fuh/oda/,apps/65bb376768bf276f/index-french/alphalinks.htm,html_table_row,0.84,needs_review,
96fac42ae8fa2065,ful,,dictionary,2,,,a b c d e f g h i j k l m n o œ p q r s t u v w x y z,,,,,,,,,,,,,https://mooreburkina.com/fr/fulfulde/dictionnaire-fulfulde-en-ligne,https://media.ipsapps.org/fuh/oda/,apps/65bb376768bf276f/index-french/alphalinks.htm,html_table_row,0.84,needs_review,
61ac775b849197f7,ful,,dictionary,1,,,Fulfulde,Accueil Lexique français - Fulfulde anglais - Fulfulde Catégories,,,,,,,,,,,,https://mooreburkina.com/fr/fulfulde/dictionnaire-fulfulde-en-ligne,https://media.ipsapps.org/fuh/oda/,apps/65bb376768bf276f/title.htm,html_table_row,0.84,needs_review,
594858c4ce793f40,ful,,dictionary,2,,,Lexique,français - Fulfulde,anglais - Fulfulde,,,,,,,,,,,https://mooreburkina.com/fr/fulfulde/dictionnaire-fulfulde-en-ligne,https://media.ipsapps.org/fuh/oda/,apps/65bb376768bf276f/title.htm,html_table_row,0.84,needs_review,
a4d915054c556cc1,ful,,dictionary,4,,,a,b,ɓ,,,,,,,,,,,https://mooreburkina.com/fr/fulfulde/dictionnaire-fulfulde-en-ligne,https://media.ipsapps.org/fuh/oda/,apps/65bb376768bf276f/title.htm,html_table_row,0.84,needs_review,
17ce6d9e8ae47f0b,gux,,app,2,,,1 Janbi n yadi kundikundi n sieni yaa diegu.,C'est la trahison qui détruit un foyer fondé sur la calomnie.,,,,,,,,,,,,https://mooreburkina.com/fr/gulimancema/applications-gulmanchema,https://media.ipsapps.org/gux/ora/prov-v1/,apps/2fd0fe659f82dd13/01-B001-001.html,adjacent_french_segment,0.75,needs_review,Mi kpanjama
e2bfac077675ae1a,gux,,app,5,,,2 O jamo ki daa mi ñima nni. Baa daa yaa jamo n ye mi ñimi nni.,On n'achète pas un poisson dans l'eau.,,,,,,,,,,,,https://mooreburkina.com/fr/gulimancema/applications-gulmanchema,https://media.ipsapps.org/gux/ora/prov-v1/,apps/2fd0fe659f82dd13/01-B001-001.html,adjacent_french_segment,0.75,needs_review,Mi kpanjama
718c775718a19746,gux,,app,10,,,3 Dinla yaa mani saala n cie.,"Si aujourd'hui est bon, demain sera meilleur.",,,,,,,,,,,,https://mooreburkina.com/fr/gulimancema/applications-gulmanchema,https://media.ipsapps.org/gux/ora/prov-v1/,apps/2fd0fe659f82dd13/01-B001-001.html,adjacent_french_segment,0.75,needs_review,Mi kpanjama
d1c615f9ea265de7,gux,,app,13,,,4 Koyiamo kuado n yen kubi li kojenli.,C'est le vendeur de poulet malade qui a besoin d'avoir sur lui une preuve (un œuf) de la bonne santé de son poulet.,,,,,,,,,,,,https://mooreburkina.com/fr/gulimancema/applications-gulmanchema,https://media.ipsapps.org/gux/ora/prov-v1/,apps/2fd0fe659f82dd13/01-B001-001.html,adjacent_french_segment,0.75,needs_review,Mi kpanjama
0d2a9eec1d7560ba,gux,,app,16,,,5 Da ñiidi wulo ki ñi kpandiamo.,N'abandonne pas le varan pour une pintade boiteuse.,,,,,,,,,,,,https://mooreburkina.com/fr/gulimancema/applications-gulmanchema,https://media.ipsapps.org/gux/ora/prov-v1/,apps/2fd0fe659f82dd13/01-B001-001.html,adjacent_french_segment,0.75,needs_review,Mi kpanjama
0a1c1dedfd1cc11d,gux,,app,19,,,6 Nuama leni kpiadima kan yegi ki lieba.,On ne peut pas courir et se gratter en même temps.,,,,,,,,,,,,https://mooreburkina.com/fr/gulimancema/applications-gulmanchema,https://media.ipsapps.org/gux/ora/prov-v1/,apps/2fd0fe659f82dd13/01-B001-001.html,adjacent_french_segment,0.75,needs_review,Mi kpanjama
99752fba3291a150,gux,,app,22,,,7 Ku mangu n guliti ti ñinsandieli.,C’est la rosée qui fera tomber une case construite de salive.,,,,,,,,,,,,https://mooreburkina.com/fr/gulimancema/applications-gulmanchema,https://media.ipsapps.org/gux/ora/prov-v1/,apps/2fd0fe659f82dd13/01-B001-001.html,adjacent_french_segment,0.75,needs_review,Mi kpanjama
6242dec189510302,gux,,app,25,,,8 Yua n bua tonma n maa wabo.,C’est la personne pressée qui accouche toujours un paralytique.,,,,,,,,,,,,https://mooreburkina.com/fr/gulimancema/applications-gulmanchema,https://media.ipsapps.org/gux/ora/prov-v1/,apps/2fd0fe659f82dd13/01-B001-001.html,adjacent_french_segment,0.75,needs_review,Mi kpanjama
d65870d6332accd9,gux,,app,28,,,9 Yua n nua wulo n yiedi dabunli.,Celui qui voit le varan refuse le margouillat.,,,,,,,,,,,,https://mooreburkina.com/fr/gulimancema/applications-gulmanchema,https://media.ipsapps.org/gux/ora/prov-v1/,apps/2fd0fe659f82dd13/01-B001-001.html,adjacent_french_segment,0.75,needs_review,Mi kpanjama
2e825972644c6bcd,gux,,app,31,,,10 Da luu a cacaacadi a danli n puni a yaa cacaapandi yaa po.,Ne jette pas tes vieilles chaussures parce qu'un ami t'en a offert de nouvelles.,,,,,,,,,,,,https://mooreburkina.com/fr/gulimancema/applications-gulmanchema,https://media.ipsapps.org/gux/ora/prov-v1/,apps/2fd0fe659f82dd13/01-B001-001.html,adjacent_french_segment,0.75,needs_review,Mi kpanjama
770d03ef6d38b1f5,gux,,app,1,,,"11 I boe yaa dua u fanu nni, ŋaa bandi ke mi fantama soangi.",C 'est lorsque le feu du foyer s'est éteint que les chiens y sont couchés.,,,,,,,,,,,,https://mooreburkina.com/fr/gulimancema/applications-gulmanchema,https://media.ipsapps.org/gux/ora/prov-v1/,apps/2fd0fe659f82dd13/02-B002-001.html,adjacent_french_segment,0.75,needs_review,11 I boe yaa dua u fanu
9f65b223d8fb92ab,gux,,app,4,,,12 Da liidi yua mi ñima nni.,Ne devance pas le varan dans l'eau.,,,,,,,,,,,,https://mooreburkina.com/fr/gulimancema/applications-gulmanchema,https://media.ipsapps.org/gux/ora/prov-v1/,apps/2fd0fe659f82dd13/02-B002-001.html,adjacent_french_segment,0.75,needs_review,11 I boe yaa dua u fanu
8fe9f25da5f22d1f,gux,,app,7,,,"13 O poando yaa baa mi ñintonma nni, o kan ban di ke mi yema ye milie.",Le crapaud ne saura jamais qu'il y a deux façons de vivre tant qu'il n'est pas échaudé.,,,,,,,,,,,,https://mooreburkina.com/fr/gulimancema/applications-gulmanchema,https://media.ipsapps.org/gux/ora/prov-v1/,apps/2fd0fe659f82dd13/02-B002-001.html,adjacent_french_segment,0.75,needs_review,11 I boe yaa dua u fanu
7b2ebdf271b3e085,gux,,app,10,,,"14 Yua n bua ke U Tienu n jiini o leni baani, baa yaa tagidi i bensoangi.",Celui qui veut demander l'aide de Dieu prend ses précautions.,,,,,,,,,,,,https://mooreburkina.com/fr/gulimancema/applications-gulmanchema,https://media.ipsapps.org/gux/ora/prov-v1/,apps/2fd0fe659f82dd13/02-B002-001.html,adjacent_french_segment,0.75,needs_review,11 I boe yaa dua u fanu
1550499c4bcd6270,gux,,app,13,,,"15 Ŋuonñuagu yaa lodi, waa bani ke o Iieba baa luo.",Lorsqu'une chèvre se détache elle oublie que celles avec qui elle était liée sont restées attachées.,,,,,,,,,,,,https://mooreburkina.com/fr/gulimancema/applications-gulmanchema,https://media.ipsapps.org/gux/ora/prov-v1/,apps/2fd0fe659f82dd13/02-B002-001.html,adjacent_french_segment,0.75,needs_review,11 I boe yaa dua u fanu
0f664a99e43187c7,gux,,app,16,,,"16 Pagiditielo yaa mua wuligu, o tinkpilo wan baa yaa ŋmini yo.","Si le prisonnier se plaint de la chaleur, que dira le cadavre.",,,,,,,,,,,,https://mooreburkina.com/fr/gulimancema/applications-gulmanchema,https://media.ipsapps.org/gux/ora/prov-v1/,apps/2fd0fe659f82dd13/02-B002-001.html,adjacent_french_segment,0.75,needs_review,11 I boe yaa dua u fanu
a80acb469ac7a73a,gux,,app,19,,,17 Kapigili soangu ye li daano po yo.,L'ombre d'un chapeau ne profite qu'à celui qui le porte.,,,,,,,,,,,,https://mooreburkina.com/fr/gulimancema/applications-gulmanchema,https://media.ipsapps.org/gux/ora/prov-v1/,apps/2fd0fe659f82dd13/02-B002-001.html,adjacent_french_segment,0.75,needs_review,11 I boe yaa dua u fanu
851d35dd09a89b01,gux,,app,22,,,18 Yua n ŋua tedimulie nuanbila kan cuo liba kuli.,Qui suit des oisillons de deux nids n'attrapera rien du tout.,,,,,,,,,,,,https://mooreburkina.com/fr/gulimancema/applications-gulmanchema,https://media.ipsapps.org/gux/ora/prov-v1/,apps/2fd0fe659f82dd13/02-B002-001.html,adjacent_french_segment,0.75,needs_review,11 I boe yaa dua u fanu
914a87bad9ff0b24,gux,,app,25,,,19 Nilo kuli kpiadi wam nandi naankani yo.,L'homme gratte l'endroit (du corps) qu'il peut atteindre.,,,,,,,,,,,,https://mooreburkina.com/fr/gulimancema/applications-gulmanchema,https://media.ipsapps.org/gux/ora/prov-v1/,apps/2fd0fe659f82dd13/02-B002-001.html,adjacent_french_segment,0.75,needs_review,11 I boe yaa dua u fanu
b2c1d1d9971232e0,gux,,app,28,,,"20 Bi yaa lugidi tanli, yuakuli piigi o yuli yo.","Lorsqu'une pierre est jetée, chacun protège sa tête.",,,,,,,,,,,,https://mooreburkina.com/fr/gulimancema/applications-gulmanchema,https://media.ipsapps.org/gux/ora/prov-v1/,apps/2fd0fe659f82dd13/02-B002-001.html,adjacent_french_segment,0.75,needs_review,11 I boe yaa dua u fanu
1b6ba1ed06322960,gux,,app,1,,,21 Gbanŋmankoa n nii ti kobidi.,C'est celui qui se nourrit de peau qui a des poils dans les déchets.,,,,,,,,,,,,https://mooreburkina.com/fr/gulimancema/applications-gulmanchema,https://media.ipsapps.org/gux/ora/prov-v1/,apps/2fd0fe659f82dd13/03-B003-001.html,adjacent_french_segment,0.75,needs_review,21 Gbanŋmankoa n nii ti
0be1a7bd85d2da06,gux,,app,4,,,"22 Caano yaa bandi a faama, cannaa n waani o.",La découverte de votre mensonge par un étranger s'est faite avec la complicité de votre épouse.,,,,,,,,,,,,https://mooreburkina.com/fr/gulimancema/applications-gulmanchema,https://media.ipsapps.org/gux/ora/prov-v1/,apps/2fd0fe659f82dd13/03-B003-001.html,adjacent_french_segment,0.75,needs_review,21 Gbanŋmankoa n nii ti
48b45120e0e5c430,gux,,app,7,,,23 Tanpoli ñoacuuli nanga n kpendi leni waligu ñinkpadima.,C'est la haine des lèvres supérieures quifait que le sot ait des dents dehors.,,,,,,,,,,,,https://mooreburkina.com/fr/gulimancema/applications-gulmanchema,https://media.ipsapps.org/gux/ora/prov-v1/,apps/2fd0fe659f82dd13/03-B003-001.html,adjacent_french_segment,0.75,needs_review,21 Gbanŋmankoa n nii ti
f0bf36d460bc3d42,gux,,app,10,,,24 O naa kaagu po yo ke ki bonwaaga ciliti u buopaadu.,C'est sur la natte de sa maman qu'un enfant apprend à différencier les clans.,,,,,,,,,,,,https://mooreburkina.com/fr/gulimancema/applications-gulmanchema,https://media.ipsapps.org/gux/ora/prov-v1/,apps/2fd0fe659f82dd13/03-B003-001.html,adjacent_french_segment,0.75,needs_review,21 Gbanŋmankoa n nii ti
29dc24a45701f4a8,gux,,app,13,,,25 Yua ki tuuni o ba kan bandi tuonli.,"Ne saura pas travailler, celui qui ne fait rien.",,,,,,,,,,,,https://mooreburkina.com/fr/gulimancema/applications-gulmanchema,https://media.ipsapps.org/gux/ora/prov-v1/,apps/2fd0fe659f82dd13/03-B003-001.html,adjacent_french_segment,0.75,needs_review,21 Gbanŋmankoa n nii ti
a37e3daf55c5d044,gux,,app,16,,,26 Yaa dajenkuonli n deni o bulo n paadi leni yali.,C'est le bois sec adossé à un fétiche qui échappe aux coups de hache.,,,,,,,,,,,,https://mooreburkina.com/fr/gulimancema/applications-gulmanchema,https://media.ipsapps.org/gux/ora/prov-v1/,apps/2fd0fe659f82dd13/03-B003-001.html,adjacent_french_segment,0.75,needs_review,21 Gbanŋmankoa n nii ti
7d93b86f2fe69739,gux,,app,19,,,27 Kan laa fe se yua n loagidi u sankunu binnili.,"Qui veut éviter la honte, évite de déféquer au bord de la route.",,,,,,,,,,,,https://mooreburkina.com/fr/gulimancema/applications-gulmanchema,https://media.ipsapps.org/gux/ora/prov-v1/,apps/2fd0fe659f82dd13/03-B003-001.html,adjacent_french_segment,0.75,needs_review,21 Gbanŋmankoa n nii ti
2c4437c7bab1c43f,gux,,app,22,,,28 Dadadi n cuani ki yiega padima.,C'est en voulant la tirer chacun de son côté que la cale basse finit par se casser.,,,,,,,,,,,,https://mooreburkina.com/fr/gulimancema/applications-gulmanchema,https://media.ipsapps.org/gux/ora/prov-v1/,apps/2fd0fe659f82dd13/03-B003-001.html,adjacent_french_segment,0.75,needs_review,21 Gbanŋmankoa n nii ti
41ef7c0a0c17ed89,gux,,app,25,,,"29 Tuuli yaa mua nuani, yaala n balini ki go ta.","Si les termites s’attaquent aux oiseaux, c'est qu'ils ont fini avec tout ce qui rampe.",,,,,,,,,,,,https://mooreburkina.com/fr/gulimancema/applications-gulmanchema,https://media.ipsapps.org/gux/ora/prov-v1/,apps/2fd0fe659f82dd13/03-B003-001.html,adjacent_french_segment,0.75,needs_review,21 Gbanŋmankoa n nii ti
2f1417767b7482f5,gux,,app,28,,,30 Yaa namo n juni tanli biidi o luoli (tonma).,"Gaspille son venin, le scorpion qui pique un caillou.",,,,,,,,,,,,https://mooreburkina.com/fr/gulimancema/applications-gulmanchema,https://media.ipsapps.org/gux/ora/prov-v1/,apps/2fd0fe659f82dd13/03-B003-001.html,adjacent_french_segment,0.75,needs_review,21 Gbanŋmankoa n nii ti
63df2f4229e6b20f,gux,,app,1,,,"31 Nafanu kan pua luodo, kali yua pia.",La faillite n'arrive qu'au riche.,,,,,,,,,,,,https://mooreburkina.com/fr/gulimancema/applications-gulmanchema,https://media.ipsapps.org/gux/ora/prov-v1/,apps/2fd0fe659f82dd13/04-B004-001.html,adjacent_french_segment,0.75,needs_review,31 Nafanu kan pua luodo
5adcd9658c52b4d0,gux,,app,4,,,"32 Toa deni saabu n di, ama o deni maama ki maadi.",C'est le tô d'autrui qui se mange et non ses problèmes qui se disent.,,,,,,,,,,,,https://mooreburkina.com/fr/gulimancema/applications-gulmanchema,https://media.ipsapps.org/gux/ora/prov-v1/,apps/2fd0fe659f82dd13/04-B004-001.html,adjacent_french_segment,0.75,needs_review,31 Nafanu kan pua luodo
2c988875f950afbc,gux,,app,7,,,"33 Yaa ŋmaamo n cia, n bani i sangbanli gagidima.",C'est le singe qui a échappé aux chiens qui sait mieux les distinguer.,,,,,,,,,,,,https://mooreburkina.com/fr/gulimancema/applications-gulmanchema,https://media.ipsapps.org/gux/ora/prov-v1/,apps/2fd0fe659f82dd13/04-B004-001.html,adjacent_french_segment,0.75,needs_review,31 Nafanu kan pua luodo
4af574c3ff50cf21,gux,,app,10,,,34 Sangbeeli ka tie sanmanli.,Le gros fruit du karité n'est pas forcément délicieux.,,,,,,,,,,,,https://mooreburkina.com/fr/gulimancema/applications-gulmanchema,https://media.ipsapps.org/gux/ora/prov-v1/,apps/2fd0fe659f82dd13/04-B004-001.html,adjacent_french_segment,0.75,needs_review,31 Nafanu kan pua luodo
c30dc4c9673a3b1f,gux,,app,13,,,"35 Juamo yaa paani tuali, a ñiana n ku.",Si l'aveugle est un grand calomniateur c'est que les quartiers sont proches les uns des autres.,,,,,,,,,,,,https://mooreburkina.com/fr/gulimancema/applications-gulmanchema,https://media.ipsapps.org/gux/ora/prov-v1/,apps/2fd0fe659f82dd13/04-B004-001.html,adjacent_french_segment,0.75,needs_review,31 Nafanu kan pua luodo
8de383ad88b122d5,gux,,app,16,,,36 Ŋmaamo danli gbianu kan loagini bu tibu po.,Le bâton de l'ami d'un singe ne restera jamais dans un arbre.,,,,,,,,,,,,https://mooreburkina.com/fr/gulimancema/applications-gulmanchema,https://media.ipsapps.org/gux/ora/prov-v1/,apps/2fd0fe659f82dd13/04-B004-001.html,adjacent_french_segment,0.75,needs_review,31 Nafanu kan pua luodo
baf88bc8e3aa82d9,gux,,app,19,,,37 Tiladi n duondi o ŋmaamo li kongoabili.,C'est par contrainte que le singe grimpe sur l'acacia épineuse.,,,,,,,,,,,,https://mooreburkina.com/fr/gulimancema/applications-gulmanchema,https://media.ipsapps.org/gux/ora/prov-v1/,apps/2fd0fe659f82dd13/04-B004-001.html,adjacent_french_segment,0.75,needs_review,31 Nafanu kan pua luodo
5acb8e1c34b9ef2d,gux,,app,22,,,38 Yua ye tanpoli kan laa diamo.,Celui qui se trouve à une certaine hauteur ne doit pas se moquer d'un boiteux.,,,,,,,,,,,,https://mooreburkina.com/fr/gulimancema/applications-gulmanchema,https://media.ipsapps.org/gux/ora/prov-v1/,apps/2fd0fe659f82dd13/04-B004-001.html,adjacent_french_segment,0.75,needs_review,31 Nafanu kan pua luodo
6e6d0da24ade3881,gux,,app,25,,,39 Nunyenbu daano kan laa juamo.,Un borgne ne doit pas se moquer d'un aveugle.,,,,,,,,,,,,https://mooreburkina.com/fr/gulimancema/applications-gulmanchema,https://media.ipsapps.org/gux/ora/prov-v1/,apps/2fd0fe659f82dd13/04-B004-001.html,adjacent_french_segment,0.75,needs_review,31 Nafanu kan pua luodo
0cca2708fe8429a8,gux,,app,28,,,40 Mi ñima nni yo ke kpangonguonga tugu ye.,C'est dans l'eau que se trouve «l'épine dorsale» du nénuphar.,,,,,,,,,,,,https://mooreburkina.com/fr/gulimancema/applications-gulmanchema,https://media.ipsapps.org/gux/ora/prov-v1/,apps/2fd0fe659f82dd13/04-B004-001.html,adjacent_french_segment,0.75,needs_review,31 Nafanu kan pua luodo
707ba879335826e5,gux,,app,1,,,41 Penpeñima kuli ca ñinciama po yo.,Toutes les eaux de ruissellement vont au fleuve.,,,,,,,,,,,,https://mooreburkina.com/fr/gulimancema/applications-gulmanchema,https://media.ipsapps.org/gux/ora/prov-v1/,apps/2fd0fe659f82dd13/05-B005-001.html,adjacent_french_segment,0.75,needs_review,41 Penpeñima kuli ca
6b59c76d53a147e4,gux,,app,4,,,42 Da kua n cie kua ki kaa ta.,S'abstenir d'entrer est mieux qu'entrer et dire qu'on n'a rien pris.,,,,,,,,,,,,https://mooreburkina.com/fr/gulimancema/applications-gulmanchema,https://media.ipsapps.org/gux/ora/prov-v1/,apps/2fd0fe659f82dd13/05-B005-001.html,adjacent_french_segment,0.75,needs_review,41 Penpeñima kuli ca
cd34afae0b203ad5,gux,,app,7,,,"43 Tuontuonli n ki ye naakani, kpadije ki pia tagili.","Où le travail n'est pas encouragé, la paresse est reine.",,,,,,,,,,,,https://mooreburkina.com/fr/gulimancema/applications-gulmanchema,https://media.ipsapps.org/gux/ora/prov-v1/,apps/2fd0fe659f82dd13/05-B005-001.html,adjacent_french_segment,0.75,needs_review,41 Penpeñima kuli ca
58032166e414a9f5,gux,,app,10,,,44 Kii puuni n da daani ki gaa.,Que celui qui ne donne pas n'espère pas recevoir.,,,,,,,,,,,,https://mooreburkina.com/fr/gulimancema/applications-gulmanchema,https://media.ipsapps.org/gux/ora/prov-v1/,apps/2fd0fe659f82dd13/05-B005-001.html,adjacent_french_segment,0.75,needs_review,41 Penpeñima kuli ca
f80a7ff70214c673,gux,,app,13,,,45 Yua n ki laa o naa panma n tua ke o baa biidi li cuatieli.,C'est celui qui n'a pas vu sa mère jeune qui dit que son père avait fait un mauvais mariage.,,,,,,,,,,,,https://mooreburkina.com/fr/gulimancema/applications-gulmanchema,https://media.ipsapps.org/gux/ora/prov-v1/,apps/2fd0fe659f82dd13/05-B005-001.html,adjacent_french_segment,0.75,needs_review,41 Penpeñima kuli ca
b9a777d787215e10,gux,,app,16,,,"46 Pua yua mua ŋum ! Li yaa ludi o, li gbadi o.","Si une femme pousse un cri, soit elle a été surprise, soit elle a eu chaud.",,,,,,,,,,,,https://mooreburkina.com/fr/gulimancema/applications-gulmanchema,https://media.ipsapps.org/gux/ora/prov-v1/,apps/2fd0fe659f82dd13/05-B005-001.html,adjacent_french_segment,0.75,needs_review,41 Penpeñima kuli ca
593739764693923d,gux,,app,21,,,47 A guaguada ki bani ke li yagidi.,Les dormeurs ignorent qu'il fait tard.,,,,,,,,,,,,https://mooreburkina.com/fr/gulimancema/applications-gulmanchema,https://media.ipsapps.org/gux/ora/prov-v1/,apps/2fd0fe659f82dd13/05-B005-001.html,adjacent_french_segment,0.75,needs_review,41 Penpeñima kuli ca
79bb2908476962b2,gux,,app,24,,,48 Bi yen boandi o caano ke o cie o caanbaa yo ki baa ki pua o.,"Lorsqu'on dit à un étranger qu'il est plus important que son hôte, c'est pour le frapper.",,,,,,,,,,,,https://mooreburkina.com/fr/gulimancema/applications-gulmanchema,https://media.ipsapps.org/gux/ora/prov-v1/,apps/2fd0fe659f82dd13/05-B005-001.html,adjacent_french_segment,0.75,needs_review,41 Penpeñima kuli ca
90f99ab3fe9420b4,gux,,app,27,,,49 O juamo konbu ŋmaadi yenma.,Les testicules de l'aveugle ne se piétinent qu'une seule fois.,,,,,,,,,,,,https://mooreburkina.com/fr/gulimancema/applications-gulmanchema,https://media.ipsapps.org/gux/ora/prov-v1/,apps/2fd0fe659f82dd13/05-B005-001.html,adjacent_french_segment,0.75,needs_review,41 Penpeñima kuli ca
1668f7292425274d,gux,,app,30,,,50 Kalifanma kan pidi konkonu.,L'inactivité n'enlèvera pas une épine du pied.,,,,,,,,,,,,https://mooreburkina.com/fr/gulimancema/applications-gulmanchema,https://media.ipsapps.org/gux/ora/prov-v1/,apps/2fd0fe659f82dd13/05-B005-001.html,adjacent_french_segment,0.75,needs_review,41 Penpeñima kuli ca
927bc6ec1a512b8c,gux,,app,1,,,51 Kankailimantuolo kan bigidi musiangu po.,Le caméléon ne fera pas demi-tour à cause du feu de brousse.,,,,,,,,,,,,https://mooreburkina.com/fr/gulimancema/applications-gulmanchema,https://media.ipsapps.org/gux/ora/prov-v1/,apps/2fd0fe659f82dd13/06-B006-001.html,adjacent_french_segment,0.75,needs_review,51 Kankailimantuolo kan
caacae8aac9ce3e8,gux,,app,4,,,52 O ŋmanja pia gangangu li jamoanli n ki ye naankani yo.,"C'est là où est absent le chien roux, que se pavane le singe mâle.",,,,,,,,,,,,https://mooreburkina.com/fr/gulimancema/applications-gulmanchema,https://media.ipsapps.org/gux/ora/prov-v1/,apps/2fd0fe659f82dd13/06-B006-001.html,adjacent_french_segment,0.75,needs_review,51 Kankailimantuolo kan
cf8c3e88420f5437,gux,,app,7,,,53 Nubiyenli kan taa tanbu.,Un seul doigt ne peut pas prendre un caillou.,,,,,,,,,,,,https://mooreburkina.com/fr/gulimancema/applications-gulmanchema,https://media.ipsapps.org/gux/ora/prov-v1/,apps/2fd0fe659f82dd13/06-B006-001.html,adjacent_french_segment,0.75,needs_review,51 Kankailimantuolo kan
1dce4f0af30b4fd6,gux,,app,10,,,"54 Nilo leni o baa langbiadi yaa cuo fantama, o baa kpia ki gbindi o yaagu yo.","Lorsque les barbes du fils et de son père sont en feu, le fils éteint d'abord la sienne.",,,,,,,,,,,,https://mooreburkina.com/fr/gulimancema/applications-gulmanchema,https://media.ipsapps.org/gux/ora/prov-v1/,apps/2fd0fe659f82dd13/06-B006-001.html,adjacent_french_segment,0.75,needs_review,51 Kankailimantuolo kan
eb6722b5269ac925,gux,,app,13,,,55 Langbiaciangu leni tasibi n foagi ka tie li moali.,Ce ne sont pas la longue barbe et le long chapelet qui font un musulman.,,,,,,,,,,,,https://mooreburkina.com/fr/gulimancema/applications-gulmanchema,https://media.ipsapps.org/gux/ora/prov-v1/,apps/2fd0fe659f82dd13/06-B006-001.html,adjacent_french_segment,0.75,needs_review,51 Kankailimantuolo kan
def8470771771f1c,gux,,app,16,,,56 Yua n ki bani maama kubima kan baa buado.,"N'aura pas d'ami, celui qui ne peut garder un secret.",,,,,,,,,,,,https://mooreburkina.com/fr/gulimancema/applications-gulmanchema,https://media.ipsapps.org/gux/ora/prov-v1/,apps/2fd0fe659f82dd13/06-B006-001.html,adjacent_french_segment,0.75,needs_review,51 Kankailimantuolo kan
29f72a25a88b98f2,gux,,app,19,,,57 Cuagbieli daano kan laa yua yaa cuali n mudi.,Le propriétaire d'un canari plein ne doit pas se moquer de celui qui a le sien cassé.,,,,,,,,,,,,https://mooreburkina.com/fr/gulimancema/applications-gulmanchema,https://media.ipsapps.org/gux/ora/prov-v1/,apps/2fd0fe659f82dd13/06-B006-001.html,adjacent_french_segment,0.75,needs_review,51 Kankailimantuolo kan
fd1dcf3d0ba9570d,gux,,app,22,,,58 Wa n ñidi yua n jie u baabu.,"A peur d'une corde, celui qui a été mordu par un serpent.",,,,,,,,,,,,https://mooreburkina.com/fr/gulimancema/applications-gulmanchema,https://media.ipsapps.org/gux/ora/prov-v1/,apps/2fd0fe659f82dd13/06-B006-001.html,adjacent_french_segment,0.75,needs_review,51 Kankailimantuolo kan
fcf2795f9bc91683,gux,,app,25,,,59 Nubuagu kan cie taali abada.,Le bras ne dépassera jamais la jambe.,,,,,,,,,,,,https://mooreburkina.com/fr/gulimancema/applications-gulmanchema,https://media.ipsapps.org/gux/ora/prov-v1/,apps/2fd0fe659f82dd13/06-B006-001.html,adjacent_french_segment,0.75,needs_review,51 Kankailimantuolo kan
83b2e5ecd49c7999,gux,,app,28,,,60 O paamo yen mua o falu kani yo.,Le grillon ne chante qu'a côté de son terrie.,,,,,,,,,,,,https://mooreburkina.com/fr/gulimancema/applications-gulmanchema,https://media.ipsapps.org/gux/ora/prov-v1/,apps/2fd0fe659f82dd13/06-B006-001.html,adjacent_french_segment,0.75,needs_review,51 Kankailimantuolo kan
a4d87478439e6572,gux,,app,1,,,61 Ki piani u faalu n figi i ŋasiili tu ki piani yi o pua.,Mieux vaut confier un secret au vent qui souffle qu'à une femme.,,,,,,,,,,,,https://mooreburkina.com/fr/gulimancema/applications-gulmanchema,https://media.ipsapps.org/gux/ora/prov-v1/,apps/2fd0fe659f82dd13/07-B007-001.html,adjacent_french_segment,0.75,needs_review,61 Ki piani u faalu n
2dc4b3708354c6c3,gux,,app,4,,,62 Paabu tie bilima.,Un cadeau (don) est une épargne.,,,,,,,,,,,,https://mooreburkina.com/fr/gulimancema/applications-gulmanchema,https://media.ipsapps.org/gux/ora/prov-v1/,apps/2fd0fe659f82dd13/07-B007-001.html,adjacent_french_segment,0.75,needs_review,61 Ki piani u faalu n
4500d51d434bfc7d,gux,,app,7,,,"63 Koñuali yaa cadi boncianla, o kan go ŋaa.","Lorsqu'une poule caquette trop, elle ne pondra plus.",,,,,,,,,,,,https://mooreburkina.com/fr/gulimancema/applications-gulmanchema,https://media.ipsapps.org/gux/ora/prov-v1/,apps/2fd0fe659f82dd13/07-B007-001.html,adjacent_french_segment,0.75,needs_review,61 Ki piani u faalu n
785d18a18c4fb16b,gux,,app,10,,,64 Gangalo kan go ﬁdi ki jeli ki ciaga bonŋanma.,On ne peut pas jouer du tam-tam et bien danser au rythme de ce dernier.,,,,,,,,,,,,https://mooreburkina.com/fr/gulimancema/applications-gulmanchema,https://media.ipsapps.org/gux/ora/prov-v1/,apps/2fd0fe659f82dd13/07-B007-001.html,adjacent_french_segment,0.75,needs_review,61 Ki piani u faalu n
ed9bd599a4fe6b22,gux,,app,13,,,65 A taana kan pundi i nuni n caa naankani.,Les pieds n'arriveront jamais ou atteignent les yeux.,,,,,,,,,,,,https://mooreburkina.com/fr/gulimancema/applications-gulmanchema,https://media.ipsapps.org/gux/ora/prov-v1/,apps/2fd0fe659f82dd13/07-B007-001.html,adjacent_french_segment,0.75,needs_review,61 Ki piani u faalu n
5ffec6416c76c384,gux,,app,16,,,66 Yua n wangi nilo leni o nabiwaankaali wangi o ba leni nubilataa.,Celui qui indexe quelqu'un se montre de trois doigts.,,,,,,,,,,,,https://mooreburkina.com/fr/gulimancema/applications-gulmanchema,https://media.ipsapps.org/gux/ora/prov-v1/,apps/2fd0fe659f82dd13/07-B007-001.html,adjacent_french_segment,0.75,needs_review,61 Ki piani u faalu n
c92cb688c6b22c0c,gux,,app,19,,,67 Yua n dua kankaga po kan go sugi a.,Celui qui dort sur des tiges ne doit pas les insulter.,,,,,,,,,,,,https://mooreburkina.com/fr/gulimancema/applications-gulmanchema,https://media.ipsapps.org/gux/ora/prov-v1/,apps/2fd0fe659f82dd13/07-B007-001.html,adjacent_french_segment,0.75,needs_review,61 Ki piani u faalu n
d7856ee369a8610c,gux,,app,22,,,68 Kafenga taginma puoli yo ke i kookoli ciidi.,C'est après le passage de l'épervier que les poules caquettent.,,,,,,,,,,,,https://mooreburkina.com/fr/gulimancema/applications-gulmanchema,https://media.ipsapps.org/gux/ora/prov-v1/,apps/2fd0fe659f82dd13/07-B007-001.html,adjacent_french_segment,0.75,needs_review,61 Ki piani u faalu n
e8b8234ca8c0f887,gux,,app,25,,,69 Mundidaano naadi yua n miadi Ieni wani o ba yo.,L'avare fait du tort au demandeur et à lui-même.,,,,,,,,,,,,https://mooreburkina.com/fr/gulimancema/applications-gulmanchema,https://media.ipsapps.org/gux/ora/prov-v1/,apps/2fd0fe659f82dd13/07-B007-001.html,adjacent_french_segment,0.75,needs_review,61 Ki piani u faalu n
8e3c446db292a355,gux,,app,28,,,70 Siyobigu ki boagidi ke ku daa ye o falu nni.,On ne partage pas la viande du rat voleur qui est toujours dans son terrier.,,,,,,,,,,,,https://mooreburkina.com/fr/gulimancema/applications-gulmanchema,https://media.ipsapps.org/gux/ora/prov-v1/,apps/2fd0fe659f82dd13/07-B007-001.html,adjacent_french_segment,0.75,needs_review,61 Ki piani u faalu n
f0b31db8712cf158,gux,,app,1,,,71 Nuanga kuli yen tedi o tiali o paalu bianu leni wan da maama yo.,Chaque oiseau fait son nid selon ses forces et sa taille.,,,,,,,,,,,,https://mooreburkina.com/fr/gulimancema/applications-gulmanchema,https://media.ipsapps.org/gux/ora/prov-v1/,apps/2fd0fe659f82dd13/08-B008-001.html,adjacent_french_segment,0.75,needs_review,71 Nuanga kuli yen tedi o
0bebb7ad17988918,gux,,app,4,,,72 Niilie kan tuuni buoyengu nni.,Il ne faut jamais introduire les deux mains dans un même trou.,,,,,,,,,,,,https://mooreburkina.com/fr/gulimancema/applications-gulmanchema,https://media.ipsapps.org/gux/ora/prov-v1/,apps/2fd0fe659f82dd13/08-B008-001.html,adjacent_french_segment,0.75,needs_review,71 Nuanga kuli yen tedi o
d37e648fdd271bff,gux,,app,7,,,73 Wa n ñidi yaa taali n pia maalima.,C'est le pied qui a été mordu par un serpent qui a une marque.,,,,,,,,,,,,https://mooreburkina.com/fr/gulimancema/applications-gulmanchema,https://media.ipsapps.org/gux/ora/prov-v1/,apps/2fd0fe659f82dd13/08-B008-001.html,adjacent_french_segment,0.75,needs_review,71 Nuanga kuli yen tedi o
1f90cbb02c47df2a,gux,,app,10,,,74 Taaga kuli pia gbenma.,Toute pluie a une fin.,,,,,,,,,,,,https://mooreburkina.com/fr/gulimancema/applications-gulmanchema,https://media.ipsapps.org/gux/ora/prov-v1/,apps/2fd0fe659f82dd13/08-B008-001.html,adjacent_french_segment,0.75,needs_review,71 Nuanga kuli yen tedi o
ae9082ac0bb837ae,gux,,app,13,,,75 Bila jiema kuli pia mi tama.,Tout repas (préparé par) des enfants contient du sable.,,,,,,,,,,,,https://mooreburkina.com/fr/gulimancema/applications-gulmanchema,https://media.ipsapps.org/gux/ora/prov-v1/,apps/2fd0fe659f82dd13/08-B008-001.html,adjacent_french_segment,0.75,needs_review,71 Nuanga kuli yen tedi o
8ea0b5ca8e4d0eb0,gux,,app,16,,,76 Ki yienga nni tuonsoanlo n di u soangu nni.,"Qui travaille au soleil, mange à l'ombre.",,,,,,,,,,,,https://mooreburkina.com/fr/gulimancema/applications-gulmanchema,https://media.ipsapps.org/gux/ora/prov-v1/,apps/2fd0fe659f82dd13/08-B008-001.html,adjacent_french_segment,0.75,needs_review,71 Nuanga kuli yen tedi o
0f46fca40e888bf4,gux,,app,19,,,77 Puuma kuli ka tiendi mi bima.,Toute fleur n'aboutit pas forcément au fruit.,,,,,,,,,,,,https://mooreburkina.com/fr/gulimancema/applications-gulmanchema,https://media.ipsapps.org/gux/ora/prov-v1/,apps/2fd0fe659f82dd13/08-B008-001.html,adjacent_french_segment,0.75,needs_review,71 Nuanga kuli yen tedi o
7401d47561cb0661,gux,,app,22,,,78 Ŋalibanma kan ﬁdi ki ŋali kacandi.,"Quel que soit la qualité du couturier, il ne pourra jamais coudre les feuilles de mil.",,,,,,,,,,,,https://mooreburkina.com/fr/gulimancema/applications-gulmanchema,https://media.ipsapps.org/gux/ora/prov-v1/,apps/2fd0fe659f82dd13/08-B008-001.html,adjacent_french_segment,0.75,needs_review,71 Nuanga kuli yen tedi o
76bc4b2cb59cfbba,gux,,app,25,,,"79 Bonla yaa kan boali o diedaano, o pia yua n wangi o.","Si rien n'échappe au chef de la concession, c'est qu'il a un informateur.",,,,,,,,,,,,https://mooreburkina.com/fr/gulimancema/applications-gulmanchema,https://media.ipsapps.org/gux/ora/prov-v1/,apps/2fd0fe659f82dd13/08-B008-001.html,adjacent_french_segment,0.75,needs_review,71 Nuanga kuli yen tedi o
61c8d7933a97a435,gux,,app,28,,,80 Ñoabijuamo ki tudi jaaili.,Le caïman aveugle ne se trompe pas de berge.,,,,,,,,,,,,https://mooreburkina.com/fr/gulimancema/applications-gulmanchema,https://media.ipsapps.org/gux/ora/prov-v1/,apps/2fd0fe659f82dd13/08-B008-001.html,adjacent_french_segment,0.75,needs_review,71 Nuanga kuli yen tedi o
998b3203be468bf8,gux,,app,1,,,81 Yua n bua ki yagidi yen cili ku juogu.,"Qui veut voyager tôt, se prépare la veille au soir.",,,,,,,,,,,,https://mooreburkina.com/fr/gulimancema/applications-gulmanchema,https://media.ipsapps.org/gux/ora/prov-v1/,apps/2fd0fe659f82dd13/09-B009-001.html,adjacent_french_segment,0.75,needs_review,81 Yua n bua ki yagidi
ac13d74271653980,gux,,app,4,,,"82 Nubili kuli Ieni o biidi, nubili kuli Ieni o tuonli.","A chaque doit son pus, à chaque doigt son rôle.",,,,,,,,,,,,https://mooreburkina.com/fr/gulimancema/applications-gulmanchema,https://media.ipsapps.org/gux/ora/prov-v1/,apps/2fd0fe659f82dd13/09-B009-001.html,adjacent_french_segment,0.75,needs_review,81 Yua n bua ki yagidi
ac388e659c46a9f9,gux,,app,7,,,"83 Canpandiga yaa guo mi daama, o naa n ŋaani ma.","Si un bébé est saoul, c'est que sa mère prépare la bière de mil.",,,,,,,,,,,,https://mooreburkina.com/fr/gulimancema/applications-gulmanchema,https://media.ipsapps.org/gux/ora/prov-v1/,apps/2fd0fe659f82dd13/09-B009-001.html,adjacent_french_segment,0.75,needs_review,81 Yua n bua ki yagidi
b355aa858f64a040,gux,,app,10,,,84 Ñima kan sani sinsina.,L'eau ne coule pas à contre-courant.,,,,,,,,,,,,https://mooreburkina.com/fr/gulimancema/applications-gulmanchema,https://media.ipsapps.org/gux/ora/prov-v1/,apps/2fd0fe659f82dd13/09-B009-001.html,adjacent_french_segment,0.75,needs_review,81 Yua n bua ki yagidi
afc6dcb54359324c,gux,,app,13,,,"85 Nintuali ŋmaami, ŋmaannunyenga.",Tous les singes de l'ouest sont les mêmes.,,,,,,,,,,,,https://mooreburkina.com/fr/gulimancema/applications-gulmanchema,https://media.ipsapps.org/gux/ora/prov-v1/,apps/2fd0fe659f82dd13/09-B009-001.html,adjacent_french_segment,0.75,needs_review,81 Yua n bua ki yagidi
70fb3582647a3b42,gux,,app,16,,,"86 Mi ñima nni waagima n tie maama kuli, ku daagu kan kpandi ñoabo.","Quel que soit sa durée dans l'eau, le bois ne deviendra jamais un caïman.",,,,,,,,,,,,https://mooreburkina.com/fr/gulimancema/applications-gulmanchema,https://media.ipsapps.org/gux/ora/prov-v1/,apps/2fd0fe659f82dd13/09-B009-001.html,adjacent_french_segment,0.75,needs_review,81 Yua n bua ki yagidi
0b44734181e4c96f,gux,,app,19,,,87 Danŋanli tie tibenu yo.,Un bon ami est un soutien éventuel.,,,,,,,,,,,,https://mooreburkina.com/fr/gulimancema/applications-gulmanchema,https://media.ipsapps.org/gux/ora/prov-v1/,apps/2fd0fe659f82dd13/09-B009-001.html,adjacent_french_segment,0.75,needs_review,81 Yua n bua ki yagidi
ca8a2a9249da28b1,gux,,app,22,,,88 Kandi yaa kpenu n ye a benpola bianu.,Traverse le marigot dont la hauteur d'eau est au niveau de tes mollets.,,,,,,,,,,,,https://mooreburkina.com/fr/gulimancema/applications-gulmanchema,https://media.ipsapps.org/gux/ora/prov-v1/,apps/2fd0fe659f82dd13/09-B009-001.html,adjacent_french_segment,0.75,needs_review,81 Yua n bua ki yagidi
b0bee66b12549915,gux,,app,25,,,89 Yaa koñua n pia a kobila n cuoni ki gbegidi.,C'est la poule qui a des poussins qui marche en se retournant.,,,,,,,,,,,,https://mooreburkina.com/fr/gulimancema/applications-gulmanchema,https://media.ipsapps.org/gux/ora/prov-v1/,apps/2fd0fe659f82dd13/09-B009-001.html,adjacent_french_segment,0.75,needs_review,81 Yua n bua ki yagidi
2bd0ed9216ad5502,gux,,app,28,,,"90 Dayenli dagidi piado n tua Iuodo, binalele baa pundi bi ki pendi luodo n fidi ki tua piado.","Un jour suffit pour qu'un riche devienne pauvre, et au moins sept années pour qu'un pauvre devienne riche.",,,,,,,,,,,,https://mooreburkina.com/fr/gulimancema/applications-gulmanchema,https://media.ipsapps.org/gux/ora/prov-v1/,apps/2fd0fe659f82dd13/09-B009-001.html,adjacent_french_segment,0.75,needs_review,81 Yua n bua ki yagidi
996e69abf0c25ee2,gux,,app,1,,,"91 Kpaano kan yugi, o biga n balini.","Si la pintade vole, le pintadeau ne rampera pas.",,,,,,,,,,,,https://mooreburkina.com/fr/gulimancema/applications-gulmanchema,https://media.ipsapps.org/gux/ora/prov-v1/,apps/2fd0fe659f82dd13/10-B010-001.html,adjacent_french_segment,0.75,needs_review,"91 Kpaano kan yugi, o"
dc286955915abac2,gux,,app,4,,,92 Yua n pia dubu n bani bu juoni.,C'est le propriétaire du néré qui connaît les graines de son arbre.,,,,,,,,,,,,https://mooreburkina.com/fr/gulimancema/applications-gulmanchema,https://media.ipsapps.org/gux/ora/prov-v1/,apps/2fd0fe659f82dd13/10-B010-001.html,adjacent_french_segment,0.75,needs_review,"91 Kpaano kan yugi, o"
6b5cb39363578d08,gux,,app,7,,,93 Yua n mandi kan mua luoma.,Celui qui transpire ne se plaindra pas de pauvreté.,,,,,,,,,,,,https://mooreburkina.com/fr/gulimancema/applications-gulmanchema,https://media.ipsapps.org/gux/ora/prov-v1/,apps/2fd0fe659f82dd13/10-B010-001.html,adjacent_french_segment,0.75,needs_review,"91 Kpaano kan yugi, o"
e78fdd17488b8937,gux,,app,10,,,"94 Dapolo n soa maama kuli o kan cuo mudiga, se o buolu.","Quel que soit sa sorcellerie, la souris n'attrapera pas le chat, sauf ses semblables.",,,,,,,,,,,,https://mooreburkina.com/fr/gulimancema/applications-gulmanchema,https://media.ipsapps.org/gux/ora/prov-v1/,apps/2fd0fe659f82dd13/10-B010-001.html,adjacent_french_segment,0.75,needs_review,"91 Kpaano kan yugi, o"
c7af36e317b0c86d,gux,,app,13,,,"95 Poandili yaa ye kpakpalibu po, bi todikaaba n yabidi.","Lorsqu'un crapaud est sur un rônier, c'est qu'il a eu beaucoup de soutiens.",,,,,,,,,,,,https://mooreburkina.com/fr/gulimancema/applications-gulmanchema,https://media.ipsapps.org/gux/ora/prov-v1/,apps/2fd0fe659f82dd13/10-B010-001.html,adjacent_french_segment,0.75,needs_review,"91 Kpaano kan yugi, o"
e118c8be04347ef3,gux,,app,16,,,"96 Gbanli yaa ye li kani, i ŋmaami kpendi ti diedi nni.","Quand les chiens ne sont pas là, les singes rentrent dans le village.",,,,,,,,,,,,https://mooreburkina.com/fr/gulimancema/applications-gulmanchema,https://media.ipsapps.org/gux/ora/prov-v1/,apps/2fd0fe659f82dd13/10-B010-001.html,adjacent_french_segment,0.75,needs_review,"91 Kpaano kan yugi, o"
0f8f9309fe24ef3e,gux,,app,19,,,97 Yaa mudiga n ni ki piindi daa nini ku tangu po.,Le chat qui chie et enterre ses déchets n'a pas encore déféqué sur un roche.,,,,,,,,,,,,https://mooreburkina.com/fr/gulimancema/applications-gulmanchema,https://media.ipsapps.org/gux/ora/prov-v1/,apps/2fd0fe659f82dd13/10-B010-001.html,adjacent_french_segment,0.75,needs_review,"91 Kpaano kan yugi, o"
6092bb41b324c523,gux,,app,22,,,98 Yua n yugi ki kua mi fantama nni go pia yugiyenma.,Celui qui saute dans le feu a un autre saut à faire.,,,,,,,,,,,,https://mooreburkina.com/fr/gulimancema/applications-gulmanchema,https://media.ipsapps.org/gux/ora/prov-v1/,apps/2fd0fe659f82dd13/10-B010-001.html,adjacent_french_segment,0.75,needs_review,"91 Kpaano kan yugi, o"
e6bb1995d13f827b,gux,,app,25,,,99 Tankpaabilie taamo baa tua tanmulongu.,Un cheval sous la garde de deux palefreniers sera un cheval maigre.,,,,,,,,,,,,https://mooreburkina.com/fr/gulimancema/applications-gulmanchema,https://media.ipsapps.org/gux/ora/prov-v1/,apps/2fd0fe659f82dd13/10-B010-001.html,adjacent_french_segment,0.75,needs_review,"91 Kpaano kan yugi, o"
922f5e23630997ab,gux,,app,28,,,"100 Ŋunbo yaa baa guli yua, o kan le o tuba.","Quand un âne va vous terrasser, vous ne voyez pas ses oreilles.",,,,,,,,,,,,https://mooreburkina.com/fr/gulimancema/applications-gulmanchema,https://media.ipsapps.org/gux/ora/prov-v1/,apps/2fd0fe659f82dd13/10-B010-001.html,adjacent_french_segment,0.75,needs_review,"91 Kpaano kan yugi, o"
2619a4c5f5bb8605,gux,,app,1,,,"1 Kan ŋanbi nitoa yaala, a yaala moko ba biidi.",Si tu n'arranges pas les choses de ton voisin les tiennes aussi seront gâtées. Sens et emploi : on dit ce proverbe à celui qui ne s'occupe pas des affaires de son prochain.,,,,,,,,,,,,https://mooreburkina.com/fr/gulimancema/applications-gulmanchema,https://media.ipsapps.org/gux/ora/prov-v2/,apps/a88b53f826d43e1a/01-B001-001.html,adjacent_french_segment,0.75,needs_review,1 Kan ŋanbi nitoa yaala
06cce67cfc223316,gux,,app,5,,,2 Mi ŋanma kan goa nŋanma (Mi ŋanma kan jiniŋanma).,Le bien n'amène pas le bien. Sens : si tu fais du bien à quelqu'un il ne te rendra pas du bien. Emploi : se dit à quelqu’un qui ne t'a pas rendu le bien que tu lui as fait. Obliger c'est se faire des ingrats.,,,,,,,,,,,,https://mooreburkina.com/fr/gulimancema/applications-gulmanchema,https://media.ipsapps.org/gux/ora/prov-v2/,apps/a88b53f826d43e1a/01-B001-001.html,adjacent_french_segment,0.75,needs_review,1 Kan ŋanbi nitoa yaala
2677e9488f2f1d07,gux,,app,11,,,3 ŋanma cuuli kan pindi.,l'antichambre du bien ne se décoiffe pas.,,,,,,,,,,,,https://mooreburkina.com/fr/gulimancema/applications-gulmanchema,https://media.ipsapps.org/gux/ora/prov-v2/,apps/a88b53f826d43e1a/01-B001-001.html,adjacent_french_segment,0.75,needs_review,1 Kan ŋanbi nitoa yaala
6f91e914037a4385,gux,,app,14,,,4 Yua ŋia ya daa boaga yuli.,C'est celui qui se précipite qui finit par acheter une tête de chien.,,,,,,,,,,,,https://mooreburkina.com/fr/gulimancema/applications-gulmanchema,https://media.ipsapps.org/gux/ora/prov-v2/,apps/a88b53f826d43e1a/01-B001-001.html,adjacent_french_segment,0.75,needs_review,1 Kan ŋanbi nitoa yaala
d1a8138291e09d28,gux,,app,17,,,5 O ŋmaamo yaa pia kpataŋanli o sangbanlo yaa ba diedi o.,Si le singe a un beau pantalon c`est le chien qui va le récupérer. Sens : si le serviteur d'un chef a quelque chose c'est pour le chef. Tu es obligé de donner à celui qui t'est supérieur. Emploi : Le supérieur dira ce proverbe à son inférieur.,,,,,,,,,,,,https://mooreburkina.com/fr/gulimancema/applications-gulmanchema,https://media.ipsapps.org/gux/ora/prov-v2/,apps/a88b53f826d43e1a/01-B001-001.html,adjacent_french_segment,0.75,needs_review,1 Kan ŋanbi nitoa yaala
48ac639a72b9d0f4,gux,,app,23,,,6 Tilaadi n duondi o ŋmaamo li kongoabili.,La nécessité fait monter le singe dans l'épineux. Sens et emploi : celui qui est obligé de faire une chose qu'il ne voulait pas faire pourra dire ce proverbe.,,,,,,,,,,,,https://mooreburkina.com/fr/gulimancema/applications-gulmanchema,https://media.ipsapps.org/gux/ora/prov-v2/,apps/a88b53f826d43e1a/01-B001-001.html,adjacent_french_segment,0.75,needs_review,1 Kan ŋanbi nitoa yaala
9c973b549ab74d0c,gux,,app,27,,,7 Wan bua tanpoli laabaalo wan bagi o ŋmaamo.,"Celui qui veut les nouvelles d'en haut, qu'il demande au singe. Sens et emploi : si tu veux quelque chose près de celui qui possède, demande à son bras droit, car il peut t'aider à obtenir.",,,,,,,,,,,,https://mooreburkina.com/fr/gulimancema/applications-gulmanchema,https://media.ipsapps.org/gux/ora/prov-v2/,apps/a88b53f826d43e1a/01-B001-001.html,adjacent_french_segment,0.75,needs_review,1 Kan ŋanbi nitoa yaala
ccfd5429c926fd5d,gux,,app,31,,,8 Nuntuali ŋmaami kuli ŋmannunyenga.,Tous les singes de l'ouest portent le même masque. Les gens d'une même région ont généralement la même façon de voir les choses.,,,,,,,,,,,,https://mooreburkina.com/fr/gulimancema/applications-gulmanchema,https://media.ipsapps.org/gux/ora/prov-v2/,apps/a88b53f826d43e1a/01-B001-001.html,adjacent_french_segment,0.75,needs_review,1 Kan ŋanbi nitoa yaala
cc6ef9c38878cb6b,gux,,app,35,,,9 ŋmanjagangangu jamoanli n daa ye li kani.,"Un singe orgueilleux, le chien rouge ne sera pas présent sur le terrain. Sens et emploi : se dit à un orgueilleux qui fait le malin devant les gens. Quand son supérieur sera arrivé il cessera ses vantardises.",,,,,,,,,,,,https://mooreburkina.com/fr/gulimancema/applications-gulmanchema,https://media.ipsapps.org/gux/ora/prov-v2/,apps/a88b53f826d43e1a/01-B001-001.html,adjacent_french_segment,0.75,needs_review,1 Kan ŋanbi nitoa yaala
ddb89971b36757f3,gux,,app,40,,,10 Poando yaa pia ŋmaaliñoagu wan bu o yuli.,Si un crapaud a le médicament de la gale il n'a qu'à se soigner d’abord. Sens et emploi : se dit à quelqu'un qui dit qu'il peut aider une personne à avoir quelque chose alors que lui-même n'a pas cette chose.,,,,,,,,,,,,https://mooreburkina.com/fr/gulimancema/applications-gulmanchema,https://media.ipsapps.org/gux/ora/prov-v2/,apps/a88b53f826d43e1a/01-B001-001.html,adjacent_french_segment,0.75,needs_review,1 Kan ŋanbi nitoa yaala
e0f18870f5d1b79a,gux,,app,44,,,11 O daani ŋuabo n ŋmani o daani di.,"La chèvre du propriétaire a mangé son mil (la chèvre a mangé le mil de son propriétaire) Sens et emploi : se dit à une personne qui gâte une chose et que la chose appartient à la famille. Personne d'autre que ceux de la famille n'a le droit d'intervenir, de parler.",,,,,,,,,,,,https://mooreburkina.com/fr/gulimancema/applications-gulmanchema,https://media.ipsapps.org/gux/ora/prov-v2/,apps/a88b53f826d43e1a/01-B001-001.html,adjacent_french_segment,0.75,needs_review,1 Kan ŋanbi nitoa yaala
719bdda36d64a1dc,gux,,app,50,,,12 ŋuanuagu lodiwaa baani ki o lielo luo.,Si une chèvre se détache elle ne sait pas que sa copine est attachée. Sens : se dit à quelqu'un qui a gagné quelque chose et qui ne veut pas que ses camarades l'aient aussi.,,,,,,,,,,,,https://mooreburkina.com/fr/gulimancema/applications-gulmanchema,https://media.ipsapps.org/gux/ora/prov-v2/,apps/a88b53f826d43e1a/01-B001-001.html,adjacent_french_segment,0.75,needs_review,1 Kan ŋanbi nitoa yaala
db368931bf325469,gux,,app,54,,,"13 ŋuanuakpeligu mali cindo, o fuodi yanbani.","Une vieille chèvre a mis bas un lion, elle n'a plus de souci. Sens : si un père a mis au monde quelqu'un de fort, il ne souffrira plus (il s'agit soit de la force corporelle, il pourra cultiver , travailler, pour son vieux père ; soit par sa situation, argent, bonne place.)",,,,,,,,,,,,https://mooreburkina.com/fr/gulimancema/applications-gulmanchema,https://media.ipsapps.org/gux/ora/prov-v2/,apps/a88b53f826d43e1a/01-B001-001.html,adjacent_french_segment,0.75,needs_review,1 Kan ŋanbi nitoa yaala
412a3f0848398011,gux,,app,58,,,"14 ŋoanuakpeligu baali mi bisinbilima li yandieli n ni, o yaa baa a juana po i naamuni n ta.","Une vieille chèvre tombe d'une crise d'épilepsie dans la bergerie, si elle tombe sur les montagnes, les hyènes la prendront. Sens et emploi : si tu veux faire le malin , fais le chez toi, mais si c'est dehors, on te frappera.",,,,,,,,,,,,https://mooreburkina.com/fr/gulimancema/applications-gulmanchema,https://media.ipsapps.org/gux/ora/prov-v2/,apps/a88b53f826d43e1a/01-B001-001.html,adjacent_french_segment,0.75,needs_review,1 Kan ŋanbi nitoa yaala
a0593013ba471cab,gux,,app,1,,,15 O ŋunbo lugidima dagidini o ciamo jiidima.,"La ruade de l'âne arrive au moment où le vieux descend de l'âne. Sens : si tu veux quelque chose et que tu l'obtiennes, tu pourras dire ce proverbe. Emploi : une chose arrive juste au moment où on la désirait.",,,,,,,,,,,,https://mooreburkina.com/fr/gulimancema/applications-gulmanchema,https://media.ipsapps.org/gux/ora/prov-v2/,apps/a88b53f826d43e1a/02-B002-001.html,adjacent_french_segment,0.75,needs_review,15 O ŋunbo lugidima
7c58dbe91ea2304e,gux,,app,6,,,"16 Pua da ŋunbo, o ŋunbo jaanda, o pua mo jaanda.","Une femme achète un âne, son âne est mauvais, la femme aussi est mauvaise. Sens : Quand on a aimé une fille et travaillé durement sans l'avoir eue, celui qui a été eu, c'est-à-dire qui n'a pas eu la fille, pourra dire ce proverbe, parce que les parents de celle-ci sont mauvais, la fille aussi est mauvaise. Les parents sont l'âne, ce sont eux qui commandent la fille.",,,,,,,,,,,,https://mooreburkina.com/fr/gulimancema/applications-gulmanchema,https://media.ipsapps.org/gux/ora/prov-v2/,apps/a88b53f826d43e1a/02-B002-001.html,adjacent_french_segment,0.75,needs_review,15 O ŋunbo lugidima
df99497d6f1d91cb,gux,,app,11,,,"17 Aljama lebidi, yua wali wan bia.","Le monde change, celui qui est imbécile sera perdu. Sens : Comme le monde a changé, tu ne peux plus faire comme avant. Emploi : Se dit à une personne avec laquelle on ne s'entend pas, en demandant au griot de jouer ce nom au tamtam.",,,,,,,,,,,,https://mooreburkina.com/fr/gulimancema/applications-gulmanchema,https://media.ipsapps.org/gux/ora/prov-v2/,apps/a88b53f826d43e1a/02-B002-001.html,adjacent_french_segment,0.75,needs_review,15 O ŋunbo lugidima
637e12308346efb1,gux,,app,16,,,18 Alla kubala kan ñani li muali li caali nni kali u baabu n cua.,Alla kubala ne fera pas sortir le musulman du puits si la corde ne vient pas.,,,,,,,,,,,,https://mooreburkina.com/fr/gulimancema/applications-gulmanchema,https://media.ipsapps.org/gux/ora/prov-v2/,apps/a88b53f826d43e1a/02-B002-001.html,adjacent_french_segment,0.75,needs_review,15 O ŋunbo lugidima
5a4d180930b02c0b,gux,,app,19,,,19 Dajenyenli kan loli baabu.,On ne lie pas un seul morceau de bois avec une corde.,,,,,,,,,,,,https://mooreburkina.com/fr/gulimancema/applications-gulmanchema,https://media.ipsapps.org/gux/ora/prov-v2/,apps/a88b53f826d43e1a/02-B002-001.html,adjacent_french_segment,0.75,needs_review,15 O ŋunbo lugidima
489795a94de221a7,gux,,app,22,,,20 Sangbanpunli baagibaagi koani mi ñama janjanma.,"La verge du chien négocie doucement pour la faire rentrer, mais pour la faire sortir il faut qu'il se querelle. Sens et emploi : Proverbe qui se dit pour celui qui a emprunté quelque chose en négociant, alors qu'il ne rend pas. Pour la ravoir, le propriétaire doit beaucoup demander.",,,,,,,,,,,,https://mooreburkina.com/fr/gulimancema/applications-gulmanchema,https://media.ipsapps.org/gux/ora/prov-v2/,apps/a88b53f826d43e1a/02-B002-001.html,adjacent_french_segment,0.75,needs_review,15 O ŋunbo lugidima
fb178ad63e643a57,gux,,app,27,,,21 O bado yaa tie pu o cie taliga.,"Si un chef ne vaut rien, il est plus qu'un inférieur. Un inférieur ne peut se prétendre plus fort qu'un supérieur. Emploi : Un supérieur pourra dire ce proverbe à un inférieur qui se croit plus fort que lui.",,,,,,,,,,,,https://mooreburkina.com/fr/gulimancema/applications-gulmanchema,https://media.ipsapps.org/gux/ora/prov-v2/,apps/a88b53f826d43e1a/02-B002-001.html,adjacent_french_segment,0.75,needs_review,15 O ŋunbo lugidima
6dc378eb8c2611cc,gux,,app,32,,,22 Balisicianma ba fandi kuasi yama.,"Un marchandage prolongé éclaire l'esprit du marchand, lui fait connaitre que sa marchandise a de la valeur.",,,,,,,,,,,,https://mooreburkina.com/fr/gulimancema/applications-gulmanchema,https://media.ipsapps.org/gux/ora/prov-v2/,apps/a88b53f826d43e1a/02-B002-001.html,adjacent_french_segment,0.75,needs_review,15 O ŋunbo lugidima
e683834aaa265719,gux,,app,35,,,23 Dinla bandili cie saála kpátaàli.,Le caleçon d'aujourd’hui vaut mieux que le pantalon de demain. Un tiens vaut mieux que deux tu l'auras. Sens et emploi : Posséder peu mais sûrement vaut mieux qu'espérer beaucoup mais sans certitude.,,,,,,,,,,,,https://mooreburkina.com/fr/gulimancema/applications-gulmanchema,https://media.ipsapps.org/gux/ora/prov-v2/,apps/a88b53f826d43e1a/02-B002-001.html,adjacent_french_segment,0.75,needs_review,15 O ŋunbo lugidima
e06f753325c234e9,gux,,app,40,,,24 A yaa ca tanpoli ki do kpakpalibu a nagini li banli.,Si tu vas au ciel et que tu montes dans un rônier tu approches d'une longue distance.,,,,,,,,,,,,https://mooreburkina.com/fr/gulimancema/applications-gulmanchema,https://media.ipsapps.org/gux/ora/prov-v2/,apps/a88b53f826d43e1a/02-B002-001.html,adjacent_french_segment,0.75,needs_review,15 O ŋunbo lugidima
edc114eeec4c73a1,gux,,app,43,,,25 Barlua ya ka ŋme baa nli o bado kuanu n ni.,"Si ce n'est le ver de terre; qui va aller chier dans le champ du chef? Sens : si ce n'est pas un fou, qui fera une chose anormale ? Emploi : se dit à quelqu'un qui ne pensait pas faire une mauvaise chose.",,,,,,,,,,,,https://mooreburkina.com/fr/gulimancema/applications-gulmanchema,https://media.ipsapps.org/gux/ora/prov-v2/,apps/a88b53f826d43e1a/02-B002-001.html,adjacent_french_segment,0.75,needs_review,15 O ŋunbo lugidima
210252eafe3b5c42,gux,,app,55,,,27 Utienu n jiini a len baani an yaa tagidi i bensoangili.,"Que Dieu te fasse descendre avec la santé, et passer de branche en branche. Sens : Si quelqu'un dit que Dieu me protège, il faut qu'il fasse le bien, sinon Dieu ne le protègera pas. Emploi : se dit à quelqu'un qui fait du mal et qui dit: Que Dieu le protège.",,,,,,,,,,,,https://mooreburkina.com/fr/gulimancema/applications-gulmanchema,https://media.ipsapps.org/gux/ora/prov-v2/,apps/a88b53f826d43e1a/02-B002-001.html,adjacent_french_segment,0.75,needs_review,15 O ŋunbo lugidima
f90914012d2f3182,gux,,app,60,,,28 Benpoli kan nia len panli kelma bi paalu ki da.,"Le mollet ne se chicanera pas avec la cuisse parce que leur force n'est pas égale. Sens : Celui qui n'a pas la force ne se chicanera pas avec plus fort que lui. Emploi : Si un fort et un faible se chicanent, le plus fort lui dira ce proverbe.",,,,,,,,,,,,https://mooreburkina.com/fr/gulimancema/applications-gulmanchema,https://media.ipsapps.org/gux/ora/prov-v2/,apps/a88b53f826d43e1a/02-B002-001.html,adjacent_french_segment,0.75,needs_review,15 O ŋunbo lugidima
baa7e6282769ef51,gux,,app,1,,,29 Katonjakpeligu mabiadu biadi o kpandi.,Les paroles méchantes du vieux coq restent dans son gésier. Les mauvaises paroles du vieux coq retournent dans ses barbillons.,,,,,,,,,,,,https://mooreburkina.com/fr/gulimancema/applications-gulmanchema,https://media.ipsapps.org/gux/ora/prov-v2/,apps/a88b53f826d43e1a/03-B003-001.html,adjacent_french_segment,0.75,needs_review,29 Katonjakpeligu mabiadu
84dac01090ec6ecb,gux,,app,5,,,30 Ku ñin biagu ya bani mi ñima o ñoabo cie.,"Si la pirogue connait l'eau, le crocodile encore plus. Un père pourra dire ce proverbe à son fils qui prétend tout connaître. C'est le père qui connait davantage que le fils.",,,,,,,,,,,,https://mooreburkina.com/fr/gulimancema/applications-gulmanchema,https://media.ipsapps.org/gux/ora/prov-v2/,apps/a88b53f826d43e1a/03-B003-001.html,adjacent_french_segment,0.75,needs_review,29 Katonjakpeligu mabiadu
37c798e3d0e92f9d,gux,,app,10,,,31 Bialbiala gaa ñ cie.,"Bonjour, prends et bois est mieux Sens : l'étranger aime la salutation mais préfère qu'on lui donne à boire. Emploi : il s'agit de bien accueillir même si on n' a rien à donner.",,,,,,,,,,,,https://mooreburkina.com/fr/gulimancema/applications-gulmanchema,https://media.ipsapps.org/gux/ora/prov-v2/,apps/a88b53f826d43e1a/03-B003-001.html,adjacent_french_segment,0.75,needs_review,29 Katonjakpeligu mabiadu
7f3513aa952bc461,gux,,app,15,,,32 Nu yaa jia u daani biali.,"Si la main n'est pas coupée, c'est qu'elle espère un bracelet. Sens : Si un pauvre va voir un riche qui lui refuse son aide, le pauvre pourra lui dire ce proverbe.",,,,,,,,,,,,https://mooreburkina.com/fr/gulimancema/applications-gulmanchema,https://media.ipsapps.org/gux/ora/prov-v2/,apps/a88b53f826d43e1a/03-B003-001.html,adjacent_french_segment,0.75,needs_review,29 Katonjakpeligu mabiadu
3d5885238d65f795,gux,,app,19,,,33 Nilo yaa biali a bonŋanla len nunmanga li pia pamanli cie wan pa a bonla.,"Si quelqu'un te souhaite la bienvenue avec un visage réjoui, cela te donne plus de joie que s'il te donne un cadeau.",,,,,,,,,,,,https://mooreburkina.com/fr/gulimancema/applications-gulmanchema,https://media.ipsapps.org/gux/ora/prov-v2/,apps/a88b53f826d43e1a/03-B003-001.html,adjacent_french_segment,0.75,needs_review,29 Katonjakpeligu mabiadu
3e5d0a4a6f19794e,gux,,app,21,,,Sens : Bien recevoir une personne est mieux que de lui donner quelque chose et de rester triste.,Emploi : celui qui a reçu quelque chose d'un donateur qui lui présente un mauvais visage pourra lui dire cette maxime.,,,,,,,,,,,,https://mooreburkina.com/fr/gulimancema/applications-gulmanchema,https://media.ipsapps.org/gux/ora/prov-v2/,apps/a88b53f826d43e1a/03-B003-001.html,adjacent_french_segment,0.75,needs_review,29 Katonjakpeligu mabiadu
418b0f55d091e9e7,gux,,app,24,,,34 Gaadipua ki taa o lielo biali.,La folle n'a pas la façon d'une autre de mettre le cache-sexe.,,,,,,,,,,,,https://mooreburkina.com/fr/gulimancema/applications-gulmanchema,https://media.ipsapps.org/gux/ora/prov-v2/,apps/a88b53f826d43e1a/03-B003-001.html,adjacent_french_segment,0.75,needs_review,29 Katonjakpeligu mabiadu
fe4ba923cf16d2ea,gux,,app,27,,,"35 Ki bipiankaaga n fundi len kankagili, o yaaga n fundi len o nuu.","C'est l'enfant confié qui est réveillé avec une tige de mil, son propre enfant l'est avec la main. Sens : Si tu frappes l'enfant d'un autre pour le réveiller tu pourras dire ce proverbe.",,,,,,,,,,,,https://mooreburkina.com/fr/gulimancema/applications-gulmanchema,https://media.ipsapps.org/gux/ora/prov-v2/,apps/a88b53f826d43e1a/03-B003-001.html,adjacent_french_segment,0.75,needs_review,29 Katonjakpeligu mabiadu
5e0779010f45d952,gux,,app,31,,,36 Biga yaa maadi ki bi la o ba ti maadi ban mua.,"Si un enfant parle et qu'on rit, il parlera un jour et on pleurera. Sens : Si un enfant fait quelque chose de mauvais et qu'on ne lui dit rien, il fera un jour quelque chose de mauvais, et alors on parlera. Emploi : se dit à un enfant qui ne respecte pas les gens.",,,,,,,,,,,,https://mooreburkina.com/fr/gulimancema/applications-gulmanchema,https://media.ipsapps.org/gux/ora/prov-v2/,apps/a88b53f826d43e1a/03-B003-001.html,adjacent_french_segment,0.75,needs_review,29 Katonjakpeligu mabiadu
b4b0e75a209b82f4,gux,,app,36,,,37 Ba ki biga yaa mua o nan bua o naa.,"Même si l'enfant ne pleure pas il a besoin de sa mère. Emploi : Si quelqu'un garde l'argent de son ami en dépôt, et qu'il vienne lui réclamer, il citera ce proverbe.",,,,,,,,,,,,https://mooreburkina.com/fr/gulimancema/applications-gulmanchema,https://media.ipsapps.org/gux/ora/prov-v2/,apps/a88b53f826d43e1a/03-B003-001.html,adjacent_french_segment,0.75,needs_review,29 Katonjakpeligu mabiadu
3e6cb994f177a714,gux,,app,40,,,38 Bigbabili kan deni caali.,"L'enfant gâté ne s'appuiera pas contre le puits. Sens : S'il est gâté c'est devant ses parents ; s'il sort, qu'il laisse son mauvais caractère, sinon on va le frapper.",,,,,,,,,,,,https://mooreburkina.com/fr/gulimancema/applications-gulmanchema,https://media.ipsapps.org/gux/ora/prov-v2/,apps/a88b53f826d43e1a/03-B003-001.html,adjacent_french_segment,0.75,needs_review,29 Katonjakpeligu mabiadu
08c46d65ac182aca,gux,,app,44,,,39 Ki siga jaandi o bindaano.,La mouche remercie le chieur.,,,,,,,,,,,,https://mooreburkina.com/fr/gulimancema/applications-gulmanchema,https://media.ipsapps.org/gux/ora/prov-v2/,apps/a88b53f826d43e1a/03-B003-001.html,adjacent_french_segment,0.75,needs_review,29 Katonjakpeligu mabiadu
a9a4b77a138a562c,gux,,app,47,,,40 Ki bituodiga tubili ya ki bi diaa lindi o kuanu.,L'oreille de l'enfant obéissant on la tire pour lui faire faire le tour du champ. Sens et emploi : se dit d'un père qui a un enfant obéissant et qui l'oblige à faire un travail qui le dépasse.,,,,,,,,,,,,https://mooreburkina.com/fr/gulimancema/applications-gulmanchema,https://media.ipsapps.org/gux/ora/prov-v2/,apps/a88b53f826d43e1a/03-B003-001.html,adjacent_french_segment,0.75,needs_review,29 Katonjakpeligu mabiadu
edd538dd65be3621,gux,,app,51,,,"41 Kagili a boa, kagili a yanda.","Tige tu es courbée, tige tu es dressée. Sens : Celui qui a honte baisse la tête, celui qui n'a pas honte dresse la tête.",,,,,,,,,,,,https://mooreburkina.com/fr/gulimancema/applications-gulmanchema,https://media.ipsapps.org/gux/ora/prov-v2/,apps/a88b53f826d43e1a/03-B003-001.html,adjacent_french_segment,0.75,needs_review,29 Katonjakpeligu mabiadu
bc8e0485f26ee4f5,gux,,app,55,,,42 Boaga n baa o yua n baa o jeligu mangi.,"Un chien gagne, son compagnon gagne, l'amusement réjouit. Sens : Un service rendu à un ami demande à être rendu. Emploi : Se dit à un ami à qui j'ai rendu service et qui ne me le rend pas.",,,,,,,,,,,,https://mooreburkina.com/fr/gulimancema/applications-gulmanchema,https://media.ipsapps.org/gux/ora/prov-v2/,apps/a88b53f826d43e1a/03-B003-001.html,adjacent_french_segment,0.75,needs_review,29 Katonjakpeligu mabiadu
0b61f35cc3001192,gux,,app,1,,,43 Mi fantama soanma n ne kii boe dua.,C'est sur la cendre refroidie que les chiens dorment. Sens : C'est la vie qui a changé les enfants. Emploi : Se dit à un enfant qui ne respecte pas ses parents.,,,,,,,,,,,,https://mooreburkina.com/fr/gulimancema/applications-gulmanchema,https://media.ipsapps.org/gux/ora/prov-v2/,apps/a88b53f826d43e1a/04-B004-001.html,adjacent_french_segment,0.75,needs_review,43 Mi fantama soanma n ne
b00f903548a7e5fd,gux,,app,6,,,44 Baa wangi boagidayuagu nandi.,"On ne montre pas la viande à l'outre en peau, (parce que la viande en vient). Emploi : Se dit à celui qui fait des promesses et ne les tient pas.",,,,,,,,,,,,https://mooreburkina.com/fr/gulimancema/applications-gulmanchema,https://media.ipsapps.org/gux/ora/prov-v2/,apps/a88b53f826d43e1a/04-B004-001.html,adjacent_french_segment,0.75,needs_review,43 Mi fantama soanma n ne
a4dc7f1175ed9150,gux,,app,10,,,45 Puni ki li gbeni laa bi yabi li boagili n ni.,"Donner et c'est fini, c'est qu'il n'y avait pas beaucoup d'argent dans mon portemonnaie. Sens : quand l'argent a totalement été donné, et que le griot en réclame encore, le voisin dira cette sentence.",,,,,,,,,,,,https://mooreburkina.com/fr/gulimancema/applications-gulmanchema,https://media.ipsapps.org/gux/ora/prov-v2/,apps/a88b53f826d43e1a/04-B004-001.html,adjacent_french_segment,0.75,needs_review,43 Mi fantama soanma n ne
a831368b934580c2,gux,,app,14,,,46 A yaa yugidi a boagu a kan lugidi liba.,"Si tu ne lèves pas le bras, tu ne pourras rien lancer. Sens : Celui qui entreprend quelque chose c'est qu'il a les moyens de le faire. Emploi : se dit à quelqu'un qui est contre les actions d'un autre.",,,,,,,,,,,,https://mooreburkina.com/fr/gulimancema/applications-gulmanchema,https://media.ipsapps.org/gux/ora/prov-v2/,apps/a88b53f826d43e1a/04-B004-001.html,adjacent_french_segment,0.75,needs_review,43 Mi fantama soanma n ne
6d13c28110b60636,gux,,app,19,,,47 Boaliga yaa maadi ki o baa ŋma luomo o daani tuugu.,"Si la céphalophe dit qu'elle va cogner un éléphant, c'est qu'elle espère un buisson. Sens : Si un petit frappe un plus grand c'est qu'il espère de l'aide. Emploi : Le plus petit dira ce proverbe au plus grand qui le frappe.",,,,,,,,,,,,https://mooreburkina.com/fr/gulimancema/applications-gulmanchema,https://media.ipsapps.org/gux/ora/prov-v2/,apps/a88b53f826d43e1a/04-B004-001.html,adjacent_french_segment,0.75,needs_review,43 Mi fantama soanma n ne
46338328c58d242c,gux,,app,24,,,48 Tuli ŋmani nuano li bonbalinkaala n woni liba.,"Une termitière mange un oiseau, ce qui rampe se cache soi-même. Emploi : expression utilisée pour amener un argument à fortiori.",,,,,,,,,,,,https://mooreburkina.com/fr/gulimancema/applications-gulmanchema,https://media.ipsapps.org/gux/ora/prov-v2/,apps/a88b53f826d43e1a/04-B004-001.html,adjacent_french_segment,0.75,needs_review,43 Mi fantama soanma n ne
894b42a535462d97,gux,,app,28,,,"49 Bonpiendi miali kan tabi, wa tabi o wan tugi wanwana.","Le nez d'un blanc ne se serre pas entre les doigts; car celui qui le serrera portera des tines. Sens et emploi : se dit à quelqu'un qui veut faire quelque chose de mauvais. S'il a fait cette chose, il aura des problèmes, ça lui coutera cher.",,,,,,,,,,,,https://mooreburkina.com/fr/gulimancema/applications-gulmanchema,https://media.ipsapps.org/gux/ora/prov-v2/,apps/a88b53f826d43e1a/04-B004-001.html,adjacent_french_segment,0.75,needs_review,43 Mi fantama soanma n ne
80d179268cd0966d,gux,,app,33,,,50 Bonpienluodo kan kpaa longu.,"Un blanc pauvre ne frappe pas un arbre creux. Sens : On frappe un arbre creux avec la daba pour savoir ce qu'il y a à l'intérieur. Si les abeilles sortent c'est qu'il y a du miel, si c'est un écureuil, c'est qu'il y a un animal à tuer pour manger.",,,,,,,,,,,,https://mooreburkina.com/fr/gulimancema/applications-gulmanchema,https://media.ipsapps.org/gux/ora/prov-v2/,apps/a88b53f826d43e1a/04-B004-001.html,adjacent_french_segment,0.75,needs_review,43 Mi fantama soanma n ne
3c5ca17ae78937e1,gux,,app,38,,,51 Bonpienluodo kan luo tanga.,"Un blanc pauvre ne manquera pas de 50 centimes. Sens : Même si je suis né pauvre, j'aurai ce qu'il faut pour vivre.",,,,,,,,,,,,https://mooreburkina.com/fr/gulimancema/applications-gulmanchema,https://media.ipsapps.org/gux/ora/prov-v2/,apps/a88b53f826d43e1a/04-B004-001.html,adjacent_french_segment,0.75,needs_review,43 Mi fantama soanma n ne
60fe36bfafe161d7,gux,,app,42,,,"52 Bonwaaga yaa ye nikpelii ye, wan buali a gbada ki posi ba.","Si un enfant dit que les vieux n'existent pas il n'a qu'à interroger les lépreux et les saluer. Sens : Si un enfant dit que personne n'est supérieur à lui, il sera toujours malheureux.",,,,,,,,,,,,https://mooreburkina.com/fr/gulimancema/applications-gulmanchema,https://media.ipsapps.org/gux/ora/prov-v2/,apps/a88b53f826d43e1a/04-B004-001.html,adjacent_french_segment,0.75,needs_review,43 Mi fantama soanma n ne
7b7817de7608797b,gux,,app,46,,,53 Bonwaaga yaa dinii guo o baa yedi ki Utienu n jiidi ki ban mua.,"Si un enfant a mangé à satiété, il dira que Dieu descende pour lutter. Sens : Un vieux peut dire ce proverbe a un enfant qui se moque de lui.",,,,,,,,,,,,https://mooreburkina.com/fr/gulimancema/applications-gulmanchema,https://media.ipsapps.org/gux/ora/prov-v2/,apps/a88b53f826d43e1a/04-B004-001.html,adjacent_french_segment,0.75,needs_review,43 Mi fantama soanma n ne
307921c749d508e1,gux,,app,50,,,54 O buabualo gaani ku lantongu ama o kan tudi sanu.,"Un questionneur reçoit une parole amère, mais ne se trompe pas de chemin. Sens et emploi : A celui qui interroge pour tout connaitre on pourra dire ce proverbe. Il est tellement bien renseigné qu'il ne se trompera pas de chemin.",,,,,,,,,,,,https://mooreburkina.com/fr/gulimancema/applications-gulmanchema,https://media.ipsapps.org/gux/ora/prov-v2/,apps/a88b53f826d43e1a/04-B004-001.html,adjacent_french_segment,0.75,needs_review,43 Mi fantama soanma n ne
c8bbff223c3bf56a,gux,,app,64,,,56 Moala buamii ki tie bua fanma.,Maintenant l'amour ce n'est pas pour rien. Sens : Quand un homme est riche on vient le saluer pour ses biens. Emploi : Celui qui est riche peut dire ce proverbe à ceux qui viennent le voir.,,,,,,,,,,,,https://mooreburkina.com/fr/gulimancema/applications-gulmanchema,https://media.ipsapps.org/gux/ora/prov-v2/,apps/a88b53f826d43e1a/04-B004-001.html,adjacent_french_segment,0.75,needs_review,43 Mi fantama soanma n ne
c81fdf35823f4913,gux,,app,1,,,57 Bua tonma wan da sangbanlo yuli.,"C'est celui qui est pressé qui achète la tête du chien. Sens : si tu es pressé tu n'auras pas tout ce que tu veux. Emploi : se dit à quelqu'un qui est trop pressé de recevoir quelque chose, par exemple, si tu engages quelqu'un pour un travail et qu'il veut l'argent de suite sans rien faire, tu pourras lui dire ce proverbe.",,,,,,,,,,,,https://mooreburkina.com/fr/gulimancema/applications-gulmanchema,https://media.ipsapps.org/gux/ora/prov-v2/,apps/a88b53f826d43e1a/05-B005-001.html,adjacent_french_segment,0.75,needs_review,57 Bua tonma wan da
ec913c117b6dcabc,gux,,app,6,,,58 Nilo yaa maadi mii goa ñoagu o la buliñoagundili.,"Si quelqu'un dit je n'ai pas dormi la nuit, il se moque des bois qui maintiennent le sécot/natte de porte. Sens et emploi : celui qui se plaint à propos de n'importe quoi devant quelqu'un qui est plus malheureux que lui, le plus malheureux pourra lui dire ce proverbe.",,,,,,,,,,,,https://mooreburkina.com/fr/gulimancema/applications-gulmanchema,https://media.ipsapps.org/gux/ora/prov-v2/,apps/a88b53f826d43e1a/05-B005-001.html,adjacent_french_segment,0.75,needs_review,57 Bua tonma wan da
a5f7dc4f673e7705,gux,,app,10,,,"59 Jawaaganganli ki bani ki buliñoakoali kandima pa, se o podi ya yoguni.",Un jeune entêté à faire ce qu'on lui défend ne sait pas que l'enjambement du seuil de la porte est difficile sauf quand il sera vieux.,,,,,,,,,,,,https://mooreburkina.com/fr/gulimancema/applications-gulmanchema,https://media.ipsapps.org/gux/ora/prov-v2/,apps/a88b53f826d43e1a/05-B005-001.html,adjacent_french_segment,0.75,needs_review,57 Bua tonma wan da
3d86c5c7a45a32b8,gux,,app,13,,,60 Ki nungi yaa ŋani li nan cie li bunkpanli wani.,Un visage qui n'est pas beau est plus que l'os occipital. Sens : Se dit de celui qui veut être plus que son camarade. Celui qui possède effectivement plus pourra lui dire ce proverbe.,,,,,,,,,,,,https://mooreburkina.com/fr/gulimancema/applications-gulmanchema,https://media.ipsapps.org/gux/ora/prov-v2/,apps/a88b53f826d43e1a/05-B005-001.html,adjacent_french_segment,0.75,needs_review,57 Bua tonma wan da
eb616fc361378174,gux,,app,18,,,61 Diedaano buoli ki ye die yua waagi ye.,"Il n' y a pas de réserve de chef de concession, mais il existe quelqu’un qui a vieilli.",,,,,,,,,,,,https://mooreburkina.com/fr/gulimancema/applications-gulmanchema,https://media.ipsapps.org/gux/ora/prov-v2/,apps/a88b53f826d43e1a/05-B005-001.html,adjacent_french_segment,0.75,needs_review,57 Bua tonma wan da
0054ad590255fda3,gux,,app,21,,,62 Pua lia manma ki ba caali n ni.,Une femme se retire de la rosée pour tomber dans un puits. Sens : se dit à quelqu'un qui évite quelque chose pour tomber ailleurs.,,,,,,,,,,,,https://mooreburkina.com/fr/gulimancema/applications-gulmanchema,https://media.ipsapps.org/gux/ora/prov-v2/,apps/a88b53f826d43e1a/05-B005-001.html,adjacent_french_segment,0.75,needs_review,57 Bua tonma wan da
e14bccf22febd278,gux,,app,25,,,63 Ban n ya caa caali n ni n nan bani puoba n wuu ki bi mula n cuubi naani.,"Même si je ne vais pas au puits, je connais où le derrière des femmes se dirige quand elles se lèvent. Sens: Même si je n'ai pas d'argent, je sais ce que c'est que l'argent. On n'apprend pas à quelqu'un une chose qu'il connait déjà.",,,,,,,,,,,,https://mooreburkina.com/fr/gulimancema/applications-gulmanchema,https://media.ipsapps.org/gux/ora/prov-v2/,apps/a88b53f826d43e1a/05-B005-001.html,adjacent_french_segment,0.75,needs_review,57 Bua tonma wan da
2e6f5e77201f7cd6,gux,,app,30,,,64 A ya ye o kpenu po a baani o ŋudo muuli n nua naani po.,"Si tu es au marigot, tu sais où le derrière de celui qui lave regarde.",,,,,,,,,,,,https://mooreburkina.com/fr/gulimancema/applications-gulmanchema,https://media.ipsapps.org/gux/ora/prov-v2/,apps/a88b53f826d43e1a/05-B005-001.html,adjacent_french_segment,0.75,needs_review,57 Bua tonma wan da
827e95dfd1846cdd,gux,,app,33,,,65 Caano yaa piidi wula bi dotieba n cedi o leni nanga.,Si l’étranger trouve de l'or que les villageois laissent la haine. Sens : l'étranger dira ce proverbe aux villageois qui voudraient lui prendre ce qu'il a gagné.,,,,,,,,,,,,https://mooreburkina.com/fr/gulimancema/applications-gulmanchema,https://media.ipsapps.org/gux/ora/prov-v2/,apps/a88b53f826d43e1a/05-B005-001.html,adjacent_french_segment,0.75,needs_review,57 Bua tonma wan da
918215c4aaccca3e,gux,,app,37,,,66 Cedi lan kuugi n di leni bi canba.,"Attends que ça refroidisse, celui-là mange avec les étrangers.",,,,,,,,,,,,https://mooreburkina.com/fr/gulimancema/applications-gulmanchema,https://media.ipsapps.org/gux/ora/prov-v2/,apps/a88b53f826d43e1a/05-B005-001.html,adjacent_french_segment,0.75,needs_review,57 Bua tonma wan da
2e9805e25389231c,gux,,app,40,,,67 Ka lan soangi wain ya di len canba.,Assieds-toi que ça refroidisse celui-là mange avec les étrangers. Sens : Mieux vaut manger rapidement sa nourriture que de la laisser refroidir et s'exposer à voir arriver des étrangers avec lesquels il faudra partager. Emploi : Se dit à une personne qui refuse de manger vite sa part.,,,,,,,,,,,,https://mooreburkina.com/fr/gulimancema/applications-gulmanchema,https://media.ipsapps.org/gux/ora/prov-v2/,apps/a88b53f826d43e1a/05-B005-001.html,adjacent_french_segment,0.75,needs_review,57 Bua tonma wan da
e1288a3a128f1588,gux,,app,45,,,68 Caano bandi diedaano fanma caana yaa waani o.,"Si l’étranger connait l'imbécilité du chef de concession, c'est sa femme qui le lui a dit.",,,,,,,,,,,,https://mooreburkina.com/fr/gulimancema/applications-gulmanchema,https://media.ipsapps.org/gux/ora/prov-v2/,apps/a88b53f826d43e1a/05-B005-001.html,adjacent_french_segment,0.75,needs_review,57 Bua tonma wan da
d86e18b610f78695,gux,,app,48,,,69 Caanii pagi se o waagi.,(Caani paagi gari wa bindi). Un hôte est loué s'il demeure longtemps. Sens : Se dit à quelqu'un qui veut être félicité alors qu'on ne connait pas encore sa conduite.,,,,,,,,,,,,https://mooreburkina.com/fr/gulimancema/applications-gulmanchema,https://media.ipsapps.org/gux/ora/prov-v2/,apps/a88b53f826d43e1a/05-B005-001.html,adjacent_french_segment,0.75,needs_review,57 Bua tonma wan da
e604c70472cc7286,gux,,app,54,,,70 Caano waadi o cua leni ti.,Le froid de l'étranger il est venu avec. Sens : si un étranger se plaint du froid il est venu sans ce qui peut le protéger.,,,,,,,,,,,,https://mooreburkina.com/fr/gulimancema/applications-gulmanchema,https://media.ipsapps.org/gux/ora/prov-v2/,apps/a88b53f826d43e1a/05-B005-001.html,adjacent_french_segment,0.75,needs_review,57 Bua tonma wan da
f4fb7ddd0fb7b27c,gux,,app,1,,,71 Caano kpiedi ti goandi o kan kpiedi maama.,"(Caano looni goandu o kan looni maama). L'hôte prend quelque chose dans la sauce, il ne prend pas les paroles. Emploi : Se dit à quelqu'un qui se mêle de ce qui ne le regarde pas.",,,,,,,,,,,,https://mooreburkina.com/fr/gulimancema/applications-gulmanchema,https://media.ipsapps.org/gux/ora/prov-v2/,apps/a88b53f826d43e1a/06-B006-001.html,adjacent_french_segment,0.75,needs_review,71 Caano kpiedi ti goandi
cc861179b1220a76,gux,,app,7,,,72 A danli yaa puni a cacaagu an kubi a yaa cacaagu.,Si ton ami te donne une chaussure garde l'ancienne. Sens : Si on te donne quelque chose de nouveau; ne jette pas l'ancienne. Si tu te maries avec une nouvelle femme; ne renvoie pas la première car tu ne connais pas le caractère de la nouvelle. Emploi : Se dit à quelqu'un qui trouve quelque chose et qui abandonne l'ancienne.,,,,,,,,,,,,https://mooreburkina.com/fr/gulimancema/applications-gulmanchema,https://media.ipsapps.org/gux/ora/prov-v2/,apps/a88b53f826d43e1a/06-B006-001.html,adjacent_french_segment,0.75,needs_review,71 Caano kpiedi ti goandi
6feaf9bec5233eaa,gux,,app,13,,,73 Ali cadimoanga tugi lan pendi o o ba tudi o buogu.,Si une fourmi porte plus gros qu'elle elle se trompera de trou. Sens : Se dit à quelqu'un qui se mêle d'affaires qui ne le concernent pas. C'est alors qu'il aura des problèmes.,,,,,,,,,,,,https://mooreburkina.com/fr/gulimancema/applications-gulmanchema,https://media.ipsapps.org/gux/ora/prov-v2/,apps/a88b53f826d43e1a/06-B006-001.html,adjacent_french_segment,0.75,needs_review,71 Caano kpiedi ti goandi
e494f5f43dc485eb,gux,,app,18,,,74 Ali a bua tontoni an cengi a taali.,"Si tu veux tout de suite, écoute ton pied (c'est-à-dire attends la personne qui peut te dépasser). Sens : se dit à quelqu'un qui veut faire quelque chose et qui n'en a pas les moyens. Il est obligé d'attendre celui qui peut.",,,,,,,,,,,,https://mooreburkina.com/fr/gulimancema/applications-gulmanchema,https://media.ipsapps.org/gux/ora/prov-v2/,apps/a88b53f826d43e1a/06-B006-001.html,adjacent_french_segment,0.75,needs_review,71 Caano kpiedi ti goandi
8dd9a20fed0295a5,gux,,app,23,,,75 Leni li cenli cie leni mi kalima.,Quelqu'un qui marche c'est mieux que le fait d'être assis. Sens et emploi : se dit à quelqu'un qui ne veut pas travailler et qui veut avoir quelque chose. C'est celui qui marche en cherchant qui est mieux que celui qui est assis.,,,,,,,,,,,,https://mooreburkina.com/fr/gulimancema/applications-gulmanchema,https://media.ipsapps.org/gux/ora/prov-v2/,apps/a88b53f826d43e1a/06-B006-001.html,adjacent_french_segment,0.75,needs_review,71 Caano kpiedi ti goandi
6953ffcda79ebb56,gux,,app,28,,,76 Cianwuodo ki bana gari i kaga yadi.,"Un perroquet caché n'est pas reconnu sauf quand les tiges de mil sont dispersées. Sens : Si j'aime une fille et qu'elle se marie et que je continue à la chercher, on peut me dire ce proverbe. Si lorsqu'elle était libre, je ne l'ai pas eue, je ne l'aurai pas, parce qu'elle est mariée. Emploi : Se dit à quelqu'un qui espère quelque chose qu'il ne peut avoir.",,,,,,,,,,,,https://mooreburkina.com/fr/gulimancema/applications-gulmanchema,https://media.ipsapps.org/gux/ora/prov-v2/,apps/a88b53f826d43e1a/06-B006-001.html,adjacent_french_segment,0.75,needs_review,71 Caano kpiedi ti goandi
3d9892adc7e9eab6,gux,,app,34,,,77 Ciciliga yaa yie ŋe o lielo ba ŋmani.,"Si le ciciliga(l'esprit) refuse le sésame son semblable va le manger. Sens : si une personne refuse quelque chose à un autre, une tierce-personne pourra le lui accorder. Emploi : Ce proverbe est dit par la personne qui a eu le refus.",,,,,,,,,,,,https://mooreburkina.com/fr/gulimancema/applications-gulmanchema,https://media.ipsapps.org/gux/ora/prov-v2/,apps/a88b53f826d43e1a/06-B006-001.html,adjacent_french_segment,0.75,needs_review,71 Caano kpiedi ti goandi
4aa7abdf2fa2420c,gux,,app,39,,,78 Cindiŋmindo ŋmini leni janbi.,"Le lion qui se tait est traître. Sens : celui qui se tait est plus dangereux que celui qui parle, parce qu’on ne sait pas ce qu'il pense.",,,,,,,,,,,,https://mooreburkina.com/fr/gulimancema/applications-gulmanchema,https://media.ipsapps.org/gux/ora/prov-v2/,apps/a88b53f826d43e1a/06-B006-001.html,adjacent_french_segment,0.75,needs_review,71 Caano kpiedi ti goandi
fb0f283854c5f16c,gux,,app,43,,,79 Cuani liba baa kuni leni liba.,Celui qui a amené quelque chose repartira avec quelque chose. Sens : se dit à quelqu'un qui est venu les mains vides et qui espère repartir avec quelque chose.,,,,,,,,,,,,https://mooreburkina.com/fr/gulimancema/applications-gulmanchema,https://media.ipsapps.org/gux/ora/prov-v2/,apps/a88b53f826d43e1a/06-B006-001.html,adjacent_french_segment,0.75,needs_review,71 Caano kpiedi ti goandi
2bb4ad12226df328,gux,,app,47,,,80 Ki daaga koa yendiyendo ki ban gbie ki daaga.,Un à un les hommes remplissent le marché.,,,,,,,,,,,,https://mooreburkina.com/fr/gulimancema/applications-gulmanchema,https://media.ipsapps.org/gux/ora/prov-v2/,apps/a88b53f826d43e1a/06-B006-001.html,adjacent_french_segment,0.75,needs_review,71 Caano kpiedi ti goandi
ed8b0b3d44e784d9,gux,,app,49,,,Sens : Toute chose commence petitement.,Le petits ruisseaux font les grandes rivières. Petit à petit l'oiseau fait son nid.,,,,,,,,,,,,https://mooreburkina.com/fr/gulimancema/applications-gulmanchema,https://media.ipsapps.org/gux/ora/prov-v2/,apps/a88b53f826d43e1a/06-B006-001.html,adjacent_french_segment,0.75,needs_review,71 Caano kpiedi ti goandi
196f5f4551d27229,gux,,app,53,,,81 Ti daari n tie mi fantama a kankaga tie mi jiama.,"C'est le bois qui est le feu, les tiges de mil ça n'est que de la potasse. Sens : Celui qui est supérieur, c'est lui qu'on doit vénérer, le reste est zéro.",,,,,,,,,,,,https://mooreburkina.com/fr/gulimancema/applications-gulmanchema,https://media.ipsapps.org/gux/ora/prov-v2/,apps/a88b53f826d43e1a/06-B006-001.html,adjacent_french_segment,0.75,needs_review,71 Caano kpiedi ti goandi
dac7088a79cbf98a,gux,,app,57,,,82 Ali nilo daani a li ŋani wan ba.,"Si quelqu'un espère en toi, c'est bien qu'il obtienne ce qu'il espère. Sens : si tu travailles beaucoup c'est bien que tu aies beaucoup. Emploi: se dit a celui qui n'a pas obtenu ce sur quoi il comptait.",,,,,,,,,,,,https://mooreburkina.com/fr/gulimancema/applications-gulmanchema,https://media.ipsapps.org/gux/ora/prov-v2/,apps/a88b53f826d43e1a/06-B006-001.html,adjacent_french_segment,0.75,needs_review,71 Caano kpiedi ti goandi
0e2c4c2d52da6260,gux,,app,62,,,83 Ki dabunga yaa ñani o konbu pakile.,"Si le margouillat a sorti ses bourses, la situation est pénible. Sens : Locution pour dire qu'une conjoncture est pénible, difficile, par allusion à la marche pénible du margouillat dans la situation susdite.",,,,,,,,,,,,https://mooreburkina.com/fr/gulimancema/applications-gulmanchema,https://media.ipsapps.org/gux/ora/prov-v2/,apps/a88b53f826d43e1a/06-B006-001.html,adjacent_french_segment,0.75,needs_review,71 Caano kpiedi ti goandi
9d13d424646aa536,gux,,app,66,,,84 O dabuno yaa ŋali kpatali o bani wan baa bili o juoli naani.,Si le margouillat a cousu une culotte il sait où il va mettre la queue. Sens : On sait se servir d'un objet qu'on a fabriqué.,,,,,,,,,,,,https://mooreburkina.com/fr/gulimancema/applications-gulmanchema,https://media.ipsapps.org/gux/ora/prov-v2/,apps/a88b53f826d43e1a/06-B006-001.html,adjacent_french_segment,0.75,needs_review,71 Caano kpiedi ti goandi
c7e2de34300c7c15,gux,,app,1,,,85 Dadaano ki fani cie «Tieni».,Le vendeur de dolo ne sera pas plus malin que l'acheteur qui dit «sers-moi». Sens : L'acheteur peut payer crédit sans que le vendeur ne le sache. Emploi : se dit à un commerçant qui se croit plus malin que l'acheteur.,,,,,,,,,,,,https://mooreburkina.com/fr/gulimancema/applications-gulmanchema,https://media.ipsapps.org/gux/ora/prov-v2/,apps/a88b53f826d43e1a/07-B007-001.html,adjacent_french_segment,0.75,needs_review,85 Dadaano ki fani cie
ae92505dc81a250f,gux,,app,6,,,86 Dari ki n dari paari yiega.,"Tire que je tire divise la calebasse. Sens : se dit à une personne qui en provoque une autre. Si la personne ne veut pas disputer avec elle, elle pourra lui dire ce proverbe.",,,,,,,,,,,,https://mooreburkina.com/fr/gulimancema/applications-gulmanchema,https://media.ipsapps.org/gux/ora/prov-v2/,apps/a88b53f826d43e1a/07-B007-001.html,adjacent_french_segment,0.75,needs_review,85 Dadaano ki fani cie
ad6da29fc7098940,gux,,app,11,,,87 A ñima yaa dagidi a walima an fa a nunga.,Si l'eau ne suffit pas pour ton bain mouille toi le visage.,,,,,,,,,,,,https://mooreburkina.com/fr/gulimancema/applications-gulmanchema,https://media.ipsapps.org/gux/ora/prov-v2/,apps/a88b53f826d43e1a/07-B007-001.html,adjacent_french_segment,0.75,needs_review,85 Dadaano ki fani cie
017d9e98b0ae67c4,gux,,app,15,,,88 Dajekuado kan fandi cie «cua ki n le».,Un vendeur ne peut pas être plus malin que celui qui lui dit «viens que je voie». Sens : se dit à un vendeur qui se croit plus malin qu'un acheteur.,,,,,,,,,,,,https://mooreburkina.com/fr/gulimancema/applications-gulmanchema,https://media.ipsapps.org/gux/ora/prov-v2/,apps/a88b53f826d43e1a/07-B007-001.html,adjacent_french_segment,0.75,needs_review,85 Dadaano ki fani cie
dd4468b5c5e6b672,gux,,app,19,,,89 Dajenkuonli diema bulo o paadi leni yali.,"Si un bois sec coupé s'appuie contre le bulo (fétiche) il est séparé d'une hache. Sens : si un inférieur s'appuie sur un supérieur, il n'a plus peur de rien. Emploi : se dit à quelqu'un qui n'a pas de force et qui est appuyé sur un plus fort que lui.",,,,,,,,,,,,https://mooreburkina.com/fr/gulimancema/applications-gulmanchema,https://media.ipsapps.org/gux/ora/prov-v2/,apps/a88b53f826d43e1a/07-B007-001.html,adjacent_french_segment,0.75,needs_review,85 Dadaano ki fani cie
28e697cdc1fac41a,gux,,app,24,,,90 Dajenyenli kan loli baabu.,"Un seul morceau de bois ne sera pas lié avec une corde. On ne lie pas avec une corde un seul morceau de bois. Sens : trop peu ne permet pas d'entreprendre. Emploi : S’il n'y a pas assez de personnes pour entrer dans le camion ou le bus, le camion ne partira pas.",,,,,,,,,,,,https://mooreburkina.com/fr/gulimancema/applications-gulmanchema,https://media.ipsapps.org/gux/ora/prov-v2/,apps/a88b53f826d43e1a/07-B007-001.html,adjacent_french_segment,0.75,needs_review,85 Dadaano ki fani cie
b40579a23ca67c33,gux,,app,30,,,91 Wulo gubi daagu o gubi o dakpakaagu.,"La gueule tapée tient un bois, elle tient le bâton qui va servir à la tuer. Sens : Un plus fort peut dire ce proverbe à un moins fort que lui.",,,,,,,,,,,,https://mooreburkina.com/fr/gulimancema/applications-gulmanchema,https://media.ipsapps.org/gux/ora/prov-v2/,apps/a88b53f826d43e1a/07-B007-001.html,adjacent_french_segment,0.75,needs_review,85 Dadaano ki fani cie
9c1c8c619e730e5b,gux,,app,34,,,92 A yaa tugi dalongu len ñanciadi a kan baa yua n baa gaa a po.,"Si tu portes un bois rempli de petites fourmis, tu n'auras personne qui le prenne pour toi.",,,,,,,,,,,,https://mooreburkina.com/fr/gulimancema/applications-gulmanchema,https://media.ipsapps.org/gux/ora/prov-v2/,apps/a88b53f826d43e1a/07-B007-001.html,adjacent_french_segment,0.75,needs_review,85 Dadaano ki fani cie
abbb34c6037a2e79,gux,,app,37,,,93 Dalongu cadi wa tugi ki nua li cain ki buali «Cua ki n ga a po».,"Le bois creux rempli de fourmis, celui qui le porte n'est pas tranquille, à plus forte raison celui qui dit : «viens que je prenne pour toi». Emploi : se dit à quelqu'un qui demande de venir loger chez mon tuteur qui est mauvais.",,,,,,,,,,,,https://mooreburkina.com/fr/gulimancema/applications-gulmanchema,https://media.ipsapps.org/gux/ora/prov-v2/,apps/a88b53f826d43e1a/07-B007-001.html,adjacent_french_segment,0.75,needs_review,85 Dadaano ki fani cie
a76ed657b997f9a8,gux,,app,41,,,94 Dandogu ki Wangi ganu.,La patrie ne se montre pas de la main gauche.,,,,,,,,,,,,https://mooreburkina.com/fr/gulimancema/applications-gulmanchema,https://media.ipsapps.org/gux/ora/prov-v2/,apps/a88b53f826d43e1a/07-B007-001.html,adjacent_french_segment,0.75,needs_review,85 Dadaano ki fani cie
5183930a6991718d,gux,,app,45,,,95 Cie ŋmaalo tie dangidi.,Cueillir la lune est une illusion.,,,,,,,,,,,,https://mooreburkina.com/fr/gulimancema/applications-gulmanchema,https://media.ipsapps.org/gux/ora/prov-v2/,apps/a88b53f826d43e1a/07-B007-001.html,adjacent_french_segment,0.75,needs_review,85 Dadaano ki fani cie
bb6b3cf417c7af66,gux,,app,48,,,96 N danli ciaga n togidi o fe ki togidi.,"La danse de mon ami je l'imite mais non sa honte. Sens : tu peux imiter ce que ton ami fait de bien, mais non ce qu'il fait de mal. Emploi: se dit à quelqu'un qui dit qu'il va prendre les responsabilités de son ami.",,,,,,,,,,,,https://mooreburkina.com/fr/gulimancema/applications-gulmanchema,https://media.ipsapps.org/gux/ora/prov-v2/,apps/a88b53f826d43e1a/07-B007-001.html,adjacent_french_segment,0.75,needs_review,85 Dadaano ki fani cie
ad0d391922f64827,gux,,app,53,,,97 A danli yaa yegi leni a yibali an taani bi kuli yenma.,"Si ton ami va de compagnie avec ton ennemi, considère les comme amis.",,,,,,,,,,,,https://mooreburkina.com/fr/gulimancema/applications-gulmanchema,https://media.ipsapps.org/gux/ora/prov-v2/,apps/a88b53f826d43e1a/07-B007-001.html,adjacent_french_segment,0.75,needs_review,85 Dadaano ki fani cie
e433a7ecef54a07f,gux,,app,56,,,98 A yaa danli sugido a moko baa tua sugido.,Si tu es l'ami d'un voleur toi aussi tu deviendras voleur.,,,,,,,,,,,,https://mooreburkina.com/fr/gulimancema/applications-gulmanchema,https://media.ipsapps.org/gux/ora/prov-v2/,apps/a88b53f826d43e1a/07-B007-001.html,adjacent_french_segment,0.75,needs_review,85 Dadaano ki fani cie
f8f2abcf7ee6185e,gux,,app,1,,,99 Danlimoangu kan je n faali.,"La bonne amitié n'héritera pas. Sens : Quelle que soit l'amitié, l'ami ne mariera pas la femme de son ami à sa mort. On pourra donner un peu de ses biens, mais il ne pourra marier sa femme. Emploi : Les petits frères de celui qui est mort diront ce proverbe a son ami.",,,,,,,,,,,,https://mooreburkina.com/fr/gulimancema/applications-gulmanchema,https://media.ipsapps.org/gux/ora/prov-v2/,apps/a88b53f826d43e1a/08-B008-001.html,adjacent_french_segment,0.75,needs_review,99 Danlimoangu kan je n
5d4264ae144f1bd3,gux,,app,7,,,100 Duña n lebidi maama kuli dapoli kan kpandi soalo.,"Même si le monde change, la souris ne se changera pas en musaraigne. Sens : Toute chose ne peut être que ce qu'elle est. Emploi : se dit à quelqu'un qui se croit supérieur et qui n'est rien.",,,,,,,,,,,,https://mooreburkina.com/fr/gulimancema/applications-gulmanchema,https://media.ipsapps.org/gux/ora/prov-v2/,apps/a88b53f826d43e1a/08-B008-001.html,adjacent_french_segment,0.75,needs_review,99 Danlimoangu kan je n
b1af0ed82e8b934e,gux,,app,12,,,101 Daposoano kan cuo mudiga se o buolu bebe.,"La souris sorcière n'attrapera jamais un chat, sauf sa race. Sens : Même si un père est méchant, il ne frappera pas les enfants d'autrui. Emploi : se dit à quelqu'un qui est méchant et qui veut frapper les enfants des autres.",,,,,,,,,,,,https://mooreburkina.com/fr/gulimancema/applications-gulmanchema,https://media.ipsapps.org/gux/ora/prov-v2/,apps/a88b53f826d43e1a/08-B008-001.html,adjacent_french_segment,0.75,needs_review,99 Danlimoangu kan je n
116766f6d474f49f,gux,,app,17,,,102 O diedaano baa nunfandaano waa baani yaali n ye o caano pali n ni.,Même doué de finesse le chef de famille ne connait pas ce qui est dans le cœur de l'étranger.,,,,,,,,,,,,https://mooreburkina.com/fr/gulimancema/applications-gulmanchema,https://media.ipsapps.org/gux/ora/prov-v2/,apps/a88b53f826d43e1a/08-B008-001.html,adjacent_french_segment,0.75,needs_review,99 Danlimoangu kan je n
5eadf88835cae451,gux,,app,20,,,103 Diedanbiado kan deli o biga.,"Un méchant chef de famille ne chassera pas son fils. Sens : Même si un chef de famille est méchant pour les autres, il ne chassera pas son enfant. Emploi : Si mon enfant en ma présence insulte des plus grands, et que je ne dis rien, un autre pourra me dire ce proverbe.",,,,,,,,,,,,https://mooreburkina.com/fr/gulimancema/applications-gulmanchema,https://media.ipsapps.org/gux/ora/prov-v2/,apps/a88b53f826d43e1a/08-B008-001.html,adjacent_french_segment,0.75,needs_review,99 Danlimoangu kan je n
8ecf35c39fb68fef,gux,,app,25,,,104 Pia ki li yadi pendi diegbengu.,"Avoir et être dispersé est mieux que la mort, (la maison où se déroulent les funérailles). Sens : Avoir des enfants même s'ils sont dispersés c'est mieux que s'ils étaient morts. Emploi : se dit à une personne dont les enfants sont morts alors que les mères vivent mais sont dispersées. Par contre si les enfants sont dispersés, un jour ils reviendront.",,,,,,,,,,,,https://mooreburkina.com/fr/gulimancema/applications-gulmanchema,https://media.ipsapps.org/gux/ora/prov-v2/,apps/a88b53f826d43e1a/08-B008-001.html,adjacent_french_segment,0.75,needs_review,99 Danlimoangu kan je n
dc35b611bbee0c0b,gux,,app,31,,,"105 Dinla ya mani saala n cie. Si aujourd'hui est bon, demain sera meilleur.",Emploi : se dit à quelqu'un qui fait quelque chose sans penser à l'avenir. Il agit sans penser que tôt ou tard il va regretter. Pense à demain.,,,,,,,,,,,,https://mooreburkina.com/fr/gulimancema/applications-gulmanchema,https://media.ipsapps.org/gux/ora/prov-v2/,apps/a88b53f826d43e1a/08-B008-001.html,adjacent_french_segment,0.75,needs_review,99 Danlimoangu kan je n
0273b686d3252152,gux,,app,37,,,106 O doandoangu yuli faali len tankparu.,"La tête de la mante religieuse est trop petite pour le licou du cheval. Sens et emploi : si quelqu'un fait le malin avec celui qui lui est supérieur, ce dernier lui dira ce proverbe.",,,,,,,,,,,,https://mooreburkina.com/fr/gulimancema/applications-gulmanchema,https://media.ipsapps.org/gux/ora/prov-v2/,apps/a88b53f826d43e1a/08-B008-001.html,adjacent_french_segment,0.75,needs_review,99 Danlimoangu kan je n
bbdf56b8ce772848,gux,,app,41,,,107 O yangbanlo dondongu cie naamuuni yia.,La maigreur du lion vaut mieux que 9 hyènes. Sens : Un lion maigre est plus fort que 9 hyènes. Un inférieur ne peut se dire plus fort qu'un supérieur. Emploi : Un supérieur pourra dire ce proverbe à un inférieur qui se croit plus fort que lui.,,,,,,,,,,,,https://mooreburkina.com/fr/gulimancema/applications-gulmanchema,https://media.ipsapps.org/gux/ora/prov-v2/,apps/a88b53f826d43e1a/08-B008-001.html,adjacent_french_segment,0.75,needs_review,99 Danlimoangu kan je n
d94a6cb10dc9c88f,gux,,app,47,,,108 Nabiliga cidi fantama ki duu lanbu po.,"Le petit doigt taquine le feu, parce qu'il a confiance en la langue.",,,,,,,,,,,,https://mooreburkina.com/fr/gulimancema/applications-gulmanchema,https://media.ipsapps.org/gux/ora/prov-v2/,apps/a88b53f826d43e1a/08-B008-001.html,adjacent_french_segment,0.75,needs_review,99 Danlimoangu kan je n
4973094961a34afb,gux,,app,49,,,109 Duña n lebidi maama kuli dubu kan luoni saana.,Même si le monde change le néré ne produira pas de fruits de karité. Sens : Toute chose ne peut être que ce qu'elle est. Emploi : se dit à quelqu'un qui se croit supérieur et qui n'est rien.,,,,,,,,,,,,https://mooreburkina.com/fr/gulimancema/applications-gulmanchema,https://media.ipsapps.org/gux/ora/prov-v2/,apps/a88b53f826d43e1a/08-B008-001.html,adjacent_french_segment,0.75,needs_review,99 Danlimoangu kan je n
a6cb9d9f6f1ef5bd,gux,,app,55,,,110 Yua pia o dubu wan baani bi juoni.,Celui qui a un néré connait son fruit. Sens : C'est celui qui possède la chose qui connaît comment s'en servir. Emploi : Celui qui possède et connait sa chose peut dire ce proverbe à celui qui veut le guider sur la manière de s'en servir.,,,,,,,,,,,,https://mooreburkina.com/fr/gulimancema/applications-gulmanchema,https://media.ipsapps.org/gux/ora/prov-v2/,apps/a88b53f826d43e1a/08-B008-001.html,adjacent_french_segment,0.75,needs_review,99 Danlimoangu kan je n
f25dc6948b9c5605,gux,,app,60,,,111 Ponanbangu ñani ŋmali o dudi i mudi.,"Si la femme la moins aimée a une éruption de gale elle achève son affaire. Sens : Si la femme la moins aimée a une maladie grave, elle achève d'être détestée complètement. C'est la goutte qui fait déborder le vase.",,,,,,,,,,,,https://mooreburkina.com/fr/gulimancema/applications-gulmanchema,https://media.ipsapps.org/gux/ora/prov-v2/,apps/a88b53f826d43e1a/08-B008-001.html,adjacent_french_segment,0.75,needs_review,99 Danlimoangu kan je n
331162bbba1331a0,gux,,app,65,,,112 O ñoabijuamo kan tudi o falu.,Le crocodile aveugle ne se trompe pas sur son trou.,,,,,,,,,,,,https://mooreburkina.com/fr/gulimancema/applications-gulmanchema,https://media.ipsapps.org/gux/ora/prov-v2/,apps/a88b53f826d43e1a/08-B008-001.html,adjacent_french_segment,0.75,needs_review,99 Danlimoangu kan je n
1ecea487b5b21126,gux,,app,67,,,Sens : je suis pauvre.,Mon enfant est devenu riche. S'il ne me donne rien et que je le vois je lui dirai ce proverbe.,,,,,,,,,,,,https://mooreburkina.com/fr/gulimancema/applications-gulmanchema,https://media.ipsapps.org/gux/ora/prov-v2/,apps/a88b53f826d43e1a/08-B008-001.html,adjacent_french_segment,0.75,needs_review,99 Danlimoangu kan je n
7684a7b67ad26c3b,gux,,app,1,,,113 Fantamcaali kali ti kuriluangu cua.,Pour puiser dans le puits du feu ; il te faut une puisette en fer.,,,,,,,,,,,,https://mooreburkina.com/fr/gulimancema/applications-gulmanchema,https://media.ipsapps.org/gux/ora/prov-v2/,apps/a88b53f826d43e1a/09-B009-001.html,adjacent_french_segment,0.75,needs_review,113 Fantamcaali kali ti
fe281cdb07989a19,gux,,app,5,,,114 A yaa yedi : Mi fantama sia ni a sugidi a fantana.,"Si tu dis : le feu m'a brûlé, tu te moques des pierres du foyer. Sens : Il y a toujours plus malheureux que soi. Emploi : Se dit à quelqu'un qui a quelque chose et qui se plaint encore, parce qu'il trouve que ce n'est pas suffisant. Celui qui n'a rien que va-t-il dire ?",,,,,,,,,,,,https://mooreburkina.com/fr/gulimancema/applications-gulmanchema,https://media.ipsapps.org/gux/ora/prov-v2/,apps/a88b53f826d43e1a/09-B009-001.html,adjacent_french_segment,0.75,needs_review,113 Fantamcaali kali ti
3e58c6ab7fcd23ee,gux,,app,11,,,115 Fawaama yaa tie penmangu o tafagu baa guli i tiidi.,"Si le fait de souffler sur le rasoir le fait couper, le vent fait tomber les arbres. Sens et emploi : Si tu connais quelque chose, un autre connait mieux que toi. A celui qui prétend tout connaitre, un autre mieux informé, peut lui dire ce proverbe.",,,,,,,,,,,,https://mooreburkina.com/fr/gulimancema/applications-gulmanchema,https://media.ipsapps.org/gux/ora/prov-v2/,apps/a88b53f826d43e1a/09-B009-001.html,adjacent_french_segment,0.75,needs_review,113 Fantamcaali kali ti
4b7eb1555ee136af,gux,,app,16,,,116 Yen jiini fawaama yibali kan lebidi la wulugu.,"Dieu envoie la fraîcheur, l'ennemi ne la changera pas en chaleur. Sens : si quelqu'un a ce qui est bien, son ennemi ne pourra rien contre lui. Celui qui a eu quelque chose de bien, pourra dire ce proverbe.",,,,,,,,,,,,https://mooreburkina.com/fr/gulimancema/applications-gulmanchema,https://media.ipsapps.org/gux/ora/prov-v2/,apps/a88b53f826d43e1a/09-B009-001.html,adjacent_french_segment,0.75,needs_review,113 Fantamcaali kali ti
c3412f12d1d8143b,gux,,app,21,,,117 I ñiani n kaa ye nain i guda mo fidi li kain.,Là où ne sont pas les porcs-épics les hérissons font le malin.,,,,,,,,,,,,https://mooreburkina.com/fr/gulimancema/applications-gulmanchema,https://media.ipsapps.org/gux/ora/prov-v2/,apps/a88b53f826d43e1a/09-B009-001.html,adjacent_french_segment,0.75,needs_review,113 Fantamcaali kali ti
abe24d24e0d6aa80,gux,,app,24,,,118 Gua nan nua o fundima pa.,Celui qui fait semblant de dormir est dur à réveiller.,,,,,,,,,,,,https://mooreburkina.com/fr/gulimancema/applications-gulmanchema,https://media.ipsapps.org/gux/ora/prov-v2/,apps/a88b53f826d43e1a/09-B009-001.html,adjacent_french_segment,0.75,needs_review,113 Fantamcaali kali ti
f774d193dfc755b7,gux,,app,27,,,119 Foliga yaa juani o bani ki naŋanma pieni.,"Même si le peul est aveugle il sait que le lait est blanc. Sens : De quelque façon qu'un enfant soit orgueilleux, il sait que son père et sa mère sont plus grands que lui. Emploi : se dit à un enfant qui désobéit à ses parents.",,,,,,,,,,,,https://mooreburkina.com/fr/gulimancema/applications-gulmanchema,https://media.ipsapps.org/gux/ora/prov-v2/,apps/a88b53f826d43e1a/09-B009-001.html,adjacent_french_segment,0.75,needs_review,113 Fantamcaali kali ti
ac901ad5947f9e94,gux,,app,32,,,120 Foljuamo ne Utienu n kpaa o po.,"Les zébus du peul aveugle, Dieu les garde à sa place. Sens et emploi : Si quelqu'un a un seul enfant et que la maladie tombe sur le village et épargne cet enfant, les gens pourront dire ce proverbe.",,,,,,,,,,,,https://mooreburkina.com/fr/gulimancema/applications-gulmanchema,https://media.ipsapps.org/gux/ora/prov-v2/,apps/a88b53f826d43e1a/09-B009-001.html,adjacent_french_segment,0.75,needs_review,113 Fantamcaali kali ti
9da8837b4cec5c77,gux,,app,36,,,121 Pedi li foagi kan goa fuali po se a yaa pedi ki li koabi.,"Couper ce qui est long ne fait pas retourner en brousse, sauf si tu as coupé ce qui est court.",,,,,,,,,,,,https://mooreburkina.com/fr/gulimancema/applications-gulmanchema,https://media.ipsapps.org/gux/ora/prov-v2/,apps/a88b53f826d43e1a/09-B009-001.html,adjacent_french_segment,0.75,needs_review,113 Fantamcaali kali ti
59b41c33c7698e4d,gux,,app,39,,,122 Bi fuli bi tugidi kan sa moamoani.,Ils trainent leur ventre à terre et ne disent pas la vérité. Sens : Même quand on souffre on ne dit pas toujours ce qu'on a.,,,,,,,,,,,,https://mooreburkina.com/fr/gulimancema/applications-gulmanchema,https://media.ipsapps.org/gux/ora/prov-v2/,apps/a88b53f826d43e1a/09-B009-001.html,adjacent_french_segment,0.75,needs_review,113 Fantamcaali kali ti
dec591c21d3162db,gux,,app,43,,,123 Yua jagini o luomo kan fuli o tana tii po.,Celui qui est grimpé sur l'éléphant ne traîne pas ses pieds à terre.,,,,,,,,,,,,https://mooreburkina.com/fr/gulimancema/applications-gulmanchema,https://media.ipsapps.org/gux/ora/prov-v2/,apps/a88b53f826d43e1a/09-B009-001.html,adjacent_french_segment,0.75,needs_review,113 Fantamcaali kali ti
ba9de1b3deba608d,gux,,app,46,,,124 A yaa fundi yua gua nua o fundima pa.,"Si tu réveilles celui qui fait semblant de dormir, c'est dur de le réveiller. Sens : Se dit à quelqu'un à qui tu demandes de faire quelque chose qu'il ne veut pas.",,,,,,,,,,,,https://mooreburkina.com/fr/gulimancema/applications-gulmanchema,https://media.ipsapps.org/gux/ora/prov-v2/,apps/a88b53f826d43e1a/09-B009-001.html,adjacent_french_segment,0.75,needs_review,113 Fantamcaali kali ti
c9abd3c9398fa47a,gux,,app,50,,,125 Gaa waamu cie an dua koma.,Prends un peu vaut mieux que de se coucher avec la faim. Sens : Donner peu vaut mieux que de ne rien donner. Emploi : Celui qui aura reçu un peu pourra dire ce proverbe.,,,,,,,,,,,,https://mooreburkina.com/fr/gulimancema/applications-gulmanchema,https://media.ipsapps.org/gux/ora/prov-v2/,apps/a88b53f826d43e1a/09-B009-001.html,adjacent_french_segment,0.75,needs_review,113 Fantamcaali kali ti
3ba54e361f094321,gux,,app,55,,,126 Taamo kan gaadi len o biaga.,"Le cheval ne deviendra pas fou avec le mors, (parce qu'il va lui abimer la bouche). Sens : L'enfant ne se disputera pas avec son père, parce qu'il sera puni. Emploi : Le père dira ce proverbe à son enfant qui veut l'embêter.",,,,,,,,,,,,https://mooreburkina.com/fr/gulimancema/applications-gulmanchema,https://media.ipsapps.org/gux/ora/prov-v2/,apps/a88b53f826d43e1a/09-B009-001.html,adjacent_french_segment,0.75,needs_review,113 Fantamcaali kali ti
fbca3bbce88c23f7,gux,,app,1,,,127 A yaa pua gaado a kan bandi yua yeni.,"Si tu n'as pas frappé un fou, tu ne sauras pas qu'il a des parents. Sens : Car si tu le frappes, ses parents viendront te demander pourquoi tu l’as frappé. Emploi : Si tu prends quelque chose qui traine tout le temps, c'est alors que tu connaitras le propriétaire. Celui qui a pris la chose dira ce proverbe.",,,,,,,,,,,,https://mooreburkina.com/fr/gulimancema/applications-gulmanchema,https://media.ipsapps.org/gux/ora/prov-v2/,apps/a88b53f826d43e1a/10-B010-001.html,adjacent_french_segment,0.75,needs_review,127 A yaa pua gaado a kan
b4e35ccbd5e8bb35,gux,,app,7,,,128 Kpalipiemu kobiga kan ma galiwali.,Cent aiguilles à coudre ne forgeront pas une lance. Sens : les aiguilles à coudre même au nombre de cent ne suffiront pas à forger une lance.,,,,,,,,,,,,https://mooreburkina.com/fr/gulimancema/applications-gulmanchema,https://media.ipsapps.org/gux/ora/prov-v2/,apps/a88b53f826d43e1a/10-B010-001.html,adjacent_french_segment,0.75,needs_review,127 A yaa pua gaado a kan
524f75a2472a00f5,gux,,app,11,,,129 ŋmaamo juoli yaa jia o gangangu kan gbeni.,"Si la queue du singe n'a pas été coupée il ne va pas cesser de faire le malin. Sens : Un orgueilleux qui n'a pas été frappé ne changera pas de manière de vivre, il restera très orgueilleux. Emploi : se dit à un orgueilleux qui ne veut pas se corriger.",,,,,,,,,,,,https://mooreburkina.com/fr/gulimancema/applications-gulmanchema,https://media.ipsapps.org/gux/ora/prov-v2/,apps/a88b53f826d43e1a/10-B010-001.html,adjacent_french_segment,0.75,needs_review,127 A yaa pua gaado a kan
740f7d0967f3662d,gux,,app,16,,,130 Wan bua gangangu wan bia o deni.,"Que celui qui est trop orgueilleux reste chez lui. Sens et emploi : se dit à celui qui va chez les autres pour faire le malin, et provoquer des bagarres.",,,,,,,,,,,,https://mooreburkina.com/fr/gulimancema/applications-gulmanchema,https://media.ipsapps.org/gux/ora/prov-v2/,apps/a88b53f826d43e1a/10-B010-001.html,adjacent_french_segment,0.75,needs_review,127 A yaa pua gaado a kan
5821ad943d1b336b,gux,,app,20,,,131 Baa bua gano ki o nan miabi ti tiadi n ni.,On ne veut pas le pou mais il est toujours coincé dans les habits. Sens : Se dit à une personne qui se mêle des affaires qui ne le regardent pas.,,,,,,,,,,,,https://mooreburkina.com/fr/gulimancema/applications-gulmanchema,https://media.ipsapps.org/gux/ora/prov-v2/,apps/a88b53f826d43e1a/10-B010-001.html,adjacent_french_segment,0.75,needs_review,127 A yaa pua gaado a kan
760e1f8af11d752e,gux,,app,24,,,132 Yua bua ki ñani o sangbanlo yen yedi ke o gaadi.,Celui qui veut noyer son chien l'accuse de la rage.,,,,,,,,,,,,https://mooreburkina.com/fr/gulimancema/applications-gulmanchema,https://media.ipsapps.org/gux/ora/prov-v2/,apps/a88b53f826d43e1a/10-B010-001.html,adjacent_french_segment,0.75,needs_review,127 A yaa pua gaado a kan
b7ffe936a9cd01b1,gux,,app,27,,,133 Gbaddi kan fidi cuo nancua wan nan pii ki condiga ñoabu.,"Si un lépreux ne peut attraper une sauterelle, qu'il bouche au moins l'ouverture de la gourde (parce que celle qu'on y met ne se sauve pas). Sens et emploi : Se dit à quelqu'un qui a eu quelque chose et qui l'a abimé, alors qu'il aurait pu l'entretenir.",,,,,,,,,,,,https://mooreburkina.com/fr/gulimancema/applications-gulmanchema,https://media.ipsapps.org/gux/ora/prov-v2/,apps/a88b53f826d43e1a/10-B010-001.html,adjacent_french_segment,0.75,needs_review,127 A yaa pua gaado a kan
d53b7895bc93cdc9,gux,,app,31,,,134 Gbanandijaga ki te yianbu ye.,Un petit corps n'est pas une maladie. Sens : si un homme est mince il se peut qu'il soit plus fort qu'un homme qui parait plus costaud. Emploi : Un maigre pourra dire cela à quelqu'un qui se croit plus fort que lui. Ne pas juger sur les apparences.,,,,,,,,,,,,https://mooreburkina.com/fr/gulimancema/applications-gulmanchema,https://media.ipsapps.org/gux/ora/prov-v2/,apps/a88b53f826d43e1a/10-B010-001.html,adjacent_french_segment,0.75,needs_review,127 A yaa pua gaado a kan
c2a88fe9291df7c0,gux,,app,37,,,135 A yaa ŋmani gbangu a kan nii kobidi.,"Si tu ne manges pas de peau, tu ne rejetteras pas de poils dans tes excréments. Sens : Ce que tu ne connais pas tu ne pourras pas le faire. Emploi : Se dit à celui qui est accusé d’une chose qu'il n'a pas faite.",,,,,,,,,,,,https://mooreburkina.com/fr/gulimancema/applications-gulmanchema,https://media.ipsapps.org/gux/ora/prov-v2/,apps/a88b53f826d43e1a/10-B010-001.html,adjacent_french_segment,0.75,needs_review,127 A yaa pua gaado a kan
beec889af752186b,gux,,app,42,,,136 Yua ki ŋmani gbanli o kan ni kobidi.,Celui qui ne mange pas de peau ne rejette pas de poils dans ses excréments ' Sens : On ne récolte que ce que l'on sème.,,,,,,,,,,,,https://mooreburkina.com/fr/gulimancema/applications-gulmanchema,https://media.ipsapps.org/gux/ora/prov-v2/,apps/a88b53f826d43e1a/10-B010-001.html,adjacent_french_segment,0.75,needs_review,127 A yaa pua gaado a kan
f0713a97dd2307f7,gux,,app,46,,,137 Bi bandi yaa foliga yaa nua n ba li caali n ni o gbanñagidigu kaani.,"On reconnait que le zébu d'un peul est tombé dans le puits par sa ceinture. Sens : Parmi les hommes qui travaillent, celui qui travaille davantage est celui qui commande le travail, car le travail est pour lui. Emploi : On dit ce proverbe quand des hommes travaillent et que parmi eux l'un travail davantage.",,,,,,,,,,,,https://mooreburkina.com/fr/gulimancema/applications-gulmanchema,https://media.ipsapps.org/gux/ora/prov-v2/,apps/a88b53f826d43e1a/10-B010-001.html,adjacent_french_segment,0.75,needs_review,127 A yaa pua gaado a kan
6badf1fd40dafdaf,gux,,app,51,,,138 Ti kpindi gbari yaama kan pua pua.,Une sauce trop salée ne fera pas battre la femme. Sens : On ne frappe pas quelqu’un qui ne fait pas le mal. Emploi : Se dit à quelqu'un qu'on veut frapper alors qu'il n'a rien fait.,,,,,,,,,,,,https://mooreburkina.com/fr/gulimancema/applications-gulmanchema,https://media.ipsapps.org/gux/ora/prov-v2/,apps/a88b53f826d43e1a/10-B010-001.html,adjacent_french_segment,0.75,needs_review,127 A yaa pua gaado a kan
4feada2f78baa735,gux,,app,56,,,139 Kan ko ta kan naani ku gbiangbiagu kuni i foliga.,"Celui qui ne cultive pas s’est marié avec celui qui ne moud pas, le haoussa est marié avec le peul. Sens : le haoussa ne veut pas le travail et le peul non plus, deux paresseux se sont mariés. Emploi : se dit à deux paresseux qui se marient.",,,,,,,,,,,,https://mooreburkina.com/fr/gulimancema/applications-gulmanchema,https://media.ipsapps.org/gux/ora/prov-v2/,apps/a88b53f826d43e1a/10-B010-001.html,adjacent_french_segment,0.75,needs_review,127 A yaa pua gaado a kan
55227af33f944b8e,gux,,app,61,,,140 Gbiangbili ki gbi leni gangangu.,"L'extraction des tubercules ne se fait pas en faisant le malin. Sens : Quand tu fais un travail fais le bien, ne sois pas orgueilleux. Emploi : Se dit à celui qui travaille avec orgueil.",,,,,,,,,,,,https://mooreburkina.com/fr/gulimancema/applications-gulmanchema,https://media.ipsapps.org/gux/ora/prov-v2/,apps/a88b53f826d43e1a/10-B010-001.html,adjacent_french_segment,0.75,needs_review,127 A yaa pua gaado a kan
9ff259f0e90c0a3f,gux,,app,1,,,141 Baa de len ba ki nan goarii goangi bi ba ni wani.,"Ils ne sont pas égaux et font le malin en marchant, ils vont chier. Sens : si quelqu'un est orgueilleux avec celui qui lui est supérieur, le supérieur lui dira ce proverbe.",,,,,,,,,,,,https://mooreburkina.com/fr/gulimancema/applications-gulmanchema,https://media.ipsapps.org/gux/ora/prov-v2/,apps/a88b53f826d43e1a/11-B011-001.html,adjacent_french_segment,0.75,needs_review,141 Baa de len ba ki nan
09b2627d2b721ca6,gux,,app,5,,,142 A mani guandi leni mi jiama.,Tu as l'habitude de l'oseille et de la cendre. Sens : Tu as l'habitude de mal manger.,,,,,,,,,,,,https://mooreburkina.com/fr/gulimancema/applications-gulmanchema,https://media.ipsapps.org/gux/ora/prov-v2/,apps/a88b53f826d43e1a/11-B011-001.html,adjacent_french_segment,0.75,needs_review,141 Baa de len ba ki nan
e4ab52870ff6082d,gux,,app,9,,,143 Gudibiga kan pua nikuli.,"Un petit hérisson ne sera pas frappé avec le poing. Sens : on ne frappe pas l'enfant du chef, parce qu'on a peur du chef. Emploi : Peut se dire à quelqu'un qui veut frapper l'enfant de son supérieur. Il n'a pas peur de l'enfant mais du père.",,,,,,,,,,,,https://mooreburkina.com/fr/gulimancema/applications-gulmanchema,https://media.ipsapps.org/gux/ora/prov-v2/,apps/a88b53f826d43e1a/11-B011-001.html,adjacent_french_segment,0.75,needs_review,141 Baa de len ba ki nan
f65c3ec54c3f72df,gux,,app,15,,,144 Mudiga moandi gudili o kan cuo o.,"Le chat veut attraper le hérisson et il ne l'attrapera pas. Sens : Si quelqu'un est fâché contre moi et ne sait pas quoi me dire, je pourrai lui dire ce proverbe.",,,,,,,,,,,,https://mooreburkina.com/fr/gulimancema/applications-gulmanchema,https://media.ipsapps.org/gux/ora/prov-v2/,apps/a88b53f826d43e1a/11-B011-001.html,adjacent_french_segment,0.75,needs_review,141 Baa de len ba ki nan
4ff4461909c78dd1,gux,,app,19,,,145 Gulmance kuli cie yaarga fuodili.,"Le tombeau d'un gurmance vaut mieux qu'un Yaarga vivant. Sens et emploi : Il vaut mieux avoir confiance à un homme d'une autre race qu'à un mossi / yaarga, car tôt ou tard le mossi va te trahir.",,,,,,,,,,,,https://mooreburkina.com/fr/gulimancema/applications-gulmanchema,https://media.ipsapps.org/gux/ora/prov-v2/,apps/a88b53f826d43e1a/11-B011-001.html,adjacent_french_segment,0.75,needs_review,141 Baa de len ba ki nan
0a2bb868ead5e74f,gux,,app,23,,,146 Li muarili kpienli pendi li muarili fuodili.,Le cadavre d'un mossi est plus qu'un mossi vivant.,,,,,,,,,,,,https://mooreburkina.com/fr/gulimancema/applications-gulmanchema,https://media.ipsapps.org/gux/ora/prov-v2/,apps/a88b53f826d43e1a/11-B011-001.html,adjacent_french_segment,0.75,needs_review,141 Baa de len ba ki nan
a4a9361dc75e909d,gux,,app,26,,,147 Belibeli kan cuo naacua se leni li gunbili.,La précipitation ne fait pas attraper la sauterelle sauf le fait d'agir doucement. Sens : Il ne faut pas agir sans réfléchir.,,,,,,,,,,,,https://mooreburkina.com/fr/gulimancema/applications-gulmanchema,https://media.ipsapps.org/gux/ora/prov-v2/,apps/a88b53f826d43e1a/11-B011-001.html,adjacent_french_segment,0.75,needs_review,141 Baa de len ba ki nan
c03dc5bc5041c031,gux,,app,30,,,148 Guoncimundi ki banda gari a wogidi.,On ne connait ce qu'il y a dans le fruit d'un nénuphar que si on l'ouvre. Sens : On ne peut connaitre le caractère de quelqu'un que si l'on demeure avec lui.,,,,,,,,,,,,https://mooreburkina.com/fr/gulimancema/applications-gulmanchema,https://media.ipsapps.org/gux/ora/prov-v2/,apps/a88b53f826d43e1a/11-B011-001.html,adjacent_french_segment,0.75,needs_review,141 Baa de len ba ki nan
45e5974a7dcb90e1,gux,,app,34,,,149 Jabida lie penkpa yenli.,"Deux cordonniers, un seul poinçon. Sens et emploi : Deux ouvriers ne travaillent pas avec un seul outil. Se dit alors que deux ouvriers demandent un seul outil, l'un travaillera; l'autre ne fera rien pendant ce temps-là.",,,,,,,,,,,,https://mooreburkina.com/fr/gulimancema/applications-gulmanchema,https://media.ipsapps.org/gux/ora/prov-v2/,apps/a88b53f826d43e1a/11-B011-001.html,adjacent_french_segment,0.75,needs_review,141 Baa de len ba ki nan
60a8db9b482c045d,gux,,app,39,,,150 Jagbenyendi kan gbieni daaga.,Un seul homme gros ne peut pas remplir le marché. Sens et emploi : se dit à quelqu'un qui veut faire quelque chose et dont il n'a pas la force.,,,,,,,,,,,,https://mooreburkina.com/fr/gulimancema/applications-gulmanchema,https://media.ipsapps.org/gux/ora/prov-v2/,apps/a88b53f826d43e1a/11-B011-001.html,adjacent_french_segment,0.75,needs_review,141 Baa de len ba ki nan
f94038bb4d5d7c38,gux,,app,43,,,151 ŋmanjagu yaabia o kan budi ti diadi.,"Même si un gros singe mâle est méchant, il ne déterrera pas les poquets.",,,,,,,,,,,,https://mooreburkina.com/fr/gulimancema/applications-gulmanchema,https://media.ipsapps.org/gux/ora/prov-v2/,apps/a88b53f826d43e1a/11-B011-001.html,adjacent_french_segment,0.75,needs_review,141 Baa de len ba ki nan
ce688acd943ae887,gux,,app,46,,,152 Jakpagili ya puogi kpaabu o naa baa lingi n jiema.,"Si un célibataire demande la culture, sa mère va chercher de la nourriture. Sens et emploi : Ce proverbe se dit quand un célibataire demande la culture pour ses fiançailles, sa mère va avoir beaucoup de travail.",,,,,,,,,,,,https://mooreburkina.com/fr/gulimancema/applications-gulmanchema,https://media.ipsapps.org/gux/ora/prov-v2/,apps/a88b53f826d43e1a/11-B011-001.html,adjacent_french_segment,0.75,needs_review,141 Baa de len ba ki nan
97112b39a5a94339,gux,,app,49,,,Jakpagili ya puogi kpaabu o naa baa lingi n jiema. 153a A yaa ca o siagu li jakpagili deni po a ca o kokora po. 153b Al a ca suagu jakpagili kain o kokodi nunboana po.,"Si tu vas pendant l'hivernage chez un célibataire, tu y vas à cause de ses épis de maïs. Sens et emploi : Si tu vas chez quelqu'un et qu'il ne te reçoit pas bien en croyant que tu es venu pour lui demander quelque chose, alors que ce n’est pas vrai, tu pourras lui dire ce proverbe.",,,,,,,,,,,,https://mooreburkina.com/fr/gulimancema/applications-gulmanchema,https://media.ipsapps.org/gux/ora/prov-v2/,apps/a88b53f826d43e1a/11-B011-001.html,adjacent_french_segment,0.75,needs_review,141 Baa de len ba ki nan
46cca817fbbf5a3c,gux,,app,56,,,154 Jakpeliga kan gbengi ki cie o gbangu.,Le lièvre ne sera jamais plus gros que sa peau. Sens : Tu ne peux faire que ce dont tu es capable.,,,,,,,,,,,,https://mooreburkina.com/fr/gulimancema/applications-gulmanchema,https://media.ipsapps.org/gux/ora/prov-v2/,apps/a88b53f826d43e1a/11-B011-001.html,adjacent_french_segment,0.75,needs_review,141 Baa de len ba ki nan
ec394bdd8fa7880b,gux,,app,1,,,155 Jakpeliga n gbengi maama kuli o kan pundi luomo.,Un lièvre ne sera jamais aussi gros qu'un éléphant. Sens et emploi : une personne ne peut faire ce qu'elle est incapable de faire. A l'impossible nul n'est tenu.,,,,,,,,,,,,https://mooreburkina.com/fr/gulimancema/applications-gulmanchema,https://media.ipsapps.org/gux/ora/prov-v2/,apps/a88b53f826d43e1a/12-B012-001.html,adjacent_french_segment,0.75,needs_review,155 Jakpeliga n gbengi
2ad1429e8cb3f8c3,gux,,app,6,,,156 Jakpeniakiaga o bero ya die.,"En cas de contestation, c'est le chef qui gagne. Si deux inférieurs discutent pour une chose, la chose sera remise au supérieur et la discussion sera ainsi terminée.",,,,,,,,,,,,https://mooreburkina.com/fr/gulimancema/applications-gulmanchema,https://media.ipsapps.org/gux/ora/prov-v2/,apps/a88b53f826d43e1a/12-B012-001.html,adjacent_french_segment,0.75,needs_review,155 Jakpeliga n gbengi
8b68fcdc053a6b5d,gux,,app,10,,,157 Jama n Iebidi maama kuli kankanbu kan luoni saana.,De toute manière que le monde change le figuier ne produira pas de fruit de karité. Sens : Tu continueras toujours à être ce que tu es. Marque le déterminisme.,,,,,,,,,,,,https://mooreburkina.com/fr/gulimancema/applications-gulmanchema,https://media.ipsapps.org/gux/ora/prov-v2/,apps/a88b53f826d43e1a/12-B012-001.html,adjacent_french_segment,0.75,needs_review,155 Jakpeliga n gbengi
08879b7c60a496e6,gux,,app,15,,,158 N kan daa jamo ki o ye mi ñima n ni.,Je n'achèterai pas un poisson dans l'eau. Sens : Il ne faut pas vendre la peau de l'ours avant de l'avoir tué.,,,,,,,,,,,,https://mooreburkina.com/fr/gulimancema/applications-gulmanchema,https://media.ipsapps.org/gux/ora/prov-v2/,apps/a88b53f826d43e1a/12-B012-001.html,adjacent_french_segment,0.75,needs_review,155 Jakpeliga n gbengi
de5cb64b6ac006f1,gux,,app,19,,,159 Janjanjapaadi kan joani kongoabili.,Une chauve-souris orgueilleuse ne s'accrochera pas à l'épineux. Sens : L'orgueilleux ne peut se quereller avec plus fort que lui.,,,,,,,,,,,,https://mooreburkina.com/fr/gulimancema/applications-gulmanchema,https://media.ipsapps.org/gux/ora/prov-v2/,apps/a88b53f826d43e1a/12-B012-001.html,adjacent_french_segment,0.75,needs_review,155 Jakpeliga n gbengi
9d4e0ab0c33637f4,gux,,app,23,,,160 Ñima yaa dini nando konkongu.,"Si l'ennemi est noyé, c'est comme cet arbre épineux qu'on trouve dans les bas-fonds et qui est sans utilité pour les hommes. Sens : Si mon ennemi est mort, ça m'est égal, je m'en fous. Emploi : Celui qui a un ennemi pourra lui dire ce proverbe et se donner ce surnom.",,,,,,,,,,,,https://mooreburkina.com/fr/gulimancema/applications-gulmanchema,https://media.ipsapps.org/gux/ora/prov-v2/,apps/a88b53f826d43e1a/12-B012-001.html,adjacent_french_segment,0.75,needs_review,155 Jakpeliga n gbengi
51ea0246dc91822a,gux,,app,28,,,161 Jankpanbiado kan gbeni jami.,"Un grand chercheur de poisson ne finira pas les poissons, (ne pourra pas tous les prendre.) Sens et emploi : Se dit à un homme qui cherche trop de femmes, il mourra alors qu'il y aura toujours des femmes.",,,,,,,,,,,,https://mooreburkina.com/fr/gulimancema/applications-gulmanchema,https://media.ipsapps.org/gux/ora/prov-v2/,apps/a88b53f826d43e1a/12-B012-001.html,adjacent_french_segment,0.75,needs_review,155 Jakpeliga n gbengi
adb599dc23ffdae7,gux,,app,32,,,162 Japaadaano ki baani ki Utienu ye se li mubi o yaa daali.,L'orgueilleux ne sait pas que Dieu existe sauf le jour où il a attrapé une maladie. Sens : Un orgueilleux ne sait pas qui est plus fort que lui sauf si un autre l'a frappé. Emploi : n'importe qui pourra dire ce proverbe à un orgueilleux.,,,,,,,,,,,,https://mooreburkina.com/fr/gulimancema/applications-gulmanchema,https://media.ipsapps.org/gux/ora/prov-v2/,apps/a88b53f826d43e1a/12-B012-001.html,adjacent_french_segment,0.75,needs_review,155 Jakpeliga n gbengi
8fd08c16bb8ff700,gux,,app,37,,,163 Jawaagangali ki baani ki bulñoakoali kandima pa se o podi yaa yogunu.,"Un jeune homme entêté à faire ce qu'on lui défend ne sait pas que l'enjambement du seuil de la porte est difficile. Sens : Si quelqu'un est fort, il ne sait pas qu'un autre peut le terrasser. Emploi : Quand quelqu'un veut montrer qu'il est fort, on pourra lui dire ce proverbe.",,,,,,,,,,,,https://mooreburkina.com/fr/gulimancema/applications-gulmanchema,https://media.ipsapps.org/gux/ora/prov-v2/,apps/a88b53f826d43e1a/12-B012-001.html,adjacent_french_segment,0.75,needs_review,155 Jakpeliga n gbengi
14614b52db3e814b,gux,,app,41,,,Jawaagangali ki baani ki bulñoakoali kandima pa se o podi yaa yogunu. 164a O jeligu manu tie bonkonli li yaa gbie kandi se lan tongi. 164b Jolugu manu te kondi al o gbie tali wan tongi.,"Les feuilles du maerua angolensis sont bonnes mises en boule, mais si ça remplit trop l'assiette ça deviendra amer. Sens : S'amuser un peu est bien, s'amuser trop dégénère en bagarre. Emploi : Celui qui ne veut pas continuer à plaisanter pourra dire ce proverbe à celui qui le taquine. Les plaisanteries les plus courtes sont les meilleures.",,,,,,,,,,,,https://mooreburkina.com/fr/gulimancema/applications-gulmanchema,https://media.ipsapps.org/gux/ora/prov-v2/,apps/a88b53f826d43e1a/12-B012-001.html,adjacent_french_segment,0.75,needs_review,155 Jakpeliga n gbengi
ade6a0927452c464,gux,,app,50,,,165 Poangili jia nakpafuuli o lingi o miamiada.,Un crapaud se met sur la route des zébus il cherche à se faire écraser le nez.,,,,,,,,,,,,https://mooreburkina.com/fr/gulimancema/applications-gulmanchema,https://media.ipsapps.org/gux/ora/prov-v2/,apps/a88b53f826d43e1a/12-B012-001.html,adjacent_french_segment,0.75,needs_review,155 Jakpeliga n gbengi
47c529aa586b55bb,gux,,app,52,,,Poangili jia nakpafuuli o lingi o miamiada. 166a Li kpinbobili yaa baa ŋanma o jialongu cie. 166b Ali kpinbobili kaa baa ŋanma ki jialongu yaa cie.,"Si la marmite pour la sauce n'a pas ce qui est bon, la marmite trouée pour filtre est mieux. Sens et emploi : Si je travaille pour quelqu'un et que je n'ai rien gagné avec lui, celui qui ne travaille pas pour cette personne est mieux parce qu'il ne se sera pas fatigué pour rien.",,,,,,,,,,,,https://mooreburkina.com/fr/gulimancema/applications-gulmanchema,https://media.ipsapps.org/gux/ora/prov-v2/,apps/a88b53f826d43e1a/12-B012-001.html,adjacent_french_segment,0.75,needs_review,155 Jakpeliga n gbengi
d89f8b1e5eb08bab,gux,,app,59,,,167 Jianwuodii bandi kali i miini n sedi.,"Un perroquet caché n'est pas reconnu sauf quand les pédoncules de l'épi vont se redresser. Sens : On reconnait l'arbre à ses fruits. Quelqu'un de bon se reconnait au bien qu'il fait, quelqu'un de mauvais se reconnait au mal qu'il fait.",,,,,,,,,,,,https://mooreburkina.com/fr/gulimancema/applications-gulmanchema,https://media.ipsapps.org/gux/ora/prov-v2/,apps/a88b53f826d43e1a/12-B012-001.html,adjacent_french_segment,0.75,needs_review,155 Jakpeliga n gbengi
de2cf996cfd7cc4c,gux,,app,64,,,168 O jifoli buado nba midi o punli.,C'est la bien-aimée de l'incirconcis qui décalottera sa verge. Sens : C`est le bien aimé d'une personne qui peut dévoiler son secret parce qu'il connait tous ses secrets. Emploi : Se dit par celui dont les secrets ont été dévoilés.,,,,,,,,,,,,https://mooreburkina.com/fr/gulimancema/applications-gulmanchema,https://media.ipsapps.org/gux/ora/prov-v2/,apps/a88b53f826d43e1a/12-B012-001.html,adjacent_french_segment,0.75,needs_review,155 Jakpeliga n gbengi
8dcf4fcca7448c6b,gux,,app,69,,,169 Ali a doni ki kaa baa ali a jiidi lugisi yaa cie.,"Si tu montes dans un arbre et que tu n'as rien eu, si tu descends et jette le bâton sur le fruit, ce n'est pas mieux.",,,,,,,,,,,,https://mooreburkina.com/fr/gulimancema/applications-gulmanchema,https://media.ipsapps.org/gux/ora/prov-v2/,apps/a88b53f826d43e1a/12-B012-001.html,adjacent_french_segment,0.75,needs_review,155 Jakpeliga n gbengi
9462c01f52b6cbaa,gux,,app,71,,,Ali a doni ki kaa baa ali a jiidi lugisi yaa cie. 170a Moani jilaali yugidi ki naa pua. 170b O moamoandaano jilaali yugidi ki naa pua.,"Le manche de la vérité est brandi mais ne frappe pas. Le manche de celui qui dit la vérité est brandi mais ne frappe pas. Sens : Si tu dis quelque chose à quelqu'un qui ne lui plait pas et que tu lui donnes raison, il ne se disputera plus avec toi. Emploi : Une tierce personne dira ce proverbe à celui qui se dispute et donne raison à son adversaire.",,,,,,,,,,,,https://mooreburkina.com/fr/gulimancema/applications-gulmanchema,https://media.ipsapps.org/gux/ora/prov-v2/,apps/a88b53f826d43e1a/12-B012-001.html,adjacent_french_segment,0.75,needs_review,155 Jakpeliga n gbengi
52946230084c6129,gux,,app,80,,,"171 Pulunpugu yaa naani ku jiindi, li baa tua benkuomi.","Si l'euphorbe déteste ses racines, il aura des branches sèches.",,,,,,,,,,,,https://mooreburkina.com/fr/gulimancema/applications-gulmanchema,https://media.ipsapps.org/gux/ora/prov-v2/,apps/a88b53f826d43e1a/12-B012-001.html,adjacent_french_segment,0.75,needs_review,155 Jakpeliga n gbengi
bea5d25e27a57516,gux,,app,1,,,172 Kokoli jogi jenbu o jendaani n puni o.,"Un poulet pique le sexe, c'est le propriétaire du sexe qui lui a donné. Sens et emploi: Celui qui est accusé d'avoir fréquenté la femme de quelqu'un pourra dire ce proverbe au mari de la femme: c'est la femme qui me l'a donné.",,,,,,,,,,,,https://mooreburkina.com/fr/gulimancema/applications-gulmanchema,https://media.ipsapps.org/gux/ora/prov-v3/,apps/c89603eac94f16f0/01-B001-001.html,adjacent_french_segment,0.75,needs_review,172 Kokoli jogi jenbu o
9d85d7d10b4c8a5a,gux,,app,5,,,173 A juga yaa mani an gedi o maano po wan Uanbi a po li cie an pua Ieni li tanli.,"Si ton couteau est abimé et que tu ailles chez le forgeron pour qu'il te l'arrange, c'est mieux que de frapper avec une pierre. Sens : se dit à quelqu'un qui a entrepris quelque chose et qui n'a pas prévu ce dont il avait besoin.",,,,,,,,,,,,https://mooreburkina.com/fr/gulimancema/applications-gulmanchema,https://media.ipsapps.org/gux/ora/prov-v3/,apps/c89603eac94f16f0/01-B001-001.html,adjacent_french_segment,0.75,needs_review,172 Kokoli jogi jenbu o
fe65bf3a93e3f091,gux,,app,9,,,174 Jumanga yaa jia o tuagu o kan cedi toatuagu.,Si un couteau coupe sa gaine il coupera celle d'un autre couteau. Sens et emploi : Si quelqu'un n'aime pas son père ou sa mère il n'aimera personne d'autre. Se dit à quelqu'un qui n'aime pas ses parents.,,,,,,,,,,,,https://mooreburkina.com/fr/gulimancema/applications-gulmanchema,https://media.ipsapps.org/gux/ora/prov-v3/,apps/c89603eac94f16f0/01-B001-001.html,adjacent_french_segment,0.75,needs_review,172 Kokoli jogi jenbu o
c39d785822a03aa8,gux,,app,14,,,175 Nilo kan sanii pendi o junjungu.,Personne ne pourra dépasser son ombre en courant. Sens et emploi : Se dit à quelqu'un qui veut faire un travail qui le dépasse. Celui qu'on oblige à faire ce travail qui le dépasse pourra dire ce proverbe.,,,,,,,,,,,,https://mooreburkina.com/fr/gulimancema/applications-gulmanchema,https://media.ipsapps.org/gux/ora/prov-v3/,apps/c89603eac94f16f0/01-B001-001.html,adjacent_french_segment,0.75,needs_review,172 Kokoli jogi jenbu o
1d993a95abc6a6ce,gux,,app,19,,,"176 A yaa ka nitoa kaagu a ka tinga n ni. Ali a ka bontoa kaagu, a ka tinga.","Si tu t'assois sur la natte d'un autre, tu t'assois par terre. Sens : Si je fais le malin avec une chose prêtée on pourra me dire ce proverbe parce qu'un jour viendra où on me retirera la chose et je n'aurai plus rien.",,,,,,,,,,,,https://mooreburkina.com/fr/gulimancema/applications-gulmanchema,https://media.ipsapps.org/gux/ora/prov-v3/,apps/c89603eac94f16f0/01-B001-001.html,adjacent_french_segment,0.75,needs_review,172 Kokoli jogi jenbu o
a896df5262cd0c09,gux,,app,25,,,177 Kacili yaa pua kpanjama o duondi o danli bayenli.,Si l'aigle noir cite un proverbe il loue son ami l'aigle à plumes rouges.,,,,,,,,,,,,https://mooreburkina.com/fr/gulimancema/applications-gulmanchema,https://media.ipsapps.org/gux/ora/prov-v3/,apps/c89603eac94f16f0/01-B001-001.html,adjacent_french_segment,0.75,needs_review,172 Kokoli jogi jenbu o
1096db4c6cce9612,gux,,app,28,,,178 Wula kadigu li yeli po.,Un poncho d'or c'est pour la renommée. Sens : Se dit pour une chose qui n'a pas d'utilité.,,,,,,,,,,,,https://mooreburkina.com/fr/gulimancema/applications-gulmanchema,https://media.ipsapps.org/gux/ora/prov-v3/,apps/c89603eac94f16f0/01-B001-001.html,adjacent_french_segment,0.75,needs_review,172 Kokoli jogi jenbu o
139e49b4ac3b09d1,gux,,app,32,,,179 Kagoangoandi wan bia o de.,"Que le vengeur reste chez lui. Sens et emploi : se dit à quelqu'un qui veut la bagarre et qui n'accepte pas les conseils, parce qu'il croit en sa force.",,,,,,,,,,,,https://mooreburkina.com/fr/gulimancema/applications-gulmanchema,https://media.ipsapps.org/gux/ora/prov-v3/,apps/c89603eac94f16f0/01-B001-001.html,adjacent_french_segment,0.75,needs_review,172 Kokoli jogi jenbu o
15f1bb6b18e580b9,gux,,app,45,,,181 Kali fanma kan pidi konkonu.,S'asseoir sans rien faire n'enlèvera pas l'épine. Sens : Si tu ne travailles pas tu n'auras rien. Emploi : Se dit à quelqu'un qui veut obtenir quelque chose sans travailler.,,,,,,,,,,,,https://mooreburkina.com/fr/gulimancema/applications-gulmanchema,https://media.ipsapps.org/gux/ora/prov-v3/,apps/c89603eac94f16f0/01-B001-001.html,adjacent_french_segment,0.75,needs_review,172 Kokoli jogi jenbu o
141a19fd7c939216,gux,,app,50,,,182 Kali fanma kan mua nando.,"S'asseoir sans rien faire ne pleurera pas l'ennemi. Sens : Si tu ne travailles pas, tu ne pourras pas dire que tu n'as rien du tout (tu n'avais qu'à travailler.) Emploi : Se dit à un paresseux qui veut quelque chose et qui est assis sans rien faire.",,,,,,,,,,,,https://mooreburkina.com/fr/gulimancema/applications-gulmanchema,https://media.ipsapps.org/gux/ora/prov-v3/,apps/c89603eac94f16f0/01-B001-001.html,adjacent_french_segment,0.75,needs_review,172 Kokoli jogi jenbu o
7993e04c8c28e2f0,gux,,app,55,,,"183 Kan le nuanga kan poadi, o nuanceli daa wugini.","Celui qui ne veut pas voir les œufs de l'oiseau éclore, c'est que son propre oiseau n'a pas couvé. Sens : Si quelqu'un connait les secrets d'un autre; et qu'il va les raconter ailleurs, c'est qu'il n'a pas ses propres secrets sinon il les garderait pour lui. Emploi : Se dit à quelqu'un qui dévoile les secrets de son camarade.",,,,,,,,,,,,https://mooreburkina.com/fr/gulimancema/applications-gulmanchema,https://media.ipsapps.org/gux/ora/prov-v3/,apps/c89603eac94f16f0/01-B001-001.html,adjacent_french_segment,0.75,needs_review,172 Kokoli jogi jenbu o
ba68991b32b8c1b2,gux,,app,59,,,"Kan le nuanga kan poadi, o nuanceli daa wugini. 184a Kanbi boabuali yua ŋoagidi n bani.","Un grenier de piment celui qui l'ouvre, c'est lui qui connait.",,,,,,,,,,,,https://mooreburkina.com/fr/gulimancema/applications-gulmanchema,https://media.ipsapps.org/gux/ora/prov-v3/,apps/c89603eac94f16f0/01-B001-001.html,adjacent_french_segment,0.75,needs_review,172 Kokoli jogi jenbu o
ebc983f5c90c23c4,gux,,app,62,,,184b Kanbi boabuali yua goagidi wan ta kpaalu.,"Celui qui ouvre un grenier de piment c'est lui qui va tousser. Sens et emploi : Si une personne insulte une autre plus forte qu'elle, cette dernière pourra lui dire ce proverbe.",,,,,,,,,,,,https://mooreburkina.com/fr/gulimancema/applications-gulmanchema,https://media.ipsapps.org/gux/ora/prov-v3/,apps/c89603eac94f16f0/01-B001-001.html,adjacent_french_segment,0.75,needs_review,172 Kokoli jogi jenbu o
e1452363b2f587d3,gux,,app,67,,,185 A yoma yaa wa an dagini a ñima lan yaa ka o saabu ba tua kanbiali.,"Si tu as peu de farine égalise la avec de I' eau, sinon ton gâteau de mil deviendra de la bouillie.",,,,,,,,,,,,https://mooreburkina.com/fr/gulimancema/applications-gulmanchema,https://media.ipsapps.org/gux/ora/prov-v3/,apps/c89603eac94f16f0/01-B001-001.html,adjacent_french_segment,0.75,needs_review,172 Kokoli jogi jenbu o
07d6892ee57d4ae4,gux,,app,1,,,186a Kankamantuolo kan lebidi o cenli ki bi sia o muagu. 186b Gabilintielo kan lebidi cenli ki ku muagi di ye.,Un caméléon ne changera pas sa marche même si on brûle la brousse. Sens : Se dit à quelqu'un qui a un mauvais caractère et qui ne veut pas changer.,,,,,,,,,,,,https://mooreburkina.com/fr/gulimancema/applications-gulmanchema,https://media.ipsapps.org/gux/ora/prov-v3/,apps/c89603eac94f16f0/02-B002-001.html,adjacent_french_segment,0.75,needs_review,186a Kankamantuolo kan
4e8cf4969ef6809d,gux,,app,7,,,"187 Kañuaboandi wugi nuannuangu jendi, fiabilida.","Une poule noire couve un œuf d'autruche, elle aura les ailes écartées. Sens et emploi : se dit à quelqu'un qui veut faire quelque chose qu'il ne peut pas faire, il se fatiguera.",,,,,,,,,,,,https://mooreburkina.com/fr/gulimancema/applications-gulmanchema,https://media.ipsapps.org/gux/ora/prov-v3/,apps/c89603eac94f16f0/02-B002-001.html,adjacent_french_segment,0.75,needs_review,186a Kankamantuolo kan
0c077b15164dd4e4,gux,,app,11,,,188 Kapigili soangu li yua ciibi po.,L'ombre du chapeau ne protège que celui qui le porte. Sens et emploi : On pourra dire ce proverbe à celui qui a l'argent et qui fait le malin devant les gens alors qu'il ne donne rien.,,,,,,,,,,,,https://mooreburkina.com/fr/gulimancema/applications-gulmanchema,https://media.ipsapps.org/gux/ora/prov-v3/,apps/c89603eac94f16f0/02-B002-001.html,adjacent_french_segment,0.75,needs_review,186a Kankamantuolo kan
b5b6ba659036483e,gux,,app,15,,,189 N baa den ko kan ñani a koma n ni.,"Mon père a cultivé ne te sortira pas de la famine, (il faut cultiver aussi). Sens : Mon père était riche, il n'a plus d'argent, il faut que l'enfant se débrouille pour en avoir pour subvenir à ses besoins. Emploi : Se dit à quelqu'un qui comptait trop sur la richesse de ses parents.",,,,,,,,,,,,https://mooreburkina.com/fr/gulimancema/applications-gulmanchema,https://media.ipsapps.org/gux/ora/prov-v3/,apps/c89603eac94f16f0/02-B002-001.html,adjacent_french_segment,0.75,needs_review,186a Kankamantuolo kan
f3ae755e47668cbc,gux,,app,20,,,"190 Koali moandi juali, o moandi o candiegu.","Même si l'hyène regarde la montagne d'un mauvais œil , elle regarde sa demeure, (c'est-à-dire elle ne veut pas y entrer, mais elle y entrera). Sens : Même si tu es fâché contre quelqu'un de ta famille, (exemple père ou mère), parce que tu avais demandé un service qu'on ne t'a pas rendu, tôt ou tard tu te réconcilieras avec; parce que c'est ta famille. Emploi : Les parents pourront dire ce proverbe à celui qui était fâché lorsqu'il se réconcilie avec eux.",,,,,,,,,,,,https://mooreburkina.com/fr/gulimancema/applications-gulmanchema,https://media.ipsapps.org/gux/ora/prov-v3/,apps/c89603eac94f16f0/02-B002-001.html,adjacent_french_segment,0.75,needs_review,186a Kankamantuolo kan
41f0332a3460bcbf,gux,,app,25,,,191 Koarinkoanli buaa cuo ñoab ki nan jie o miali po.,"Un vautour veut attraper un crocodile, il a peur pour sa vie. Sens : se dit à un orgueilleux qui veut discuter avec celui qui est plus fort que lui et dont il a peur.",,,,,,,,,,,,https://mooreburkina.com/fr/gulimancema/applications-gulmanchema,https://media.ipsapps.org/gux/ora/prov-v3/,apps/c89603eac94f16f0/02-B002-001.html,adjacent_french_segment,0.75,needs_review,186a Kankamantuolo kan
ed89f679eed11301,gux,,app,29,,,192 Nilo yaa ju a koasaanbu a mo n ju o koadubu.,"Si quelqu'un brûle ton karité, brûle aussi son néré. Sens : rends aux autres le mal qu'ils te font. Emploi : Quand quelqu'un fait du mal à un autre, celui qui subit le mal lui dira ce proverbe. C'est qu'il veut se venger.",,,,,,,,,,,,https://mooreburkina.com/fr/gulimancema/applications-gulmanchema,https://media.ipsapps.org/gux/ora/prov-v3/,apps/c89603eac94f16f0/02-B002-001.html,adjacent_french_segment,0.75,needs_review,186a Kankamantuolo kan
0bea05607a0f7013,gux,,app,35,,,193 Kobiga kan ŋa o na kelima waa pia biima.,"Un poussin n'abandonnera pas sa mère parce qu'elle n'a pas de lait. Sens : si le père ou la mère d'un homme est fou, aveugle ou est atteint d'autres infirmités, il ne peut pas dire que ce n'est pas son père ou sa mère. Emploi : Un père ou une mère peuvent dire ce proverbe quand leur enfant refuse leur parole.",,,,,,,,,,,,https://mooreburkina.com/fr/gulimancema/applications-gulmanchema,https://media.ipsapps.org/gux/ora/prov-v3/,apps/c89603eac94f16f0/02-B002-001.html,adjacent_french_segment,0.75,needs_review,186a Kankamantuolo kan
5c07458e1f9a5de4,gux,,app,40,,,194 Kobiga n poadi naani o tama ki i tingi bianu.,"Là où le poussin éclot, il croit que c'est le bout du monde. Sens : un homme connait seulement I'endroit où il est né. Emploi : ce proverbe peut se dire à quelqu'un qui prétend tout connaitre et qui est resté dans son village alors qu'il a tout à apprendre.",,,,,,,,,,,,https://mooreburkina.com/fr/gulimancema/applications-gulmanchema,https://media.ipsapps.org/gux/ora/prov-v3/,apps/c89603eac94f16f0/02-B002-001.html,adjacent_french_segment,0.75,needs_review,186a Kankamantuolo kan
cf9e949444a5adf7,gux,,app,45,,,195 Yua n kaa ŋmani gbanli kan nii kobidi.,"Celui qui ne mange pas de peau, ne chie pas de poils. Pas d'effet sans cause. On ne doit pas payer pour ce qu'on n'a pas fait.",,,,,,,,,,,,https://mooreburkina.com/fr/gulimancema/applications-gulmanchema,https://media.ipsapps.org/gux/ora/prov-v3/,apps/c89603eac94f16f0/02-B002-001.html,adjacent_french_segment,0.75,needs_review,186a Kankamantuolo kan
21440b5f6af26909,gux,,app,49,,,Yua n kaa ŋmani gbanli kan nii kobidi. 196a Bi kan jaligi kobijengbanli ke waa doni li janli yuli po. 196b Bi kan jaligi kabijengbanli ki waa doni jandi yuli ye.,"On ne réprimande pas un poussin qui grandit sans plumes parce qu'il ne monte pas sur le hangar. Sens : A l’impossible nul n'est tenu, on ne peut exiger de quiconque ce qu'il lui est impossible de faire. Emploi : Celui à qui l'on demande de faire quelque chose qu'il ne peut pas faire pourra dire ce proverbe.",,,,,,,,,,,,https://mooreburkina.com/fr/gulimancema/applications-gulmanchema,https://media.ipsapps.org/gux/ora/prov-v3/,apps/c89603eac94f16f0/02-B002-001.html,adjacent_french_segment,0.75,needs_review,186a Kankamantuolo kan
65aaf13f36813142,gux,,app,55,,,Bi kan jaligi kobijengbanli ke waa doni li janli yuli po. 196b Bi kan jaligi kabijengbanli ki waa doni jandi yuli ye. 197a Kokolo kan luo ñima dayenli ki mudi o kocanciagu.,Un poulet ne manquera pas d'eau un jour et ne brisera pas son abreuvoir.,,,,,,,,,,,,https://mooreburkina.com/fr/gulimancema/applications-gulmanchema,https://media.ipsapps.org/gux/ora/prov-v3/,apps/c89603eac94f16f0/02-B002-001.html,adjacent_french_segment,0.75,needs_review,186a Kankamantuolo kan
63a896d41a694842,gux,,app,59,,,197b Kokolo kan luo ñima dayendi ki mudi kacuali.,Un poulet ne brisera pas son abreuvoir parce qu'un jour il a manqué d'eau. Sens et emploi : On ne rompt pas avec quelqu'un qui nous fait du bien (un bienfaiteur) pour un seul refus.,,,,,,,,,,,,https://mooreburkina.com/fr/gulimancema/applications-gulmanchema,https://media.ipsapps.org/gux/ora/prov-v3/,apps/c89603eac94f16f0/02-B002-001.html,adjacent_french_segment,0.75,needs_review,186a Kankamantuolo kan
3e6cf3f685063304,gux,,app,64,,,198 Li kojenli bua ki li fanii cie kobiga.,"L'œuf ne peut pas être plus malin que le poussin. Sens : si ton fils veut te montrer qu'il est plus malin que toi, tu peux lui dire ce proverbe. Ç'est le poussin (père) qui dira à l'œuf (le fils) qu'il est plus malin que lui parce que le poussin peut se promener. Ce qu'il a vu l'œuf ne l'a pas vu, donc il ne peut dire qu'il est plus malin que lui.",,,,,,,,,,,,https://mooreburkina.com/fr/gulimancema/applications-gulmanchema,https://media.ipsapps.org/gux/ora/prov-v3/,apps/c89603eac94f16f0/02-B002-001.html,adjacent_french_segment,0.75,needs_review,186a Kankamantuolo kan
916edb9446762566,gux,,app,1,,,199a Kokoli n pia ya kpama o nua pia mane o taawogili nni ki ŋmaari.,"La graisse qu'a la poule, le zébu l'a dans son sabot et marche en l'écrasant.",,,,,,,,,,,,https://mooreburkina.com/fr/gulimancema/applications-gulmanchema,https://media.ipsapps.org/gux/ora/prov-v3/,apps/c89603eac94f16f0/03-B003-001.html,adjacent_french_segment,0.75,needs_review,199a Kokoli n pia ya
8eea8e5a39a0af7b,gux,,app,3,,,199b Kokolo n pia laa kpama nua pia lan kpama o taafoku n ni ki taada.,"La graisse qu'a la poule alors qu'elle se promène en faisant l'orgueil, le zébu l'a dans son sabot sans le sentir et piétine. Sens : ce que le riche a et ne montre pas, le pauvre en a beaucoup moins et il fait le malin. Emploi : se dit à quelqu'un qui a peu d'argent et qui fait le malin.",,,,,,,,,,,,https://mooreburkina.com/fr/gulimancema/applications-gulmanchema,https://media.ipsapps.org/gux/ora/prov-v3/,apps/c89603eac94f16f0/03-B003-001.html,adjacent_french_segment,0.75,needs_review,199a Kokoli n pia ya
852fbcd9bc9a2b22,gux,,app,9,,,200 A yaa bua cuo kokolo se an yadi i di (gari an lu di).,Si tu veux attraper un poulet il faut que tu jettes du mil.,,,,,,,,,,,,https://mooreburkina.com/fr/gulimancema/applications-gulmanchema,https://media.ipsapps.org/gux/ora/prov-v3/,apps/c89603eac94f16f0/03-B003-001.html,adjacent_french_segment,0.75,needs_review,199a Kokoli n pia ya
3e866e8ab1773a44,gux,,app,11,,,"Sens : si tu veux que quelqu'un fasse pour toi quelque chose, deviens doux.",Emploi : se dit à quelqu'un qui demande un service en parlant durement en adressant de mauvaises paroles aux gens.,,,,,,,,,,,,https://mooreburkina.com/fr/gulimancema/applications-gulmanchema,https://media.ipsapps.org/gux/ora/prov-v3/,apps/c89603eac94f16f0/03-B003-001.html,adjacent_french_segment,0.75,needs_review,199a Kokoli n pia ya
db7563e65272505e,gux,,app,14,,,201 A yaa ŋmani a danli kokuoga a yaa kokuoga cuoni dianma.,"Si tu manges le poulet de ton voisin le tien boitille. Sens : si ton ami t'a donné quelque chose, tu dois aussi lui donner quelque chose. Emploi : celui qui reçoit dira ce proverbe à celui qui a donné.",,,,,,,,,,,,https://mooreburkina.com/fr/gulimancema/applications-gulmanchema,https://media.ipsapps.org/gux/ora/prov-v3/,apps/c89603eac94f16f0/03-B003-001.html,adjacent_french_segment,0.75,needs_review,199a Kokoli n pia ya
809e2ccced4b2b86,gux,,app,18,,,A yaa ŋmani a danli kokuoga a yaa kokuoga cuoni dianma. 202a Baa wuu konbu ki bi bua gu kelima gu ye o ñinsanu po. 202b Baa wuu konbu ki bi bua o li te ki o ye ñinwali sanbili ni.,"On ne lave pas ses bourses parce qu'on les aime, mais parce qu'elles sont sur le chemin de l'eau. Sens : si deux gars aiment la même fille et que l'un des deux la marie, celui qui l'a mariée pourra dire ce proverbe à son concurrent.",,,,,,,,,,,,https://mooreburkina.com/fr/gulimancema/applications-gulmanchema,https://media.ipsapps.org/gux/ora/prov-v3/,apps/c89603eac94f16f0/03-B003-001.html,adjacent_french_segment,0.75,needs_review,199a Kokoli n pia ya
d7b133fc01378ac8,gux,,app,25,,,203 Tiladi duondi o ŋmamo li konguabili.,La nécessité fait monter le singe dans l'épineux. Sens : Nécessité fait loi.,,,,,,,,,,,,https://mooreburkina.com/fr/gulimancema/applications-gulmanchema,https://media.ipsapps.org/gux/ora/prov-v3/,apps/c89603eac94f16f0/03-B003-001.html,adjacent_french_segment,0.75,needs_review,199a Kokoli n pia ya
4290a99048e6b745,gux,,app,29,,,204 Li konguabili yaa nini ya simma n pendi o o baa kpe.,"Si l'acacia gurmaensis excrète de la gomme qui le dépasse, il va mourir. Sens : si quelqu'un cherche ce qui le dépasse, ce qu'il ne peut avoir, il sera fatigué pour rien (il va mourir). Emploi : se dit à quelqu'un qui n'a pas pu avoir ce qu'il désirait.",,,,,,,,,,,,https://mooreburkina.com/fr/gulimancema/applications-gulmanchema,https://media.ipsapps.org/gux/ora/prov-v3/,apps/c89603eac94f16f0/03-B003-001.html,adjacent_french_segment,0.75,needs_review,199a Kokoli n pia ya
e51216299ce644d3,gux,,app,33,,,Li konguabili yaa nini ya simma n pendi o o baa kpe. 205a Nilo yaa pedi i konkoni ki luni mi ñima n ni ki nan kua i ba muu o. 205b Ali nulo pedi konkoni ki luni mi ñima n ni ki nan kuani li baa muu o.,"Si quelqu'un coupe des épines et les met dans l'eau et y entre, ça le piquera. Sens et emploi : si quelqu'un te fait du mal et qu'il vienne te demander un service, tu pourras lui dire ce proverbe.",,,,,,,,,,,,https://mooreburkina.com/fr/gulimancema/applications-gulmanchema,https://media.ipsapps.org/gux/ora/prov-v3/,apps/c89603eac94f16f0/03-B003-001.html,adjacent_french_segment,0.75,needs_review,199a Kokoli n pia ya
fac29895fe69f9dc,gux,,app,40,,,206 A yaa paadi o koñua leni o bila li baa yiagi o.,"Si tu sépares la poule de ses poussins ça va la rendre malade, la tracasser. Sens et emploi : Le garçon dira ce proverbe à son père qui ne veut pas qu'il se marie avec telle fille.",,,,,,,,,,,,https://mooreburkina.com/fr/gulimancema/applications-gulmanchema,https://media.ipsapps.org/gux/ora/prov-v3/,apps/c89603eac94f16f0/03-B003-001.html,adjacent_french_segment,0.75,needs_review,199a Kokoli n pia ya
5163a4f2a46f7b68,gux,,app,44,,,"207 Koñuaboano yaa wugi nuanjengu, o fiabi baa coagi.","Si une poule noire couve un œuf d'autruche ses ailes seront fatiguées. Sens et emploi : A celui qui veut faire quelque chose, et qui n'en a pas les moyens, on peut lui dire ce proverbe, (les ailes de la poule ne peuvent couvrir l'œuf).",,,,,,,,,,,,https://mooreburkina.com/fr/gulimancema/applications-gulmanchema,https://media.ipsapps.org/gux/ora/prov-v3/,apps/c89603eac94f16f0/03-B003-001.html,adjacent_french_segment,0.75,needs_review,199a Kokoli n pia ya
311f98fcd9ea2264,gux,,app,47,,,"Koñuaboano yaa wugi nuanjengu, o fiabi baa coagi. 208a O kotongu bandi o cangumanu i di kaani.",Le coq connait la bonne hospitalité à l'endroit où on lui a jeté le mil.,,,,,,,,,,,,https://mooreburkina.com/fr/gulimancema/applications-gulmanchema,https://media.ipsapps.org/gux/ora/prov-v3/,apps/c89603eac94f16f0/03-B003-001.html,adjacent_french_segment,0.75,needs_review,199a Kokoli n pia ya
9c1e0aac95828cf5,gux,,app,50,,,208b Katongu bandi o cangumanu i ditani kaani.,Le coq connait la bonne hospitalité en mangeant le restant de mil. Sens et emploi : un hôte qui aura été bien accueilli pourra dire ce proverbe à son logeur.,,,,,,,,,,,,https://mooreburkina.com/fr/gulimancema/applications-gulmanchema,https://media.ipsapps.org/gux/ora/prov-v3/,apps/c89603eac94f16f0/03-B003-001.html,adjacent_french_segment,0.75,needs_review,199a Kokoli n pia ya
e3365c48c3dc9f38,gux,,app,55,,,"209 Kotonjakpeligu yaa maadi yaalin bia, li ba guani o lagbiankpakpagidi n ni.","Les mauvaises paroles du vieux coq retournent dans ses barbillons. Sens et emploi : si A dit à B des paroles méchantes, B pourra dire ce proverbe à A.",,,,,,,,,,,,https://mooreburkina.com/fr/gulimancema/applications-gulmanchema,https://media.ipsapps.org/gux/ora/prov-v3/,apps/c89603eac94f16f0/03-B003-001.html,adjacent_french_segment,0.75,needs_review,199a Kokoli n pia ya
9f0480962321f3ad,gux,,app,59,,,210 Kotonnumoanli kan cuo colo.,L'œil rouge du coq n'attrapera pas le serval. Sens et emploi : se dit à quelqu'un qui te regarde sévèrement et qui ne peut rien te faire (parce qu'il est moins fort que toi).,,,,,,,,,,,,https://mooreburkina.com/fr/gulimancema/applications-gulmanchema,https://media.ipsapps.org/gux/ora/prov-v3/,apps/c89603eac94f16f0/03-B003-001.html,adjacent_french_segment,0.75,needs_review,199a Kokoli n pia ya
525f65c6fe676e83,gux,,app,63,,,211 Utienu yaa ku bedo kan kpa.,"Si Dieu ne tue pas, le chef ne tuera pas non plus. Sens : Rien ne peut se faire sans la permission préalable de Dieu. Tout ce qui arrive Dieu le permet. Emploi : se dit à une personne qui est contre une autre.",,,,,,,,,,,,https://mooreburkina.com/fr/gulimancema/applications-gulmanchema,https://media.ipsapps.org/gux/ora/prov-v3/,apps/c89603eac94f16f0/03-B003-001.html,adjacent_french_segment,0.75,needs_review,199a Kokoli n pia ya
ccbf2fcbbe8ac0e7,gux,,app,1,,,212 Kpaajiega bandi o lielo mi fenmi n ni.,"La tourterelle reconnait sa camarade dans les déchets des épis battus. Sens : c'est quand le malheur arrive qu'on reconnait celui qui nous aime. Si ce n'était pas le battage des épis de mil, les tourterelles ne se seraient pas rencontrées. Emploi : se dit à celui qu'on croyait qu'il nous aimait, alors que ce n'est pas vrai; il n'est pas venu me voir alors que j'étais malheureux.",,,,,,,,,,,,https://mooreburkina.com/fr/gulimancema/applications-gulmanchema,https://media.ipsapps.org/gux/ora/prov-v3/,apps/c89603eac94f16f0/04-B004-001.html,adjacent_french_segment,0.75,needs_review,212 Kpaajiega bandi o
6e7917b65819bce3,gux,,app,6,,,Kpaajiega bandi o lielo mi fenmi n ni. 213a Kuuma yaa la kpalipienbu ki yie cenli o bua kpaliboanbu. 213b Ali kuuma la piendi ki yie cendi o daani boanbu.,"Si la mort voit un pagne blanc et refuse de marcher, elle espère un pagne noir. Sens et emploi : se dit à quelqu'un à qui on donne peu de chose et qui refuse de le prendre. C'est qu'il espère avoir ailleurs mieux que ce qu'on veut lui donner.",,,,,,,,,,,,https://mooreburkina.com/fr/gulimancema/applications-gulmanchema,https://media.ipsapps.org/gux/ora/prov-v3/,apps/c89603eac94f16f0/04-B004-001.html,adjacent_french_segment,0.75,needs_review,212 Kpaajiega bandi o
68450f5d04228de9,gux,,app,14,,,214 A yaa yedi ki a lielo yuli pia kpabili an tabi a yaalii le.,"Si tu dis que la tête de ton camarade a de l’os, tâte ta propre tête pour voir. Sens et emploi : se dit à quelqu'un qui fait du mal à son camarade et qui ne veut pas que son camarade lui rende le mal qu'il lui a fait.",,,,,,,,,,,,https://mooreburkina.com/fr/gulimancema/applications-gulmanchema,https://media.ipsapps.org/gux/ora/prov-v3/,apps/c89603eac94f16f0/04-B004-001.html,adjacent_french_segment,0.75,needs_review,212 Kpaajiega bandi o
bf03ae19764c3c31,gux,,app,18,,,215 Mi ñima n yabi maama kuli o kan bolini kpanguonguonfaadi.,Beaucoup d'eau ne fera pas disparaitre les feuilles de nénuphar. Sens et emploi : Si quelqu'un veut montrer qu'il est supérieur aux autres il pourra dire ce proverbe.,,,,,,,,,,,,https://mooreburkina.com/fr/gulimancema/applications-gulmanchema,https://media.ipsapps.org/gux/ora/prov-v3/,apps/c89603eac94f16f0/04-B004-001.html,adjacent_french_segment,0.75,needs_review,212 Kpaajiega bandi o
514b168c08c87467,gux,,app,22,,,216 Yuaa pia jena wan ŋmani a kpanguonguona.,"Que celui qui n'a pas d’œufs mange des fruits de nénuphar. Sens : celui qui n'a pas les moyens de payer ce qui est cher, qu'il paie ce qui est moins cher. Emploi : se dit à quelqu'un qui veut vivre au-dessus de ses moyens.",,,,,,,,,,,,https://mooreburkina.com/fr/gulimancema/applications-gulmanchema,https://media.ipsapps.org/gux/ora/prov-v3/,apps/c89603eac94f16f0/04-B004-001.html,adjacent_french_segment,0.75,needs_review,212 Kpaajiega bandi o
dddf8e3cb4e675b3,gux,,app,27,,,217 Kpankpankoala ke pia buolu gari wa pia jiema ke li dagidi o po.,"Celui qui a des plis dans la peau du cou n'a pas de race sauf celui qui a suffisamment de nourriture. Sens : Si quelqu'un est gros ce n'est pas pour rien, c'est qu'il mange bien. Emploi : peut se dire à quelqu'un qui est gros.",,,,,,,,,,,,https://mooreburkina.com/fr/gulimancema/applications-gulmanchema,https://media.ipsapps.org/gux/ora/prov-v3/,apps/c89603eac94f16f0/04-B004-001.html,adjacent_french_segment,0.75,needs_review,212 Kpaajiega bandi o
3fa4e70e34c48852,gux,,app,32,,,218 N kan ñidi wulo ki ŋoadi kpantajenbo.,Je ne laisserai pas une gueule tapée pour poursuivre une pintade à la patte cassée. Emploi : quelqu'un qui a un petit travail ne le lâchera pas pour chercher un autre mieux payé mais incertain. On ne lâche pas la proie pour l'ombre.,,,,,,,,,,,,https://mooreburkina.com/fr/gulimancema/applications-gulmanchema,https://media.ipsapps.org/gux/ora/prov-v3/,apps/c89603eac94f16f0/04-B004-001.html,adjacent_french_segment,0.75,needs_review,212 Kpaajiega bandi o
dec2d7e24198a33e,gux,,app,37,,,219 Ali a yan bua nulo o kpatali te kpapali.,"Si tu n'aimes pas quelqu'un, son pantalon est un sac. Sens et emploi : se dit à un ennemi même s'il s'habille bien pour toi c'est zéro, parce que tu ne trouves rien de bien chez lui.",,,,,,,,,,,,https://mooreburkina.com/fr/gulimancema/applications-gulmanchema,https://media.ipsapps.org/gux/ora/prov-v3/,apps/c89603eac94f16f0/04-B004-001.html,adjacent_french_segment,0.75,needs_review,212 Kpaajiega bandi o
0c2e339a2e518342,gux,,app,41,,,220 Devinette : O muagu cuocuoo ban ŋa jakpeliga kpataamu.,"La brousse brûle et laisse le cordon du pantalon du lièvre. Réponse : o sanu, le chemin.",,,,,,,,,,,,https://mooreburkina.com/fr/gulimancema/applications-gulmanchema,https://media.ipsapps.org/gux/ora/prov-v3/,apps/c89603eac94f16f0/04-B004-001.html,adjacent_french_segment,0.75,needs_review,212 Kpaajiega bandi o
75ea5c109cb7f1f7,gux,,app,44,,,O muagu cuocuoo ban ŋa jakpeliga kpataamu. 221a A yaa kuuli kpe an gedi o maano po ki ban toadi li. 221b Ali a kuuli gbedi an gedi maano n ye nain ki ban toadi o.,"Si ta daba est émoussée va chez le forgeron pour qu'il l'affûte. Sens : celui qui veut une chose doit aller chez celui qui peut la lui procurer. Emploi : se dit à celui qui veut telle chose, il doit en prendre les moyens. Qui veut la fin veut les moyens.",,,,,,,,,,,,https://mooreburkina.com/fr/gulimancema/applications-gulmanchema,https://media.ipsapps.org/gux/ora/prov-v3/,apps/c89603eac94f16f0/04-B004-001.html,adjacent_french_segment,0.75,needs_review,212 Kpaajiega bandi o
26e9574b3adca538,gux,,app,53,,,"222 Nitoa naa kuuma tie baru, die a namoano kuuma tie kpienbima.","La mort de la mère d'un autre est une fête, mais la mort de ta propre mère est un deuil. Sens : se dit à celui qui va aux funérailles et qui se moque des orphelins, c'est-à-dire de celui qui a perdu son père ou sa mère, en disant que c'est la fête pour lui.",,,,,,,,,,,,https://mooreburkina.com/fr/gulimancema/applications-gulmanchema,https://media.ipsapps.org/gux/ora/prov-v3/,apps/c89603eac94f16f0/04-B004-001.html,adjacent_french_segment,0.75,needs_review,212 Kpaajiega bandi o
ffd4e30275223e68,gux,,app,57,,,223 Pua yaa puli kpinbiadi o tuba ye niinpo.,"Si une femme cuit de la mauvaise sauce, ses oreilles sont dehors. Sens : Celui qui fait ce qui n'est pas bien prêtera l'oreille pour entendre si les autres l'injurient. Emploi : se dit à quelqu'un qui commet une erreur et qui pense qu’on va la découvrir.",,,,,,,,,,,,https://mooreburkina.com/fr/gulimancema/applications-gulmanchema,https://media.ipsapps.org/gux/ora/prov-v3/,apps/c89603eac94f16f0/04-B004-001.html,adjacent_french_segment,0.75,needs_review,212 Kpaajiega bandi o
1f24c59dcf10000d,gux,,app,62,,,224 Wayendo baa cedi tin ku i we kuli.,Un seul serpent nous fera tuer tous les autres.,,,,,,,,,,,,https://mooreburkina.com/fr/gulimancema/applications-gulmanchema,https://media.ipsapps.org/gux/ora/prov-v3/,apps/c89603eac94f16f0/04-B004-001.html,adjacent_french_segment,0.75,needs_review,212 Kpaajiega bandi o
7f0d7b107263fa6c,gux,,app,1,,,225 Ninando n kua n lama wan ña u dogu n ni.,"Un ennemi ne veut pas me voir, qu'il quitte le village. Sens et emploi : se dit à quelqu'un qui ne veut pas voir son prochain.",,,,,,,,,,,,https://mooreburkina.com/fr/gulimancema/applications-gulmanchema,https://media.ipsapps.org/gux/ora/prov-v3/,apps/c89603eac94f16f0/05-B005-001.html,adjacent_french_segment,0.75,needs_review,225 Ninando n kua n lama
16845a80c37b17e2,gux,,app,5,,,"226 N kua mii ta, an daa bi kua n cie.","Je suis rentré, et je n'ai pas pris. Si tu n'étais pas rentré, c'était mieux (parce qu'on ne t'aurait pas accusé). Sens : Il y a eu un vol dans une maison. Il se trouve que je suis entré dans cette maison, la chose a disparu.",,,,,,,,,,,,https://mooreburkina.com/fr/gulimancema/applications-gulmanchema,https://media.ipsapps.org/gux/ora/prov-v3/,apps/c89603eac94f16f0/05-B005-001.html,adjacent_french_segment,0.75,needs_review,225 Ninando n kua n lama
2f3d3ff22e55388c,gux,,app,10,,,On m'accuse de l'avoir prise.,Emploi : Le propriétaire de la maison et mes amis pourront me dire ce proverbe.,,,,,,,,,,,,https://mooreburkina.com/fr/gulimancema/applications-gulmanchema,https://media.ipsapps.org/gux/ora/prov-v3/,apps/c89603eac94f16f0/05-B005-001.html,adjacent_french_segment,0.75,needs_review,225 Ninando n kua n lama
e71a28e4948f6948,gux,,app,13,,,227 Ñuñuga yaa faani o kuadaano cie.,"Si la perdrix est maligne, le propriétaire du champ l'est plus.",,,,,,,,,,,,https://mooreburkina.com/fr/gulimancema/applications-gulmanchema,https://media.ipsapps.org/gux/ora/prov-v3/,apps/c89603eac94f16f0/05-B005-001.html,adjacent_french_segment,0.75,needs_review,225 Ninando n kua n lama
c736d3bf37f66f7b,gux,,app,16,,,228 Kondaano n bani o konbu duanu.,C'est le bossu qui sait placer sa bosse pour dormir. Sens et emploi : Le plus qualifié dira ce proverbe à un moins qualifié qui veut se mêler de son travail.,,,,,,,,,,,,https://mooreburkina.com/fr/gulimancema/applications-gulmanchema,https://media.ipsapps.org/gux/ora/prov-v3/,apps/c89603eac94f16f0/05-B005-001.html,adjacent_french_segment,0.75,needs_review,225 Ninando n kua n lama
ff738c75841cfbe3,gux,,app,20,,,229 Kundikundi yaa sieni diegu ijanbi n baa yadi gu.,"Si la combine construit une maison, c'est la trahison qui va la disperser. Sens et emploi : Se dit à quelqu'un qui fait du mal pour être heureux, ce bonheur sera tôt ou tard annihilé par le malheur.",,,,,,,,,,,,https://mooreburkina.com/fr/gulimancema/applications-gulmanchema,https://media.ipsapps.org/gux/ora/prov-v3/,apps/c89603eac94f16f0/05-B005-001.html,adjacent_french_segment,0.75,needs_review,225 Ninando n kua n lama
5557ca14fbbf0742,gux,,app,24,,,230 Kunkuli na yuli mani ki waa maali tanli.,La mère de la tortue est heureuse parce qu'elle n' a pas enfanté une pierre. Sens : ne pas se fier aux apparences.,,,,,,,,,,,,https://mooreburkina.com/fr/gulimancema/applications-gulmanchema,https://media.ipsapps.org/gux/ora/prov-v3/,apps/c89603eac94f16f0/05-B005-001.html,adjacent_french_segment,0.75,needs_review,225 Ninando n kua n lama
c42e08b4621ba65d,gux,,app,28,,,231 Al kunkula kobiga koani leni bayiendi ki yengi ledi baa dugila.,"Si cent tortues se bagarrent avec l’aigle bateleur, quand le soleil tombera il ne restera plus que les carapaces. (Ici on emploie le mot image de canaris percés, parce qu'il aura mangé la chair des tortues). Sens et emploi : celui qui se bagarre à plus fort que lui, ce dernier pourra lui dire ce proverbe.",,,,,,,,,,,,https://mooreburkina.com/fr/gulimancema/applications-gulmanchema,https://media.ipsapps.org/gux/ora/prov-v3/,apps/c89603eac94f16f0/05-B005-001.html,adjacent_french_segment,0.75,needs_review,225 Ninando n kua n lama
444e518f5e5d8afd,gux,,app,33,,,232 Goari kandi n tua a kojena n kuogi li naali.,Qui s'est beaucoup promené dit que les œufs de poule frappent la pierre du moulin.,,,,,,,,,,,,https://mooreburkina.com/fr/gulimancema/applications-gulmanchema,https://media.ipsapps.org/gux/ora/prov-v3/,apps/c89603eac94f16f0/05-B005-001.html,adjacent_french_segment,0.75,needs_review,225 Ninando n kua n lama
8190f3786a9f70b8,gux,,app,36,,,233 Goari foagidi wain a maasi ki bi den kpanjena kuogi naana.,"Celui qui voyage au loin dit que chez eux (là-bas où il est allé) les œufs de pintade frappent les pierres pour moudre (les pierres qui servent de moulin). Sens et emploi : Si quelqu'un ment on peut lui dire ce proverbe. Celui qui est parti loin sait bien que personne n'ira contrôler ses dires, alors il invente.",,,,,,,,,,,,https://mooreburkina.com/fr/gulimancema/applications-gulmanchema,https://media.ipsapps.org/gux/ora/prov-v3/,apps/c89603eac94f16f0/05-B005-001.html,adjacent_french_segment,0.75,needs_review,225 Ninando n kua n lama
1a8c3d4142eba2b2,gux,,app,40,,,Goari foagidi wain a maasi ki bi den kpanjena kuogi naana. 234a Kupiilo nunmoanli kan piini fuodo. 234b Fagbilo nunmoanbu kan piini fuodo.,"L'œil rouge (énervé) du fossoyeur n'enterrera pas un vivant. Sens : Même si le fossoyeur aime les enterrements il n'enterrera que les morts, pas les vivants. Emploi : Se dit à un fossoyeur qui va à un enterrement même si on ne l'a pas invité.",,,,,,,,,,,,https://mooreburkina.com/fr/gulimancema/applications-gulmanchema,https://media.ipsapps.org/gux/ora/prov-v3/,apps/c89603eac94f16f0/05-B005-001.html,adjacent_french_segment,0.75,needs_review,225 Ninando n kua n lama
ef945c5f54ae4078,gux,,app,48,,,235 Puribuaga la naamuuno konbu o tuoni o lema bianu.,"Le petit bouc voit les bourses de l'hyène il est arrivé à la limite de voir, au point qu'il ne verra plus. Il sera mangé par l'hyène. Sens : si tu fais quelque chose de mal à quelqu'un qui est plus fort que toi, le plus fort lui dira ce proverbe.",,,,,,,,,,,,https://mooreburkina.com/fr/gulimancema/applications-gulmanchema,https://media.ipsapps.org/gux/ora/prov-v3/,apps/c89603eac94f16f0/05-B005-001.html,adjacent_french_segment,0.75,needs_review,225 Ninando n kua n lama
fc4f1b2178ab1409,gux,,app,53,,,236 Ali a kuuli gbedi an gedi o maano n ye naani ki ban tuadi o.,Si ta daba a le tranchant abimé vas chez le forgeron qu'il l'affûte. Sens : Qui veut une chose doit aller chez celui qui peut la lui procurer.,,,,,,,,,,,,https://mooreburkina.com/fr/gulimancema/applications-gulmanchema,https://media.ipsapps.org/gux/ora/prov-v3/,apps/c89603eac94f16f0/05-B005-001.html,adjacent_french_segment,0.75,needs_review,225 Ninando n kua n lama
3c18bc0646c4f031,gux,,app,57,,,237 Yua n bua laafia n loagidi ibilidi tuonli.,"Que celui qui veut la santé évite le travail dangereux. Sens : Si tu veux ce qui est bien, ne fais pas le mal sinon on te le rendra. Emploi : se dira à celui qui veut détruire le bien d'un autre.",,,,,,,,,,,,https://mooreburkina.com/fr/gulimancema/applications-gulmanchema,https://media.ipsapps.org/gux/ora/prov-v3/,apps/c89603eac94f16f0/05-B005-001.html,adjacent_french_segment,0.75,needs_review,225 Ninando n kua n lama
83e109c37ef43343,gux,,app,1,,,238 Yaali n cua kuli an mia laafia. Lan tieni a an mia baani.,"Malgré tout ce qui t'arrive aujourd'hui demande la santé. Sens et emploi : se dit à quelqu'un sur qui le malheur s'abat (maladie, pauvreté) alors qu'il ne croit pas qu'il puisse s'en sortir. Avec la santé tout ira bien.",,,,,,,,,,,,https://mooreburkina.com/fr/gulimancema/applications-gulmanchema,https://media.ipsapps.org/gux/ora/prov-v3/,apps/c89603eac94f16f0/06-B006-001.html,adjacent_french_segment,0.75,needs_review,238 Yaali n cua kuli an
d7187c6f818c7af6,gux,,app,6,,,"Yaali n cua kuli an mia laafia. Lan tieni a an mia baani. 239a A yaa die laalaagu a kan cabidi o siiga. 239b Al a kaa die laalaagu, aa cabisi o siiga, gari o kuni.","Si tu n'es pas propriétaire de la galette, tu ne la partageras pas en deux sauf le bord. Sens et emploi : se dit à celui qui emprunte une chose et la passe à une autre personne sans l'avis du propriétaire. Le propriétaire pourra lui dire ce proverbe.",,,,,,,,,,,,https://mooreburkina.com/fr/gulimancema/applications-gulmanchema,https://media.ipsapps.org/gux/ora/prov-v3/,apps/c89603eac94f16f0/06-B006-001.html,adjacent_french_segment,0.75,needs_review,238 Yaali n cua kuli an
759f7bf1f8053aa6,gux,,app,15,,,240 A yaa danli leni ŋmaamo a gbiamu kan lagi tanpoli.,"Si tu es ami du singe, ton bâton ne restera pas suspendu. Sens et emploi : si je suis ami avec quelqu'un qui a les moyens, (argent...) et qu'il m'aide, je pourrai lui dire ce proverbe.",,,,,,,,,,,,https://mooreburkina.com/fr/gulimancema/applications-gulmanchema,https://media.ipsapps.org/gux/ora/prov-v3/,apps/c89603eac94f16f0/06-B006-001.html,adjacent_french_segment,0.75,needs_review,238 Yaali n cua kuli an
e860e3e85f89c5b5,gux,,app,20,,,241 Katongu mabiara biari o lanpara n ni.,Les paroles méchantes du coq restent dans ses barbillons. Sens et emploi : se dit à quelqu'un qui aime dire toujours du mal des gens.,,,,,,,,,,,,https://mooreburkina.com/fr/gulimancema/applications-gulmanchema,https://media.ipsapps.org/gux/ora/prov-v3/,apps/c89603eac94f16f0/06-B006-001.html,adjacent_french_segment,0.75,needs_review,238 Yaali n cua kuli an
a48c0a6dcee56f43,gux,,app,24,,,242 Pocian lantonga kuum yaa cedi o.,"Une vieille qui parle mal aux gens, c'est la mort qui l'a laissée. Sens et emploi : se dit à une vieille qui lance toujours des mauvaises paroles sur les gens.",,,,,,,,,,,,https://mooreburkina.com/fr/gulimancema/applications-gulmanchema,https://media.ipsapps.org/gux/ora/prov-v3/,apps/c89603eac94f16f0/06-B006-001.html,adjacent_french_segment,0.75,needs_review,238 Yaali n cua kuli an
41678653156cc6e7,gux,,app,28,,,243 Tin Iebidi o yendi yaali n kaa ŋani.,"Echangeons, c'est que l'affaire de l'un n'est pas bonne. Sens et emploi : Quand tu dis Echangeons, c'est que tu vois que la chose que je possède est meilleure que la tienne. Celui qui possède la meilleure chose pourra dire ce proverbe à l'autre.",,,,,,,,,,,,https://mooreburkina.com/fr/gulimancema/applications-gulmanchema,https://media.ipsapps.org/gux/ora/prov-v3/,apps/c89603eac94f16f0/06-B006-001.html,adjacent_french_segment,0.75,needs_review,238 Yaali n cua kuli an
d2c88caf855f97f8,gux,,app,33,,,244 Ledi puni baa dua cuodi.,"Prêter et donner met à la gêne, (fait passer la nuit accroupi).",,,,,,,,,,,,https://mooreburkina.com/fr/gulimancema/applications-gulmanchema,https://media.ipsapps.org/gux/ora/prov-v3/,apps/c89603eac94f16f0/06-B006-001.html,adjacent_french_segment,0.75,needs_review,238 Yaali n cua kuli an
47735d0d77b0cf95,gux,,app,35,,,Ledi puni baa dua cuodi. 245a Liantonli yuan lia ba nii. 245b Liantondi wa lia wan ni.,"Le natron amer, qui le lèche va chier. Sens et emploi : Quelqu'un qui t'est supérieur et dont tu te moques pourra te dire ce proverbe.",,,,,,,,,,,,https://mooreburkina.com/fr/gulimancema/applications-gulmanchema,https://media.ipsapps.org/gux/ora/prov-v3/,apps/c89603eac94f16f0/06-B006-001.html,adjacent_french_segment,0.75,needs_review,238 Yaali n cua kuli an
70a4f1cd3fedf2de,gux,,app,40,,,"Liantonli yuan lia ba nii. Liantondi wa lia wan ni. 246a Cuani liba o baa kuni leni liba. 246b Cuani liba, o baa kpeni leni liba.","Celui qui apporte quelque chose repartira avec quelque chose. Sens et emploi : se dit à quelqu'un qui vient les mains vides, et qui veut repartir avec quelque chose.",,,,,,,,,,,,https://mooreburkina.com/fr/gulimancema/applications-gulmanchema,https://media.ipsapps.org/gux/ora/prov-v3/,apps/c89603eac94f16f0/06-B006-001.html,adjacent_french_segment,0.75,needs_review,238 Yaali n cua kuli an
7f43832fdfe57437,gux,,app,48,,,247 Daa ba waa ta leni luodo.,Celui qui n'a pas encore eu ne ressemble pas à un pauvre. Sens et emploi : se dit à quelqu'un qui se dit pauvre et dont les gens se moquent de sa pauvreté.,,,,,,,,,,,,https://mooreburkina.com/fr/gulimancema/applications-gulmanchema,https://media.ipsapps.org/gux/ora/prov-v3/,apps/c89603eac94f16f0/06-B006-001.html,adjacent_french_segment,0.75,needs_review,238 Yaali n cua kuli an
bbe460b0662ce759,gux,,app,52,,,248 Namo yaa juni tangu o biidi o luoli.,"Si le scorpion pique une pierre, il gaspille son venin. Sens et emploi : se dit à une personne qui veut le mal de quelqu'un et qui ne le peut pas.",,,,,,,,,,,,https://mooreburkina.com/fr/gulimancema/applications-gulmanchema,https://media.ipsapps.org/gux/ora/prov-v3/,apps/c89603eac94f16f0/06-B006-001.html,adjacent_french_segment,0.75,needs_review,238 Yaali n cua kuli an
91792743d638d900,gux,,app,56,,,249 A yaa jagi luomo a taana kan fuli tinga.,"Si tu chevauches un éléphant, tes pieds ne traineront pas à terre. Sens : l'ami des puissants ne manquera de rien. Si tu as l'appui des hommes tu ne connaitras pas la honte, parce qu'ils t’aideront. Emploi : se dit à quelqu'un qui a beaucoup d'appuis de personnes pour l'aider.",,,,,,,,,,,,https://mooreburkina.com/fr/gulimancema/applications-gulmanchema,https://media.ipsapps.org/gux/ora/prov-v3/,apps/c89603eac94f16f0/06-B006-001.html,adjacent_french_segment,0.75,needs_review,238 Yaali n cua kuli an
3a41807de623bb1a,gux,,app,1,,,250 Luomo yaa doni tangu o biidi o tatuoli.,"Si l'éléphant monte sur un rocher il abime son pied. Sens : si un moins fort s'attaque à un plus fort, il gâte sa tête. Ex : si un pauvre demande quelque chose à un riche, et qu'il ne l'obtienne pas, le pauvre qui discute avec le plus fort que lui n'aura pas raison. Emploi : si le pauvre est fâché je pourrai lui dire ce proverbe.",,,,,,,,,,,,https://mooreburkina.com/fr/gulimancema/applications-gulmanchema,https://media.ipsapps.org/gux/ora/prov-v3/,apps/c89603eac94f16f0/07-B007-001.html,adjacent_french_segment,0.75,needs_review,250 Luomo yaa doni tangu
6487abe826adfc96,gux,,app,7,,,251 Maanŋmandi n ŋmani a fiara.,"L'habitude de manger fait manger les grains de mil non décortiqués. Sens et emploi : Tu aimes trop la nourriture, un jour tu risques de manger ton totem.",,,,,,,,,,,,https://mooreburkina.com/fr/gulimancema/applications-gulmanchema,https://media.ipsapps.org/gux/ora/prov-v3/,apps/c89603eac94f16f0/07-B007-001.html,adjacent_french_segment,0.75,needs_review,250 Luomo yaa doni tangu
b9f62f527bb70fe8,gux,,app,11,,,252 Maanpuali kan pua poligu.,L'habitude de frapper les gens ne fera pas frapper un esprit. Sens et emploi : Se dit à quelqu'un qui a l'habitude de faire quelque chose de mauvais alors qu'il ne pourra pas le faire à celui qui est plus fort que lui.,,,,,,,,,,,,https://mooreburkina.com/fr/gulimancema/applications-gulmanchema,https://media.ipsapps.org/gux/ora/prov-v3/,apps/c89603eac94f16f0/07-B007-001.html,adjacent_french_segment,0.75,needs_review,250 Luomo yaa doni tangu
9aaa75f55e3e265c,gux,,app,22,,,254 Manbondo moandi gurili cokaanu ki ye.,"Le chat sauvage jette un regard sur le hérisson, mais il n' y a pas où le saisir. Le haineux est incapable de nuire.",,,,,,,,,,,,https://mooreburkina.com/fr/gulimancema/applications-gulmanchema,https://media.ipsapps.org/gux/ora/prov-v3/,apps/c89603eac94f16f0/07-B007-001.html,adjacent_french_segment,0.75,needs_review,250 Luomo yaa doni tangu
ccdb3b5890b00207,gux,,app,26,,,255 Mandi kpada kan mua luoma.,Suer à grosses gouttes ne pleurera pas la pauvreté. Sens et emploi : se dit à quelqu'un qui ne veut pas travailler et qui veut avoir quelque chose.,,,,,,,,,,,,https://mooreburkina.com/fr/gulimancema/applications-gulmanchema,https://media.ipsapps.org/gux/ora/prov-v3/,apps/c89603eac94f16f0/07-B007-001.html,adjacent_french_segment,0.75,needs_review,250 Luomo yaa doni tangu
aaee5b644fcbdd1b,gux,,app,30,,,256 Lia manma ke baa caali n ni.,Se retirer de la rosée pour aller tomber dans le puits. Sens et emploi : se dit à quelqu'un qui tombe d'un mal dans un autre pire.,,,,,,,,,,,,https://mooreburkina.com/fr/gulimancema/applications-gulmanchema,https://media.ipsapps.org/gux/ora/prov-v3/,apps/c89603eac94f16f0/07-B007-001.html,adjacent_french_segment,0.75,needs_review,250 Luomo yaa doni tangu
e3ed2ca22796ab5e,gux,,app,33,,,Lia manma ke baa caali n ni. 257a Ali pua mudi canciagu o laa lan pendi buga. 257b Pua yaa kpa o biga madiciagu o laa yaali cie o biga nuni yo.,"Si une femme brise l'interdit des premières relations sexuelles après un accouchement, elle a vu ce qui est meilleur pour elle qu'un enfant. Sens : Si un fils déteste son père, il a vu ce qui est meilleur pour lui que son père. Emploi : se dit à quelqu'un qui ne s'occupe pas de ses parents.",,,,,,,,,,,,https://mooreburkina.com/fr/gulimancema/applications-gulmanchema,https://media.ipsapps.org/gux/ora/prov-v3/,apps/c89603eac94f16f0/07-B007-001.html,adjacent_french_segment,0.75,needs_review,250 Luomo yaa doni tangu
8c10a93d2316505c,gux,,app,41,,,258 O ŋoabo yaa ñidi o caano o miidi o sangbanlo.,Si une chèvre mord un étranger elle prend la place du chien.,,,,,,,,,,,,https://mooreburkina.com/fr/gulimancema/applications-gulmanchema,https://media.ipsapps.org/gux/ora/prov-v3/,apps/c89603eac94f16f0/07-B007-001.html,adjacent_french_segment,0.75,needs_review,250 Luomo yaa doni tangu
b903ded0b25bd2c0,gux,,app,59,,,O gbaaro daa moaabu jamoanli n die. O gbaaro daa moaabu o daa o sangbanli po. 261a Tonma gangaali pua len moaciegu. 261b Tonton gangaali pua leni koadugu.,"Si tu es pressé de taper le tamtam, tu le taperas avec la faucille. Sens et emploi : Se dit à quelqu'un qui est trop pressé de faire quelque chose. Il fera toujours des bêtises. Il la fera mal.",,,,,,,,,,,,https://mooreburkina.com/fr/gulimancema/applications-gulmanchema,https://media.ipsapps.org/gux/ora/prov-v3/,apps/c89603eac94f16f0/07-B007-001.html,adjacent_french_segment,0.75,needs_review,250 Luomo yaa doni tangu
f4db2bf0ff646618,gux,,app,1,,,262 Moapienciangu kan bolini luomo.,"La grande herbe ne peut faire disparaitre l'éléphant. Sens et emploi : si quelqu'un veut montrer qu'il est supérieur aux autres, il pourra dire ce proverbe et se donner ce surnom.",,,,,,,,,,,,https://mooreburkina.com/fr/gulimancema/applications-gulmanchema,https://media.ipsapps.org/gux/ora/prov-v3/,apps/c89603eac94f16f0/08-B008-001.html,adjacent_french_segment,0.75,needs_review,262 Moapienciangu kan
c0a774e0755c729d,gux,,app,5,,,263 Ba i biga yaa mua o nan bua o naa.,"Même si l'enfant ne pleure pas, il a besoin de sa mère.",,,,,,,,,,,,https://mooreburkina.com/fr/gulimancema/applications-gulmanchema,https://media.ipsapps.org/gux/ora/prov-v3/,apps/c89603eac94f16f0/08-B008-001.html,adjacent_french_segment,0.75,needs_review,262 Moapienciangu kan
d322797ec9d858d3,gux,,app,8,,,264 A yaa muani leni o namuno aa baani o paalu n daa maama.,Si tu n'as pas lutté avec l'hyène tu ne sais pas à quoi sa force est égale. Sens : l'expérience est maîtresse de vie.,,,,,,,,,,,,https://mooreburkina.com/fr/gulimancema/applications-gulmanchema,https://media.ipsapps.org/gux/ora/prov-v3/,apps/c89603eac94f16f0/08-B008-001.html,adjacent_french_segment,0.75,needs_review,262 Moapienciangu kan
b7b9776adf7150ed,gux,,app,11,,,"A yaa muani leni o namuno aa baani o paalu n daa maama. 265a Li muarili tie ŋunbo, a yaa pua o o kan cuoni. 265b Li muasili te ŋunbo a yaam pua o o kan cuoni.","Le mossi est un âne, si tu ne le frappes pas, il ne marchera pas. Sens et emploi : se dit à quelqu'un qui a la tête dure comme un mossi. Celui qui est incompréhensible, si tu n'insistes pas, tu ne sauras pas la vérité.",,,,,,,,,,,,https://mooreburkina.com/fr/gulimancema/applications-gulmanchema,https://media.ipsapps.org/gux/ora/prov-v3/,apps/c89603eac94f16f0/08-B008-001.html,adjacent_french_segment,0.75,needs_review,262 Moapienciangu kan
2dc61b6c1ca7703d,gux,,app,19,,,266 Muasi yendi ba teni ban sugi moasa kuli.,Un seul mossi fera qu'on insulte tous les mossis.,,,,,,,,,,,,https://mooreburkina.com/fr/gulimancema/applications-gulmanchema,https://media.ipsapps.org/gux/ora/prov-v3/,apps/c89603eac94f16f0/08-B008-001.html,adjacent_french_segment,0.75,needs_review,262 Moapienciangu kan
2fbcd04c470cc383,gux,,app,22,,,"267 Ke muriga moandi gurili, o kan fidii cuo o.","Le chat regarde d'un mauvais œil le hérisson, il ne peut pas l’attraper. Sens et emploi : si quelqu'un est fâché contre un autre, et ne sait pas quoi lui dire, on pourra lui dire ce proverbe.",,,,,,,,,,,,https://mooreburkina.com/fr/gulimancema/applications-gulmanchema,https://media.ipsapps.org/gux/ora/prov-v3/,apps/c89603eac94f16f0/08-B008-001.html,adjacent_french_segment,0.75,needs_review,262 Moapienciangu kan
2892d1504ba76aaf,gux,,app,26,,,268 Bua n gbanu kan ñani mutuoli.,"Aimer mon corps n'enlèvera pas le ressentiment. Sens : celui qui n'aime pas travailler (qui ne veut pas fatiguer son corps) il n'aura jamais ce qu'il veut et il va gêner, embêter les autres qui ont travaillé pour avoir quelque chose. Emploi : se dit à quelqu'un qui ne veut pas travailler.",,,,,,,,,,,,https://mooreburkina.com/fr/gulimancema/applications-gulmanchema,https://media.ipsapps.org/gux/ora/prov-v3/,apps/c89603eac94f16f0/08-B008-001.html,adjacent_french_segment,0.75,needs_review,262 Moapienciangu kan
839ed4925aebb289,gux,,app,31,,,269 Ñiidi ke a ñi mu muwalu.,"Si l'on dit à quelqu'un cesse d'appuyer sur le feu, c'est que c'est une petite braise. Sens et emploi : Si quelqu'un fait une chose qui peut lui faire du mal, on n'a pas besoin de le conseiller parce que s'il voit que ça va s'aggraver il va cesser de le faire. Emploi : se dit à quelqu'un à qui on va faire quelque chose et lui nuire. Par exemple : si tu aimes la femme de quelqu'un qui t'est supérieur on n'a pas besoin de te conseiller car il va te frapper.",,,,,,,,,,,,https://mooreburkina.com/fr/gulimancema/applications-gulmanchema,https://media.ipsapps.org/gux/ora/prov-v3/,apps/c89603eac94f16f0/08-B008-001.html,adjacent_french_segment,0.75,needs_review,262 Moapienciangu kan
e050830b8e821bdc,gux,,app,36,,,Ñiidi ke a ñi mu muwalu. 270a Foliga ya joa o bani ke mi naŋanma pieni. 270b Bi kan waani foliga ke naŋanma pieni.,Si un peul est aveugle il sait que le lait est blanc. Sens et emploi : on n'apprend pas à quelqu'un une chose qu'il connait déjà.,,,,,,,,,,,,https://mooreburkina.com/fr/gulimancema/applications-gulmanchema,https://media.ipsapps.org/gux/ora/prov-v3/,apps/c89603eac94f16f0/08-B008-001.html,adjacent_french_segment,0.75,needs_review,262 Moapienciangu kan
a649d7c60805392b,gux,,app,42,,,271 Naali n fidi yaala tuoli kan fidi.,"Ce que peut faire la pierre à écraser le mil, le mortier ne le peut pas. Sens : ce que peut faire le riche, le pauvre ne le peut pas.",,,,,,,,,,,,https://mooreburkina.com/fr/gulimancema/applications-gulmanchema,https://media.ipsapps.org/gux/ora/prov-v3/,apps/c89603eac94f16f0/08-B008-001.html,adjacent_french_segment,0.75,needs_review,262 Moapienciangu kan
270fcbc40bbec282,gux,,app,46,,,272 Utienu ke puni nabiado yinli.,"Dieu ne donne pas des cornes a un zébu méchant. Sens et emploi : se dit à quelqu'un qui est méchant, alors qu'il n'a rien (ni femmes, ni enfants, ni argent). Se dit à un méchant qui n'a pas la possibilité physique de nuire.",,,,,,,,,,,,https://mooreburkina.com/fr/gulimancema/applications-gulmanchema,https://media.ipsapps.org/gux/ora/prov-v3/,apps/c89603eac94f16f0/08-B008-001.html,adjacent_french_segment,0.75,needs_review,262 Moapienciangu kan
da5159ee6de8c798,gux,,app,51,,,"273 Nafanu kan pua luodo, se yua n pia.","Un malheur ne frappe pas un pauvre mais un riche. Sens : se dit à un riche (celui qui possède) qui se plaint d'avoir perdu quelque chose, parce que s'il n'avait rien, il n'aurait rien perdu. Le pauvre qui n'a rien ne perd rien.",,,,,,,,,,,,https://mooreburkina.com/fr/gulimancema/applications-gulmanchema,https://media.ipsapps.org/gux/ora/prov-v3/,apps/c89603eac94f16f0/08-B008-001.html,adjacent_french_segment,0.75,needs_review,262 Moapienciangu kan
fcd808bb0ba86930,gux,,app,1,,,"274a Nilo yaa baa waani o cuado nakpafuuli, o bua o po o nua ki naa pia. 274b Ali nulo waani o cuado nakpafuuli o bua o po kpanbaali.","Si quelqu'un va montrer à son beau-père les traces de bœufs, c'est qu'il aurait voulu lui donner un bœuf, mais il n'en a pas. Sens : si tu aimes quelqu'un beaucoup et que tu n'as rien à lui donner, il peut te dire ce proverbe.",,,,,,,,,,,,https://mooreburkina.com/fr/gulimancema/applications-gulmanchema,https://media.ipsapps.org/gux/ora/prov-v3/,apps/c89603eac94f16f0/09-B009-001.html,adjacent_french_segment,0.75,needs_review,274a Nilo yaa baa waani o
1e4b9199fe774604,gux,,app,7,,,"275 Nakpankpabili miadi sangbanli kuuma, o mo kan ya ye la.","La tique demande la mort du chien, elle ne vivra pas non plus. Sens et emploi : Même si quelqu'un souhaite la mort de quelqu'un il ne vivra pas plus qu'il ne devait vivre. Si tu souhaites une mauvaise chose pour quelqu'un ça t’arrivera aussi.",,,,,,,,,,,,https://mooreburkina.com/fr/gulimancema/applications-gulmanchema,https://media.ipsapps.org/gux/ora/prov-v3/,apps/c89603eac94f16f0/09-B009-001.html,adjacent_french_segment,0.75,needs_review,274a Nilo yaa baa waani o
4d662151f2d5bd15,gux,,app,11,,,"Nakpankpabili miadi sangbanli kuuma, o mo kan ya ye la. 276a Nakpansiiga junga ni o siadi po, li lonlonli wan jungi ni o tugitongu po. 276b Nankpansiiga jungi o sinandu po, nankpanlondi wan jungi o tugitongu po.","L'abeille me pique pour le miel, la mouche maçonne parce qu'elle est mauvaise. Sens et emploi : si deux personnes m'insultent alors que je n'ai fait du mal qu'à l'une, je dirai ce proverbe à celle à qui je n'ai rien fait.",,,,,,,,,,,,https://mooreburkina.com/fr/gulimancema/applications-gulmanchema,https://media.ipsapps.org/gux/ora/prov-v3/,apps/c89603eac94f16f0/09-B009-001.html,adjacent_french_segment,0.75,needs_review,274a Nilo yaa baa waani o
7b48f906c7e0b92e,gux,,app,16,,,"Nakpansiiga junga ni o siadi po, li lonlonli wan jungi ni o tugitongu po. Nankpansiiga jungi o sinandu po, nankpanlondi wan jungi o tugitongu po. 277a Nakpansii yaa juni tanli, bi biidi bi tuudima. 277b Nankpansiiga juni tandi o bisi o tonma.","Si l'abeille pique une pierre, elle gâte son venin. Sens et emploi : si un inférieur veut se montrer plus fort qu'un supérieur, le supérieur pourra lui dire ce proverbe.",,,,,,,,,,,,https://mooreburkina.com/fr/gulimancema/applications-gulmanchema,https://media.ipsapps.org/gux/ora/prov-v3/,apps/c89603eac94f16f0/09-B009-001.html,adjacent_french_segment,0.75,needs_review,274a Nilo yaa baa waani o
fe983bba1dc290cc,gux,,app,24,,,278 A yaa ñi o namo miali o baa juni a.,"Si tu appuies sur le nez du scorpion, il va te piquer. Sens et emploi : Si un plus fort est provoqué par un moins fort , le plus fort pourra lui dire ce proverbe.",,,,,,,,,,,,https://mooreburkina.com/fr/gulimancema/applications-gulmanchema,https://media.ipsapps.org/gux/ora/prov-v3/,apps/c89603eac94f16f0/09-B009-001.html,adjacent_french_segment,0.75,needs_review,274a Nilo yaa baa waani o
67e64231c233b9c2,gux,,app,28,,,279 Naamuuno laari jiemii pendi.,"L'hyène qui voit la nourriture ne passe pas outre. Sens : celui qui aime trop manger s'arrêtera là où il verra de la nourriture. Emploi : si on mange et que quelqu'un vient, nous pourrons lui dire ce proverbe.",,,,,,,,,,,,https://mooreburkina.com/fr/gulimancema/applications-gulmanchema,https://media.ipsapps.org/gux/ora/prov-v3/,apps/c89603eac94f16f0/09-B009-001.html,adjacent_french_segment,0.75,needs_review,274a Nilo yaa baa waani o
acd61d0ef4cdbc09,gux,,app,33,,,280 Naamuntadiga kan ŋmani feli.,L'hyène affaiblie ne mange pas de courge.,,,,,,,,,,,,https://mooreburkina.com/fr/gulimancema/applications-gulmanchema,https://media.ipsapps.org/gux/ora/prov-v3/,apps/c89603eac94f16f0/09-B009-001.html,adjacent_french_segment,0.75,needs_review,274a Nilo yaa baa waani o
8b6cf2f0c176f2c2,gux,,app,43,,,282 Kaa bani nangu yaa baa puali o baa yedi ban ta mu jugimu leni a yala.,"Celui qui ne connait pas la viande et gagne le foie dira de prendre des haches et des couteaux (parce qu'il va croire que le foie est dur, parce qu'il n'a jamais su ce qu'était la viande). Sens : si quelqu'un n'a jamais rien eu et qu'il obtienne un peu, il croira qu'il obtient trop.",,,,,,,,,,,,https://mooreburkina.com/fr/gulimancema/applications-gulmanchema,https://media.ipsapps.org/gux/ora/prov-v3/,apps/c89603eac94f16f0/09-B009-001.html,adjacent_french_segment,0.75,needs_review,274a Nilo yaa baa waani o
9efd09ce2751cf1a,gux,,app,47,,,"283 Biemu yaa yedi ke o ba niagi leni panli, o baa tua taatuoli.","Si la jambe dit qu'elle va se comparer à la cuisse, elle deviendra éléphantiasis.",,,,,,,,,,,,https://mooreburkina.com/fr/gulimancema/applications-gulmanchema,https://media.ipsapps.org/gux/ora/prov-v3/,apps/c89603eac94f16f0/09-B009-001.html,adjacent_french_segment,0.75,needs_review,274a Nilo yaa baa waani o
9e0bc44a8b657cb9,gux,,app,50,,,"284 Niapaamo cuoni ke bi ga, o bua ŋmani koanbiga , (sous-entendu : al o geri ijuani a po, bi kan ga).","Si l'hyène a attrapé et qu'on a repris c'est qu'elle veut manger tout près, (si elle va derrière les montagnes, on ne la prendra pas). Sens : si un beau-père a repris sa fille, c’est que le mari est resté tout près de lui. Si le mari était parti au loin où le beau-père ne le verrait plus, il ne pourrait plus reprendre sa fille.",,,,,,,,,,,,https://mooreburkina.com/fr/gulimancema/applications-gulmanchema,https://media.ipsapps.org/gux/ora/prov-v3/,apps/c89603eac94f16f0/09-B009-001.html,adjacent_french_segment,0.75,needs_review,274a Nilo yaa baa waani o
f1ab1d67726d50e3,gux,,app,56,,,285 Nibiliga ya nagisi mu o daani landi.,"Si le doigt s'approche du feu c'est qu'il se confie en la langue. Sens : si celui qui n'a pas de force provoque celui qui est plus fort, c'est qu'il espère que quelqu'un va l'aider. Emploi : celui qui n'a pas de force dira ce proverbe à celui qu'il va provoquer.",,,,,,,,,,,,https://mooreburkina.com/fr/gulimancema/applications-gulmanchema,https://media.ipsapps.org/gux/ora/prov-v3/,apps/c89603eac94f16f0/09-B009-001.html,adjacent_french_segment,0.75,needs_review,274a Nilo yaa baa waani o
769dc87b9e810244,gux,,app,1,,,286 Nibiyenli kan taa tanbu.,"Un seul doigt ne peut prendre un caillou. Sens et emploi : se dit à quelqu'un qui veut faire un travail seul, alors que ce travail demande d'être plusieurs.",,,,,,,,,,,,https://mooreburkina.com/fr/gulimancema/applications-gulmanchema,https://media.ipsapps.org/gux/ora/prov-v3/,apps/c89603eac94f16f0/10-B010-001.html,adjacent_french_segment,0.75,needs_review,286 Nibiyenli kan taa
200e631cea02e2b2,gux,,app,8,,,288 Nigibima kan ñani sidibila u mu nni.,"Un ver a beau se tortiller, il ne se sortira pas du feu.",,,,,,,,,,,,https://mooreburkina.com/fr/gulimancema/applications-gulmanchema,https://media.ipsapps.org/gux/ora/prov-v3/,apps/c89603eac94f16f0/10-B010-001.html,adjacent_french_segment,0.75,needs_review,286 Nibiyenli kan taa
36c07c25219f78e0,gux,,app,11,,,289 N kan ñiidi wulo ki ñi kpantajenli.,Je ne lâche pas une gueule-tapée pour retenir une pintade à une seule patte. Sens : Ne pas lâcher la proie pour l'ombre.,,,,,,,,,,,,https://mooreburkina.com/fr/gulimancema/applications-gulmanchema,https://media.ipsapps.org/gux/ora/prov-v3/,apps/c89603eac94f16f0/10-B010-001.html,adjacent_french_segment,0.75,needs_review,286 Nibiyenli kan taa
9df886885e7bd51b,gux,,app,15,,,290 Nijigidii tie yianu.,"Le fait d'être faible n'est pas une maladie. Sens : si un homme est maigre, il se peut qu'il soit fort. Ne pas juger sur les apparences.",,,,,,,,,,,,https://mooreburkina.com/fr/gulimancema/applications-gulmanchema,https://media.ipsapps.org/gux/ora/prov-v3/,apps/c89603eac94f16f0/10-B010-001.html,adjacent_french_segment,0.75,needs_review,286 Nibiyenli kan taa
8feedb55d8f26f61,gux,,app,20,,,291 Ninando pumalli balijo.,"La verge longue et grosse d'un ennemi c'est un fouet de corde avec fer. Sens : si tu n'aimes pas quelqu'un, sa verge est considérée comme un fouet pour toi. Emploi : si quelqu'un est mon ennemi, je lui dirai cette sentence, et me donnerai ce surnom.",,,,,,,,,,,,https://mooreburkina.com/fr/gulimancema/applications-gulmanchema,https://media.ipsapps.org/gux/ora/prov-v3/,apps/c89603eac94f16f0/10-B010-001.html,adjacent_french_segment,0.75,needs_review,286 Nibiyenli kan taa
c495b8b96131117d,gux,,app,24,,,"Ninando pumalli balijo. 292a Ñinsandi yaa maa dieli mangu baa mudi li. 292b Ñinsangu yaa ma diegu , manma yaa baa guli o.","Si la salive construit la maison la rosée va la démolir. Sens : Une chose ne vaut que ce qu'elle coûte. Si quelqu'un ose faire ce qu'il ne peut pas, on pourra lui dire ce proverbe.",,,,,,,,,,,,https://mooreburkina.com/fr/gulimancema/applications-gulmanchema,https://media.ipsapps.org/gux/ora/prov-v3/,apps/c89603eac94f16f0/10-B010-001.html,adjacent_french_segment,0.75,needs_review,286 Nibiyenli kan taa
6b7a4fe13a7449df,gux,,app,32,,,293 Foliga nua mala ki nan nua o nabiga n se.,La vache du peul a vêlé et elle voit où se trouve son veau. Paroles dites à quelqu'un qui pose une question et connait la réponse.,,,,,,,,,,,,https://mooreburkina.com/fr/gulimancema/applications-gulmanchema,https://media.ipsapps.org/gux/ora/prov-v3/,apps/c89603eac94f16f0/10-B010-001.html,adjacent_french_segment,0.75,needs_review,286 Nibiyenli kan taa
a5262eaf331b6793,gux,,app,36,,,294 Nuami kan yegi len kpiarima.,La course n'accompagnera pas le grattage. Sens : On ne peut jamais faire deux choses à la fois. Emploi : se dit à celui qui veut faire deux choses à la fois.,,,,,,,,,,,,https://mooreburkina.com/fr/gulimancema/applications-gulmanchema,https://media.ipsapps.org/gux/ora/prov-v3/,apps/c89603eac94f16f0/10-B010-001.html,adjacent_french_segment,0.75,needs_review,286 Nibiyenli kan taa
abfe939a91978088,gux,,app,41,,,"295 A yaa ŋoadi nuanbidi lie telu, a kan cuo o ba.","Si tu poursuis deux petits oiseaux tu n'en attraperas aucun. Sens et emploi : se dit à quelqu'un qui veut faire deux travaux à la fois, il ne fera rien de bon. On ne peut poursuivre deux lièvres à la fois.",,,,,,,,,,,,https://mooreburkina.com/fr/gulimancema/applications-gulmanchema,https://media.ipsapps.org/gux/ora/prov-v3/,apps/c89603eac94f16f0/10-B010-001.html,adjacent_french_segment,0.75,needs_review,286 Nibiyenli kan taa
11d5a0bd754dc32e,gux,,app,46,,,296 Nuanfoagoarigu kan tudi o tiali.,"L'oiseau qui voyage ne se trompera pas de nid. Sens : où qu'un homme aille, il connait où est sa maison. Emploi : se dit à quelqu'un qui dure dans son voyage.",,,,,,,,,,,,https://mooreburkina.com/fr/gulimancema/applications-gulmanchema,https://media.ipsapps.org/gux/ora/prov-v3/,apps/c89603eac94f16f0/10-B010-001.html,adjacent_french_segment,0.75,needs_review,286 Nibiyenli kan taa
d167fd4d95deab4b,gux,,app,51,,,297 Yua bua tanpoli laabaalo wan buali o nuano.,"Celui qui veut savoir ce qui se passe dans le ciel, qu'il interroge l'oiseau. Sens : Il faut interroger ceux qui ont l'expérience.",,,,,,,,,,,,https://mooreburkina.com/fr/gulimancema/applications-gulmanchema,https://media.ipsapps.org/gux/ora/prov-v3/,apps/c89603eac94f16f0/10-B010-001.html,adjacent_french_segment,0.75,needs_review,286 Nibiyenli kan taa
9b8feadcb527dcb0,gux,,app,1,,,298 Nunbankaaga kan pedi yali.,Un visage connu ne se frappe pas avec la hache. Sens : Tu ne feras rien de mal à celui que tu connais.,,,,,,,,,,,,https://mooreburkina.com/fr/gulimancema/applications-gulmanchema,https://media.ipsapps.org/gux/ora/prov-v3/,apps/c89603eac94f16f0/11-B011-001.html,adjacent_french_segment,0.75,needs_review,298 Nunbankaaga kan pedi
91f518d95bdc23ae,gux,,app,6,,,299 Ali nunbili bua nyasi len nungbangu o baa te nunyiekaabu.,"Si le globe de l'œil veut ressembler à la paupière, il deviendra un œil qui ne voit pas. Sens et emploi : se dit à un inférieur qui veut s'égaler à un supérieur.",,,,,,,,,,,,https://mooreburkina.com/fr/gulimancema/applications-gulmanchema,https://media.ipsapps.org/gux/ora/prov-v3/,apps/c89603eac94f16f0/11-B011-001.html,adjacent_french_segment,0.75,needs_review,298 Nunbankaaga kan pedi
87bc5f7f109dfbeb,gux,,app,9,,,"Ali nunbili bua nyasi len nungbangu o baa te nunyiekaabu. 300a Nunbu la yaala kuli yaa tie jiema, o sangbanlo kan dua mi koma. 300b Nunbu la yaa te jiema, boaga kan dua koma.","Si tout ce que l'œil voit était nourriture le chien ne se coucherait pas avec la faim. Sens : si tout ce que l`homme voit lui appartenait il n'y aurait pas de pauvre. Emploi : peut se dire à quelqu'un qui désire quelque chose, qu'il ne peut avoir.",,,,,,,,,,,,https://mooreburkina.com/fr/gulimancema/applications-gulmanchema,https://media.ipsapps.org/gux/ora/prov-v3/,apps/c89603eac94f16f0/11-B011-001.html,adjacent_french_segment,0.75,needs_review,298 Nunbankaaga kan pedi
ecb49bee18688461,gux,,app,15,,,"Nunbu la yaala kuli yaa tie jiema, o sangbanlo kan dua mi koma. Nunbu la yaa te jiema, boaga kan dua koma. 301a N danli nunbu yaa tie n yaabu n yaa yaabu n cie. 301b N duali nunbu te n yaabu, n nunceli yaa cie.","Si l'œil de mon ami est mon œil, mon propre œil est plus. Sens : si ton ami possède quelque chose de bien, c'est aussi à toi, mais ce que tu possèdes est mieux. Emploi : Quand tu demandes quelque chose à ton camarade, et que tu ne l'obtiennes pas, tu pourras dire ce proverbe.",,,,,,,,,,,,https://mooreburkina.com/fr/gulimancema/applications-gulmanchema,https://media.ipsapps.org/gux/ora/prov-v3/,apps/c89603eac94f16f0/11-B011-001.html,adjacent_french_segment,0.75,needs_review,298 Nunbankaaga kan pedi
ab21a927dcbb866f,gux,,app,24,,,"302 Nunfandanba lie yaa pua cieciena a baa nuugi, a kan daa. Si deux malins font des beignets de haricots, ils vont pourrir.","Ils ne seront pas achetés, parce qu'ils vont les faire trop petits. Sens et emploi : se dit à deux amis qui se réunissent pour entreprendre quelque chose. Comme l'un se croit plus malin que l'autre, l’entreprise ne va pas réussir.",,,,,,,,,,,,https://mooreburkina.com/fr/gulimancema/applications-gulmanchema,https://media.ipsapps.org/gux/ora/prov-v3/,apps/c89603eac94f16f0/11-B011-001.html,adjacent_french_segment,0.75,needs_review,298 Nunbankaaga kan pedi
386ca4a16182d35a,gux,,app,30,,,303 Nunfandanbi lie yaa jagini ŋunbo o gudu ba kua.,Si deux astucieux montent un âne son dos va se briser.,,,,,,,,,,,,https://mooreburkina.com/fr/gulimancema/applications-gulmanchema,https://media.ipsapps.org/gux/ora/prov-v3/,apps/c89603eac94f16f0/11-B011-001.html,adjacent_french_segment,0.75,needs_review,298 Nunbankaaga kan pedi
903ecb7e33db358f,gux,,app,34,,,304 A ñima yaa dagidi a walima an fa a nunga.,"Si ton eau ne suffit pas pour ton bain, lave ton visage.",,,,,,,,,,,,https://mooreburkina.com/fr/gulimancema/applications-gulmanchema,https://media.ipsapps.org/gux/ora/prov-v3/,apps/c89603eac94f16f0/11-B011-001.html,adjacent_french_segment,0.75,needs_review,298 Nunbankaaga kan pedi
29a074b2c613e0ab,gux,,app,38,,,"305 Nitoa nungbakobigu yaa ye, li kan biidi n guama.","Si quelqu'un n'a pas de sourcils, parce qu'ils ont été arrachés, ça ne gâtera pas mon sommeil (c’est-à-dire, ça ne m'empêchera pas de dormir.) Sens : même si un malheur arrive à mon voisin, ça ne m'empêchera pas de dormir.",,,,,,,,,,,,https://mooreburkina.com/fr/gulimancema/applications-gulmanchema,https://media.ipsapps.org/gux/ora/prov-v3/,apps/c89603eac94f16f0/11-B011-001.html,adjacent_french_segment,0.75,needs_review,298 Nunbankaaga kan pedi
6afb6343290ac72f,gux,,app,42,,,"306 Ba nacua yaa kpe, o nunkudumu kan bori.","Même si une sauterelle meurt, ses yeux ne se perdent pas. Ils seront toujours dehors comme s'ils vivaient. Sens et emploi : se dit à un orgueilleux ou à un voleur qui malgré leurs malheurs ou souffrances, resteront ce qu'ils sont, orgueilleux ou voleurs, même si on les fait souffrir.",,,,,,,,,,,,https://mooreburkina.com/fr/gulimancema/applications-gulmanchema,https://media.ipsapps.org/gux/ora/prov-v3/,apps/c89603eac94f16f0/11-B011-001.html,adjacent_french_segment,0.75,needs_review,298 Nunbankaaga kan pedi
9e02793db19a1ff1,gux,,app,47,,,307 Nunmoandikaabu kan sia diegu.,Un regard mauvais ne mettra pas le feu à la concession. Sens : si tu méprises quelqu'un et que tu n'as pas sa force (que tu ne peux rien lui faire) il pourra te dire ce proverbe. La personne qui n'est pas aimée dira ce proverbe à celle qui ne l'aime pas.,,,,,,,,,,,,https://mooreburkina.com/fr/gulimancema/applications-gulmanchema,https://media.ipsapps.org/gux/ora/prov-v3/,apps/c89603eac94f16f0/11-B011-001.html,adjacent_french_segment,0.75,needs_review,298 Nunbankaaga kan pedi
72699baf978b15bf,gux,,app,52,,,308 Nunmuanli kan sia diegu.,Un regard haineux ne met pas le feu aux cases.,,,,,,,,,,,,https://mooreburkina.com/fr/gulimancema/applications-gulmanchema,https://media.ipsapps.org/gux/ora/prov-v3/,apps/c89603eac94f16f0/11-B011-001.html,adjacent_french_segment,0.75,needs_review,298 Nunbankaaga kan pedi
7d354bd7bbd3abd4,gux,,app,55,,,309 Nunyenbu daano n daa laa juamo.,Le borgne ne se moque pas de l'aveugle. Sens : se dit à celui qui a une femme et qui se moque d'un célibataire.,,,,,,,,,,,,https://mooreburkina.com/fr/gulimancema/applications-gulmanchema,https://media.ipsapps.org/gux/ora/prov-v3/,apps/c89603eac94f16f0/11-B011-001.html,adjacent_french_segment,0.75,needs_review,298 Nunbankaaga kan pedi
5c81c2034f76f064,gux,,app,1,,,310 N yaa bi ña tie biyuanga.,Si j'avais su est un enfant qui vient en retard.,,,,,,,,,,,,https://mooreburkina.com/fr/gulimancema/applications-gulmanchema,https://media.ipsapps.org/gux/ora/prov-v3/,apps/c89603eac94f16f0/12-B012-001.html,adjacent_french_segment,0.75,needs_review,310 N yaa bi ña tie
1fb250340f845076,gux,,app,5,,,311 Bi yaa wuu i ñanunfandanga o yen nigidi o biemi.,"Si on lave un enfant intelligent, c'est lui-même qui nettoie ses jambes. Sens : Si on aide quelqu'un qui peut se débrouiller, il aura le courage de continuer. Emploi : se dit à quelqu'un qui veut faire quelque chose et que l'on aide parce qu'il n'a pas beaucoup de moyens.",,,,,,,,,,,,https://mooreburkina.com/fr/gulimancema/applications-gulmanchema,https://media.ipsapps.org/gux/ora/prov-v3/,apps/c89603eac94f16f0/12-B012-001.html,adjacent_french_segment,0.75,needs_review,310 N yaa bi ña tie
e966607a99d22566,gux,,app,10,,,312 Jankpaanlo kua ñoabo wan ña ku janbaagu n ni.,"Si un pécheur de poisson dit qu'il ne veut pas voir le crocodile, qu'il quitte le marigot où il y a du poisson. Sens : si tu n'aimes pas quelqu'un, n'entre pas chez lui.",,,,,,,,,,,,https://mooreburkina.com/fr/gulimancema/applications-gulmanchema,https://media.ipsapps.org/gux/ora/prov-v3/,apps/c89603eac94f16f0/12-B012-001.html,adjacent_french_segment,0.75,needs_review,310 N yaa bi ña tie
e4c669356d28926e,gux,,app,14,,,313 U jankpaanlo fii ke n bua la ŋa ijami po.,"Pécheur avec nasse, lève-toi parce que je veux te voir à cause du poisson. Sens : si tu dis à quelqu'un :« Lève-toi je veux te voir », c'est que tu as besoin de quelque chose chez lui. Emploi : se dit à quelqu'un qui demande à son camarade de se lever pour le voir.",,,,,,,,,,,,https://mooreburkina.com/fr/gulimancema/applications-gulmanchema,https://media.ipsapps.org/gux/ora/prov-v3/,apps/c89603eac94f16f0/12-B012-001.html,adjacent_french_segment,0.75,needs_review,310 N yaa bi ña tie
3da6bf17852d5a60,gux,,app,19,,,314 Ñancarimoanga yaa tugi yaa tugili n pendi o o baa tudi o falu.,"La fourmi qui porte une charge lourde, se trompera de sa couche.",,,,,,,,,,,,https://mooreburkina.com/fr/gulimancema/applications-gulmanchema,https://media.ipsapps.org/gux/ora/prov-v3/,apps/c89603eac94f16f0/12-B012-001.html,adjacent_french_segment,0.75,needs_review,310 N yaa bi ña tie
e8610df27f4de4d8,gux,,app,21,,,"Ñancarimoanga yaa tugi yaa tugili n pendi o o baa tudi o falu. 315a Ciani ni min ñiani, ki tie jawaandi. 315b Ciani ni ke n ñiani ke te jawaantu.","Accompagne moi pour aller aux W C n'est pas synonyme de peur. Sens et emploi : si quelqu’un demande à son camarade de lui rendre un service, par exemple de l'accompagner quelque part c'est par considération. S'il refuse il pourra lui dire ce proverbe.",,,,,,,,,,,,https://mooreburkina.com/fr/gulimancema/applications-gulmanchema,https://media.ipsapps.org/gux/ora/prov-v3/,apps/c89603eac94f16f0/12-B012-001.html,adjacent_french_segment,0.75,needs_review,310 N yaa bi ña tie
ac675a7a802450e4,gux,,app,27,,,"Ciani ni min ñiani, ki tie jawaandi. Ciani ni ke n ñiani ke te jawaantu. 316a l ñiani yaa ye li kani, a guda n yeni o kaanu. 316b l ñiani n kaa ye nain, i guda mo fidi li kain.","Là ou ne sont pas les porcs-épics, les hérissons commandent le lieu. Là où ne sont pas les supérieurs, les inférieurs font le malin. Emploi : se dit à quelqu'un qui fait le malin en l'absence de son supérieur.",,,,,,,,,,,,https://mooreburkina.com/fr/gulimancema/applications-gulmanchema,https://media.ipsapps.org/gux/ora/prov-v3/,apps/c89603eac94f16f0/12-B012-001.html,adjacent_french_segment,0.75,needs_review,310 N yaa bi ña tie
b4c4163851f242da,gux,,app,36,,,317 Kpia liiga kan ño ñingbrindi.,"Celui qui est arrivé le premier ne boira pas de l'eau boueuse. Sens : Les premiers arrivés prennent les meilleurs parts, les derniers le reste. Emploi : le premier pourra dire ce proverbe à ceux qui viennent après et qui le contestent parce qu'il a pris ce qu'il y a de meilleur.",,,,,,,,,,,,https://mooreburkina.com/fr/gulimancema/applications-gulmanchema,https://media.ipsapps.org/gux/ora/prov-v3/,apps/c89603eac94f16f0/12-B012-001.html,adjacent_french_segment,0.75,needs_review,310 N yaa bi ña tie
82e9c88d4b027470,gux,,app,41,,,318 Walabili ñinbila cie ŋunjali celigbenga.,Les petites dents de la vipère valent mieux que les grosses molaires de l'âne (parce qu'elles sont venimeuses). Sens et emploi : Le supérieur dira ce proverbe à l'inférieur qui se croit plus malin que lui.,,,,,,,,,,,,https://mooreburkina.com/fr/gulimancema/applications-gulmanchema,https://media.ipsapps.org/gux/ora/prov-v3/,apps/c89603eac94f16f0/12-B012-001.html,adjacent_french_segment,0.75,needs_review,310 N yaa bi ña tie
40f4b7363209e736,gux,,app,44,,,Walabili ñinbila cie ŋunjali celigbenga. 319a Ñoabu kan je lan main ki koagi lan bia. 319b Ñoabu kan je yaalin mani ki maadi yaali n bia.,"La bouche ne mangera pas ce qui est bon, pour dire du mal. Sens : si tu rends service à quelqu'un il n'a pas le droit de dire du mal de toi. Emploi : se dit à quelqu'un à qui j'ai rendu service et qui veut mal parler de moi.",,,,,,,,,,,,https://mooreburkina.com/fr/gulimancema/applications-gulmanchema,https://media.ipsapps.org/gux/ora/prov-v3/,apps/c89603eac94f16f0/12-B012-001.html,adjacent_french_segment,0.75,needs_review,310 N yaa bi ña tie
c595672ab40a1582,gux,,app,52,,,"320 Ñoabu kan di yaali n mani, an kuani bu yaama.","La bouche ne se nourrira pas de ce qui est bon et que tu lui interdiras le sel. Sens : si quelqu'un te fait du bien, ne lui rends pas le mal. Emploi : si quelqu'un te fait du mal, alors que tu lui as fait du bien ; tu lui diras ce proverbe.",,,,,,,,,,,,https://mooreburkina.com/fr/gulimancema/applications-gulmanchema,https://media.ipsapps.org/gux/ora/prov-v3/,apps/c89603eac94f16f0/12-B012-001.html,adjacent_french_segment,0.75,needs_review,310 N yaa bi ña tie
251a1647101b888f,mos,,dictionary,0,,,%,,,,,,,,,,,,,https://mooreburkina.com/libraries/pdfjs-dist-viewer-min/build/minified/web/viewer.html?file=%2Fsites%2Fwww.mooreburkina.com%2Ffiles%2Fpdf-files%2FBambara%2520Lexique.pdf,,pages/moore/general/dictionary/c26d2d5cafe8297b.html,numbered_content_page_text,0.80,needs_review,Text unit extracted from numbered content page; no media relation asserted.
f6a5570b8854b81c,mos,,folktale,1,,,161 Pʋ-toap yũud a bĩnd-koom.,(Le méchant souille son eau de boisson avec ses selles).,,,,,,,,,,,,https://mooreburkina.com/fr/contes-proverbes/proverbes-en-moor%C3%A9-vol-5,https://media.ipsapps.org/mos/ora/p5/,apps/001b4bd6a3621ba9/01-001-001.html,adjacent_french_segment,0.75,needs_review,161 Pʋ-toap yũud a bĩnd-k
b118bc7bdcc35fd4,mos,,folktale,1,,,"162 Kʋlg paoong yaa yẽbg paoongo, yẽbg paoong me yaa kʋlg paoongo.",(Le caïman et le marigot se partagent les mêmes intérêts).,,,,,,,,,,,,https://mooreburkina.com/fr/contes-proverbes/proverbes-en-moor%C3%A9-vol-5,https://media.ipsapps.org/mos/ora/p5/,apps/001b4bd6a3621ba9/01-001-002.html,adjacent_french_segment,0.75,needs_review,161 Pʋ-toap yũud a bĩnd-k
9b82ed3102752f43,mos,,folktale,1,,,163 Ka sẽn dõbẽ n sãad ye.,(Ne défèque pas toujours qui est accroupi).,,,,,,,,,,,,https://mooreburkina.com/fr/contes-proverbes/proverbes-en-moor%C3%A9-vol-5,https://media.ipsapps.org/mos/ora/p5/,apps/001b4bd6a3621ba9/01-001-003.html,adjacent_french_segment,0.75,needs_review,161 Pʋ-toap yũud a bĩnd-k
41f42f3c5feda9c2,mos,,folktale,1,,,164 Kur n bao la nang tão-a.,"(Si une tortue se faisait darder par un scorpion, elle l’aurait voulu).",,,,,,,,,,,,https://mooreburkina.com/fr/contes-proverbes/proverbes-en-moor%C3%A9-vol-5,https://media.ipsapps.org/mos/ora/p5/,apps/001b4bd6a3621ba9/01-001-004.html,adjacent_french_segment,0.75,needs_review,161 Pʋ-toap yũud a bĩnd-k
aa85a2977c802023,mos,,folktale,1,,,165 Kãnkã-wɩɩsd-b yẽsdame tɩ b nan ka tʋk ye.,"(Avant de charger des fagots, il faut au préalable tomber d’accord sur comment s’aider à le faire).",,,,,,,,,,,,https://mooreburkina.com/fr/contes-proverbes/proverbes-en-moor%C3%A9-vol-5,https://media.ipsapps.org/mos/ora/p5/,apps/001b4bd6a3621ba9/01-001-005.html,adjacent_french_segment,0.75,needs_review,161 Pʋ-toap yũud a bĩnd-k
41a7587492d4833f,mos,,folktale,1,,,"166 Koom sẽn na n kiis bugum, ka baod ko-sõng ye.",(On a nul besoin d’eau potable pour éteindre un feu).,,,,,,,,,,,,https://mooreburkina.com/fr/contes-proverbes/proverbes-en-moor%C3%A9-vol-5,https://media.ipsapps.org/mos/ora/p5/,apps/001b4bd6a3621ba9/01-001-006.html,adjacent_french_segment,0.75,needs_review,161 Pʋ-toap yũud a bĩnd-k
eeb6eac87a3ed3f1,mos,,folktale,1,,,167 Baag noor ka pit a le dũm ned ye.,"(À gueule pleine, un chien ne peut mordre).",,,,,,,,,,,,https://mooreburkina.com/fr/contes-proverbes/proverbes-en-moor%C3%A9-vol-5,https://media.ipsapps.org/mos/ora/p5/,apps/001b4bd6a3621ba9/01-001-007.html,adjacent_french_segment,0.75,needs_review,161 Pʋ-toap yũud a bĩnd-k
b1d3074bead0a9db,mos,,folktale,1,,,168 Kur pẽt n tãod a lʋga.,(Pour viser le flanc d’une tortue il faut être près d’elle).,,,,,,,,,,,,https://mooreburkina.com/fr/contes-proverbes/proverbes-en-moor%C3%A9-vol-5,https://media.ipsapps.org/mos/ora/p5/,apps/001b4bd6a3621ba9/01-001-008.html,adjacent_french_segment,0.75,needs_review,161 Pʋ-toap yũud a bĩnd-k
0fbb5c5cdb38e87b,mos,,folktale,1,,,169 Sũur kʋʋdame tɩ bõn gʋse.,(Ce qu’on tue dans sa colère est plumé à sa perte).,,,,,,,,,,,,https://mooreburkina.com/fr/contes-proverbes/proverbes-en-moor%C3%A9-vol-5,https://media.ipsapps.org/mos/ora/p5/,apps/001b4bd6a3621ba9/01-001-009.html,adjacent_french_segment,0.75,needs_review,161 Pʋ-toap yũud a bĩnd-k
ea71a66753d61835,mos,,folktale,1,,,170 Baag ka wʋmd a zugẽ yũug ye.,(L’odeur d’une plaie céphalique du chien l’échappe).,,,,,,,,,,,,https://mooreburkina.com/fr/contes-proverbes/proverbes-en-moor%C3%A9-vol-5,https://media.ipsapps.org/mos/ora/p5/,apps/001b4bd6a3621ba9/01-001-010.html,adjacent_french_segment,0.75,needs_review,161 Pʋ-toap yũud a bĩnd-k
e30a4bd5c0ba9329,mos,,folktale,1,,,"171 Wa-tɩ-d-zĩnd, yaa wa-tɩ-d-zabe.","(Inviter une personne à cohabiter avec soi, c’est s’exposer à la palabre).",,,,,,,,,,,,https://mooreburkina.com/fr/contes-proverbes/proverbes-en-moor%C3%A9-vol-5,https://media.ipsapps.org/mos/ora/p5/,apps/001b4bd6a3621ba9/01-001-011.html,adjacent_french_segment,0.75,needs_review,161 Pʋ-toap yũud a bĩnd-k
bdb5c80bc5850083,mos,,folktale,1,,,172 Sẽn gõ-a weoog n mi weoogo.,"(Connait la brousse qui l’a parcourue, non celui qui en a entendu parler).",,,,,,,,,,,,https://mooreburkina.com/fr/contes-proverbes/proverbes-en-moor%C3%A9-vol-5,https://media.ipsapps.org/mos/ora/p5/,apps/001b4bd6a3621ba9/01-001-012.html,adjacent_french_segment,0.75,needs_review,161 Pʋ-toap yũud a bĩnd-k
2206de0db0f7520a,mos,,folktale,4,,,"Autrement dit,",l’expérience vaut mieux que la science.,,,,,,,,,,,,https://mooreburkina.com/fr/contes-proverbes/proverbes-en-moor%C3%A9-vol-5,https://media.ipsapps.org/mos/ora/p5/,apps/001b4bd6a3621ba9/01-001-012.html,adjacent_french_segment,0.75,needs_review,161 Pʋ-toap yũud a bĩnd-k
463e74b347b0cfdc,mos,,folktale,1,,,"173 Pondr yeelame tɩ yaa fʋʋs-taab-n-wãb yiu, sẽn so-a yaor kae ye.","(Pour le crapaud, il est bon de s’intimider entre prédateurs afin de mieux se servir des éphémères sans oublier que nul n’a le monopole de la termitière).",,,,,,,,,,,,https://mooreburkina.com/fr/contes-proverbes/proverbes-en-moor%C3%A9-vol-5,https://media.ipsapps.org/mos/ora/p5/,apps/001b4bd6a3621ba9/01-001-013.html,adjacent_french_segment,0.75,needs_review,161 Pʋ-toap yũud a bĩnd-k
9428c5b97bcb02f0,mos,,folktale,1,,,174 Wãam zʋʋr n loet-a.,(C’est grâce à la queue d’un singe qu’on le lie).,,,,,,,,,,,,https://mooreburkina.com/fr/contes-proverbes/proverbes-en-moor%C3%A9-vol-5,https://media.ipsapps.org/mos/ora/p5/,apps/001b4bd6a3621ba9/01-001-014.html,adjacent_french_segment,0.75,needs_review,161 Pʋ-toap yũud a bĩnd-k
0be43be0e6e92740,mos,,folktale,1,,,175 Rakõor zu-noog n kʋʋd pʋg-sɩda.,(La mort d’un homme marié tourne quelque peu à l’avantage de son héritier célibataire [en pensant au lévirat]).,,,,,,,,,,,,https://mooreburkina.com/fr/contes-proverbes/proverbes-en-moor%C3%A9-vol-5,https://media.ipsapps.org/mos/ora/p5/,apps/001b4bd6a3621ba9/01-001-015.html,adjacent_french_segment,0.75,needs_review,161 Pʋ-toap yũud a bĩnd-k
28e84dd7ae3e8ac2,mos,,folktale,1,,,"176 Sã n yõg zood ne wãamba, f roor ka paad tɩɩg zug ye.","(Qui a un singe pour ami, retrouve toujours son bâton accroché à la cime d’un arbre).",,,,,,,,,,,,https://mooreburkina.com/fr/contes-proverbes/proverbes-en-moor%C3%A9-vol-5,https://media.ipsapps.org/mos/ora/p5/,apps/001b4bd6a3621ba9/01-001-016.html,adjacent_french_segment,0.75,needs_review,161 Pʋ-toap yũud a bĩnd-k
eb3674d53c904439,mos,,folktale,1,,,177 Sãan-sõng yaa yir soab yɛsba.,(Un généreux étranger passe pour être l’oncle de son hôte).,,,,,,,,,,,,https://mooreburkina.com/fr/contes-proverbes/proverbes-en-moor%C3%A9-vol-5,https://media.ipsapps.org/mos/ora/p5/,apps/001b4bd6a3621ba9/01-001-017.html,adjacent_french_segment,0.75,needs_review,161 Pʋ-toap yũud a bĩnd-k
16d6616c45ce0129,mos,,folktale,1,,,178 Pag n baod-a ki tɩ neb sãre.,"(Si des gens se donnent la mort pour le décès d’une femme, c’est eu égard à sa conduite).",,,,,,,,,,,,https://mooreburkina.com/fr/contes-proverbes/proverbes-en-moor%C3%A9-vol-5,https://media.ipsapps.org/mos/ora/p5/,apps/001b4bd6a3621ba9/01-001-018.html,adjacent_french_segment,0.75,needs_review,161 Pʋ-toap yũud a bĩnd-k
1fe16e9e315d46ed,mos,,folktale,1,,,179 Nin-vẽen-dãmb a yiib ka tõe n kẽ ne taab wintoog ye.,"(Deux personnes, tenant à couvrir leur nudité, ne peuvent avoir des rapports sexuels en plein jour).",,,,,,,,,,,,https://mooreburkina.com/fr/contes-proverbes/proverbes-en-moor%C3%A9-vol-5,https://media.ipsapps.org/mos/ora/p5/,apps/001b4bd6a3621ba9/01-001-019.html,adjacent_french_segment,0.75,needs_review,161 Pʋ-toap yũud a bĩnd-k
51dc64dce5fe47eb,mos,,folktale,1,,,180 Koom dɩɩ bũmb sẽn são wed-wagre.,(L’eau a emporté mieux qu’un maigre cheval).,,,,,,,,,,,,https://mooreburkina.com/fr/contes-proverbes/proverbes-en-moor%C3%A9-vol-5,https://media.ipsapps.org/mos/ora/p5/,apps/001b4bd6a3621ba9/01-001-020.html,adjacent_french_segment,0.75,needs_review,161 Pʋ-toap yũud a bĩnd-k
5765c060c0b9644b,mos,,folktale,1,,,181 Ninsaal yʋʋr n be t’a meng kaeẽ ye.,(Un homme peut disparaitre mais jamais sa réputation).,,,,,,,,,,,,https://mooreburkina.com/fr/contes-proverbes/proverbes-en-moor%C3%A9-vol-5,https://media.ipsapps.org/mos/ora/p5/,apps/001b4bd6a3621ba9/01-001-021.html,adjacent_french_segment,0.75,needs_review,161 Pʋ-toap yũud a bĩnd-k
1afab81be4b336d6,mos,,folktale,1,,,182 Kũum dɩ ned kõn dɩ a yʋʋre.,"(La mort peu emporter une personne, mais jamais sa renommée).",,,,,,,,,,,,https://mooreburkina.com/fr/contes-proverbes/proverbes-en-moor%C3%A9-vol-5,https://media.ipsapps.org/mos/ora/p5/,apps/001b4bd6a3621ba9/01-001-022.html,adjacent_french_segment,0.75,needs_review,161 Pʋ-toap yũud a bĩnd-k
0718b7200f97f44a,mos,,folktale,1,,,183 Bõn-wẽeng wĩir gãta wooko.,(Une bête dangereuse se tient à distance).,,,,,,,,,,,,https://mooreburkina.com/fr/contes-proverbes/proverbes-en-moor%C3%A9-vol-5,https://media.ipsapps.org/mos/ora/p5/,apps/001b4bd6a3621ba9/01-001-023.html,adjacent_french_segment,0.75,needs_review,161 Pʋ-toap yũud a bĩnd-k
4d5425987200f56f,mos,,folktale,1,,,184 Sẽn be-a yɩng n mi maore.,(Celui qui se tient hors du combat prétend être bon lutteur),,,,,,,,,,,,https://mooreburkina.com/fr/contes-proverbes/proverbes-en-moor%C3%A9-vol-5,https://media.ipsapps.org/mos/ora/p5/,apps/001b4bd6a3621ba9/01-001-024.html,adjacent_french_segment,0.75,needs_review,161 Pʋ-toap yũud a bĩnd-k
d4f216cc2591bffb,mos,,folktale,1,,,"185 Ned sã n ka lubi, a ka sagd ye.",(On réordonne mieux ses bagages après les avoir renversés).,,,,,,,,,,,,https://mooreburkina.com/fr/contes-proverbes/proverbes-en-moor%C3%A9-vol-5,https://media.ipsapps.org/mos/ora/p5/,apps/001b4bd6a3621ba9/01-001-025.html,adjacent_french_segment,0.75,needs_review,161 Pʋ-toap yũud a bĩnd-k
35ab265908b1b6b5,mos,,folktale,1,,,"186 Koom sã n ka gudgi, a ka tisgd ye.",(Une eau se décante mieux après une forte agitation).,,,,,,,,,,,,https://mooreburkina.com/fr/contes-proverbes/proverbes-en-moor%C3%A9-vol-5,https://media.ipsapps.org/mos/ora/p5/,apps/001b4bd6a3621ba9/01-001-026.html,adjacent_french_segment,0.75,needs_review,161 Pʋ-toap yũud a bĩnd-k
2980d548e92a9cd3,mos,,folktale,1,,,187 Sũ-noog ka kẽed yamb ne lingr ye.,(Le bonheur se construit).,,,,,,,,,,,,https://mooreburkina.com/fr/contes-proverbes/proverbes-en-moor%C3%A9-vol-5,https://media.ipsapps.org/mos/ora/p5/,apps/001b4bd6a3621ba9/01-001-027.html,adjacent_french_segment,0.75,needs_review,161 Pʋ-toap yũud a bĩnd-k
a7766af2de7dd857,mos,,folktale,1,,,"188 Noaag noor mod yã, noaag ki yã.",(L’apparition d’un abcès sur le bec d’une poule signe sa mort [la poule picorant en permanence]).,,,,,,,,,,,,https://mooreburkina.com/fr/contes-proverbes/proverbes-en-moor%C3%A9-vol-5,https://media.ipsapps.org/mos/ora/p5/,apps/001b4bd6a3621ba9/01-001-028.html,adjacent_french_segment,0.75,needs_review,161 Pʋ-toap yũud a bĩnd-k
a9d719cdd060f879,mos,,folktale,1,,,189 Kasem yaa tãmpʋʋr sagdo.,(Un leader se doit d’accepter toutes critiques autant un dépôt d’immondices recueille toutes sortes d’ordures).,,,,,,,,,,,,https://mooreburkina.com/fr/contes-proverbes/proverbes-en-moor%C3%A9-vol-5,https://media.ipsapps.org/mos/ora/p5/,apps/001b4bd6a3621ba9/01-001-029.html,adjacent_french_segment,0.75,needs_review,161 Pʋ-toap yũud a bĩnd-k
56f88fa4fd38be51,mos,,folktale,1,,,"190 Koom sã n zoe n tãag tãnga, a taa a tɛka.","(Si l’eau coule jusqu’au pied d’une colline, elle a atteint son terminus).",,,,,,,,,,,,https://mooreburkina.com/fr/contes-proverbes/proverbes-en-moor%C3%A9-vol-5,https://media.ipsapps.org/mos/ora/p5/,apps/001b4bd6a3621ba9/01-001-030.html,adjacent_french_segment,0.75,needs_review,161 Pʋ-toap yũud a bĩnd-k
db7d6db81142fd9b,mos,,folktale,1,,,191 Nin-kẽem laadg kʋmbr ka moogd ye.,"(Les aubergines d’un vieux sympa, n’ont jamais le temps de mûrir à point sans qu’un visiteur ne les cueille).",,,,,,,,,,,,https://mooreburkina.com/fr/contes-proverbes/proverbes-en-moor%C3%A9-vol-5,https://media.ipsapps.org/mos/ora/p5/,apps/001b4bd6a3621ba9/01-001-031.html,adjacent_french_segment,0.75,needs_review,161 Pʋ-toap yũud a bĩnd-k
b804b32c80aa9c76,mos,,folktale,1,,,192 Sʋʋr-sʋʋr n pit korgo.,"(En attrapant des criquets l’un après l’autre, on finit par en remplir son sac).",,,,,,,,,,,,https://mooreburkina.com/fr/contes-proverbes/proverbes-en-moor%C3%A9-vol-5,https://media.ipsapps.org/mos/ora/p5/,apps/001b4bd6a3621ba9/01-001-032.html,adjacent_french_segment,0.75,needs_review,161 Pʋ-toap yũud a bĩnd-k
2f22c0a49093d2f1,mos,,folktale,1,,,"193 Korg bob-n-pɩʋʋg bõak yam wa yã, la rẽ tɩ korg menem yã.",(L’idée de bien accrocher le sac est venu quand le sac est déjà perdu).,,,,,,,,,,,,https://mooreburkina.com/fr/contes-proverbes/proverbes-en-moor%C3%A9-vol-5,https://media.ipsapps.org/mos/ora/p5/,apps/001b4bd6a3621ba9/01-001-033.html,adjacent_french_segment,0.75,needs_review,161 Pʋ-toap yũud a bĩnd-k
ee6b49c873432f2b,mos,,folktale,1,,,194 Zabr be beoog ka kõt weef ki ye.,(Il ne faut pas attendre la veille de la guerre pour nourrir son cheval).,,,,,,,,,,,,https://mooreburkina.com/fr/contes-proverbes/proverbes-en-moor%C3%A9-vol-5,https://media.ipsapps.org/mos/ora/p5/,apps/001b4bd6a3621ba9/01-001-034.html,adjacent_french_segment,0.75,needs_review,161 Pʋ-toap yũud a bĩnd-k
e735df53467cfcf6,mos,,folktale,1,,,195 Na sɩbg moog sɩbgd a menga.,"(Qui cherche à punir les mauvaises herbes en les déracinant, se punit lui-même par le travail).",,,,,,,,,,,,https://mooreburkina.com/fr/contes-proverbes/proverbes-en-moor%C3%A9-vol-5,https://media.ipsapps.org/mos/ora/p5/,apps/001b4bd6a3621ba9/01-001-035.html,adjacent_french_segment,0.75,needs_review,161 Pʋ-toap yũud a bĩnd-k
492a96492c6332e4,mos,,folktale,1,,,"196 Fo sẽn na n dɩt n ka tɩgd, tɩ b naag-f ne baase.",(Quelqu’un qui ne mange déjà pas à sa faim ne peut se satisfaire de se voir servir avec des chiens).,,,,,,,,,,,,https://mooreburkina.com/fr/contes-proverbes/proverbes-en-moor%C3%A9-vol-5,https://media.ipsapps.org/mos/ora/p5/,apps/001b4bd6a3621ba9/01-001-036.html,adjacent_french_segment,0.75,needs_review,161 Pʋ-toap yũud a bĩnd-k
3c690c1b3b65ca2f,mos,,folktale,1,,,197 Rakõor naoor n bɩɩsd a bɛnga.,(Les seuls efforts d’un célibataire lui permettent de voir son plat de haricot cuit à point).,,,,,,,,,,,,https://mooreburkina.com/fr/contes-proverbes/proverbes-en-moor%C3%A9-vol-5,https://media.ipsapps.org/mos/ora/p5/,apps/001b4bd6a3621ba9/01-001-037.html,adjacent_french_segment,0.75,needs_review,161 Pʋ-toap yũud a bĩnd-k
54cd0ca23bb4304d,mos,,folktale,1,,,"198 Salensaag yeelame t’a raolem paod me, a na wilg a paga.",(La fourmi estime que même si son sexe est infime il a le devoir de le présenter à sa femme).,,,,,,,,,,,,https://mooreburkina.com/fr/contes-proverbes/proverbes-en-moor%C3%A9-vol-5,https://media.ipsapps.org/mos/ora/p5/,apps/001b4bd6a3621ba9/01-001-038.html,adjacent_french_segment,0.75,needs_review,161 Pʋ-toap yũud a bĩnd-k
392a21a6e883a9ac,mos,,folktale,1,,,199 Sẽn zuud-a tẽedame t’a to fãadame.,(Celui qui vole pense que les autres cambriolent).,,,,,,,,,,,,https://mooreburkina.com/fr/contes-proverbes/proverbes-en-moor%C3%A9-vol-5,https://media.ipsapps.org/mos/ora/p5/,apps/001b4bd6a3621ba9/01-001-039.html,adjacent_french_segment,0.75,needs_review,161 Pʋ-toap yũud a bĩnd-k
a6e385c45e5a778a,mos,,folktale,1,,,"200 Wagda nong taaba, tɩ bõos-rãmb kis-taaba.","(Les voleurs ont le devoir de complicité, ce qui n’est pas forcément le cas des mendiants).",,,,,,,,,,,,https://mooreburkina.com/fr/contes-proverbes/proverbes-en-moor%C3%A9-vol-5,https://media.ipsapps.org/mos/ora/p5/,apps/001b4bd6a3621ba9/01-001-040.html,adjacent_french_segment,0.75,needs_review,161 Pʋ-toap yũud a bĩnd-k
0252bd769f680db1,mos,,folktale,1,,,314 Rabẽem pa rigd n zãag ye.,On ne poursuit pas le peureux sur une longue distance.,,,,,,,,,,,,https://mooreburkina.com/fr/contes-proverbes/proverbes-moor%C3%A9-vol-11,https://media.ipsapps.org/mos/ora/prv-v11/,apps/017df6d34e8e65c4/01-B001-001.html,adjacent_french_segment,0.75,needs_review,314 Rabẽem pa rigd n zãag
d3c4001c4eb1b093,mos,,folktale,3,,,315 Rabẽem yir n mete.,C'est la concession du peureux qui se construit.,,,,,,,,,,,,https://mooreburkina.com/fr/contes-proverbes/proverbes-moor%C3%A9-vol-11,https://media.ipsapps.org/mos/ora/prv-v11/,apps/017df6d34e8e65c4/01-B001-001.html,adjacent_french_segment,0.75,needs_review,314 Rabẽem pa rigd n zãag
de5d8161bc959280,mos,,folktale,5,,,316 Raboog n tõe naaba.,Ce sont les maisons délabrés qui honnissent le chef.,,,,,,,,,,,,https://mooreburkina.com/fr/contes-proverbes/proverbes-moor%C3%A9-vol-11,https://media.ipsapps.org/mos/ora/prv-v11/,apps/017df6d34e8e65c4/01-B001-001.html,adjacent_french_segment,0.75,needs_review,314 Rabẽem pa rigd n zãag
f07b1f8a8789a959,mos,,folktale,7,,,317 Ragend maagame la baas kẽ n gãe.,C'est parce que le foyer s'est refroidi que les chiens s'y couchent.,,,,,,,,,,,,https://mooreburkina.com/fr/contes-proverbes/proverbes-moor%C3%A9-vol-11,https://media.ipsapps.org/mos/ora/prv-v11/,apps/017df6d34e8e65c4/01-B001-001.html,adjacent_french_segment,0.75,needs_review,314 Rabẽem pa rigd n zãag
9b0f3c516316c68f,mos,,folktale,9,,,318 Rao n baood a ki t'a pag sãrge.,C'est l'homme qui cherche son mil pour que sa femme le batte.,,,,,,,,,,,,https://mooreburkina.com/fr/contes-proverbes/proverbes-moor%C3%A9-vol-11,https://media.ipsapps.org/mos/ora/prv-v11/,apps/017df6d34e8e65c4/01-B001-001.html,adjacent_french_segment,0.75,needs_review,314 Rabẽem pa rigd n zãag
9504145f56adec31,mos,,folktale,12,,,320 Raoog golemdame t'a na n yaa maasre.,Un bois se tord quand il est encore frais.,,,,,,,,,,,,https://mooreburkina.com/fr/contes-proverbes/proverbes-moor%C3%A9-vol-11,https://media.ipsapps.org/mos/ora/prv-v11/,apps/017df6d34e8e65c4/01-B001-001.html,adjacent_french_segment,0.75,needs_review,314 Rabẽem pa rigd n zãag
f9a5f2166b5ebb04,mos,,folktale,14,,,321 Raoog sã n kaoos koomẽ a kõn lebg yẽbg ye.,"Le bois a longtemps séjourné dans l'eau, il ne deviendra pas un crocodile.",,,,,,,,,,,,https://mooreburkina.com/fr/contes-proverbes/proverbes-moor%C3%A9-vol-11,https://media.ipsapps.org/mos/ora/prv-v11/,apps/017df6d34e8e65c4/01-B001-001.html,adjacent_french_segment,0.75,needs_review,314 Rabẽem pa rigd n zãag
d165a2e38152cbd8,mos,,folktale,16,,,"322 Rap yɩɩd taab ka yãoog yalmã ye. Rãam pa sa, kabr-kabr pa sat ye.","Si le dolo ne finit pas, les ""excuse-moi"" ne finissent pas.",,,,,,,,,,,,https://mooreburkina.com/fr/contes-proverbes/proverbes-moor%C3%A9-vol-11,https://media.ipsapps.org/mos/ora/prv-v11/,apps/017df6d34e8e65c4/01-B001-001.html,adjacent_french_segment,0.75,needs_review,314 Rabẽem pa rigd n zãag
848f69eaf7b85260,mos,,folktale,19,,,323 Rãam sãama a kõgbẽ t'a bɩɩsg lebg toogo.,La bière de mil s'est gâtée à sa préparation et sa finition est devenue difficile.,,,,,,,,,,,,https://mooreburkina.com/fr/contes-proverbes/proverbes-moor%C3%A9-vol-11,https://media.ipsapps.org/mos/ora/prv-v11/,apps/017df6d34e8e65c4/01-B001-001.html,adjacent_french_segment,0.75,needs_review,314 Rabẽem pa rigd n zãag
d822e95ef8b8b038,mos,,folktale,21,,,324 Rãam yʋʋr teka a to bokẽ.,Chaque canari de dolo remplace un autre.,,,,,,,,,,,,https://mooreburkina.com/fr/contes-proverbes/proverbes-moor%C3%A9-vol-11,https://media.ipsapps.org/mos/ora/prv-v11/,apps/017df6d34e8e65c4/01-B001-001.html,adjacent_french_segment,0.75,needs_review,314 Rabẽem pa rigd n zãag
36d8ef813dc90752,mos,,folktale,23,,,325 Rãam yũuda f na gãeeme.,On boit la bière de mil pour se saouler.,,,,,,,,,,,,https://mooreburkina.com/fr/contes-proverbes/proverbes-moor%C3%A9-vol-11,https://media.ipsapps.org/mos/ora/prv-v11/,apps/017df6d34e8e65c4/01-B001-001.html,adjacent_french_segment,0.75,needs_review,314 Rabẽem pa rigd n zãag
f6806306f449c54f,mos,,folktale,25,,,326 Rãam yũuda f neng na yilme.,On boit la bière de mil pour avoir des vertiges.,,,,,,,,,,,,https://mooreburkina.com/fr/contes-proverbes/proverbes-moor%C3%A9-vol-11,https://media.ipsapps.org/mos/ora/prv-v11/,apps/017df6d34e8e65c4/01-B001-001.html,adjacent_french_segment,0.75,needs_review,314 Rabẽem pa rigd n zãag
b3ba0ea36a3ee695,mos,,folktale,27,,,327 Reng taoor zʋʋr pa paad yɩng ye.,Les premiers sont les mieux servis.,,,,,,,,,,,,https://mooreburkina.com/fr/contes-proverbes/proverbes-moor%C3%A9-vol-11,https://media.ipsapps.org/mos/ora/prv-v11/,apps/017df6d34e8e65c4/01-B001-001.html,adjacent_french_segment,0.75,needs_review,314 Rabẽem pa rigd n zãag
3d7b2d29dab94780,mos,,folktale,29,,,328 Reoog pugl wãagda a nifẽ.,Le bonnet du sanglier se coupe en sa présence.,,,,,,,,,,,,https://mooreburkina.com/fr/contes-proverbes/proverbes-moor%C3%A9-vol-11,https://media.ipsapps.org/mos/ora/prv-v11/,apps/017df6d34e8e65c4/01-B001-001.html,adjacent_french_segment,0.75,needs_review,314 Rabẽem pa rigd n zãag
b26a06b101c699ce,mos,,folktale,1,,,"329 Ret baaga, reoog n kʋʋd-a.","Un chien de sangliers, c'est un sanglier qui le tue.",,,,,,,,,,,,https://mooreburkina.com/fr/contes-proverbes/proverbes-moor%C3%A9-vol-11,https://media.ipsapps.org/mos/ora/prv-v11/,apps/017df6d34e8e65c4/02-B002-001.html,adjacent_french_segment,0.75,needs_review,"329 Ret baaga, reoog n"
e369091b473dec5d,mos,,folktale,3,,,330 Riẽ nag-bi n tũud taaba.,Ce sont les veaux de l'an passé qui se suivent.,,,,,,,,,,,,https://mooreburkina.com/fr/contes-proverbes/proverbes-moor%C3%A9-vol-11,https://media.ipsapps.org/mos/ora/prv-v11/,apps/017df6d34e8e65c4/02-B002-001.html,adjacent_french_segment,0.75,needs_review,"329 Ret baaga, reoog n"
9885a044485d825c,mos,,folktale,6,,,332 Rɩ n yãag pʋg pa rigd beoog kom ye.,Avoir le ventre plein n'empêche pas d'avoir faim demain.,,,,,,,,,,,,https://mooreburkina.com/fr/contes-proverbes/proverbes-moor%C3%A9-vol-11,https://media.ipsapps.org/mos/ora/prv-v11/,apps/017df6d34e8e65c4/02-B002-001.html,adjacent_french_segment,0.75,needs_review,"329 Ret baaga, reoog n"
9946ee17541941e9,mos,,folktale,8,,,333 Rogem daar pa yãnd ye.,"Le jour de l'accouchement, il n'y a pas de honte.",,,,,,,,,,,,https://mooreburkina.com/fr/contes-proverbes/proverbes-moor%C3%A9-vol-11,https://media.ipsapps.org/mos/ora/prv-v11/,apps/017df6d34e8e65c4/02-B002-001.html,adjacent_french_segment,0.75,needs_review,"329 Ret baaga, reoog n"
509c2ac6f5f9b674,mos,,folktale,10,,,334 Rogem paamdame la gʋʋlg pa paamd ye.,On gagne la parenté mais pas l'entretien.,,,,,,,,,,,,https://mooreburkina.com/fr/contes-proverbes/proverbes-moor%C3%A9-vol-11,https://media.ipsapps.org/mos/ora/prv-v11/,apps/017df6d34e8e65c4/02-B002-001.html,adjacent_french_segment,0.75,needs_review,"329 Ret baaga, reoog n"
bb9b669eac14835f,mos,,folktale,12,,,"335 Rogem yaa wa bugum, a rata tusga.","La parenté est comme du feu, elle a besoin d'être ravivé.",,,,,,,,,,,,https://mooreburkina.com/fr/contes-proverbes/proverbes-moor%C3%A9-vol-11,https://media.ipsapps.org/mos/ora/prv-v11/,apps/017df6d34e8e65c4/02-B002-001.html,adjacent_french_segment,0.75,needs_review,"329 Ret baaga, reoog n"
83b1856571c4da64,mos,,folktale,14,,,336 Roog noor lebgdame tɩ ned noore.,La porte d'une maison change de position à plus forte raison la bouche de quelqu'un.,,,,,,,,,,,,https://mooreburkina.com/fr/contes-proverbes/proverbes-moor%C3%A9-vol-11,https://media.ipsapps.org/mos/ora/prv-v11/,apps/017df6d34e8e65c4/02-B002-001.html,adjacent_french_segment,0.75,needs_review,"329 Ret baaga, reoog n"
6085ce8d0c8c250f,mos,,folktale,16,,,337 Rũndã bẽnd são beoog kurga.,Un tiens vaut mieux que deux tu l'auras.,,,,,,,,,,,,https://mooreburkina.com/fr/contes-proverbes/proverbes-moor%C3%A9-vol-11,https://media.ipsapps.org/mos/ora/prv-v11/,apps/017df6d34e8e65c4/02-B002-001.html,adjacent_french_segment,0.75,needs_review,"329 Ret baaga, reoog n"
37df9a4bf0a1e2db,mos,,folktale,18,,,338 Rʋʋb yaa tõog la sigb yaa nana.,Il est plus facile de descendre que de monter.,,,,,,,,,,,,https://mooreburkina.com/fr/contes-proverbes/proverbes-moor%C3%A9-vol-11,https://media.ipsapps.org/mos/ora/prv-v11/,apps/017df6d34e8e65c4/02-B002-001.html,adjacent_french_segment,0.75,needs_review,"329 Ret baaga, reoog n"
69883da71776bea2,mos,,folktale,20,,,339 Rʋg paall pa tar sag-kõt ye.,Une marmite neuve n'a pas de relief de tô.,,,,,,,,,,,,https://mooreburkina.com/fr/contes-proverbes/proverbes-moor%C3%A9-vol-11,https://media.ipsapps.org/mos/ora/prv-v11/,apps/017df6d34e8e65c4/02-B002-001.html,adjacent_french_segment,0.75,needs_review,"329 Ret baaga, reoog n"
1d8c05b019409e7c,mos,,folktale,22,,,340 Rʋg-bẽd a yi pa fõgend taab ye.,Deux grandes marmites ne se couvrent pas.,,,,,,,,,,,,https://mooreburkina.com/fr/contes-proverbes/proverbes-moor%C3%A9-vol-11,https://media.ipsapps.org/mos/ora/prv-v11/,apps/017df6d34e8e65c4/02-B002-001.html,adjacent_french_segment,0.75,needs_review,"329 Ret baaga, reoog n"
b880f830bc4f3b19,mos,,folktale,24,,,"341 Saag sã n nag noaaga, mitb n daad-a.","Si la pluie bat un poulet, seuls ceux qui le savent l'achètent.",,,,,,,,,,,,https://mooreburkina.com/fr/contes-proverbes/proverbes-moor%C3%A9-vol-11,https://media.ipsapps.org/mos/ora/prv-v11/,apps/017df6d34e8e65c4/02-B002-001.html,adjacent_french_segment,0.75,needs_review,"329 Ret baaga, reoog n"
5d2bdeab80b88ea9,mos,,folktale,26,,,342 Saag sã n pãb-y bɩ y ra pãb taab ye.,"Si une pluie vous bat, ne vous battez pas.",,,,,,,,,,,,https://mooreburkina.com/fr/contes-proverbes/proverbes-moor%C3%A9-vol-11,https://media.ipsapps.org/mos/ora/prv-v11/,apps/017df6d34e8e65c4/02-B002-001.html,adjacent_french_segment,0.75,needs_review,"329 Ret baaga, reoog n"
8d667fca8d9130a3,mos,,folktale,28,,,343 Sagb pa sẽgd a yõngd ye.,Le tô ne rencontre pas celui qui doit l'enlever.,,,,,,,,,,,,https://mooreburkina.com/fr/contes-proverbes/proverbes-moor%C3%A9-vol-11,https://media.ipsapps.org/mos/ora/prv-v11/,apps/017df6d34e8e65c4/02-B002-001.html,adjacent_french_segment,0.75,needs_review,"329 Ret baaga, reoog n"
1e5a029ccd481747,mos,,folktale,1,,,"344 Sagb sã n kaoosd rʋkẽ, a sã n pa kɩda a yaa maasa.","Si le tô dure dans la marmite, s'il n'a pas de grumeaux, il est mal cuit.",,,,,,,,,,,,https://mooreburkina.com/fr/contes-proverbes/proverbes-moor%C3%A9-vol-11,https://media.ipsapps.org/mos/ora/prv-v11/,apps/017df6d34e8e65c4/03-B003-001.html,adjacent_french_segment,0.75,needs_review,344 Sagb sã n kaoosd
550abc0f52899e5d,mos,,folktale,3,,,345 Saglg pa kẽem zʋg ye.,Les conseils ne dépassent pas le mauvais caractère.,,,,,,,,,,,,https://mooreburkina.com/fr/contes-proverbes/proverbes-moor%C3%A9-vol-11,https://media.ipsapps.org/mos/ora/prv-v11/,apps/017df6d34e8e65c4/03-B003-001.html,adjacent_french_segment,0.75,needs_review,344 Sagb sã n kaoosd
6dae096d6e0d872d,mos,,folktale,5,,,346 Salensaag yet tɩ tigem taab n dɩkd kõbre.,La fourmi dit que c'est unis que l'on transporte un os.,,,,,,,,,,,,https://mooreburkina.com/fr/contes-proverbes/proverbes-moor%C3%A9-vol-11,https://media.ipsapps.org/mos/ora/prv-v11/,apps/017df6d34e8e65c4/03-B003-001.html,adjacent_french_segment,0.75,needs_review,344 Sagb sã n kaoosd
682b67fad47e9dd0,mos,,folktale,7,,,347 Sals lagem koabg tɩ kur kẽ bãkẽ.,Cent glissades n'empêchent pas la tortue d'entrer dans la marre.,,,,,,,,,,,,https://mooreburkina.com/fr/contes-proverbes/proverbes-moor%C3%A9-vol-11,https://media.ipsapps.org/mos/ora/prv-v11/,apps/017df6d34e8e65c4/03-B003-001.html,adjacent_french_segment,0.75,needs_review,344 Sagb sã n kaoosd
b1c3c567ba6cb413,mos,,folktale,9,,,348 Sansang pa tog n teeg yɩbrg sablem n do raag ye.,L'oiseau noir ne doit pas compter sur la noirceur du charognard pour faire le marché.,,,,,,,,,,,,https://mooreburkina.com/fr/contes-proverbes/proverbes-moor%C3%A9-vol-11,https://media.ipsapps.org/mos/ora/prv-v11/,apps/017df6d34e8e65c4/03-B003-001.html,adjacent_french_segment,0.75,needs_review,344 Sagb sã n kaoosd
7e7b67e387f6031a,mos,,folktale,13,,,"351 Sã n yaa pẽk n yiisd pag raagẽ, a yẽg na mode.","Si c'est une gifle qui chasse la femme du marché, ses joues enfleront.",,,,,,,,,,,,https://mooreburkina.com/fr/contes-proverbes/proverbes-moor%C3%A9-vol-11,https://media.ipsapps.org/mos/ora/prv-v11/,apps/017df6d34e8e65c4/03-B003-001.html,adjacent_french_segment,0.75,needs_review,344 Sagb sã n kaoosd
d8a710c06e624a12,mos,,folktale,15,,,352 Sãan ka mi long ye.,L'étranger ne connait pas de creux.,,,,,,,,,,,,https://mooreburkina.com/fr/contes-proverbes/proverbes-moor%C3%A9-vol-11,https://media.ipsapps.org/mos/ora/prv-v11/,apps/017df6d34e8e65c4/03-B003-001.html,adjacent_french_segment,0.75,needs_review,344 Sagb sã n kaoosd
c6b8ada3f56d1b05,mos,,folktale,17,,,353 Sãan la koom.,L'étranger c'est de l'eau.,,,,,,,,,,,,https://mooreburkina.com/fr/contes-proverbes/proverbes-moor%C3%A9-vol-11,https://media.ipsapps.org/mos/ora/prv-v11/,apps/017df6d34e8e65c4/03-B003-001.html,adjacent_french_segment,0.75,needs_review,344 Sagb sã n kaoosd
d7146def01ebc527,mos,,folktale,21,,,356 Sãan pa gũlgd raboog ye.,On ne confie pas la maison d'un défunt à un étranger.,,,,,,,,,,,,https://mooreburkina.com/fr/contes-proverbes/proverbes-moor%C3%A9-vol-11,https://media.ipsapps.org/mos/ora/prv-v11/,apps/017df6d34e8e65c4/03-B003-001.html,adjacent_french_segment,0.75,needs_review,344 Sagb sã n kaoosd
051f1443081f3ffa,mos,,folktale,23,,,357 Sãan pʋʋsem la a zɩɩbo.,Les salutations de l'étranger équivalent à sa charge.,,,,,,,,,,,,https://mooreburkina.com/fr/contes-proverbes/proverbes-moor%C3%A9-vol-11,https://media.ipsapps.org/mos/ora/prv-v11/,apps/017df6d34e8e65c4/03-B003-001.html,adjacent_french_segment,0.75,needs_review,344 Sagb sã n kaoosd
e19e38422396386c,mos,,folktale,25,,,"358 ""Sãan pʋto-ned yũuda a bĩnd koom.",Le mauvais étranger boira l'eau de ses excréments.,,,,,,,,,,,,https://mooreburkina.com/fr/contes-proverbes/proverbes-moor%C3%A9-vol-11,https://media.ipsapps.org/mos/ora/prv-v11/,apps/017df6d34e8e65c4/03-B003-001.html,adjacent_french_segment,0.75,needs_review,344 Sagb sã n kaoosd
a5e43b41bbbf9dea,mos,,folktale,1,,,359 Sãan tʋʋm sãang n yɩɩd a rɩ sãanga.,L'étranger est plus couteux en temps qu'il ne l'est en nourriture.,,,,,,,,,,,,https://mooreburkina.com/fr/contes-proverbes/proverbes-moor%C3%A9-vol-11,https://media.ipsapps.org/mos/ora/prv-v11/,apps/017df6d34e8e65c4/04-B004-001.html,adjacent_french_segment,0.75,needs_review,359 Sãan tʋʋm sãang n
dad0899a9cb9541e,mos,,folktale,3,,,360 Sãan-sõng yaa yir soab yẽsba.,Le bon étranger est l'oncle du chef de famille.,,,,,,,,,,,,https://mooreburkina.com/fr/contes-proverbes/proverbes-moor%C3%A9-vol-11,https://media.ipsapps.org/mos/ora/prv-v11/,apps/017df6d34e8e65c4/04-B004-001.html,adjacent_french_segment,0.75,needs_review,359 Sãan tʋʋm sãang n
62a78df371cc45cd,mos,,folktale,5,,,361 Sãbg sã n wom zũudu bɩ talg yãk a toogo tɩ rẽ yaa naab sĩb rɩtem.,"Si le tamarinier produit du cuivre, que le pauvre se cherche, car c'est le chef qui le mangera.",,,,,,,,,,,,https://mooreburkina.com/fr/contes-proverbes/proverbes-moor%C3%A9-vol-11,https://media.ipsapps.org/mos/ora/prv-v11/,apps/017df6d34e8e65c4/04-B004-001.html,adjacent_french_segment,0.75,needs_review,359 Sãan tʋʋm sãang n
9eb5525f9f747386,mos,,folktale,7,,,362 Sãmb tɩ sẽg la bagre.,C'est un doute qui coïncide qui fait devin.,,,,,,,,,,,,https://mooreburkina.com/fr/contes-proverbes/proverbes-moor%C3%A9-vol-11,https://media.ipsapps.org/mos/ora/prv-v11/,apps/017df6d34e8e65c4/04-B004-001.html,adjacent_french_segment,0.75,needs_review,359 Sãan tʋʋm sãang n
42ed90bca05dcf3f,mos,,folktale,9,,,"363 Sẽemd sã n pa be yiri, yogenpend n basd koom.","Si le porc-épic n'est pas à la maison, c'est le hérisson qui laisse l'eau.",,,,,,,,,,,,https://mooreburkina.com/fr/contes-proverbes/proverbes-moor%C3%A9-vol-11,https://media.ipsapps.org/mos/ora/prv-v11/,apps/017df6d34e8e65c4/04-B004-001.html,adjacent_french_segment,0.75,needs_review,359 Sãan tʋʋm sãang n
906e6618e85fdf28,mos,,folktale,11,,,364 Sẽn be põeer yamẽ wã n be kukur kãarẽ wã.,C'est ce que pense la vipère qui se trouve dans la nuque du cochon.,,,,,,,,,,,,https://mooreburkina.com/fr/contes-proverbes/proverbes-moor%C3%A9-vol-11,https://media.ipsapps.org/mos/ora/prv-v11/,apps/017df6d34e8e65c4/04-B004-001.html,adjacent_french_segment,0.75,needs_review,359 Sãan tʋʋm sãang n
4de82482a16138a0,mos,,folktale,16,,,367 Sẽn ket waoogẽ yɩɩd sẽn wõ.,Ce qui reste dans la gibecière dépasse ce qui est y retranché.,,,,,,,,,,,,https://mooreburkina.com/fr/contes-proverbes/proverbes-moor%C3%A9-vol-11,https://media.ipsapps.org/mos/ora/prv-v11/,apps/017df6d34e8e65c4/04-B004-001.html,adjacent_french_segment,0.75,needs_review,359 Sãan tʋʋm sãang n
91ef65acaf66cff9,mos,,folktale,18,,,368 Sẽn mi t'a na n paama kĩndi n tuiida wẽelba.,C'est celui qui sait qu'il aura un collier qui le prépare.,,,,,,,,,,,,https://mooreburkina.com/fr/contes-proverbes/proverbes-moor%C3%A9-vol-11,https://media.ipsapps.org/mos/ora/prv-v11/,apps/017df6d34e8e65c4/04-B004-001.html,adjacent_french_segment,0.75,needs_review,359 Sãan tʋʋm sãang n
57715bf76723ef81,mos,,folktale,21,,,370 Sẽn n yãgd n daad baag zugu.,C'est celui qui est pressé qui achète une tête de chien.,,,,,,,,,,,,https://mooreburkina.com/fr/contes-proverbes/proverbes-moor%C3%A9-vol-11,https://media.ipsapps.org/mos/ora/prv-v11/,apps/017df6d34e8e65c4/04-B004-001.html,adjacent_french_segment,0.75,needs_review,359 Sãan tʋʋm sãang n
b1795f8d99abe9f1,mos,,folktale,24,,,372 Sẽn nobda yãag n salgd kasma.,C'est ce qui grossit l'enfant qui fait briller le vieux.,,,,,,,,,,,,https://mooreburkina.com/fr/contes-proverbes/proverbes-moor%C3%A9-vol-11,https://media.ipsapps.org/mos/ora/prv-v11/,apps/017df6d34e8e65c4/04-B004-001.html,adjacent_french_segment,0.75,needs_review,359 Sãan tʋʋm sãang n
0b761683eeb559a3,mos,,folktale,1,,,375 Sẽn tara pãng tara sugri.,Celui qui est fort sait pardonner.,,,,,,,,,,,,https://mooreburkina.com/fr/contes-proverbes/proverbes-moor%C3%A9-vol-11,https://media.ipsapps.org/mos/ora/prv-v11/,apps/017df6d34e8e65c4/05-B005-001.html,adjacent_french_segment,0.75,needs_review,375 Sẽn tara pãng tara
22e576471c78de7e,mos,,folktale,4,,,377 Sẽn wẽnd taab n tũud taaba.,Ceux qui se ressemblent se suivent.,,,,,,,,,,,,https://mooreburkina.com/fr/contes-proverbes/proverbes-moor%C3%A9-vol-11,https://media.ipsapps.org/mos/ora/prv-v11/,apps/017df6d34e8e65c4/05-B005-001.html,adjacent_french_segment,0.75,needs_review,375 Sẽn tara pãng tara
ccd1caa91486774b,mos,,folktale,6,,,378 Sẽn wõbda noaag zug pa zoet nin-bẽel ye.,Celui qui mange une tête de poulet ne craint pas les yeux.,,,,,,,,,,,,https://mooreburkina.com/fr/contes-proverbes/proverbes-moor%C3%A9-vol-11,https://media.ipsapps.org/mos/ora/prv-v11/,apps/017df6d34e8e65c4/05-B005-001.html,adjacent_french_segment,0.75,needs_review,375 Sẽn tara pãng tara
f3021bc5d12b408b,mos,,folktale,8,,,379 Sẽn wõbda zug pa zoet nin ye.,Celui qui mange une tête n'a pas peur des yeux.,,,,,,,,,,,,https://mooreburkina.com/fr/contes-proverbes/proverbes-moor%C3%A9-vol-11,https://media.ipsapps.org/mos/ora/prv-v11/,apps/017df6d34e8e65c4/05-B005-001.html,adjacent_french_segment,0.75,needs_review,375 Sẽn tara pãng tara
fb71d3954b491b7d,mos,,folktale,10,,,380 Sẽn wũga wã nee sẽn gẽesd a wã.,Celui qui est accroupi voit celui qui cherche.,,,,,,,,,,,,https://mooreburkina.com/fr/contes-proverbes/proverbes-moor%C3%A9-vol-11,https://media.ipsapps.org/mos/ora/prv-v11/,apps/017df6d34e8e65c4/05-B005-001.html,adjacent_french_segment,0.75,needs_review,375 Sẽn tara pãng tara
8377b19240ef7ba3,mos,,folktale,12,,,381 Sẽn yõoda yaad pa zoet kɩɩms yãbr ye.,Celui qui brule les cimetières ne craint pas les pleurs des fantômes.,,,,,,,,,,,,https://mooreburkina.com/fr/contes-proverbes/proverbes-moor%C3%A9-vol-11,https://media.ipsapps.org/mos/ora/prv-v11/,apps/017df6d34e8e65c4/05-B005-001.html,adjacent_french_segment,0.75,needs_review,375 Sẽn tara pãng tara
67a76a4918668d18,mos,,folktale,14,,,382 Sẽn zãada sĩ n zãad rabgo.,Celui qui tient les abeilles tien la vipère.,,,,,,,,,,,,https://mooreburkina.com/fr/contes-proverbes/proverbes-moor%C3%A9-vol-11,https://media.ipsapps.org/mos/ora/prv-v11/,apps/017df6d34e8e65c4/05-B005-001.html,adjacent_french_segment,0.75,needs_review,375 Sẽn tara pãng tara
80323c8d6cea88b5,mos,,folktale,16,,,"383 Sẽn zẽkda a menga b na sagl-a, la sẽn sagl a menga b na n zẽk-a lame.","Celui qui s'élève sera abaissé, celui qui s'abaisse sera élevé.",,,,,,,,,,,,https://mooreburkina.com/fr/contes-proverbes/proverbes-moor%C3%A9-vol-11,https://media.ipsapps.org/mos/ora/prv-v11/,apps/017df6d34e8e65c4/05-B005-001.html,adjacent_french_segment,0.75,needs_review,375 Sẽn tara pãng tara
ae8fbc7b23c0210b,mos,,folktale,18,,,"384 Sẽn zomba kur pa lad wẽ, sẽn zowa ne pẽgla.",Celui qui est bien assis sur la tortue ne rit pas; n'en parlons pas celui qui est assis de travers.,,,,,,,,,,,,https://mooreburkina.com/fr/contes-proverbes/proverbes-moor%C3%A9-vol-11,https://media.ipsapps.org/mos/ora/prv-v11/,apps/017df6d34e8e65c4/05-B005-001.html,adjacent_french_segment,0.75,needs_review,375 Sẽn tara pãng tara
2d9c5780d8dff40a,mos,,folktale,20,,,385 Sẽeg pa minimd puu n le sak fãa ye.,Le derrière qui est habitué aux gros pets ne saurait s'accomoder des petits pets.,,,,,,,,,,,,https://mooreburkina.com/fr/contes-proverbes/proverbes-moor%C3%A9-vol-11,https://media.ipsapps.org/mos/ora/prv-v11/,apps/017df6d34e8e65c4/05-B005-001.html,adjacent_french_segment,0.75,needs_review,375 Sẽn tara pãng tara
fe087488b85b275b,mos,,folktale,22,,,386 Silmi-yaaleg bãngda a ra-saar zãabẽ.,Le mauvais Peul se reconnaît par sa manière de tenir son bâton.,,,,,,,,,,,,https://mooreburkina.com/fr/contes-proverbes/proverbes-moor%C3%A9-vol-11,https://media.ipsapps.org/mos/ora/prv-v11/,apps/017df6d34e8e65c4/05-B005-001.html,adjacent_french_segment,0.75,needs_review,375 Sẽn tara pãng tara
d857e699448f2be4,mos,,folktale,5,,,"394 Sɩngdame tɩ tẽkre, tɩ wa lebg wedgre.",On commence par toucher et ça devient une éventration.,,,,,,,,,,,,https://mooreburkina.com/fr/contes-proverbes/proverbes-moor%C3%A9-vol-11,https://media.ipsapps.org/mos/ora/prv-v11/,apps/017df6d34e8e65c4/06-B006-001.html,adjacent_french_segment,0.75,needs_review,390 Sɩlem rãmb a yiib pa
53f75a7a074eab6c,mos,,folktale,9,,,397 Soaamb noor pa paood ne salbr ye.,La gueule du lièvre n'est pas petite avec une bride.,,,,,,,,,,,,https://mooreburkina.com/fr/contes-proverbes/proverbes-moor%C3%A9-vol-11,https://media.ipsapps.org/mos/ora/prv-v11/,apps/017df6d34e8e65c4/06-B006-001.html,adjacent_french_segment,0.75,needs_review,390 Sɩlem rãmb a yiib pa
9d59543e329d6fc2,mos,,folktale,11,,,398 Soaamb pa nobd n yɩɩg a gãong ye.,Un lièvre ne grossit jamais plus que sa peau.,,,,,,,,,,,,https://mooreburkina.com/fr/contes-proverbes/proverbes-moor%C3%A9-vol-11,https://media.ipsapps.org/mos/ora/prv-v11/,apps/017df6d34e8e65c4/06-B006-001.html,adjacent_french_segment,0.75,needs_review,390 Sɩlem rãmb a yiib pa
4aacfbb6e70bed88,mos,,folktale,13,,,"399 Soaamb sũ-noog daare, a zug kẽeda waoogẽ.","Le jour où le lièvre est content, sa tête entre dans la gibecière.",,,,,,,,,,,,https://mooreburkina.com/fr/contes-proverbes/proverbes-moor%C3%A9-vol-11,https://media.ipsapps.org/mos/ora/prv-v11/,apps/017df6d34e8e65c4/06-B006-001.html,adjacent_french_segment,0.75,needs_review,390 Sɩlem rãmb a yiib pa
818f10fb96220d3a,mos,,folktale,15,,,"400 Soaamb wʋm a yak põ, la a ra wʋm a meng põ ye.","Que le lièvre entende frapper son voisin, mais qu'il n'entende pas sa propre frappe.",,,,,,,,,,,,https://mooreburkina.com/fr/contes-proverbes/proverbes-moor%C3%A9-vol-11,https://media.ipsapps.org/mos/ora/prv-v11/,apps/017df6d34e8e65c4/06-B006-001.html,adjacent_french_segment,0.75,needs_review,390 Sɩlem rãmb a yiib pa
10a7293899ec97a8,mos,,folktale,17,,,401 Soaamb wẽnda bõang la b pa ma-biig ye.,"Le lièvre ressemble à l'âne, mais il n'est pas son frangin.",,,,,,,,,,,,https://mooreburkina.com/fr/contes-proverbes/proverbes-moor%C3%A9-vol-11,https://media.ipsapps.org/mos/ora/prv-v11/,apps/017df6d34e8e65c4/06-B006-001.html,adjacent_french_segment,0.75,needs_review,390 Sɩlem rãmb a yiib pa
2659848ea97014ea,mos,,folktale,19,,,402 Soaas pa wiid nag-wagr koom zaalem ye.,Une hyène ne puise pas l'eau pour une vache maigre pour rien.,,,,,,,,,,,,https://mooreburkina.com/fr/contes-proverbes/proverbes-moor%C3%A9-vol-11,https://media.ipsapps.org/mos/ora/prv-v11/,apps/017df6d34e8e65c4/06-B006-001.html,adjacent_french_segment,0.75,needs_review,390 Sɩlem rãmb a yiib pa
4ca7a491f139d0bb,mos,,folktale,21,,,403 Soom-bil pa rigd ne laad ye.,On ne se chasse pas un levraut en riant.,,,,,,,,,,,,https://mooreburkina.com/fr/contes-proverbes/proverbes-moor%C3%A9-vol-11,https://media.ipsapps.org/mos/ora/prv-v11/,apps/017df6d34e8e65c4/06-B006-001.html,adjacent_french_segment,0.75,needs_review,390 Sɩlem rãmb a yiib pa
90ea2117e8be7f36,mos,,folktale,1,,,"405 Sõng-m n wõb m bõang ka volem ye, yaa f me rẽnd na n wa ki beoogo.","M'aider à manger mon âne n'est pas de la gourmandise, c'est au cas où le tien viendrait à mourir un jour.",,,,,,,,,,,,https://mooreburkina.com/fr/contes-proverbes/proverbes-moor%C3%A9-vol-11,https://media.ipsapps.org/mos/ora/prv-v11/,apps/017df6d34e8e65c4/07-B007-001.html,adjacent_french_segment,0.75,needs_review,405 Sõng-m n wõb m bõang
26ada99d0c793c3a,mos,,folktale,4,,,407 Sugr n kae tɩ yell sãame.,C'est lorsqu'il n'y a pas de pardon qu'un problème se gâte.,,,,,,,,,,,,https://mooreburkina.com/fr/contes-proverbes/proverbes-moor%C3%A9-vol-11,https://media.ipsapps.org/mos/ora/prv-v11/,apps/017df6d34e8e65c4/07-B007-001.html,adjacent_french_segment,0.75,needs_review,405 Sõng-m n wõb m bõang
10a00717cb30db34,mos,,folktale,9,,,"411 Sʋʋg pa wãag a tãoogo, a pa wãagd bũmb ye.","Si un couteau ne coupe pas sa liane, il ne coupera rien. C'est sauterelle par sauterelle que l'on remplit un panier.",,,,,,,,,,,,https://mooreburkina.com/fr/contes-proverbes/proverbes-moor%C3%A9-vol-11,https://media.ipsapps.org/mos/ora/prv-v11/,apps/017df6d34e8e65c4/07-B007-001.html,adjacent_french_segment,0.75,needs_review,405 Sõng-m n wõb m bõang
b277004666ebadc0,mos,,folktale,12,,,413 Sʋʋr sʋʋr n pit waooga.,C'est sauterelle par sauterelle que l'on remplit une gibecière.,,,,,,,,,,,,https://mooreburkina.com/fr/contes-proverbes/proverbes-moor%C3%A9-vol-11,https://media.ipsapps.org/mos/ora/prv-v11/,apps/017df6d34e8e65c4/07-B007-001.html,adjacent_french_segment,0.75,needs_review,405 Sõng-m n wõb m bõang
66788d9c2bd0e1bd,mos,,folktale,14,,,414 Ta m toor raag n kẽede.,Seul le marché que l'on fait soi-même est bien fait.,,,,,,,,,,,,https://mooreburkina.com/fr/contes-proverbes/proverbes-moor%C3%A9-vol-11,https://media.ipsapps.org/mos/ora/prv-v11/,apps/017df6d34e8e65c4/07-B007-001.html,adjacent_french_segment,0.75,needs_review,405 Sõng-m n wõb m bõang
77ed2aa97478a05d,mos,,folktale,16,,,415 Taam-bil sã n reeg a ma wombo a na wom ne yẽgna.,"Si le jeune karité doit produire comme l'arbre-mère, il produira jusqu'aux racines.",,,,,,,,,,,,https://mooreburkina.com/fr/contes-proverbes/proverbes-moor%C3%A9-vol-11,https://media.ipsapps.org/mos/ora/prv-v11/,apps/017df6d34e8e65c4/07-B007-001.html,adjacent_french_segment,0.75,needs_review,405 Sõng-m n wõb m bõang
e2b58aa6c912fc58,mos,,folktale,18,,,416 Tab koaas pa mi t'a tab pa noom ye.,Le vendeur de tabac ne sait pas que son tabac n'est pas bon.,,,,,,,,,,,,https://mooreburkina.com/fr/contes-proverbes/proverbes-moor%C3%A9-vol-11,https://media.ipsapps.org/mos/ora/prv-v11/,apps/017df6d34e8e65c4/07-B007-001.html,adjacent_french_segment,0.75,needs_review,405 Sõng-m n wõb m bõang
c2e6533ca49e0d3d,mos,,folktale,20,,,"417 ""Tab sã n yɩɩg wã n kõ rẽemba yaa nag-bĩngu.","Si le tabac donné au beau-père dépasse une certaine quantité, cela ne serait plus du tabac, mais de la bouse de vache.",,,,,,,,,,,,https://mooreburkina.com/fr/contes-proverbes/proverbes-moor%C3%A9-vol-11,https://media.ipsapps.org/mos/ora/prv-v11/,apps/017df6d34e8e65c4/07-B007-001.html,adjacent_french_segment,0.75,needs_review,405 Sõng-m n wõb m bõang
0fd1e268d20ccb00,mos,,folktale,22,,,418 Tak tɩ m tak yaa wam-bẽka.,Tu tires et je tire c'est une calebasse cassé.,,,,,,,,,,,,https://mooreburkina.com/fr/contes-proverbes/proverbes-moor%C3%A9-vol-11,https://media.ipsapps.org/mos/ora/prv-v11/,apps/017df6d34e8e65c4/07-B007-001.html,adjacent_french_segment,0.75,needs_review,405 Sõng-m n wõb m bõang
3d3c8a035218cbd6,mos,,folktale,24,,,"419 Tak tɩ m tak, yaa wam-peese.",Tu tires et je tire ce sont des morceaux de calebasse.,,,,,,,,,,,,https://mooreburkina.com/fr/contes-proverbes/proverbes-moor%C3%A9-vol-11,https://media.ipsapps.org/mos/ora/prv-v11/,apps/017df6d34e8e65c4/07-B007-001.html,adjacent_french_segment,0.75,needs_review,405 Sõng-m n wõb m bõang
c1fed397b65436a2,mos,,folktale,1,,,420 Talg bao laafɩ la a bas sɩd togsgo.,Que le pauvre cherche la paix et arrête de dire la vérité.,,,,,,,,,,,,https://mooreburkina.com/fr/contes-proverbes/proverbes-moor%C3%A9-vol-11,https://media.ipsapps.org/mos/ora/prv-v11/,apps/017df6d34e8e65c4/08-B008-001.html,adjacent_french_segment,0.75,needs_review,420 Talg bao laafɩ la a
1ebe2f22ef5c7d9c,mos,,folktale,6,,,424 Talg sã n bugd naab lok bɩ a me buga rẽnda.,"Si le pauvre porte la lance du chef, qu'il porte le sien aussi.",,,,,,,,,,,,https://mooreburkina.com/fr/contes-proverbes/proverbes-moor%C3%A9-vol-11,https://media.ipsapps.org/mos/ora/prv-v11/,apps/017df6d34e8e65c4/08-B008-001.html,adjacent_french_segment,0.75,needs_review,420 Talg bao laafɩ la a
a4dcb5c94649c256,mos,,folktale,8,,,"425 Talg tẽn-kugr bee a yãoogẽ, t'a zoetẽ la a kãabdẽ.",Le fétiche du pauvre est dans sa tombe ; il court et il maudit.,,,,,,,,,,,,https://mooreburkina.com/fr/contes-proverbes/proverbes-moor%C3%A9-vol-11,https://media.ipsapps.org/mos/ora/prv-v11/,apps/017df6d34e8e65c4/08-B008-001.html,adjacent_french_segment,0.75,needs_review,420 Talg bao laafɩ la a
5eecd613ffc5bdd4,mos,,folktale,10,,,426 Tar pag pa kãabd yak ye.,On n'invite jamais son voisin à partager sa femme.,,,,,,,,,,,,https://mooreburkina.com/fr/contes-proverbes/proverbes-moor%C3%A9-vol-11,https://media.ipsapps.org/mos/ora/prv-v11/,apps/017df6d34e8e65c4/08-B008-001.html,adjacent_french_segment,0.75,needs_review,420 Talg bao laafɩ la a
1e9d226541410385,mos,,folktale,12,,,427 Tãod n yõsd mi a sẽn dɩtẽ.,Le chasseur maladroit sait où manger.,,,,,,,,,,,,https://mooreburkina.com/fr/contes-proverbes/proverbes-moor%C3%A9-vol-11,https://media.ipsapps.org/mos/ora/prv-v11/,apps/017df6d34e8e65c4/08-B008-001.html,adjacent_french_segment,0.75,needs_review,420 Talg bao laafɩ la a
e9ee279e151c06cd,mos,,folktale,14,,,428 Tẽegd n kõt sẽoog noaag koom.,C'est celui qui a bonne souvenance qui donne de l'eau à un poulet pendant l'hivernage.,,,,,,,,,,,,https://mooreburkina.com/fr/contes-proverbes/proverbes-moor%C3%A9-vol-11,https://media.ipsapps.org/mos/ora/prv-v11/,apps/017df6d34e8e65c4/08-B008-001.html,adjacent_french_segment,0.75,needs_review,420 Talg bao laafɩ la a
b6dafa92e15f7f06,mos,,folktale,16,,,429 Tekr wẽnd kũun bɩ ned fãa tall a rẽnda.,"Si l'échange ressemble à un don, que chacun garde le sien.",,,,,,,,,,,,https://mooreburkina.com/fr/contes-proverbes/proverbes-moor%C3%A9-vol-11,https://media.ipsapps.org/mos/ora/prv-v11/,apps/017df6d34e8e65c4/08-B008-001.html,adjacent_french_segment,0.75,needs_review,420 Talg bao laafɩ la a
67329df4a6f21325,mos,,folktale,18,,,430 Tẽn-boaas pa baood naoodr ye.,Celui qui cherche refuge ne cherche pas de chaussure.,,,,,,,,,,,,https://mooreburkina.com/fr/contes-proverbes/proverbes-moor%C3%A9-vol-11,https://media.ipsapps.org/mos/ora/prv-v11/,apps/017df6d34e8e65c4/08-B008-001.html,adjacent_french_segment,0.75,needs_review,420 Talg bao laafɩ la a
38927b60cd7c9351,mos,,folktale,20,,,"431 ""Tẽng bi-bẽeg gãe bãane, tɩ tẽng gãe bãane.",Le bandit du village repose en paix pour que la tranquillité règne dans le village.,,,,,,,,,,,,https://mooreburkina.com/fr/contes-proverbes/proverbes-moor%C3%A9-vol-11,https://media.ipsapps.org/mos/ora/prv-v11/,apps/017df6d34e8e65c4/08-B008-001.html,adjacent_french_segment,0.75,needs_review,420 Talg bao laafɩ la a
273b6e849799af69,mos,,folktale,22,,,"432 Tẽng-n-dãmb sã n gomda, sãan reesda oo! a ye !","Si les autochtones parlent, l'étranger répond par des oui, des non.",,,,,,,,,,,,https://mooreburkina.com/fr/contes-proverbes/proverbes-moor%C3%A9-vol-11,https://media.ipsapps.org/mos/ora/prv-v11/,apps/017df6d34e8e65c4/08-B008-001.html,adjacent_french_segment,0.75,needs_review,420 Talg bao laafɩ la a
11fde70f5532c115,mos,,folktale,24,,,433 Tɩ-song n baood a bulli.,Le meilleur remède cherche sa composante.,,,,,,,,,,,,https://mooreburkina.com/fr/contes-proverbes/proverbes-moor%C3%A9-vol-11,https://media.ipsapps.org/mos/ora/prv-v11/,apps/017df6d34e8e65c4/08-B008-001.html,adjacent_french_segment,0.75,needs_review,420 Talg bao laafɩ la a
c9b81e933b8a3c3e,mos,,folktale,1,,,436 To nodr n sakd rãmsgo.,L'épine dans la chair d'autrui est facile à enlever.,,,,,,,,,,,,https://mooreburkina.com/fr/contes-proverbes/proverbes-moor%C3%A9-vol-11,https://media.ipsapps.org/mos/ora/prv-v11/,apps/017df6d34e8e65c4/09-B009-001.html,adjacent_french_segment,0.75,needs_review,436 To nodr n sakd
815e15738d554ec1,mos,,folktale,3,,,"437 To saoog n dɩkde, to zʋg pa rɩkd ye.","On imite la danse de son camarade, mais pas son caractère.",,,,,,,,,,,,https://mooreburkina.com/fr/contes-proverbes/proverbes-moor%C3%A9-vol-11,https://media.ipsapps.org/mos/ora/prv-v11/,apps/017df6d34e8e65c4/09-B009-001.html,adjacent_french_segment,0.75,needs_review,436 To nodr n sakd
95e2793d6e74b30f,mos,,folktale,5,,,438 Toẽeng wẽng yaa sẽn yi kãarẽ.,La mauvaise barbe c'est celle qui pousse à la nuque.,,,,,,,,,,,,https://mooreburkina.com/fr/contes-proverbes/proverbes-moor%C3%A9-vol-11,https://media.ipsapps.org/mos/ora/prv-v11/,apps/017df6d34e8e65c4/09-B009-001.html,adjacent_french_segment,0.75,needs_review,436 To nodr n sakd
2455d5c719318b19,mos,,folktale,7,,,439 Togs sɩd pa sãamd zood ye.,Dire la vérité ne gâche pas l'amitié.,,,,,,,,,,,,https://mooreburkina.com/fr/contes-proverbes/proverbes-moor%C3%A9-vol-11,https://media.ipsapps.org/mos/ora/prv-v11/,apps/017df6d34e8e65c4/09-B009-001.html,adjacent_french_segment,0.75,needs_review,436 To nodr n sakd
9a21071dea6e9159,mos,,folktale,9,,,440 Togs-yẽg kõta a meng bʋʋm.,Celui qui raconte seul se donne raison.,,,,,,,,,,,,https://mooreburkina.com/fr/contes-proverbes/proverbes-moor%C3%A9-vol-11,https://media.ipsapps.org/mos/ora/prv-v11/,apps/017df6d34e8e65c4/09-B009-001.html,adjacent_french_segment,0.75,needs_review,436 To nodr n sakd
9562cca9e7a86fe6,mos,,folktale,11,,,441 Tom loabd a ye tõe pẽkdb koabga.,Un seul jeteur de terre peut neutraliser 100 laveurs.,,,,,,,,,,,,https://mooreburkina.com/fr/contes-proverbes/proverbes-moor%C3%A9-vol-11,https://media.ipsapps.org/mos/ora/prv-v11/,apps/017df6d34e8e65c4/09-B009-001.html,adjacent_french_segment,0.75,needs_review,436 To nodr n sakd
42127bf6d4ad3e61,mos,,folktale,13,,,442 Tõnd tãoosga nan pa sek zin-dãmb kʋʋb ye.,Notre chasse ne suffit pas à tuer des génies.,,,,,,,,,,,,https://mooreburkina.com/fr/contes-proverbes/proverbes-moor%C3%A9-vol-11,https://media.ipsapps.org/mos/ora/prv-v11/,apps/017df6d34e8e65c4/09-B009-001.html,adjacent_french_segment,0.75,needs_review,436 To nodr n sakd
741c7e5443dc2571,mos,,folktale,15,,,443 Tõnd tɩɩm pa kis bɩt ye.,Notre médicament n'a pas pour interdit l'oseille.,,,,,,,,,,,,https://mooreburkina.com/fr/contes-proverbes/proverbes-moor%C3%A9-vol-11,https://media.ipsapps.org/mos/ora/prv-v11/,apps/017df6d34e8e65c4/09-B009-001.html,adjacent_french_segment,0.75,needs_review,436 To nodr n sakd
31bbb4c90f60c7bb,mos,,folktale,17,,,444 Tʋb-kɩd wʋmda a wa reeg kõbre.,"Le sourd comprend ""viens prendre un os"".",,,,,,,,,,,,https://mooreburkina.com/fr/contes-proverbes/proverbes-moor%C3%A9-vol-11,https://media.ipsapps.org/mos/ora/prv-v11/,apps/017df6d34e8e65c4/09-B009-001.html,adjacent_french_segment,0.75,needs_review,436 To nodr n sakd
0290e0504f5cfa83,mos,,folktale,19,,,"445 Tʋmtʋmd maagda naoore, la a pa maagd sũur ye.","Une commission refroidit le pied, mais ne refroidit pas le cœur.",,,,,,,,,,,,https://mooreburkina.com/fr/contes-proverbes/proverbes-moor%C3%A9-vol-11,https://media.ipsapps.org/mos/ora/prv-v11/,apps/017df6d34e8e65c4/09-B009-001.html,adjacent_french_segment,0.75,needs_review,436 To nodr n sakd
4d47685f439dee00,mos,,folktale,21,,,"446 Vel kĩga yaa nana, la bʋkem-bʋkem lebga toogo.","Avaler d'un trait c'est facile, ruminer devient difficile.",,,,,,,,,,,,https://mooreburkina.com/fr/contes-proverbes/proverbes-moor%C3%A9-vol-11,https://media.ipsapps.org/mos/ora/prv-v11/,apps/017df6d34e8e65c4/09-B009-001.html,adjacent_french_segment,0.75,needs_review,436 To nodr n sakd
80dfebc03aafadf8,mos,,folktale,23,,,447 Vɩʋʋg kae n pãbd pag ye.,Il n'y a pas de temps pour battre une femme.,,,,,,,,,,,,https://mooreburkina.com/fr/contes-proverbes/proverbes-moor%C3%A9-vol-11,https://media.ipsapps.org/mos/ora/prv-v11/,apps/017df6d34e8e65c4/09-B009-001.html,adjacent_french_segment,0.75,needs_review,436 To nodr n sakd
af36015aabc7f752,mos,,folktale,25,,,448 Vɩʋʋg pa reld ye.,On ne s'adosse pas au vide.,,,,,,,,,,,,https://mooreburkina.com/fr/contes-proverbes/proverbes-moor%C3%A9-vol-11,https://media.ipsapps.org/mos/ora/prv-v11/,apps/017df6d34e8e65c4/09-B009-001.html,adjacent_french_segment,0.75,needs_review,436 To nodr n sakd
5fa4eef44a5b790c,mos,,folktale,27,,,449 Wa ges yell pa zem a soab ye.,Viens voir une histoire ne vaut pas son propriétaire.,,,,,,,,,,,,https://mooreburkina.com/fr/contes-proverbes/proverbes-moor%C3%A9-vol-11,https://media.ipsapps.org/mos/ora/prv-v11/,apps/017df6d34e8e65c4/09-B009-001.html,adjacent_french_segment,0.75,needs_review,436 To nodr n sakd
9406025bf7735786,mos,,folktale,29,,,450 Wa tɩ d zĩnd yaa wa tɩ d zabe.,Viens nous allons nous asseoir c'est viens nous allons faire la bagarre.,,,,,,,,,,,,https://mooreburkina.com/fr/contes-proverbes/proverbes-moor%C3%A9-vol-11,https://media.ipsapps.org/mos/ora/prv-v11/,apps/017df6d34e8e65c4/09-B009-001.html,adjacent_french_segment,0.75,needs_review,436 To nodr n sakd
ff2d51965d568e1e,mos,,folktale,1,,,451 Waaf la zugu.,C'est la tête qui fait le serpent.,,,,,,,,,,,,https://mooreburkina.com/fr/contes-proverbes/proverbes-moor%C3%A9-vol-11,https://media.ipsapps.org/mos/ora/prv-v11/,apps/017df6d34e8e65c4/10-B010-001.html,adjacent_french_segment,0.75,needs_review,451 Waaf la zugu
f62f7dcea783c019,mos,,folktale,3,,,"452 Waaf sã n kʋ f ma, bẽdeng me yaa rẽ.","Si un serpent a tué ta mère, un lombric est lui aussi un serpent.",,,,,,,,,,,,https://mooreburkina.com/fr/contes-proverbes/proverbes-moor%C3%A9-vol-11,https://media.ipsapps.org/mos/ora/prv-v11/,apps/017df6d34e8e65c4/10-B010-001.html,adjacent_french_segment,0.75,needs_review,451 Waaf la zugu
7a4d1cd94e1ba5f1,mos,,folktale,6,,,454 Wakɩr a tãab ne neb a yiib pʋɩɩb yaa toogo.,Il est difficile de partager quinze francs entre deux personnes.,,,,,,,,,,,,https://mooreburkina.com/fr/contes-proverbes/proverbes-moor%C3%A9-vol-11,https://media.ipsapps.org/mos/ora/prv-v11/,apps/017df6d34e8e65c4/10-B010-001.html,adjacent_french_segment,0.75,needs_review,451 Waaf la zugu
43b18f72b34a9b6a,mos,,folktale,8,,,"455 Wakɩr sã n lʋɩ bulgẽ ne nif sãagre, f sãamda turs n bao-a.","Si par suite d'une foutaise, cinq francs tombent dans un puits, gaspilles cinq mille francs pour les chercher.",,,,,,,,,,,,https://mooreburkina.com/fr/contes-proverbes/proverbes-moor%C3%A9-vol-11,https://media.ipsapps.org/mos/ora/prv-v11/,apps/017df6d34e8e65c4/10-B010-001.html,adjacent_french_segment,0.75,needs_review,451 Waaf la zugu
550db8ccd505df28,mos,,folktale,10,,,456 Walemdb n dũmd taab tʋba.,Ce sont les chuchoteurs qui se mordent les oreilles.,,,,,,,,,,,,https://mooreburkina.com/fr/contes-proverbes/proverbes-moor%C3%A9-vol-11,https://media.ipsapps.org/mos/ora/prv-v11/,apps/017df6d34e8e65c4/10-B010-001.html,adjacent_french_segment,0.75,needs_review,451 Waaf la zugu
3907692d2c019945,mos,,folktale,12,,,457 Walg ka zoeta t'a biig keoos ye.,L'antilope ne court pas et son enfant va boiter.,,,,,,,,,,,,https://mooreburkina.com/fr/contes-proverbes/proverbes-moor%C3%A9-vol-11,https://media.ipsapps.org/mos/ora/prv-v11/,apps/017df6d34e8e65c4/10-B010-001.html,adjacent_french_segment,0.75,needs_review,451 Waaf la zugu
e133a59a77c3e537,mos,,folktale,15,,,459 Wall n mi taab wudgẽ.,Les pigeons se reconnaissent dans les étuves.,,,,,,,,,,,,https://mooreburkina.com/fr/contes-proverbes/proverbes-moor%C3%A9-vol-11,https://media.ipsapps.org/mos/ora/prv-v11/,apps/017df6d34e8e65c4/10-B010-001.html,adjacent_french_segment,0.75,needs_review,451 Waaf la zugu
8ba03edf47e2326a,mos,,folktale,18,,,461 Wall yet tɩ ned pa tõe n yɩgd la a tʋɩt ye.,Le pigeon dit que nul ne peut voler et préparer son nid.,,,,,,,,,,,,https://mooreburkina.com/fr/contes-proverbes/proverbes-moor%C3%A9-vol-11,https://media.ipsapps.org/mos/ora/prv-v11/,apps/017df6d34e8e65c4/10-B010-001.html,adjacent_french_segment,0.75,needs_review,451 Waaf la zugu
be74fce12a740dd4,mos,,folktale,20,,,462 Wand sẽn zindẽ kõn kong kõbd ye.,"Où une tourterelle a résidé, on ne peut manquer de plumes.",,,,,,,,,,,,https://mooreburkina.com/fr/contes-proverbes/proverbes-moor%C3%A9-vol-11,https://media.ipsapps.org/mos/ora/prv-v11/,apps/017df6d34e8e65c4/10-B010-001.html,adjacent_french_segment,0.75,needs_review,451 Waaf la zugu
b146dbca2b9d2bd3,mos,,folktale,22,,,463 Waoog kasma yaa f me na n wa yɩ kasma.,Respecter une personne âgé c'est au cas où tu seras une personne âgé un jour.,,,,,,,,,,,,https://mooreburkina.com/fr/contes-proverbes/proverbes-moor%C3%A9-vol-11,https://media.ipsapps.org/mos/ora/prv-v11/,apps/017df6d34e8e65c4/10-B010-001.html,adjacent_french_segment,0.75,needs_review,451 Waaf la zugu
b93d83ad8eca7e4c,mos,,folktale,24,,,464 Waoor kankamd são paoor gʋ-bila.,Le figuier du respect vaut mieux que la noix de cola d'un manque de respect.,,,,,,,,,,,,https://mooreburkina.com/fr/contes-proverbes/proverbes-moor%C3%A9-vol-11,https://media.ipsapps.org/mos/ora/prv-v11/,apps/017df6d34e8e65c4/10-B010-001.html,adjacent_french_segment,0.75,needs_review,451 Waaf la zugu
253456fc7cba78f9,mos,,folktale,26,,,465 Warb ka neer paka a gẽtba.,Le warba n'est pas bien dansé ne peut préoccuper que ses spectateurs.,,,,,,,,,,,,https://mooreburkina.com/fr/contes-proverbes/proverbes-moor%C3%A9-vol-11,https://media.ipsapps.org/mos/ora/prv-v11/,apps/017df6d34e8e65c4/10-B010-001.html,adjacent_french_segment,0.75,needs_review,451 Waaf la zugu
db66e284462d0f0f,mos,,folktale,1,,,466 Warb na yɩ neer bãngda a sɩngrẽ.,"Si la danse du warba sera bien, c'est à son début qu'on le sait.",,,,,,,,,,,,https://mooreburkina.com/fr/contes-proverbes/proverbes-moor%C3%A9-vol-11,https://media.ipsapps.org/mos/ora/prv-v11/,apps/017df6d34e8e65c4/11-B011-001.html,adjacent_french_segment,0.75,needs_review,466 Warb na yɩ neer
0b81b120214d6077,mos,,folktale,3,,,467 Warb ta zõaaga.,C'est au tour de la mouche de danser le warba.,,,,,,,,,,,,https://mooreburkina.com/fr/contes-proverbes/proverbes-moor%C3%A9-vol-11,https://media.ipsapps.org/mos/ora/prv-v11/,apps/017df6d34e8e65c4/11-B011-001.html,adjacent_french_segment,0.75,needs_review,466 Warb na yɩ neer
bdaa4c4c62ce7064,mos,,folktale,5,,,468 Wãagr kʋʋda pag la kõsb pa maand pag bũmb ye.,Couper tue la femme mais piquer ne lui fait rien.,,,,,,,,,,,,https://mooreburkina.com/fr/contes-proverbes/proverbes-moor%C3%A9-vol-11,https://media.ipsapps.org/mos/ora/prv-v11/,apps/017df6d34e8e65c4/11-B011-001.html,adjacent_french_segment,0.75,needs_review,466 Warb na yɩ neer
7f8a51e8543c15df,mos,,folktale,8,,,470 Wãamb bi-beelem sɩnga a yãadmẽ.,La témérité du singe a commencé à son enfance.,,,,,,,,,,,,https://mooreburkina.com/fr/contes-proverbes/proverbes-moor%C3%A9-vol-11,https://media.ipsapps.org/mos/ora/prv-v11/,apps/017df6d34e8e65c4/11-B011-001.html,adjacent_french_segment,0.75,needs_review,466 Warb na yɩ neer
42c42f65811397ae,mos,,folktale,10,,,471 Wãamb konga wedr n yet t'a miisame.,Le singe n'a pas eu la liane et il dit qu'elle est aigre.,,,,,,,,,,,,https://mooreburkina.com/fr/contes-proverbes/proverbes-moor%C3%A9-vol-11,https://media.ipsapps.org/mos/ora/prv-v11/,apps/017df6d34e8e65c4/11-B011-001.html,adjacent_french_segment,0.75,needs_review,466 Warb na yɩ neer
0ea25028c588ce06,mos,,folktale,12,,,472 Wãamb yeelame tɩ yaa a maneg toogã la a biigã zug sẽn yaa wẽkã.,"D'après le singe, c'est à force de trop arranger son enfant qu'il a une tête plate.",,,,,,,,,,,,https://mooreburkina.com/fr/contes-proverbes/proverbes-moor%C3%A9-vol-11,https://media.ipsapps.org/mos/ora/prv-v11/,apps/017df6d34e8e65c4/11-B011-001.html,adjacent_french_segment,0.75,needs_review,466 Warb na yɩ neer
d64a1eef44d86031,mos,,folktale,14,,,473 Wãamb zʋʋr n loet-a.,C'est la queue du singe qui l'attache.,,,,,,,,,,,,https://mooreburkina.com/fr/contes-proverbes/proverbes-moor%C3%A9-vol-11,https://media.ipsapps.org/mos/ora/prv-v11/,apps/017df6d34e8e65c4/11-B011-001.html,adjacent_french_segment,0.75,needs_review,466 Warb na yɩ neer
90a3756d36ef914a,mos,,folktale,16,,,474 Wãoor sã n paam a yẽgr mẽeb bɩ a pʋʋs nus dãamb a zaamẽ.,Si un lépreux gagne la construction de sa haie qu'il remercie ceux qui ont des mains.,,,,,,,,,,,,https://mooreburkina.com/fr/contes-proverbes/proverbes-moor%C3%A9-vol-11,https://media.ipsapps.org/mos/ora/prv-v11/,apps/017df6d34e8e65c4/11-B011-001.html,adjacent_french_segment,0.75,needs_review,466 Warb na yɩ neer
0b1a54dfd8c5d2a9,mos,,folktale,18,,,475 Wẽ n yɩlem n tõe waafo.,C'est taper plusieurs fois qui peut tuer le serpent.,,,,,,,,,,,,https://mooreburkina.com/fr/contes-proverbes/proverbes-moor%C3%A9-vol-11,https://media.ipsapps.org/mos/ora/prv-v11/,apps/017df6d34e8e65c4/11-B011-001.html,adjacent_french_segment,0.75,needs_review,466 Warb na yɩ neer
64de890efd524771,mos,,folktale,20,,,476 We-na-zõang pa rigd baag ye.,Un lion aveugle ne chasse pas un chien.,,,,,,,,,,,,https://mooreburkina.com/fr/contes-proverbes/proverbes-moor%C3%A9-vol-11,https://media.ipsapps.org/mos/ora/prv-v11/,apps/017df6d34e8e65c4/11-B011-001.html,adjacent_french_segment,0.75,needs_review,466 Warb na yɩ neer
b20242db6e618a1b,mos,,folktale,22,,,477 We-naaf yõkda f to biig tɩ f yaool n bãng n tall f rẽnda.,C'est quand le buffle attrape l'enfant de ton semblable que tu t'occupes bien du tien.,,,,,,,,,,,,https://mooreburkina.com/fr/contes-proverbes/proverbes-moor%C3%A9-vol-11,https://media.ipsapps.org/mos/ora/prv-v11/,apps/017df6d34e8e65c4/11-B011-001.html,adjacent_french_segment,0.75,needs_review,466 Warb na yɩ neer
42730cffa76bc005,mos,,folktale,24,,,478 Wed-moaag pa tar noor n pʋʋsd sãy ye.,Le cheval ne peut dire merci au forgeron.,,,,,,,,,,,,https://mooreburkina.com/fr/contes-proverbes/proverbes-moor%C3%A9-vol-11,https://media.ipsapps.org/mos/ora/prv-v11/,apps/017df6d34e8e65c4/11-B011-001.html,adjacent_french_segment,0.75,needs_review,466 Warb na yɩ neer
83e4055c6865d31f,mos,,folktale,26,,,479 Weef ning sẽn pa kẽnd tãpã bɩ a kẽng bagre.,Le cheval qui ne va pas à la guerre doit au moins aller chez le devin.,,,,,,,,,,,,https://mooreburkina.com/fr/contes-proverbes/proverbes-moor%C3%A9-vol-11,https://media.ipsapps.org/mos/ora/prv-v11/,apps/017df6d34e8e65c4/11-B011-001.html,adjacent_french_segment,0.75,needs_review,466 Warb na yɩ neer
ee0a1a885df5c058,mos,,folktale,29,,,481 Wẽnd kũun yɩɩd baoobo.,Le don de Dieu vaut mieux que ce qu'on a cherché.,,,,,,,,,,,,https://mooreburkina.com/fr/contes-proverbes/proverbes-moor%C3%A9-vol-11,https://media.ipsapps.org/mos/ora/prv-v11/,apps/017df6d34e8e65c4/11-B011-001.html,adjacent_french_segment,0.75,needs_review,466 Warb na yɩ neer
6af88f1b9b1cf520,mos,,folktale,2,,,483 Wẽnd n kẽed bʋ-woabg yamdo.,C'est Dieu qui coupe le foin de la chèvre boiteuse.,,,,,,,,,,,,https://mooreburkina.com/fr/contes-proverbes/proverbes-moor%C3%A9-vol-11,https://media.ipsapps.org/mos/ora/prv-v11/,apps/017df6d34e8e65c4/12-B012-001.html,adjacent_french_segment,0.75,needs_review,482 Wẽnd n bang zõang ki
d2cbb13393074652,mos,,folktale,4,,,484 Wẽnd n yaood yamb samde.,Dieu rembourse le crédit du pauvre.,,,,,,,,,,,,https://mooreburkina.com/fr/contes-proverbes/proverbes-moor%C3%A9-vol-11,https://media.ipsapps.org/mos/ora/prv-v11/,apps/017df6d34e8e65c4/12-B012-001.html,adjacent_french_segment,0.75,needs_review,482 Wẽnd n bang zõang ki
564d78e4325ec4a4,mos,,folktale,6,,,485 Wẽnd n yẽesd ba-sãadg sẽega.,C'est Dieu qui essuie le derrière du chien qui a la diarrhée.,,,,,,,,,,,,https://mooreburkina.com/fr/contes-proverbes/proverbes-moor%C3%A9-vol-11,https://media.ipsapps.org/mos/ora/prv-v11/,apps/017df6d34e8e65c4/12-B012-001.html,adjacent_french_segment,0.75,needs_review,482 Wẽnd n bang zõang ki
64f2d211cfe34589,mos,,folktale,8,,,"487 Wẽnd na kõ-d vẽere, vẽer a ye n na n ling-fu.","Bonne année et à l'année prochaine, tu seras quand même surpris par une année.",,,,,,,,,,,,https://mooreburkina.com/fr/contes-proverbes/proverbes-moor%C3%A9-vol-11,https://media.ipsapps.org/mos/ora/prv-v11/,apps/017df6d34e8e65c4/12-B012-001.html,adjacent_french_segment,0.75,needs_review,482 Wẽnd n bang zõang ki
952a14f051b5e428,mos,,folktale,10,,,488 Wẽnd na kõ-f zabd-n-ta-sõngo.,Que Dieu te donne un bon ennemi.,,,,,,,,,,,,https://mooreburkina.com/fr/contes-proverbes/proverbes-moor%C3%A9-vol-11,https://media.ipsapps.org/mos/ora/prv-v11/,apps/017df6d34e8e65c4/12-B012-001.html,adjacent_french_segment,0.75,needs_review,482 Wẽnd n bang zõang ki
72abca3e67f8fe8c,mos,,folktale,12,,,489 Wẽnd na lok laoog la a lok a rigda.,Que Dieu donne une chance à la souris et donne également une chance à son chasseur.,,,,,,,,,,,,https://mooreburkina.com/fr/contes-proverbes/proverbes-moor%C3%A9-vol-11,https://media.ipsapps.org/mos/ora/prv-v11/,apps/017df6d34e8e65c4/12-B012-001.html,adjacent_french_segment,0.75,needs_review,482 Wẽnd n bang zõang ki
8af403b6cd200b68,mos,,folktale,14,,,490 Wẽnd pa kõt nag-tãadg yɩɩl ye.,Dieu ne donne pas de cornes à ne bœuf qui cogne.,,,,,,,,,,,,https://mooreburkina.com/fr/contes-proverbes/proverbes-moor%C3%A9-vol-11,https://media.ipsapps.org/mos/ora/prv-v11/,apps/017df6d34e8e65c4/12-B012-001.html,adjacent_french_segment,0.75,needs_review,482 Wẽnd n bang zõang ki
4c1a5779e80b28aa,mos,,folktale,16,,,"491 Wẽnd pa rɩt samd ye, la a yaooda samde.",Dieu ne contracte pas de dette mais il paie les dettes.,,,,,,,,,,,,https://mooreburkina.com/fr/contes-proverbes/proverbes-moor%C3%A9-vol-11,https://media.ipsapps.org/mos/ora/prv-v11/,apps/017df6d34e8e65c4/12-B012-001.html,adjacent_french_segment,0.75,needs_review,482 Wẽnd n bang zõang ki
d79c1d77d0d08f94,mos,,folktale,20,,,494 Wẽnnaam pa pãbd ned tɩ ninsaal fãag-a ye.,"Si Dieu frappe une personne, aucun humain ne peut la sauver.",,,,,,,,,,,,https://mooreburkina.com/fr/contes-proverbes/proverbes-moor%C3%A9-vol-11,https://media.ipsapps.org/mos/ora/prv-v11/,apps/017df6d34e8e65c4/12-B012-001.html,adjacent_french_segment,0.75,needs_review,482 Wẽnd n bang zõang ki
b0b8c1904a86fe43,mos,,folktale,22,,,"495 Weoogẽ sã n be rabeem, yir be laafɩ.","S'il y a la peur en brousse, il y a la paix à la maison.",,,,,,,,,,,,https://mooreburkina.com/fr/contes-proverbes/proverbes-moor%C3%A9-vol-11,https://media.ipsapps.org/mos/ora/prv-v11/,apps/017df6d34e8e65c4/12-B012-001.html,adjacent_french_segment,0.75,needs_review,482 Wẽnd n bang zõang ki
f9b7f4ea4e41afee,mos,,folktale,2,,,498 Wiuug fãa tara a boko.,Chaque gueule tapé a son trou.,,,,,,,,,,,,https://mooreburkina.com/fr/contes-proverbes/proverbes-moor%C3%A9-vol-11,https://media.ipsapps.org/mos/ora/prv-v11/,apps/017df6d34e8e65c4/13-B013-001.html,adjacent_french_segment,0.75,needs_review,497 Wilgda foom yẽbg tɩ f
4780f96bbfae9df7,mos,,folktale,4,,,499 Wĩndg lʋɩ dãbʋr tɩ tẽng-n-rãmb pa mi taaba.,Depuis quand le soleil est-il couché pour que des connaissants ne se reconnaissent pas.,,,,,,,,,,,,https://mooreburkina.com/fr/contes-proverbes/proverbes-moor%C3%A9-vol-11,https://media.ipsapps.org/mos/ora/prv-v11/,apps/017df6d34e8e65c4/13-B013-001.html,adjacent_french_segment,0.75,needs_review,497 Wilgda foom yẽbg tɩ f
da1b4bd690ad2159,mos,,folktale,7,,,501 Wob-kɩɩm yam tog n taa wobgo.,Le berger d'un éléphant doit être aussi malin que l'éléphant.,,,,,,,,,,,,https://mooreburkina.com/fr/contes-proverbes/proverbes-moor%C3%A9-vol-11,https://media.ipsapps.org/mos/ora/prv-v11/,apps/017df6d34e8e65c4/13-B013-001.html,adjacent_french_segment,0.75,needs_review,497 Wilgda foom yẽbg tɩ f
bb75158e775db2e5,mos,,folktale,9,,,502 Wobg faagr pa we-naaf to ye.,"Même si l'éléphant maigrit, le buffle ne pourra jamais se comparer à lui.",,,,,,,,,,,,https://mooreburkina.com/fr/contes-proverbes/proverbes-moor%C3%A9-vol-11,https://media.ipsapps.org/mos/ora/prv-v11/,apps/017df6d34e8e65c4/13-B013-001.html,adjacent_french_segment,0.75,needs_review,497 Wilgda foom yẽbg tɩ f
c01fb10a23e2c49c,mos,,folktale,11,,,503 Wõbda bõe n kʋɩɩsd seere?,Que mange-t-on pour sécher le seere?,,,,,,,,,,,,https://mooreburkina.com/fr/contes-proverbes/proverbes-moor%C3%A9-vol-11,https://media.ipsapps.org/mos/ora/prv-v11/,apps/017df6d34e8e65c4/13-B013-001.html,adjacent_french_segment,0.75,needs_review,497 Wilgda foom yẽbg tɩ f
05c91899a6b80a38,mos,,folktale,13,,,"504 Yaa baas raaga, kõn kong gãglɩ.","C'est un marché de chiens, il n'y manque pas de bagarres.",,,,,,,,,,,,https://mooreburkina.com/fr/contes-proverbes/proverbes-moor%C3%A9-vol-11,https://media.ipsapps.org/mos/ora/prv-v11/,apps/017df6d34e8e65c4/13-B013-001.html,adjacent_french_segment,0.75,needs_review,497 Wilgda foom yẽbg tɩ f
6b59f8beba33f30b,mos,,folktale,16,,,506 Yaa pa sok yaoor n wʋrd moodo.,On n'a rien demandé à la termitière et on y arrache des herbes.,,,,,,,,,,,,https://mooreburkina.com/fr/contes-proverbes/proverbes-moor%C3%A9-vol-11,https://media.ipsapps.org/mos/ora/prv-v11/,apps/017df6d34e8e65c4/13-B013-001.html,adjacent_french_segment,0.75,needs_review,497 Wilgda foom yẽbg tɩ f
8f976314eed11f2c,mos,,folktale,18,,,507 Yaa pãb tãnpʋʋr n buk namse.,C'est taper le tas d'immondices et déterrer des scorpions.,,,,,,,,,,,,https://mooreburkina.com/fr/contes-proverbes/proverbes-moor%C3%A9-vol-11,https://media.ipsapps.org/mos/ora/prv-v11/,apps/017df6d34e8e65c4/13-B013-001.html,adjacent_french_segment,0.75,needs_review,497 Wilgda foom yẽbg tɩ f
fd2b5e5971f012d3,mos,,folktale,20,,,"508 Yaa pʋg-yãans zabre, sẽn denga tusg n tõe.","C'est une bagarre de vieilles femmes, la première à pousser est la plus forte.",,,,,,,,,,,,https://mooreburkina.com/fr/contes-proverbes/proverbes-moor%C3%A9-vol-11,https://media.ipsapps.org/mos/ora/prv-v11/,apps/017df6d34e8e65c4/13-B013-001.html,adjacent_french_segment,0.75,needs_review,497 Wilgda foom yẽbg tɩ f
b0ac0b329e642cf0,mos,,folktale,22,,,509 Yaa sugr n kae tɩ yel sãame.,C'est parce qu'il manque le pardon qu'une affaire est compromise.,,,,,,,,,,,,https://mooreburkina.com/fr/contes-proverbes/proverbes-moor%C3%A9-vol-11,https://media.ipsapps.org/mos/ora/prv-v11/,apps/017df6d34e8e65c4/13-B013-001.html,adjacent_french_segment,0.75,needs_review,497 Wilgda foom yẽbg tɩ f
feb7685a7a21b1af,mos,,folktale,24,,,510 Yaa yẽsg n gãe pʋg-yãanga.,C'est quand on flatte une vieille femme qu'on peut faire l'amour avec elle.,,,,,,,,,,,,https://mooreburkina.com/fr/contes-proverbes/proverbes-moor%C3%A9-vol-11,https://media.ipsapps.org/mos/ora/prv-v11/,apps/017df6d34e8e65c4/13-B013-001.html,adjacent_french_segment,0.75,needs_review,497 Wilgda foom yẽbg tɩ f
39376025569c2071,mos,,folktale,30,,,515 Yalem ma ka tɩgd-a n zem a sɩd ye.,La mère de l'idiote n'a pas assez d'elle que son mari.,,,,,,,,,,,,https://mooreburkina.com/fr/contes-proverbes/proverbes-moor%C3%A9-vol-11,https://media.ipsapps.org/mos/ora/prv-v11/,apps/017df6d34e8e65c4/13-B013-001.html,adjacent_french_segment,0.75,needs_review,497 Wilgda foom yẽbg tɩ f
de5867b84d297841,mos,,folktale,1,,,516 Yalem me tara zoa.,Un idiot a aussi un ami.,,,,,,,,,,,,https://mooreburkina.com/fr/contes-proverbes/proverbes-moor%C3%A9-vol-11,https://media.ipsapps.org/mos/ora/prv-v11/,apps/017df6d34e8e65c4/14-B014-001.html,adjacent_french_segment,0.75,needs_review,516 Yalem me tara zoa
54da33fe8284e655,mos,,folktale,3,,,517 Yalem n zãgsd zaamẽ toolle.,C'est l'idiot qui refuse une commission d'hier.,,,,,,,,,,,,https://mooreburkina.com/fr/contes-proverbes/proverbes-moor%C3%A9-vol-11,https://media.ipsapps.org/mos/ora/prv-v11/,apps/017df6d34e8e65c4/14-B014-001.html,adjacent_french_segment,0.75,needs_review,516 Yalem me tara zoa
c7b8e8bb0b48e848,mos,,folktale,5,,,518 Yalem nin pukr daar la b yẽt t' a lebga sõyã.,"Le jour où l'idiot devient malin, on dit qu'il est devenu sorcier.",,,,,,,,,,,,https://mooreburkina.com/fr/contes-proverbes/proverbes-moor%C3%A9-vol-11,https://media.ipsapps.org/mos/ora/prv-v11/,apps/017df6d34e8e65c4/14-B014-001.html,adjacent_french_segment,0.75,needs_review,516 Yalem me tara zoa
57e08da974520edc,mos,,folktale,7,,,519 Yalem nodr nigd pak t'a yet tɩ maagame.,La plaie de l'idiot est couverte de croûte et il dit qu'elle est guérie.,,,,,,,,,,,,https://mooreburkina.com/fr/contes-proverbes/proverbes-moor%C3%A9-vol-11,https://media.ipsapps.org/mos/ora/prv-v11/,apps/017df6d34e8e65c4/14-B014-001.html,adjacent_french_segment,0.75,needs_review,516 Yalem me tara zoa
9db5bd3df77e2d9c,mos,,folktale,9,,,520 Yalem rogem toaama.,Il est difficile de mettre un idiot au monde.,,,,,,,,,,,,https://mooreburkina.com/fr/contes-proverbes/proverbes-moor%C3%A9-vol-11,https://media.ipsapps.org/mos/ora/prv-v11/,apps/017df6d34e8e65c4/14-B014-001.html,adjacent_french_segment,0.75,needs_review,516 Yalem me tara zoa
2e24836da8d86591,mos,,folktale,12,,,522 Yam n zãad põoga.,Il faut être malin pour entretenir une hernie.,,,,,,,,,,,,https://mooreburkina.com/fr/contes-proverbes/proverbes-moor%C3%A9-vol-11,https://media.ipsapps.org/mos/ora/prv-v11/,apps/017df6d34e8e65c4/14-B014-001.html,adjacent_french_segment,0.75,needs_review,516 Yalem me tara zoa
098d867c4a273665,mos,,folktale,15,,,524 Yam rɩkda zoa yiri.,C'est chez un ami qu'on apprend à être malin.,,,,,,,,,,,,https://mooreburkina.com/fr/contes-proverbes/proverbes-moor%C3%A9-vol-11,https://media.ipsapps.org/mos/ora/prv-v11/,apps/017df6d34e8e65c4/14-B014-001.html,adjacent_french_segment,0.75,needs_review,516 Yalem me tara zoa
5474a5db9b3dc094,mos,,folktale,17,,,"525 Yam yaa yir bũmb, la a ka sekd b zãng ye.",L'intelligence est une chose de la maison mais elle ne suffit pas à tout le monde.,,,,,,,,,,,,https://mooreburkina.com/fr/contes-proverbes/proverbes-moor%C3%A9-vol-11,https://media.ipsapps.org/mos/ora/prv-v11/,apps/017df6d34e8e65c4/14-B014-001.html,adjacent_french_segment,0.75,needs_review,516 Yalem me tara zoa
44a8250cb036c4f9,mos,,folktale,19,,,"526 Yam yaa yubla, a wẽesdame.","La malice est comme un cou, elle tourne.",,,,,,,,,,,,https://mooreburkina.com/fr/contes-proverbes/proverbes-moor%C3%A9-vol-11,https://media.ipsapps.org/mos/ora/prv-v11/,apps/017df6d34e8e65c4/14-B014-001.html,adjacent_french_segment,0.75,needs_review,516 Yalem me tara zoa
4ed55b7bd8866d3e,mos,,folktale,24,,,530 Yarg ka rigd a to bõang t'a bẽnd kedg ye.,Le yarga ne pourchasse pas l'âne d'un autre en laissant tomber son cache-sexe.,,,,,,,,,,,,https://mooreburkina.com/fr/contes-proverbes/proverbes-moor%C3%A9-vol-11,https://media.ipsapps.org/mos/ora/prv-v11/,apps/017df6d34e8e65c4/14-B014-001.html,adjacent_french_segment,0.75,needs_review,516 Yalem me tara zoa
8df18a8cc763ce39,mos,,folktale,6,,,"536 Yeelame tɩ f wa rɩ sagbo, pa yet tɩ f wa sõd pagb ye.",On a dit de venir manger du tô et non de venir compter des femmes.,,,,,,,,,,,,https://mooreburkina.com/fr/contes-proverbes/proverbes-moor%C3%A9-vol-11,https://media.ipsapps.org/mos/ora/prv-v11/,apps/017df6d34e8e65c4/15-B015-001.html,adjacent_french_segment,0.75,needs_review,531 Yã-zĩig rʋʋdem n wukd
5d333cd24ab530cd,mos,,folktale,9,,,538 Yel-bi soab n pʋt baag yʋʋre.,C'est l'homme querelleur qui donne un nom à un chien.,,,,,,,,,,,,https://mooreburkina.com/fr/contes-proverbes/proverbes-moor%C3%A9-vol-11,https://media.ipsapps.org/mos/ora/prv-v11/,apps/017df6d34e8e65c4/15-B015-001.html,adjacent_french_segment,0.75,needs_review,531 Yã-zĩig rʋʋdem n wukd
c938a9502471a3b0,mos,,folktale,11,,,539 Yel-bũn wẽng pa basd a soab ye.,Un mauvais proverbe ne laisse pas son propriétaires.,,,,,,,,,,,,https://mooreburkina.com/fr/contes-proverbes/proverbes-moor%C3%A9-vol-11,https://media.ipsapps.org/mos/ora/prv-v11/,apps/017df6d34e8e65c4/15-B015-001.html,adjacent_french_segment,0.75,needs_review,531 Yã-zĩig rʋʋdem n wukd
12dbd5f4bf80645c,mos,,folktale,13,,,540 Yel-pa-rẽegd tãp rella zaanga.,L'arc du téméraire est posé contre l'acacia albida.,,,,,,,,,,,,https://mooreburkina.com/fr/contes-proverbes/proverbes-moor%C3%A9-vol-11,https://media.ipsapps.org/mos/ora/prv-v11/,apps/017df6d34e8e65c4/15-B015-001.html,adjacent_french_segment,0.75,needs_review,531 Yã-zĩig rʋʋdem n wukd
b3aac7c9999451bb,mos,,folktale,17,,,543 Yell bee pʋgẽ n be neere.,Les faits sont beaux tant qu'ils restent voilés.,,,,,,,,,,,,https://mooreburkina.com/fr/contes-proverbes/proverbes-moor%C3%A9-vol-11,https://media.ipsapps.org/mos/ora/prv-v11/,apps/017df6d34e8e65c4/15-B015-001.html,adjacent_french_segment,0.75,needs_review,531 Yã-zĩig rʋʋdem n wukd
41b88ea488ce9aef,mos,,folktale,22,,,547 Yell sã n sãame a pa yãa leokda.,"Si une affaire est gâtée, c'est qu'elle n'a pas eu quelqu'un pour y répondre.",,,,,,,,,,,,https://mooreburkina.com/fr/contes-proverbes/proverbes-moor%C3%A9-vol-11,https://media.ipsapps.org/mos/ora/prv-v11/,apps/017df6d34e8e65c4/15-B015-001.html,adjacent_french_segment,0.75,needs_review,531 Yã-zĩig rʋʋdem n wukd
4d6d158d9f75f708,mos,,folktale,4,,,551 Yet tɩ f na n rɩk ned t'a yet t'a yẽdg yaa bĩndu.,Dire que tu vas prendre quelqu'un et il se plaint que son derrière sent.,,,,,,,,,,,,https://mooreburkina.com/fr/contes-proverbes/proverbes-moor%C3%A9-vol-11,https://media.ipsapps.org/mos/ora/prv-v11/,apps/017df6d34e8e65c4/16-B016-001.html,adjacent_french_segment,0.75,needs_review,548 Yell sã n yaa sɩda
ce78daea669f3626,mos,,folktale,6,,,552 Yẽbg wẽnem sɩnga a yãadmẽ.,La méchanceté du crocodile a commencé à son enfance.,,,,,,,,,,,,https://mooreburkina.com/fr/contes-proverbes/proverbes-moor%C3%A9-vol-11,https://media.ipsapps.org/mos/ora/prv-v11/,apps/017df6d34e8e65c4/16-B016-001.html,adjacent_french_segment,0.75,needs_review,548 Yell sã n yaa sɩda
9325f40f1ba7744c,mos,,folktale,10,,,555 Yẽnd sã n yaa a ye bɩ a yɩ pẽelga.,"Même s'il n'y a qu'une seule dent, qu'elle soit blanche au moins.",,,,,,,,,,,,https://mooreburkina.com/fr/contes-proverbes/proverbes-moor%C3%A9-vol-11,https://media.ipsapps.org/mos/ora/prv-v11/,apps/017df6d34e8e65c4/16-B016-001.html,adjacent_french_segment,0.75,needs_review,548 Yell sã n yaa sɩda
479fe6832d1fd43c,mos,,folktale,13,,,557 Yẽsd zɩ tɩ kẽlgd me tara yam ye.,Celui qui parle ignore que celui qui écoute est malin.,,,,,,,,,,,,https://mooreburkina.com/fr/contes-proverbes/proverbes-moor%C3%A9-vol-11,https://media.ipsapps.org/mos/ora/prv-v11/,apps/017df6d34e8e65c4/16-B016-001.html,adjacent_french_segment,0.75,needs_review,548 Yell sã n yaa sɩda
b55aea4fdcafa33b,mos,,folktale,15,,,558 Yiis-a wagdmẽ t'a leb kor-wẽbsgẽ.,On le sort du vol et il commence à tâter les portemonnaies.,,,,,,,,,,,,https://mooreburkina.com/fr/contes-proverbes/proverbes-moor%C3%A9-vol-11,https://media.ipsapps.org/mos/ora/prv-v11/,apps/017df6d34e8e65c4/16-B016-001.html,adjacent_french_segment,0.75,needs_review,548 Yell sã n yaa sɩda
0ba02f3b649ef47b,mos,,folktale,17,,,559 Yik pĩnd n tõe kẽna.,C'est se lever tôt qui permet d'arriver tôt.,,,,,,,,,,,,https://mooreburkina.com/fr/contes-proverbes/proverbes-moor%C3%A9-vol-11,https://media.ipsapps.org/mos/ora/prv-v11/,apps/017df6d34e8e65c4/16-B016-001.html,adjacent_french_segment,0.75,needs_review,548 Yell sã n yaa sɩda
436b521ef96674a5,mos,,folktale,19,,,560 Yik pĩnd são kẽn vẽr-vẽre.,Se lever tôt vaut mieux qu'une marche rapide.,,,,,,,,,,,,https://mooreburkina.com/fr/contes-proverbes/proverbes-moor%C3%A9-vol-11,https://media.ipsapps.org/mos/ora/prv-v11/,apps/017df6d34e8e65c4/16-B016-001.html,adjacent_french_segment,0.75,needs_review,548 Yell sã n yaa sɩda
62b3f7fd2335291a,mos,,folktale,1,,,562 Yirs boond taab tɩ koaaba.,Les étourdis s'appellent des cardinales.,,,,,,,,,,,,https://mooreburkina.com/fr/contes-proverbes/proverbes-moor%C3%A9-vol-11,https://media.ipsapps.org/mos/ora/prv-v11/,apps/017df6d34e8e65c4/17-B017-001.html,adjacent_french_segment,0.75,needs_review,562 Yirs boond taab tɩ
e4f0aff0aa896139,mos,,folktale,3,,,"563 Yɩɩd yãnd ka be ye, ra bao yãnd n be.","Nul n'est au-dessus de la honte, mieux vaut ne pas la chercher.",,,,,,,,,,,,https://mooreburkina.com/fr/contes-proverbes/proverbes-moor%C3%A9-vol-11,https://media.ipsapps.org/mos/ora/prv-v11/,apps/017df6d34e8e65c4/17-B017-001.html,adjacent_french_segment,0.75,needs_review,562 Yirs boond taab tɩ
adf7e11ec770e74a,mos,,folktale,5,,,564 Yol-vɩʋʋg pa yas ye.,Un sac vide ne s'arrête pas.,,,,,,,,,,,,https://mooreburkina.com/fr/contes-proverbes/proverbes-moor%C3%A9-vol-11,https://media.ipsapps.org/mos/ora/prv-v11/,apps/017df6d34e8e65c4/17-B017-001.html,adjacent_french_segment,0.75,needs_review,562 Yirs boond taab tɩ
19d3a212cd9ff42c,mos,,folktale,7,,,"565 Yoor sã n wa nob n yɩɩd gere, yaa bãaga.","Lorsque la verge grossit plus que la cuisse, c'est le début de la maladie.",,,,,,,,,,,,https://mooreburkina.com/fr/contes-proverbes/proverbes-moor%C3%A9-vol-11,https://media.ipsapps.org/mos/ora/prv-v11/,apps/017df6d34e8e65c4/17-B017-001.html,adjacent_french_segment,0.75,needs_review,562 Yirs boond taab tɩ
dfc3673073df644e,mos,,folktale,9,,,566 Yoor sũ-noog la kom-peels kʋʋm yʋʋmde.,"L'année où les nouveau-nés meurent, le pénis est content.",,,,,,,,,,,,https://mooreburkina.com/fr/contes-proverbes/proverbes-moor%C3%A9-vol-11,https://media.ipsapps.org/mos/ora/prv-v11/,apps/017df6d34e8e65c4/17-B017-001.html,adjacent_french_segment,0.75,needs_review,562 Yirs boond taab tɩ
ad5bb9df547a7493,mos,,folktale,12,,,568 Yõk-y zõang me bee walma.,Attrapez un aveugle ne se chuchote pas.,,,,,,,,,,,,https://mooreburkina.com/fr/contes-proverbes/proverbes-moor%C3%A9-vol-11,https://media.ipsapps.org/mos/ora/prv-v11/,apps/017df6d34e8e65c4/17-B017-001.html,adjacent_french_segment,0.75,needs_review,562 Yirs boond taab tɩ
097c14b6ff88f757,mos,,folktale,15,,,570 Yõngr wẽe a biig pẽk t'a na n yɩɩ wagdre.,"La souris a giflé son petit, pour la raison qu'il l'espère de devenir voleur.",,,,,,,,,,,,https://mooreburkina.com/fr/contes-proverbes/proverbes-moor%C3%A9-vol-11,https://media.ipsapps.org/mos/ora/prv-v11/,apps/017df6d34e8e65c4/17-B017-001.html,adjacent_french_segment,0.75,needs_review,562 Yirs boond taab tɩ
f9c0d80bb5b8d169,mos,,folktale,17,,,"571 Yõor sã n kaoose, a soab n bãng a talgo.","Si un nez dure, son propriétaire a su l'entretenir.",,,,,,,,,,,,https://mooreburkina.com/fr/contes-proverbes/proverbes-moor%C3%A9-vol-11,https://media.ipsapps.org/mos/ora/prv-v11/,apps/017df6d34e8e65c4/17-B017-001.html,adjacent_french_segment,0.75,needs_review,562 Yirs boond taab tɩ
0adbb15f936b41b6,mos,,folktale,19,,,572 Yõor yaa gẽla.,"Tant qu'il y a la vie, il y a des œufs.",,,,,,,,,,,,https://mooreburkina.com/fr/contes-proverbes/proverbes-moor%C3%A9-vol-11,https://media.ipsapps.org/mos/ora/prv-v11/,apps/017df6d34e8e65c4/17-B017-001.html,adjacent_french_segment,0.75,needs_review,562 Yirs boond taab tɩ
887e9b5ea0c9c42d,mos,,folktale,23,,,"575 Yũug sã n gʋs noaaga, a na tẽg nemdo.","Si le chat déplume un poulet, il aura le ventre plein de viande.",,,,,,,,,,,,https://mooreburkina.com/fr/contes-proverbes/proverbes-moor%C3%A9-vol-11,https://media.ipsapps.org/mos/ora/prv-v11/,apps/017df6d34e8e65c4/17-B017-001.html,adjacent_french_segment,0.75,needs_review,562 Yirs boond taab tɩ
762ce0c427b96d8d,mos,,folktale,1,,,"576 Yũug sã n pa be yiri, yõns panemda gemgondo.","Si le chat n'est pas à la maison, les souris se tressent.",,,,,,,,,,,,https://mooreburkina.com/fr/contes-proverbes/proverbes-moor%C3%A9-vol-11,https://media.ipsapps.org/mos/ora/prv-v11/,apps/017df6d34e8e65c4/18-B018-001.html,adjacent_french_segment,0.75,needs_review,576 Yũug sã n pa be yiri
bded1ffef9347598,mos,,folktale,3,,,577 Yũug tar pʋg pa belg yõngr biig ye.,"On ne flatte pas le petit de la souris avec une chatte, même en grossesse.",,,,,,,,,,,,https://mooreburkina.com/fr/contes-proverbes/proverbes-moor%C3%A9-vol-11,https://media.ipsapps.org/mos/ora/prv-v11/,apps/017df6d34e8e65c4/18-B018-001.html,adjacent_french_segment,0.75,needs_review,576 Yũug sã n pa be yiri
697d2b0a1cbeb39d,mos,,folktale,5,,,"578 Yʋʋr sã n wã f zugẽ, bɩ f so a koom.","Si un canari d'eau se casse sur ta tête, il faut te laver de son eau.",,,,,,,,,,,,https://mooreburkina.com/fr/contes-proverbes/proverbes-moor%C3%A9-vol-11,https://media.ipsapps.org/mos/ora/prv-v11/,apps/017df6d34e8e65c4/18-B018-001.html,adjacent_french_segment,0.75,needs_review,576 Yũug sã n pa be yiri
7c6d8c477d18340e,mos,,folktale,7,,,"579 Yʋgemd poor sẽn mode, tɩ b tɩ wedgd bõanga.",Le dos du chameau qui s'est enflé et on va inciser celui de l'âne.,,,,,,,,,,,,https://mooreburkina.com/fr/contes-proverbes/proverbes-moor%C3%A9-vol-11,https://media.ipsapps.org/mos/ora/prv-v11/,apps/017df6d34e8e65c4/18-B018-001.html,adjacent_french_segment,0.75,needs_review,576 Yũug sã n pa be yiri
484251aed06ce66e,mos,,folktale,9,,,580 Yʋng na yɩ neer bãngda zĩã-sobdo.,La nuit sera bien se sait au crépuscule.,,,,,,,,,,,,https://mooreburkina.com/fr/contes-proverbes/proverbes-moor%C3%A9-vol-11,https://media.ipsapps.org/mos/ora/prv-v11/,apps/017df6d34e8e65c4/18-B018-001.html,adjacent_french_segment,0.75,needs_review,576 Yũug sã n pa be yiri
959e7d21217bec74,mos,,folktale,11,,,581 Yʋng noaag ka sãoor ye.,Le poulet de la nuit n'a pas de foie.,,,,,,,,,,,,https://mooreburkina.com/fr/contes-proverbes/proverbes-moor%C3%A9-vol-11,https://media.ipsapps.org/mos/ora/prv-v11/,apps/017df6d34e8e65c4/18-B018-001.html,adjacent_french_segment,0.75,needs_review,576 Yũug sã n pa be yiri
819064b657e556a7,mos,,folktale,13,,,582 Yʋy a yiib pa tʋkd ne zug a yembr ye.,Deux canaris ne se portent pas sur une seule tête.,,,,,,,,,,,,https://mooreburkina.com/fr/contes-proverbes/proverbes-moor%C3%A9-vol-11,https://media.ipsapps.org/mos/ora/prv-v11/,apps/017df6d34e8e65c4/18-B018-001.html,adjacent_french_segment,0.75,needs_review,576 Yũug sã n pa be yiri
6b375b9c81f1501c,mos,,folktale,15,,,"583 Yʋɩ pa wã, yʋɩ pa raad ye.","Si des canaris ne se cassent pas, ils ne se vendent pas.",,,,,,,,,,,,https://mooreburkina.com/fr/contes-proverbes/proverbes-moor%C3%A9-vol-11,https://media.ipsapps.org/mos/ora/prv-v11/,apps/017df6d34e8e65c4/18-B018-001.html,adjacent_french_segment,0.75,needs_review,576 Yũug sã n pa be yiri
0b9e1472f0044dcb,mos,,folktale,17,,,584 Zaamẽ ne beoog pa pʋʋsd ne zɛ-nif ye.,Dire merci pour un service rendu n'est pas gênant.,,,,,,,,,,,,https://mooreburkina.com/fr/contes-proverbes/proverbes-moor%C3%A9-vol-11,https://media.ipsapps.org/mos/ora/prv-v11/,apps/017df6d34e8e65c4/18-B018-001.html,adjacent_french_segment,0.75,needs_review,576 Yũug sã n pa be yiri
1af9812d1855eb03,mos,,folktale,19,,,585 Zaamẽ pʋʋsg yaa f bãng tɩ kũun taa a soaba.,Les salutations d'hier c'est que tu saches que le cadeau est arrivé à son propriétaire.,,,,,,,,,,,,https://mooreburkina.com/fr/contes-proverbes/proverbes-moor%C3%A9-vol-11,https://media.ipsapps.org/mos/ora/prv-v11/,apps/017df6d34e8e65c4/18-B018-001.html,adjacent_french_segment,0.75,needs_review,576 Yũug sã n pa be yiri
7ce02f025a9d920e,mos,,folktale,21,,,586 Zaamẽ saag looga ne a waoodo.,La pluie d'hier est partie avec son froid.,,,,,,,,,,,,https://mooreburkina.com/fr/contes-proverbes/proverbes-moor%C3%A9-vol-11,https://media.ipsapps.org/mos/ora/prv-v11/,apps/017df6d34e8e65c4/18-B018-001.html,adjacent_french_segment,0.75,needs_review,576 Yũug sã n pa be yiri
529f36b84cb162b2,mos,,folktale,24,,,"588 Zabr sã n na n wʋm-fo, paasdb lʋɩtame.","Si une bagarre va te chauffer, ceux qui doivent séparer tombent.",,,,,,,,,,,,https://mooreburkina.com/fr/contes-proverbes/proverbes-moor%C3%A9-vol-11,https://media.ipsapps.org/mos/ora/prv-v11/,apps/017df6d34e8e65c4/18-B018-001.html,adjacent_french_segment,0.75,needs_review,576 Yũug sã n pa be yiri
86d1f95e693db2c8,mos,,folktale,26,,,589 Zak-soab la kasma.,C'est le chef de concession qui est le doyen.,,,,,,,,,,,,https://mooreburkina.com/fr/contes-proverbes/proverbes-moor%C3%A9-vol-11,https://media.ipsapps.org/mos/ora/prv-v11/,apps/017df6d34e8e65c4/18-B018-001.html,adjacent_french_segment,0.75,needs_review,576 Yũug sã n pa be yiri
d14a56a7d3579506,mos,,folktale,28,,,"590 Zakẽ baag sã n pa yi ne kõbre, yɩng baag pa paamd ye.",Si le chien de la maison ne sort pas avec l'os celui du dehors ne peut l'avoir.,,,,,,,,,,,,https://mooreburkina.com/fr/contes-proverbes/proverbes-moor%C3%A9-vol-11,https://media.ipsapps.org/mos/ora/prv-v11/,apps/017df6d34e8e65c4/18-B018-001.html,adjacent_french_segment,0.75,needs_review,576 Yũug sã n pa be yiri
6519da87ca84092f,mos,,folktale,1,,,591 Zap biig kẽnda ne naood-zagdo.,L'enfant du cordonnier est toujours mal chaussé.,,,,,,,,,,,,https://mooreburkina.com/fr/contes-proverbes/proverbes-moor%C3%A9-vol-11,https://media.ipsapps.org/mos/ora/prv-v11/,apps/017df6d34e8e65c4/19-B019-001.html,adjacent_french_segment,0.75,needs_review,591 Zap biig kẽnda ne
eb765f5061e3a40a,mos,,folktale,3,,,592 Zãmb noaag pa wekd ye.,Bien mal acquis ne profite jamais.,,,,,,,,,,,,https://mooreburkina.com/fr/contes-proverbes/proverbes-moor%C3%A9-vol-11,https://media.ipsapps.org/mos/ora/prv-v11/,apps/017df6d34e8e65c4/19-B019-001.html,adjacent_french_segment,0.75,needs_review,591 Zap biig kẽnda ne
fec9792daf08142d,mos,,folktale,5,,,593 Zãmsd ka yam la a soab be yam.,"Les rêves ne sont pas intelligibles, mais le rêveur lui, est avisé.",,,,,,,,,,,,https://mooreburkina.com/fr/contes-proverbes/proverbes-moor%C3%A9-vol-11,https://media.ipsapps.org/mos/ora/prv-v11/,apps/017df6d34e8e65c4/19-B019-001.html,adjacent_french_segment,0.75,needs_review,591 Zap biig kẽnda ne
33a9098490089c94,mos,,folktale,8,,,595 Zẽem noom bʋʋg bɩ a yũ.,Si la chèvre aime la potasse qu'elle la boive.,,,,,,,,,,,,https://mooreburkina.com/fr/contes-proverbes/proverbes-moor%C3%A9-vol-11,https://media.ipsapps.org/mos/ora/prv-v11/,apps/017df6d34e8e65c4/19-B019-001.html,adjacent_french_segment,0.75,needs_review,591 Zap biig kẽnda ne
e4b3bfb6e478e9d6,mos,,folktale,10,,,596 Zig bil kõn yẽes bãn-kẽes ye.,Un petit clitoris n'effraie pas l'exciseuse.,,,,,,,,,,,,https://mooreburkina.com/fr/contes-proverbes/proverbes-moor%C3%A9-vol-11,https://media.ipsapps.org/mos/ora/prv-v11/,apps/017df6d34e8e65c4/19-B019-001.html,adjacent_french_segment,0.75,needs_review,591 Zap biig kẽnda ne
28d0364aca9615b9,mos,,folktale,12,,,597 Zig-wãad biig kiida ne zigri.,La fille de l'exciseuse meurt avec un clitoris.,,,,,,,,,,,,https://mooreburkina.com/fr/contes-proverbes/proverbes-moor%C3%A9-vol-11,https://media.ipsapps.org/mos/ora/prv-v11/,apps/017df6d34e8e65c4/19-B019-001.html,adjacent_french_segment,0.75,needs_review,591 Zap biig kẽnda ne
3594185e062ff53e,mos,,folktale,14,,,"598 Ziif sã n yi koomẽ n wa yeel tɩ yẽbg nin n zabde, ned pa tõe n kɩɩs ye.","Si un poisson sort de l'eau et dit que le crocodile a mal aux yeux, personne ne peut nier.",,,,,,,,,,,,https://mooreburkina.com/fr/contes-proverbes/proverbes-moor%C3%A9-vol-11,https://media.ipsapps.org/mos/ora/prv-v11/,apps/017df6d34e8e65c4/19-B019-001.html,adjacent_french_segment,0.75,needs_review,591 Zap biig kẽnda ne
5065565ad7d175f8,mos,,folktale,17,,,"600 Ziri sã n tũud sore, sɩd baooda moogo.","Si le mensonge suit le chemin, la vérité cherche dans l'herbe.",,,,,,,,,,,,https://mooreburkina.com/fr/contes-proverbes/proverbes-moor%C3%A9-vol-11,https://media.ipsapps.org/mos/ora/prv-v11/,apps/017df6d34e8e65c4/19-B019-001.html,adjacent_french_segment,0.75,needs_review,591 Zap biig kẽnda ne
13ffdd565b72f5e2,mos,,folktale,19,,,601 Zĩ yembr soab kʋʋda baag n mɛ a rɛɛmba.,"Celui qui ne fréquente personne, tuera un chien pour honorer son gendre.",,,,,,,,,,,,https://mooreburkina.com/fr/contes-proverbes/proverbes-moor%C3%A9-vol-11,https://media.ipsapps.org/mos/ora/prv-v11/,apps/017df6d34e8e65c4/19-B019-001.html,adjacent_french_segment,0.75,needs_review,591 Zap biig kẽnda ne
654ea740f87c8bc5,mos,,folktale,21,,,602 Zĩ-tẽng n mi maoore.,Celui qui est assis sait mieux comment se défendre.,,,,,,,,,,,,https://mooreburkina.com/fr/contes-proverbes/proverbes-moor%C3%A9-vol-11,https://media.ipsapps.org/mos/ora/prv-v11/,apps/017df6d34e8e65c4/19-B019-001.html,adjacent_french_segment,0.75,needs_review,591 Zap biig kẽnda ne
199bbdfcd10bed53,mos,,folktale,23,,,603 Zoa-sõng são ma-biiga.,Un bon ami vaut mieux qu'un frère.,,,,,,,,,,,,https://mooreburkina.com/fr/contes-proverbes/proverbes-moor%C3%A9-vol-11,https://media.ipsapps.org/mos/ora/prv-v11/,apps/017df6d34e8e65c4/19-B019-001.html,adjacent_french_segment,0.75,needs_review,591 Zap biig kẽnda ne
0c54d6ec6a18095b,mos,,folktale,25,,,604 Zɛ bĩnd n tɩ kẽ yẽd-nifẽ.,Fuir les excréments et aller rentrer dans un anus.,,,,,,,,,,,,https://mooreburkina.com/fr/contes-proverbes/proverbes-moor%C3%A9-vol-11,https://media.ipsapps.org/mos/ora/prv-v11/,apps/017df6d34e8e65c4/19-B019-001.html,adjacent_french_segment,0.75,needs_review,591 Zap biig kẽnda ne
550b78104f15e0ea,mos,,folktale,1,,,605 Zɛ-nif ka be ne wãoor da tʋm m laagẽ ye.,Il n'y a pas de gêne à dire à un lépreux de ne pas puiser dans son plat.,,,,,,,,,,,,https://mooreburkina.com/fr/contes-proverbes/proverbes-moor%C3%A9-vol-11,https://media.ipsapps.org/mos/ora/prv-v11/,apps/017df6d34e8e65c4/20-B020-001.html,adjacent_french_segment,0.75,needs_review,605 Zɛ-nif ka be ne wãoor
8e330070456c4f7f,mos,,folktale,3,,,606 Zoɛɛs ne zageng pa naagd taab ye.,La course et les démangeaisons ne se mélangent pas.,,,,,,,,,,,,https://mooreburkina.com/fr/contes-proverbes/proverbes-moor%C3%A9-vol-11,https://media.ipsapps.org/mos/ora/prv-v11/,apps/017df6d34e8e65c4/20-B020-001.html,adjacent_french_segment,0.75,needs_review,605 Zɛ-nif ka be ne wãoor
1160cfc416340623,mos,,folktale,5,,,"607 Zoet n wẽensdẽ pa rabeem ye, yaa gũusgu.","Courir et regarder à gauche et à droite n'est pas la peur, c'est faire attention.",,,,,,,,,,,,https://mooreburkina.com/fr/contes-proverbes/proverbes-moor%C3%A9-vol-11,https://media.ipsapps.org/mos/ora/prv-v11/,apps/017df6d34e8e65c4/20-B020-001.html,adjacent_french_segment,0.75,needs_review,605 Zɛ-nif ka be ne wãoor
1f87809bdd05682d,mos,,folktale,7,,,608 Zom pid noor tõt mogbo.,La bouche est pleine de farine qui refuse d'être sucé.,,,,,,,,,,,,https://mooreburkina.com/fr/contes-proverbes/proverbes-moor%C3%A9-vol-11,https://media.ipsapps.org/mos/ora/prv-v11/,apps/017df6d34e8e65c4/20-B020-001.html,adjacent_french_segment,0.75,needs_review,605 Zɛ-nif ka be ne wãoor
3f2edde2f55cca78,mos,,folktale,9,,,609 Zõang land ka tabd noor a yiib ye.,"Le sexe de l'aveugle se piétine une seule fois, la deuxième fois, même s'il ne voit pas, il tire sa chose et change de place.",,,,,,,,,,,,https://mooreburkina.com/fr/contes-proverbes/proverbes-moor%C3%A9-vol-11,https://media.ipsapps.org/mos/ora/prv-v11/,apps/017df6d34e8e65c4/20-B020-001.html,adjacent_french_segment,0.75,needs_review,605 Zɛ-nif ka be ne wãoor
ca0a690451ee38e6,mos,,folktale,11,,,610 Zõang pa gãeeng me a mi tus n lubi.,"Même si l'aveugle n'est pas fou, il connaît pousser tomber.",,,,,,,,,,,,https://mooreburkina.com/fr/contes-proverbes/proverbes-moor%C3%A9-vol-11,https://media.ipsapps.org/mos/ora/prv-v11/,apps/017df6d34e8e65c4/20-B020-001.html,adjacent_french_segment,0.75,needs_review,605 Zɛ-nif ka be ne wãoor
6d4bb8acafc45f29,mos,,folktale,13,,,611 Zõang pa wẽend t'a tat pa wẽen ye.,L'aveugle ne jure pas avant son guide.,,,,,,,,,,,,https://mooreburkina.com/fr/contes-proverbes/proverbes-moor%C3%A9-vol-11,https://media.ipsapps.org/mos/ora/prv-v11/,apps/017df6d34e8e65c4/20-B020-001.html,adjacent_french_segment,0.75,needs_review,605 Zɛ-nif ka be ne wãoor
aa4eaa84010fb244,mos,,folktale,15,,,"612 Zõang paam tẽta, bɩ a zẽk a naoore.","Si un aveugle gagne un guide, qu'il se dépêche.",,,,,,,,,,,,https://mooreburkina.com/fr/contes-proverbes/proverbes-moor%C3%A9-vol-11,https://media.ipsapps.org/mos/ora/prv-v11/,apps/017df6d34e8e65c4/20-B020-001.html,adjacent_french_segment,0.75,needs_review,605 Zɛ-nif ka be ne wãoor
d157636f446d07f1,mos,,folktale,17,,,613 Zõang rata bõe tɩ ka nini.,De quoi a besoin un aveugle si ce n'est des yeux?,,,,,,,,,,,,https://mooreburkina.com/fr/contes-proverbes/proverbes-moor%C3%A9-vol-11,https://media.ipsapps.org/mos/ora/prv-v11/,apps/017df6d34e8e65c4/20-B020-001.html,adjacent_french_segment,0.75,needs_review,605 Zɛ-nif ka be ne wãoor
ab3c02c31bc4645e,mos,,folktale,19,,,614 Zõang sã n paam a roog meeb bɩ a pʋʋs nin dãmb a zaamẽ.,Si un aveugle gagne la construction de sa case qu'il remercie les voyants.,,,,,,,,,,,,https://mooreburkina.com/fr/contes-proverbes/proverbes-moor%C3%A9-vol-11,https://media.ipsapps.org/mos/ora/prv-v11/,apps/017df6d34e8e65c4/20-B020-001.html,adjacent_french_segment,0.75,needs_review,605 Zɛ-nif ka be ne wãoor
d926547bc7d37413,mos,,folktale,21,,,615 Zõang sã n paam a sugr pilb bɩ a pʋʋs nin dãmb a zaamẽ.,Si un aveugle gagne qu'on couvre son toit qu'il remercie les voyants.,,,,,,,,,,,,https://mooreburkina.com/fr/contes-proverbes/proverbes-moor%C3%A9-vol-11,https://media.ipsapps.org/mos/ora/prv-v11/,apps/017df6d34e8e65c4/20-B020-001.html,adjacent_french_segment,0.75,needs_review,605 Zɛ-nif ka be ne wãoor
fe19d91bf9f5e9e7,mos,,folktale,23,,,616 Zõang sã n paam a yãgr mẽeb bɩ a pʋʋs nin-dãmb a zaamẽ.,Si un aveugle gagne la construction de sa haie qu'il remercie les voyants.,,,,,,,,,,,,https://mooreburkina.com/fr/contes-proverbes/proverbes-moor%C3%A9-vol-11,https://media.ipsapps.org/mos/ora/prv-v11/,apps/017df6d34e8e65c4/20-B020-001.html,adjacent_french_segment,0.75,needs_review,605 Zɛ-nif ka be ne wãoor
1c4c1637406951f4,mos,,folktale,26,,,618 Zõang yoor tabda vugri.,On ne piétine le sexe de l'aveugle qu'une fois.,,,,,,,,,,,,https://mooreburkina.com/fr/contes-proverbes/proverbes-moor%C3%A9-vol-11,https://media.ipsapps.org/mos/ora/prv-v11/,apps/017df6d34e8e65c4/20-B020-001.html,adjacent_french_segment,0.75,needs_review,605 Zɛ-nif ka be ne wãoor
ab47ab2cf3ee0591,mos,,folktale,28,,,619 Zõang yõkda a biig nug sag laagẽ.,L'aveugle attrape la main de son enfant dans le plat de tô.,,,,,,,,,,,,https://mooreburkina.com/fr/contes-proverbes/proverbes-moor%C3%A9-vol-11,https://media.ipsapps.org/mos/ora/prv-v11/,apps/017df6d34e8e65c4/20-B020-001.html,adjacent_french_segment,0.75,needs_review,605 Zɛ-nif ka be ne wãoor
f6ad16972798e04e,mos,,folktale,1,,,620 Zõang zĩ wa a zug pa na n tã lals ye.,L'aveugle est assis comme si sa tête n'allait pas cogner les murs.,,,,,,,,,,,,https://mooreburkina.com/fr/contes-proverbes/proverbes-moor%C3%A9-vol-11,https://media.ipsapps.org/mos/ora/prv-v11/,apps/017df6d34e8e65c4/21-B021-001.html,adjacent_french_segment,0.75,needs_review,620 Zõang zĩ wa a zug pa
cebf26fdd75e325e,mos,,folktale,3,,,"621 Zõees sʋka, nin-feoog yaa naaba.",Au milieu des aveugles le borgne est roi.,,,,,,,,,,,,https://mooreburkina.com/fr/contes-proverbes/proverbes-moor%C3%A9-vol-11,https://media.ipsapps.org/mos/ora/prv-v11/,apps/017df6d34e8e65c4/21-B021-001.html,adjacent_french_segment,0.75,needs_review,620 Zõang zĩ wa a zug pa
7675d6dd4c21eb2f,mos,,folktale,5,,,622 Zõond wẽng soab sã n zõond bɩ lɩk wẽng soab ra lɩk ye.,Si celui qui se courbe mal se courbe que celui qui regarde mal ne regarde pas.,,,,,,,,,,,,https://mooreburkina.com/fr/contes-proverbes/proverbes-moor%C3%A9-vol-11,https://media.ipsapps.org/mos/ora/prv-v11/,apps/017df6d34e8e65c4/21-B021-001.html,adjacent_french_segment,0.75,needs_review,620 Zõang zĩ wa a zug pa
6eb6bd3b47014006,mos,,folktale,7,,,"623 Zu-bedr n paad ne a soaba, yel-bedr ka paad ne a soab ye.","Une grosse tête reste avec son propriétaire, une vilaine affaire ne reste pas avec lui.",,,,,,,,,,,,https://mooreburkina.com/fr/contes-proverbes/proverbes-moor%C3%A9-vol-11,https://media.ipsapps.org/mos/ora/prv-v11/,apps/017df6d34e8e65c4/21-B021-001.html,adjacent_french_segment,0.75,needs_review,620 Zõang zĩ wa a zug pa
1292c54f0cadfce1,mos,,folktale,13,,,626 Zu-noog soab yoor n kiid t'a meng ket n vʋɩ.,Le sexe du chanceux meurt avant lui.,,,,,,,,,,,,https://mooreburkina.com/fr/contes-proverbes/proverbes-moor%C3%A9-vol-11,https://media.ipsapps.org/mos/ora/prv-v11/,apps/017df6d34e8e65c4/21-B021-001.html,adjacent_french_segment,0.75,needs_review,620 Zõang zĩ wa a zug pa
46f0032ac4e6fe9f,mos,,folktale,15,,,627 Zu-wẽk naana a kõbrẽ.,Une tête plate l'est dans ses os.,,,,,,,,,,,,https://mooreburkina.com/fr/contes-proverbes/proverbes-moor%C3%A9-vol-11,https://media.ipsapps.org/mos/ora/prv-v11/,apps/017df6d34e8e65c4/21-B021-001.html,adjacent_french_segment,0.75,needs_review,620 Zõang zĩ wa a zug pa
e8c4a35ccfa7b4e0,mos,,folktale,17,,,628 Zug ka be tɩ m nagd ne bãgd ye.,Ma tête ne peut pas être présente et je me fais admirer par les épaules.,,,,,,,,,,,,https://mooreburkina.com/fr/contes-proverbes/proverbes-moor%C3%A9-vol-11,https://media.ipsapps.org/mos/ora/prv-v11/,apps/017df6d34e8e65c4/21-B021-001.html,adjacent_french_segment,0.75,needs_review,620 Zõang zĩ wa a zug pa
5ba00571399867a5,mos,,folktale,19,,,629 Zug koom ka gind neng ye.,L'eau sur la tête ne peut que ruisseler sur le visage.,,,,,,,,,,,,https://mooreburkina.com/fr/contes-proverbes/proverbes-moor%C3%A9-vol-11,https://media.ipsapps.org/mos/ora/prv-v11/,apps/017df6d34e8e65c4/21-B021-001.html,adjacent_french_segment,0.75,needs_review,620 Zõang zĩ wa a zug pa
5b4eb9538085dcd0,mos,,folktale,21,,,630 Zug n be la nin-zabr be.,C'est parce qu'il y a une tête qu'il y a des maux d'yeux.,,,,,,,,,,,,https://mooreburkina.com/fr/contes-proverbes/proverbes-moor%C3%A9-vol-11,https://media.ipsapps.org/mos/ora/prv-v11/,apps/017df6d34e8e65c4/21-B021-001.html,adjacent_french_segment,0.75,needs_review,620 Zõang zĩ wa a zug pa
79bd6f130c0a98db,mos,,folktale,25,,,632 Zug n maas la yõor niida.,C'est parce que la tête est fraîche que le nez coule.,,,,,,,,,,,,https://mooreburkina.com/fr/contes-proverbes/proverbes-moor%C3%A9-vol-11,https://media.ipsapps.org/mos/ora/prv-v11/,apps/017df6d34e8e65c4/21-B021-001.html,adjacent_french_segment,0.75,needs_review,620 Zõang zĩ wa a zug pa
4022bbad3a0fa0c2,mos,,folktale,27,,,633 Zug pa yɩt noog n le yɩ beed ye.,On ne peut être chanceux et malheureux après.,,,,,,,,,,,,https://mooreburkina.com/fr/contes-proverbes/proverbes-moor%C3%A9-vol-11,https://media.ipsapps.org/mos/ora/prv-v11/,apps/017df6d34e8e65c4/21-B021-001.html,adjacent_french_segment,0.75,needs_review,620 Zõang zĩ wa a zug pa
60800eccb4ee4f37,mos,,folktale,29,,,634 Zug peoog maasem pa basd a soab ye.,L'ombre du chapeau ne quitte pas celui qui la porte.,,,,,,,,,,,,https://mooreburkina.com/fr/contes-proverbes/proverbes-moor%C3%A9-vol-11,https://media.ipsapps.org/mos/ora/prv-v11/,apps/017df6d34e8e65c4/21-B021-001.html,adjacent_french_segment,0.75,needs_review,620 Zõang zĩ wa a zug pa
db9602178d09d84f,mos,,folktale,31,,,"635 Zug sã n põnge, a pa pam ye.","Si une tête est rasée, elle n'est pas damée.",,,,,,,,,,,,https://mooreburkina.com/fr/contes-proverbes/proverbes-moor%C3%A9-vol-11,https://media.ipsapps.org/mos/ora/prv-v11/,apps/017df6d34e8e65c4/21-B021-001.html,adjacent_french_segment,0.75,needs_review,620 Zõang zĩ wa a zug pa
081c53b866a731e6,mos,,folktale,33,,,636 Zuk noaag ronda bʋʋga.,Celui qui vole un poulet rembourse une chèvre.,,,,,,,,,,,,https://mooreburkina.com/fr/contes-proverbes/proverbes-moor%C3%A9-vol-11,https://media.ipsapps.org/mos/ora/prv-v11/,apps/017df6d34e8e65c4/21-B021-001.html,adjacent_french_segment,0.75,needs_review,620 Zõang zĩ wa a zug pa
ecabee1a8e851cb9,mos,,folktale,35,,,"637 Zũr sã n be neer goabga, rɩtg n yɩɩde.","Si un bracelet est joli à la main gauche, la droite dépasse.",,,,,,,,,,,,https://mooreburkina.com/fr/contes-proverbes/proverbes-moor%C3%A9-vol-11,https://media.ipsapps.org/mos/ora/prv-v11/,apps/017df6d34e8e65c4/21-B021-001.html,adjacent_french_segment,0.75,needs_review,620 Zõang zĩ wa a zug pa
2e7d2a40a50a5a16,mos,,folktale,1,,,241 Saame ne a wõdɩ fãa yaa nug-raoog tʋʋmde.,(Délayer et malaxer relèvent tous les deux du devoir du pouce).,,,,,,,,,,,,https://mooreburkina.com/fr/contes-proverbes/proverbes-en-moor%C3%A9-vol-7,https://media.ipsapps.org/mos/ora/p7/,apps/094ad88b5cabc7e4/01-001-001.html,adjacent_french_segment,0.75,needs_review,241 Saame ne a wõdɩ fãa y
e963ec910904469a,mos,,folktale,1,,,"242 Bugum sok waongo, n paas zũnd-zãnde.","(Si un masque prend feu, sa cadence s’accélère).",,,,,,,,,,,,https://mooreburkina.com/fr/contes-proverbes/proverbes-en-moor%C3%A9-vol-7,https://media.ipsapps.org/mos/ora/p7/,apps/094ad88b5cabc7e4/01-001-002.html,adjacent_french_segment,0.75,needs_review,241 Saame ne a wõdɩ fãa y
119a6c8e0034593c,mos,,folktale,1,,,"243 Tab-soab n boond tɩ b wa lemb n gese, sɩɩd soab ka baod goam ye.","(C’est le vendeur de tabac qui a besoin d’inviter ses clients à y gouter, celui du miel ne se donne pas cette peine).",,,,,,,,,,,,https://mooreburkina.com/fr/contes-proverbes/proverbes-en-moor%C3%A9-vol-7,https://media.ipsapps.org/mos/ora/p7/,apps/094ad88b5cabc7e4/01-001-003.html,adjacent_french_segment,0.75,needs_review,241 Saame ne a wõdɩ fãa y
872c55124dee262b,mos,,folktale,1,,,"244 Nao-kãar (nao-kãsenkãare) yãgd me, a kõn deng nao-bi-taor ye.",(Le talon a beau être pressé il arrive toujours après les orteils).,,,,,,,,,,,,https://mooreburkina.com/fr/contes-proverbes/proverbes-en-moor%C3%A9-vol-7,https://media.ipsapps.org/mos/ora/p7/,apps/094ad88b5cabc7e4/01-001-004.html,adjacent_french_segment,0.75,needs_review,241 Saame ne a wõdɩ fãa y
cefa563b6a823b4a,mos,,folktale,1,,,245 Kaam sõngda pãnengo.,"(Qui oint sa tête d’huile, facilite le travail du coiffeur).",,,,,,,,,,,,https://mooreburkina.com/fr/contes-proverbes/proverbes-en-moor%C3%A9-vol-7,https://media.ipsapps.org/mos/ora/p7/,apps/094ad88b5cabc7e4/01-001-005.html,adjacent_french_segment,0.75,needs_review,241 Saame ne a wõdɩ fãa y
404ddd09f097b412,mos,,folktale,1,,,246 Tẽng pʋgsadb nagda tẽng ra-sãmb sẽn data.,(Les filles d’un pays devraient se parer au goût des garçons de ce pays).,,,,,,,,,,,,https://mooreburkina.com/fr/contes-proverbes/proverbes-en-moor%C3%A9-vol-7,https://media.ipsapps.org/mos/ora/p7/,apps/094ad88b5cabc7e4/01-001-006.html,adjacent_french_segment,0.75,needs_review,241 Saame ne a wõdɩ fãa y
7d7b2c804fd085cf,mos,,folktale,1,,,247 Wiuug wĩnd-a a boko.,(La gueule tapée épouse la forme de son trou).,,,,,,,,,,,,https://mooreburkina.com/fr/contes-proverbes/proverbes-en-moor%C3%A9-vol-7,https://media.ipsapps.org/mos/ora/p7/,apps/094ad88b5cabc7e4/01-001-007.html,adjacent_french_segment,0.75,needs_review,241 Saame ne a wõdɩ fãa y
0aa1199a9e6aa864,mos,,folktale,1,,,248 Liuul ka wekd raagẽ tɩ haya-haya le yɩk-a ye.,(Un oiseau qui a vu le jour dans un marché ne se laisse pas intimider par du bruit).,,,,,,,,,,,,https://mooreburkina.com/fr/contes-proverbes/proverbes-en-moor%C3%A9-vol-7,https://media.ipsapps.org/mos/ora/p7/,apps/094ad88b5cabc7e4/01-001-008.html,adjacent_french_segment,0.75,needs_review,241 Saame ne a wõdɩ fãa y
c3abbe02aa023568,mos,,folktale,1,,,249 Sãarg-y zõanga ka be waoleng ye.,(Pas besoin de susurrer le projet de pendre un aveugle).,,,,,,,,,,,,https://mooreburkina.com/fr/contes-proverbes/proverbes-en-moor%C3%A9-vol-7,https://media.ipsapps.org/mos/ora/p7/,apps/094ad88b5cabc7e4/01-001-009.html,adjacent_french_segment,0.75,needs_review,241 Saame ne a wõdɩ fãa y
378ade9ac65d0c09,mos,,folktale,1,,,250 Boɛɛg yeelame t’a na n basa a ma n tɩ yã pʋg neer yɛ ?,"(Dans l’incertitude de trouver une plus belle femme ailleurs, le bouc préfère aller avec sa propre mère).",,,,,,,,,,,,https://mooreburkina.com/fr/contes-proverbes/proverbes-en-moor%C3%A9-vol-7,https://media.ipsapps.org/mos/ora/p7/,apps/094ad88b5cabc7e4/01-001-010.html,adjacent_french_segment,0.75,needs_review,241 Saame ne a wõdɩ fãa y
213b2aebb3010f41,mos,,folktale,1,,,"251 Ned sã n bas a rɩɩgẽ n yaoore, a paada ne tãmbeok-kɩɩnga.","(Celui qui abandonne la termitière fournisseuse d’éphémères, se retrouve à châtrer une autre, asséchée).",,,,,,,,,,,,https://mooreburkina.com/fr/contes-proverbes/proverbes-en-moor%C3%A9-vol-7,https://media.ipsapps.org/mos/ora/p7/,apps/094ad88b5cabc7e4/01-001-011.html,adjacent_french_segment,0.75,needs_review,241 Saame ne a wõdɩ fãa y
9b42edf579d16254,mos,,folktale,1,,,"252 Koaas sã n kʋ bʋʋg n yet-a lʋɩɩme, bʋʋgã n yiki ?","(Un boucher qui se plaint d’avoir enregistré une perte après avoir vendu la viande d’une chèvre, n’aura sûrement pas fait du profit pour la bête).",,,,,,,,,,,,https://mooreburkina.com/fr/contes-proverbes/proverbes-en-moor%C3%A9-vol-7,https://media.ipsapps.org/mos/ora/p7/,apps/094ad88b5cabc7e4/01-001-012.html,adjacent_french_segment,0.75,needs_review,241 Saame ne a wõdɩ fãa y
9c98730801b168f2,mos,,folktale,1,,,253 Yik pĩnd sãoa kẽn-fõodem.,"(Rien ne sert de courir, il faut partir à point).",,,,,,,,,,,,https://mooreburkina.com/fr/contes-proverbes/proverbes-en-moor%C3%A9-vol-7,https://media.ipsapps.org/mos/ora/p7/,apps/094ad88b5cabc7e4/01-001-013.html,adjacent_french_segment,0.75,needs_review,241 Saame ne a wõdɩ fãa y
75b87aac55fe9955,mos,,folktale,1,,,254 Tẽngẽ-n-ned n tõogd yʋng-tãoongo.,(Il faut être d’un milieu pour y repérer un arbre fibreux de nuit).,,,,,,,,,,,,https://mooreburkina.com/fr/contes-proverbes/proverbes-en-moor%C3%A9-vol-7,https://media.ipsapps.org/mos/ora/p7/,apps/094ad88b5cabc7e4/01-001-014.html,adjacent_french_segment,0.75,needs_review,241 Saame ne a wõdɩ fãa y
2e8d4651c29361e0,mos,,folktale,1,,,"255 Tʋm-tʋmd maagda karg, la a ka maagd sũur ye.","(Laisser ses courses à une tierce personne, soulage les pieds mais pas toujours le cœur).",,,,,,,,,,,,https://mooreburkina.com/fr/contes-proverbes/proverbes-en-moor%C3%A9-vol-7,https://media.ipsapps.org/mos/ora/p7/,apps/094ad88b5cabc7e4/01-001-015.html,adjacent_french_segment,0.75,needs_review,241 Saame ne a wõdɩ fãa y
9932674cf4ddd780,mos,,folktale,1,,,256 Yʋgempeend yãab-raar la a rɩkr-daare.,"(Le jour que le chasseur voit un hérisson, c’est le même jour qu’il le ramasse).",,,,,,,,,,,,https://mooreburkina.com/fr/contes-proverbes/proverbes-en-moor%C3%A9-vol-7,https://media.ipsapps.org/mos/ora/p7/,apps/094ad88b5cabc7e4/01-001-016.html,adjacent_french_segment,0.75,needs_review,241 Saame ne a wõdɩ fãa y
c818d2f018358d6b,mos,,folktale,1,,,"257 Bõn-zug raada, yaa bõn-põaas-rɩt-a.","(Acheteur à vil prix, mangeur de choses prohibées).",,,,,,,,,,,,https://mooreburkina.com/fr/contes-proverbes/proverbes-en-moor%C3%A9-vol-7,https://media.ipsapps.org/mos/ora/p7/,apps/094ad88b5cabc7e4/01-001-017.html,adjacent_french_segment,0.75,needs_review,241 Saame ne a wõdɩ fãa y
e79478fdb95a671e,mos,,folktale,1,,,"258 Koom sã n ka rɩ a rugd-a, a ka rɩt-a gɛt ye.","(En aucun cas, celui qui observe un marigot, ne va être noyé avant celui qui y nage).",,,,,,,,,,,,https://mooreburkina.com/fr/contes-proverbes/proverbes-en-moor%C3%A9-vol-7,https://media.ipsapps.org/mos/ora/p7/,apps/094ad88b5cabc7e4/01-001-018.html,adjacent_french_segment,0.75,needs_review,241 Saame ne a wõdɩ fãa y
cefd8399f9b6ebc6,mos,,folktale,1,,,"259 Nin-kẽem noor yaa yũugu, la a goam ka yũug ye.","(La bouche d’un vieux dégage une mauvaise haleine, pas ses paroles).",,,,,,,,,,,,https://mooreburkina.com/fr/contes-proverbes/proverbes-en-moor%C3%A9-vol-7,https://media.ipsapps.org/mos/ora/p7/,apps/094ad88b5cabc7e4/01-001-019.html,adjacent_french_segment,0.75,needs_review,241 Saame ne a wõdɩ fãa y
64707b4674200c18,mos,,folktale,1,,,"260 Rãam yaa yũubu, la goam yaa gũusgu.","(On est libre de boire à sa guise, mais il n’est pas autant de la parole).",,,,,,,,,,,,https://mooreburkina.com/fr/contes-proverbes/proverbes-en-moor%C3%A9-vol-7,https://media.ipsapps.org/mos/ora/p7/,apps/094ad88b5cabc7e4/01-001-020.html,adjacent_french_segment,0.75,needs_review,241 Saame ne a wõdɩ fãa y
601e78c7326c2374,mos,,folktale,1,,,"261 Ra-sãar sã n woagem me, a tara gãdb zĩiga.","(Une canne a beau être longue, elle a un manche par où il faut la saisir).",,,,,,,,,,,,https://mooreburkina.com/fr/contes-proverbes/proverbes-en-moor%C3%A9-vol-7,https://media.ipsapps.org/mos/ora/p7/,apps/094ad88b5cabc7e4/01-001-021.html,adjacent_french_segment,0.75,needs_review,241 Saame ne a wõdɩ fãa y
037271174aa2c704,mos,,folktale,1,,,262 Saag niida yaar la koom zoeta neng-nenga.,(La pluie tombe en désordre mais l’eau a un circuit).,,,,,,,,,,,,https://mooreburkina.com/fr/contes-proverbes/proverbes-en-moor%C3%A9-vol-7,https://media.ipsapps.org/mos/ora/p7/,apps/094ad88b5cabc7e4/01-001-022.html,adjacent_french_segment,0.75,needs_review,241 Saame ne a wõdɩ fãa y
ee3c3b7db00f9ea6,mos,,folktale,1,,,"263 Ned sakda boolle, n zãdg tʋm-tʋmde.",(On peut refuser de faire une commission mais on devrait au moins répondre à l’appel).,,,,,,,,,,,,https://mooreburkina.com/fr/contes-proverbes/proverbes-en-moor%C3%A9-vol-7,https://media.ipsapps.org/mos/ora/p7/,apps/094ad88b5cabc7e4/01-001-023.html,adjacent_french_segment,0.75,needs_review,241 Saame ne a wõdɩ fãa y
2c346d20d662fb8e,mos,,folktale,1,,,264 Raar a ye zoes ka sat kɩgb ye.,(Une course d’un seul jour ne saurait user des fesses).,,,,,,,,,,,,https://mooreburkina.com/fr/contes-proverbes/proverbes-en-moor%C3%A9-vol-7,https://media.ipsapps.org/mos/ora/p7/,apps/094ad88b5cabc7e4/01-001-024.html,adjacent_french_segment,0.75,needs_review,241 Saame ne a wõdɩ fãa y
8e6d129be2f81002,mos,,folktale,1,,,265 Rɩ n yãag ka rigd beoog-kom ye.,(L’excès de table ne prévient pas la faim).,,,,,,,,,,,,https://mooreburkina.com/fr/contes-proverbes/proverbes-en-moor%C3%A9-vol-7,https://media.ipsapps.org/mos/ora/p7/,apps/094ad88b5cabc7e4/01-001-025.html,adjacent_french_segment,0.75,needs_review,241 Saame ne a wõdɩ fãa y
8b9e30636757d850,mos,,folktale,1,,,266 Nug-bil ka yũud rãam la a mii rãam zĩiga.,(L’index ne boit pas le dolo mais il sait indiquer le cabaret).,,,,,,,,,,,,https://mooreburkina.com/fr/contes-proverbes/proverbes-en-moor%C3%A9-vol-7,https://media.ipsapps.org/mos/ora/p7/,apps/094ad88b5cabc7e4/01-001-026.html,adjacent_french_segment,0.75,needs_review,241 Saame ne a wõdɩ fãa y
7e18eb5ce5aa0e5f,mos,,folktale,1,,,"267 Raag sã n yi laafɩ, pagb n loe bãongo.",(Si le jour du marché se couche dans la paix c’est que les femmes ont tenu leurs langues en bride).,,,,,,,,,,,,https://mooreburkina.com/fr/contes-proverbes/proverbes-en-moor%C3%A9-vol-7,https://media.ipsapps.org/mos/ora/p7/,apps/094ad88b5cabc7e4/01-001-027.html,adjacent_french_segment,0.75,needs_review,241 Saame ne a wõdɩ fãa y
9d1bea781b312386,mos,,folktale,1,,,"268 Bugum sã n ka wʋm wiuugu, a raolem ka fɩdgd ye.",(Il faut suffisamment de feu pour éjecter le sexe d’une gueule tapée).,,,,,,,,,,,,https://mooreburkina.com/fr/contes-proverbes/proverbes-en-moor%C3%A9-vol-7,https://media.ipsapps.org/mos/ora/p7/,apps/094ad88b5cabc7e4/01-001-028.html,adjacent_french_segment,0.75,needs_review,241 Saame ne a wõdɩ fãa y
95761e39f3f6e092,mos,,folktale,1,,,"269 Pag zug sã n wagm me, a ka so zak ye.",(La grande taille d’une femme ne lui donne pas le droit de se substituer au chef de famille).,,,,,,,,,,,,https://mooreburkina.com/fr/contes-proverbes/proverbes-en-moor%C3%A9-vol-7,https://media.ipsapps.org/mos/ora/p7/,apps/094ad88b5cabc7e4/01-001-029.html,adjacent_french_segment,0.75,needs_review,241 Saame ne a wõdɩ fãa y
674b2f1ab016891a,mos,,folktale,1,,,270 Beoog na yɩ neer bãngda zaabre.,(Le succès d’un jour se diagnostique au soir de la veille).,,,,,,,,,,,,https://mooreburkina.com/fr/contes-proverbes/proverbes-en-moor%C3%A9-vol-7,https://media.ipsapps.org/mos/ora/p7/,apps/094ad88b5cabc7e4/01-001-030.html,adjacent_french_segment,0.75,needs_review,241 Saame ne a wõdɩ fãa y
14c01848dbf3c5b2,mos,,folktale,1,,,271 Pʋg-yãang kõsdg sãoa ro-vɩʋʋgu.,(Il vaut mieux une vieille toussotant qu’une case vide).,,,,,,,,,,,,https://mooreburkina.com/fr/contes-proverbes/proverbes-en-moor%C3%A9-vol-7,https://media.ipsapps.org/mos/ora/p7/,apps/094ad88b5cabc7e4/01-001-031.html,adjacent_french_segment,0.75,needs_review,241 Saame ne a wõdɩ fãa y
8fabca3c841d36d4,mos,,folktale,1,,,272 Sosoaag na yɩ neer bãngd-a zomẽ.,"(Qu’on ait à bien manger à la fin du travail, se sait dès la première eau servie).",,,,,,,,,,,,https://mooreburkina.com/fr/contes-proverbes/proverbes-en-moor%C3%A9-vol-7,https://media.ipsapps.org/mos/ora/p7/,apps/094ad88b5cabc7e4/01-001-032.html,adjacent_french_segment,0.75,needs_review,241 Saame ne a wõdɩ fãa y
c824cf3ff2d56d97,mos,,folktale,1,,,"273 Pag ka lub a pʋg-to, la a sõrsg be neere.","(Bien vrai que la femme n’a pas encore terrassé sa coépouse mais déjà, elle adopte une bonne position de lutte).",,,,,,,,,,,,https://mooreburkina.com/fr/contes-proverbes/proverbes-en-moor%C3%A9-vol-7,https://media.ipsapps.org/mos/ora/p7/,apps/094ad88b5cabc7e4/01-001-033.html,adjacent_french_segment,0.75,needs_review,241 Saame ne a wõdɩ fãa y
45fa104a7c6a6c6f,mos,,folktale,1,,,274 Kʋlg yɛgb são tãng yɛgbo.,(Le voisinage d’une rivière est plus bénéfique que celle d’une colline).,,,,,,,,,,,,https://mooreburkina.com/fr/contes-proverbes/proverbes-en-moor%C3%A9-vol-7,https://media.ipsapps.org/mos/ora/p7/,apps/094ad88b5cabc7e4/01-001-034.html,adjacent_french_segment,0.75,needs_review,241 Saame ne a wõdɩ fãa y
366aaa262290f439,mos,,folktale,1,,,275 Koom beeme tɩ ko-sʋk beẽ.,"(Il y’a basse-mer, et il y’a haute-mer).",,,,,,,,,,,,https://mooreburkina.com/fr/contes-proverbes/proverbes-en-moor%C3%A9-vol-7,https://media.ipsapps.org/mos/ora/p7/,apps/094ad88b5cabc7e4/01-001-035.html,adjacent_french_segment,0.75,needs_review,241 Saame ne a wõdɩ fãa y
5b4df79075fa79e4,mos,,folktale,1,,,"276 Boɛɛg yeelame t’a ka kɩɩs kʋʋrã kẽnd ye, sorã la ka na n tũ.","(Le bouc dit ne pas refuser de se rendre aux funérailles, ce qu’il ne fera pas, c’est marcher sur le chemin).",,,,,,,,,,,,https://mooreburkina.com/fr/contes-proverbes/proverbes-en-moor%C3%A9-vol-7,https://media.ipsapps.org/mos/ora/p7/,apps/094ad88b5cabc7e4/01-001-036.html,adjacent_french_segment,0.75,needs_review,241 Saame ne a wõdɩ fãa y
3fa5bdfa7a606143,mos,,folktale,1,,,"277 Yam-dãmb a yiib sã n wʋm-taab kibare, yaa wa b sẽn yã taaba.","(Si deux sages ont des nouvelles, l’un de l’autre, c’est comme s’ils s’étaient vus).",,,,,,,,,,,,https://mooreburkina.com/fr/contes-proverbes/proverbes-en-moor%C3%A9-vol-7,https://media.ipsapps.org/mos/ora/p7/,apps/094ad88b5cabc7e4/01-001-037.html,adjacent_french_segment,0.75,needs_review,241 Saame ne a wõdɩ fãa y
bf77a9d9ffab85fe,mos,,folktale,1,,,278 Tall neer são naab boolg n kõ-ma.,(Il vaut mieux bien garder ses animaux que de compter sur le communiqué que fera le chef pour les retrouver).,,,,,,,,,,,,https://mooreburkina.com/fr/contes-proverbes/proverbes-en-moor%C3%A9-vol-7,https://media.ipsapps.org/mos/ora/p7/,apps/094ad88b5cabc7e4/01-001-038.html,adjacent_french_segment,0.75,needs_review,241 Saame ne a wõdɩ fãa y
8aa48e1d003de7dc,mos,,folktale,1,,,"279 Zirẽ sã n ka yã kɩɩsgo, a lebgda sɩda.",(Si un mensonge ne trouve pas de contradiction il devient une vérité).,,,,,,,,,,,,https://mooreburkina.com/fr/contes-proverbes/proverbes-en-moor%C3%A9-vol-7,https://media.ipsapps.org/mos/ora/p7/,apps/094ad88b5cabc7e4/01-001-039.html,adjacent_french_segment,0.75,needs_review,241 Saame ne a wõdɩ fãa y
defd91faea57da6c,mos,,folktale,1,,,280 Bãens a yiib sãgs yaa noogo.,(En agitant deux fers on obtient un meilleur son que lorsqu’il s’agit d’un seul).,,,,,,,,,,,,https://mooreburkina.com/fr/contes-proverbes/proverbes-en-moor%C3%A9-vol-7,https://media.ipsapps.org/mos/ora/p7/,apps/094ad88b5cabc7e4/01-001-040.html,adjacent_french_segment,0.75,needs_review,241 Saame ne a wõdɩ fãa y
b2139e69cdc4aa6e,mos,,folktale,1,,,121 Zom wãbd yaals-n-wʋkd pʋga.,"(Des ballonnements surviennent quand on a consommé une petite quantité de farine si l’on en bourre sa panse, plus de place pour l’air) !",,,,,,,,,,,,https://mooreburkina.com/fr/contes-proverbes/proverbes-en-moor%C3%A9-vol-4,https://media.ipsapps.org/mos/ora/p4/,apps/12029941b478e7ac/01-B001-001.html,adjacent_french_segment,0.75,needs_review,P 121-160
c2af1bd3070c6ed0,mos,,folktale,1,,,122 Noog ka bãngd to noorẽ ye.,(Il est impossible d’apprécier le goût d’un aliment avec la bouche d’autrui).,,,,,,,,,,,,https://mooreburkina.com/fr/contes-proverbes/proverbes-en-moor%C3%A9-vol-4,https://media.ipsapps.org/mos/ora/p4/,apps/12029941b478e7ac/01-B001-002.html,adjacent_french_segment,0.75,needs_review,P 121-160
fa04dd67dd52db52,mos,,folktale,1,,,123 Ba-gãe soab n gãt a zugu.,(Pour tuer un chien enragé c’est le propriétaire qui se saisit de la tête).,,,,,,,,,,,,https://mooreburkina.com/fr/contes-proverbes/proverbes-en-moor%C3%A9-vol-4,https://media.ipsapps.org/mos/ora/p4/,apps/12029941b478e7ac/01-B001-003.html,adjacent_french_segment,0.75,needs_review,P 121-160
149f1e0cea65ab08,mos,,folktale,1,,,"124 Sẽemd sã n kae yiri, yʋgempeend basda koom.","(En l’absence du porc-épic, le hérisson est à même d’assurer l’intérim).",,,,,,,,,,,,https://mooreburkina.com/fr/contes-proverbes/proverbes-en-moor%C3%A9-vol-4,https://media.ipsapps.org/mos/ora/p4/,apps/12029941b478e7ac/01-B001-004.html,adjacent_french_segment,0.75,needs_review,P 121-160
4c39ac7a250a75a0,mos,,folktale,1,,,125 Haya-haya n zẽkd sugri.,"(C’est en s’associant qu’on arrive à coiffer une case). Autrement dit, l’union fait la force.",,,,,,,,,,,,https://mooreburkina.com/fr/contes-proverbes/proverbes-en-moor%C3%A9-vol-4,https://media.ipsapps.org/mos/ora/p4/,apps/12029941b478e7ac/01-B001-005.html,adjacent_french_segment,0.75,needs_review,P 121-160
14bcc24fec59d2d2,mos,,folktale,1,,,"126 Baag sã n ka ta zãog n zaodẽ, yaa ba-kɩɩnga.","(Un chien qui n’a pas l’âge de rythmer les pas et qui le fait, est appelé à mourir).",,,,,,,,,,,,https://mooreburkina.com/fr/contes-proverbes/proverbes-en-moor%C3%A9-vol-4,https://media.ipsapps.org/mos/ora/p4/,apps/12029941b478e7ac/01-B001-006.html,adjacent_french_segment,0.75,needs_review,P 121-160
1783b3d1fa24310a,mos,,folktale,1,,,127 Na-sa-bʋʋg bãngda koɛɛgẽ.,"(Rien que par le timbre de la voix, on reconnait celui qui peut manger tout seul, une chèvre).",,,,,,,,,,,,https://mooreburkina.com/fr/contes-proverbes/proverbes-en-moor%C3%A9-vol-4,https://media.ipsapps.org/mos/ora/p4/,apps/12029941b478e7ac/01-B001-007.html,adjacent_french_segment,0.75,needs_review,P 121-160
1372a987095938a3,mos,,folktale,1,,,128 Yamleoog-bãag ka bẽedẽ n faag ye.,(L’on ne perd pas du poids avec une maladie sciemment provoquée).,,,,,,,,,,,,https://mooreburkina.com/fr/contes-proverbes/proverbes-en-moor%C3%A9-vol-4,https://media.ipsapps.org/mos/ora/p4/,apps/12029941b478e7ac/01-B001-008.html,adjacent_french_segment,0.75,needs_review,P 121-160
38e0e307884bceaf,mos,,folktale,1,,,"129 Soom-tʋʋlg sã n yiki, ro-tʋʋlg n lubd-a.",(Un lièvre rapide tombe sous le coup d’un bâton rapide).,,,,,,,,,,,,https://mooreburkina.com/fr/contes-proverbes/proverbes-en-moor%C3%A9-vol-4,https://media.ipsapps.org/mos/ora/p4/,apps/12029941b478e7ac/01-B001-009.html,adjacent_french_segment,0.75,needs_review,P 121-160
0cc4976e55deee21,mos,,folktale,1,,,130 Buhul (baaful) yeelame t’a ka yãgd ne a gãag-soab ye.,(La larve ne trouve aucune raison de s’impatienter avec son hôte tant que tombe la nuit).,,,,,,,,,,,,https://mooreburkina.com/fr/contes-proverbes/proverbes-en-moor%C3%A9-vol-4,https://media.ipsapps.org/mos/ora/p4/,apps/12029941b478e7ac/01-B001-010.html,adjacent_french_segment,0.75,needs_review,P 121-160
1e8d39354439935a,mos,,folktale,1,,,131 Yãg-yãg n daad baag zugu.,(Faute de patience on achète la tête du chien).,,,,,,,,,,,,https://mooreburkina.com/fr/contes-proverbes/proverbes-en-moor%C3%A9-vol-4,https://media.ipsapps.org/mos/ora/p4/,apps/12029941b478e7ac/01-B001-011.html,adjacent_french_segment,0.75,needs_review,P 121-160
4b19bf4bbe7ea030,mos,,folktale,1,,,132 Wag-kẽef ka sãamd a to vuull ye.,(Un boa n’efface jamais la trace d’un autre).,,,,,,,,,,,,https://mooreburkina.com/fr/contes-proverbes/proverbes-en-moor%C3%A9-vol-4,https://media.ipsapps.org/mos/ora/p4/,apps/12029941b478e7ac/01-B001-012.html,adjacent_french_segment,0.75,needs_review,P 121-160
d9390fef3c794c47,mos,,folktale,1,,,133 Fãob ka lubd lalg ye.,(L’excès de renfort n’écroule pas un mur).,,,,,,,,,,,,https://mooreburkina.com/fr/contes-proverbes/proverbes-en-moor%C3%A9-vol-4,https://media.ipsapps.org/mos/ora/p4/,apps/12029941b478e7ac/01-B001-013.html,adjacent_french_segment,0.75,needs_review,P 121-160
1546b0eb177baa42,mos,,folktale,1,,,134 Kõ-n-paas ka wẽn-n-paas ye.,(Donner plus n’est pas frapper de plus).,,,,,,,,,,,,https://mooreburkina.com/fr/contes-proverbes/proverbes-en-moor%C3%A9-vol-4,https://media.ipsapps.org/mos/ora/p4/,apps/12029941b478e7ac/01-B001-014.html,adjacent_french_segment,0.75,needs_review,P 121-160
ab55a4cc9f5ca2f1,mos,,folktale,1,,,135 Vɩʋʋg ka relld ye.,(L’on ne peut s’appuyer sur le vide).,,,,,,,,,,,,https://mooreburkina.com/fr/contes-proverbes/proverbes-en-moor%C3%A9-vol-4,https://media.ipsapps.org/mos/ora/p4/,apps/12029941b478e7ac/01-B001-015.html,adjacent_french_segment,0.75,needs_review,P 121-160
fa5976c81af42772,mos,,folktale,1,,,136 Sẽn yõod-a yaad ka zoet kɩɩms yãbr ye.,"(Qui incendie le cimetière, fait fi des cris des fantômes).",,,,,,,,,,,,https://mooreburkina.com/fr/contes-proverbes/proverbes-en-moor%C3%A9-vol-4,https://media.ipsapps.org/mos/ora/p4/,apps/12029941b478e7ac/01-B001-016.html,adjacent_french_segment,0.75,needs_review,P 121-160
83ad611a5281c8d0,mos,,folktale,1,,,"137 Ra maan yãnd n be, yɩɩd yãnd kae ye.","(Nul n’est jamais trop grand pour être honni, il faut plutôt éviter les actes ignominieux).",,,,,,,,,,,,https://mooreburkina.com/fr/contes-proverbes/proverbes-en-moor%C3%A9-vol-4,https://media.ipsapps.org/mos/ora/p4/,apps/12029941b478e7ac/01-B001-017.html,adjacent_french_segment,0.75,needs_review,P 121-160
41552e36aa42689e,mos,,folktale,1,,,138 Sẽn zomb a kur ka-laad tɩ b ka sʋk-a yaas n dɩk ma.,"(Avoir une tortue pour monture ne met pas à l’abri des retards, a fortiori, celui qui demande secours).",,,,,,,,,,,,https://mooreburkina.com/fr/contes-proverbes/proverbes-en-moor%C3%A9-vol-4,https://media.ipsapps.org/mos/ora/p4/,apps/12029941b478e7ac/01-B001-018.html,adjacent_french_segment,0.75,needs_review,P 121-160
0a6a95a9f5bb4372,mos,,folktale,1,,,"139 Tekr sã n wẽnd kũun, bɩ ned fãa tall a rẽnda.","(Si troquer est comparable à donner, que chacun conserve sa part).",,,,,,,,,,,,https://mooreburkina.com/fr/contes-proverbes/proverbes-en-moor%C3%A9-vol-4,https://media.ipsapps.org/mos/ora/p4/,apps/12029941b478e7ac/01-B001-019.html,adjacent_french_segment,0.75,needs_review,P 121-160
f7ddfce44d86ea4f,mos,,folktale,1,,,140 Ra sɩɩs-m yaa raag kɩrenga.,(Qui ne veut pas de dérangement se met à l’écart de la foule).,,,,,,,,,,,,https://mooreburkina.com/fr/contes-proverbes/proverbes-en-moor%C3%A9-vol-4,https://media.ipsapps.org/mos/ora/p4/,apps/12029941b478e7ac/01-B001-020.html,adjacent_french_segment,0.75,needs_review,P 121-160
5ce0bb16083dc72f,mos,,folktale,1,,,141 Ka bool põaag na-yir ye.,(L’hydrocèle n’a pas été invitée chez le chef).,,,,,,,,,,,,https://mooreburkina.com/fr/contes-proverbes/proverbes-en-moor%C3%A9-vol-4,https://media.ipsapps.org/mos/ora/p4/,apps/12029941b478e7ac/01-B001-021.html,adjacent_french_segment,0.75,needs_review,P 121-160
f72bf3fd4c44d657,mos,,folktale,1,,,"142 Nin-kẽem sã n gʋsd noaag la a yɩɩndẽ, a yãbdame.","(Un vieux qui plume un poulet en chantant, pleure [par manque d’enfant qui le fasse à sa place]).",,,,,,,,,,,,https://mooreburkina.com/fr/contes-proverbes/proverbes-en-moor%C3%A9-vol-4,https://media.ipsapps.org/mos/ora/p4/,apps/12029941b478e7ac/01-B001-022.html,adjacent_french_segment,0.75,needs_review,P 121-160
a451f46205c27c85,mos,,folktale,1,,,"143 Naab sã n sond korgo, sẽn pʋgd-b lebga suid-ba.","(Si un chef se nomme Sac, ses sujets sont des enfouisseurs).",,,,,,,,,,,,https://mooreburkina.com/fr/contes-proverbes/proverbes-en-moor%C3%A9-vol-4,https://media.ipsapps.org/mos/ora/p4/,apps/12029941b478e7ac/01-B001-023.html,adjacent_french_segment,0.75,needs_review,P 121-160
0f666ade368debbe,mos,,folktale,1,,,"144 Maasem sã n ka tat walga, walg n bʋʋgd maasem.","(Si l’ombre n’atteint pas une ourebie, c’est à l’ourebie d’aller vers l’ombre).",,,,,,,,,,,,https://mooreburkina.com/fr/contes-proverbes/proverbes-en-moor%C3%A9-vol-4,https://media.ipsapps.org/mos/ora/p4/,apps/12029941b478e7ac/01-B001-024.html,adjacent_french_segment,0.75,needs_review,P 121-160
6949d1e8bf51ac6b,mos,,folktale,1,,,145 Zɩ n paam noaag yũnugda kʋlgẽ.,(Il faut posséder une poule pour la première fois pour juger nécessaire de la conduire abreuver au marigot).,,,,,,,,,,,,https://mooreburkina.com/fr/contes-proverbes/proverbes-en-moor%C3%A9-vol-4,https://media.ipsapps.org/mos/ora/p4/,apps/12029941b478e7ac/01-B001-025.html,adjacent_french_segment,0.75,needs_review,P 121-160
07daa81e9189d5a0,mos,,folktale,1,,,146 Ned kõn paam gãag n baood mobgr ye.,(Ce serait trop demander une embrassade à quelqu’un qui accepte déjà de coucher avec soi.,,,,,,,,,,,,https://mooreburkina.com/fr/contes-proverbes/proverbes-en-moor%C3%A9-vol-4,https://media.ipsapps.org/mos/ora/p4/,apps/12029941b478e7ac/01-B001-026.html,adjacent_french_segment,0.75,needs_review,P 121-160
77ffecb78d98e5d0,mos,,folktale,1,,,147 Ka geay lʋmba-lʋmba la zak soab ye.,(Grosses cuisses ne font pas forcement chef de ménage).,,,,,,,,,,,,https://mooreburkina.com/fr/contes-proverbes/proverbes-en-moor%C3%A9-vol-4,https://media.ipsapps.org/mos/ora/p4/,apps/12029941b478e7ac/01-B001-027.html,adjacent_french_segment,0.75,needs_review,P 121-160
a2f680edae4f3b25,mos,,folktale,1,,,148 Ka-ra-bed-la-bugum ye.,(Gros bois ne fait pas forcément grand feu).,,,,,,,,,,,,https://mooreburkina.com/fr/contes-proverbes/proverbes-en-moor%C3%A9-vol-4,https://media.ipsapps.org/mos/ora/p4/,apps/12029941b478e7ac/01-B001-028.html,adjacent_french_segment,0.75,needs_review,P 121-160
f18489d8cfbcba69,mos,,folktale,1,,,149 Zẽem sã n noom bʋʋg bɩ a yũ.,"(Si une chèvre trouve son compte dans la potasse, qu’elle en boive).",,,,,,,,,,,,https://mooreburkina.com/fr/contes-proverbes/proverbes-en-moor%C3%A9-vol-4,https://media.ipsapps.org/mos/ora/p4/,apps/12029941b478e7ac/01-B001-029.html,adjacent_french_segment,0.75,needs_review,P 121-160
f979b5684090c901,mos,,folktale,1,,,150 Ned ka tõe n modg nin-kẽem n sui a korg zom ye.,(Il est inutile de bourrer de farine le sac d’un vieux contre son gré).,,,,,,,,,,,,https://mooreburkina.com/fr/contes-proverbes/proverbes-en-moor%C3%A9-vol-4,https://media.ipsapps.org/mos/ora/p4/,apps/12029941b478e7ac/01-B001-030.html,adjacent_french_segment,0.75,needs_review,P 121-160
8d9cb50c5a5488c1,mos,,folktale,1,,,151 Bĩng tɩ maag gũuda a-rɩtba.,"(Qui laisse refroidir le repas, expose son plat à des consommateurs intrus).",,,,,,,,,,,,https://mooreburkina.com/fr/contes-proverbes/proverbes-en-moor%C3%A9-vol-4,https://media.ipsapps.org/mos/ora/p4/,apps/12029941b478e7ac/01-B001-031.html,adjacent_french_segment,0.75,needs_review,P 121-160
d2a328571fe2a8fd,mos,,folktale,1,,,"152 Ned sã n ka na n ning la-wɛdgẽ n dɩ, bɩ a ra ning n kõ a to ye.","(Que celui qui refuse de manger dans un morceau de pot, n’y serve pas autrui).",,,,,,,,,,,,https://mooreburkina.com/fr/contes-proverbes/proverbes-en-moor%C3%A9-vol-4,https://media.ipsapps.org/mos/ora/p4/,apps/12029941b478e7ac/01-B001-032.html,adjacent_french_segment,0.75,needs_review,P 121-160
7676cff8b9d42936,mos,,folktale,1,,,153 Bugum woodg toor-toor sãamda ra-giisi.,"(Vouloir se réchauffer, à chacun, son feu, c’est gaspiller du bois).",,,,,,,,,,,,https://mooreburkina.com/fr/contes-proverbes/proverbes-en-moor%C3%A9-vol-4,https://media.ipsapps.org/mos/ora/p4/,apps/12029941b478e7ac/01-B001-033.html,adjacent_french_segment,0.75,needs_review,P 121-160
2fcfbb3bd20ab23d,mos,,folktale,1,,,154 Põk-m la f ra-siis-m ye.,(C’est trop demander que de vouloir être pris sans être touché).,,,,,,,,,,,,https://mooreburkina.com/fr/contes-proverbes/proverbes-en-moor%C3%A9-vol-4,https://media.ipsapps.org/mos/ora/p4/,apps/12029941b478e7ac/01-B001-034.html,adjacent_french_segment,0.75,needs_review,P 121-160
a1b5638cffe78a18,mos,,folktale,1,,,"155 M ka tõe n ko ki, la m ko zẽk-zẽk ye.",(Je refuse d’endurer des corvées après des travaux champêtres).,,,,,,,,,,,,https://mooreburkina.com/fr/contes-proverbes/proverbes-en-moor%C3%A9-vol-4,https://media.ipsapps.org/mos/ora/p4/,apps/12029941b478e7ac/01-B001-035.html,adjacent_french_segment,0.75,needs_review,P 121-160
258e196d204088e1,mos,,folktale,1,,,"156 Ned ka yalsd bõanga, n tuk bulg ye.",(L’on ne devrait pas faire attendre un âne assoiffé pour creuser un puits).,,,,,,,,,,,,https://mooreburkina.com/fr/contes-proverbes/proverbes-en-moor%C3%A9-vol-4,https://media.ipsapps.org/mos/ora/p4/,apps/12029941b478e7ac/01-B001-036.html,adjacent_french_segment,0.75,needs_review,P 121-160
9fbf18dfccbb4343,mos,,folktale,1,,,157 Ned ne a yak ka kongd gãd tɩ b wãag ye.,(Il est courant pour des voisins de se demander des services).,,,,,,,,,,,,https://mooreburkina.com/fr/contes-proverbes/proverbes-en-moor%C3%A9-vol-4,https://media.ipsapps.org/mos/ora/p4/,apps/12029941b478e7ac/01-B001-037.html,adjacent_french_segment,0.75,needs_review,P 121-160
65d9a771e66899a0,mos,,folktale,1,,,158 Wed-kũum ka gomd wed-doogẽ n ye.,(Ce n’est pas opportun de parler de peste chevalière dans une écurie).,,,,,,,,,,,,https://mooreburkina.com/fr/contes-proverbes/proverbes-en-moor%C3%A9-vol-4,https://media.ipsapps.org/mos/ora/p4/,apps/12029941b478e7ac/01-B001-038.html,adjacent_french_segment,0.75,needs_review,P 121-160
221f026328ff39c5,mos,,folktale,1,,,159 Bõang a ye n mog zom tɩ pelg bõensã fãa noy.,"(Tous les ânes voient leur museau blanchi pour un seul d’entre eux, qui consomme de la farine).",,,,,,,,,,,,https://mooreburkina.com/fr/contes-proverbes/proverbes-en-moor%C3%A9-vol-4,https://media.ipsapps.org/mos/ora/p4/,apps/12029941b478e7ac/01-B001-039.html,adjacent_french_segment,0.75,needs_review,P 121-160
285db423145fb352,mos,,folktale,1,,,160 Tãood-n-yõsd mi a sẽn na n dɩ a soaba.,(Un chasseur maladroit sait de quoi se nourrir).,,,,,,,,,,,,https://mooreburkina.com/fr/contes-proverbes/proverbes-en-moor%C3%A9-vol-4,https://media.ipsapps.org/mos/ora/p4/,apps/12029941b478e7ac/01-B001-040.html,adjacent_french_segment,0.75,needs_review,P 121-160
74c6c5df7307e2ff,mos,,folktale,1,,,281 So-m-meng noaag ka tar kaam ye.,(Une poule jouissant de toute sa liberté ne peut grossir).,,,,,,,,,,,,https://mooreburkina.com/fr/contes-proverbes/proverbes-en-moor%C3%A9-vol-8,https://media.ipsapps.org/mos/ora/p8/,apps/136b55dfefd5d767/01-001-001.html,adjacent_french_segment,0.75,needs_review,281 So-m-meng
13ca666af38d4fec,mos,,folktale,1,,,282 No-bi-gõaadg rɩta tãnbeog-raase.,(Un poussin errant se contente de termites de mauvaise qualité).,,,,,,,,,,,,https://mooreburkina.com/fr/contes-proverbes/proverbes-en-moor%C3%A9-vol-8,https://media.ipsapps.org/mos/ora/p8/,apps/136b55dfefd5d767/01-001-002.html,adjacent_french_segment,0.75,needs_review,281 So-m-meng
f9f03c504c81a291,mos,,folktale,1,,,"283 Soaamb sũ-noog raare, a zug kẽeda waoogẽ.","(Le jour où un lapin déborde de joie, sa tête retrouve le fond d’une gibecière).",,,,,,,,,,,,https://mooreburkina.com/fr/contes-proverbes/proverbes-en-moor%C3%A9-vol-8,https://media.ipsapps.org/mos/ora/p8/,apps/136b55dfefd5d767/01-001-003.html,adjacent_french_segment,0.75,needs_review,281 So-m-meng
27259b3a0aa4e21d,mos,,folktale,1,,,"284 Bũmb gõdb sã n wa yɩɩd gũun-daoogo, yaa sẽn kao.","(Plus recourbé qu’un mille-pattes, c’est que, c’est cassé).",,,,,,,,,,,,https://mooreburkina.com/fr/contes-proverbes/proverbes-en-moor%C3%A9-vol-8,https://media.ipsapps.org/mos/ora/p8/,apps/136b55dfefd5d767/01-001-004.html,adjacent_french_segment,0.75,needs_review,281 So-m-meng
ba9c8ee597d6da67,mos,,folktale,1,,,285 Zaamẽ n beoog pʋʋsda yao tɩ kasm zĩẽ.,(Une expression de reconnaissance outrepasse un aîné pour s’adresser à un plus jeune).,,,,,,,,,,,,https://mooreburkina.com/fr/contes-proverbes/proverbes-en-moor%C3%A9-vol-8,https://media.ipsapps.org/mos/ora/p8/,apps/136b55dfefd5d767/01-001-005.html,adjacent_french_segment,0.75,needs_review,281 So-m-meng
22ed89318a13ec2d,mos,,folktale,1,,,"286 Pag ka zʋgo, ka paoogd a sɩd ye.","(Même si une femme parait sans défaut, son mari en sait quelque chose).",,,,,,,,,,,,https://mooreburkina.com/fr/contes-proverbes/proverbes-en-moor%C3%A9-vol-8,https://media.ipsapps.org/mos/ora/p8/,apps/136b55dfefd5d767/01-001-006.html,adjacent_french_segment,0.75,needs_review,281 So-m-meng
4a6a441684384318,mos,,folktale,1,,,287 Sẽn tar-a pãng n tar sugri.,(Clémence rime avec puissance).,,,,,,,,,,,,https://mooreburkina.com/fr/contes-proverbes/proverbes-en-moor%C3%A9-vol-8,https://media.ipsapps.org/mos/ora/p8/,apps/136b55dfefd5d767/01-001-007.html,adjacent_french_segment,0.75,needs_review,281 So-m-meng
525e4a2647f370cf,mos,,folktale,1,,,288 Wẽnnaam ka kõt nag-tãadg yɩɩl ye.,"(D’un bœuf agressif, le Bon Dieu prive de cornes).",,,,,,,,,,,,https://mooreburkina.com/fr/contes-proverbes/proverbes-en-moor%C3%A9-vol-8,https://media.ipsapps.org/mos/ora/p8/,apps/136b55dfefd5d767/01-001-008.html,adjacent_french_segment,0.75,needs_review,281 So-m-meng
a4d0df9781c99dc5,mos,,folktale,1,,,289 Sẽn waoog n dɩt sẽn paoode.,(Seul le plus gros peut engloutir le plus petit).,,,,,,,,,,,,https://mooreburkina.com/fr/contes-proverbes/proverbes-en-moor%C3%A9-vol-8,https://media.ipsapps.org/mos/ora/p8/,apps/136b55dfefd5d767/01-001-009.html,adjacent_french_segment,0.75,needs_review,281 So-m-meng
14b38112903d4aea,mos,,folktale,1,,,"290 Sʋɩ sã n waoogẽ, b rɩta taaba.","(En grand nombre, les criquets se nourrissent l’un de l’autre.",,,,,,,,,,,,https://mooreburkina.com/fr/contes-proverbes/proverbes-en-moor%C3%A9-vol-8,https://media.ipsapps.org/mos/ora/p8/,apps/136b55dfefd5d767/01-001-010.html,adjacent_french_segment,0.75,needs_review,281 So-m-meng
919df78f15a38735,mos,,folktale,1,,,291 Rʋg-bɛd a yiib ka fũgund taab ye.,"(Il est impossible de se servir d’une jarre comme couvercle d’une autre, aussi grosse qu’elle).",,,,,,,,,,,,https://mooreburkina.com/fr/contes-proverbes/proverbes-en-moor%C3%A9-vol-8,https://media.ipsapps.org/mos/ora/p8/,apps/136b55dfefd5d767/01-001-011.html,adjacent_french_segment,0.75,needs_review,281 So-m-meng
0846b5a9ba95f2ef,mos,,folktale,1,,,"292 Sã n ya pɛk n wilgd pag sore, a na bãng a ba-yir zĩiga.","(Si jamais une gifle constitue un guide pour une femme, elle retrouvera vite le domicile de ses parents).",,,,,,,,,,,,https://mooreburkina.com/fr/contes-proverbes/proverbes-en-moor%C3%A9-vol-8,https://media.ipsapps.org/mos/ora/p8/,apps/136b55dfefd5d767/01-001-012.html,adjacent_french_segment,0.75,needs_review,281 So-m-meng
060a8818dc3053e3,mos,,folktale,1,,,293 Zug n be la nin zabda.,"(Sans tête, finie la conjonctivite !)",,,,,,,,,,,,https://mooreburkina.com/fr/contes-proverbes/proverbes-en-moor%C3%A9-vol-8,https://media.ipsapps.org/mos/ora/p8/,apps/136b55dfefd5d767/01-001-013.html,adjacent_french_segment,0.75,needs_review,281 So-m-meng
eaa20fd30d019b3a,mos,,folktale,1,,,294 Kukur kaoogr sega koaad yaamse.,(Le manche de la daba s’est rompu au moment où le cultivateur était fatigué).,,,,,,,,,,,,https://mooreburkina.com/fr/contes-proverbes/proverbes-en-moor%C3%A9-vol-8,https://media.ipsapps.org/mos/ora/p8/,apps/136b55dfefd5d767/01-001-014.html,adjacent_french_segment,0.75,needs_review,281 So-m-meng
98e1e0160ab9263d,mos,,folktale,1,,,295 Sẽn dɩɩmd ka põsd wĩndg ye.,(Ce qui est étalé pour séchage ne peut échapper aux rayons solaires).,,,,,,,,,,,,https://mooreburkina.com/fr/contes-proverbes/proverbes-en-moor%C3%A9-vol-8,https://media.ipsapps.org/mos/ora/p8/,apps/136b55dfefd5d767/01-001-015.html,adjacent_french_segment,0.75,needs_review,281 So-m-meng
73e2dec531f55f11,mos,,folktale,1,,,296 Kal toda yĩng wɩngr yĩnga.,(C’est le but de se dégourdir les muscles que l’on exécute des sauts).,,,,,,,,,,,,https://mooreburkina.com/fr/contes-proverbes/proverbes-en-moor%C3%A9-vol-8,https://media.ipsapps.org/mos/ora/p8/,apps/136b55dfefd5d767/01-001-016.html,adjacent_french_segment,0.75,needs_review,281 So-m-meng
a807bb2e64a30e7b,mos,,folktale,1,,,297 Bark bõang sãoa bõn-kẽndga.,(Mieux vaut un âne béni que celui qui fait de la vitesse).,,,,,,,,,,,,https://mooreburkina.com/fr/contes-proverbes/proverbes-en-moor%C3%A9-vol-8,https://media.ipsapps.org/mos/ora/p8/,apps/136b55dfefd5d767/01-001-017.html,adjacent_french_segment,0.75,needs_review,281 So-m-meng
46860351879d72fb,mos,,folktale,1,,,298 Goam ka yõod belgda muk ma.,"(Qui dit qu’il y’a aucun intérêt à parler, a l’intention de consoler la mère de l’enfant muet).",,,,,,,,,,,,https://mooreburkina.com/fr/contes-proverbes/proverbes-en-moor%C3%A9-vol-8,https://media.ipsapps.org/mos/ora/p8/,apps/136b55dfefd5d767/01-001-018.html,adjacent_french_segment,0.75,needs_review,281 So-m-meng
e375839c79387b24,mos,,folktale,1,,,"299 Ned sã n togs yũug n wãb nem-kãado, yũug wat n gõeeme t’a soab getẽ.","(Celui qui imite un chat pour manger de la viande crue, le chat dormira sous ses yeux).",,,,,,,,,,,,https://mooreburkina.com/fr/contes-proverbes/proverbes-en-moor%C3%A9-vol-8,https://media.ipsapps.org/mos/ora/p8/,apps/136b55dfefd5d767/01-001-019.html,adjacent_french_segment,0.75,needs_review,281 So-m-meng
be62fec0326b066b,mos,,folktale,1,,,"300 Tɩɩg sã n dat kũum, a poda yogdo.","(Quand la mort menace un arbre, des creux apparaissent sur son tronc).",,,,,,,,,,,,https://mooreburkina.com/fr/contes-proverbes/proverbes-en-moor%C3%A9-vol-8,https://media.ipsapps.org/mos/ora/p8/,apps/136b55dfefd5d767/01-001-020.html,adjacent_french_segment,0.75,needs_review,281 So-m-meng
b1c3c17ee680e35a,mos,,folktale,1,,,301 Moog lim koadeng kõn lim a koɛɛga.,"(L’herbe peut cacher une perdrix, non sa voix).",,,,,,,,,,,,https://mooreburkina.com/fr/contes-proverbes/proverbes-en-moor%C3%A9-vol-8,https://media.ipsapps.org/mos/ora/p8/,apps/136b55dfefd5d767/01-001-021.html,adjacent_french_segment,0.75,needs_review,281 So-m-meng
f2dec492998bdca1,mos,,folktale,1,,,302 Yʋng koom zãgsda noorẽ.,(Une eau qu’on vous sert de nuit il vaut mieux goûter avant de la refuser).,,,,,,,,,,,,https://mooreburkina.com/fr/contes-proverbes/proverbes-en-moor%C3%A9-vol-8,https://media.ipsapps.org/mos/ora/p8/,apps/136b55dfefd5d767/01-001-022.html,adjacent_french_segment,0.75,needs_review,281 So-m-meng
9633d07bcb86b96e,mos,,folktale,1,,,"303 Ned sã n yãg tɩ malge, a sã n maag-a-meng-n-yɩɩda.","(Si on fait bien dans la précipitation, on fait mieux dans le calme).",,,,,,,,,,,,https://mooreburkina.com/fr/contes-proverbes/proverbes-en-moor%C3%A9-vol-8,https://media.ipsapps.org/mos/ora/p8/,apps/136b55dfefd5d767/01-001-023.html,adjacent_french_segment,0.75,needs_review,281 So-m-meng
1033f2b3cd40fb0f,mos,,folktale,1,,,304 Gãabg yeelame tɩ ned sã n deem n lobg bɩ f reem n yɩke.,"(Pour le corbeau, coup de pierre amusant fait appel à vol amusant).",,,,,,,,,,,,https://mooreburkina.com/fr/contes-proverbes/proverbes-en-moor%C3%A9-vol-8,https://media.ipsapps.org/mos/ora/p8/,apps/136b55dfefd5d767/01-001-024.html,adjacent_french_segment,0.75,needs_review,281 So-m-meng
84f5fbe2b522eca1,mos,,folktale,1,,,305 Ned sã n wãb yiu bɩ a ra yĩm yibeoog saag yell ye.,(Que celui qui mange des éphémères montre de la gratitude envers la pluie matinale).,,,,,,,,,,,,https://mooreburkina.com/fr/contes-proverbes/proverbes-en-moor%C3%A9-vol-8,https://media.ipsapps.org/mos/ora/p8/,apps/136b55dfefd5d767/01-001-025.html,adjacent_french_segment,0.75,needs_review,281 So-m-meng
d81ab9eff44a94ac,mos,,folktale,1,,,"306 Yõnk n lub yaa ka-pãnga, la zaoẽ n tẽgdẽ wã yaa ka-neda.",(On peut te terrasser par manque de force mais que ton adversaire te triture est une preuve que tu n’as personne pour te défendre).,,,,,,,,,,,,https://mooreburkina.com/fr/contes-proverbes/proverbes-en-moor%C3%A9-vol-8,https://media.ipsapps.org/mos/ora/p8/,apps/136b55dfefd5d767/01-001-026.html,adjacent_french_segment,0.75,needs_review,281 So-m-meng
213b176fc1eca94e,mos,,folktale,1,,,"307 Kũum ka yãbd a pid doog ye, yãbda mi-a soaba.",(On pleure pour la mort de quelqu’un qu’on connait non de celui dont la grande forme mérite de vivre).,,,,,,,,,,,,https://mooreburkina.com/fr/contes-proverbes/proverbes-en-moor%C3%A9-vol-8,https://media.ipsapps.org/mos/ora/p8/,apps/136b55dfefd5d767/01-001-027.html,adjacent_french_segment,0.75,needs_review,281 So-m-meng
52a2e10b239d366b,mos,,folktale,1,,,"308 Ned sã n yũ rãam n tʋ-f, bɩ f wãb kae n pãb-a.","(Si quelqu’un s’enivre de dolo pour vous insulter, mangez la malte pour le frapper).",,,,,,,,,,,,https://mooreburkina.com/fr/contes-proverbes/proverbes-en-moor%C3%A9-vol-8,https://media.ipsapps.org/mos/ora/p8/,apps/136b55dfefd5d767/01-001-028.html,adjacent_french_segment,0.75,needs_review,281 So-m-meng
cd5ae5683dcc8c4f,mos,,folktale,1,,,309 Zɩlemd ne yẽn bee ne taab la b zabda taaba.,"(Bien que la langue et les dents cohabitent, il leur arrive de se quereller).",,,,,,,,,,,,https://mooreburkina.com/fr/contes-proverbes/proverbes-en-moor%C3%A9-vol-8,https://media.ipsapps.org/mos/ora/p8/,apps/136b55dfefd5d767/01-001-029.html,adjacent_french_segment,0.75,needs_review,281 So-m-meng
fcdd13baedc1ff5d,mos,,folktale,1,,,"310 Ned kʋʋd-a-ma-bʋʋga, n zãms sɩɩbo.","(Pour apprendre à dépecer, un bouché devrait commencer avec la chèvre de sa mère).",,,,,,,,,,,,https://mooreburkina.com/fr/contes-proverbes/proverbes-en-moor%C3%A9-vol-8,https://media.ipsapps.org/mos/ora/p8/,apps/136b55dfefd5d767/01-001-030.html,adjacent_french_segment,0.75,needs_review,281 So-m-meng
d4547becbe04b1cb,mos,,folktale,1,,,"311 Ned nug sã n be baag noorẽ, a beleng n são.","(Celui qui a sa main dans la gueule d’un chien, a intérêt à l’amadouer).",,,,,,,,,,,,https://mooreburkina.com/fr/contes-proverbes/proverbes-en-moor%C3%A9-vol-8,https://media.ipsapps.org/mos/ora/p8/,apps/136b55dfefd5d767/01-001-031.html,adjacent_french_segment,0.75,needs_review,281 So-m-meng
26a4256c787b7282,mos,,folktale,1,,,312 Bʋʋg ka rʋʋd neer t’a biig pa tẽng ye.,"(Si une chèvre monte sur une meule, son petit ne reste pas à terre).",,,,,,,,,,,,https://mooreburkina.com/fr/contes-proverbes/proverbes-en-moor%C3%A9-vol-8,https://media.ipsapps.org/mos/ora/p8/,apps/136b55dfefd5d767/01-001-032.html,adjacent_french_segment,0.75,needs_review,281 So-m-meng
83c77744f2c87331,mos,,folktale,1,,,"313 Maam n kẽ la m ka rɩk ye, wagda kasma.",(Qui dit être entré dans la maison mais refuse d’avoir volé est le premier inculpé).,,,,,,,,,,,,https://mooreburkina.com/fr/contes-proverbes/proverbes-en-moor%C3%A9-vol-8,https://media.ipsapps.org/mos/ora/p8/,apps/136b55dfefd5d767/01-001-033.html,adjacent_french_segment,0.75,needs_review,281 So-m-meng
71a07a4bc76c9675,mos,,folktale,1,,,314 Baag ka kiid tɩ ãbs laadẽ n ye.,(La mort d’un chien ne fait pas la joie de ses puces étant donné qu’elles iront au feu avec le cadavre de l’animal).,,,,,,,,,,,,https://mooreburkina.com/fr/contes-proverbes/proverbes-en-moor%C3%A9-vol-8,https://media.ipsapps.org/mos/ora/p8/,apps/136b55dfefd5d767/01-001-034.html,adjacent_french_segment,0.75,needs_review,281 So-m-meng
2ba821994a3cde96,mos,,folktale,1,,,"315 Gʋɩɩn-n-vãoog sẽn tar a bugum samde, sam-kõn-sʋke.","(Si la feuille du nénuphar doit quelque chose au feu, il lui sera impossible de réclamer sa dette).",,,,,,,,,,,,https://mooreburkina.com/fr/contes-proverbes/proverbes-en-moor%C3%A9-vol-8,https://media.ipsapps.org/mos/ora/p8/,apps/136b55dfefd5d767/01-001-035.html,adjacent_french_segment,0.75,needs_review,281 So-m-meng
4bb68e780e1ac812,mos,,folktale,1,,,"316 Ned sã n tõe n kʋ bʋʋg n maan doaaga, a ka zabd noaag yãad poorẽ n ye.","(Celui qui a la possibilité de donner une chèvre en aumône, évite les disputes pour des intestins d’une poule).",,,,,,,,,,,,https://mooreburkina.com/fr/contes-proverbes/proverbes-en-moor%C3%A9-vol-8,https://media.ipsapps.org/mos/ora/p8/,apps/136b55dfefd5d767/01-001-036.html,adjacent_french_segment,0.75,needs_review,281 So-m-meng
6ef8fd51f1857588,mos,,folktale,1,,,317 Kõbr zã-n-kaosg yooda baag yam.,"(À trop garder un os en main, on finit par semer le doute dans la tête du chien).",,,,,,,,,,,,https://mooreburkina.com/fr/contes-proverbes/proverbes-en-moor%C3%A9-vol-8,https://media.ipsapps.org/mos/ora/p8/,apps/136b55dfefd5d767/01-001-037.html,adjacent_french_segment,0.75,needs_review,281 So-m-meng
943b9071b820ffc1,mos,,folktale,1,,,"318 Wĩir sã n kao tɩ b tõke, a lebga yodre.","(Même renouée, une corde coupée fait la différence par son aspect noduleux).",,,,,,,,,,,,https://mooreburkina.com/fr/contes-proverbes/proverbes-en-moor%C3%A9-vol-8,https://media.ipsapps.org/mos/ora/p8/,apps/136b55dfefd5d767/01-001-038.html,adjacent_french_segment,0.75,needs_review,281 So-m-meng
a0c07ea1c02c8de1,mos,,folktale,1,,,319 Koos-tɩ-ka-ra sãoa ka-tar-n-koosdẽ.,(Qui se plaint du manque de clients s’en sort encore mieux que celui qui n’a rien à vendre).,,,,,,,,,,,,https://mooreburkina.com/fr/contes-proverbes/proverbes-en-moor%C3%A9-vol-8,https://media.ipsapps.org/mos/ora/p8/,apps/136b55dfefd5d767/01-001-039.html,adjacent_french_segment,0.75,needs_review,281 So-m-meng
79f9db6caa0d1d75,mos,,folktale,1,,,"320 Katr sã n ka paam kãan-sõngo, a ka yõkd bʋʋg ye.","(Avant de s’aventurer sur une chèvre, une hyène s’assure une cachette sécurisante).",,,,,,,,,,,,https://mooreburkina.com/fr/contes-proverbes/proverbes-en-moor%C3%A9-vol-8,https://media.ipsapps.org/mos/ora/p8/,apps/136b55dfefd5d767/01-001-040.html,adjacent_french_segment,0.75,needs_review,281 So-m-meng
139bab5a8165143d,mos,,folktale,1,,,321 Ned ka tog n mum kũum n kell a nao yɩng ye.,(L’on ne devrait pas enterrer un cadavre et laisser ses pieds hors de la tombe).,,,,,,,,,,,,https://mooreburkina.com/fr/contes-proverbes/proverbes-en-moor%C3%A9-vol-8,https://media.ipsapps.org/mos/ora/p8/,apps/136b55dfefd5d767/01-001-041.html,adjacent_french_segment,0.75,needs_review,281 So-m-meng
9f0086833abf080c,mos,,folktale,1,,,"322 Wẽnd pãng yɩɩda naam pãnga, la Wẽnd ka ningd naam yãnd ye.","(Dieu est au-dessus de toute autorité, mais il n’humilie pas le chef).",,,,,,,,,,,,https://mooreburkina.com/fr/contes-proverbes/proverbes-en-moor%C3%A9-vol-8,https://media.ipsapps.org/mos/ora/p8/,apps/136b55dfefd5d767/01-001-042.html,adjacent_french_segment,0.75,needs_review,281 So-m-meng
efb3610748a3c3ee,mos,,folktale,40,,,29 M dapoor poanda? - M zɩ-a. - Ninsaal tʋʋmd n doand-a.,30 Sa goama.,,,,,,,,,,,,https://mooreburkina.com/fr/contes-proverbes/devinettes-en-moor%C3%A9,https://media.ipsapps.org/mos/ora/devin/,apps/30f5f4df4d1322d5/02-B002-001.html,adjacent_french_segment,0.75,needs_review,16 M tab-rʋko
41bcbc3aed66a4fb,mos,,folktale,25,,,56 M pe-zẽnemde. - M zɩ-a.,- Nangr la solemde.,,,,,,,,,,,,https://mooreburkina.com/fr/contes-proverbes/devinettes-en-moor%C3%A9,https://media.ipsapps.org/mos/ora/devin/,apps/30f5f4df4d1322d5/16-B016-001.html,adjacent_french_segment,0.75,needs_review,48 M sẽnema pid yoko
1e06d492fcef76eb,mos,,folktale,1,,,"41 Ned sã n leo gʋɩɩla n da bʋʋg ti yẽbg yõke, a leba a yiri.","(Si quelqu’un achetait une chèvre sur la vente de nénuphar et qu’un caïman la dévore, elle serait retournée à sa place d’origine).",,,,,,,,,,,,https://mooreburkina.com/fr/contes-proverbes/proverbes-en-moor%C3%A9-vol-2,https://media.ipsapps.org/mos/ora/p2/,apps/47124a3514d01aef/01-001-001.html,adjacent_french_segment,0.75,needs_review,Prov 41-80
ea11f507139c5b00,mos,,folktale,1,,,42 Ka reng roog la gõeem ye.,(Se coucher avant les autres ne fait pas dormir avant eux).,,,,,,,,,,,,https://mooreburkina.com/fr/contes-proverbes/proverbes-en-moor%C3%A9-vol-2,https://media.ipsapps.org/mos/ora/p2/,apps/47124a3514d01aef/01-001-002.html,adjacent_french_segment,0.75,needs_review,Prov 41-80
bfcb0f20f3bf38a3,mos,,folktale,1,,,43 Ned ka rengd bokẽ t’a zʋʋr pa yɩng ye.,(On ne devrait pas être le premier à se cacher dans un trou et laisser trainer sa queue à l’extérieur).,,,,,,,,,,,,https://mooreburkina.com/fr/contes-proverbes/proverbes-en-moor%C3%A9-vol-2,https://media.ipsapps.org/mos/ora/p2/,apps/47124a3514d01aef/01-001-003.html,adjacent_french_segment,0.75,needs_review,Prov 41-80
4fbfe3d151d07e0c,mos,,folktale,1,,,"44 Ka reng dog n mi wobg ye, yaa gõ-wẽoog n mi wobgo.","(Ne connait pas l’éléphant qui est plus âgé, mais qui a fait la brousse).",,,,,,,,,,,,https://mooreburkina.com/fr/contes-proverbes/proverbes-en-moor%C3%A9-vol-2,https://media.ipsapps.org/mos/ora/p2/,apps/47124a3514d01aef/01-001-004.html,adjacent_french_segment,0.75,needs_review,Prov 41-80
f4456df6bdca3a30,mos,,folktale,1,,,"45 Ned sã n yet-a noaag yaa kaam, bɩ y yet-a kiisda bũgum.","(Si quelqu’un se vante d’avoir une poule grasse, abondez dans son sens en disant que sa graisse éteint le feu).",,,,,,,,,,,,https://mooreburkina.com/fr/contes-proverbes/proverbes-en-moor%C3%A9-vol-2,https://media.ipsapps.org/mos/ora/p2/,apps/47124a3514d01aef/01-001-005.html,adjacent_french_segment,0.75,needs_review,Prov 41-80
9064ebf687997319,mos,,folktale,1,,,"46 Rat n sẽ liuul, n yaool n ka rat t’a karg kãb ye.",(Il ne faut pas vouloir griller un oiseau et ne pas vouloir cramer ses pattes).,,,,,,,,,,,,https://mooreburkina.com/fr/contes-proverbes/proverbes-en-moor%C3%A9-vol-2,https://media.ipsapps.org/mos/ora/p2/,apps/47124a3514d01aef/01-001-006.html,adjacent_french_segment,0.75,needs_review,Prov 41-80
b1655df262c73ce9,mos,,folktale,1,,,47 Yẽsg n gãe pʋg yãanga.,(C’est par le dialogue qu’on gagne les sentiments d’une vieille).,,,,,,,,,,,,https://mooreburkina.com/fr/contes-proverbes/proverbes-en-moor%C3%A9-vol-2,https://media.ipsapps.org/mos/ora/p2/,apps/47124a3514d01aef/01-001-007.html,adjacent_french_segment,0.75,needs_review,Prov 41-80
777070ee2355d31c,mos,,folktale,1,,,"48 Katr sã n tẽeg a sẽn dɩ zaamẽ, a kẽeda tẽng ne wĩntoogo.","(Si l’hyène se rappelle de ce qu’elle a mangé la veille, elle fonce en plein jour dans le village,",,,,,,,,,,,,https://mooreburkina.com/fr/contes-proverbes/proverbes-en-moor%C3%A9-vol-2,https://media.ipsapps.org/mos/ora/p2/,apps/47124a3514d01aef/01-001-008.html,adjacent_french_segment,0.75,needs_review,Prov 41-80
ef8d3a73bbb86541,mos,,folktale,1,,,"49 Ned sã n ka tar a ba-yir pãng, bɩ a tall a ma-yir pãnga.",(Si quelqu’un manque de poids chez son père qu’il en trouve chez sa mère).,,,,,,,,,,,,https://mooreburkina.com/fr/contes-proverbes/proverbes-en-moor%C3%A9-vol-2,https://media.ipsapps.org/mos/ora/p2/,apps/47124a3514d01aef/01-001-009.html,adjacent_french_segment,0.75,needs_review,Prov 41-80
8a835d28945d7e9e,mos,,folktale,1,,,"50 Sagl tɩ kareeg bee ne yãaga, la nen sind bee ne ninkẽema.","(Le refus de conseil relève d’un enfant, mais la responsabilité de conseiller revient au vieux).",,,,,,,,,,,,https://mooreburkina.com/fr/contes-proverbes/proverbes-en-moor%C3%A9-vol-2,https://media.ipsapps.org/mos/ora/p2/,apps/47124a3514d01aef/01-001-010.html,adjacent_french_segment,0.75,needs_review,Prov 41-80
f38bb820db2d536d,mos,,folktale,1,,,"51 Ba-yir ka lobgd ne kugr ye, lobgda ne tãndagre.","(On ne jette pas de pierres sur sa patrie, mais, des mottes de terre).",,,,,,,,,,,,https://mooreburkina.com/fr/contes-proverbes/proverbes-en-moor%C3%A9-vol-2,https://media.ipsapps.org/mos/ora/p2/,apps/47124a3514d01aef/01-001-011.html,adjacent_french_segment,0.75,needs_review,Prov 41-80
a4f99fcec23c17d9,mos,,folktale,1,,,"52 Ned sã n yet tɩ yẽ ka zoet-n-bas a ba raboogo, sẽn yɩɩd-a ba, n ka wa.","(Si quelqu’un jure de ne jamais abandonner la maison de son défunt père, il n’a pas encore eu affaire à plus fort que son père).",,,,,,,,,,,,https://mooreburkina.com/fr/contes-proverbes/proverbes-en-moor%C3%A9-vol-2,https://media.ipsapps.org/mos/ora/p2/,apps/47124a3514d01aef/01-001-012.html,adjacent_french_segment,0.75,needs_review,Prov 41-80
30ec82e3493c3fdc,mos,,folktale,1,,,53 A mi ned são-a a mi tẽnga.,(Il vaut mieux connaitre un citadin que de connaitre la ville).,,,,,,,,,,,,https://mooreburkina.com/fr/contes-proverbes/proverbes-en-moor%C3%A9-vol-2,https://media.ipsapps.org/mos/ora/p2/,apps/47124a3514d01aef/01-001-013.html,adjacent_french_segment,0.75,needs_review,Prov 41-80
0f55aa1f77229f39,mos,,folktale,1,,,"54 Taam-bil sã n dɩk a ma wombo, a na wom ne yẽga.","(Si la repousse du karité imite le vieux tronc, elle produira jusqu’aux racines).",,,,,,,,,,,,https://mooreburkina.com/fr/contes-proverbes/proverbes-en-moor%C3%A9-vol-2,https://media.ipsapps.org/mos/ora/p2/,apps/47124a3514d01aef/01-001-014.html,adjacent_french_segment,0.75,needs_review,Prov 41-80
13e5b14303f96fa9,mos,,folktale,1,,,55 Bi-kaseng rigb yaa : f ka na n kẽ bɩ f yi.,"(Pour refuser l’accueil à un adulte, voilà la formule : si tu ne rentres pas, tu t’en vas).",,,,,,,,,,,,https://mooreburkina.com/fr/contes-proverbes/proverbes-en-moor%C3%A9-vol-2,https://media.ipsapps.org/mos/ora/p2/,apps/47124a3514d01aef/01-001-015.html,adjacent_french_segment,0.75,needs_review,Prov 41-80
deb5ce7d151cbfda,mos,,folktale,1,,,56 A beeg-n-mi-tiir-ye-tɩ-tẽng-na n-wã.,(Qui a offensé dit à l’avance que ça va barder).,,,,,,,,,,,,https://mooreburkina.com/fr/contes-proverbes/proverbes-en-moor%C3%A9-vol-2,https://media.ipsapps.org/mos/ora/p2/,apps/47124a3514d01aef/01-001-016.html,adjacent_french_segment,0.75,needs_review,Prov 41-80
9df8c5162f1cc481,mos,,folktale,1,,,"57 Bũmb sã n yɩɩd-fo, a gãong vuud-f lame.",(Si un animal vous surplombe sa peau peut vous emporter).,,,,,,,,,,,,https://mooreburkina.com/fr/contes-proverbes/proverbes-en-moor%C3%A9-vol-2,https://media.ipsapps.org/mos/ora/p2/,apps/47124a3514d01aef/01-001-017.html,adjacent_french_segment,0.75,needs_review,Prov 41-80
485aecbeb4542757,mos,,folktale,1,,,58 F ba sã n be pʋɩɩrẽ bɩ f bas lɩɩs-toogo.,"(Si ton père fait partie de l’équipe chargée du partage, il t’est inutile de garder les yeux rivés sur le gâteau).",,,,,,,,,,,,https://mooreburkina.com/fr/contes-proverbes/proverbes-en-moor%C3%A9-vol-2,https://media.ipsapps.org/mos/ora/p2/,apps/47124a3514d01aef/01-001-018.html,adjacent_french_segment,0.75,needs_review,Prov 41-80
25a52679b4e89845,mos,,folktale,1,,,"59 Yam-yɩɩd-m-zoa, sãamda zoodo.",(Plus rusé que son ami nuit à l’amitié).,,,,,,,,,,,,https://mooreburkina.com/fr/contes-proverbes/proverbes-en-moor%C3%A9-vol-2,https://media.ipsapps.org/mos/ora/p2/,apps/47124a3514d01aef/01-001-019.html,adjacent_french_segment,0.75,needs_review,Prov 41-80
32920f64d5102386,mos,,folktale,1,,,60 Sũ-noog la yo-yɩgre.,(Cœur joyeux précède érection).,,,,,,,,,,,,https://mooreburkina.com/fr/contes-proverbes/proverbes-en-moor%C3%A9-vol-2,https://media.ipsapps.org/mos/ora/p2/,apps/47124a3514d01aef/01-001-020.html,adjacent_french_segment,0.75,needs_review,Prov 41-80
a7cdcd68a3474fae,mos,,folktale,1,,,"61 Biig sã n ka yãbd me, a rat a ma.",(Ce n’est pas parce qu’un bébé ne pleure pas qu’il ne veut pas voir sa mère).,,,,,,,,,,,,https://mooreburkina.com/fr/contes-proverbes/proverbes-en-moor%C3%A9-vol-2,https://media.ipsapps.org/mos/ora/p2/,apps/47124a3514d01aef/01-001-021.html,adjacent_french_segment,0.75,needs_review,Prov 41-80
e086d1f8aef3b14c,mos,,folktale,1,,,"62 Ned ka nong a rataag me, bɩ a pẽg-a t’a ka kood ne a raolem ye.","(Même si quelqu’un n’aime pas son rival, qu’il reconnaisse les efforts de ce dernier au champ car il ne cultive pas à l’aide de son sexe).",,,,,,,,,,,,https://mooreburkina.com/fr/contes-proverbes/proverbes-en-moor%C3%A9-vol-2,https://media.ipsapps.org/mos/ora/p2/,apps/47124a3514d01aef/01-001-022.html,adjacent_french_segment,0.75,needs_review,Prov 41-80
a3b71eb8d0db56d1,mos,,folktale,1,,,"63 Wãam kong wedre, n yet-a miisa.",(Le singe trouve aigre la liane qui échappe à son contrôle).,,,,,,,,,,,,https://mooreburkina.com/fr/contes-proverbes/proverbes-en-moor%C3%A9-vol-2,https://media.ipsapps.org/mos/ora/p2/,apps/47124a3514d01aef/01-001-023.html,adjacent_french_segment,0.75,needs_review,Prov 41-80
37ebfe283acb5c36,mos,,folktale,1,,,"64 Ned sã n sẽdg-f-poor, bɩ-f-widg-f-nenga.",(Fais l’effort de te débarbouiller quand tu trouves quelqu’un pour te rincer le dos).,,,,,,,,,,,,https://mooreburkina.com/fr/contes-proverbes/proverbes-en-moor%C3%A9-vol-2,https://media.ipsapps.org/mos/ora/p2/,apps/47124a3514d01aef/01-001-024.html,adjacent_french_segment,0.75,needs_review,Prov 41-80
fbcf49bf5a2aef1c,mos,,folktale,1,,,65 Nug-bi yang ka wʋkd zom ye.,(Il est impossible de ramasser de la farine avec un seul doigt).,,,,,,,,,,,,https://mooreburkina.com/fr/contes-proverbes/proverbes-en-moor%C3%A9-vol-2,https://media.ipsapps.org/mos/ora/p2/,apps/47124a3514d01aef/01-001-025.html,adjacent_french_segment,0.75,needs_review,Prov 41-80
1e3f2df6c07e6729,mos,,folktale,3,,,"Autrement dit,",l’union fait la force.,,,,,,,,,,,,https://mooreburkina.com/fr/contes-proverbes/proverbes-en-moor%C3%A9-vol-2,https://media.ipsapps.org/mos/ora/p2/,apps/47124a3514d01aef/01-001-025.html,adjacent_french_segment,0.75,needs_review,Prov 41-80
eb4e6753e841b88c,mos,,folktale,1,,,66 Wẽnd põda rũmd n zems rõabga.,(Le Bon Dieu a formé le genou de sorte à rendre possible la position accroupie).,,,,,,,,,,,,https://mooreburkina.com/fr/contes-proverbes/proverbes-en-moor%C3%A9-vol-2,https://media.ipsapps.org/mos/ora/p2/,apps/47124a3514d01aef/01-001-026.html,adjacent_french_segment,0.75,needs_review,Prov 41-80
06537ec11e2cf61c,mos,,folktale,1,,,"67 Pondr ka yõgd pag la, a rõabg ka neer ye.","(Même si le crapaud ne convoite pas une femme, sa posture laisse à désirer).",,,,,,,,,,,,https://mooreburkina.com/fr/contes-proverbes/proverbes-en-moor%C3%A9-vol-2,https://media.ipsapps.org/mos/ora/p2/,apps/47124a3514d01aef/01-001-027.html,adjacent_french_segment,0.75,needs_review,Prov 41-80
5bc43fbf1687db8f,mos,,folktale,1,,,68 Nif yãab ka rɩɩb tɩ baag gãe kom ye.,"(Si tout ce qui se voyait se mangeait, le chien ne passerait jamais la nuit à jeun).",,,,,,,,,,,,https://mooreburkina.com/fr/contes-proverbes/proverbes-en-moor%C3%A9-vol-2,https://media.ipsapps.org/mos/ora/p2/,apps/47124a3514d01aef/01-001-028.html,adjacent_french_segment,0.75,needs_review,Prov 41-80
441443e30bc6e03d,mos,,folktale,1,,,"69 Tẽng sã n zãr, a to n be taoore.","(Si quelqu’un se plaint de l’éloignement d’un village, qu’il sache qu’il y a un autre plus loin).",,,,,,,,,,,,https://mooreburkina.com/fr/contes-proverbes/proverbes-en-moor%C3%A9-vol-2,https://media.ipsapps.org/mos/ora/p2/,apps/47124a3514d01aef/01-001-029.html,adjacent_french_segment,0.75,needs_review,Prov 41-80
76dd8bc3b73fe55b,mos,,folktale,1,,,"70 Lar sã n noomẽ, a to n ke a sãala.","(Si on juge une hache tranchante, il est bon de se rappeler que c’est une autre qui a servi à réunir le charbon à sa confection).",,,,,,,,,,,,https://mooreburkina.com/fr/contes-proverbes/proverbes-en-moor%C3%A9-vol-2,https://media.ipsapps.org/mos/ora/p2/,apps/47124a3514d01aef/01-001-030.html,adjacent_french_segment,0.75,needs_review,Prov 41-80
d4b89ccf23d3cd59,mos,,folktale,1,,,72 Wagdr pag yɩɩd a sɩda.,(La femme du voleur est pire que son mari).,,,,,,,,,,,,https://mooreburkina.com/fr/contes-proverbes/proverbes-en-moor%C3%A9-vol-2,https://media.ipsapps.org/mos/ora/p2/,apps/47124a3514d01aef/01-001-032.html,adjacent_french_segment,0.75,needs_review,Prov 41-80
efdc444b56625748,mos,,folktale,1,,,73 Pʋ-tẽer soab n nigd no-sar koom sẽoogo.,(Qui songe à remplir un abreuvoir en plein hivernage a une mémoire fertile).,,,,,,,,,,,,https://mooreburkina.com/fr/contes-proverbes/proverbes-en-moor%C3%A9-vol-2,https://media.ipsapps.org/mos/ora/p2/,apps/47124a3514d01aef/01-001-033.html,adjacent_french_segment,0.75,needs_review,Prov 41-80
d7471bf7873caccf,mos,,folktale,1,,,"74 Pĩim sã n kẽ koɛɛga, bɩ b foog-a koɛɛga.",(Mieux vaut retirer une flèche à temps que de la laisser aller en profondeur).,,,,,,,,,,,,https://mooreburkina.com/fr/contes-proverbes/proverbes-en-moor%C3%A9-vol-2,https://media.ipsapps.org/mos/ora/p2/,apps/47124a3514d01aef/01-001-034.html,adjacent_french_segment,0.75,needs_review,Prov 41-80
b1f69d61b9a7c3d2,mos,,folktale,1,,,"75 Reed baaga, reoog n kʋʋd-a.",(Le chien qui chasse le phacochère finit sa vie entre les cornes d’un phacochère).,,,,,,,,,,,,https://mooreburkina.com/fr/contes-proverbes/proverbes-en-moor%C3%A9-vol-2,https://media.ipsapps.org/mos/ora/p2/,apps/47124a3514d01aef/01-001-035.html,adjacent_french_segment,0.75,needs_review,Prov 41-80
eab14482fdea6d45,mos,,folktale,1,,,76 Tak-tɩ-m-tak yaa wam-pɛɛga.,"(À force de tirer une calebasse entre deux, on finit par se retrouver avec deux morceaux inutiles).",,,,,,,,,,,,https://mooreburkina.com/fr/contes-proverbes/proverbes-en-moor%C3%A9-vol-2,https://media.ipsapps.org/mos/ora/p2/,apps/47124a3514d01aef/01-001-036.html,adjacent_french_segment,0.75,needs_review,Prov 41-80
cea06bfd6edf60f9,mos,,folktale,1,,,77 Kʋgsẽ n waogd bãoogo.,(Le grand nombre de caïlcédrat honore le bas-fond).,,,,,,,,,,,,https://mooreburkina.com/fr/contes-proverbes/proverbes-en-moor%C3%A9-vol-2,https://media.ipsapps.org/mos/ora/p2/,apps/47124a3514d01aef/01-001-037.html,adjacent_french_segment,0.75,needs_review,Prov 41-80
8a3c9c8d48ef96f2,mos,,folktale,1,,,78 Wam-zaok n be tɩ wam-sãag põaasa.,(C’est parce qu’il y’a une vieille calebasse qu’on épargne la nouvelle de vils usages).,,,,,,,,,,,,https://mooreburkina.com/fr/contes-proverbes/proverbes-en-moor%C3%A9-vol-2,https://media.ipsapps.org/mos/ora/p2/,apps/47124a3514d01aef/01-001-038.html,adjacent_french_segment,0.75,needs_review,Prov 41-80
5ff5f0cbe32c0fe4,mos,,folktale,1,,,"79 Kugr sã n yi yĩngri, ned fãa pĩid a zugu.","(Lorsqu’une pierre tombe d’en-haut, chacun met sa tête à l’abri).",,,,,,,,,,,,https://mooreburkina.com/fr/contes-proverbes/proverbes-en-moor%C3%A9-vol-2,https://media.ipsapps.org/mos/ora/p2/,apps/47124a3514d01aef/01-001-039.html,adjacent_french_segment,0.75,needs_review,Prov 41-80
20c8fa898ac4eceb,mos,,folktale,1,,,80 Wẽ-n-pẽdg n kʋʋd waafo.,(C’est en multipliant les coups qu’on vient à bout d’un serpent).,,,,,,,,,,,,https://mooreburkina.com/fr/contes-proverbes/proverbes-en-moor%C3%A9-vol-2,https://media.ipsapps.org/mos/ora/p2/,apps/47124a3514d01aef/01-001-040.html,adjacent_french_segment,0.75,needs_review,Prov 41-80
ba5cefdca7f9c7e8,mos,,folktale,1,,,"201 Koob sã n noomẽ, roog-tɩ-d-kuli-n-yɩɩda.","(Même si le travail champêtre procure du plaisir, il est nécessaire de se donner du repos par moment).",,,,,,,,,,,,https://mooreburkina.com/fr/contes-proverbes/proverbes-en-moor%C3%A9-vol-6,https://media.ipsapps.org/mos/ora/p6/,apps/51d4913eadccae77/01-001-001.html,adjacent_french_segment,0.75,needs_review,"201 Koob sã n noomẽ, roog"
4089cdfd37a21cdf,mos,,folktale,1,,,202 A-mi n dɩt a-zɩ.,(Celui qui a de la science profite toujours de celui qui n’en a pas).,,,,,,,,,,,,https://mooreburkina.com/fr/contes-proverbes/proverbes-en-moor%C3%A9-vol-6,https://media.ipsapps.org/mos/ora/p6/,apps/51d4913eadccae77/01-001-002.html,adjacent_french_segment,0.75,needs_review,"201 Koob sã n noomẽ, roog"
8c9054d6bbb71d8d,mos,,folktale,1,,,203 Nao sẽn kɩɩs taab la wobendo.,(On ne parle de boiteux que lorsque les jambes refusent de parler le même langage).,,,,,,,,,,,,https://mooreburkina.com/fr/contes-proverbes/proverbes-en-moor%C3%A9-vol-6,https://media.ipsapps.org/mos/ora/p6/,apps/51d4913eadccae77/01-001-003.html,adjacent_french_segment,0.75,needs_review,"201 Koob sã n noomẽ, roog"
cf5cb8ade517932c,mos,,folktale,1,,,204 Raolem nen-yiling ka ling warb-saod ye.,"(Les vertiges de la verge ne surprennent en rien un danseur de ""warba”).",,,,,,,,,,,,https://mooreburkina.com/fr/contes-proverbes/proverbes-en-moor%C3%A9-vol-6,https://media.ipsapps.org/mos/ora/p6/,apps/51d4913eadccae77/01-001-004.html,adjacent_french_segment,0.75,needs_review,"201 Koob sã n noomẽ, roog"
a6ec8ad847ba49ea,mos,,folktale,1,,,"205 Saag n soonda, sũm ka sẽed ye.",(Injuste est de vouloir se mettre à l’abri de la pluie et refuser de griller du pois de terre).,,,,,,,,,,,,https://mooreburkina.com/fr/contes-proverbes/proverbes-en-moor%C3%A9-vol-6,https://media.ipsapps.org/mos/ora/p6/,apps/51d4913eadccae77/01-001-005.html,adjacent_french_segment,0.75,needs_review,"201 Koob sã n noomẽ, roog"
75fafc00db95afe5,mos,,folktale,1,,,"206 Sẽn be põeer yamẽ wã, n be kukur kãarẽ.",(Le bâton est armé des mêmes intentions que la vipère).,,,,,,,,,,,,https://mooreburkina.com/fr/contes-proverbes/proverbes-en-moor%C3%A9-vol-6,https://media.ipsapps.org/mos/ora/p6/,apps/51d4913eadccae77/01-001-006.html,adjacent_french_segment,0.75,needs_review,"201 Koob sã n noomẽ, roog"
09566b43d29ae54f,mos,,folktale,1,,,207 Yɩɩn-kʋdg ka baod reesg ye.,(Une ancienne chanson n’a nullement besoin de refrain).,,,,,,,,,,,,https://mooreburkina.com/fr/contes-proverbes/proverbes-en-moor%C3%A9-vol-6,https://media.ipsapps.org/mos/ora/p6/,apps/51d4913eadccae77/01-001-007.html,adjacent_french_segment,0.75,needs_review,"201 Koob sã n noomẽ, roog"
7c09ba7e812ab73a,mos,,folktale,1,,,"208 Sã n yet tɩ kʋdem, dẽ tɩ kʋdẽn-kam dɩkame.",(Pas besoin d’effort à expliquer le fonctionnement d’un système à celui qui le connait déjà).,,,,,,,,,,,,https://mooreburkina.com/fr/contes-proverbes/proverbes-en-moor%C3%A9-vol-6,https://media.ipsapps.org/mos/ora/p6/,apps/51d4913eadccae77/01-001-008.html,adjacent_french_segment,0.75,needs_review,"201 Koob sã n noomẽ, roog"
1276ce514d6a50c1,mos,,folktale,1,,,209 Biig get a ba sẽn tõe n paame.,(Un enfant a intérêt à convoiter ce dont son père a le pouvoir de se procurer).,,,,,,,,,,,,https://mooreburkina.com/fr/contes-proverbes/proverbes-en-moor%C3%A9-vol-6,https://media.ipsapps.org/mos/ora/p6/,apps/51d4913eadccae77/01-001-009.html,adjacent_french_segment,0.75,needs_review,"201 Koob sã n noomẽ, roog"
43fc8aaba8580ca1,mos,,folktale,1,,,210 Ned sã n ka tõe sõy bɩ a keremd a bãada.,(Que celui qui manque de pouvoir de protection éloigne son malade du sorcier).,,,,,,,,,,,,https://mooreburkina.com/fr/contes-proverbes/proverbes-en-moor%C3%A9-vol-6,https://media.ipsapps.org/mos/ora/p6/,apps/51d4913eadccae77/01-001-010.html,adjacent_french_segment,0.75,needs_review,"201 Koob sã n noomẽ, roog"
d01bba1a4e233e03,mos,,folktale,1,,,"211 Yɩng baag sã n wa zãad kõbre, zakẽ n baag n yi ne-a.",(C’est par le chien de l’intérieur que celui de l’extérieur peut avoir accès à un os préalablement gardé dans une cuisine).,,,,,,,,,,,,https://mooreburkina.com/fr/contes-proverbes/proverbes-en-moor%C3%A9-vol-6,https://media.ipsapps.org/mos/ora/p6/,apps/51d4913eadccae77/01-001-011.html,adjacent_french_segment,0.75,needs_review,"201 Koob sã n noomẽ, roog"
572fd04a8d8013e5,mos,,folktale,1,,,"212 Ned sã n kae yiri, a bʋʋg rogda boeese.","(Celui qui s’absente ne trouve que des boucs dans son enclos à son retour, jamais des chèvres).",,,,,,,,,,,,https://mooreburkina.com/fr/contes-proverbes/proverbes-en-moor%C3%A9-vol-6,https://media.ipsapps.org/mos/ora/p6/,apps/51d4913eadccae77/01-001-012.html,adjacent_french_segment,0.75,needs_review,"201 Koob sã n noomẽ, roog"
c51ba56ff4ea4369,mos,,folktale,1,,,213 Pʋʋg kinkirg ka teeg pʋʋg sag-basdem ye.,"(Les esprits dans un champ, ne dépendent pas des miettes).",,,,,,,,,,,,https://mooreburkina.com/fr/contes-proverbes/proverbes-en-moor%C3%A9-vol-6,https://media.ipsapps.org/mos/ora/p6/,apps/51d4913eadccae77/01-001-013.html,adjacent_french_segment,0.75,needs_review,"201 Koob sã n noomẽ, roog"
0a08fbfd57223293,mos,,folktale,1,,,"214 M ka na n beelg m dɛɛmb tɩ m na n kõ-a-la gɛla, la m ka noaag-n-lobd-m-toor ye.",(Je refuse de promettre des œufs à mon beau-père alors que je ne vais pas en pondre moi-même).,,,,,,,,,,,,https://mooreburkina.com/fr/contes-proverbes/proverbes-en-moor%C3%A9-vol-6,https://media.ipsapps.org/mos/ora/p6/,apps/51d4913eadccae77/01-001-014.html,adjacent_french_segment,0.75,needs_review,"201 Koob sã n noomẽ, roog"
d08fe54a8b9694a4,mos,,folktale,1,,,215 Ne-y kẽnd sãoa ne-y zĩiga.,(Il vaut mieux qu’on vous dise bonne arrivée que de rester à la même place).,,,,,,,,,,,,https://mooreburkina.com/fr/contes-proverbes/proverbes-en-moor%C3%A9-vol-6,https://media.ipsapps.org/mos/ora/p6/,apps/51d4913eadccae77/01-001-015.html,adjacent_french_segment,0.75,needs_review,"201 Koob sã n noomẽ, roog"
10805a1e1b8fe442,mos,,folktale,1,,,216 Ra-bilimdg ka mokd mogd ye.,(Une bûche en perpétuel mouvement est à l’abri des termites).,,,,,,,,,,,,https://mooreburkina.com/fr/contes-proverbes/proverbes-en-moor%C3%A9-vol-6,https://media.ipsapps.org/mos/ora/p6/,apps/51d4913eadccae77/01-001-016.html,adjacent_french_segment,0.75,needs_review,"201 Koob sã n noomẽ, roog"
1bed6803332f4c45,mos,,folktale,1,,,217 Reeg n takem são-a loog n gãande.,(Avaler des miettes vaut mieux que dormir à jeun).,,,,,,,,,,,,https://mooreburkina.com/fr/contes-proverbes/proverbes-en-moor%C3%A9-vol-6,https://media.ipsapps.org/mos/ora/p6/,apps/51d4913eadccae77/01-001-017.html,adjacent_french_segment,0.75,needs_review,"201 Koob sã n noomẽ, roog"
f9a1ac9981fcb7e9,mos,,folktale,1,,,218 Pʋg-n-zãad bãgdo.,(C’est le ventre qui soutient les épaules).,,,,,,,,,,,,https://mooreburkina.com/fr/contes-proverbes/proverbes-en-moor%C3%A9-vol-6,https://media.ipsapps.org/mos/ora/p6/,apps/51d4913eadccae77/01-001-018.html,adjacent_french_segment,0.75,needs_review,"201 Koob sã n noomẽ, roog"
e87bfbca8cc90786,mos,,folktale,1,,,219 Yũbl-n-be tɩ lar bugda.,(C’est la présence de l’épaule qui garantit la place à une daba).,,,,,,,,,,,,https://mooreburkina.com/fr/contes-proverbes/proverbes-en-moor%C3%A9-vol-6,https://media.ipsapps.org/mos/ora/p6/,apps/51d4913eadccae77/01-001-019.html,adjacent_french_segment,0.75,needs_review,"201 Koob sã n noomẽ, roog"
10137b3b78495ef1,mos,,folktale,1,,,220 Lar sã n kae a kẽnga keebo.,"(Si une hache est absente, elle est allée pour couper quelque chose).",,,,,,,,,,,,https://mooreburkina.com/fr/contes-proverbes/proverbes-en-moor%C3%A9-vol-6,https://media.ipsapps.org/mos/ora/p6/,apps/51d4913eadccae77/01-001-020.html,adjacent_french_segment,0.75,needs_review,"201 Koob sã n noomẽ, roog"
922028050d49d39a,mos,,folktale,1,,,"221 Bõe-n-be liuul noorẽ, tɩ ka sĩb-pako?",(Que peut-on trouver dans le bec d’un oiseau sinon la peau d’un fruit)?,,,,,,,,,,,,https://mooreburkina.com/fr/contes-proverbes/proverbes-en-moor%C3%A9-vol-6,https://media.ipsapps.org/mos/ora/p6/,apps/51d4913eadccae77/01-001-021.html,adjacent_french_segment,0.75,needs_review,"201 Koob sã n noomẽ, roog"
4a663848574e149f,mos,,folktale,1,,,222 Bõe n na n dɩk nang biig a ma poor zugu?,(Qui ose détacher le petit du scorpion du dos de sa mère?),,,,,,,,,,,,https://mooreburkina.com/fr/contes-proverbes/proverbes-en-moor%C3%A9-vol-6,https://media.ipsapps.org/mos/ora/p6/,apps/51d4913eadccae77/01-001-022.html,adjacent_french_segment,0.75,needs_review,"201 Koob sã n noomẽ, roog"
470d85eb25354197,mos,,folktale,1,,,223 Yʋng-noaag ka sãoor ye.,(Un poulet dépecé dans la nuit manque de foie).,,,,,,,,,,,,https://mooreburkina.com/fr/contes-proverbes/proverbes-en-moor%C3%A9-vol-6,https://media.ipsapps.org/mos/ora/p6/,apps/51d4913eadccae77/01-001-023.html,adjacent_french_segment,0.75,needs_review,"201 Koob sã n noomẽ, roog"
1641cb7fd838557e,mos,,folktale,1,,,"224 Rat-n-kʋ-yalma, t’a yet tɩ b rãmsd-a nodre.","(Abordé par une vindicte populaire, un insensé se plaint de ses anciennes plaies ignorant que l’objectif c’est de l’assassiner).",,,,,,,,,,,,https://mooreburkina.com/fr/contes-proverbes/proverbes-en-moor%C3%A9-vol-6,https://media.ipsapps.org/mos/ora/p6/,apps/51d4913eadccae77/01-001-024.html,adjacent_french_segment,0.75,needs_review,"201 Koob sã n noomẽ, roog"
bb9cf10d50e0765d,mos,,folktale,1,,,225 Ned ka rʋʋd n wẽbs n sig n lob ye.,"(On ne devrait pas vérifier la maturité d’un fruit en le tâtant du haut de l’arbre puis, descendre le cueillir à coups de bâton alors qu’on pouvait le faire facilement de la main).",,,,,,,,,,,,https://mooreburkina.com/fr/contes-proverbes/proverbes-en-moor%C3%A9-vol-6,https://media.ipsapps.org/mos/ora/p6/,apps/51d4913eadccae77/01-001-025.html,adjacent_french_segment,0.75,needs_review,"201 Koob sã n noomẽ, roog"
54da18157ea89bb4,mos,,folktale,1,,,"226 Bõnyẽeg tog ne waka,","la h’a! (Le lion aurait mieux joué le rôle de l’âne dans le transport de marchandises, mais il n’y a personne pour oser le charger).",,,,,,,,,,,,https://mooreburkina.com/fr/contes-proverbes/proverbes-en-moor%C3%A9-vol-6,https://media.ipsapps.org/mos/ora/p6/,apps/51d4913eadccae77/01-001-026.html,adjacent_french_segment,0.75,needs_review,"201 Koob sã n noomẽ, roog"
d32c910325ea89b5,mos,,folktale,5,,,"Bõnyẽeg tog ne waka,",la h’a!,,,,,,,,,,,,https://mooreburkina.com/fr/contes-proverbes/proverbes-en-moor%C3%A9-vol-6,https://media.ipsapps.org/mos/ora/p6/,apps/51d4913eadccae77/01-001-026.html,adjacent_french_segment,0.75,needs_review,"201 Koob sã n noomẽ, roog"
d7db2d3900ad9336,mos,,folktale,1,,,"227 Rɩ-n-ka-namse, yaa ki-n-ka-bẽ.",(S’enrichir sans peine c’est mourir sans cause).,,,,,,,,,,,,https://mooreburkina.com/fr/contes-proverbes/proverbes-en-moor%C3%A9-vol-6,https://media.ipsapps.org/mos/ora/p6/,apps/51d4913eadccae77/01-001-027.html,adjacent_french_segment,0.75,needs_review,"201 Koob sã n noomẽ, roog"
3b59e20074505108,mos,,folktale,1,,,228 Nangur waoor la a sẽebo.,"(Griller de l’arachide, c’est encore la respecter [puisqu’on peut en manger à l’état frais]).",,,,,,,,,,,,https://mooreburkina.com/fr/contes-proverbes/proverbes-en-moor%C3%A9-vol-6,https://media.ipsapps.org/mos/ora/p6/,apps/51d4913eadccae77/01-001-028.html,adjacent_french_segment,0.75,needs_review,"201 Koob sã n noomẽ, roog"
5f4769af5ba00be4,mos,,folktale,1,,,229 Ned yam tɩɩg la a tãpo.,(L’on se sert de la branche de l’arbre de son choix pour fabriquer son arc).,,,,,,,,,,,,https://mooreburkina.com/fr/contes-proverbes/proverbes-en-moor%C3%A9-vol-6,https://media.ipsapps.org/mos/ora/p6/,apps/51d4913eadccae77/01-001-029.html,adjacent_french_segment,0.75,needs_review,"201 Koob sã n noomẽ, roog"
dd317020d912abd7,mos,,folktale,1,,,"230 Nemd sẽn ya zaalem zĩig ningã, bugum kae n sẽed ye.","(Là où la viande se trouve sans frais, il n’y a pas de feu pour la griller).",,,,,,,,,,,,https://mooreburkina.com/fr/contes-proverbes/proverbes-en-moor%C3%A9-vol-6,https://media.ipsapps.org/mos/ora/p6/,apps/51d4913eadccae77/01-001-030.html,adjacent_french_segment,0.75,needs_review,"201 Koob sã n noomẽ, roog"
35e1996d8f005202,mos,,folktale,1,,,"231 Na-bɩ-n-yẽege, nin-kẽẽm yag-tõgdo.",(L’enfant qu’on dit s’éveiller avec l’âge finit par être un vieux gaga).,,,,,,,,,,,,https://mooreburkina.com/fr/contes-proverbes/proverbes-en-moor%C3%A9-vol-6,https://media.ipsapps.org/mos/ora/p6/,apps/51d4913eadccae77/01-001-031.html,adjacent_french_segment,0.75,needs_review,"201 Koob sã n noomẽ, roog"
76958b4a4fda9953,mos,,folktale,1,,,232 Lingr sãamda raoodo.,(La surprise désarme).,,,,,,,,,,,,https://mooreburkina.com/fr/contes-proverbes/proverbes-en-moor%C3%A9-vol-6,https://media.ipsapps.org/mos/ora/p6/,apps/51d4913eadccae77/01-001-032.html,adjacent_french_segment,0.75,needs_review,"201 Koob sã n noomẽ, roog"
018ad21163e811b5,mos,,folktale,1,,,233 Zabr sã n ka na n vaal bɩ f reng wẽedo.,(Il vaut mieux donner le premier coup au cas où une bagarre devient inévitable).,,,,,,,,,,,,https://mooreburkina.com/fr/contes-proverbes/proverbes-en-moor%C3%A9-vol-6,https://media.ipsapps.org/mos/ora/p6/,apps/51d4913eadccae77/01-001-033.html,adjacent_french_segment,0.75,needs_review,"201 Koob sã n noomẽ, roog"
479a22ea728850d2,mos,,folktale,1,,,234 Nẽba fãa mɩɩ pʋgyãanga yʋʋr la boond tɩb yaaba.,(Tous connaissent le nom de la vielle mais on l’appelle grand-mère).,,,,,,,,,,,,https://mooreburkina.com/fr/contes-proverbes/proverbes-en-moor%C3%A9-vol-6,https://media.ipsapps.org/mos/ora/p6/,apps/51d4913eadccae77/01-001-034.html,adjacent_french_segment,0.75,needs_review,"201 Koob sã n noomẽ, roog"
02163760521ea7ba,mos,,folktale,1,,,235 Paam-bʋʋm ka yas na-yir ye.,(Celui qui a gagné son procès n’a aucun intérêt à trainer les pas au palais).,,,,,,,,,,,,https://mooreburkina.com/fr/contes-proverbes/proverbes-en-moor%C3%A9-vol-6,https://media.ipsapps.org/mos/ora/p6/,apps/51d4913eadccae77/01-001-035.html,adjacent_french_segment,0.75,needs_review,"201 Koob sã n noomẽ, roog"
15a077db3a67f911,mos,,folktale,1,,,"236 Bugvãr yeelame t’a bee bokẽ a ye, la a ka be tɩɩg tẽngr a ye ye.",(Le grillon dit qu’il est seul dans son trou mais pas sous l’arbre).,,,,,,,,,,,,https://mooreburkina.com/fr/contes-proverbes/proverbes-en-moor%C3%A9-vol-6,https://media.ipsapps.org/mos/ora/p6/,apps/51d4913eadccae77/01-001-036.html,adjacent_french_segment,0.75,needs_review,"201 Koob sã n noomẽ, roog"
fff403352bad5769,mos,,folktale,1,,,237 Sẽn wa pagd-n-tũud sore.,(Le son de chaque graine parcourt les rues selon sa saison).,,,,,,,,,,,,https://mooreburkina.com/fr/contes-proverbes/proverbes-en-moor%C3%A9-vol-6,https://media.ipsapps.org/mos/ora/p6/,apps/51d4913eadccae77/01-001-037.html,adjacent_french_segment,0.75,needs_review,"201 Koob sã n noomẽ, roog"
6c8c52e8529b1479,mos,,folktale,1,,,238 Ka bĩnd dugdug la yũug ye.,(L’odeur d’une selle n’attend pas sa quantité).,,,,,,,,,,,,https://mooreburkina.com/fr/contes-proverbes/proverbes-en-moor%C3%A9-vol-6,https://media.ipsapps.org/mos/ora/p6/,apps/51d4913eadccae77/01-001-038.html,adjacent_french_segment,0.75,needs_review,"201 Koob sã n noomẽ, roog"
d07283125a0f3436,mos,,folktale,1,,,239 Baas neer sãoa sɩng neere.,(Bien finir vaut mieux que bien commencer).,,,,,,,,,,,,https://mooreburkina.com/fr/contes-proverbes/proverbes-en-moor%C3%A9-vol-6,https://media.ipsapps.org/mos/ora/p6/,apps/51d4913eadccae77/01-001-039.html,adjacent_french_segment,0.75,needs_review,"201 Koob sã n noomẽ, roog"
b933e877018d7efa,mos,,folktale,1,,,240 Ned sẽn malg-n-kong sãoa ned sẽn sãam-n-tõoge.,(Mieux vaut échouer en voulant bien faire que réussir dans le mal).,,,,,,,,,,,,https://mooreburkina.com/fr/contes-proverbes/proverbes-en-moor%C3%A9-vol-6,https://media.ipsapps.org/mos/ora/p6/,apps/51d4913eadccae77/01-001-040.html,adjacent_french_segment,0.75,needs_review,"201 Koob sã n noomẽ, roog"
3627b895a4d320dd,mos,,folktale,1,,,1 Baag ka wãbd gãngãogẽ n le yaas n ges reem ye.,(Un chien n’ose pas attendre la suite de la danse après avoir mangé le tam-tam).,,,,,,,,,,,,https://mooreburkina.com/fr/contes-et-proverbes-en-moor%C3%A9/proverbes-en-moor%C3%A9-vol-1,https://media.ipsapps.org/mos/ora/p1/,apps/589194f3b1dd5b91/01-001-001.html,adjacent_french_segment,0.75,needs_review,Prov 1-40
17c92c6a95145d99,mos,,folktale,1,,,"2 M kẽnda m na paam noaag yiri, m ka kẽnd a noos waoog yir ye.","(Mieux vaut se rendre chez celui auprès de qui, on est sûr d’avoir un poulet que d’aller chez celui qui en a en grand nombre).",,,,,,,,,,,,https://mooreburkina.com/fr/contes-et-proverbes-en-moor%C3%A9/proverbes-en-moor%C3%A9-vol-1,https://media.ipsapps.org/mos/ora/p1/,apps/589194f3b1dd5b91/01-001-002.html,adjacent_french_segment,0.75,needs_review,Prov 1-40
66c7c8c050e4220c,mos,,folktale,1,,,3 Bõnpoak yãnd yaa yẽbg yãnde.,(L’humiliation du margouillat est celle du caïman).,,,,,,,,,,,,https://mooreburkina.com/fr/contes-et-proverbes-en-moor%C3%A9/proverbes-en-moor%C3%A9-vol-1,https://media.ipsapps.org/mos/ora/p1/,apps/589194f3b1dd5b91/01-001-003.html,adjacent_french_segment,0.75,needs_review,Prov 1-40
c569f09b52f12e4f,mos,,folktale,1,,,"4 Zĩrẽ zoeta yʋʋm tusri, tɩ sɩd wa yõk-a raar a ye.","(En une journée de course, la vérité rattrape le mensonge sur sa course de mille ans).",,,,,,,,,,,,https://mooreburkina.com/fr/contes-et-proverbes-en-moor%C3%A9/proverbes-en-moor%C3%A9-vol-1,https://media.ipsapps.org/mos/ora/p1/,apps/589194f3b1dd5b91/01-001-004.html,adjacent_french_segment,0.75,needs_review,Prov 1-40
3f77d23c507f6a3e,mos,,folktale,1,,,5 Sẽn togs-a zõang ma kʋʋr n gãt-a nugu.,(Celui qui annonce à un aveugle les funérailles de sa mère sera chargé de l’y conduire).,,,,,,,,,,,,https://mooreburkina.com/fr/contes-et-proverbes-en-moor%C3%A9/proverbes-en-moor%C3%A9-vol-1,https://media.ipsapps.org/mos/ora/p1/,apps/589194f3b1dd5b91/01-001-005.html,adjacent_french_segment,0.75,needs_review,Prov 1-40
46129894ee91a21e,mos,,folktale,1,,,"6 Bas-m goabga, sõng tɩ b ra gãd n yɩɩda.",(Lâche mon bras! C’est bien mais n’attrape pas mon bras ! C’est encore mieux).,,,,,,,,,,,,https://mooreburkina.com/fr/contes-et-proverbes-en-moor%C3%A9/proverbes-en-moor%C3%A9-vol-1,https://media.ipsapps.org/mos/ora/p1/,apps/589194f3b1dd5b91/01-001-006.html,adjacent_french_segment,0.75,needs_review,Prov 1-40
058f15de068d9734,mos,,folktale,6,,,"Autrement dit,",mieux vaut prévenir que guérir.,,,,,,,,,,,,https://mooreburkina.com/fr/contes-et-proverbes-en-moor%C3%A9/proverbes-en-moor%C3%A9-vol-1,https://media.ipsapps.org/mos/ora/p1/,apps/589194f3b1dd5b91/01-001-006.html,adjacent_french_segment,0.75,needs_review,Prov 1-40
0abba2f6ad9923d3,mos,,folktale,1,,,7 Pagb yɩɩd taab ka pend bedrem ye.,"(Dire qu’une telle femme est meilleure à une autre, est une comparaison qui ne se situe pas au niveau des sexes).",,,,,,,,,,,,https://mooreburkina.com/fr/contes-et-proverbes-en-moor%C3%A9/proverbes-en-moor%C3%A9-vol-1,https://media.ipsapps.org/mos/ora/p1/,apps/589194f3b1dd5b91/01-001-007.html,adjacent_french_segment,0.75,needs_review,Prov 1-40
b52e461670e1b703,mos,,folktale,1,,,8 Pʋg rʋmd ka mi t’a sɩd yaa naab ye.,(La dulcinée d’un chef n’a d’aucun égard pour sa grandeur).,,,,,,,,,,,,https://mooreburkina.com/fr/contes-et-proverbes-en-moor%C3%A9/proverbes-en-moor%C3%A9-vol-1,https://media.ipsapps.org/mos/ora/p1/,apps/589194f3b1dd5b91/01-001-008.html,adjacent_french_segment,0.75,needs_review,Prov 1-40
9cd1de267ca184b7,mos,,folktale,1,,,"9 Ned sã n wa rigd n yĩida, rɩ tɩ gãe n yĩid n kae.",(Celui qui poursuit sa proie manque d’une autre à portée de main).,,,,,,,,,,,,https://mooreburkina.com/fr/contes-et-proverbes-en-moor%C3%A9/proverbes-en-moor%C3%A9-vol-1,https://media.ipsapps.org/mos/ora/p1/,apps/589194f3b1dd5b91/01-001-009.html,adjacent_french_segment,0.75,needs_review,Prov 1-40
bcf6a92b2c6ed65a,mos,,folktale,1,,,10 Ba-bil yeelame tɩ maoor noog yaa lub-m tɩ m lub-fo.,(Le chiot trouve que le jeu est plus intéressant quand on se terrasse réciproquement).,,,,,,,,,,,,https://mooreburkina.com/fr/contes-et-proverbes-en-moor%C3%A9/proverbes-en-moor%C3%A9-vol-1,https://media.ipsapps.org/mos/ora/p1/,apps/589194f3b1dd5b91/01-001-010.html,adjacent_french_segment,0.75,needs_review,Prov 1-40
939c1f2be1880fb7,mos,,folktale,1,,,11 Ki n boond noaaga.,(Ce sont les grains qui attirent la poule).,,,,,,,,,,,,https://mooreburkina.com/fr/contes-et-proverbes-en-moor%C3%A9/proverbes-en-moor%C3%A9-vol-1,https://media.ipsapps.org/mos/ora/p1/,apps/589194f3b1dd5b91/01-001-011.html,adjacent_french_segment,0.75,needs_review,Prov 1-40
149e15845fd07f71,mos,,folktale,1,,,"12 To saoog n dɩkda, to zʋg ka rɩkd ye.","(On peut copier la danse d’autrui, pas ses défauts).",,,,,,,,,,,,https://mooreburkina.com/fr/contes-et-proverbes-en-moor%C3%A9/proverbes-en-moor%C3%A9-vol-1,https://media.ipsapps.org/mos/ora/p1/,apps/589194f3b1dd5b91/01-001-012.html,adjacent_french_segment,0.75,needs_review,Prov 1-40
335798b63e3272a6,mos,,folktale,1,,,"13 Ned sã n kẽnd kiu-kiu, bɩ a tẽeg lama-lama yelle.","(Si quelqu’un marche à grands pas, parce que fort, il doit songer aux jours où il marchera à petits pas, faute d’énergie).",,,,,,,,,,,,https://mooreburkina.com/fr/contes-et-proverbes-en-moor%C3%A9/proverbes-en-moor%C3%A9-vol-1,https://media.ipsapps.org/mos/ora/p1/,apps/589194f3b1dd5b91/01-001-013.html,adjacent_french_segment,0.75,needs_review,Prov 1-40
76a3b9ba575db828,mos,,folktale,1,,,14 Biig ka yã a ma wẽnd n ye t’a ba sãam ligdi.,"(Parce que l’enfant n’a pas connu sa mère pendant sa jeunesse, il estime qu’en l’épousant, son père a effectué des dépenses qui n’en valaient pas la peine).",,,,,,,,,,,,https://mooreburkina.com/fr/contes-et-proverbes-en-moor%C3%A9/proverbes-en-moor%C3%A9-vol-1,https://media.ipsapps.org/mos/ora/p1/,apps/589194f3b1dd5b91/01-001-014.html,adjacent_french_segment,0.75,needs_review,Prov 1-40
de17307a46e8a734,mos,,folktale,1,,,"15 Saag sã n pãb noaga, a mit n daad-a.","(Achète une poule à grand prix, qui la connaissait avant qu’elle ne soit mouillée) ou encore (à vil prix, poule mouillée).",,,,,,,,,,,,https://mooreburkina.com/fr/contes-et-proverbes-en-moor%C3%A9/proverbes-en-moor%C3%A9-vol-1,https://media.ipsapps.org/mos/ora/p1/,apps/589194f3b1dd5b91/01-001-015.html,adjacent_french_segment,0.75,needs_review,Prov 1-40
7dc39387f80e8c73,mos,,folktale,1,,,"16 Ned tõeeme n tɩ baa gãande, la a ka tõe ta a muma nin ye.",(On peut obliger un chien à se coucher mais pas à fermer les yeux).,,,,,,,,,,,,https://mooreburkina.com/fr/contes-et-proverbes-en-moor%C3%A9/proverbes-en-moor%C3%A9-vol-1,https://media.ipsapps.org/mos/ora/p1/,apps/589194f3b1dd5b91/01-001-016.html,adjacent_french_segment,0.75,needs_review,Prov 1-40
34c278f92f7e1363,mos,,folktale,1,,,"17 Bi-bɛɛg sã n be ra-poore, a to n be nin-taore.",(L’intrépide de l’Est a intérêt à savoir qu’il y a un autre à l’Ouest).,,,,,,,,,,,,https://mooreburkina.com/fr/contes-et-proverbes-en-moor%C3%A9/proverbes-en-moor%C3%A9-vol-1,https://media.ipsapps.org/mos/ora/p1/,apps/589194f3b1dd5b91/01-001-017.html,adjacent_french_segment,0.75,needs_review,Prov 1-40
c632eab50109caa5,mos,,folktale,1,,,"18 Wʋm tɩ lar kʋʋd yẽbga, ka rɩkd n lob koomẽ ye.","(S’il est vrai qu’à l’aide d’une hache on peut tuer un caïman, ce n’est pas en la balançant dans l’eau).",,,,,,,,,,,,https://mooreburkina.com/fr/contes-et-proverbes-en-moor%C3%A9/proverbes-en-moor%C3%A9-vol-1,https://media.ipsapps.org/mos/ora/p1/,apps/589194f3b1dd5b91/01-001-018.html,adjacent_french_segment,0.75,needs_review,Prov 1-40
3dd9b9f6fc40ea87,mos,,folktale,1,,,"19 Ned sã n ka ki, bɩ a ra sõda yẽn ye.","(Tant qu’on vit, il est inutile de se compter les dents).",,,,,,,,,,,,https://mooreburkina.com/fr/contes-et-proverbes-en-moor%C3%A9/proverbes-en-moor%C3%A9-vol-1,https://media.ipsapps.org/mos/ora/p1/,apps/589194f3b1dd5b91/01-001-019.html,adjacent_french_segment,0.75,needs_review,Prov 1-40
fb6d31b8045c5438,mos,,folktale,1,,,"20 Yẽnd sã n ya a ye, bɩ a yɩ pɛɛlga.","(Si quelqu’un n’a qu’une dent, qu’elle soit au moins propre).",,,,,,,,,,,,https://mooreburkina.com/fr/contes-et-proverbes-en-moor%C3%A9/proverbes-en-moor%C3%A9-vol-1,https://media.ipsapps.org/mos/ora/p1/,apps/589194f3b1dd5b91/01-001-020.html,adjacent_french_segment,0.75,needs_review,Prov 1-40
f2137ccc0a98ef04,mos,,folktale,1,,,"21 Rulg yeelame tɩ saol kegr, yãa pĩnda.",(Le calao berce son bébé loin de son nez par expérience).,,,,,,,,,,,,https://mooreburkina.com/fr/contes-et-proverbes-en-moor%C3%A9/proverbes-en-moor%C3%A9-vol-1,https://media.ipsapps.org/mos/ora/p1/,apps/589194f3b1dd5b91/01-001-021.html,adjacent_french_segment,0.75,needs_review,Prov 1-40
203f434b5e761888,mos,,folktale,1,,,"22 Zug sã n põnge, ka pam ye.","(Une tête rasée n’est pas damée) ou (s’il vous arrive de raser un ingrat ne vous en faites pas, il reviendra tôt ou tard).",,,,,,,,,,,,https://mooreburkina.com/fr/contes-et-proverbes-en-moor%C3%A9/proverbes-en-moor%C3%A9-vol-1,https://media.ipsapps.org/mos/ora/p1/,apps/589194f3b1dd5b91/01-001-022.html,adjacent_french_segment,0.75,needs_review,Prov 1-40
e8968ddeae4c77ac,mos,,folktale,1,,,"23 Kɩɩm sã n pãb ned yʋngo, a ges-a-la wĩntoogo.","(Avant d’attaquer une personne de nuit, le fantôme l’a d’abord bien regardé dans la journée pour savoir s’il en sera capable).",,,,,,,,,,,,https://mooreburkina.com/fr/contes-et-proverbes-en-moor%C3%A9/proverbes-en-moor%C3%A9-vol-1,https://media.ipsapps.org/mos/ora/p1/,apps/589194f3b1dd5b91/01-001-023.html,adjacent_french_segment,0.75,needs_review,Prov 1-40
da5acd1c7dbeb973,mos,,folktale,1,,,"24 Ra wa-m yiri, yaa ra wa-m yiy a yiibu.","(En interdisant une personne de venir chez vous, n’oubliez pas que du même coup, vous vous interdisez l’accès de son domicile).",,,,,,,,,,,,https://mooreburkina.com/fr/contes-et-proverbes-en-moor%C3%A9/proverbes-en-moor%C3%A9-vol-1,https://media.ipsapps.org/mos/ora/p1/,apps/589194f3b1dd5b91/01-001-024.html,adjacent_french_segment,0.75,needs_review,Prov 1-40
e2460ad529f6d1de,mos,,folktale,1,,,25 Koadeng yeelame tɩ yõor la gɛla.,"(La perdrix dit : protéger ses œufs, c’est bien, mais soi-même d’abord).",,,,,,,,,,,,https://mooreburkina.com/fr/contes-et-proverbes-en-moor%C3%A9/proverbes-en-moor%C3%A9-vol-1,https://media.ipsapps.org/mos/ora/p1/,apps/589194f3b1dd5b91/01-001-025.html,adjacent_french_segment,0.75,needs_review,Prov 1-40
fad958d2a339b65f,mos,,folktale,1,,,26 Baag yõgd a velem yĩnga.,(Le chien chasse pour satisfaire sa propre envie de manger de la viande).,,,,,,,,,,,,https://mooreburkina.com/fr/contes-et-proverbes-en-moor%C3%A9/proverbes-en-moor%C3%A9-vol-1,https://media.ipsapps.org/mos/ora/p1/,apps/589194f3b1dd5b91/01-001-026.html,adjacent_french_segment,0.75,needs_review,Prov 1-40
aba0b4f34acc6aab,mos,,folktale,1,,,27 Pag yood-a a na sãõoga sɩda.,(Une femme se taille un amant dans l’espoir de surpasser son mari).,,,,,,,,,,,,https://mooreburkina.com/fr/contes-et-proverbes-en-moor%C3%A9/proverbes-en-moor%C3%A9-vol-1,https://media.ipsapps.org/mos/ora/p1/,apps/589194f3b1dd5b91/01-001-027.html,adjacent_french_segment,0.75,needs_review,Prov 1-40
7b226f22617ce16c,mos,,folktale,1,,,"28 Yibeoog saag sã n ka wa ne boɛɛga, zaabr saag na wa ne-a.","(Si la pluie du matin manque de ramener un bouc dans l’enclot, celle du soir l’y ramènera).",,,,,,,,,,,,https://mooreburkina.com/fr/contes-et-proverbes-en-moor%C3%A9/proverbes-en-moor%C3%A9-vol-1,https://media.ipsapps.org/mos/ora/p1/,apps/589194f3b1dd5b91/01-001-028.html,adjacent_french_segment,0.75,needs_review,Prov 1-40
256f47ac0f145b7b,mos,,folktale,1,,,"29 Fo sã n yã ned ne a rɩɩgẽ bãaga, ra yet-a kõn ta beoog ye.","(Si tu vois quelqu’un trainant une maladie depuis une année, ne lui dis pas qu’il en mourra avant demain).",,,,,,,,,,,,https://mooreburkina.com/fr/contes-et-proverbes-en-moor%C3%A9/proverbes-en-moor%C3%A9-vol-1,https://media.ipsapps.org/mos/ora/p1/,apps/589194f3b1dd5b91/01-001-029.html,adjacent_french_segment,0.75,needs_review,Prov 1-40
08324372dca16523,mos,,folktale,1,,,30 Ned mɩɩ-a tõẽta laa ka mia kʋʋd ye.,"(Qui est plus fort que toi, tu sais ; mais qui est capable de te tuer, tu l’ignores).",,,,,,,,,,,,https://mooreburkina.com/fr/contes-et-proverbes-en-moor%C3%A9/proverbes-en-moor%C3%A9-vol-1,https://media.ipsapps.org/mos/ora/p1/,apps/589194f3b1dd5b91/01-001-030.html,adjacent_french_segment,0.75,needs_review,Prov 1-40
0dc576b83a0618ef,mos,,folktale,1,,,"31 Pãng sãn tũũd sore, bʋʋm bʋta moogo.","(Lorsque la force emprunte un chemin, la raison va dans le décor).",,,,,,,,,,,,https://mooreburkina.com/fr/contes-et-proverbes-en-moor%C3%A9/proverbes-en-moor%C3%A9-vol-1,https://media.ipsapps.org/mos/ora/p1/,apps/589194f3b1dd5b91/01-001-031.html,adjacent_french_segment,0.75,needs_review,Prov 1-40
e4aff6639c16daa8,mos,,folktale,1,,,"32 Noaag ka kongd koom daar a ye, n wãag no-sar ye.",(La poule ne devrait pas casser son abreuvoir pour une journée sans eau).,,,,,,,,,,,,https://mooreburkina.com/fr/contes-et-proverbes-en-moor%C3%A9/proverbes-en-moor%C3%A9-vol-1,https://media.ipsapps.org/mos/ora/p1/,apps/589194f3b1dd5b91/01-001-032.html,adjacent_french_segment,0.75,needs_review,Prov 1-40
d6b8c3f0ce47b244,mos,,folktale,1,,,33 Sugr soab yaa Wẽnnaam zoa.,(Qui sait pardonner est ami avec Dieu).,,,,,,,,,,,,https://mooreburkina.com/fr/contes-et-proverbes-en-moor%C3%A9/proverbes-en-moor%C3%A9-vol-1,https://media.ipsapps.org/mos/ora/p1/,apps/589194f3b1dd5b91/01-001-033.html,adjacent_french_segment,0.75,needs_review,Prov 1-40
6b2c476693eda644,mos,,folktale,1,,,34 Soaamb ka nobd-n-yɩɩg a gãong ye.,(Le lièvre ne peut grossir au-delà de l’élasticité de sa peau).,,,,,,,,,,,,https://mooreburkina.com/fr/contes-et-proverbes-en-moor%C3%A9/proverbes-en-moor%C3%A9-vol-1,https://media.ipsapps.org/mos/ora/p1/,apps/589194f3b1dd5b91/01-001-034.html,adjacent_french_segment,0.75,needs_review,Prov 1-40
fefd9c144474b81f,mos,,folktale,1,,,"35 Sũ-keelem la wãbre, yẽn gãee yaa zaalem.","(Pour croquer il faut du courage,",,,,,,,,,,,,https://mooreburkina.com/fr/contes-et-proverbes-en-moor%C3%A9/proverbes-en-moor%C3%A9-vol-1,https://media.ipsapps.org/mos/ora/p1/,apps/589194f3b1dd5b91/01-001-035.html,adjacent_french_segment,0.75,needs_review,Prov 1-40
c1da03a071dad912,mos,,folktale,1,,,36 Zãdg goabg rɩkda tẽnga.,"(Qui refuse de recevoir de la main gauche, ramasse par terre).",,,,,,,,,,,,https://mooreburkina.com/fr/contes-et-proverbes-en-moor%C3%A9/proverbes-en-moor%C3%A9-vol-1,https://media.ipsapps.org/mos/ora/p1/,apps/589194f3b1dd5b91/01-001-036.html,adjacent_french_segment,0.75,needs_review,Prov 1-40
e234e59ea4ec5f1d,mos,,folktale,1,,,37 Wãbr ne fɩɩlg ka naagd taab ye.,(On ne peut mâcher et siffler à la fois).,,,,,,,,,,,,https://mooreburkina.com/fr/contes-et-proverbes-en-moor%C3%A9/proverbes-en-moor%C3%A9-vol-1,https://media.ipsapps.org/mos/ora/p1/,apps/589194f3b1dd5b91/01-001-037.html,adjacent_french_segment,0.75,needs_review,Prov 1-40
bab571ac87426573,mos,,folktale,1,,,38 Ned met-a neer n zems a pag pende.,(Chacun construit sa meule à la taille de sa femme).,,,,,,,,,,,,https://mooreburkina.com/fr/contes-et-proverbes-en-moor%C3%A9/proverbes-en-moor%C3%A9-vol-1,https://media.ipsapps.org/mos/ora/p1/,apps/589194f3b1dd5b91/01-001-038.html,adjacent_french_segment,0.75,needs_review,Prov 1-40
2fb81d83d84f9b04,mos,,folktale,1,,,"39 Ned sã n ka feoog a sẽeg-n-gõaaga, a ka feoogd a karg gõaag ye.",(Qui n’a pas fini d’arracher une écharde de sa fesse ne se préoccupe pas de celle logée dans son pied).,,,,,,,,,,,,https://mooreburkina.com/fr/contes-et-proverbes-en-moor%C3%A9/proverbes-en-moor%C3%A9-vol-1,https://media.ipsapps.org/mos/ora/p1/,apps/589194f3b1dd5b91/01-001-039.html,adjacent_french_segment,0.75,needs_review,Prov 1-40
3822abb806f206b8,mos,,folktale,1,,,"40 Sũm-wagdr bas-a-meng-ne-Wẽnde, zĩ-soalgd kae ye.","(Surpris dans un champ de pois de terre, il ne reste au voleur que le secours du Bon Dieu car aucun refuge n’est disponible).",,,,,,,,,,,,https://mooreburkina.com/fr/contes-et-proverbes-en-moor%C3%A9/proverbes-en-moor%C3%A9-vol-1,https://media.ipsapps.org/mos/ora/p1/,apps/589194f3b1dd5b91/01-001-040.html,adjacent_french_segment,0.75,needs_review,Prov 1-40
095a9e21f1620059,mos,,folktale,1,,,1 Koadeng yet tɩ yõor la gẽla.,La perdrix dit que tant qu’il y a la vie il y a des œufs.,,,,,,,,,,,,https://mooreburkina.com/fr/contes-proverbes/proverbes-en-moor%C3%A9-vol-10,https://media.ipsapps.org/mos/ora/prv-v10/,apps/b93b4f5f06e5a9ef/01-B001-001.html,adjacent_french_segment,0.75,needs_review,1 Koadeng yet tɩ yõor la
a4ea5194971e3d28,mos,,folktale,3,,,2 Kodgr sã n ta boẽeg bɩ a nak a lemde.,Le bouc doit tendre le cou si c'est son tour d'être égorgé.,,,,,,,,,,,,https://mooreburkina.com/fr/contes-proverbes/proverbes-en-moor%C3%A9-vol-10,https://media.ipsapps.org/mos/ora/prv-v10/,apps/b93b4f5f06e5a9ef/01-B001-001.html,adjacent_french_segment,0.75,needs_review,1 Koadeng yet tɩ yõor la
21ae0ea2e08e95a5,mos,,folktale,5,,,3 Kom bĩnd sãada ne yam.,Les selles en période de famine s'évacuent avec prudence.,,,,,,,,,,,,https://mooreburkina.com/fr/contes-proverbes/proverbes-en-moor%C3%A9-vol-10,https://media.ipsapps.org/mos/ora/prv-v10/,apps/b93b4f5f06e5a9ef/01-B001-001.html,adjacent_french_segment,0.75,needs_review,1 Koadeng yet tɩ yõor la
7456b42cfd12afcd,mos,,folktale,7,,,4 Kom na yi la yãnd kõn sa ye.,"La faim finira, mais pas la honte.",,,,,,,,,,,,https://mooreburkina.com/fr/contes-proverbes/proverbes-en-moor%C3%A9-vol-10,https://media.ipsapps.org/mos/ora/prv-v10/,apps/b93b4f5f06e5a9ef/01-B001-001.html,adjacent_french_segment,0.75,needs_review,1 Koadeng yet tɩ yõor la
e1b6dd744e1efa9f,mos,,folktale,9,,,5 Kom rata a na wa bõn-bɩɩng wakato?,"Même si la famine veut, viendra-t-elle au moment des récoltes?",,,,,,,,,,,,https://mooreburkina.com/fr/contes-proverbes/proverbes-en-moor%C3%A9-vol-10,https://media.ipsapps.org/mos/ora/prv-v10/,apps/b93b4f5f06e5a9ef/01-B001-001.html,adjacent_french_segment,0.75,needs_review,1 Koadeng yet tɩ yõor la
036de6221ff011fc,mos,,folktale,11,,,"6 Kom-bi sã n mogd pusa, nin-kẽemb noy wãedame.","Si les enfants sucent du tamarin, les bouches des vieux deviennent aigres.",,,,,,,,,,,,https://mooreburkina.com/fr/contes-proverbes/proverbes-en-moor%C3%A9-vol-10,https://media.ipsapps.org/mos/ora/prv-v10/,apps/b93b4f5f06e5a9ef/01-B001-001.html,adjacent_french_segment,0.75,needs_review,1 Koadeng yet tɩ yõor la
738be35efe8889e5,mos,,folktale,13,,,"7 Kondkond tar yẽbga, tɩ bʋʋs na n paam koom n yũ.",Le crocodile est atteint d'oreillons et les chèvres vont boire l'eau à volonté.,,,,,,,,,,,,https://mooreburkina.com/fr/contes-proverbes/proverbes-en-moor%C3%A9-vol-10,https://media.ipsapps.org/mos/ora/prv-v10/,apps/b93b4f5f06e5a9ef/01-B001-001.html,adjacent_french_segment,0.75,needs_review,1 Koadeng yet tɩ yõor la
83178576ea483b78,mos,,folktale,15,,,"8 Konkobr ka ki a na nobe. Konkobr ne a na n pus kõbdo, a dagr nak yã.",Le temps que le coquelet mettra pour pousser des plumes son sexe poussera.,,,,,,,,,,,,https://mooreburkina.com/fr/contes-proverbes/proverbes-en-moor%C3%A9-vol-10,https://media.ipsapps.org/mos/ora/prv-v10/,apps/b93b4f5f06e5a9ef/01-B001-001.html,adjacent_french_segment,0.75,needs_review,1 Koadeng yet tɩ yõor la
a962108e33ce4b1e,mos,,folktale,18,,,9 Konkobr rɩ bãng kõn kẽng wɩbg bagr ye.,"Même si le poussin chétif est protégé, il ne va pas pour autant se faire consulter chez l'épervier devin.",,,,,,,,,,,,https://mooreburkina.com/fr/contes-proverbes/proverbes-en-moor%C3%A9-vol-10,https://media.ipsapps.org/mos/ora/prv-v10/,apps/b93b4f5f06e5a9ef/01-B001-001.html,adjacent_french_segment,0.75,needs_review,1 Koadeng yet tɩ yõor la
905f0a5f25b0e025,mos,,folktale,20,,,10 Koob nokɛɛmd ka wẽed sẽoog ye.,On ne discute pas pour savoir celui qui sait mieux cultiver en saison des pluies.,,,,,,,,,,,,https://mooreburkina.com/fr/contes-proverbes/proverbes-en-moor%C3%A9-vol-10,https://media.ipsapps.org/mos/ora/prv-v10/,apps/b93b4f5f06e5a9ef/01-B001-001.html,adjacent_french_segment,0.75,needs_review,1 Koadeng yet tɩ yõor la
b2d526b4b36cae66,mos,,folktale,22,,,"11 Koob sã n noome, ""Roog tɩ d kul"" n yɩɩda.","Si cultiver est intéressant, ""vient nous allons rentrer"" l'est plus.",,,,,,,,,,,,https://mooreburkina.com/fr/contes-proverbes/proverbes-en-moor%C3%A9-vol-10,https://media.ipsapps.org/mos/ora/prv-v10/,apps/b93b4f5f06e5a9ef/01-B001-001.html,adjacent_french_segment,0.75,needs_review,1 Koadeng yet tɩ yõor la
8447b9afda20198e,mos,,folktale,24,,,12 Koom dɩta a mita.,L'eau noie celui qui prétend le connaître.,,,,,,,,,,,,https://mooreburkina.com/fr/contes-proverbes/proverbes-en-moor%C3%A9-vol-10,https://media.ipsapps.org/mos/ora/prv-v10/,apps/b93b4f5f06e5a9ef/01-B001-001.html,adjacent_french_segment,0.75,needs_review,1 Koadeng yet tɩ yõor la
af67ed551b6b56af,mos,,folktale,27,,,"14 Koom pida kʋɩlg n lẽngdẽ, yẽedb laada, la zĩm-bi ka laad ye.","Si une rivière est en crue, les pêcheurs s'en réjouissent, mais pas les petits poissons.",,,,,,,,,,,,https://mooreburkina.com/fr/contes-proverbes/proverbes-en-moor%C3%A9-vol-10,https://media.ipsapps.org/mos/ora/prv-v10/,apps/b93b4f5f06e5a9ef/01-B001-001.html,adjacent_french_segment,0.75,needs_review,1 Koadeng yet tɩ yõor la
442354191189c5df,mos,,folktale,29,,,"15 Koom sã n daage, a wʋkr yaa toogo.",Une eau versé ne se ramasse pas.,,,,,,,,,,,,https://mooreburkina.com/fr/contes-proverbes/proverbes-en-moor%C3%A9-vol-10,https://media.ipsapps.org/mos/ora/prv-v10/,apps/b93b4f5f06e5a9ef/01-B001-001.html,adjacent_french_segment,0.75,needs_review,1 Koadeng yet tɩ yõor la
4dd7b880cfcdf895,mos,,folktale,1,,,"16 Koom sã n pa gudgi, a pa tisgd ye.","Si une eau ne se trouble pas, elle ne se décante pas.",,,,,,,,,,,,https://mooreburkina.com/fr/contes-proverbes/proverbes-en-moor%C3%A9-vol-10,https://media.ipsapps.org/mos/ora/prv-v10/,apps/b93b4f5f06e5a9ef/02-B002-001.html,adjacent_french_segment,0.75,needs_review,"16 Koom sã n pa gudgi, a"
975ad1a708cb6786,mos,,folktale,3,,,"17 Koom sã n poogẽ, vãoog n lʋɩ be.","Si une eau pourrit, c'est une feuille qui y est tombé.",,,,,,,,,,,,https://mooreburkina.com/fr/contes-proverbes/proverbes-en-moor%C3%A9-vol-10,https://media.ipsapps.org/mos/ora/prv-v10/,apps/b93b4f5f06e5a9ef/02-B002-001.html,adjacent_french_segment,0.75,needs_review,"16 Koom sã n pa gudgi, a"
73d5ee2b4e3385bb,mos,,folktale,5,,,"18 Koom sã n zoe n ta tãnga, a taa a tẽka.","Lorsque la rivière coule jusqu'au pied de la colline, elle a atteint la fin de la course.",,,,,,,,,,,,https://mooreburkina.com/fr/contes-proverbes/proverbes-en-moor%C3%A9-vol-10,https://media.ipsapps.org/mos/ora/prv-v10/,apps/b93b4f5f06e5a9ef/02-B002-001.html,adjacent_french_segment,0.75,needs_review,"16 Koom sã n pa gudgi, a"
00f432f104334888,mos,,folktale,8,,,20 Koom zoeta bẽgd zugu.,L'eau ne coule que sur la bare.,,,,,,,,,,,,https://mooreburkina.com/fr/contes-proverbes/proverbes-en-moor%C3%A9-vol-10,https://media.ipsapps.org/mos/ora/prv-v10/,apps/b93b4f5f06e5a9ef/02-B002-001.html,adjacent_french_segment,0.75,needs_review,"16 Koom sã n pa gudgi, a"
741bb389783c7c20,mos,,folktale,10,,,21 Kosenkond wẽ yẽbg n paam taale kõn paam nemdo.,"Un épervier qui s'abat sur un caiman ne peut apporter de la chair, mais repart sans satisfaction.",,,,,,,,,,,,https://mooreburkina.com/fr/contes-proverbes/proverbes-en-moor%C3%A9-vol-10,https://media.ipsapps.org/mos/ora/prv-v10/,apps/b93b4f5f06e5a9ef/02-B002-001.html,adjacent_french_segment,0.75,needs_review,"16 Koom sã n pa gudgi, a"
cf64bfc44515cdfb,mos,,folktale,13,,,23 Kõ n paas pa wẽ n paas ye.,Donner ajouter n'est pas taper ajouter.,,,,,,,,,,,,https://mooreburkina.com/fr/contes-proverbes/proverbes-en-moor%C3%A9-vol-10,https://media.ipsapps.org/mos/ora/prv-v10/,apps/b93b4f5f06e5a9ef/02-B002-001.html,adjacent_french_segment,0.75,needs_review,"16 Koom sã n pa gudgi, a"
31cfc5fd32301217,mos,,folktale,15,,,24 Kõbr zã n kaoos yooda baag yam.,"Si on tient un os pendant longtemps devant un chien, il finit par s'inquiéter.",,,,,,,,,,,,https://mooreburkina.com/fr/contes-proverbes/proverbes-en-moor%C3%A9-vol-10,https://media.ipsapps.org/mos/ora/prv-v10/,apps/b93b4f5f06e5a9ef/02-B002-001.html,adjacent_french_segment,0.75,needs_review,"16 Koom sã n pa gudgi, a"
d3b1ee2379a848fa,mos,,folktale,17,,,25 Kõn tʋm wã yaa kõn rɩ wã.,"A ne pas faire ceci, c'est à ne pas manger cela.",,,,,,,,,,,,https://mooreburkina.com/fr/contes-proverbes/proverbes-en-moor%C3%A9-vol-10,https://media.ipsapps.org/mos/ora/prv-v10/,apps/b93b4f5f06e5a9ef/02-B002-001.html,adjacent_french_segment,0.75,needs_review,"16 Koom sã n pa gudgi, a"
db7cdc3960411252,mos,,folktale,19,,,"26 Kugr sã n vũud raagẽ, ned fãa pĩida a zugu.",Quand un caillou fait du bruit au marché chacun protège sa tête.,,,,,,,,,,,,https://mooreburkina.com/fr/contes-proverbes/proverbes-en-moor%C3%A9-vol-10,https://media.ipsapps.org/mos/ora/prv-v10/,apps/b93b4f5f06e5a9ef/02-B002-001.html,adjacent_french_segment,0.75,needs_review,"16 Koom sã n pa gudgi, a"
46256c181b7aad60,mos,,folktale,21,,,"27 Kugr sã n yit yĩngr n watẽ, ned fãa pĩida a zugu.","Quand un caillou vient d'en haut, chacun protège sa tête.",,,,,,,,,,,,https://mooreburkina.com/fr/contes-proverbes/proverbes-en-moor%C3%A9-vol-10,https://media.ipsapps.org/mos/ora/prv-v10/,apps/b93b4f5f06e5a9ef/02-B002-001.html,adjacent_french_segment,0.75,needs_review,"16 Koom sã n pa gudgi, a"
7b95239cd97a1616,mos,,folktale,23,,,28 Kugr soonda bẽng n paam kaam.,Le caillou profite du haricot pour avoir du beurre.,,,,,,,,,,,,https://mooreburkina.com/fr/contes-proverbes/proverbes-en-moor%C3%A9-vol-10,https://media.ipsapps.org/mos/ora/prv-v10/,apps/b93b4f5f06e5a9ef/02-B002-001.html,adjacent_french_segment,0.75,needs_review,"16 Koom sã n pa gudgi, a"
09b63ac70d3bc6e1,mos,,folktale,25,,,"29 Kur ka mi yãgb ye, la a tata bãkẽ.","La tortue ne se presse pas, mais elle arrive cependant à la mare.",,,,,,,,,,,,https://mooreburkina.com/fr/contes-proverbes/proverbes-en-moor%C3%A9-vol-10,https://media.ipsapps.org/mos/ora/prv-v10/,apps/b93b4f5f06e5a9ef/02-B002-001.html,adjacent_french_segment,0.75,needs_review,"16 Koom sã n pa gudgi, a"
a0e5a715556fadd9,mos,,folktale,27,,,30 Kur n bao la nang tão-a.,C'est la tortue qui a voulu que le scorpion l'a piqué.,,,,,,,,,,,,https://mooreburkina.com/fr/contes-proverbes/proverbes-en-moor%C3%A9-vol-10,https://media.ipsapps.org/mos/ora/prv-v10/,apps/b93b4f5f06e5a9ef/02-B002-001.html,adjacent_french_segment,0.75,needs_review,"16 Koom sã n pa gudgi, a"
7f342c4982cfb75d,mos,,folktale,29,,,31 Kurkur kaoogr sẽga a Bedaar yaamse.,La fuite du cochon a coïncidé avec la fatigue de Bédare.,,,,,,,,,,,,https://mooreburkina.com/fr/contes-proverbes/proverbes-en-moor%C3%A9-vol-10,https://media.ipsapps.org/mos/ora/prv-v10/,apps/b93b4f5f06e5a9ef/02-B002-001.html,adjacent_french_segment,0.75,needs_review,"16 Koom sã n pa gudgi, a"
778d2093e665c994,mos,,folktale,1,,,32 Kũ-raoog gõta pĩnd t'a ket n ya maasre.,Un manche de houe se tord quand elle est encore frais.,,,,,,,,,,,,https://mooreburkina.com/fr/contes-proverbes/proverbes-en-moor%C3%A9-vol-10,https://media.ipsapps.org/mos/ora/prv-v10/,apps/b93b4f5f06e5a9ef/03-B003-001.html,adjacent_french_segment,0.75,needs_review,32 Kũ-raoog gõta pĩnd t'a
3554cd89ef10fd47,mos,,folktale,3,,,33 Kũnd soab n mi a kũnd gãaga.,Le bossu sait comment va sa bosse.,,,,,,,,,,,,https://mooreburkina.com/fr/contes-proverbes/proverbes-en-moor%C3%A9-vol-10,https://media.ipsapps.org/mos/ora/prv-v10/,apps/b93b4f5f06e5a9ef/03-B003-001.html,adjacent_french_segment,0.75,needs_review,32 Kũ-raoog gõta pĩnd t'a
c1cdefe74294f4e4,mos,,folktale,6,,,"35 Kũum sã n kʋ n nan pa kʋ f bẽya, a nan pa kʋ ye.","Si la mort a tué et n'a pas encore tué ton ennemi, elle n'a pas encore tué.",,,,,,,,,,,,https://mooreburkina.com/fr/contes-proverbes/proverbes-en-moor%C3%A9-vol-10,https://media.ipsapps.org/mos/ora/prv-v10/,apps/b93b4f5f06e5a9ef/03-B003-001.html,adjacent_french_segment,0.75,needs_review,32 Kũ-raoog gõta pĩnd t'a
d3a94b53bfc30c68,mos,,folktale,8,,,36 Kũum são yãnde.,La mort vaut mieux que la honte.,,,,,,,,,,,,https://mooreburkina.com/fr/contes-proverbes/proverbes-en-moor%C3%A9-vol-10,https://media.ipsapps.org/mos/ora/prv-v10/,apps/b93b4f5f06e5a9ef/03-B003-001.html,adjacent_french_segment,0.75,needs_review,32 Kũ-raoog gõta pĩnd t'a
72ea0cc7513d0484,mos,,folktale,10,,,"37 Kũum yaa wẽnd moende, n moneg bãmb rũndã, tɩ bãmb reegd beoogo.",La mort frappe à tour de rôle.,,,,,,,,,,,,https://mooreburkina.com/fr/contes-proverbes/proverbes-en-moor%C3%A9-vol-10,https://media.ipsapps.org/mos/ora/prv-v10/,apps/b93b4f5f06e5a9ef/03-B003-001.html,adjacent_french_segment,0.75,needs_review,32 Kũ-raoog gõta pĩnd t'a
92156bf7a275d8cd,mos,,folktale,12,,,38 Kʋʋg la f bas la yõor tɩɩm.,"S'esquiver et abandonner, c'est le remède de la vie.",,,,,,,,,,,,https://mooreburkina.com/fr/contes-proverbes/proverbes-en-moor%C3%A9-vol-10,https://media.ipsapps.org/mos/ora/prv-v10/,apps/b93b4f5f06e5a9ef/03-B003-001.html,adjacent_french_segment,0.75,needs_review,32 Kũ-raoog gõta pĩnd t'a
5860e40f4f40f47c,mos,,folktale,14,,,39 Kʋdr yɩɩ paalle.,Ce qui est vieux maintenant fut neuf.,,,,,,,,,,,,https://mooreburkina.com/fr/contes-proverbes/proverbes-en-moor%C3%A9-vol-10,https://media.ipsapps.org/mos/ora/prv-v10/,apps/b93b4f5f06e5a9ef/03-B003-001.html,adjacent_french_segment,0.75,needs_review,32 Kũ-raoog gõta pĩnd t'a
cac9526286f92047,mos,,folktale,16,,,40 Kʋk laad sɩɩga.,Le cailcédrat se moque de l'indigotier.,,,,,,,,,,,,https://mooreburkina.com/fr/contes-proverbes/proverbes-en-moor%C3%A9-vol-10,https://media.ipsapps.org/mos/ora/prv-v10/,apps/b93b4f5f06e5a9ef/03-B003-001.html,adjacent_french_segment,0.75,needs_review,32 Kũ-raoog gõta pĩnd t'a
4218369bee260075,mos,,folktale,18,,,41 Kʋk zũnzũur pa mi tɩ tɩ-noog le beeme ye.,La chenille du caïlcédrat ne sait pas qu'il existe un autre bon arbre.,,,,,,,,,,,,https://mooreburkina.com/fr/contes-proverbes/proverbes-en-moor%C3%A9-vol-10,https://media.ipsapps.org/mos/ora/prv-v10/,apps/b93b4f5f06e5a9ef/03-B003-001.html,adjacent_french_segment,0.75,needs_review,32 Kũ-raoog gõta pĩnd t'a
68f1d044a56272e3,mos,,folktale,20,,,42 Kʋlg bas m yam la a koẽenga.,Il n'y a de meilleure garantie pour traverser une rivière que quand elle est sèche.,,,,,,,,,,,,https://mooreburkina.com/fr/contes-proverbes/proverbes-en-moor%C3%A9-vol-10,https://media.ipsapps.org/mos/ora/prv-v10/,apps/b93b4f5f06e5a9ef/03-B003-001.html,adjacent_french_segment,0.75,needs_review,32 Kũ-raoog gõta pĩnd t'a
e597ab4af34306cb,mos,,folktale,22,,,"43 Kʋlg be koom, raad n togsde.","Si le fleuve est plein d'eau, ce sont les bois qui le prouvent.",,,,,,,,,,,,https://mooreburkina.com/fr/contes-proverbes/proverbes-en-moor%C3%A9-vol-10,https://media.ipsapps.org/mos/ora/prv-v10/,apps/b93b4f5f06e5a9ef/03-B003-001.html,adjacent_french_segment,0.75,needs_review,32 Kũ-raoog gõta pĩnd t'a
a9a596ac4d3f379a,mos,,folktale,24,,,44 Kʋlg rɩ bũmb sẽn são wed wagre.,La rivière a englouti mieux qu'un cheval chétif.,,,,,,,,,,,,https://mooreburkina.com/fr/contes-proverbes/proverbes-en-moor%C3%A9-vol-10,https://media.ipsapps.org/mos/ora/prv-v10/,apps/b93b4f5f06e5a9ef/03-B003-001.html,adjacent_french_segment,0.75,needs_review,32 Kũ-raoog gõta pĩnd t'a
f461d04b07b186f6,mos,,folktale,26,,,45 Kʋlg sã n golem bɩ yẽbg tũ n golem.,Si une rivière se tord que le crocodile se tord aussi.,,,,,,,,,,,,https://mooreburkina.com/fr/contes-proverbes/proverbes-en-moor%C3%A9-vol-10,https://media.ipsapps.org/mos/ora/prv-v10/,apps/b93b4f5f06e5a9ef/03-B003-001.html,adjacent_french_segment,0.75,needs_review,32 Kũ-raoog gõta pĩnd t'a
14dccf10e37796a8,mos,,folktale,28,,,"46 Kʋlg sã n kis rʋʋgre, a pa kis lebgr ye.","S'il est interdit de traverser une rivière, il n'est pas interdit de faire demi-tour.",,,,,,,,,,,,https://mooreburkina.com/fr/contes-proverbes/proverbes-en-moor%C3%A9-vol-10,https://media.ipsapps.org/mos/ora/prv-v10/,apps/b93b4f5f06e5a9ef/03-B003-001.html,adjacent_french_segment,0.75,needs_review,32 Kũ-raoog gõta pĩnd t'a
aea3ba8fec939dd9,mos,,folktale,1,,,47 Kʋɩɩm ra-kil n kʋʋd-a.,C'est l'unique fagot de bois du paresseux qui le tue.,,,,,,,,,,,,https://mooreburkina.com/fr/contes-proverbes/proverbes-en-moor%C3%A9-vol-10,https://media.ipsapps.org/mos/ora/prv-v10/,apps/b93b4f5f06e5a9ef/04-B004-001.html,adjacent_french_segment,0.75,needs_review,47 Kʋɩɩm ra-kil n kʋʋd-a
59eee11ca0b67e1b,mos,,folktale,3,,,48 Kʋɩɩm wãk sakda a to pʋʋgẽ.,La daba du paresseux cultive bien chez quelqu'un d'autre.,,,,,,,,,,,,https://mooreburkina.com/fr/contes-proverbes/proverbes-en-moor%C3%A9-vol-10,https://media.ipsapps.org/mos/ora/prv-v10/,apps/b93b4f5f06e5a9ef/04-B004-001.html,adjacent_french_segment,0.75,needs_review,47 Kʋɩɩm ra-kil n kʋʋd-a
10d94d57308bf88a,mos,,folktale,5,,,49 Kʋɩɩm yet tɩ sẽoog keng la a wa.,Le paresseux dit que l'hivernage n'a qu'à partir et revenir.,,,,,,,,,,,,https://mooreburkina.com/fr/contes-proverbes/proverbes-en-moor%C3%A9-vol-10,https://media.ipsapps.org/mos/ora/prv-v10/,apps/b93b4f5f06e5a9ef/04-B004-001.html,adjacent_french_segment,0.75,needs_review,47 Kʋɩɩm ra-kil n kʋʋd-a
0f00d39c5a098492,mos,,folktale,8,,,51 Lam-palg pa yaagd a to bugmẽ ye.,Un coton ne fait pas sortir un autre du feu.,,,,,,,,,,,,https://mooreburkina.com/fr/contes-proverbes/proverbes-en-moor%C3%A9-vol-10,https://media.ipsapps.org/mos/ora/prv-v10/,apps/b93b4f5f06e5a9ef/04-B004-001.html,adjacent_french_segment,0.75,needs_review,47 Kʋɩɩm ra-kil n kʋʋd-a
9d9406b32b71f705,mos,,folktale,10,,,"52 Lar sẽn kengẽ, a kẽnga kẽebo.","Là où la hache est allé, elle est allé couper.",,,,,,,,,,,,https://mooreburkina.com/fr/contes-proverbes/proverbes-en-moor%C3%A9-vol-10,https://media.ipsapps.org/mos/ora/prv-v10/,apps/b93b4f5f06e5a9ef/04-B004-001.html,adjacent_french_segment,0.75,needs_review,47 Kʋɩɩm ra-kil n kʋʋd-a
eecf676726074895,mos,,folktale,12,,,"53 Lar sã n noome, a to n kẽ a raoogo.","Si une hache est tranchante, qu'elle sache que c'est une autre qui a coupé son manche.",,,,,,,,,,,,https://mooreburkina.com/fr/contes-proverbes/proverbes-en-moor%C3%A9-vol-10,https://media.ipsapps.org/mos/ora/prv-v10/,apps/b93b4f5f06e5a9ef/04-B004-001.html,adjacent_french_segment,0.75,needs_review,47 Kʋɩɩm ra-kil n kʋʋd-a
af14d00d90abfd12,mos,,folktale,14,,,54 Lebend pa kis yerem ye.,Il n'est pas interdit de porter un habit à l'envers.,,,,,,,,,,,,https://mooreburkina.com/fr/contes-proverbes/proverbes-en-moor%C3%A9-vol-10,https://media.ipsapps.org/mos/ora/prv-v10/,apps/b93b4f5f06e5a9ef/04-B004-001.html,adjacent_french_segment,0.75,needs_review,47 Kʋɩɩm ra-kil n kʋʋd-a
e709f025f4c0caa1,mos,,folktale,16,,,55 Leprẽ pʋɩɩr pa be sɩndg n ges ye.,On n'a pas besoin de se mettre sur la pointe des pieds pour regarder ce qu'il y a dans un van.,,,,,,,,,,,,https://mooreburkina.com/fr/contes-proverbes/proverbes-en-moor%C3%A9-vol-10,https://media.ipsapps.org/mos/ora/prv-v10/,apps/b93b4f5f06e5a9ef/04-B004-001.html,adjacent_french_segment,0.75,needs_review,47 Kʋɩɩm ra-kil n kʋʋd-a
3f6b468097ae4b1a,mos,,folktale,18,,,56 Liuul bõnd paood me a wilgda a paga.,"Même si ""la chose"" de l'oiseau est petite, il la montre à sa femme.",,,,,,,,,,,,https://mooreburkina.com/fr/contes-proverbes/proverbes-en-moor%C3%A9-vol-10,https://media.ipsapps.org/mos/ora/prv-v10/,apps/b93b4f5f06e5a9ef/04-B004-001.html,adjacent_french_segment,0.75,needs_review,47 Kʋɩɩm ra-kil n kʋʋd-a
7882cf5a65840c09,mos,,folktale,20,,,57 Liuul kõbg kuusa yĩngr la a baasda tẽnga.,"La plume de l'oiseau va très haut dans le ciel, mais elle finit au sol.",,,,,,,,,,,,https://mooreburkina.com/fr/contes-proverbes/proverbes-en-moor%C3%A9-vol-10,https://media.ipsapps.org/mos/ora/prv-v10/,apps/b93b4f5f06e5a9ef/04-B004-001.html,adjacent_french_segment,0.75,needs_review,47 Kʋɩɩm ra-kil n kʋʋd-a
942f7e0241a1b498,mos,,folktale,24,,,59 Lɩkr pa kẽem rĩir ye.,Le fait de jeter des coup d'oeil n'est pas plus âgé que le front.,,,,,,,,,,,,https://mooreburkina.com/fr/contes-proverbes/proverbes-en-moor%C3%A9-vol-10,https://media.ipsapps.org/mos/ora/prv-v10/,apps/b93b4f5f06e5a9ef/04-B004-001.html,adjacent_french_segment,0.75,needs_review,47 Kʋɩɩm ra-kil n kʋʋd-a
f82f65467a01b784,mos,,folktale,26,,,60 Lɩng n ning a meng wĩiri.,C'est la gourde qui s'est mise elle-même une corde.,,,,,,,,,,,,https://mooreburkina.com/fr/contes-proverbes/proverbes-en-moor%C3%A9-vol-10,https://media.ipsapps.org/mos/ora/prv-v10/,apps/b93b4f5f06e5a9ef/04-B004-001.html,adjacent_french_segment,0.75,needs_review,47 Kʋɩɩm ra-kil n kʋʋd-a
185fedecebfc330d,mos,,folktale,28,,,61 Loalg guglumda bãoogẽ la a zug bee koaas taoore.,"Le taureau meugle dans son pâturage, mais sa tête finit devant le boucher.",,,,,,,,,,,,https://mooreburkina.com/fr/contes-proverbes/proverbes-en-moor%C3%A9-vol-10,https://media.ipsapps.org/mos/ora/prv-v10/,apps/b93b4f5f06e5a9ef/04-B004-001.html,adjacent_french_segment,0.75,needs_review,47 Kʋɩɩm ra-kil n kʋʋd-a
bcf1b483a24aa6a5,mos,,folktale,1,,,62 Loalg yãbda a bãoogẽ.,Le taureau meugle dans son pâturage.,,,,,,,,,,,,https://mooreburkina.com/fr/contes-proverbes/proverbes-en-moor%C3%A9-vol-10,https://media.ipsapps.org/mos/ora/prv-v10/,apps/b93b4f5f06e5a9ef/05-B005-001.html,adjacent_french_segment,0.75,needs_review,62 Loalg yãbda a bãoogẽ
23778368028a6199,mos,,folktale,3,,,63 Lɛ f meng sor noor tɩ b sã n loogdẽ bɩ b lok-fo.,Attache-toi au bord de la route pour que les passants puissent te détacher.,,,,,,,,,,,,https://mooreburkina.com/fr/contes-proverbes/proverbes-en-moor%C3%A9-vol-10,https://media.ipsapps.org/mos/ora/prv-v10/,apps/b93b4f5f06e5a9ef/05-B005-001.html,adjacent_french_segment,0.75,needs_review,62 Loalg yãbda a bãoogẽ
e85aee321f77f699,mos,,folktale,5,,,"64 Lud bĩndu, n dɩ rõodo.",Cacher les selles pour manger le néré.,,,,,,,,,,,,https://mooreburkina.com/fr/contes-proverbes/proverbes-en-moor%C3%A9-vol-10,https://media.ipsapps.org/mos/ora/prv-v10/,apps/b93b4f5f06e5a9ef/05-B005-001.html,adjacent_french_segment,0.75,needs_review,62 Loalg yãbda a bãoogẽ
fe5770e822cb7820,mos,,folktale,7,,,65 Lʋng pa pengd n wẽ n põond ye.,On ne tape pas un tambour emprunté et s'accroupir.,,,,,,,,,,,,https://mooreburkina.com/fr/contes-proverbes/proverbes-en-moor%C3%A9-vol-10,https://media.ipsapps.org/mos/ora/prv-v10/,apps/b93b4f5f06e5a9ef/05-B005-001.html,adjacent_french_segment,0.75,needs_review,62 Loalg yãbda a bãoogẽ
85bd9006c9de9fa5,mos,,folktale,11,,,67 M ba pondr me sẽn tõe la a yoonde.,Il n'y a que la petite grenouille que le crapaud peut se mesurer avec.,,,,,,,,,,,,https://mooreburkina.com/fr/contes-proverbes/proverbes-en-moor%C3%A9-vol-10,https://media.ipsapps.org/mos/ora/prv-v10/,apps/b93b4f5f06e5a9ef/05-B005-001.html,adjacent_french_segment,0.75,needs_review,62 Loalg yãbda a bãoogẽ
145309fcc0cec484,mos,,folktale,14,,,69 M bẽ reng-m naabẽ tɩ m pẽleng yẽgda.,Mon ennemi m'a devancé chez le chef et j'ai peur.,,,,,,,,,,,,https://mooreburkina.com/fr/contes-proverbes/proverbes-en-moor%C3%A9-vol-10,https://media.ipsapps.org/mos/ora/prv-v10/,apps/b93b4f5f06e5a9ef/05-B005-001.html,adjacent_french_segment,0.75,needs_review,62 Loalg yãbda a bãoogẽ
406890309c5a83f0,mos,,folktale,16,,,"70 M kõn bas a zĩnda be, n wa baood a mi gẽel ye.",Je ne laisserai pas celui qui a été témoin pour chercher celui qui sait faire des commentaires.,,,,,,,,,,,,https://mooreburkina.com/fr/contes-proverbes/proverbes-en-moor%C3%A9-vol-10,https://media.ipsapps.org/mos/ora/prv-v10/,apps/b93b4f5f06e5a9ef/05-B005-001.html,adjacent_french_segment,0.75,needs_review,62 Loalg yãbda a bãoogẽ
3b5ddf810fc730a1,mos,,folktale,18,,,71 M na ra zĩif koomẽ.,Acheterai-je le poisson dans l'eau?,,,,,,,,,,,,https://mooreburkina.com/fr/contes-proverbes/proverbes-en-moor%C3%A9-vol-10,https://media.ipsapps.org/mos/ora/prv-v10/,apps/b93b4f5f06e5a9ef/05-B005-001.html,adjacent_french_segment,0.75,needs_review,62 Loalg yãbda a bãoogẽ
3da446a275960fca,mos,,folktale,20,,,72 M pa gũs yʋngẽ laada lugri.,"Je n'ai pas dormi la nuit dernière, c'est se moquer du poteau d'entré.",,,,,,,,,,,,https://mooreburkina.com/fr/contes-proverbes/proverbes-en-moor%C3%A9-vol-10,https://media.ipsapps.org/mos/ora/prv-v10/,apps/b93b4f5f06e5a9ef/05-B005-001.html,adjacent_french_segment,0.75,needs_review,62 Loalg yãbda a bãoogẽ
11784d69b5556beb,mos,,folktale,22,,,73 M pa kɩɩs yoob wa rɩkr ye.,Je ne refuse pas l'adultère comme si on allait me prendre en mariage.,,,,,,,,,,,,https://mooreburkina.com/fr/contes-proverbes/proverbes-en-moor%C3%A9-vol-10,https://media.ipsapps.org/mos/ora/prv-v10/,apps/b93b4f5f06e5a9ef/05-B005-001.html,adjacent_french_segment,0.75,needs_review,62 Loalg yãbda a bãoogẽ
4ddae8256d8b7193,mos,,folktale,24,,,74 M pa tõe n ko-f pag la m wilg-f sẽn gãe toto ye.,Je ne peux pas te donner une femme et te montrer comment faire l'amour avec elle.,,,,,,,,,,,,https://mooreburkina.com/fr/contes-proverbes/proverbes-en-moor%C3%A9-vol-10,https://media.ipsapps.org/mos/ora/prv-v10/,apps/b93b4f5f06e5a9ef/05-B005-001.html,adjacent_french_segment,0.75,needs_review,62 Loalg yãbda a bãoogẽ
a6f4fb99b56d62f0,mos,,folktale,26,,,75 M pa wobg la m nao yaa bẽda.,Je ne suis pas un éléphant mais mes pieds sont grands.,,,,,,,,,,,,https://mooreburkina.com/fr/contes-proverbes/proverbes-en-moor%C3%A9-vol-10,https://media.ipsapps.org/mos/ora/prv-v10/,apps/b93b4f5f06e5a9ef/05-B005-001.html,adjacent_french_segment,0.75,needs_review,62 Loalg yãbda a bãoogẽ
a1e0ad13d738b1ba,mos,,folktale,28,,,"76 M pa zoet n bas m ba raboogo, sẽn yɩɩd f ba n pa wa.","Je ne fuis pas laisser les maisons délabrés de mon père, c'est ce qui dépasse ton père qui n'est pas venu.",,,,,,,,,,,,https://mooreburkina.com/fr/contes-proverbes/proverbes-en-moor%C3%A9-vol-10,https://media.ipsapps.org/mos/ora/prv-v10/,apps/b93b4f5f06e5a9ef/05-B005-001.html,adjacent_french_segment,0.75,needs_review,62 Loalg yãbda a bãoogẽ
ef50190feb378cbf,mos,,folktale,2,,,78 M sẽeg pa paood ne god sẽgeng ye.,Mes reins ne sont pas petits pour porter le gode.,,,,,,,,,,,,https://mooreburkina.com/fr/contes-proverbes/proverbes-en-moor%C3%A9-vol-10,https://media.ipsapps.org/mos/ora/prv-v10/,apps/b93b4f5f06e5a9ef/06-B006-001.html,adjacent_french_segment,0.75,needs_review,77 M soã n mi tɩ m na
9c556b5a7369fbaa,mos,,folktale,4,,,"79 M yaa wiuugu, la m pa kẽed bog mak ye.",Je suis une gueule tapé mais je ne rentre pas dans un trou étroit.,,,,,,,,,,,,https://mooreburkina.com/fr/contes-proverbes/proverbes-en-moor%C3%A9-vol-10,https://media.ipsapps.org/mos/ora/prv-v10/,apps/b93b4f5f06e5a9ef/06-B006-001.html,adjacent_french_segment,0.75,needs_review,77 M soã n mi tɩ m na
3bc64cef355aabae,mos,,folktale,6,,,"80 M yak paam soaamba, m paam zẽedo.","Si mon voisin gagne un lièvre, je gagne la viande.",,,,,,,,,,,,https://mooreburkina.com/fr/contes-proverbes/proverbes-en-moor%C3%A9-vol-10,https://media.ipsapps.org/mos/ora/prv-v10/,apps/b93b4f5f06e5a9ef/06-B006-001.html,adjacent_french_segment,0.75,needs_review,77 M soã n mi tɩ m na
c2d29ab76659db3b,mos,,folktale,8,,,81 Ma-roogẽ sʋʋg pa sʋʋg ye.,"Mon couteau est à la maison, ne dépèce pas le gibier dans la brousse.",,,,,,,,,,,,https://mooreburkina.com/fr/contes-proverbes/proverbes-en-moor%C3%A9-vol-10,https://media.ipsapps.org/mos/ora/prv-v10/,apps/b93b4f5f06e5a9ef/06-B006-001.html,adjacent_french_segment,0.75,needs_review,77 M soã n mi tɩ m na
55d857cf91a9daea,mos,,folktale,10,,,"82 Ma-yao, ma-kẽema, ma meng n yɩɩda.","Petite maman, grande maman, c'est la propre mère qui est mieux.",,,,,,,,,,,,https://mooreburkina.com/fr/contes-proverbes/proverbes-en-moor%C3%A9-vol-10,https://media.ipsapps.org/mos/ora/prv-v10/,apps/b93b4f5f06e5a9ef/06-B006-001.html,adjacent_french_segment,0.75,needs_review,77 M soã n mi tɩ m na
f81ac14fd5777495,mos,,folktale,12,,,83 Maanda pʋg-beoog kʋʋr tɩ rʋmd na n wa ki.,On célèbre les funérailles de la femme mal aimé au cas où la favorite viendrait à mourir.,,,,,,,,,,,,https://mooreburkina.com/fr/contes-proverbes/proverbes-en-moor%C3%A9-vol-10,https://media.ipsapps.org/mos/ora/prv-v10/,apps/b93b4f5f06e5a9ef/06-B006-001.html,adjacent_french_segment,0.75,needs_review,77 M soã n mi tɩ m na
8de70e8f9b33a076,mos,,folktale,14,,,84 Mam pa rũngd m biig la m yaool n kẽ reemẽ ye.,Je ne mets pas mon enfant au dos avant d'entrer dans le jeu.,,,,,,,,,,,,https://mooreburkina.com/fr/contes-proverbes/proverbes-en-moor%C3%A9-vol-10,https://media.ipsapps.org/mos/ora/prv-v10/,apps/b93b4f5f06e5a9ef/06-B006-001.html,adjacent_french_segment,0.75,needs_review,77 M soã n mi tɩ m na
28d0b2ea33079070,mos,,folktale,16,,,85 Mi neb são a mi tẽnga.,Connaître des gens vaut mieux que connaître un pays.,,,,,,,,,,,,https://mooreburkina.com/fr/contes-proverbes/proverbes-en-moor%C3%A9-vol-10,https://media.ipsapps.org/mos/ora/prv-v10/,apps/b93b4f5f06e5a9ef/06-B006-001.html,adjacent_french_segment,0.75,needs_review,77 M soã n mi tɩ m na
232c0db5bedf8fc4,mos,,folktale,18,,,86 Mo yẽng pa wogd sugr ye.,Une seule paille ne peut tisser un toit de case.,,,,,,,,,,,,https://mooreburkina.com/fr/contes-proverbes/proverbes-en-moor%C3%A9-vol-10,https://media.ipsapps.org/mos/ora/prv-v10/,apps/b93b4f5f06e5a9ef/06-B006-001.html,adjacent_french_segment,0.75,needs_review,77 M soã n mi tɩ m na
7513b2a6c621b0c5,mos,,folktale,20,,,87 Mogd zãr ne kiuugu.,Les termites sont loin de la lune.,,,,,,,,,,,,https://mooreburkina.com/fr/contes-proverbes/proverbes-en-moor%C3%A9-vol-10,https://media.ipsapps.org/mos/ora/prv-v10/,apps/b93b4f5f06e5a9ef/06-B006-001.html,adjacent_french_segment,0.75,needs_review,77 M soã n mi tɩ m na
7a530fd9b4b0d780,mos,,folktale,22,,,88 Moog pa yit zĩ-peen-daagẽ ye.,L'herbe ne pousse pas dans une clairière.,,,,,,,,,,,,https://mooreburkina.com/fr/contes-proverbes/proverbes-en-moor%C3%A9-vol-10,https://media.ipsapps.org/mos/ora/prv-v10/,apps/b93b4f5f06e5a9ef/06-B006-001.html,adjacent_french_segment,0.75,needs_review,77 M soã n mi tɩ m na
d3fc3e62750f875b,mos,,folktale,24,,,"89 Mugs sã n zãr taaba, b lobda taab kuga.","Quand des sourds-muets sont loin les uns des autres, ils se jettent des pierres.",,,,,,,,,,,,https://mooreburkina.com/fr/contes-proverbes/proverbes-en-moor%C3%A9-vol-10,https://media.ipsapps.org/mos/ora/prv-v10/,apps/b93b4f5f06e5a9ef/06-B006-001.html,adjacent_french_segment,0.75,needs_review,77 M soã n mi tɩ m na
f94cd219c117de93,mos,,folktale,26,,,90 N bas tɩ kɩɩm kẽ roogẽ tɩ f yaool n pagdẽ.,Tu laisses le fantôme entrer et tu fermes la maison après lui.,,,,,,,,,,,,https://mooreburkina.com/fr/contes-proverbes/proverbes-en-moor%C3%A9-vol-10,https://media.ipsapps.org/mos/ora/prv-v10/,apps/b93b4f5f06e5a9ef/06-B006-001.html,adjacent_french_segment,0.75,needs_review,77 M soã n mi tɩ m na
850f2bf989582216,mos,,folktale,28,,,"91 N dat moog n vel, n mik t'a tũud sagbo.",Vouloir avaler une herbe et trouver qu'elle est dans le tô.,,,,,,,,,,,,https://mooreburkina.com/fr/contes-proverbes/proverbes-en-moor%C3%A9-vol-10,https://media.ipsapps.org/mos/ora/prv-v10/,apps/b93b4f5f06e5a9ef/06-B006-001.html,adjacent_french_segment,0.75,needs_review,77 M soã n mi tɩ m na
f301a9754875d65b,mos,,folktale,1,,,92 N kʋʋd yalem t'a yet tɩ b rãmsda a nodre.,On tue l'idiot et il se plaint qu'on ravive sa plaie.,,,,,,,,,,,,https://mooreburkina.com/fr/contes-proverbes/proverbes-en-moor%C3%A9-vol-10,https://media.ipsapps.org/mos/ora/prv-v10/,apps/b93b4f5f06e5a9ef/07-B007-001.html,adjacent_french_segment,0.75,needs_review,92 N kʋʋd yalem t'a yet
e4468208dd1ef11f,mos,,folktale,3,,,93 N kõtẽ tɩ f raadẽ?,On donne gratuitement et tu achètes.,,,,,,,,,,,,https://mooreburkina.com/fr/contes-proverbes/proverbes-en-moor%C3%A9-vol-10,https://media.ipsapps.org/mos/ora/prv-v10/,apps/b93b4f5f06e5a9ef/07-B007-001.html,adjacent_french_segment,0.75,needs_review,92 N kʋʋd yalem t'a yet
5ee2818600101a38,mos,,folktale,5,,,94 Na ki weoogẽ pa kiid yir ye.,Ce qui doit mourir en brousse ne meurt jamais à la maison.,,,,,,,,,,,,https://mooreburkina.com/fr/contes-proverbes/proverbes-en-moor%C3%A9-vol-10,https://media.ipsapps.org/mos/ora/prv-v10/,apps/b93b4f5f06e5a9ef/07-B007-001.html,adjacent_french_segment,0.75,needs_review,92 N kʋʋd yalem t'a yet
38b4fb9358622981,mos,,folktale,8,,,"96 Naab n yagd kae, beoog pa yagd ye.","C'est le chef qui ment, sinon demain ne ment pas.",,,,,,,,,,,,https://mooreburkina.com/fr/contes-proverbes/proverbes-en-moor%C3%A9-vol-10,https://media.ipsapps.org/mos/ora/prv-v10/,apps/b93b4f5f06e5a9ef/07-B007-001.html,adjacent_french_segment,0.75,needs_review,92 N kʋʋd yalem t'a yet
5d156c928a68b649,mos,,folktale,10,,,97 Naab nong talg bɩ a tall a zɩlemde.,"Que chacun danse devant sa femme, la honte grossit chez le sot et maigrit chez le sage.",,,,,,,,,,,,https://mooreburkina.com/fr/contes-proverbes/proverbes-en-moor%C3%A9-vol-10,https://media.ipsapps.org/mos/ora/prv-v10/,apps/b93b4f5f06e5a9ef/07-B007-001.html,adjacent_french_segment,0.75,needs_review,92 N kʋʋd yalem t'a yet
e591e5444799d3c5,mos,,folktale,12,,,98 Naab tʋʋd la a yẽta.,L'insulteur du chef est celui qui lui transmet l'insulte.,,,,,,,,,,,,https://mooreburkina.com/fr/contes-proverbes/proverbes-en-moor%C3%A9-vol-10,https://media.ipsapps.org/mos/ora/prv-v10/,apps/b93b4f5f06e5a9ef/07-B007-001.html,adjacent_french_segment,0.75,needs_review,92 N kʋʋd yalem t'a yet
aada8f5dbb46f9b4,mos,,folktale,14,,,"99 Naab yaa tãnpʋʋr, tɩ ned fãa ta n lob a sagdo.",Le chef est un tas d'immondices où tout un chacun jette ses ordures.,,,,,,,,,,,,https://mooreburkina.com/fr/contes-proverbes/proverbes-en-moor%C3%A9-vol-10,https://media.ipsapps.org/mos/ora/prv-v10/,apps/b93b4f5f06e5a9ef/07-B007-001.html,adjacent_french_segment,0.75,needs_review,92 N kʋʋd yalem t'a yet
ec2e80e5cb791955,mos,,folktale,16,,,"100 Naaf sã n nong a biiga, baa a sã n yaa bedre, a lelemd-a lame.","Si la vache aime son petit, même grand, elle le lèche.",,,,,,,,,,,,https://mooreburkina.com/fr/contes-proverbes/proverbes-en-moor%C3%A9-vol-10,https://media.ipsapps.org/mos/ora/prv-v10/,apps/b93b4f5f06e5a9ef/07-B007-001.html,adjacent_french_segment,0.75,needs_review,92 N kʋʋd yalem t'a yet
a10f6d197d73be4e,mos,,folktale,18,,,"101 Naaf sã n sãd neerẽ, bʋʋg yasa zaalem.","Si le bœuf devance la chèvre tôt le matin à la meule, elle reste bredouille.",,,,,,,,,,,,https://mooreburkina.com/fr/contes-proverbes/proverbes-en-moor%C3%A9-vol-10,https://media.ipsapps.org/mos/ora/prv-v10/,apps/b93b4f5f06e5a9ef/07-B007-001.html,adjacent_french_segment,0.75,needs_review,92 N kʋʋd yalem t'a yet
11d7bbc79999c34b,mos,,folktale,20,,,102 Naam sẽn kʋʋd kurs pa wat ne kur paall ye.,La chefferie qui tuent les pantalons ne vient pas avec de nouveaux pantalons.,,,,,,,,,,,,https://mooreburkina.com/fr/contes-proverbes/proverbes-en-moor%C3%A9-vol-10,https://media.ipsapps.org/mos/ora/prv-v10/,apps/b93b4f5f06e5a9ef/07-B007-001.html,adjacent_french_segment,0.75,needs_review,92 N kʋʋd yalem t'a yet
3bb3d5b86922f6d7,mos,,folktale,22,,,"103 Nag-bi-zõang kẽ pʋʋg, vẽ bas tãsg la f tak a tʋbre.","Si un veau aveugle entre dans un champ, au lieu de crier sur lui, tire plutôt son oreille.",,,,,,,,,,,,https://mooreburkina.com/fr/contes-proverbes/proverbes-en-moor%C3%A9-vol-10,https://media.ipsapps.org/mos/ora/prv-v10/,apps/b93b4f5f06e5a9ef/07-B007-001.html,adjacent_french_segment,0.75,needs_review,92 N kʋʋd yalem t'a yet
b0e8a9ff35dcb27d,mos,,folktale,24,,,104 Nag-bil pa mi we-naab bɩ a sok a ma.,Si le veau ne connaît pas le lion qu'il demande à sa mère.,,,,,,,,,,,,https://mooreburkina.com/fr/contes-proverbes/proverbes-en-moor%C3%A9-vol-10,https://media.ipsapps.org/mos/ora/prv-v10/,apps/b93b4f5f06e5a9ef/07-B007-001.html,adjacent_french_segment,0.75,needs_review,92 N kʋʋd yalem t'a yet
2f3f7ff4c434a27d,mos,,folktale,26,,,105 Nag-zʋy a yi pa gãmd ye.,On n'attrape pas deux queues de bœufs.,,,,,,,,,,,,https://mooreburkina.com/fr/contes-proverbes/proverbes-en-moor%C3%A9-vol-10,https://media.ipsapps.org/mos/ora/prv-v10/,apps/b93b4f5f06e5a9ef/07-B007-001.html,adjacent_french_segment,0.75,needs_review,92 N kʋʋd yalem t'a yet
36dba429900bb90b,mos,,folktale,28,,,"106 Neb fãa kõn bãng peto, tɩ pet be raagẽ ye.",Si tout le monde sait confectionner des paniers il n'y aurait plus de paniers au marché.,,,,,,,,,,,,https://mooreburkina.com/fr/contes-proverbes/proverbes-en-moor%C3%A9-vol-10,https://media.ipsapps.org/mos/ora/prv-v10/,apps/b93b4f5f06e5a9ef/07-B007-001.html,adjacent_french_segment,0.75,needs_review,92 N kʋʋd yalem t'a yet
8a634caa38066121,mos,,folktale,1,,,107 Neb la bũmbu.,Ce sont les gens qui font ce qui est bien.,,,,,,,,,,,,https://mooreburkina.com/fr/contes-proverbes/proverbes-en-moor%C3%A9-vol-10,https://media.ipsapps.org/mos/ora/prv-v10/,apps/b93b4f5f06e5a9ef/08-B008-001.html,adjacent_french_segment,0.75,needs_review,107 Neb la bũmbu
78ec8655318aa992,mos,,folktale,3,,,108 Neb la naam.,Les gens font la chefferie.,,,,,,,,,,,,https://mooreburkina.com/fr/contes-proverbes/proverbes-en-moor%C3%A9-vol-10,https://media.ipsapps.org/mos/ora/prv-v10/,apps/b93b4f5f06e5a9ef/08-B008-001.html,adjacent_french_segment,0.75,needs_review,107 Neb la bũmbu
b77b9157e7342dd9,mos,,folktale,5,,,"109 Neb sã n naag taab n dɩ taang kaam, bɩ b naag taab n dɩ kʋk kaam.","Si on mange le beurre de karité ensemble, qu'on mange le beurre de cailcédrat ensemble.",,,,,,,,,,,,https://mooreburkina.com/fr/contes-proverbes/proverbes-en-moor%C3%A9-vol-10,https://media.ipsapps.org/mos/ora/prv-v10/,apps/b93b4f5f06e5a9ef/08-B008-001.html,adjacent_french_segment,0.75,needs_review,107 Neb la bũmbu
4f203049527e03d8,mos,,folktale,7,,,110 Neb sẽgda taab la tãms pa sẽgd taab ye.,"Les hommes se rencontrent, mais les montagnes ne se rencontrent pas.",,,,,,,,,,,,https://mooreburkina.com/fr/contes-proverbes/proverbes-en-moor%C3%A9-vol-10,https://media.ipsapps.org/mos/ora/prv-v10/,apps/b93b4f5f06e5a9ef/08-B008-001.html,adjacent_french_segment,0.75,needs_review,107 Neb la bũmbu
79d37ad9488cde66,mos,,folktale,9,,,111 Nebã fãa mii pʋg-yãangã yʋʋr la b boond-a tɩ b yaaba.,Tout le monde connaît le nom de la vieille femme et on l'appelle grand-mère.,,,,,,,,,,,,https://mooreburkina.com/fr/contes-proverbes/proverbes-en-moor%C3%A9-vol-10,https://media.ipsapps.org/mos/ora/prv-v10/,apps/b93b4f5f06e5a9ef/08-B008-001.html,adjacent_french_segment,0.75,needs_review,107 Neb la bũmbu
d91b60e7f63c8e3d,mos,,folktale,12,,,113 Ned ba pa be kɩɩm-doogẽ t'a rataaglem puk ye.,"Si ton père est dans la case des fétiches, ta rivalité ne se découvre pas.",,,,,,,,,,,,https://mooreburkina.com/fr/contes-proverbes/proverbes-en-moor%C3%A9-vol-10,https://media.ipsapps.org/mos/ora/prv-v10/,apps/b93b4f5f06e5a9ef/08-B008-001.html,adjacent_french_segment,0.75,needs_review,107 Neb la bũmbu
c0e41d8ac211b12b,mos,,folktale,14,,,"114 Ned ba yel-sõmd kõt-a-la koom, t'a ma yel-sõmd kõ-a miisg t'a saame.","Le bienfait du père te donne de l'eau, celui de la mère du tamarin pour que tu délaies.",,,,,,,,,,,,https://mooreburkina.com/fr/contes-proverbes/proverbes-en-moor%C3%A9-vol-10,https://media.ipsapps.org/mos/ora/prv-v10/,apps/b93b4f5f06e5a9ef/08-B008-001.html,adjacent_french_segment,0.75,needs_review,107 Neb la bũmbu
e1a034a5592be188,mos,,folktale,16,,,115 Ned bã-kʋdg n kʋʋd-a.,On meurt toujours de son ancienne maladie.,,,,,,,,,,,,https://mooreburkina.com/fr/contes-proverbes/proverbes-en-moor%C3%A9-vol-10,https://media.ipsapps.org/mos/ora/prv-v10/,apps/b93b4f5f06e5a9ef/08-B008-001.html,adjacent_french_segment,0.75,needs_review,107 Neb la bũmbu
f2b39df10ec0deed,mos,,folktale,18,,,116 Ned fãa bõos wẽnd tɩ f sõm-soab ra lebg f bẽ ye.,Que chacun prie Dieu pour que son bienfaiteur ne devienne pas son ennemi.,,,,,,,,,,,,https://mooreburkina.com/fr/contes-proverbes/proverbes-en-moor%C3%A9-vol-10,https://media.ipsapps.org/mos/ora/prv-v10/,apps/b93b4f5f06e5a9ef/08-B008-001.html,adjacent_french_segment,0.75,needs_review,107 Neb la bũmbu
088553a707cd9336,mos,,folktale,20,,,117 Ned fãa kẽebda a sẽn bʋde.,Chacun récolte ce qu'il a semé.,,,,,,,,,,,,https://mooreburkina.com/fr/contes-proverbes/proverbes-en-moor%C3%A9-vol-10,https://media.ipsapps.org/mos/ora/prv-v10/,apps/b93b4f5f06e5a9ef/08-B008-001.html,adjacent_french_segment,0.75,needs_review,107 Neb la bũmbu
93e67d99ea7b5b6e,mos,,folktale,25,,,121 Ned fãa tãn-beok la Gãmb tãnga.,La termitière de tout un chacun est la montagne de Gambo.,,,,,,,,,,,,https://mooreburkina.com/fr/contes-proverbes/proverbes-en-moor%C3%A9-vol-10,https://media.ipsapps.org/mos/ora/prv-v10/,apps/b93b4f5f06e5a9ef/08-B008-001.html,adjacent_french_segment,0.75,needs_review,107 Neb la bũmbu
290bba8ae6193100,mos,,folktale,1,,,122 Ned fãa togame n bãng a yel-sõm-dãmb la a bẽeb n bake.,"Un problème de famille, c'est la famille qui écoute.",,,,,,,,,,,,https://mooreburkina.com/fr/contes-proverbes/proverbes-en-moor%C3%A9-vol-10,https://media.ipsapps.org/mos/ora/prv-v10/,apps/b93b4f5f06e5a9ef/09-B009-001.html,adjacent_french_segment,0.75,needs_review,122 Ned fãa togame n bãng
925a3f079f90c8ff,mos,,folktale,3,,,123 Ned fãa wõb a taoor yamdo.,Que chacun mange le foin qui se trouve devant lui.,,,,,,,,,,,,https://mooreburkina.com/fr/contes-proverbes/proverbes-en-moor%C3%A9-vol-10,https://media.ipsapps.org/mos/ora/prv-v10/,apps/b93b4f5f06e5a9ef/09-B009-001.html,adjacent_french_segment,0.75,needs_review,122 Ned fãa togame n bãng
d962f4d05f602a20,mos,,folktale,5,,,124 Ned fãa zãms zu-kʋr tʋkr tɩ zĩig ning ka kʋds ye.,"Que chacun apprenne à porter tête nue, car dans certains endroits il n'y a pas de chiffons.",,,,,,,,,,,,https://mooreburkina.com/fr/contes-proverbes/proverbes-en-moor%C3%A9-vol-10,https://media.ipsapps.org/mos/ora/prv-v10/,apps/b93b4f5f06e5a9ef/09-B009-001.html,adjacent_french_segment,0.75,needs_review,122 Ned fãa togame n bãng
9fe04eceac6da5e9,mos,,folktale,7,,,125 Ned fãa zĩi a tʋʋm maasmẽ.,Chacun est assis à l'ombre de ses activités.,,,,,,,,,,,,https://mooreburkina.com/fr/contes-proverbes/proverbes-en-moor%C3%A9-vol-10,https://media.ipsapps.org/mos/ora/prv-v10/,apps/b93b4f5f06e5a9ef/09-B009-001.html,adjacent_french_segment,0.75,needs_review,122 Ned fãa togame n bãng
c180cb07a01681ed,mos,,folktale,9,,,126 Ned gãag soab n gʋsd f koadenga.,C'est l'hôte de quelqu'un qui déplume sa perdrix.,,,,,,,,,,,,https://mooreburkina.com/fr/contes-proverbes/proverbes-en-moor%C3%A9-vol-10,https://media.ipsapps.org/mos/ora/prv-v10/,apps/b93b4f5f06e5a9ef/09-B009-001.html,adjacent_french_segment,0.75,needs_review,122 Ned fãa togame n bãng
995902907c9931d8,mos,,folktale,11,,,127 Ned gesda soaamb la f pʋɩ a nemdo.,On doit bien regarder le lièvre avant de partager sa viande.,,,,,,,,,,,,https://mooreburkina.com/fr/contes-proverbes/proverbes-en-moor%C3%A9-vol-10,https://media.ipsapps.org/mos/ora/prv-v10/,apps/b93b4f5f06e5a9ef/09-B009-001.html,adjacent_french_segment,0.75,needs_review,122 Ned fãa togame n bãng
95212ca13843b8af,mos,,folktale,14,,,129 Ned ka tõe n bãng na-goalem koomẽ ye.,"Personne ne peut connaître que les pieds tordus dans l'eau lorsque l'eau cache quelqu'un, on ne peut le voir.",,,,,,,,,,,,https://mooreburkina.com/fr/contes-proverbes/proverbes-en-moor%C3%A9-vol-10,https://media.ipsapps.org/mos/ora/prv-v10/,apps/b93b4f5f06e5a9ef/09-B009-001.html,adjacent_french_segment,0.75,needs_review,122 Ned fãa togame n bãng
c802d25c1da84261,mos,,folktale,17,,,132 Ned kam ne waood fuugu.,A chacun son habit de froid.,,,,,,,,,,,,https://mooreburkina.com/fr/contes-proverbes/proverbes-en-moor%C3%A9-vol-10,https://media.ipsapps.org/mos/ora/prv-v10/,apps/b93b4f5f06e5a9ef/09-B009-001.html,adjacent_french_segment,0.75,needs_review,122 Ned fãa togame n bãng
bc9f0bc57f04f8ca,mos,,folktale,19,,,133 Ned kam zagem sẽn dũmẽ yaa.,Que chacun gratte où il a été piqué.,,,,,,,,,,,,https://mooreburkina.com/fr/contes-proverbes/proverbes-en-moor%C3%A9-vol-10,https://media.ipsapps.org/mos/ora/prv-v10/,apps/b93b4f5f06e5a9ef/09-B009-001.html,adjacent_french_segment,0.75,needs_review,122 Ned fãa togame n bãng
2af228545c145528,mos,,folktale,21,,,134 Ned koosda bãag n paam tɩɩm.,C'est quand on vend sa maladie qu'on gagne un remède.,,,,,,,,,,,,https://mooreburkina.com/fr/contes-proverbes/proverbes-en-moor%C3%A9-vol-10,https://media.ipsapps.org/mos/ora/prv-v10/,apps/b93b4f5f06e5a9ef/09-B009-001.html,adjacent_french_segment,0.75,needs_review,122 Ned fãa togame n bãng
1fa2ce31c12095e1,mos,,folktale,23,,,135 Ned kõn bas kur n dig kãan-woabg ye.,On ne doit pas abandonner la chasse à la tortue et poursuivre une pintade boiteuse.,,,,,,,,,,,,https://mooreburkina.com/fr/contes-proverbes/proverbes-en-moor%C3%A9-vol-10,https://media.ipsapps.org/mos/ora/prv-v10/,apps/b93b4f5f06e5a9ef/09-B009-001.html,adjacent_french_segment,0.75,needs_review,122 Ned fãa togame n bãng
212b388d01c76ee1,mos,,folktale,25,,,136 Ned kõn bas yũug kʋʋd n tɩ zabd ne a sɩɩgd ye.,On ne saurait laisser celui qui a tué le chat et s'en prendre à celui qui l'a dépecé.,,,,,,,,,,,,https://mooreburkina.com/fr/contes-proverbes/proverbes-en-moor%C3%A9-vol-10,https://media.ipsapps.org/mos/ora/prv-v10/,apps/b93b4f5f06e5a9ef/09-B009-001.html,adjacent_french_segment,0.75,needs_review,122 Ned fãa togame n bãng
7e1ba002457cacae,mos,,folktale,1,,,137 Ned kõn dɩk a zug n lobg teoogẽ n kõ a to ye.,Nul ne saurait mettre sa tête dans un mortier pour quelqu'un d'autre.,,,,,,,,,,,,https://mooreburkina.com/fr/contes-proverbes/proverbes-en-moor%C3%A9-vol-10,https://media.ipsapps.org/mos/ora/prv-v10/,apps/b93b4f5f06e5a9ef/10-B010-001.html,adjacent_french_segment,0.75,needs_review,137 Ned kõn dɩk a zug n
8d610d212924589b,mos,,folktale,3,,,138 Ned kõn dɩk baag t'a wa wes t'a wa gãe t'a zug n zabd ye.,Amener un chien pour qu'il aboie et il vient dire qu'il a mal à la tête.,,,,,,,,,,,,https://mooreburkina.com/fr/contes-proverbes/proverbes-en-moor%C3%A9-vol-10,https://media.ipsapps.org/mos/ora/prv-v10/,apps/b93b4f5f06e5a9ef/10-B010-001.html,adjacent_french_segment,0.75,needs_review,137 Ned kõn dɩk a zug n
7528415a3f2d5eed,mos,,folktale,5,,,139 Ned kõn dʋ n salem n yaool n sig n lob ye.,Nul ne saurait monter caresser et descendre jeter des pierres.,,,,,,,,,,,,https://mooreburkina.com/fr/contes-proverbes/proverbes-en-moor%C3%A9-vol-10,https://media.ipsapps.org/mos/ora/prv-v10/,apps/b93b4f5f06e5a9ef/10-B010-001.html,adjacent_french_segment,0.75,needs_review,137 Ned kõn dɩk a zug n
b2af704879bb2fe4,mos,,folktale,7,,,140 Ned kõn kẽ gõos n los koomẽ n kẽ n tab ye.,Personne ne peut couper des épines les jeter dans de l'eau et y entrer piétiner.,,,,,,,,,,,,https://mooreburkina.com/fr/contes-proverbes/proverbes-en-moor%C3%A9-vol-10,https://media.ipsapps.org/mos/ora/prv-v10/,apps/b93b4f5f06e5a9ef/10-B010-001.html,adjacent_french_segment,0.75,needs_review,137 Ned kõn dɩk a zug n
b7eea224434e21a3,mos,,folktale,10,,,142 Ned kõn sagl zõang t'a gũs ye.,On ne conseille pas un aveugle de dormir.,,,,,,,,,,,,https://mooreburkina.com/fr/contes-proverbes/proverbes-en-moor%C3%A9-vol-10,https://media.ipsapps.org/mos/ora/prv-v10/,apps/b93b4f5f06e5a9ef/10-B010-001.html,adjacent_french_segment,0.75,needs_review,137 Ned kõn dɩk a zug n
5e568b049ac47d8c,mos,,folktale,12,,,143 Ned kõn sõng liuul n yãb a biig kʋʋr ye.,Nul ne doit aider l'oiseau à pleurer les funérailles de son petit.,,,,,,,,,,,,https://mooreburkina.com/fr/contes-proverbes/proverbes-en-moor%C3%A9-vol-10,https://media.ipsapps.org/mos/ora/prv-v10/,apps/b93b4f5f06e5a9ef/10-B010-001.html,adjacent_french_segment,0.75,needs_review,137 Ned kõn dɩk a zug n
5c0cbc9969e71a2f,mos,,folktale,14,,,144 Ned kõn yõg wãoor n le zoe a met ye.,"Quand on viole un lépreux, on ne saurait dédaigné son pus.",,,,,,,,,,,,https://mooreburkina.com/fr/contes-proverbes/proverbes-en-moor%C3%A9-vol-10,https://media.ipsapps.org/mos/ora/prv-v10/,apps/b93b4f5f06e5a9ef/10-B010-001.html,adjacent_french_segment,0.75,needs_review,137 Ned kõn dɩk a zug n
304c1e1707df57a7,mos,,folktale,16,,,"145 Ned kõn zao will, la kẽed-a ye.",On ne saurait être assis sur une branche et en même temps la couper.,,,,,,,,,,,,https://mooreburkina.com/fr/contes-proverbes/proverbes-en-moor%C3%A9-vol-10,https://media.ipsapps.org/mos/ora/prv-v10/,apps/b93b4f5f06e5a9ef/10-B010-001.html,adjacent_french_segment,0.75,needs_review,137 Ned kõn dɩk a zug n
57674da5a59d35ea,mos,,folktale,18,,,146 Ned ma pa wẽed pigr t'a biig kʋm kom ye.,Une mère ne prépare pas des beignets pour que son enfant pleure de faim.,,,,,,,,,,,,https://mooreburkina.com/fr/contes-proverbes/proverbes-en-moor%C3%A9-vol-10,https://media.ipsapps.org/mos/ora/prv-v10/,apps/b93b4f5f06e5a9ef/10-B010-001.html,adjacent_french_segment,0.75,needs_review,137 Ned kõn dɩk a zug n
f262c6d6d2266494,mos,,folktale,20,,,147 Ned na kʋ waaf n yet t'a ra pable.,Va-t-on tuer un serpent et l'empêcher de se débattre?,,,,,,,,,,,,https://mooreburkina.com/fr/contes-proverbes/proverbes-en-moor%C3%A9-vol-10,https://media.ipsapps.org/mos/ora/prv-v10/,apps/b93b4f5f06e5a9ef/10-B010-001.html,adjacent_french_segment,0.75,needs_review,137 Ned kõn dɩk a zug n
c35257480e8c7b64,mos,,folktale,22,,,148 Ned na tão yẽdg ne pĩim n sãmb kẽeme?,Quelqu'un peut-il flécher un derrière et douter que la flèche est entré?,,,,,,,,,,,,https://mooreburkina.com/fr/contes-proverbes/proverbes-en-moor%C3%A9-vol-10,https://media.ipsapps.org/mos/ora/prv-v10/,apps/b93b4f5f06e5a9ef/10-B010-001.html,adjacent_french_segment,0.75,needs_review,137 Ned kõn dɩk a zug n
08fa938a41fec126,mos,,folktale,24,,,149 Ned na zoe boẽeg nif tɩ tẽn-kugr rɩ-fo?,Quelqu'un aura-t-il pitié du bouc pour être puni par les fétiches?,,,,,,,,,,,,https://mooreburkina.com/fr/contes-proverbes/proverbes-en-moor%C3%A9-vol-10,https://media.ipsapps.org/mos/ora/prv-v10/,apps/b93b4f5f06e5a9ef/10-B010-001.html,adjacent_french_segment,0.75,needs_review,137 Ned kõn dɩk a zug n
958de55b1d3b1156,mos,,folktale,26,,,150 Ned nif ka bund t'a zɩ tĩir ye.,Nul ne devient borgne sans être au courant.,,,,,,,,,,,,https://mooreburkina.com/fr/contes-proverbes/proverbes-en-moor%C3%A9-vol-10,https://media.ipsapps.org/mos/ora/prv-v10/,apps/b93b4f5f06e5a9ef/10-B010-001.html,adjacent_french_segment,0.75,needs_review,137 Ned kõn dɩk a zug n
ff4ccd42deef6bbc,mos,,folktale,1,,,151 Ned nug pa põogd t'a kʋʋg n lob ye.,La main d'un homme ne pourri pas et il la coupe jeter.,,,,,,,,,,,,https://mooreburkina.com/fr/contes-proverbes/proverbes-en-moor%C3%A9-vol-10,https://media.ipsapps.org/mos/ora/prv-v10/,apps/b93b4f5f06e5a9ef/11-B011-001.html,adjacent_french_segment,0.75,needs_review,151 Ned nug pa põogd t'a
93c0e3ac0039ebfe,mos,,folktale,3,,,152 Ned pa bãngd a zɩɩb tĩir tɩ tʋʋsg paoog-a ye.,"Si quelqu'un est au courant du poids de sa charge, il ne saurait manquer de quoi porter.",,,,,,,,,,,,https://mooreburkina.com/fr/contes-proverbes/proverbes-en-moor%C3%A9-vol-10,https://media.ipsapps.org/mos/ora/prv-v10/,apps/b93b4f5f06e5a9ef/11-B011-001.html,adjacent_french_segment,0.75,needs_review,151 Ned nug pa põogd t'a
998baa1e82f377bf,mos,,folktale,5,,,153 Ned pa gãanded ne kũum n pa fẽgs ye.,On ne passe pas la nuit avec un cadavre sans pleurer.,,,,,,,,,,,,https://mooreburkina.com/fr/contes-proverbes/proverbes-en-moor%C3%A9-vol-10,https://media.ipsapps.org/mos/ora/prv-v10/,apps/b93b4f5f06e5a9ef/11-B011-001.html,adjacent_french_segment,0.75,needs_review,151 Ned nug pa põogd t'a
acf02b4b9763d221,mos,,folktale,7,,,154 Ned pa mi wobg sũ-sãang ye.,Nul ne sait quand l'éléphant est mécontent.,,,,,,,,,,,,https://mooreburkina.com/fr/contes-proverbes/proverbes-en-moor%C3%A9-vol-10,https://media.ipsapps.org/mos/ora/prv-v10/,apps/b93b4f5f06e5a9ef/11-B011-001.html,adjacent_french_segment,0.75,needs_review,151 Ned nug pa põogd t'a
6b9fb35eb18b4665,mos,,folktale,9,,,155 Ned pa ningd a kɩba-kɩt yãnd ye.,Nul ne doit honnir son informateur.,,,,,,,,,,,,https://mooreburkina.com/fr/contes-proverbes/proverbes-en-moor%C3%A9-vol-10,https://media.ipsapps.org/mos/ora/prv-v10/,apps/b93b4f5f06e5a9ef/11-B011-001.html,adjacent_french_segment,0.75,needs_review,151 Ned nug pa põogd t'a
bfaa348720b5f7ed,mos,,folktale,11,,,156 Ned pa nong ned me bɩ a nong a yʋʋre.,Si tu n'aimes pas quelqu'un aime au moins son nom.,,,,,,,,,,,,https://mooreburkina.com/fr/contes-proverbes/proverbes-en-moor%C3%A9-vol-10,https://media.ipsapps.org/mos/ora/prv-v10/,apps/b93b4f5f06e5a9ef/11-B011-001.html,adjacent_french_segment,0.75,needs_review,151 Ned nug pa põogd t'a
e9f5f4903ac60772,mos,,folktale,13,,,"157 Ned pa nong yaoore, tɩ yaoor me, ned nong yaoore, tɩ yaoor me.","Si on aime la termitière elle se construit, si on n'aime pas la termitière elle se construit.",,,,,,,,,,,,https://mooreburkina.com/fr/contes-proverbes/proverbes-en-moor%C3%A9-vol-10,https://media.ipsapps.org/mos/ora/prv-v10/,apps/b93b4f5f06e5a9ef/11-B011-001.html,adjacent_french_segment,0.75,needs_review,151 Ned nug pa põogd t'a
a0f1b868ebf125aa,mos,,folktale,15,,,158 Ned pa pengd ger n dĩm wĩir ye.,On n'emprunte pas la cuisse d'autrui pour tresser une corde.,,,,,,,,,,,,https://mooreburkina.com/fr/contes-proverbes/proverbes-en-moor%C3%A9-vol-10,https://media.ipsapps.org/mos/ora/prv-v10/,apps/b93b4f5f06e5a9ef/11-B011-001.html,adjacent_french_segment,0.75,needs_review,151 Ned nug pa põogd t'a
1077c9539fafae68,mos,,folktale,17,,,159 Ned pa tʋmd noaag t'a ra nemd ye.,On ne dit pas à une poule: veille sur mon grain.,,,,,,,,,,,,https://mooreburkina.com/fr/contes-proverbes/proverbes-en-moor%C3%A9-vol-10,https://media.ipsapps.org/mos/ora/prv-v10/,apps/b93b4f5f06e5a9ef/11-B011-001.html,adjacent_french_segment,0.75,needs_review,151 Ned nug pa põogd t'a
045b69a6b387b41e,mos,,folktale,19,,,160 Ned pa tog n yĩm a som-soab ye.,Personne ne doit oublier son bienfaiteur.,,,,,,,,,,,,https://mooreburkina.com/fr/contes-proverbes/proverbes-en-moor%C3%A9-vol-10,https://media.ipsapps.org/mos/ora/prv-v10/,apps/b93b4f5f06e5a9ef/11-B011-001.html,adjacent_french_segment,0.75,needs_review,151 Ned nug pa põogd t'a
84e67663f2878f6c,mos,,folktale,21,,,161 Ned pa tõe n bãng kar-magen koomẽ ye.,Nul ne peut reconnaître des pieds bancals dans l'eau.,,,,,,,,,,,,https://mooreburkina.com/fr/contes-proverbes/proverbes-en-moor%C3%A9-vol-10,https://media.ipsapps.org/mos/ora/prv-v10/,apps/b93b4f5f06e5a9ef/11-B011-001.html,adjacent_french_segment,0.75,needs_review,151 Ned nug pa põogd t'a
0649bad8bf92f5a9,mos,,folktale,23,,,162 Ned pa tõe n bãng nao-goalem koomẽ ye.,Nul ne peut reconnaître des pieds bancals dans l'eau. Le fossoyeur ne creuse pas des tombes pour que sa mère manque de tombe à son décès.,,,,,,,,,,,,https://mooreburkina.com/fr/contes-proverbes/proverbes-en-moor%C3%A9-vol-10,https://media.ipsapps.org/mos/ora/prv-v10/,apps/b93b4f5f06e5a9ef/11-B011-001.html,adjacent_french_segment,0.75,needs_review,151 Ned nug pa põogd t'a
99bb6f7d6f03a3cc,mos,,folktale,26,,,165 Ned pa wõbd n bãng noog ye.,On ne consomme pas de la chair humaine pour apprécier la valeur de la chaleur humaine.,,,,,,,,,,,,https://mooreburkina.com/fr/contes-proverbes/proverbes-en-moor%C3%A9-vol-10,https://media.ipsapps.org/mos/ora/prv-v10/,apps/b93b4f5f06e5a9ef/11-B011-001.html,adjacent_french_segment,0.75,needs_review,151 Ned nug pa põogd t'a
388465f7a024cdbd,mos,,folktale,1,,,166 Ned pa yõgd a pag ma n le bʋ a pag paab ye.,Celui qui viole sa belle-mère ne se plaint pas du départ de sa femme.,,,,,,,,,,,,https://mooreburkina.com/fr/contes-proverbes/proverbes-en-moor%C3%A9-vol-10,https://media.ipsapps.org/mos/ora/prv-v10/,apps/b93b4f5f06e5a9ef/12-B012-001.html,adjacent_french_segment,0.75,needs_review,166 Ned pa yõgd a pag ma
29f78a6bc8536a56,mos,,folktale,3,,,167 Ned pa yõgd wãamb zood t'a roor pa yĩngr ye.,"Si on est ami à un singe, son bâton ne reste pas en haut d'un arbre.",,,,,,,,,,,,https://mooreburkina.com/fr/contes-proverbes/proverbes-en-moor%C3%A9-vol-10,https://media.ipsapps.org/mos/ora/prv-v10/,apps/b93b4f5f06e5a9ef/12-B012-001.html,adjacent_french_segment,0.75,needs_review,166 Ned pa yõgd a pag ma
996dddd4edd0a8cb,mos,,folktale,5,,,168 Ned pɩɩsda roog n mong nang bʋʋm.,On balaie une maison pour ne pas donner raison au scorpion.,,,,,,,,,,,,https://mooreburkina.com/fr/contes-proverbes/proverbes-en-moor%C3%A9-vol-10,https://media.ipsapps.org/mos/ora/prv-v10/,apps/b93b4f5f06e5a9ef/12-B012-001.html,adjacent_french_segment,0.75,needs_review,166 Ned pa yõgd a pag ma
b401d5fb94714fa4,mos,,folktale,7,,,169 Ned rɩt-n-taag la a zabd-n-taaga.,C'est avec celui qu' on mange qu'on fait la bagarre.,,,,,,,,,,,,https://mooreburkina.com/fr/contes-proverbes/proverbes-en-moor%C3%A9-vol-10,https://media.ipsapps.org/mos/ora/prv-v10/,apps/b93b4f5f06e5a9ef/12-B012-001.html,adjacent_french_segment,0.75,needs_review,166 Ned pa yõgd a pag ma
85d157f76d0c3066,mos,,folktale,9,,,170 Ned rogda biig la f pa rogd a zʋug ye.,On accouche d'un enfant mais on n'accouche pas son caractère.,,,,,,,,,,,,https://mooreburkina.com/fr/contes-proverbes/proverbes-en-moor%C3%A9-vol-10,https://media.ipsapps.org/mos/ora/prv-v10/,apps/b93b4f5f06e5a9ef/12-B012-001.html,adjacent_french_segment,0.75,needs_review,166 Ned pa yõgd a pag ma
0bc8e9052408cc16,mos,,folktale,11,,,171 Ned sakda booll n yaool zãgs tʋʋmde.,On répond à un appel avant de refuser de faire une commission.,,,,,,,,,,,,https://mooreburkina.com/fr/contes-proverbes/proverbes-en-moor%C3%A9-vol-10,https://media.ipsapps.org/mos/ora/prv-v10/,apps/b93b4f5f06e5a9ef/12-B012-001.html,adjacent_french_segment,0.75,needs_review,166 Ned pa yõgd a pag ma
67bdd1f616af1894,mos,,folktale,13,,,172 Ned sã n da bɩ f lemb-a.,Lorsque quelqu'un te provoque il faut lui rendre la monnaie.,,,,,,,,,,,,https://mooreburkina.com/fr/contes-proverbes/proverbes-en-moor%C3%A9-vol-10,https://media.ipsapps.org/mos/ora/prv-v10/,apps/b93b4f5f06e5a9ef/12-B012-001.html,adjacent_french_segment,0.75,needs_review,166 Ned pa yõgd a pag ma
2ef0a42083df8f31,mos,,folktale,15,,,"173 Ned sã n dɩ n tẽge, lengr lebga la-zaoko.","Si l'on est rassasié, l'écuelle devient un plat foutu.",,,,,,,,,,,,https://mooreburkina.com/fr/contes-proverbes/proverbes-en-moor%C3%A9-vol-10,https://media.ipsapps.org/mos/ora/prv-v10/,apps/b93b4f5f06e5a9ef/12-B012-001.html,adjacent_french_segment,0.75,needs_review,166 Ned pa yõgd a pag ma
4db71a5391f57e03,mos,,folktale,18,,,"175 Ned sã n gãe a to pĩirẽ, a gãyã tẽnga.",Celui qui est couché sur la natte de son camarade est couché à terre.,,,,,,,,,,,,https://mooreburkina.com/fr/contes-proverbes/proverbes-en-moor%C3%A9-vol-10,https://media.ipsapps.org/mos/ora/prv-v10/,apps/b93b4f5f06e5a9ef/12-B012-001.html,adjacent_french_segment,0.75,needs_review,166 Ned pa yõgd a pag ma
8eb4a82675b7a6d0,mos,,folktale,20,,,176 Ned sã n maan a meng bõang bɩ katr yõk-a.,Si quelqu'un se fait âne que l'hyène l'attrape.,,,,,,,,,,,,https://mooreburkina.com/fr/contes-proverbes/proverbes-en-moor%C3%A9-vol-10,https://media.ipsapps.org/mos/ora/prv-v10/,apps/b93b4f5f06e5a9ef/12-B012-001.html,adjacent_french_segment,0.75,needs_review,166 Ned pa yõgd a pag ma
0331b90df181e2e4,mos,,folktale,22,,,"177 Ned sã n mi nu, tɩ b wilga piiga, a bãngr yaa naana.","Si quelqu'un connaît vingt-cinq francs, il est facile de lui montrer cinquante francs.",,,,,,,,,,,,https://mooreburkina.com/fr/contes-proverbes/proverbes-en-moor%C3%A9-vol-10,https://media.ipsapps.org/mos/ora/prv-v10/,apps/b93b4f5f06e5a9ef/12-B012-001.html,adjacent_french_segment,0.75,needs_review,166 Ned pa yõgd a pag ma
68f38c214e49dcec,mos,,folktale,25,,,"179 Ned sã n pa ki, bɩ a ra sõd a yẽn ye.","Si on n'est pas mort, qu'on ne compte pas ses dents.",,,,,,,,,,,,https://mooreburkina.com/fr/contes-proverbes/proverbes-en-moor%C3%A9-vol-10,https://media.ipsapps.org/mos/ora/prv-v10/,apps/b93b4f5f06e5a9ef/12-B012-001.html,adjacent_french_segment,0.75,needs_review,166 Ned pa yõgd a pag ma
1249a4b57e323adb,mos,,folktale,1,,,"181 Ned sã n pa tõe-fo, a lobda f baag kuga.",Celui qui ne peut rien te faire lance des pierres à ton chien.,,,,,,,,,,,,https://mooreburkina.com/fr/contes-proverbes/proverbes-en-moor%C3%A9-vol-10,https://media.ipsapps.org/mos/ora/prv-v10/,apps/b93b4f5f06e5a9ef/13-B013-001.html,adjacent_french_segment,0.75,needs_review,"181 Ned sã n pa tõe-fo, a"
4a19b55724f95f05,mos,,folktale,3,,,182 Ned sã n sak loees bɩ a sak takre.,"Si quelqu'un accepte qu'on l'attache, qu'il accepte qu'on le tire.",,,,,,,,,,,,https://mooreburkina.com/fr/contes-proverbes/proverbes-en-moor%C3%A9-vol-10,https://media.ipsapps.org/mos/ora/prv-v10/,apps/b93b4f5f06e5a9ef/13-B013-001.html,adjacent_french_segment,0.75,needs_review,"181 Ned sã n pa tõe-fo, a"
bdb2fa68458f57cb,mos,,folktale,5,,,183 Ned sã n sẽdg f poor bɩ f me sẽdg f nenga.,"Quand quelqu'un te frotte le dos, il faut te laver le visage.",,,,,,,,,,,,https://mooreburkina.com/fr/contes-proverbes/proverbes-en-moor%C3%A9-vol-10,https://media.ipsapps.org/mos/ora/prv-v10/,apps/b93b4f5f06e5a9ef/13-B013-001.html,adjacent_french_segment,0.75,needs_review,"181 Ned sã n pa tõe-fo, a"
ff4f6ed3e55b4f5a,mos,,folktale,7,,,184 Ned sã n sẽdgd f poor bɩ f widg f nenga.,"Si on te frotte le dos, lave-toi le visage.",,,,,,,,,,,,https://mooreburkina.com/fr/contes-proverbes/proverbes-en-moor%C3%A9-vol-10,https://media.ipsapps.org/mos/ora/prv-v10/,apps/b93b4f5f06e5a9ef/13-B013-001.html,adjacent_french_segment,0.75,needs_review,"181 Ned sã n pa tõe-fo, a"
a41c86a7e5ba4094,mos,,folktale,9,,,"185 Ned sã n tar pãng bɩ a maan gũusgu, tɩ pãng tõe n wa saame.",Celui qui a le pouvoir doit faire attention parce que la force peut venir à finir.,,,,,,,,,,,,https://mooreburkina.com/fr/contes-proverbes/proverbes-en-moor%C3%A9-vol-10,https://media.ipsapps.org/mos/ora/prv-v10/,apps/b93b4f5f06e5a9ef/13-B013-001.html,adjacent_french_segment,0.75,needs_review,"181 Ned sã n pa tõe-fo, a"
d3f9460f4759d4ad,mos,,folktale,11,,,"186 Ned sã n yet t'a na n kõ-f kuirga, ges a sẽn tare.","Si quelqu'un te promet un pantalon, regarde ce qu'il a.",,,,,,,,,,,,https://mooreburkina.com/fr/contes-proverbes/proverbes-en-moor%C3%A9-vol-10,https://media.ipsapps.org/mos/ora/prv-v10/,apps/b93b4f5f06e5a9ef/13-B013-001.html,adjacent_french_segment,0.75,needs_review,"181 Ned sã n pa tõe-fo, a"
b44ba98f638891e4,mos,,folktale,15,,,189 Ned sẽn dɩk a geoor n tek pẽka.,Quelqu'un qui a échangé une chose contre une gifle.,,,,,,,,,,,,https://mooreburkina.com/fr/contes-proverbes/proverbes-en-moor%C3%A9-vol-10,https://media.ipsapps.org/mos/ora/prv-v10/,apps/b93b4f5f06e5a9ef/13-B013-001.html,adjacent_french_segment,0.75,needs_review,"181 Ned sã n pa tõe-fo, a"
c402f04b234d4cda,mos,,folktale,17,,,190 Ned sẽn dɩk a pẽk n tek doore.,Quelqu'un qui a échangé sa gifle contre un gourdin.,,,,,,,,,,,,https://mooreburkina.com/fr/contes-proverbes/proverbes-en-moor%C3%A9-vol-10,https://media.ipsapps.org/mos/ora/prv-v10/,apps/b93b4f5f06e5a9ef/13-B013-001.html,adjacent_french_segment,0.75,needs_review,"181 Ned sã n pa tõe-fo, a"
d4838ccd2ec9b9e2,mos,,folktale,19,,,191 Ned sẽn pa mi a sẽn sãẽ zaamẽ.,Celui qui ne sait pas où il a chié hier.,,,,,,,,,,,,https://mooreburkina.com/fr/contes-proverbes/proverbes-en-moor%C3%A9-vol-10,https://media.ipsapps.org/mos/ora/prv-v10/,apps/b93b4f5f06e5a9ef/13-B013-001.html,adjacent_french_segment,0.75,needs_review,"181 Ned sã n pa tõe-fo, a"
c92beee0c672c7eb,mos,,folktale,21,,,"192 Ned sẽn zoe bĩndu, n lʋɩ yẽdgẽ.",Fuir les excréments et entrer dans l'anus.,,,,,,,,,,,,https://mooreburkina.com/fr/contes-proverbes/proverbes-en-moor%C3%A9-vol-10,https://media.ipsapps.org/mos/ora/prv-v10/,apps/b93b4f5f06e5a9ef/13-B013-001.html,adjacent_french_segment,0.75,needs_review,"181 Ned sã n pa tõe-fo, a"
8b26dcd3c04e529f,mos,,folktale,23,,,"193 Ned teegda a to n paam n yɩ bũmbu, n paam n nafe.",Une personne compte sur une autre pour sortir d'affaire et prospérer.,,,,,,,,,,,,https://mooreburkina.com/fr/contes-proverbes/proverbes-en-moor%C3%A9-vol-10,https://media.ipsapps.org/mos/ora/prv-v10/,apps/b93b4f5f06e5a9ef/13-B013-001.html,adjacent_french_segment,0.75,needs_review,"181 Ned sã n pa tõe-fo, a"
c3f279f916b62e8c,mos,,folktale,25,,,194 Ned yamleoog tɩɩg la a tãpo.,C'est l'arbre préféré de quelqu'un qui est son arc.,,,,,,,,,,,,https://mooreburkina.com/fr/contes-proverbes/proverbes-en-moor%C3%A9-vol-10,https://media.ipsapps.org/mos/ora/prv-v10/,apps/b93b4f5f06e5a9ef/13-B013-001.html,adjacent_french_segment,0.75,needs_review,"181 Ned sã n pa tõe-fo, a"
38c9a568c4334b0e,mos,,folktale,27,,,195 Ned yã gãeeng la a põng a zugu.,Il faut voir le fou pour le raser.,,,,,,,,,,,,https://mooreburkina.com/fr/contes-proverbes/proverbes-en-moor%C3%A9-vol-10,https://media.ipsapps.org/mos/ora/prv-v10/,apps/b93b4f5f06e5a9ef/13-B013-001.html,adjacent_french_segment,0.75,needs_review,"181 Ned sã n pa tõe-fo, a"
573483170f0858d6,mos,,folktale,1,,,196 Ned zoa n kʋʋd-a t'a bẽ gʋse.,C'est l'ami de quelqu'un qui te tue afin que ton ennemi le déplume.,,,,,,,,,,,,https://mooreburkina.com/fr/contes-proverbes/proverbes-en-moor%C3%A9-vol-10,https://media.ipsapps.org/mos/ora/prv-v10/,apps/b93b4f5f06e5a9ef/14-B014-001.html,adjacent_french_segment,0.75,needs_review,196 Ned zoa n kʋʋd-a t'a
921068363a7d01f7,mos,,folktale,3,,,"197 Ned zukdame, n bãng goam tɩ ya wa yaa b kõ-a.","Quelqu'un vole, parle bien et c'est comme si on lui avait donné.",,,,,,,,,,,,https://mooreburkina.com/fr/contes-proverbes/proverbes-en-moor%C3%A9-vol-10,https://media.ipsapps.org/mos/ora/prv-v10/,apps/b93b4f5f06e5a9ef/14-B014-001.html,adjacent_french_segment,0.75,needs_review,196 Ned zoa n kʋʋd-a t'a
7b749e9e7ab1e2fc,mos,,folktale,5,,,198 Nif la zaka.,C'est l'œil qui fait la concession.,,,,,,,,,,,,https://mooreburkina.com/fr/contes-proverbes/proverbes-en-moor%C3%A9-vol-10,https://media.ipsapps.org/mos/ora/prv-v10/,apps/b93b4f5f06e5a9ef/14-B014-001.html,adjacent_french_segment,0.75,needs_review,196 Ned zoa n kʋʋd-a t'a
eed60047ba0e55e3,mos,,folktale,7,,,199 Nif pa yalem n get a sẽn pa nong-b rãmb ye.,Un œil n'est pas idiot pour regarder ceux qu'il n'aime pas.,,,,,,,,,,,,https://mooreburkina.com/fr/contes-proverbes/proverbes-en-moor%C3%A9-vol-10,https://media.ipsapps.org/mos/ora/prv-v10/,apps/b93b4f5f06e5a9ef/14-B014-001.html,adjacent_french_segment,0.75,needs_review,196 Ned zoa n kʋʋd-a t'a
c7b137227fe005bf,mos,,folktale,10,,,201 Nin yend pa wʋrd wobg yamd ye.,Une seule personne ne cherche pas le foin d'un éléphant.,,,,,,,,,,,,https://mooreburkina.com/fr/contes-proverbes/proverbes-en-moor%C3%A9-vol-10,https://media.ipsapps.org/mos/ora/prv-v10/,apps/b93b4f5f06e5a9ef/14-B014-001.html,adjacent_french_segment,0.75,needs_review,196 Ned zoa n kʋʋd-a t'a
d06aacd0c15ea13c,mos,,folktale,12,,,"202 Nin yend tar yam me, yiib n yɩɩda.","Si une personne est maligne, deux personnes valent mieux.",,,,,,,,,,,,https://mooreburkina.com/fr/contes-proverbes/proverbes-en-moor%C3%A9-vol-10,https://media.ipsapps.org/mos/ora/prv-v10/,apps/b93b4f5f06e5a9ef/14-B014-001.html,adjacent_french_segment,0.75,needs_review,196 Ned zoa n kʋʋd-a t'a
aa3113aef932a8eb,mos,,folktale,14,,,203 Nin-feoog sã n pa seg zõang a pa mi tɩ wẽnd nong-a lame ye.,"Si le borgne ne rencontre pas un aveugle, il ne sait pas que Dieu l'aime.",,,,,,,,,,,,https://mooreburkina.com/fr/contes-proverbes/proverbes-en-moor%C3%A9-vol-10,https://media.ipsapps.org/mos/ora/prv-v10/,apps/b93b4f5f06e5a9ef/14-B014-001.html,adjacent_french_segment,0.75,needs_review,196 Ned zoa n kʋʋd-a t'a
f3ce42266eaa0102,mos,,folktale,16,,,204 Nin-feoog yet tɩ tʋʋr zabda a zĩigẽ.,Le borgne dit que l'injure fait mal à son endroit.,,,,,,,,,,,,https://mooreburkina.com/fr/contes-proverbes/proverbes-en-moor%C3%A9-vol-10,https://media.ipsapps.org/mos/ora/prv-v10/,apps/b93b4f5f06e5a9ef/14-B014-001.html,adjacent_french_segment,0.75,needs_review,196 Ned zoa n kʋʋd-a t'a
4e80e835d4a3f3cb,mos,,folktale,18,,,205 Nin-kʋʋd zoet guugu.,Le tueur a peur du gourdin.,,,,,,,,,,,,https://mooreburkina.com/fr/contes-proverbes/proverbes-en-moor%C3%A9-vol-10,https://media.ipsapps.org/mos/ora/prv-v10/,apps/b93b4f5f06e5a9ef/14-B014-001.html,adjacent_french_segment,0.75,needs_review,196 Ned zoa n kʋʋd-a t'a
18b676c3afc38019,mos,,folktale,20,,,206 Nin-kẽem sẽn bĩng yaa a to sẽn dɩke.,Ce que le vieillard a caché c'est ce qu'un autre a pris.,,,,,,,,,,,,https://mooreburkina.com/fr/contes-proverbes/proverbes-en-moor%C3%A9-vol-10,https://media.ipsapps.org/mos/ora/prv-v10/,apps/b93b4f5f06e5a9ef/14-B014-001.html,adjacent_french_segment,0.75,needs_review,196 Ned zoa n kʋʋd-a t'a
648ec7c2c1759dc2,mos,,folktale,23,,,208 Nin-kẽem yaa tɩɩm.,Un vieillard est un remède.,,,,,,,,,,,,https://mooreburkina.com/fr/contes-proverbes/proverbes-en-moor%C3%A9-vol-10,https://media.ipsapps.org/mos/ora/prv-v10/,apps/b93b4f5f06e5a9ef/14-B014-001.html,adjacent_french_segment,0.75,needs_review,196 Ned zoa n kʋʋd-a t'a
0c98f98da6786e0e,mos,,folktale,25,,,209 Nin-kẽem yaaleg ka mi tɩ yãag na n bɩ n paam-a lame ye.,Le vieillard imprévoyant ne sait pas que l'enfant grandira le trouver.,,,,,,,,,,,,https://mooreburkina.com/fr/contes-proverbes/proverbes-en-moor%C3%A9-vol-10,https://media.ipsapps.org/mos/ora/prv-v10/,apps/b93b4f5f06e5a9ef/14-B014-001.html,adjacent_french_segment,0.75,needs_review,196 Ned zoa n kʋʋd-a t'a
a8e01300956bedc6,mos,,folktale,27,,,210 Nin-kẽem yam kuuda a to taoore.,Un vieillard a les mêmes ressources que son largénaire.,,,,,,,,,,,,https://mooreburkina.com/fr/contes-proverbes/proverbes-en-moor%C3%A9-vol-10,https://media.ipsapps.org/mos/ora/prv-v10/,apps/b93b4f5f06e5a9ef/14-B014-001.html,adjacent_french_segment,0.75,needs_review,196 Ned zoa n kʋʋd-a t'a
722089e845add1a4,mos,,folktale,1,,,211 Nin-sĩndg zʋg bee a sẽegẽ.,Le mauvais caractère du timide se trouve dans son derrière.,,,,,,,,,,,,https://mooreburkina.com/fr/contes-proverbes/proverbes-en-moor%C3%A9-vol-10,https://media.ipsapps.org/mos/ora/prv-v10/,apps/b93b4f5f06e5a9ef/15-B015-001.html,adjacent_french_segment,0.75,needs_review,211 Nin-sĩndg zʋg bee a
879179f1dab906bd,mos,,folktale,4,,,"213 Nin-wẽng sɩngda tʋʋm-kẽga a buudẽ, n yaool n long neb a taaba.",Une mauvaise personne commence par faire des bêtises chez lui avant d'en faire chez les autres.,,,,,,,,,,,,https://mooreburkina.com/fr/contes-proverbes/proverbes-en-moor%C3%A9-vol-10,https://media.ipsapps.org/mos/ora/prv-v10/,apps/b93b4f5f06e5a9ef/15-B015-001.html,adjacent_french_segment,0.75,needs_review,211 Nin-sĩndg zʋg bee a
848ae05a0db01bbf,mos,,folktale,6,,,"214 Nin-wẽnga, bã-wẽng n kʋʋd-a.","Une mauvaise personne, c'est une vilaine maladie qui la tue.",,,,,,,,,,,,https://mooreburkina.com/fr/contes-proverbes/proverbes-en-moor%C3%A9-vol-10,https://media.ipsapps.org/mos/ora/prv-v10/,apps/b93b4f5f06e5a9ef/15-B015-001.html,adjacent_french_segment,0.75,needs_review,211 Nin-sĩndg zʋg bee a
2214e0e66ab8b04b,mos,,folktale,9,,,216 Ninsaal pa kiid t'a kokoraoog zɩ tĩir ye.,Une personne ne meurt jamais à l'insu de son gosier.,,,,,,,,,,,,https://mooreburkina.com/fr/contes-proverbes/proverbes-en-moor%C3%A9-vol-10,https://media.ipsapps.org/mos/ora/prv-v10/,apps/b93b4f5f06e5a9ef/15-B015-001.html,adjacent_french_segment,0.75,needs_review,211 Nin-sĩndg zʋg bee a
afd32b5c17a0a810,mos,,folktale,11,,,217 Ninsaal pa tõe n yã n yɩɩg a yãab ye.,Nul ne peut voir au-delà de ce qu'il peut voir.,,,,,,,,,,,,https://mooreburkina.com/fr/contes-proverbes/proverbes-en-moor%C3%A9-vol-10,https://media.ipsapps.org/mos/ora/prv-v10/,apps/b93b4f5f06e5a9ef/15-B015-001.html,adjacent_french_segment,0.75,needs_review,211 Nin-sĩndg zʋg bee a
8f333a0fadd581e5,mos,,folktale,13,,,218 Ninsaal yaa a to tɩɩm.,L'être humain est le remède de l'être humain.,,,,,,,,,,,,https://mooreburkina.com/fr/contes-proverbes/proverbes-en-moor%C3%A9-vol-10,https://media.ipsapps.org/mos/ora/prv-v10/,apps/b93b4f5f06e5a9ef/15-B015-001.html,adjacent_french_segment,0.75,needs_review,211 Nin-sĩndg zʋg bee a
b491b12d7229356a,mos,,folktale,15,,,"219 Ninsaal yaa a wae, a ka ta piig ye.",L'être humain n'est pas parfait; il est neuf mais pas dix.,,,,,,,,,,,,https://mooreburkina.com/fr/contes-proverbes/proverbes-en-moor%C3%A9-vol-10,https://media.ipsapps.org/mos/ora/prv-v10/,apps/b93b4f5f06e5a9ef/15-B015-001.html,adjacent_french_segment,0.75,needs_review,211 Nin-sĩndg zʋg bee a
8d7c754ba2ef432a,mos,,folktale,17,,,"220 Ninsaal-koanga, sẽn be b yɩɩg n paamd a maasem.",Ceux qui sont éloignés d'une personne à l'image d'un rônier bénéficient de son ombre.,,,,,,,,,,,,https://mooreburkina.com/fr/contes-proverbes/proverbes-en-moor%C3%A9-vol-10,https://media.ipsapps.org/mos/ora/prv-v10/,apps/b93b4f5f06e5a9ef/15-B015-001.html,adjacent_french_segment,0.75,needs_review,211 Nin-sĩndg zʋg bee a
0409b07e55bebd08,mos,,folktale,19,,,221 No-bi-tũng nagda a gem-togdẽ.,Le vilain poussin se fait admirer par sa crête.,,,,,,,,,,,,https://mooreburkina.com/fr/contes-proverbes/proverbes-en-moor%C3%A9-vol-10,https://media.ipsapps.org/mos/ora/prv-v10/,apps/b93b4f5f06e5a9ef/15-B015-001.html,adjacent_french_segment,0.75,needs_review,211 Nin-sĩndg zʋg bee a
ea3ed559d3b7c10e,mos,,folktale,21,,,222 No-bil gõaad rɩta tãnbeg-raase.,Le poussin qui se balade mange les mauvaises termites,,,,,,,,,,,,https://mooreburkina.com/fr/contes-proverbes/proverbes-en-moor%C3%A9-vol-10,https://media.ipsapps.org/mos/ora/prv-v10/,apps/b93b4f5f06e5a9ef/15-B015-001.html,adjacent_french_segment,0.75,needs_review,211 Nin-sĩndg zʋg bee a
f98745654f33037e,mos,,folktale,23,,,"223 Noaag neer wẽ, la a rɩgrã?","Un beau poulet, mais nain.",,,,,,,,,,,,https://mooreburkina.com/fr/contes-proverbes/proverbes-en-moor%C3%A9-vol-10,https://media.ipsapps.org/mos/ora/prv-v10/,apps/b93b4f5f06e5a9ef/15-B015-001.html,adjacent_french_segment,0.75,needs_review,211 Nin-sĩndg zʋg bee a
6580999fd7b2c5ad,mos,,folktale,25,,,224 Noaag noor mod yã a ki yã.,Un poulet au bec malade est un poulet mort.,,,,,,,,,,,,https://mooreburkina.com/fr/contes-proverbes/proverbes-en-moor%C3%A9-vol-10,https://media.ipsapps.org/mos/ora/prv-v10/,apps/b93b4f5f06e5a9ef/15-B015-001.html,adjacent_french_segment,0.75,needs_review,211 Nin-sĩndg zʋg bee a
1794f1b348a4fbe8,mos,,folktale,27,,,224 Noaag pa zoet a zu-soab sʋʋg ye.,La poule ne craint pas le couteau de son propriétaire.,,,,,,,,,,,,https://mooreburkina.com/fr/contes-proverbes/proverbes-en-moor%C3%A9-vol-10,https://media.ipsapps.org/mos/ora/prv-v10/,apps/b93b4f5f06e5a9ef/15-B015-001.html,adjacent_french_segment,0.75,needs_review,211 Nin-sĩndg zʋg bee a
305951eb048490fd,mos,,folktale,1,,,225 Noaag vuud a to yãad t'a rẽnd vuud beoogo.,La poule traîne les intestins de son semblable et les siens traînent demain.,,,,,,,,,,,,https://mooreburkina.com/fr/contes-proverbes/proverbes-en-moor%C3%A9-vol-10,https://media.ipsapps.org/mos/ora/prv-v10/,apps/b93b4f5f06e5a9ef/16-B016-001.html,adjacent_french_segment,0.75,needs_review,225 Noaag vuud a to yãad
f8d7c6a59a7d7f8f,mos,,folktale,3,,,226 Noaag wẽnda a yasba.,La poule ressemble à son oncle.,,,,,,,,,,,,https://mooreburkina.com/fr/contes-proverbes/proverbes-en-moor%C3%A9-vol-10,https://media.ipsapps.org/mos/ora/prv-v10/,apps/b93b4f5f06e5a9ef/16-B016-001.html,adjacent_french_segment,0.75,needs_review,225 Noaag vuud a to yãad
ac42f40b511d3dfd,mos,,folktale,5,,,227 Noaag yeelame tɩ b sã n pa raadẽ me bɩ b magda.,"Le poulet a dit que même si on achète pas, qu'on mesure.",,,,,,,,,,,,https://mooreburkina.com/fr/contes-proverbes/proverbes-en-moor%C3%A9-vol-10,https://media.ipsapps.org/mos/ora/prv-v10/,apps/b93b4f5f06e5a9ef/16-B016-001.html,adjacent_french_segment,0.75,needs_review,225 Noaag vuud a to yãad
1e2547a0ce6f3cd1,mos,,folktale,7,,,228 Noaag yet t'a sã n maand a meng pʋ-toog bɩ b ges a roogo.,Le poulet dit que s'il ne s'est pas occupé de lui-même qu'on regarde sa case.,,,,,,,,,,,,https://mooreburkina.com/fr/contes-proverbes/proverbes-en-moor%C3%A9-vol-10,https://media.ipsapps.org/mos/ora/prv-v10/,apps/b93b4f5f06e5a9ef/16-B016-001.html,adjacent_french_segment,0.75,needs_review,225 Noaag vuud a to yãad
3f8cf50dc6c1d6af,mos,,folktale,10,,,230 Nong n sõs roodame.,Qui aime trop causer fait la cour.,,,,,,,,,,,,https://mooreburkina.com/fr/contes-proverbes/proverbes-en-moor%C3%A9-vol-10,https://media.ipsapps.org/mos/ora/prv-v10/,apps/b93b4f5f06e5a9ef/16-B016-001.html,adjacent_french_segment,0.75,needs_review,225 Noaag vuud a to yãad
0e84ac22360731f2,mos,,folktale,12,,,231 Nonglem yaa bãaga.,L'amour est comme une maladie.,,,,,,,,,,,,https://mooreburkina.com/fr/contes-proverbes/proverbes-en-moor%C3%A9-vol-10,https://media.ipsapps.org/mos/ora/prv-v10/,apps/b93b4f5f06e5a9ef/16-B016-001.html,adjacent_french_segment,0.75,needs_review,225 Noaag vuud a to yãad
6c46ce0abbc4b698,mos,,folktale,14,,,232 Noog pa bãngd to noorẽ ye.,On ne savoure pas le bon gout dans la bouche d'autrui.,,,,,,,,,,,,https://mooreburkina.com/fr/contes-proverbes/proverbes-en-moor%C3%A9-vol-10,https://media.ipsapps.org/mos/ora/prv-v10/,apps/b93b4f5f06e5a9ef/16-B016-001.html,adjacent_french_segment,0.75,needs_review,225 Noaag vuud a to yãad
37e57d458f65fa6c,mos,,folktale,16,,,233 Noor pa sẽgd n dɩt n togsd beed ye.,La bouche doit être reconnaissante.,,,,,,,,,,,,https://mooreburkina.com/fr/contes-proverbes/proverbes-en-moor%C3%A9-vol-10,https://media.ipsapps.org/mos/ora/prv-v10/,apps/b93b4f5f06e5a9ef/16-B016-001.html,adjacent_french_segment,0.75,needs_review,225 Noaag vuud a to yãad
ea9170072a3ec765,mos,,folktale,18,,,234 Noor pẽ naab são yir pẽ naaba.,Une bouche proche du chef vaut mieux qu'une concession proche du chef.,,,,,,,,,,,,https://mooreburkina.com/fr/contes-proverbes/proverbes-en-moor%C3%A9-vol-10,https://media.ipsapps.org/mos/ora/prv-v10/,apps/b93b4f5f06e5a9ef/16-B016-001.html,adjacent_french_segment,0.75,needs_review,225 Noaag vuud a to yãad
982be012172713ae,mos,,folktale,20,,,235 Noor soab kõn kong sor ye.,Celui qui parle ne saurait se tromper de route.,,,,,,,,,,,,https://mooreburkina.com/fr/contes-proverbes/proverbes-en-moor%C3%A9-vol-10,https://media.ipsapps.org/mos/ora/prv-v10/,apps/b93b4f5f06e5a9ef/16-B016-001.html,adjacent_french_segment,0.75,needs_review,225 Noaag vuud a to yãad
4e40b637a70f441d,mos,,folktale,22,,,236 Noor tooll pa zɩɩb n yaad ned ye.,Une commission verbale n'est pas une charge qui fatigue.,,,,,,,,,,,,https://mooreburkina.com/fr/contes-proverbes/proverbes-en-moor%C3%A9-vol-10,https://media.ipsapps.org/mos/ora/prv-v10/,apps/b93b4f5f06e5a9ef/16-B016-001.html,adjacent_french_segment,0.75,needs_review,225 Noaag vuud a to yãad
07773a11be5e3ae5,mos,,folktale,25,,,238 Nug-bi yẽng pa wʋkd zom ye.,Un seul doigt ne ramasse pas la farine.,,,,,,,,,,,,https://mooreburkina.com/fr/contes-proverbes/proverbes-en-moor%C3%A9-vol-10,https://media.ipsapps.org/mos/ora/prv-v10/,apps/b93b4f5f06e5a9ef/16-B016-001.html,adjacent_french_segment,0.75,needs_review,225 Noaag vuud a to yãad
039673645e1fb839,mos,,folktale,27,,,239 Nug-yẽes soab wilgda sʋʋg soab yam.,Celui qui a des ongles donne à réfléchir à celui qui a un couteau.,,,,,,,,,,,,https://mooreburkina.com/fr/contes-proverbes/proverbes-en-moor%C3%A9-vol-10,https://media.ipsapps.org/mos/ora/prv-v10/,apps/b93b4f5f06e5a9ef/16-B016-001.html,adjacent_french_segment,0.75,needs_review,225 Noaag vuud a to yãad
c3308a9c938870d2,mos,,folktale,1,,,"240 Pa gãe f ye, kẽnda ne f paga.","Si tu ne veux pas dormir seul, emmène toujours ta femme.",,,,,,,,,,,,https://mooreburkina.com/fr/contes-proverbes/proverbes-en-moor%C3%A9-vol-10,https://media.ipsapps.org/mos/ora/prv-v10/,apps/b93b4f5f06e5a9ef/17-B017-001.html,adjacent_french_segment,0.75,needs_review,"240 Pa gãe f ye, kẽnda ne"
b49889fb7b9bdeb4,mos,,folktale,3,,,241 Pa nong m woglem yetame tɩ m yaa songlgo.,Celui qui n'aime pas ma grande taille dit que je suis long.,,,,,,,,,,,,https://mooreburkina.com/fr/contes-proverbes/proverbes-en-moor%C3%A9-vol-10,https://media.ipsapps.org/mos/ora/prv-v10/,apps/b93b4f5f06e5a9ef/17-B017-001.html,adjacent_french_segment,0.75,needs_review,"240 Pa gãe f ye, kẽnda ne"
f8396ce1f01910d3,mos,,folktale,7,,,243 Pa reng n dog la wobg yãab ye.,Naître avant quelqu'un n'est pas synonyme de voir un éléphant avant lui.,,,,,,,,,,,,https://mooreburkina.com/fr/contes-proverbes/proverbes-en-moor%C3%A9-vol-10,https://media.ipsapps.org/mos/ora/prv-v10/,apps/b93b4f5f06e5a9ef/17-B017-001.html,adjacent_french_segment,0.75,needs_review,"240 Pa gãe f ye, kẽnda ne"
6e4bf2a1349d7d46,mos,,folktale,9,,,244 Pa sẽn dob n sãad ye.,Ce n'est pas tout ce qui s'accroupit qui défèque.,,,,,,,,,,,,https://mooreburkina.com/fr/contes-proverbes/proverbes-en-moor%C3%A9-vol-10,https://media.ipsapps.org/mos/ora/prv-v10/,apps/b93b4f5f06e5a9ef/17-B017-001.html,adjacent_french_segment,0.75,needs_review,"240 Pa gãe f ye, kẽnda ne"
31ba5fa13b4df34a,mos,,folktale,11,,,245 Pa togs-m kʋʋr zabda kʋ-yiri.,C'est au lieu des funérailles qu'on se plaint qu'on n'a pas été informé.,,,,,,,,,,,,https://mooreburkina.com/fr/contes-proverbes/proverbes-en-moor%C3%A9-vol-10,https://media.ipsapps.org/mos/ora/prv-v10/,apps/b93b4f5f06e5a9ef/17-B017-001.html,adjacent_french_segment,0.75,needs_review,"240 Pa gãe f ye, kẽnda ne"
010d3c27de40971d,mos,,folktale,14,,,247 Pag mong-m nob-rãam n yaoog-m ne sãaga.,La femme ne m'a pas donné la bière de mil dû et du même coup m'a évité la diarrhée.,,,,,,,,,,,,https://mooreburkina.com/fr/contes-proverbes/proverbes-en-moor%C3%A9-vol-10,https://media.ipsapps.org/mos/ora/prv-v10/,apps/b93b4f5f06e5a9ef/17-B017-001.html,adjacent_french_segment,0.75,needs_review,"240 Pa gãe f ye, kẽnda ne"
55b057cdfb900620,mos,,folktale,16,,,248 Pag n baood a ki t'a sɩd sãrge.,C'est la femme qui cherche son mil pour que son mari batte.,,,,,,,,,,,,https://mooreburkina.com/fr/contes-proverbes/proverbes-en-moor%C3%A9-vol-10,https://media.ipsapps.org/mos/ora/prv-v10/,apps/b93b4f5f06e5a9ef/17-B017-001.html,adjacent_french_segment,0.75,needs_review,"240 Pa gãe f ye, kẽnda ne"
fa8430b0dbe8e9b8,mos,,folktale,18,,,Pag na nob t'a sɩd zabe?,Un mari peut-il gronder sa femme parce qu'elle grossit?,,,,,,,,,,,,https://mooreburkina.com/fr/contes-proverbes/proverbes-en-moor%C3%A9-vol-10,https://media.ipsapps.org/mos/ora/prv-v10/,apps/b93b4f5f06e5a9ef/17-B017-001.html,adjacent_french_segment,0.75,needs_review,"240 Pa gãe f ye, kẽnda ne"
fa969f3300e4451c,mos,,folktale,20,,,249 Pag noor la a loko.,La bouche d'une femme est son carquois.,,,,,,,,,,,,https://mooreburkina.com/fr/contes-proverbes/proverbes-en-moor%C3%A9-vol-10,https://media.ipsapps.org/mos/ora/prv-v10/,apps/b93b4f5f06e5a9ef/17-B017-001.html,adjacent_french_segment,0.75,needs_review,"240 Pa gãe f ye, kẽnda ne"
8c2b91b0e135a1a1,mos,,folktale,22,,,250 Pag pa get a pʋg-to peoog n lub a wam zaok ye.,Une femme ne regarde pas le panier de sa coépouse pour terrasser sa calebasse fêlé.,,,,,,,,,,,,https://mooreburkina.com/fr/contes-proverbes/proverbes-en-moor%C3%A9-vol-10,https://media.ipsapps.org/mos/ora/prv-v10/,apps/b93b4f5f06e5a9ef/17-B017-001.html,adjacent_french_segment,0.75,needs_review,"240 Pa gãe f ye, kẽnda ne"
22edab250c3cd2ee,mos,,folktale,24,,,251 Pag pa mi t'a sɩd yaa naab ye.,La femme ne sait pas que son mari est chef.,,,,,,,,,,,,https://mooreburkina.com/fr/contes-proverbes/proverbes-en-moor%C3%A9-vol-10,https://media.ipsapps.org/mos/ora/prv-v10/,apps/b93b4f5f06e5a9ef/17-B017-001.html,adjacent_french_segment,0.75,needs_review,"240 Pa gãe f ye, kẽnda ne"
626d659156754bdb,mos,,folktale,26,,,252 Pag pʋʋg toogda yʋngo.,On délimite le champ de la femme la nuit.,,,,,,,,,,,,https://mooreburkina.com/fr/contes-proverbes/proverbes-en-moor%C3%A9-vol-10,https://media.ipsapps.org/mos/ora/prv-v10/,apps/b93b4f5f06e5a9ef/17-B017-001.html,adjacent_french_segment,0.75,needs_review,"240 Pa gãe f ye, kẽnda ne"
668b3b3c9d54e57b,mos,,folktale,1,,,254 Pag sak tɩ tɩɩm sake.,"Pour que le médicament réussisse, il faut que la femme accepte.",,,,,,,,,,,,https://mooreburkina.com/fr/contes-proverbes/proverbes-en-moor%C3%A9-vol-10,https://media.ipsapps.org/mos/ora/prv-v10/,apps/b93b4f5f06e5a9ef/18-B018-001.html,adjacent_french_segment,0.75,needs_review,254 Pag sak tɩ tɩɩm sake
ebd8c8a7650acf60,mos,,folktale,3,,,255 Pag sakame la roog ka ye.,"La femme a dit oui, mais il n'y a pas de maison.",,,,,,,,,,,,https://mooreburkina.com/fr/contes-proverbes/proverbes-en-moor%C3%A9-vol-10,https://media.ipsapps.org/mos/ora/prv-v10/,apps/b93b4f5f06e5a9ef/18-B018-001.html,adjacent_french_segment,0.75,needs_review,254 Pag sak tɩ tɩɩm sake
f48e58241ff44bb4,mos,,folktale,5,,,256 Pag yaa yãaga.,La femme est un petit enfant.,,,,,,,,,,,,https://mooreburkina.com/fr/contes-proverbes/proverbes-en-moor%C3%A9-vol-10,https://media.ipsapps.org/mos/ora/prv-v10/,apps/b93b4f5f06e5a9ef/18-B018-001.html,adjacent_french_segment,0.75,needs_review,254 Pag sak tɩ tɩɩm sake
9947b0b61ae255f3,mos,,folktale,7,,,257 Pag yooda a na sãoog a sɩda.,Une femme commet l'adultère pour valoir mieux que son mari.,,,,,,,,,,,,https://mooreburkina.com/fr/contes-proverbes/proverbes-en-moor%C3%A9-vol-10,https://media.ipsapps.org/mos/ora/prv-v10/,apps/b93b4f5f06e5a9ef/18-B018-001.html,adjacent_french_segment,0.75,needs_review,254 Pag sak tɩ tɩɩm sake
0e3f6c1494fa2885,mos,,folktale,9,,,"258 Pag-zug wogmame, la a pa so zak ye.","Même si la femme est de grande stature, la cour ne lui appartient pas.",,,,,,,,,,,,https://mooreburkina.com/fr/contes-proverbes/proverbes-en-moor%C3%A9-vol-10,https://media.ipsapps.org/mos/ora/prv-v10/,apps/b93b4f5f06e5a9ef/18-B018-001.html,adjacent_french_segment,0.75,needs_review,254 Pag sak tɩ tɩɩm sake
85021d16c26d8cb6,mos,,folktale,12,,,"260 Pãng sã n tũud sore, bʋʋm bũnta moogo.",Quand la force suit le chemin le bon doit chercher dans la brousse.,,,,,,,,,,,,https://mooreburkina.com/fr/contes-proverbes/proverbes-en-moor%C3%A9-vol-10,https://media.ipsapps.org/mos/ora/prv-v10/,apps/b93b4f5f06e5a9ef/18-B018-001.html,adjacent_french_segment,0.75,needs_review,254 Pag sak tɩ tɩɩm sake
0b9211a6743ef019,mos,,folktale,14,,,"261 Pãng sã n tũud sore, bʋʋm bʋta moogo.","La force suit le chemin, la raison cherche l'herbe.",,,,,,,,,,,,https://mooreburkina.com/fr/contes-proverbes/proverbes-en-moor%C3%A9-vol-10,https://media.ipsapps.org/mos/ora/prv-v10/,apps/b93b4f5f06e5a9ef/18-B018-001.html,adjacent_french_segment,0.75,needs_review,254 Pag sak tɩ tɩɩm sake
6d5b2a9cb9a7556b,mos,,folktale,17,,,263 Peoog na ki m zugẽ.,Mon panier mourra sur ma tête.,,,,,,,,,,,,https://mooreburkina.com/fr/contes-proverbes/proverbes-en-moor%C3%A9-vol-10,https://media.ipsapps.org/mos/ora/prv-v10/,apps/b93b4f5f06e5a9ef/18-B018-001.html,adjacent_french_segment,0.75,needs_review,254 Pag sak tɩ tɩɩm sake
60161b165ee6b9ff,mos,,folktale,19,,,"264 Pit sã n pa wʋm toogo, soaamb pa yit ye.","Tant que la touffe d'herbe ne reçoit pas un coup sec, le lièvre ne la quitte pas.",,,,,,,,,,,,https://mooreburkina.com/fr/contes-proverbes/proverbes-en-moor%C3%A9-vol-10,https://media.ipsapps.org/mos/ora/prv-v10/,apps/b93b4f5f06e5a9ef/18-B018-001.html,adjacent_french_segment,0.75,needs_review,254 Pag sak tɩ tɩɩm sake
25264d73d24d6cc3,mos,,folktale,21,,,265 Pĩim ninga sẽn kʋ walgã n ket lokẽ wa.,C'est l'aiguille qui a tué l'antilope qui reste dans le carquois.,,,,,,,,,,,,https://mooreburkina.com/fr/contes-proverbes/proverbes-en-moor%C3%A9-vol-10,https://media.ipsapps.org/mos/ora/prv-v10/,apps/b93b4f5f06e5a9ef/18-B018-001.html,adjacent_french_segment,0.75,needs_review,254 Pag sak tɩ tɩɩm sake
c221ad2f0aace11e,mos,,folktale,23,,,267 Pĩim sã n kẽ koẽeg bɩ b yiis-a koẽega.,"Si une aiguille entre courte, qu'on la retire courte.",,,,,,,,,,,,https://mooreburkina.com/fr/contes-proverbes/proverbes-en-moor%C3%A9-vol-10,https://media.ipsapps.org/mos/ora/prv-v10/,apps/b93b4f5f06e5a9ef/18-B018-001.html,adjacent_french_segment,0.75,needs_review,254 Pag sak tɩ tɩɩm sake
916c0b79568bfa95,mos,,folktale,26,,,269 Pĩnd n ku la lilgu.,Marcher courbé est le meilleur moyen de se rendre invisible.,,,,,,,,,,,,https://mooreburkina.com/fr/contes-proverbes/proverbes-en-moor%C3%A9-vol-10,https://media.ipsapps.org/mos/ora/prv-v10/,apps/b93b4f5f06e5a9ef/18-B018-001.html,adjacent_french_segment,0.75,needs_review,254 Pag sak tɩ tɩɩm sake
3b4c81979b4971ce,mos,,folktale,2,,,271 Poanda wed-kɩɩm kʋdr n são ne poanda woabga.,Seul un ancien berger de crapauds reconnaît un crapaud boiteux.,,,,,,,,,,,,https://mooreburkina.com/fr/contes-proverbes/proverbes-en-moor%C3%A9-vol-10,https://media.ipsapps.org/mos/ora/prv-v10/,apps/b93b4f5f06e5a9ef/19-B019-001.html,adjacent_french_segment,0.75,needs_review,270 Pĩnd n ku la liulg
20a62ff084b1e9e4,mos,,folktale,4,,,272 Pog yẽng sɩd ne rakõor n zem.,Le mari d'une seule femme est célibataire.,,,,,,,,,,,,https://mooreburkina.com/fr/contes-proverbes/proverbes-en-moor%C3%A9-vol-10,https://media.ipsapps.org/mos/ora/prv-v10/,apps/b93b4f5f06e5a9ef/19-B019-001.html,adjacent_french_segment,0.75,needs_review,270 Pĩnd n ku la liulg
5ddb082129c0025d,mos,,folktale,6,,,273 Pog-yãang sã n pagd peoog bɩ b sok a zʋgo.,"Si une vieille femme ferme un panier, qu'on cherche à connaître son caractère.",,,,,,,,,,,,https://mooreburkina.com/fr/contes-proverbes/proverbes-en-moor%C3%A9-vol-10,https://media.ipsapps.org/mos/ora/prv-v10/,apps/b93b4f5f06e5a9ef/19-B019-001.html,adjacent_french_segment,0.75,needs_review,270 Pĩnd n ku la liulg
02c134771a8c5131,mos,,folktale,8,,,274 Pog-yãang zemsa ne a yaaga.,"Le panier correspond à la tête de la vieille, le crapaud à son trou.",,,,,,,,,,,,https://mooreburkina.com/fr/contes-proverbes/proverbes-en-moor%C3%A9-vol-10,https://media.ipsapps.org/mos/ora/prv-v10/,apps/b93b4f5f06e5a9ef/19-B019-001.html,adjacent_french_segment,0.75,needs_review,270 Pĩnd n ku la liulg
9c498426ba0b2f02,mos,,folktale,10,,,275 Pog-zẽeg pa neer me a gẽ yaa wɩɩla.,"Même si la femme claire n'est pas belle, ses cuisses sont rouges.",,,,,,,,,,,,https://mooreburkina.com/fr/contes-proverbes/proverbes-en-moor%C3%A9-vol-10,https://media.ipsapps.org/mos/ora/prv-v10/,apps/b93b4f5f06e5a9ef/19-B019-001.html,adjacent_french_segment,0.75,needs_review,270 Pĩnd n ku la liulg
0193c5e2a6c7dcfb,mos,,folktale,12,,,"276 Pondr ne a pʋgẽ teedo, rãbg n so.",Le crapaud et ses viscères appartiennent au boa.,,,,,,,,,,,,https://mooreburkina.com/fr/contes-proverbes/proverbes-en-moor%C3%A9-vol-10,https://media.ipsapps.org/mos/ora/prv-v10/,apps/b93b4f5f06e5a9ef/19-B019-001.html,adjacent_french_segment,0.75,needs_review,270 Pĩnd n ku la liulg
dc3fbca0b46aaaa5,mos,,folktale,16,,,279 Pondr noor n kʋʋd-a koomẽ.,C'est la bouche du crapaud qui le tue dans l'eau.,,,,,,,,,,,,https://mooreburkina.com/fr/contes-proverbes/proverbes-en-moor%C3%A9-vol-10,https://media.ipsapps.org/mos/ora/prv-v10/,apps/b93b4f5f06e5a9ef/19-B019-001.html,adjacent_french_segment,0.75,needs_review,270 Pĩnd n ku la liulg
1f241e0d4f183389,mos,,folktale,18,,,"280 Pondr pʋɩɩr pa rʋʋd tɩɩg ye, lʋta tẽng t'a rɩk.",La part du crapaud ne se trouve pas dans l'arbre ; elle tombe à terre et il la prend.,,,,,,,,,,,,https://mooreburkina.com/fr/contes-proverbes/proverbes-en-moor%C3%A9-vol-10,https://media.ipsapps.org/mos/ora/prv-v10/,apps/b93b4f5f06e5a9ef/19-B019-001.html,adjacent_french_segment,0.75,needs_review,270 Pĩnd n ku la liulg
06f3c3cf693ff3e5,mos,,folktale,20,,,281 Pondr pa lʋɩ ko-tʋʋlgẽ a pa mi tɩ koom buud yaa a yiib ye.,"Tant que le crapaud ne tombe pas dans l'eau chaude, il ne sait pas qu'il existe deux sortes d'eau.",,,,,,,,,,,,https://mooreburkina.com/fr/contes-proverbes/proverbes-en-moor%C3%A9-vol-10,https://media.ipsapps.org/mos/ora/prv-v10/,apps/b93b4f5f06e5a9ef/19-B019-001.html,adjacent_french_segment,0.75,needs_review,270 Pĩnd n ku la liulg
f2d63d748f9d1d60,mos,,folktale,22,,,282 Pondr pa nobd n yɩɩg a gãong ye.,Un crapaud ne grossit et dépasser sa peau.,,,,,,,,,,,,https://mooreburkina.com/fr/contes-proverbes/proverbes-en-moor%C3%A9-vol-10,https://media.ipsapps.org/mos/ora/prv-v10/,apps/b93b4f5f06e5a9ef/19-B019-001.html,adjacent_french_segment,0.75,needs_review,270 Pĩnd n ku la liulg
01124209b67e9570,mos,,folktale,24,,,"283 Pondr sã n yi n yeel tɩ yẽbg nin n zabde, pa tõe n kɩɩs ye, bala b fãa bee koomẽ.","Quand le crapaud sort de l'eau et dit que le crocodile a mal aux yeux, nul ne peut le contredire car tous deux vivent dans l'eau.",,,,,,,,,,,,https://mooreburkina.com/fr/contes-proverbes/proverbes-en-moor%C3%A9-vol-10,https://media.ipsapps.org/mos/ora/prv-v10/,apps/b93b4f5f06e5a9ef/19-B019-001.html,adjacent_french_segment,0.75,needs_review,270 Pĩnd n ku la liulg
07e460c28d10cd7a,mos,,folktale,1,,,"285 Põnd pa põnda, la zug me n pa zugu.","Le coiffeur n'est pas un bon coiffeur, mais la tête n'est pas une tête.",,,,,,,,,,,,https://mooreburkina.com/fr/contes-proverbes/proverbes-en-moor%C3%A9-vol-10,https://media.ipsapps.org/mos/ora/prv-v10/,apps/b93b4f5f06e5a9ef/20-B020-001.html,adjacent_french_segment,0.75,needs_review,"285 Põnd pa põnda, la zug"
7a0e4b6b43443108,mos,,folktale,3,,,286 Põng-m tɩ m põng-f pa be keoor ye.,"Pour rase-moi pour que je te rase, il n'y a point de récompense.",,,,,,,,,,,,https://mooreburkina.com/fr/contes-proverbes/proverbes-en-moor%C3%A9-vol-10,https://media.ipsapps.org/mos/ora/prv-v10/,apps/b93b4f5f06e5a9ef/20-B020-001.html,adjacent_french_segment,0.75,needs_review,"285 Põnd pa põnda, la zug"
0b7c8deac82b953b,mos,,folktale,5,,,287 Põor naaf zomdame t'a ket n gãe tẽnga.,Le bœuf du paralytique se monte pendant qu'il est encore à terre.,,,,,,,,,,,,https://mooreburkina.com/fr/contes-proverbes/proverbes-en-moor%C3%A9-vol-10,https://media.ipsapps.org/mos/ora/prv-v10/,apps/b93b4f5f06e5a9ef/20-B020-001.html,adjacent_french_segment,0.75,needs_review,"285 Põnd pa põnda, la zug"
4421f0dab5a8bd58,mos,,folktale,7,,,"288 Pʋ-peelem ka rɩɩb ye, la a be basem yam.","L'honnêteté ne donne pas à manger, mais laisse au moins l'esprit tranquille.",,,,,,,,,,,,https://mooreburkina.com/fr/contes-proverbes/proverbes-en-moor%C3%A9-vol-10,https://media.ipsapps.org/mos/ora/prv-v10/,apps/b93b4f5f06e5a9ef/20-B020-001.html,adjacent_french_segment,0.75,needs_review,"285 Põnd pa põnda, la zug"
aa4292f216f60ea1,mos,,folktale,9,,,"289 ""Pʋ-to-ned rʋʋdem sẽn maan to-to fãa a baasda a taoore.",L'urine de celui qui urine expressément finit toujours devant lui.,,,,,,,,,,,,https://mooreburkina.com/fr/contes-proverbes/proverbes-en-moor%C3%A9-vol-10,https://media.ipsapps.org/mos/ora/prv-v10/,apps/b93b4f5f06e5a9ef/20-B020-001.html,adjacent_french_segment,0.75,needs_review,"285 Põnd pa põnda, la zug"
af40f15dff583d14,mos,,folktale,11,,,290 Pʋg pa mi a rɩɩ zaamẽ ye.,Le ventre ne reconnaît pas qu'il a mangé hier.,,,,,,,,,,,,https://mooreburkina.com/fr/contes-proverbes/proverbes-en-moor%C3%A9-vol-10,https://media.ipsapps.org/mos/ora/prv-v10/,apps/b93b4f5f06e5a9ef/20-B020-001.html,adjacent_french_segment,0.75,needs_review,"285 Põnd pa põnda, la zug"
3c4f0b87f5e59105,mos,,folktale,13,,,"291 Pʋg-neer sã n ki, a roaadb sa yã.","Si la belle femme meurt, ses courtisans disparaissent.",,,,,,,,,,,,https://mooreburkina.com/fr/contes-proverbes/proverbes-en-moor%C3%A9-vol-10,https://media.ipsapps.org/mos/ora/prv-v10/,apps/b93b4f5f06e5a9ef/20-B020-001.html,adjacent_french_segment,0.75,needs_review,"285 Põnd pa põnda, la zug"
44c53c4c6033ba2d,mos,,folktale,15,,,"292 Pʋg-neer sã n pa wagdre, a yaa sõyã.","Si une belle femme n'est pas voleuse, elle est sorcière.",,,,,,,,,,,,https://mooreburkina.com/fr/contes-proverbes/proverbes-en-moor%C3%A9-vol-10,https://media.ipsapps.org/mos/ora/prv-v10/,apps/b93b4f5f06e5a9ef/20-B020-001.html,adjacent_french_segment,0.75,needs_review,"285 Põnd pa põnda, la zug"
5657a5b87e0c7df6,mos,,folktale,17,,,293 Pʋg-tão pa wẽemd sagb ye.,La belle-sœur ne mange jamais le tô sans sauce.,,,,,,,,,,,,https://mooreburkina.com/fr/contes-proverbes/proverbes-en-moor%C3%A9-vol-10,https://media.ipsapps.org/mos/ora/prv-v10/,apps/b93b4f5f06e5a9ef/20-B020-001.html,adjacent_french_segment,0.75,needs_review,"285 Põnd pa põnda, la zug"
61f13909c1f273e0,mos,,folktale,19,,,294 Pʋg-yãang n bas a sõod la kamb deemd a rapoore.,Parce que la vieille femme a arrêté sa sorcellerie que les enfants jouent derrière sa case.,,,,,,,,,,,,https://mooreburkina.com/fr/contes-proverbes/proverbes-en-moor%C3%A9-vol-10,https://media.ipsapps.org/mos/ora/prv-v10/,apps/b93b4f5f06e5a9ef/20-B020-001.html,adjacent_french_segment,0.75,needs_review,"285 Põnd pa põnda, la zug"
53ada6a861588215,mos,,folktale,21,,,295 Pʋg-yãang-kʋdr sẽn kõsd n são ro-vɩʋʋgo.,Une vieille femme qui tousse est préférable à une case vide.,,,,,,,,,,,,https://mooreburkina.com/fr/contes-proverbes/proverbes-en-moor%C3%A9-vol-10,https://media.ipsapps.org/mos/ora/prv-v10/,apps/b93b4f5f06e5a9ef/20-B020-001.html,adjacent_french_segment,0.75,needs_review,"285 Põnd pa põnda, la zug"
97ae28b5f4dd319f,mos,,folktale,23,,,296 Pʋto-ned bĩnd mata a pʋga.,Les selles de celui qui fait exprès salissent son ventre.,,,,,,,,,,,,https://mooreburkina.com/fr/contes-proverbes/proverbes-en-moor%C3%A9-vol-10,https://media.ipsapps.org/mos/ora/prv-v10/,apps/b93b4f5f06e5a9ef/20-B020-001.html,adjacent_french_segment,0.75,needs_review,"285 Põnd pa põnda, la zug"
727879db44e11ef3,mos,,folktale,25,,,298 Pʋtoog yaa wa rʋʋdem a baasda a soab taoore.,L'urine de celui qui urine expressément finit toujours devant lui.,,,,,,,,,,,,https://mooreburkina.com/fr/contes-proverbes/proverbes-en-moor%C3%A9-vol-10,https://media.ipsapps.org/mos/ora/prv-v10/,apps/b93b4f5f06e5a9ef/20-B020-001.html,adjacent_french_segment,0.75,needs_review,"285 Põnd pa põnda, la zug"
116adf28416ed955,mos,,folktale,27,,,"299 Ra la f ra n kõ-ma, f paada wam-vɩʋʋgo.",Achète et achète pour moi tu resteras la calebasse vide.,,,,,,,,,,,,https://mooreburkina.com/fr/contes-proverbes/proverbes-en-moor%C3%A9-vol-10,https://media.ipsapps.org/mos/ora/prv-v10/,apps/b93b4f5f06e5a9ef/20-B020-001.html,adjacent_french_segment,0.75,needs_review,"285 Põnd pa põnda, la zug"
3ba007000db506c2,mos,,folktale,1,,,300 Ra mik f to ne a riẽ bãaga n yet t'a kõ ta beoog ye.,Ne dis pas à quelqu'un qui est malade depuis un an qu'il mourra demain.,,,,,,,,,,,,https://mooreburkina.com/fr/contes-proverbes/proverbes-en-moor%C3%A9-vol-10,https://media.ipsapps.org/mos/ora/prv-v10/,apps/b93b4f5f06e5a9ef/21-B021-001.html,adjacent_french_segment,0.75,needs_review,300 Ra mik f to ne a riẽ
6f92f25fb72a18df,mos,,folktale,3,,,301 Ra sɩɩs-m yaa raag kɩrenga.,Ne me touche pas c'est à l'écart du marché.,,,,,,,,,,,,https://mooreburkina.com/fr/contes-proverbes/proverbes-en-moor%C3%A9-vol-10,https://media.ipsapps.org/mos/ora/prv-v10/,apps/b93b4f5f06e5a9ef/21-B021-001.html,adjacent_french_segment,0.75,needs_review,300 Ra mik f to ne a riẽ
07eb99a83778c957,mos,,folktale,5,,,302 Ra-koẽeng kaoos koomẽ me a kõn lebg yẽbg ye.,"Même si un morceau de bois sec séjourne longtemps dans l'eau, il ne saurait devenir un crocodile.",,,,,,,,,,,,https://mooreburkina.com/fr/contes-proverbes/proverbes-en-moor%C3%A9-vol-10,https://media.ipsapps.org/mos/ora/prv-v10/,apps/b93b4f5f06e5a9ef/21-B021-001.html,adjacent_french_segment,0.75,needs_review,300 Ra mik f to ne a riẽ
62508b680500444f,mos,,folktale,7,,,303 Ra-koẽeng pa gõt ye.,Un bois sec ne se tord pas.,,,,,,,,,,,,https://mooreburkina.com/fr/contes-proverbes/proverbes-en-moor%C3%A9-vol-10,https://media.ipsapps.org/mos/ora/prv-v10/,apps/b93b4f5f06e5a9ef/21-B021-001.html,adjacent_french_segment,0.75,needs_review,300 Ra mik f to ne a riẽ
cef0e6129f205697,mos,,folktale,9,,,304 Ra-kõor nao n bɩɩsd a bẽnga.,Ce sont les pieds du célibataire qui font cuire son haricot.,,,,,,,,,,,,https://mooreburkina.com/fr/contes-proverbes/proverbes-en-moor%C3%A9-vol-10,https://media.ipsapps.org/mos/ora/prv-v10/,apps/b93b4f5f06e5a9ef/21-B021-001.html,adjacent_french_segment,0.75,needs_review,300 Ra mik f to ne a riẽ
38252c3613850b73,mos,,folktale,11,,,305 Ra-kõor zu-noog n kʋʋd pʋg sɩda.,La chance du célibataire tue le marié.,,,,,,,,,,,,https://mooreburkina.com/fr/contes-proverbes/proverbes-en-moor%C3%A9-vol-10,https://media.ipsapps.org/mos/ora/prv-v10/,apps/b93b4f5f06e5a9ef/21-B021-001.html,adjacent_french_segment,0.75,needs_review,300 Ra mik f to ne a riẽ
2868670c9dc54242,mos,,folktale,13,,,306 Ra-wẽng n mi a sẽn na n maan tɩ pag sak-a.,Le vilain jeune homme sait comment faire pour être accepté par une femme.,,,,,,,,,,,,https://mooreburkina.com/fr/contes-proverbes/proverbes-en-moor%C3%A9-vol-10,https://media.ipsapps.org/mos/ora/prv-v10/,apps/b93b4f5f06e5a9ef/21-B021-001.html,adjacent_french_segment,0.75,needs_review,300 Ra mik f to ne a riẽ
d948165a196c477b,mos,,folktale,15,,,307 Raag yi laafɩ yaa tẽn-n-rãmb n wʋm taab noore.,"Le marché s'est bien terminé, ce sont les gens qui se sont compris.",,,,,,,,,,,,https://mooreburkina.com/fr/contes-proverbes/proverbes-en-moor%C3%A9-vol-10,https://media.ipsapps.org/mos/ora/prv-v10/,apps/b93b4f5f06e5a9ef/21-B021-001.html,adjacent_french_segment,0.75,needs_review,300 Ra mik f to ne a riẽ
204776a3a72af48a,mos,,folktale,17,,,308 Raag yi laafɩ yaa tẽng-n-rãmb n wʋm taab goama.,"Le marché s'est bien terminé, ce sont les gens qui se sont compris.",,,,,,,,,,,,https://mooreburkina.com/fr/contes-proverbes/proverbes-en-moor%C3%A9-vol-10,https://media.ipsapps.org/mos/ora/prv-v10/,apps/b93b4f5f06e5a9ef/21-B021-001.html,adjacent_french_segment,0.75,needs_review,300 Ra mik f to ne a riẽ
1118b26e3a69cacd,mos,,folktale,19,,,309 Raar a ye sũ-noog são yõ-wog zaalle.,Un seul jour de joie vaut mieux qu'une longue vie vide.,,,,,,,,,,,,https://mooreburkina.com/fr/contes-proverbes/proverbes-en-moor%C3%A9-vol-10,https://media.ipsapps.org/mos/ora/prv-v10/,apps/b93b4f5f06e5a9ef/21-B021-001.html,adjacent_french_segment,0.75,needs_review,300 Ra mik f to ne a riẽ
1004f0deb3caa6aa,mos,,folktale,21,,,310 Rabaar soab n tõe tɩɩm soaba.,C'est celui qui se débrouille qui est plus fort que le charlatan.,,,,,,,,,,,,https://mooreburkina.com/fr/contes-proverbes/proverbes-en-moor%C3%A9-vol-10,https://media.ipsapps.org/mos/ora/prv-v10/,apps/b93b4f5f06e5a9ef/21-B021-001.html,adjacent_french_segment,0.75,needs_review,300 Ra mik f to ne a riẽ
dd3c12080f328fd1,mos,,folktale,23,,,311 Rabeem tara sẽn ka tara bʋʋm.,Celui qui n'a pas raison a peur.,,,,,,,,,,,,https://mooreburkina.com/fr/contes-proverbes/proverbes-en-moor%C3%A9-vol-10,https://media.ipsapps.org/mos/ora/prv-v10/,apps/b93b4f5f06e5a9ef/21-B021-001.html,adjacent_french_segment,0.75,needs_review,300 Ra mik f to ne a riẽ
f35aeb269a9caeb8,mos,,folktale,26,,,313 Rabẽem pa mi tɩ zabr vaandame ye.,Le peureux ne sait pas qu'une bagarre prend fin.,,,,,,,,,,,,https://mooreburkina.com/fr/contes-proverbes/proverbes-en-moor%C3%A9-vol-10,https://media.ipsapps.org/mos/ora/prv-v10/,apps/b93b4f5f06e5a9ef/21-B021-001.html,adjacent_french_segment,0.75,needs_review,300 Ra mik f to ne a riẽ
2d6dea5e2fc537b8,mos,,folktale,1,,,81 Ned sã n ka pẽ noaaga a ka mi t’a sẽedamẽ ye.,(Qui se tient loin de la poule ignore qu’elle fait des pets),,,,,,,,,,,,https://mooreburkina.com/fr/contes-proverbes/proverbes-en-moor%C3%A9-vol-3,https://media.ipsapps.org/mos/ora/p3/,apps/e20f40625b2e3600/01-B001-001.html,adjacent_french_segment,0.75,needs_review,P 81-120
d22f904492b0835a,mos,,folktale,1,,,"82 Sã n dɩk bʋ-yãag wĩir n pid bulla, a lebga bʋ-yãanga.","(Si on se sert d’une corde de chèvre pour un chevreau, ce dernier est désormais considéré comme une chèvre).",,,,,,,,,,,,https://mooreburkina.com/fr/contes-proverbes/proverbes-en-moor%C3%A9-vol-3,https://media.ipsapps.org/mos/ora/p3/,apps/e20f40625b2e3600/01-B001-002.html,adjacent_french_segment,0.75,needs_review,P 81-120
e01e651e9cb68dc5,mos,,folktale,1,,,83 Zu-noog soab kur-wĩir kaogda bãgend tẽngre».,(La ceinture du veinard se rompt près d’un buisson où il peut se tailler une fibre à sa place).,,,,,,,,,,,,https://mooreburkina.com/fr/contes-proverbes/proverbes-en-moor%C3%A9-vol-3,https://media.ipsapps.org/mos/ora/p3/,apps/e20f40625b2e3600/01-B001-003.html,adjacent_french_segment,0.75,needs_review,P 81-120
017ab037702c4786,mos,,folktale,1,,,84 Zu-noog soab yoor n kiid-n-bas-a-menga.,(Le plus chanceux est celui qui ne perd que sa virilité et non sa vie).,,,,,,,,,,,,https://mooreburkina.com/fr/contes-proverbes/proverbes-en-moor%C3%A9-vol-3,https://media.ipsapps.org/mos/ora/p3/,apps/e20f40625b2e3600/01-B001-004.html,adjacent_french_segment,0.75,needs_review,P 81-120
4377a6f062fa41af,mos,,folktale,1,,,85 Pĩnd-n-togs-m-bãag ka basd-a soab ye.,"(Une maladie pour laquelle on avait averti,",,,,,,,,,,,,https://mooreburkina.com/fr/contes-proverbes/proverbes-en-moor%C3%A9-vol-3,https://media.ipsapps.org/mos/ora/p3/,apps/e20f40625b2e3600/01-B001-005.html,adjacent_french_segment,0.75,needs_review,P 81-120
1995d8d70afafcad,mos,,folktale,3,,,"emporte toujours). Autrement dit,",un homme averti en vaut deux.,,,,,,,,,,,,https://mooreburkina.com/fr/contes-proverbes/proverbes-en-moor%C3%A9-vol-3,https://media.ipsapps.org/mos/ora/p3/,apps/e20f40625b2e3600/01-B001-005.html,adjacent_french_segment,0.75,needs_review,P 81-120
b945821a754ed6f6,mos,,folktale,1,,,86 Sũmd pʋgẽ-n-biig n kʋʋd sũmdi.,(La bestiole qui trouve refuge dans le pois de terre est la même qui détruit son germe).,,,,,,,,,,,,https://mooreburkina.com/fr/contes-proverbes/proverbes-en-moor%C3%A9-vol-3,https://media.ipsapps.org/mos/ora/p3/,apps/e20f40625b2e3600/01-B001-006.html,adjacent_french_segment,0.75,needs_review,P 81-120
8d7914687a657af5,mos,,folktale,1,,,"87 Noaag sã n ka ki, a gɛl ka põogd ye.","(Tant que vit une poule, ses œufs ne pourrissent pas).",,,,,,,,,,,,https://mooreburkina.com/fr/contes-proverbes/proverbes-en-moor%C3%A9-vol-3,https://media.ipsapps.org/mos/ora/p3/,apps/e20f40625b2e3600/01-B001-007.html,adjacent_french_segment,0.75,needs_review,P 81-120
6667731f0a59c7ef,mos,,folktale,5,,,"Autrement dit,","tant qu’il y a la vie, il y a l’espoir.",,,,,,,,,,,,https://mooreburkina.com/fr/contes-proverbes/proverbes-en-moor%C3%A9-vol-3,https://media.ipsapps.org/mos/ora/p3/,apps/e20f40625b2e3600/01-B001-007.html,adjacent_french_segment,0.75,needs_review,P 81-120
2f88d3bc00845690,mos,,folktale,1,,,"88 Sã n ka wʋm pitimdi,",(pitri) ka wʋmd soaamb ye. (Le buisson est le premier à recevoir les coups avant le lièvre).,,,,,,,,,,,,https://mooreburkina.com/fr/contes-proverbes/proverbes-en-moor%C3%A9-vol-3,https://media.ipsapps.org/mos/ora/p3/,apps/e20f40625b2e3600/01-B001-008.html,adjacent_french_segment,0.75,needs_review,P 81-120
c72fc451a12f3b9c,mos,,folktale,1,,,"89 Koadeng sã n yɩɩd a to, a zaoa tãmbeoko.","(Si une perdrix prétend avoir une plus grande taille que les autres, c’est qu’elle s’est perchée sur une termitière).",,,,,,,,,,,,https://mooreburkina.com/fr/contes-proverbes/proverbes-en-moor%C3%A9-vol-3,https://media.ipsapps.org/mos/ora/p3/,apps/e20f40625b2e3600/01-B001-009.html,adjacent_french_segment,0.75,needs_review,P 81-120
970ca2fe827057e9,mos,,folktale,1,,,90 Bars-toog-vẽnegda-koaas-yam.,"(À trop discuter les prix, le client finit par attirer l’attention du commerçant).",,,,,,,,,,,,https://mooreburkina.com/fr/contes-proverbes/proverbes-en-moor%C3%A9-vol-3,https://media.ipsapps.org/mos/ora/p3/,apps/e20f40625b2e3600/01-B001-010.html,adjacent_french_segment,0.75,needs_review,P 81-120
e23488d54e452e0d,mos,,folktale,1,,,91 Sãan-pĩ-tõatg la pĩ-gãandga.,(La natte refusée par un étranger finit par lui servir de couchette).,,,,,,,,,,,,https://mooreburkina.com/fr/contes-proverbes/proverbes-en-moor%C3%A9-vol-3,https://media.ipsapps.org/mos/ora/p3/,apps/e20f40625b2e3600/01-B001-011.html,adjacent_french_segment,0.75,needs_review,P 81-120
8dfc678a396fc60e,mos,,folktale,1,,,92 Koom dɩt a mit-a.,(Se noie qui prétend connaître la profondeur du marigot).,,,,,,,,,,,,https://mooreburkina.com/fr/contes-proverbes/proverbes-en-moor%C3%A9-vol-3,https://media.ipsapps.org/mos/ora/p3/,apps/e20f40625b2e3600/01-B001-012.html,adjacent_french_segment,0.75,needs_review,P 81-120
913cf76e6789812a,mos,,folktale,1,,,"93 Kʋlg-bas-m-yam, la koɛɛnga.",(Un marigot asséché donne de la certitude au voyageur).,,,,,,,,,,,,https://mooreburkina.com/fr/contes-proverbes/proverbes-en-moor%C3%A9-vol-3,https://media.ipsapps.org/mos/ora/p3/,apps/e20f40625b2e3600/01-B001-013.html,adjacent_french_segment,0.75,needs_review,P 81-120
8dff61c5ff5fb611,mos,,folktale,1,,,"94 Raag kisgu, togsda a raag luglug raare.",(Les totems inhérents à un marché se définissent le jour-même de son implantation).,,,,,,,,,,,,https://mooreburkina.com/fr/contes-proverbes/proverbes-en-moor%C3%A9-vol-3,https://media.ipsapps.org/mos/ora/p3/,apps/e20f40625b2e3600/01-B001-014.html,adjacent_french_segment,0.75,needs_review,P 81-120
bbf7ac3ad74c7285,mos,,folktale,1,,,"95 Koom na sa m nifẽ, poend-koɛɛnga.",(Le crapaud qui tient à ce que l’eau tarisse sous ses yeux y périt).,,,,,,,,,,,,https://mooreburkina.com/fr/contes-proverbes/proverbes-en-moor%C3%A9-vol-3,https://media.ipsapps.org/mos/ora/p3/,apps/e20f40625b2e3600/01-B001-015.html,adjacent_french_segment,0.75,needs_review,P 81-120
1af4e99d5da1901e,mos,,folktale,1,,,"96 Mo-ka-tĩidga, n leokd nifu.","(Tombe dans l’œil, la brindille la moins attendue).",,,,,,,,,,,,https://mooreburkina.com/fr/contes-proverbes/proverbes-en-moor%C3%A9-vol-3,https://media.ipsapps.org/mos/ora/p3/,apps/e20f40625b2e3600/01-B001-016.html,adjacent_french_segment,0.75,needs_review,P 81-120
42868514972f1876,mos,,folktale,1,,,"97 M da mi tɩ gõaag na kõs-ma, la m da ka tẽed-a-ne-toɛɛg tẽngr ye.","(Qu’une épine me pique je pouvais m’y attendre, mais que cela se passe sous un baobab, j’en suis bien surpris).",,,,,,,,,,,,https://mooreburkina.com/fr/contes-proverbes/proverbes-en-moor%C3%A9-vol-3,https://media.ipsapps.org/mos/ora/p3/,apps/e20f40625b2e3600/01-B001-017.html,adjacent_french_segment,0.75,needs_review,P 81-120
f16b45a22442ff6f,mos,,folktale,1,,,98 Noaag vuud a to yãad t’a rẽnd vuud beoogo.,(Que la poule qui traine les abats d’une autre sache que son tour viendra).,,,,,,,,,,,,https://mooreburkina.com/fr/contes-proverbes/proverbes-en-moor%C3%A9-vol-3,https://media.ipsapps.org/mos/ora/p3/,apps/e20f40625b2e3600/01-B001-018.html,adjacent_french_segment,0.75,needs_review,P 81-120
d3c92d7e220782db,mos,,folktale,3,,,"Autrement dit,",à chacun son tour chez le coiffeur.,,,,,,,,,,,,https://mooreburkina.com/fr/contes-proverbes/proverbes-en-moor%C3%A9-vol-3,https://media.ipsapps.org/mos/ora/p3/,apps/e20f40625b2e3600/01-B001-018.html,adjacent_french_segment,0.75,needs_review,P 81-120
d2b69e6334e7da6c,mos,,folktale,1,,,99 Ned ka tõe n bãng nao-goal-koomẽ ye.,(L’on ne peut reconnaître un bancal sous l’eau).,,,,,,,,,,,,https://mooreburkina.com/fr/contes-proverbes/proverbes-en-moor%C3%A9-vol-3,https://media.ipsapps.org/mos/ora/p3/,apps/e20f40625b2e3600/01-B001-019.html,adjacent_french_segment,0.75,needs_review,P 81-120
ffac87665268d0b4,mos,,folktale,1,,,100 Warb ka neer pak-a gɛt-a.,"(Si un danseur manque de pas, cela incombe à ses spectateurs).",,,,,,,,,,,,https://mooreburkina.com/fr/contes-proverbes/proverbes-en-moor%C3%A9-vol-3,https://media.ipsapps.org/mos/ora/p3/,apps/e20f40625b2e3600/01-B001-020.html,adjacent_french_segment,0.75,needs_review,P 81-120
3926048e450a84ae,mos,,folktale,1,,,101 Ned ka tõe n bãng wag-yẽn-feed bokẽ ye.,(Il est difficile d’affirmer qu’un serpent est édenté quand celui-ci est au fond de son trou).,,,,,,,,,,,,https://mooreburkina.com/fr/contes-proverbes/proverbes-en-moor%C3%A9-vol-3,https://media.ipsapps.org/mos/ora/p3/,apps/e20f40625b2e3600/01-B001-021.html,adjacent_french_segment,0.75,needs_review,P 81-120
d934c32118d2885f,mos,,folktale,1,,,102 Gã-vuk ka sãamd pend ye.,(Un seul rapport ne met pas un sexe hors d’usage).,,,,,,,,,,,,https://mooreburkina.com/fr/contes-proverbes/proverbes-en-moor%C3%A9-vol-3,https://media.ipsapps.org/mos/ora/p3/,apps/e20f40625b2e3600/01-B001-022.html,adjacent_french_segment,0.75,needs_review,P 81-120
924a14668abb0896,mos,,folktale,1,,,"103 Nong-m zaalem sẽn be zĩig ningã, kis-m-zaalem bee be.","(S’il y a sympathie sans cause, il y a antipathie sans cause).",,,,,,,,,,,,https://mooreburkina.com/fr/contes-proverbes/proverbes-en-moor%C3%A9-vol-3,https://media.ipsapps.org/mos/ora/p3/,apps/e20f40625b2e3600/01-B001-023.html,adjacent_french_segment,0.75,needs_review,P 81-120
b0a4389ccd9a8f7d,mos,,folktale,1,,,104 Wẽnd bɛ ka Wẽnd meng ye.,(L’ennemi de Dieu est loin d’être Dieu lui-même).,,,,,,,,,,,,https://mooreburkina.com/fr/contes-proverbes/proverbes-en-moor%C3%A9-vol-3,https://media.ipsapps.org/mos/ora/p3/,apps/e20f40625b2e3600/01-B001-024.html,adjacent_french_segment,0.75,needs_review,P 81-120
233c9027736c7d43,mos,,folktale,1,,,105 Ka keegd pondr sãbsg n solg ye.,(Inutile de cacher à un crapaud le fouet qui lui est destiné car il ne peut se sauver).,,,,,,,,,,,,https://mooreburkina.com/fr/contes-proverbes/proverbes-en-moor%C3%A9-vol-3,https://media.ipsapps.org/mos/ora/p3/,apps/e20f40625b2e3600/01-B001-025.html,adjacent_french_segment,0.75,needs_review,P 81-120
834e8c018dd6626e,mos,,folktale,1,,,"106 Ned ka tog n dat zu-kõogo, la a rat gem-bil ye.",(On ne doit pas vouloir porter des tresses et en même temps avoir la tête rasée).,,,,,,,,,,,,https://mooreburkina.com/fr/contes-proverbes/proverbes-en-moor%C3%A9-vol-3,https://media.ipsapps.org/mos/ora/p3/,apps/e20f40625b2e3600/01-B001-026.html,adjacent_french_segment,0.75,needs_review,P 81-120
d95e5f851867eeb5,mos,,folktale,4,,,"Autrement dit,",vouloir une chose et son contraire.,,,,,,,,,,,,https://mooreburkina.com/fr/contes-proverbes/proverbes-en-moor%C3%A9-vol-3,https://media.ipsapps.org/mos/ora/p3/,apps/e20f40625b2e3600/01-B001-026.html,adjacent_french_segment,0.75,needs_review,P 81-120
2b5e9b87ec6803e5,mos,,folktale,1,,,"107 Ket n weerd, yaa ket n yɩɩndẽ.","(Tant qu’on a du grain à moudre, le chant poursuit son cours).",,,,,,,,,,,,https://mooreburkina.com/fr/contes-proverbes/proverbes-en-moor%C3%A9-vol-3,https://media.ipsapps.org/mos/ora/p3/,apps/e20f40625b2e3600/01-B001-027.html,adjacent_french_segment,0.75,needs_review,P 81-120
2aaf4b7b05033357,mos,,folktale,1,,,"108 F sã n sak pidbu, bɩ f sak tɛɛbo.",(Qui se laisse encorder devrait se laisser tirer),,,,,,,,,,,,https://mooreburkina.com/fr/contes-proverbes/proverbes-en-moor%C3%A9-vol-3,https://media.ipsapps.org/mos/ora/p3/,apps/e20f40625b2e3600/01-B001-028.html,adjacent_french_segment,0.75,needs_review,P 81-120
78e0e2ec2e2faa4d,mos,,folktale,1,,,"109 Bĩisim sã n ka sa, noor yĩnsg kae ye.",(Inutile d’essuyer la bouche tant qu’il reste du lait à boire).,,,,,,,,,,,,https://mooreburkina.com/fr/contes-proverbes/proverbes-en-moor%C3%A9-vol-3,https://media.ipsapps.org/mos/ora/p3/,apps/e20f40625b2e3600/01-B001-029.html,adjacent_french_segment,0.75,needs_review,P 81-120
ce7cab1cc88e247c,mos,,folktale,1,,,"110 Gãeeng sã n dɩk f kurg tɩ f rigd-a, fo meng la gãeenga.",(Plus fou est celui qui poursuit un débile mental pour un caleçon).,,,,,,,,,,,,https://mooreburkina.com/fr/contes-proverbes/proverbes-en-moor%C3%A9-vol-3,https://media.ipsapps.org/mos/ora/p3/,apps/e20f40625b2e3600/01-B001-030.html,adjacent_french_segment,0.75,needs_review,P 81-120
c71c88cd59492eae,mos,,folktale,1,,,111 Boɛɛg ka yaad ne a land ye.,(Un bouc ne se plaint jamais du poids de ses couilles).,,,,,,,,,,,,https://mooreburkina.com/fr/contes-proverbes/proverbes-en-moor%C3%A9-vol-3,https://media.ipsapps.org/mos/ora/p3/,apps/e20f40625b2e3600/01-B001-031.html,adjacent_french_segment,0.75,needs_review,P 81-120
630b819cbf005c96,mos,,folktale,1,,,"112 Talg tẽn-kugr bee a loorẽ, t’a kẽnd la a pʋlmdẽ.","(Le fétiche du pauvre reste accroché à son cou, ainsi il fait les incantations tout en marchant).",,,,,,,,,,,,https://mooreburkina.com/fr/contes-proverbes/proverbes-en-moor%C3%A9-vol-3,https://media.ipsapps.org/mos/ora/p3/,apps/e20f40625b2e3600/01-B001-032.html,adjacent_french_segment,0.75,needs_review,P 81-120
2b2bc8f0771f3667,mos,,folktale,1,,,"113 Ned sã n ka so misgu, a ka wãdgd-a sʋk ye.","(Si une galette ne t’appartient pas, évite de la couper par le milieu).",,,,,,,,,,,,https://mooreburkina.com/fr/contes-proverbes/proverbes-en-moor%C3%A9-vol-3,https://media.ipsapps.org/mos/ora/p3/,apps/e20f40625b2e3600/01-B001-033.html,adjacent_french_segment,0.75,needs_review,P 81-120
11ab685cfba9d47e,mos,,folktale,1,,,114 Sũur yik tɩ m yao m samd yaa sẽn be f nugẽ.,"(Pour rembourser une dette sous la colère, il faut en disposer).",,,,,,,,,,,,https://mooreburkina.com/fr/contes-proverbes/proverbes-en-moor%C3%A9-vol-3,https://media.ipsapps.org/mos/ora/p3/,apps/e20f40625b2e3600/01-B001-034.html,adjacent_french_segment,0.75,needs_review,P 81-120
1b1b35156db8c214,mos,,folktale,1,,,"115 Zug ka nemdo, wẽbg-f rẽnd n-gese.","(Avant de te plaindre qu’une tête n’est pas charnue, il faut d’abord tâter la tienne).",,,,,,,,,,,,https://mooreburkina.com/fr/contes-proverbes/proverbes-en-moor%C3%A9-vol-3,https://media.ipsapps.org/mos/ora/p3/,apps/e20f40625b2e3600/01-B001-035.html,adjacent_french_segment,0.75,needs_review,P 81-120
7ad6e447ea245a15,mos,,folktale,1,,,"116 Ned ka tog n kong naam, la a kong tẽn-kũum ye.","(Il ne faut pas perdre, et le trône et la guerre).",,,,,,,,,,,,https://mooreburkina.com/fr/contes-proverbes/proverbes-en-moor%C3%A9-vol-3,https://media.ipsapps.org/mos/ora/p3/,apps/e20f40625b2e3600/01-B001-036.html,adjacent_french_segment,0.75,needs_review,P 81-120
efdc3db00b108b11,mos,,folktale,1,,,"117 Noaag yeelame t’a tõe n kɩɩs-a a gelle, a ka tõe n kɩɩs a biig ye.",(La poule peut s’aventurer à disculper son œuf mais pas son poussin).,,,,,,,,,,,,https://mooreburkina.com/fr/contes-proverbes/proverbes-en-moor%C3%A9-vol-3,https://media.ipsapps.org/mos/ora/p3/,apps/e20f40625b2e3600/01-B001-037.html,adjacent_french_segment,0.75,needs_review,P 81-120
f88d43eb27d73441,mos,,folktale,1,,,118 Sẽn wũg-a wã nee sẽn geesd-a wã.,"(Celui qui est à l’affût, suit les mouvements de celui qui le cherche).",,,,,,,,,,,,https://mooreburkina.com/fr/contes-proverbes/proverbes-en-moor%C3%A9-vol-3,https://media.ipsapps.org/mos/ora/p3/,apps/e20f40625b2e3600/01-B001-038.html,adjacent_french_segment,0.75,needs_review,P 81-120
d5383ec20ab4fc72,mos,,folktale,1,,,119 Ka-koaad sɩlem ka yɩɩd saag ye.,(La ruse du paysan est inutile devant les aléas climatiques).,,,,,,,,,,,,https://mooreburkina.com/fr/contes-proverbes/proverbes-en-moor%C3%A9-vol-3,https://media.ipsapps.org/mos/ora/p3/,apps/e20f40625b2e3600/01-B001-039.html,adjacent_french_segment,0.75,needs_review,P 81-120
438c1cb33051aa82,mos,,folktale,1,,,120 Baag ka pẽgd-a-to-yõmsg ye.,(Un chien refuse de reconnaître qu’un autre exécute les meilleurs va-et-vient sur une chienne).,,,,,,,,,,,,https://mooreburkina.com/fr/contes-proverbes/proverbes-en-moor%C3%A9-vol-3,https://media.ipsapps.org/mos/ora/p3/,apps/e20f40625b2e3600/01-B001-040.html,adjacent_french_segment,0.75,needs_review,P 81-120
