app_url,url,error
https://media.ipsapps.org/dyu/ora/p1/,https://media.ipsapps.org/dyu/ora/p1/js/01-001-001.html,HTTPError: 404 Client Error: Not Found for url: https://media.ipsapps.org/dyu/ora/p1/js/01-001-001.html
https://media.ipsapps.org/dyu/ora/p1/,https://media.ipsapps.org/dyu/ora/p1/js/Popcorn.js,HTTPError: 404 Client Error: Not Found for url: https://media.ipsapps.org/dyu/ora/p1/js/Popcorn.js
https://media.ipsapps.org/fuh/ora/co7/,https://media.ipsapps.org/fuh/ora/co7/js/02-B002-001.html,HTTPError: 404 Client Error: Not Found for url: https://media.ipsapps.org/fuh/ora/co7/js/02-B002-001.html
https://media.ipsapps.org/fuh/ora/co7/,https://media.ipsapps.org/fuh/ora/co7/js/01-B001-001.html,HTTPError: 404 Client Error: Not Found for url: https://media.ipsapps.org/fuh/ora/co7/js/01-B001-001.html
https://media.ipsapps.org/fuh/ora/co7/,https://media.ipsapps.org/fuh/ora/co7/js/05-B005-001.html,HTTPError: 404 Client Error: Not Found for url: https://media.ipsapps.org/fuh/ora/co7/js/05-B005-001.html
https://media.ipsapps.org/fuh/ora/co7/,https://media.ipsapps.org/fuh/ora/co7/js/06-B006-001.html,HTTPError: 404 Client Error: Not Found for url: https://media.ipsapps.org/fuh/ora/co7/js/06-B006-001.html
https://media.ipsapps.org/fuh/ora/co7/,https://media.ipsapps.org/fuh/ora/co7/js/12-B012-001.html,HTTPError: 404 Client Error: Not Found for url: https://media.ipsapps.org/fuh/ora/co7/js/12-B012-001.html
https://media.ipsapps.org/fuh/ora/co7/,https://media.ipsapps.org/fuh/ora/co7/js/07-B007-001.html,HTTPError: 404 Client Error: Not Found for url: https://media.ipsapps.org/fuh/ora/co7/js/07-B007-001.html
https://media.ipsapps.org/fuh/ora/co7/,https://media.ipsapps.org/fuh/ora/co7/js/10-B010-001.html,HTTPError: 404 Client Error: Not Found for url: https://media.ipsapps.org/fuh/ora/co7/js/10-B010-001.html
https://media.ipsapps.org/fuh/ora/co7/,https://media.ipsapps.org/fuh/ora/co7/js/11-B011-001.html,HTTPError: 404 Client Error: Not Found for url: https://media.ipsapps.org/fuh/ora/co7/js/11-B011-001.html
https://media.ipsapps.org/fuh/ora/co7/,https://media.ipsapps.org/fuh/ora/co7/js/08-B008-001.html,HTTPError: 404 Client Error: Not Found for url: https://media.ipsapps.org/fuh/ora/co7/js/08-B008-001.html
https://media.ipsapps.org/fuh/ora/co7/,https://media.ipsapps.org/fuh/ora/co7/js/04-B004-001.html,HTTPError: 404 Client Error: Not Found for url: https://media.ipsapps.org/fuh/ora/co7/js/04-B004-001.html
https://media.ipsapps.org/fuh/ora/co7/,https://media.ipsapps.org/fuh/ora/co7/js/Popcorn.js,HTTPError: 404 Client Error: Not Found for url: https://media.ipsapps.org/fuh/ora/co7/js/Popcorn.js
https://media.ipsapps.org/fuh/ora/co7/,https://media.ipsapps.org/fuh/ora/co7/js/03-B003-001.html,HTTPError: 404 Client Error: Not Found for url: https://media.ipsapps.org/fuh/ora/co7/js/03-B003-001.html
https://media.ipsapps.org/fuh/ora/co7/,https://media.ipsapps.org/fuh/ora/co7/js/09-B009-001.html,HTTPError: 404 Client Error: Not Found for url: https://media.ipsapps.org/fuh/ora/co7/js/09-B009-001.html
https://media.ipsapps.org/dyu-audio/osa/,https://media.ipsapps.org/dyu-audio/osa/,HTTPError: 404 Client Error: Not Found for url: https://media.ipsapps.org/dyu-audio/osa/
https://media.ipsapps.org/dyu/oda/,https://media.ipsapps.org/dyu/oda/javascript/c32.htm,HTTPError: 404 Client Error: Not Found for url: https://media.ipsapps.org/dyu/oda/javascript/c32.htm
https://media.ipsapps.org/dyu/oda/,https://media.ipsapps.org/dyu/oda/javascript/c08.htm,HTTPError: 404 Client Error: Not Found for url: https://media.ipsapps.org/dyu/oda/javascript/c08.htm
https://media.ipsapps.org/dyu/oda/,https://media.ipsapps.org/dyu/oda/javascript/c41.htm,HTTPError: 404 Client Error: Not Found for url: https://media.ipsapps.org/dyu/oda/javascript/c41.htm
https://media.ipsapps.org/dyu/oda/,https://media.ipsapps.org/dyu/oda/javascript/c17.htm,HTTPError: 404 Client Error: Not Found for url: https://media.ipsapps.org/dyu/oda/javascript/c17.htm
https://media.ipsapps.org/dyu/oda/,https://media.ipsapps.org/dyu/oda/javascript/c30.htm,HTTPError: 404 Client Error: Not Found for url: https://media.ipsapps.org/dyu/oda/javascript/c30.htm
https://media.ipsapps.org/dyu/oda/,https://media.ipsapps.org/dyu/oda/javascript/c02.htm,HTTPError: 404 Client Error: Not Found for url: https://media.ipsapps.org/dyu/oda/javascript/c02.htm
https://media.ipsapps.org/dyu/oda/,https://media.ipsapps.org/dyu/oda/javascript/c09.htm,HTTPError: 404 Client Error: Not Found for url: https://media.ipsapps.org/dyu/oda/javascript/c09.htm
https://media.ipsapps.org/dyu/oda/,https://media.ipsapps.org/dyu/oda/javascript/c27.htm,HTTPError: 404 Client Error: Not Found for url: https://media.ipsapps.org/dyu/oda/javascript/c27.htm
https://media.ipsapps.org/dyu/oda/,https://media.ipsapps.org/dyu/oda/javascript/c37.htm,HTTPError: 404 Client Error: Not Found for url: https://media.ipsapps.org/dyu/oda/javascript/c37.htm
https://media.ipsapps.org/dyu/oda/,https://media.ipsapps.org/dyu/oda/javascript/c04.htm,HTTPError: 404 Client Error: Not Found for url: https://media.ipsapps.org/dyu/oda/javascript/c04.htm
https://media.ipsapps.org/dyu/oda/,https://media.ipsapps.org/dyu/oda/javascript/c33.htm,HTTPError: 404 Client Error: Not Found for url: https://media.ipsapps.org/dyu/oda/javascript/c33.htm
https://media.ipsapps.org/dyu/oda/,https://media.ipsapps.org/dyu/oda/javascript/c20.htm,HTTPError: 404 Client Error: Not Found for url: https://media.ipsapps.org/dyu/oda/javascript/c20.htm
https://media.ipsapps.org/dyu/oda/,https://media.ipsapps.org/dyu/oda/javascript/c46.htm,HTTPError: 404 Client Error: Not Found for url: https://media.ipsapps.org/dyu/oda/javascript/c46.htm
https://media.ipsapps.org/dyu/oda/,https://media.ipsapps.org/dyu/oda/javascript/c65.htm,HTTPError: 404 Client Error: Not Found for url: https://media.ipsapps.org/dyu/oda/javascript/c65.htm
https://media.ipsapps.org/dyu/oda/,https://media.ipsapps.org/dyu/oda/javascript/c43.htm,HTTPError: 404 Client Error: Not Found for url: https://media.ipsapps.org/dyu/oda/javascript/c43.htm
https://media.ipsapps.org/dyu/oda/,https://media.ipsapps.org/dyu/oda/javascript/c61.htm,HTTPError: 404 Client Error: Not Found for url: https://media.ipsapps.org/dyu/oda/javascript/c61.htm
https://media.ipsapps.org/dyu/oda/,https://media.ipsapps.org/dyu/oda/javascript/c18.htm,HTTPError: 404 Client Error: Not Found for url: https://media.ipsapps.org/dyu/oda/javascript/c18.htm
https://media.ipsapps.org/dyu/oda/,https://media.ipsapps.org/dyu/oda/javascript/c53.htm,HTTPError: 404 Client Error: Not Found for url: https://media.ipsapps.org/dyu/oda/javascript/c53.htm
https://media.ipsapps.org/dyu/oda/,https://media.ipsapps.org/dyu/oda/javascript/c59.htm,HTTPError: 404 Client Error: Not Found for url: https://media.ipsapps.org/dyu/oda/javascript/c59.htm
https://media.ipsapps.org/dyu/oda/,https://media.ipsapps.org/dyu/oda/javascript/c67.htm,HTTPError: 404 Client Error: Not Found for url: https://media.ipsapps.org/dyu/oda/javascript/c67.htm
https://media.ipsapps.org/dyu/oda/,https://media.ipsapps.org/dyu/oda/javascript/c06.htm,HTTPError: 404 Client Error: Not Found for url: https://media.ipsapps.org/dyu/oda/javascript/c06.htm
https://media.ipsapps.org/dyu/oda/,https://media.ipsapps.org/dyu/oda/javascript/c25.htm,HTTPError: 404 Client Error: Not Found for url: https://media.ipsapps.org/dyu/oda/javascript/c25.htm
https://media.ipsapps.org/dyu/oda/,https://media.ipsapps.org/dyu/oda/javascript/c07.htm,HTTPError: 404 Client Error: Not Found for url: https://media.ipsapps.org/dyu/oda/javascript/c07.htm
https://media.ipsapps.org/dyu/oda/,https://media.ipsapps.org/dyu/oda/javascript/c24.htm,HTTPError: 404 Client Error: Not Found for url: https://media.ipsapps.org/dyu/oda/javascript/c24.htm
https://media.ipsapps.org/dyu/oda/,https://media.ipsapps.org/dyu/oda/javascript/c63.htm,HTTPError: 404 Client Error: Not Found for url: https://media.ipsapps.org/dyu/oda/javascript/c63.htm
https://media.ipsapps.org/dyu/oda/,https://media.ipsapps.org/dyu/oda/javascript/c10.htm,HTTPError: 404 Client Error: Not Found for url: https://media.ipsapps.org/dyu/oda/javascript/c10.htm
https://media.ipsapps.org/dyu/oda/,https://media.ipsapps.org/dyu/oda/javascript/c58.htm,HTTPError: 404 Client Error: Not Found for url: https://media.ipsapps.org/dyu/oda/javascript/c58.htm
https://media.ipsapps.org/dyu/oda/,https://media.ipsapps.org/dyu/oda/javascript/c14.htm,HTTPError: 404 Client Error: Not Found for url: https://media.ipsapps.org/dyu/oda/javascript/c14.htm
https://media.ipsapps.org/dyu/oda/,https://media.ipsapps.org/dyu/oda/javascript/c54.htm,HTTPError: 404 Client Error: Not Found for url: https://media.ipsapps.org/dyu/oda/javascript/c54.htm
https://media.ipsapps.org/dyu/oda/,https://media.ipsapps.org/dyu/oda/javascript/c42.htm,HTTPError: 404 Client Error: Not Found for url: https://media.ipsapps.org/dyu/oda/javascript/c42.htm
https://media.ipsapps.org/dyu/oda/,https://media.ipsapps.org/dyu/oda/javascript/c55.htm,HTTPError: 404 Client Error: Not Found for url: https://media.ipsapps.org/dyu/oda/javascript/c55.htm
https://media.ipsapps.org/dyu/oda/,https://media.ipsapps.org/dyu/oda/javascript/c22.htm,HTTPError: 404 Client Error: Not Found for url: https://media.ipsapps.org/dyu/oda/javascript/c22.htm
https://media.ipsapps.org/dyu/oda/,https://media.ipsapps.org/dyu/oda/javascript/c23.htm,HTTPError: 404 Client Error: Not Found for url: https://media.ipsapps.org/dyu/oda/javascript/c23.htm
https://media.ipsapps.org/dyu/oda/,https://media.ipsapps.org/dyu/oda/javascript/c47.htm,HTTPError: 404 Client Error: Not Found for url: https://media.ipsapps.org/dyu/oda/javascript/c47.htm
https://media.ipsapps.org/dyu/oda/,https://media.ipsapps.org/dyu/oda/javascript/c29.htm,HTTPError: 404 Client Error: Not Found for url: https://media.ipsapps.org/dyu/oda/javascript/c29.htm
https://media.ipsapps.org/dyu/oda/,https://media.ipsapps.org/dyu/oda/javascript/c49.htm,HTTPError: 404 Client Error: Not Found for url: https://media.ipsapps.org/dyu/oda/javascript/c49.htm
https://media.ipsapps.org/dyu/oda/,https://media.ipsapps.org/dyu/oda/javascript/c50.htm,HTTPError: 404 Client Error: Not Found for url: https://media.ipsapps.org/dyu/oda/javascript/c50.htm
https://media.ipsapps.org/dyu/oda/,https://media.ipsapps.org/dyu/oda/javascript/c51.htm,HTTPError: 404 Client Error: Not Found for url: https://media.ipsapps.org/dyu/oda/javascript/c51.htm
https://media.ipsapps.org/dyu/oda/,https://media.ipsapps.org/dyu/oda/javascript/c44.htm,HTTPError: 404 Client Error: Not Found for url: https://media.ipsapps.org/dyu/oda/javascript/c44.htm
https://media.ipsapps.org/dyu/oda/,https://media.ipsapps.org/dyu/oda/javascript/c11.htm,HTTPError: 404 Client Error: Not Found for url: https://media.ipsapps.org/dyu/oda/javascript/c11.htm
https://media.ipsapps.org/dyu/oda/,https://media.ipsapps.org/dyu/oda/javascript/c28.htm,HTTPError: 404 Client Error: Not Found for url: https://media.ipsapps.org/dyu/oda/javascript/c28.htm
https://media.ipsapps.org/dyu/oda/,https://media.ipsapps.org/dyu/oda/javascript/c21.htm,HTTPError: 404 Client Error: Not Found for url: https://media.ipsapps.org/dyu/oda/javascript/c21.htm
https://media.ipsapps.org/dyu/oda/,https://media.ipsapps.org/dyu/oda/javascript/c34.htm,HTTPError: 404 Client Error: Not Found for url: https://media.ipsapps.org/dyu/oda/javascript/c34.htm
https://media.ipsapps.org/dyu/oda/,https://media.ipsapps.org/dyu/oda/javascript/c52.htm,HTTPError: 404 Client Error: Not Found for url: https://media.ipsapps.org/dyu/oda/javascript/c52.htm
https://media.ipsapps.org/dyu/oda/,https://media.ipsapps.org/dyu/oda/javascript/c36.htm,HTTPError: 404 Client Error: Not Found for url: https://media.ipsapps.org/dyu/oda/javascript/c36.htm
https://media.ipsapps.org/dyu/oda/,https://media.ipsapps.org/dyu/oda/javascript/c64.htm,HTTPError: 404 Client Error: Not Found for url: https://media.ipsapps.org/dyu/oda/javascript/c64.htm
https://media.ipsapps.org/dyu/oda/,https://media.ipsapps.org/dyu/oda/javascript/c62.htm,HTTPError: 404 Client Error: Not Found for url: https://media.ipsapps.org/dyu/oda/javascript/c62.htm
https://media.ipsapps.org/dyu/oda/,https://media.ipsapps.org/dyu/oda/javascript/c16.htm,HTTPError: 404 Client Error: Not Found for url: https://media.ipsapps.org/dyu/oda/javascript/c16.htm
https://media.ipsapps.org/dyu/oda/,https://media.ipsapps.org/dyu/oda/javascript/c05.htm,HTTPError: 404 Client Error: Not Found for url: https://media.ipsapps.org/dyu/oda/javascript/c05.htm
https://media.ipsapps.org/dyu/oda/,https://media.ipsapps.org/dyu/oda/javascript/c15.htm,HTTPError: 404 Client Error: Not Found for url: https://media.ipsapps.org/dyu/oda/javascript/c15.htm
https://media.ipsapps.org/dyu/oda/,https://media.ipsapps.org/dyu/oda/javascript/c66.htm,HTTPError: 404 Client Error: Not Found for url: https://media.ipsapps.org/dyu/oda/javascript/c66.htm
https://media.ipsapps.org/dyu/oda/,https://media.ipsapps.org/dyu/oda/javascript/c45.htm,HTTPError: 404 Client Error: Not Found for url: https://media.ipsapps.org/dyu/oda/javascript/c45.htm
https://media.ipsapps.org/dyu/oda/,https://media.ipsapps.org/dyu/oda/javascript/c13.htm,HTTPError: 404 Client Error: Not Found for url: https://media.ipsapps.org/dyu/oda/javascript/c13.htm
https://media.ipsapps.org/dyu/oda/,https://media.ipsapps.org/dyu/oda/javascript/c01.htm,HTTPError: 404 Client Error: Not Found for url: https://media.ipsapps.org/dyu/oda/javascript/c01.htm
https://media.ipsapps.org/dyu/oda/,https://media.ipsapps.org/dyu/oda/javascript/c38.htm,HTTPError: 404 Client Error: Not Found for url: https://media.ipsapps.org/dyu/oda/javascript/c38.htm
https://media.ipsapps.org/dyu/oda/,https://media.ipsapps.org/dyu/oda/javascript/c03.htm,HTTPError: 404 Client Error: Not Found for url: https://media.ipsapps.org/dyu/oda/javascript/c03.htm
https://media.ipsapps.org/dyu/oda/,https://media.ipsapps.org/dyu/oda/javascript/c12.htm,HTTPError: 404 Client Error: Not Found for url: https://media.ipsapps.org/dyu/oda/javascript/c12.htm
https://media.ipsapps.org/dyu/oda/,https://media.ipsapps.org/dyu/oda/javascript/c60.htm,HTTPError: 404 Client Error: Not Found for url: https://media.ipsapps.org/dyu/oda/javascript/c60.htm
https://media.ipsapps.org/dyu/oda/,https://media.ipsapps.org/dyu/oda/javascript/c56.htm,HTTPError: 404 Client Error: Not Found for url: https://media.ipsapps.org/dyu/oda/javascript/c56.htm
https://media.ipsapps.org/dyu/oda/,https://media.ipsapps.org/dyu/oda/javascript/c57.htm,HTTPError: 404 Client Error: Not Found for url: https://media.ipsapps.org/dyu/oda/javascript/c57.htm
https://media.ipsapps.org/dyu/oda/,https://media.ipsapps.org/dyu/oda/javascript/c39.htm,HTTPError: 404 Client Error: Not Found for url: https://media.ipsapps.org/dyu/oda/javascript/c39.htm
https://media.ipsapps.org/dyu/oda/,https://media.ipsapps.org/dyu/oda/javascript/c40.htm,HTTPError: 404 Client Error: Not Found for url: https://media.ipsapps.org/dyu/oda/javascript/c40.htm
https://media.ipsapps.org/dyu/oda/,https://media.ipsapps.org/dyu/oda/javascript/c35.htm,HTTPError: 404 Client Error: Not Found for url: https://media.ipsapps.org/dyu/oda/javascript/c35.htm
https://media.ipsapps.org/dyu/oda/,https://media.ipsapps.org/dyu/oda/javascript/c26.htm,HTTPError: 404 Client Error: Not Found for url: https://media.ipsapps.org/dyu/oda/javascript/c26.htm
https://media.ipsapps.org/dyu/oda/,https://media.ipsapps.org/dyu/oda/javascript/c48.htm,HTTPError: 404 Client Error: Not Found for url: https://media.ipsapps.org/dyu/oda/javascript/c48.htm
https://media.ipsapps.org/dyu/oda/,https://media.ipsapps.org/dyu/oda/javascript/c31.htm,HTTPError: 404 Client Error: Not Found for url: https://media.ipsapps.org/dyu/oda/javascript/c31.htm
https://media.ipsapps.org/dyu/oda/,https://media.ipsapps.org/dyu/oda/javascript/c19.htm,HTTPError: 404 Client Error: Not Found for url: https://media.ipsapps.org/dyu/oda/javascript/c19.htm
https://media.ipsapps.org/dyu/ora/c03/,https://media.ipsapps.org/dyu/ora/c03/js/01-B001-001.html,HTTPError: 404 Client Error: Not Found for url: https://media.ipsapps.org/dyu/ora/c03/js/01-B001-001.html
https://media.ipsapps.org/dyu/ora/c03/,https://media.ipsapps.org/dyu/ora/c03/js/10-B010-001.html,HTTPError: 404 Client Error: Not Found for url: https://media.ipsapps.org/dyu/ora/c03/js/10-B010-001.html
https://media.ipsapps.org/dyu/ora/c03/,https://media.ipsapps.org/dyu/ora/c03/js/07-B007-001.html,HTTPError: 404 Client Error: Not Found for url: https://media.ipsapps.org/dyu/ora/c03/js/07-B007-001.html
https://media.ipsapps.org/dyu/ora/c03/,https://media.ipsapps.org/dyu/ora/c03/js/03-B003-001.html,HTTPError: 404 Client Error: Not Found for url: https://media.ipsapps.org/dyu/ora/c03/js/03-B003-001.html
https://media.ipsapps.org/dyu/ora/c03/,https://media.ipsapps.org/dyu/ora/c03/js/14-B014-001.html,HTTPError: 404 Client Error: Not Found for url: https://media.ipsapps.org/dyu/ora/c03/js/14-B014-001.html
https://media.ipsapps.org/dyu/ora/c03/,https://media.ipsapps.org/dyu/ora/c03/js/02-B002-001.html,HTTPError: 404 Client Error: Not Found for url: https://media.ipsapps.org/dyu/ora/c03/js/02-B002-001.html
https://media.ipsapps.org/dyu/ora/c03/,https://media.ipsapps.org/dyu/ora/c03/js/11-B011-001.html,HTTPError: 404 Client Error: Not Found for url: https://media.ipsapps.org/dyu/ora/c03/js/11-B011-001.html
https://media.ipsapps.org/dyu/ora/c03/,https://media.ipsapps.org/dyu/ora/c03/js/06-B006-001.html,HTTPError: 404 Client Error: Not Found for url: https://media.ipsapps.org/dyu/ora/c03/js/06-B006-001.html
https://media.ipsapps.org/dyu/ora/c03/,https://media.ipsapps.org/dyu/ora/c03/js/09-B009-001.html,HTTPError: 404 Client Error: Not Found for url: https://media.ipsapps.org/dyu/ora/c03/js/09-B009-001.html
https://media.ipsapps.org/dyu/ora/c03/,https://media.ipsapps.org/dyu/ora/c03/js/15-B015-001.html,HTTPError: 404 Client Error: Not Found for url: https://media.ipsapps.org/dyu/ora/c03/js/15-B015-001.html
https://media.ipsapps.org/dyu/ora/c03/,https://media.ipsapps.org/dyu/ora/c03/js/05-B005-001.html,HTTPError: 404 Client Error: Not Found for url: https://media.ipsapps.org/dyu/ora/c03/js/05-B005-001.html
https://media.ipsapps.org/dyu/ora/c03/,https://media.ipsapps.org/dyu/ora/c03/js/16-B016-001.html,HTTPError: 404 Client Error: Not Found for url: https://media.ipsapps.org/dyu/ora/c03/js/16-B016-001.html
https://media.ipsapps.org/dyu/ora/c03/,https://media.ipsapps.org/dyu/ora/c03/js/08-B008-001.html,HTTPError: 404 Client Error: Not Found for url: https://media.ipsapps.org/dyu/ora/c03/js/08-B008-001.html
https://media.ipsapps.org/dyu/ora/c03/,https://media.ipsapps.org/dyu/ora/c03/js/12-B012-001.html,HTTPError: 404 Client Error: Not Found for url: https://media.ipsapps.org/dyu/ora/c03/js/12-B012-001.html
https://media.ipsapps.org/dyu/ora/c03/,https://media.ipsapps.org/dyu/ora/c03/sw.js,HTTPError: 404 Client Error: Not Found for url: https://media.ipsapps.org/dyu/ora/c03/sw.js
https://media.ipsapps.org/dyu/ora/c03/,https://media.ipsapps.org/dyu/ora/c03/js/04-B004-001.html,HTTPError: 404 Client Error: Not Found for url: https://media.ipsapps.org/dyu/ora/c03/js/04-B004-001.html
https://media.ipsapps.org/dyu/ora/c03/,https://media.ipsapps.org/dyu/ora/c03/js/Popcorn.js,HTTPError: 404 Client Error: Not Found for url: https://media.ipsapps.org/dyu/ora/c03/js/Popcorn.js
https://media.ipsapps.org/dyu/ora/c03/,https://media.ipsapps.org/dyu/ora/c03/js/13-B013-001.html,HTTPError: 404 Client Error: Not Found for url: https://media.ipsapps.org/dyu/ora/c03/js/13-B013-001.html
https://media.ipsapps.org/dyu/ora/c04/,https://media.ipsapps.org/dyu/ora/c04/js/06-B006-001.html,HTTPError: 404 Client Error: Not Found for url: https://media.ipsapps.org/dyu/ora/c04/js/06-B006-001.html
https://media.ipsapps.org/dyu/ora/c04/,https://media.ipsapps.org/dyu/ora/c04/js/Popcorn.js,HTTPError: 404 Client Error: Not Found for url: https://media.ipsapps.org/dyu/ora/c04/js/Popcorn.js
https://media.ipsapps.org/dyu/ora/c04/,https://media.ipsapps.org/dyu/ora/c04/js/16-B016-001.html,HTTPError: 404 Client Error: Not Found for url: https://media.ipsapps.org/dyu/ora/c04/js/16-B016-001.html
https://media.ipsapps.org/dyu/ora/c04/,https://media.ipsapps.org/dyu/ora/c04/js/19-B019-001.html,HTTPError: 404 Client Error: Not Found for url: https://media.ipsapps.org/dyu/ora/c04/js/19-B019-001.html
https://media.ipsapps.org/dyu/ora/c04/,https://media.ipsapps.org/dyu/ora/c04/js/28-B028-001.html,HTTPError: 404 Client Error: Not Found for url: https://media.ipsapps.org/dyu/ora/c04/js/28-B028-001.html
https://media.ipsapps.org/dyu/ora/c04/,https://media.ipsapps.org/dyu/ora/c04/js/21-B021-001.html,HTTPError: 404 Client Error: Not Found for url: https://media.ipsapps.org/dyu/ora/c04/js/21-B021-001.html
https://media.ipsapps.org/dyu/ora/c04/,https://media.ipsapps.org/dyu/ora/c04/js/04-B004-001.html,HTTPError: 404 Client Error: Not Found for url: https://media.ipsapps.org/dyu/ora/c04/js/04-B004-001.html
https://media.ipsapps.org/dyu/ora/c04/,https://media.ipsapps.org/dyu/ora/c04/js/03-B003-001.html,HTTPError: 404 Client Error: Not Found for url: https://media.ipsapps.org/dyu/ora/c04/js/03-B003-001.html
https://media.ipsapps.org/dyu/ora/c04/,https://media.ipsapps.org/dyu/ora/c04/js/23-B023-001.html,HTTPError: 404 Client Error: Not Found for url: https://media.ipsapps.org/dyu/ora/c04/js/23-B023-001.html
https://media.ipsapps.org/dyu/ora/c04/,https://media.ipsapps.org/dyu/ora/c04/js/22-B022-001.html,HTTPError: 404 Client Error: Not Found for url: https://media.ipsapps.org/dyu/ora/c04/js/22-B022-001.html
https://media.ipsapps.org/dyu/ora/c04/,https://media.ipsapps.org/dyu/ora/c04/js/25-B025-001.html,HTTPError: 404 Client Error: Not Found for url: https://media.ipsapps.org/dyu/ora/c04/js/25-B025-001.html
https://media.ipsapps.org/dyu/ora/c04/,https://media.ipsapps.org/dyu/ora/c04/js/10-B010-001.html,HTTPError: 404 Client Error: Not Found for url: https://media.ipsapps.org/dyu/ora/c04/js/10-B010-001.html
https://media.ipsapps.org/dyu/ora/c04/,https://media.ipsapps.org/dyu/ora/c04/js/01-B001-001.html,HTTPError: 404 Client Error: Not Found for url: https://media.ipsapps.org/dyu/ora/c04/js/01-B001-001.html
https://media.ipsapps.org/dyu/ora/c04/,https://media.ipsapps.org/dyu/ora/c04/js/12-B012-001.html,HTTPError: 404 Client Error: Not Found for url: https://media.ipsapps.org/dyu/ora/c04/js/12-B012-001.html
https://media.ipsapps.org/dyu/ora/c04/,https://media.ipsapps.org/dyu/ora/c04/js/08-B008-001.html,HTTPError: 404 Client Error: Not Found for url: https://media.ipsapps.org/dyu/ora/c04/js/08-B008-001.html
https://media.ipsapps.org/dyu/ora/c04/,https://media.ipsapps.org/dyu/ora/c04/js/02-B002-001.html,HTTPError: 404 Client Error: Not Found for url: https://media.ipsapps.org/dyu/ora/c04/js/02-B002-001.html
https://media.ipsapps.org/dyu/ora/c04/,https://media.ipsapps.org/dyu/ora/c04/js/18-B018-001.html,HTTPError: 404 Client Error: Not Found for url: https://media.ipsapps.org/dyu/ora/c04/js/18-B018-001.html
https://media.ipsapps.org/dyu/ora/c04/,https://media.ipsapps.org/dyu/ora/c04/js/07-B007-001.html,HTTPError: 404 Client Error: Not Found for url: https://media.ipsapps.org/dyu/ora/c04/js/07-B007-001.html
https://media.ipsapps.org/dyu/ora/c04/,https://media.ipsapps.org/dyu/ora/c04/js/26-B026-001.html,HTTPError: 404 Client Error: Not Found for url: https://media.ipsapps.org/dyu/ora/c04/js/26-B026-001.html
https://media.ipsapps.org/dyu/ora/c04/,https://media.ipsapps.org/dyu/ora/c04/js/09-B009-001.html,HTTPError: 404 Client Error: Not Found for url: https://media.ipsapps.org/dyu/ora/c04/js/09-B009-001.html
https://media.ipsapps.org/dyu/ora/c04/,https://media.ipsapps.org/dyu/ora/c04/js/13-B013-001.html,HTTPError: 404 Client Error: Not Found for url: https://media.ipsapps.org/dyu/ora/c04/js/13-B013-001.html
https://media.ipsapps.org/dyu/ora/c04/,https://media.ipsapps.org/dyu/ora/c04/js/27-B027-001.html,HTTPError: 404 Client Error: Not Found for url: https://media.ipsapps.org/dyu/ora/c04/js/27-B027-001.html
https://media.ipsapps.org/dyu/ora/c04/,https://media.ipsapps.org/dyu/ora/c04/js/11-B011-001.html,HTTPError: 404 Client Error: Not Found for url: https://media.ipsapps.org/dyu/ora/c04/js/11-B011-001.html
https://media.ipsapps.org/dyu/ora/c04/,https://media.ipsapps.org/dyu/ora/c04/js/15-B015-001.html,HTTPError: 404 Client Error: Not Found for url: https://media.ipsapps.org/dyu/ora/c04/js/15-B015-001.html
https://media.ipsapps.org/dyu/ora/c04/,https://media.ipsapps.org/dyu/ora/c04/js/05-B005-001.html,HTTPError: 404 Client Error: Not Found for url: https://media.ipsapps.org/dyu/ora/c04/js/05-B005-001.html
https://media.ipsapps.org/dyu/ora/c04/,https://media.ipsapps.org/dyu/ora/c04/js/14-B014-001.html,HTTPError: 404 Client Error: Not Found for url: https://media.ipsapps.org/dyu/ora/c04/js/14-B014-001.html
https://media.ipsapps.org/dyu/ora/c04/,https://media.ipsapps.org/dyu/ora/c04/js/24-B024-001.html,HTTPError: 404 Client Error: Not Found for url: https://media.ipsapps.org/dyu/ora/c04/js/24-B024-001.html
https://media.ipsapps.org/dyu/ora/c04/,https://media.ipsapps.org/dyu/ora/c04/js/20-B020-001.html,HTTPError: 404 Client Error: Not Found for url: https://media.ipsapps.org/dyu/ora/c04/js/20-B020-001.html
https://media.ipsapps.org/dyu/ora/c04/,https://media.ipsapps.org/dyu/ora/c04/js/17-B017-001.html,HTTPError: 404 Client Error: Not Found for url: https://media.ipsapps.org/dyu/ora/c04/js/17-B017-001.html
https://media.ipsapps.org/dyu/ora/co1/,https://media.ipsapps.org/dyu/ora/co1/js/03-B003-001.html,HTTPError: 404 Client Error: Not Found for url: https://media.ipsapps.org/dyu/ora/co1/js/03-B003-001.html
https://media.ipsapps.org/dyu/ora/co1/,https://media.ipsapps.org/dyu/ora/co1/js/Popcorn.js,HTTPError: 404 Client Error: Not Found for url: https://media.ipsapps.org/dyu/ora/co1/js/Popcorn.js
https://media.ipsapps.org/dyu/ora/co1/,https://media.ipsapps.org/dyu/ora/co1/js/02-B002-001.html,HTTPError: 404 Client Error: Not Found for url: https://media.ipsapps.org/dyu/ora/co1/js/02-B002-001.html
https://media.ipsapps.org/dyu/ora/co1/,https://media.ipsapps.org/dyu/ora/co1/js/05-B005-001.html,HTTPError: 404 Client Error: Not Found for url: https://media.ipsapps.org/dyu/ora/co1/js/05-B005-001.html
https://media.ipsapps.org/dyu/ora/co1/,https://media.ipsapps.org/dyu/ora/co1/js/04-B004-001.html,HTTPError: 404 Client Error: Not Found for url: https://media.ipsapps.org/dyu/ora/co1/js/04-B004-001.html
https://media.ipsapps.org/dyu/ora/co1/,https://media.ipsapps.org/dyu/ora/co1/js/01-B001-001.html,HTTPError: 404 Client Error: Not Found for url: https://media.ipsapps.org/dyu/ora/co1/js/01-B001-001.html
https://media.ipsapps.org/dyu/ora/co2/,https://media.ipsapps.org/dyu/ora/co2/js/14-B014-001.html,HTTPError: 404 Client Error: Not Found for url: https://media.ipsapps.org/dyu/ora/co2/js/14-B014-001.html
https://media.ipsapps.org/dyu/ora/co2/,https://media.ipsapps.org/dyu/ora/co2/js/03-B003-001.html,HTTPError: 404 Client Error: Not Found for url: https://media.ipsapps.org/dyu/ora/co2/js/03-B003-001.html
https://media.ipsapps.org/dyu/ora/co2/,https://media.ipsapps.org/dyu/ora/co2/js/09-B009-001.html,HTTPError: 404 Client Error: Not Found for url: https://media.ipsapps.org/dyu/ora/co2/js/09-B009-001.html
https://media.ipsapps.org/dyu/ora/co2/,https://media.ipsapps.org/dyu/ora/co2/js/05-B005-001.html,HTTPError: 404 Client Error: Not Found for url: https://media.ipsapps.org/dyu/ora/co2/js/05-B005-001.html
https://media.ipsapps.org/dyu/ora/co2/,https://media.ipsapps.org/dyu/ora/co2/js/Popcorn.js,HTTPError: 404 Client Error: Not Found for url: https://media.ipsapps.org/dyu/ora/co2/js/Popcorn.js
https://media.ipsapps.org/dyu/ora/co2/,https://media.ipsapps.org/dyu/ora/co2/js/01-B001-001.html,HTTPError: 404 Client Error: Not Found for url: https://media.ipsapps.org/dyu/ora/co2/js/01-B001-001.html
https://media.ipsapps.org/dyu/ora/co2/,https://media.ipsapps.org/dyu/ora/co2/js/10-B010-001.html,HTTPError: 404 Client Error: Not Found for url: https://media.ipsapps.org/dyu/ora/co2/js/10-B010-001.html
https://media.ipsapps.org/dyu/ora/co2/,https://media.ipsapps.org/dyu/ora/co2/js/08-B008-001.html,HTTPError: 404 Client Error: Not Found for url: https://media.ipsapps.org/dyu/ora/co2/js/08-B008-001.html
https://media.ipsapps.org/dyu/ora/co2/,https://media.ipsapps.org/dyu/ora/co2/js/07-B007-001.html,HTTPError: 404 Client Error: Not Found for url: https://media.ipsapps.org/dyu/ora/co2/js/07-B007-001.html
https://media.ipsapps.org/dyu/ora/co2/,https://media.ipsapps.org/dyu/ora/co2/js/06-B006-001.html,HTTPError: 404 Client Error: Not Found for url: https://media.ipsapps.org/dyu/ora/co2/js/06-B006-001.html
https://media.ipsapps.org/dyu/ora/co2/,https://media.ipsapps.org/dyu/ora/co2/js/11-B011-001.html,HTTPError: 404 Client Error: Not Found for url: https://media.ipsapps.org/dyu/ora/co2/js/11-B011-001.html
https://media.ipsapps.org/dyu/ora/co2/,https://media.ipsapps.org/dyu/ora/co2/js/13-B013-001.html,HTTPError: 404 Client Error: Not Found for url: https://media.ipsapps.org/dyu/ora/co2/js/13-B013-001.html
https://media.ipsapps.org/dyu/ora/co2/,https://media.ipsapps.org/dyu/ora/co2/js/12-B012-001.html,HTTPError: 404 Client Error: Not Found for url: https://media.ipsapps.org/dyu/ora/co2/js/12-B012-001.html
https://media.ipsapps.org/dyu/ora/co2/,https://media.ipsapps.org/dyu/ora/co2/js/02-B002-001.html,HTTPError: 404 Client Error: Not Found for url: https://media.ipsapps.org/dyu/ora/co2/js/02-B002-001.html
https://media.ipsapps.org/dyu/ora/co2/,https://media.ipsapps.org/dyu/ora/co2/js/04-B004-001.html,HTTPError: 404 Client Error: Not Found for url: https://media.ipsapps.org/dyu/ora/co2/js/04-B004-001.html
https://media.ipsapps.org/dyu/ora/fac/,https://media.ipsapps.org/dyu/ora/fac/js/04-B004-001.html,HTTPError: 404 Client Error: Not Found for url: https://media.ipsapps.org/dyu/ora/fac/js/04-B004-001.html
https://media.ipsapps.org/dyu/ora/fac/,https://media.ipsapps.org/dyu/ora/fac/js/05-B005-001.html,HTTPError: 404 Client Error: Not Found for url: https://media.ipsapps.org/dyu/ora/fac/js/05-B005-001.html
https://media.ipsapps.org/dyu/ora/fac/,https://media.ipsapps.org/dyu/ora/fac/js/12-B012-001.html,HTTPError: 404 Client Error: Not Found for url: https://media.ipsapps.org/dyu/ora/fac/js/12-B012-001.html
https://media.ipsapps.org/dyu/ora/fac/,https://media.ipsapps.org/dyu/ora/fac/js/10-B010-001.html,HTTPError: 404 Client Error: Not Found for url: https://media.ipsapps.org/dyu/ora/fac/js/10-B010-001.html
https://media.ipsapps.org/dyu/ora/fac/,https://media.ipsapps.org/dyu/ora/fac/js/01-B001-001.html,HTTPError: 404 Client Error: Not Found for url: https://media.ipsapps.org/dyu/ora/fac/js/01-B001-001.html
https://media.ipsapps.org/dyu/ora/fac/,https://media.ipsapps.org/dyu/ora/fac/js/09-B009-001.html,HTTPError: 404 Client Error: Not Found for url: https://media.ipsapps.org/dyu/ora/fac/js/09-B009-001.html
https://media.ipsapps.org/dyu/ora/fac/,https://media.ipsapps.org/dyu/ora/fac/js/08-B008-001.html,HTTPError: 404 Client Error: Not Found for url: https://media.ipsapps.org/dyu/ora/fac/js/08-B008-001.html
https://media.ipsapps.org/dyu/ora/fac/,https://media.ipsapps.org/dyu/ora/fac/js/03-B003-001.html,HTTPError: 404 Client Error: Not Found for url: https://media.ipsapps.org/dyu/ora/fac/js/03-B003-001.html
https://media.ipsapps.org/dyu/ora/fac/,https://media.ipsapps.org/dyu/ora/fac/js/11-B011-001.html,HTTPError: 404 Client Error: Not Found for url: https://media.ipsapps.org/dyu/ora/fac/js/11-B011-001.html
https://media.ipsapps.org/dyu/ora/fac/,https://media.ipsapps.org/dyu/ora/fac/js/07-B007-001.html,HTTPError: 404 Client Error: Not Found for url: https://media.ipsapps.org/dyu/ora/fac/js/07-B007-001.html
https://media.ipsapps.org/dyu/ora/fac/,https://media.ipsapps.org/dyu/ora/fac/js/06-B006-001.html,HTTPError: 404 Client Error: Not Found for url: https://media.ipsapps.org/dyu/ora/fac/js/06-B006-001.html
https://media.ipsapps.org/dyu/ora/fac/,https://media.ipsapps.org/dyu/ora/fac/js/13-B013-001.html,HTTPError: 404 Client Error: Not Found for url: https://media.ipsapps.org/dyu/ora/fac/js/13-B013-001.html
https://media.ipsapps.org/dyu/ora/fac/,https://media.ipsapps.org/dyu/ora/fac/js/02-B002-001.html,HTTPError: 404 Client Error: Not Found for url: https://media.ipsapps.org/dyu/ora/fac/js/02-B002-001.html
https://media.ipsapps.org/dyu/ora/fac/,https://media.ipsapps.org/dyu/ora/fac/js/Popcorn.js,HTTPError: 404 Client Error: Not Found for url: https://media.ipsapps.org/dyu/ora/fac/js/Popcorn.js
https://media.ipsapps.org/dyu/ora/p2/,https://media.ipsapps.org/dyu/ora/p2/js/Popcorn.js,HTTPError: 404 Client Error: Not Found for url: https://media.ipsapps.org/dyu/ora/p2/js/Popcorn.js
https://media.ipsapps.org/dyu/ora/p2/,https://media.ipsapps.org/dyu/ora/p2/js/02-B002-001.html,HTTPError: 404 Client Error: Not Found for url: https://media.ipsapps.org/dyu/ora/p2/js/02-B002-001.html
https://media.ipsapps.org/dyu/ora/p2/,https://media.ipsapps.org/dyu/ora/p2/js/09-B009-001.html,HTTPError: 404 Client Error: Not Found for url: https://media.ipsapps.org/dyu/ora/p2/js/09-B009-001.html
https://media.ipsapps.org/dyu/ora/p2/,https://media.ipsapps.org/dyu/ora/p2/js/05-B005-001.html,HTTPError: 404 Client Error: Not Found for url: https://media.ipsapps.org/dyu/ora/p2/js/05-B005-001.html
https://media.ipsapps.org/dyu/ora/p2/,https://media.ipsapps.org/dyu/ora/p2/js/04-B004-001.html,HTTPError: 404 Client Error: Not Found for url: https://media.ipsapps.org/dyu/ora/p2/js/04-B004-001.html
https://media.ipsapps.org/dyu/ora/p2/,https://media.ipsapps.org/dyu/ora/p2/js/01-B001-001.html,HTTPError: 404 Client Error: Not Found for url: https://media.ipsapps.org/dyu/ora/p2/js/01-B001-001.html
https://media.ipsapps.org/dyu/ora/p2/,https://media.ipsapps.org/dyu/ora/p2/js/06-B006-001.html,HTTPError: 404 Client Error: Not Found for url: https://media.ipsapps.org/dyu/ora/p2/js/06-B006-001.html
https://media.ipsapps.org/dyu/ora/p2/,https://media.ipsapps.org/dyu/ora/p2/js/08-B008-001.html,HTTPError: 404 Client Error: Not Found for url: https://media.ipsapps.org/dyu/ora/p2/js/08-B008-001.html
https://media.ipsapps.org/dyu/ora/p2/,https://media.ipsapps.org/dyu/ora/p2/js/07-B007-001.html,HTTPError: 404 Client Error: Not Found for url: https://media.ipsapps.org/dyu/ora/p2/js/07-B007-001.html
https://media.ipsapps.org/dyu/ora/p2/,https://media.ipsapps.org/dyu/ora/p2/js/10-B010-001.html,HTTPError: 404 Client Error: Not Found for url: https://media.ipsapps.org/dyu/ora/p2/js/10-B010-001.html
https://media.ipsapps.org/dyu/ora/p2/,https://media.ipsapps.org/dyu/ora/p2/js/11-B011-001.html,HTTPError: 404 Client Error: Not Found for url: https://media.ipsapps.org/dyu/ora/p2/js/11-B011-001.html
https://media.ipsapps.org/dyu/ora/p2/,https://media.ipsapps.org/dyu/ora/p2/js/12-B012-001.html,HTTPError: 404 Client Error: Not Found for url: https://media.ipsapps.org/dyu/ora/p2/js/12-B012-001.html
https://media.ipsapps.org/dyu/ora/p2/,https://media.ipsapps.org/dyu/ora/p2/js/03-B003-001.html,HTTPError: 404 Client Error: Not Found for url: https://media.ipsapps.org/dyu/ora/p2/js/03-B003-001.html
https://media.ipsapps.org/dyu/ora/p3/,https://media.ipsapps.org/dyu/ora/p3/js/05-B005-001.html,HTTPError: 404 Client Error: Not Found for url: https://media.ipsapps.org/dyu/ora/p3/js/05-B005-001.html
https://media.ipsapps.org/dyu/ora/p3/,https://media.ipsapps.org/dyu/ora/p3/js/07-B007-001.html,HTTPError: 404 Client Error: Not Found for url: https://media.ipsapps.org/dyu/ora/p3/js/07-B007-001.html
https://media.ipsapps.org/dyu/ora/p3/,https://media.ipsapps.org/dyu/ora/p3/js/02-B002-001.html,HTTPError: 404 Client Error: Not Found for url: https://media.ipsapps.org/dyu/ora/p3/js/02-B002-001.html
https://media.ipsapps.org/dyu/ora/p3/,https://media.ipsapps.org/dyu/ora/p3/js/06-B006-001.html,HTTPError: 404 Client Error: Not Found for url: https://media.ipsapps.org/dyu/ora/p3/js/06-B006-001.html
https://media.ipsapps.org/dyu/ora/p3/,https://media.ipsapps.org/dyu/ora/p3/js/08-B008-001.html,HTTPError: 404 Client Error: Not Found for url: https://media.ipsapps.org/dyu/ora/p3/js/08-B008-001.html
https://media.ipsapps.org/dyu/ora/p3/,https://media.ipsapps.org/dyu/ora/p3/js/09-B009-001.html,HTTPError: 404 Client Error: Not Found for url: https://media.ipsapps.org/dyu/ora/p3/js/09-B009-001.html
https://media.ipsapps.org/dyu/ora/p3/,https://media.ipsapps.org/dyu/ora/p3/js/04-B004-001.html,HTTPError: 404 Client Error: Not Found for url: https://media.ipsapps.org/dyu/ora/p3/js/04-B004-001.html
https://media.ipsapps.org/dyu/ora/p3/,https://media.ipsapps.org/dyu/ora/p3/js/10-B010-001.html,HTTPError: 404 Client Error: Not Found for url: https://media.ipsapps.org/dyu/ora/p3/js/10-B010-001.html
https://media.ipsapps.org/dyu/ora/p3/,https://media.ipsapps.org/dyu/ora/p3/js/01-B001-001.html,HTTPError: 404 Client Error: Not Found for url: https://media.ipsapps.org/dyu/ora/p3/js/01-B001-001.html
https://media.ipsapps.org/dyu/ora/p3/,https://media.ipsapps.org/dyu/ora/p3/js/03-B003-001.html,HTTPError: 404 Client Error: Not Found for url: https://media.ipsapps.org/dyu/ora/p3/js/03-B003-001.html
https://media.ipsapps.org/dyu/ora/p3/,https://media.ipsapps.org/dyu/ora/p3/js/Popcorn.js,HTTPError: 404 Client Error: Not Found for url: https://media.ipsapps.org/dyu/ora/p3/js/Popcorn.js
https://media.ipsapps.org/dyu/ora/p4/,https://media.ipsapps.org/dyu/ora/p4/js/02-B002-001.html,HTTPError: 404 Client Error: Not Found for url: https://media.ipsapps.org/dyu/ora/p4/js/02-B002-001.html
https://media.ipsapps.org/dyu/ora/p4/,https://media.ipsapps.org/dyu/ora/p4/js/05-B005-001.html,HTTPError: 404 Client Error: Not Found for url: https://media.ipsapps.org/dyu/ora/p4/js/05-B005-001.html
https://media.ipsapps.org/dyu/ora/p4/,https://media.ipsapps.org/dyu/ora/p4/js/07-B007-001.html,HTTPError: 404 Client Error: Not Found for url: https://media.ipsapps.org/dyu/ora/p4/js/07-B007-001.html
https://media.ipsapps.org/dyu/ora/p4/,https://media.ipsapps.org/dyu/ora/p4/js/Popcorn.js,HTTPError: 404 Client Error: Not Found for url: https://media.ipsapps.org/dyu/ora/p4/js/Popcorn.js
https://media.ipsapps.org/dyu/ora/p4/,https://media.ipsapps.org/dyu/ora/p4/js/04-B004-001.html,HTTPError: 404 Client Error: Not Found for url: https://media.ipsapps.org/dyu/ora/p4/js/04-B004-001.html
https://media.ipsapps.org/dyu/ora/p4/,https://media.ipsapps.org/dyu/ora/p4/js/03-B003-001.html,HTTPError: 404 Client Error: Not Found for url: https://media.ipsapps.org/dyu/ora/p4/js/03-B003-001.html
https://media.ipsapps.org/dyu/ora/p4/,https://media.ipsapps.org/dyu/ora/p4/js/06-B006-001.html,HTTPError: 404 Client Error: Not Found for url: https://media.ipsapps.org/dyu/ora/p4/js/06-B006-001.html
https://media.ipsapps.org/dyu/ora/p4/,https://media.ipsapps.org/dyu/ora/p4/js/09-B009-001.html,HTTPError: 404 Client Error: Not Found for url: https://media.ipsapps.org/dyu/ora/p4/js/09-B009-001.html
https://media.ipsapps.org/dyu/ora/p4/,https://media.ipsapps.org/dyu/ora/p4/js/08-B008-001.html,HTTPError: 404 Client Error: Not Found for url: https://media.ipsapps.org/dyu/ora/p4/js/08-B008-001.html
https://media.ipsapps.org/dyu/ora/p4/,https://media.ipsapps.org/dyu/ora/p4/js/01-B001-001.html,HTTPError: 404 Client Error: Not Found for url: https://media.ipsapps.org/dyu/ora/p4/js/01-B001-001.html
https://media.ipsapps.org/dyu/ora/p5/,https://media.ipsapps.org/dyu/ora/p5/js/09-B009-001.html,HTTPError: 404 Client Error: Not Found for url: https://media.ipsapps.org/dyu/ora/p5/js/09-B009-001.html
https://media.ipsapps.org/dyu/ora/p5/,https://media.ipsapps.org/dyu/ora/p5/js/03-B003-001.html,HTTPError: 404 Client Error: Not Found for url: https://media.ipsapps.org/dyu/ora/p5/js/03-B003-001.html
https://media.ipsapps.org/dyu/ora/p5/,https://media.ipsapps.org/dyu/ora/p5/js/05-B005-001.html,HTTPError: 404 Client Error: Not Found for url: https://media.ipsapps.org/dyu/ora/p5/js/05-B005-001.html
https://media.ipsapps.org/dyu/ora/p5/,https://media.ipsapps.org/dyu/ora/p5/js/06-B006-001.html,HTTPError: 404 Client Error: Not Found for url: https://media.ipsapps.org/dyu/ora/p5/js/06-B006-001.html
https://media.ipsapps.org/dyu/ora/p5/,https://media.ipsapps.org/dyu/ora/p5/js/07-B007-001.html,HTTPError: 404 Client Error: Not Found for url: https://media.ipsapps.org/dyu/ora/p5/js/07-B007-001.html
https://media.ipsapps.org/dyu/ora/p5/,https://media.ipsapps.org/dyu/ora/p5/js/01-B001-001.html,HTTPError: 404 Client Error: Not Found for url: https://media.ipsapps.org/dyu/ora/p5/js/01-B001-001.html
https://media.ipsapps.org/dyu/ora/p5/,https://media.ipsapps.org/dyu/ora/p5/js/10-B010-001.html,HTTPError: 404 Client Error: Not Found for url: https://media.ipsapps.org/dyu/ora/p5/js/10-B010-001.html
https://media.ipsapps.org/dyu/ora/p5/,https://media.ipsapps.org/dyu/ora/p5/js/04-B004-001.html,HTTPError: 404 Client Error: Not Found for url: https://media.ipsapps.org/dyu/ora/p5/js/04-B004-001.html
https://media.ipsapps.org/dyu/ora/p5/,https://media.ipsapps.org/dyu/ora/p5/js/02-B002-001.html,HTTPError: 404 Client Error: Not Found for url: https://media.ipsapps.org/dyu/ora/p5/js/02-B002-001.html
https://media.ipsapps.org/dyu/ora/p5/,https://media.ipsapps.org/dyu/ora/p5/js/Popcorn.js,HTTPError: 404 Client Error: Not Found for url: https://media.ipsapps.org/dyu/ora/p5/js/Popcorn.js
https://media.ipsapps.org/dyu/ora/p5/,https://media.ipsapps.org/dyu/ora/p5/js/08-B008-001.html,HTTPError: 404 Client Error: Not Found for url: https://media.ipsapps.org/dyu/ora/p5/js/08-B008-001.html
https://media.ipsapps.org/dyu/ora/poeme/,https://media.ipsapps.org/dyu/ora/poeme/js/15-B015-001.html,HTTPError: 404 Client Error: Not Found for url: https://media.ipsapps.org/dyu/ora/poeme/js/15-B015-001.html
https://media.ipsapps.org/dyu/ora/poeme/,https://media.ipsapps.org/dyu/ora/poeme/js/04-B004-001.html,HTTPError: 404 Client Error: Not Found for url: https://media.ipsapps.org/dyu/ora/poeme/js/04-B004-001.html
https://media.ipsapps.org/dyu/ora/poeme/,https://media.ipsapps.org/dyu/ora/poeme/js/11-B011-001.html,HTTPError: 404 Client Error: Not Found for url: https://media.ipsapps.org/dyu/ora/poeme/js/11-B011-001.html
https://media.ipsapps.org/dyu/ora/poeme/,https://media.ipsapps.org/dyu/ora/poeme/sw.js,HTTPError: 404 Client Error: Not Found for url: https://media.ipsapps.org/dyu/ora/poeme/sw.js
https://media.ipsapps.org/dyu/ora/poeme/,https://media.ipsapps.org/dyu/ora/poeme/js/03-B003-001.html,HTTPError: 404 Client Error: Not Found for url: https://media.ipsapps.org/dyu/ora/poeme/js/03-B003-001.html
https://media.ipsapps.org/dyu/ora/poeme/,https://media.ipsapps.org/dyu/ora/poeme/js/02-B002-001.html,HTTPError: 404 Client Error: Not Found for url: https://media.ipsapps.org/dyu/ora/poeme/js/02-B002-001.html
https://media.ipsapps.org/dyu/ora/poeme/,https://media.ipsapps.org/dyu/ora/poeme/js/14-B014-001.html,HTTPError: 404 Client Error: Not Found for url: https://media.ipsapps.org/dyu/ora/poeme/js/14-B014-001.html
https://media.ipsapps.org/dyu/ora/poeme/,https://media.ipsapps.org/dyu/ora/poeme/js/09-B009-001.html,HTTPError: 404 Client Error: Not Found for url: https://media.ipsapps.org/dyu/ora/poeme/js/09-B009-001.html
https://media.ipsapps.org/dyu/ora/poeme/,https://media.ipsapps.org/dyu/ora/poeme/js/12-B012-001.html,HTTPError: 404 Client Error: Not Found for url: https://media.ipsapps.org/dyu/ora/poeme/js/12-B012-001.html
https://media.ipsapps.org/dyu/ora/poeme/,https://media.ipsapps.org/dyu/ora/poeme/js/01-B001-001.html,HTTPError: 404 Client Error: Not Found for url: https://media.ipsapps.org/dyu/ora/poeme/js/01-B001-001.html
https://media.ipsapps.org/dyu/ora/poeme/,https://media.ipsapps.org/dyu/ora/poeme/js/13-B013-001.html,HTTPError: 404 Client Error: Not Found for url: https://media.ipsapps.org/dyu/ora/poeme/js/13-B013-001.html
https://media.ipsapps.org/dyu/ora/poeme/,https://media.ipsapps.org/dyu/ora/poeme/js/18-B018-001.html,HTTPError: 404 Client Error: Not Found for url: https://media.ipsapps.org/dyu/ora/poeme/js/18-B018-001.html
https://media.ipsapps.org/dyu/ora/poeme/,https://media.ipsapps.org/dyu/ora/poeme/js/08-B008-001.html,HTTPError: 404 Client Error: Not Found for url: https://media.ipsapps.org/dyu/ora/poeme/js/08-B008-001.html
https://media.ipsapps.org/dyu/ora/poeme/,https://media.ipsapps.org/dyu/ora/poeme/js/17-B017-001.html,HTTPError: 404 Client Error: Not Found for url: https://media.ipsapps.org/dyu/ora/poeme/js/17-B017-001.html
https://media.ipsapps.org/dyu/ora/poeme/,https://media.ipsapps.org/dyu/ora/poeme/js/10-B010-001.html,HTTPError: 404 Client Error: Not Found for url: https://media.ipsapps.org/dyu/ora/poeme/js/10-B010-001.html
https://media.ipsapps.org/dyu/ora/poeme/,https://media.ipsapps.org/dyu/ora/poeme/js/16-B016-001.html,HTTPError: 404 Client Error: Not Found for url: https://media.ipsapps.org/dyu/ora/poeme/js/16-B016-001.html
https://media.ipsapps.org/dyu/ora/poeme/,https://media.ipsapps.org/dyu/ora/poeme/js/06-B006-001.html,HTTPError: 404 Client Error: Not Found for url: https://media.ipsapps.org/dyu/ora/poeme/js/06-B006-001.html
https://media.ipsapps.org/dyu/ora/poeme/,https://media.ipsapps.org/dyu/ora/poeme/js/07-B007-001.html,HTTPError: 404 Client Error: Not Found for url: https://media.ipsapps.org/dyu/ora/poeme/js/07-B007-001.html
https://media.ipsapps.org/dyu/ora/poeme/,https://media.ipsapps.org/dyu/ora/poeme/js/21-B021-001.html,HTTPError: 404 Client Error: Not Found for url: https://media.ipsapps.org/dyu/ora/poeme/js/21-B021-001.html
https://media.ipsapps.org/dyu/ora/poeme/,https://media.ipsapps.org/dyu/ora/poeme/js/05-B005-001.html,HTTPError: 404 Client Error: Not Found for url: https://media.ipsapps.org/dyu/ora/poeme/js/05-B005-001.html
https://media.ipsapps.org/dyu/ora/poeme/,https://media.ipsapps.org/dyu/ora/poeme/js/19-B019-001.html,HTTPError: 404 Client Error: Not Found for url: https://media.ipsapps.org/dyu/ora/poeme/js/19-B019-001.html
https://media.ipsapps.org/dyu/ora/poeme/,https://media.ipsapps.org/dyu/ora/poeme/js/20-B020-001.html,HTTPError: 404 Client Error: Not Found for url: https://media.ipsapps.org/dyu/ora/poeme/js/20-B020-001.html
https://media.ipsapps.org/dyu/ora/poeme/,https://media.ipsapps.org/dyu/ora/poeme/js/Popcorn.js,HTTPError: 404 Client Error: Not Found for url: https://media.ipsapps.org/dyu/ora/poeme/js/Popcorn.js
https://media.ipsapps.org/fra/ora/bienvenu/,https://media.ipsapps.org/fra/ora/bienvenu/js/32-B040-001.html,HTTPError: 404 Client Error: Not Found for url: https://media.ipsapps.org/fra/ora/bienvenu/js/32-B040-001.html
https://media.ipsapps.org/fra/ora/bienvenu/,https://media.ipsapps.org/fra/ora/bienvenu/js/72-B072-001.html,HTTPError: 404 Client Error: Not Found for url: https://media.ipsapps.org/fra/ora/bienvenu/js/72-B072-001.html
https://media.ipsapps.org/fra/ora/bienvenu/,https://media.ipsapps.org/fra/ora/bienvenu/js/104-B105-001.html,HTTPError: 404 Client Error: Not Found for url: https://media.ipsapps.org/fra/ora/bienvenu/js/104-B105-001.html
https://media.ipsapps.org/fra/ora/bienvenu/,https://media.ipsapps.org/fra/ora/bienvenu/js/30-B039-001.html,HTTPError: 404 Client Error: Not Found for url: https://media.ipsapps.org/fra/ora/bienvenu/js/30-B039-001.html
https://media.ipsapps.org/fra/ora/bienvenu/,https://media.ipsapps.org/fra/ora/bienvenu/js/97-B098-001.html,HTTPError: 404 Client Error: Not Found for url: https://media.ipsapps.org/fra/ora/bienvenu/js/97-B098-001.html
https://media.ipsapps.org/fra/ora/bienvenu/,https://media.ipsapps.org/fra/ora/bienvenu/js/15-B008-001.html,HTTPError: 404 Client Error: Not Found for url: https://media.ipsapps.org/fra/ora/bienvenu/js/15-B008-001.html
https://media.ipsapps.org/fra/ora/bienvenu/,https://media.ipsapps.org/fra/ora/bienvenu/js/13-B007-001.html,HTTPError: 404 Client Error: Not Found for url: https://media.ipsapps.org/fra/ora/bienvenu/js/13-B007-001.html
https://media.ipsapps.org/fra/ora/bienvenu/,https://media.ipsapps.org/fra/ora/bienvenu/js/14-B031-001.html,HTTPError: 404 Client Error: Not Found for url: https://media.ipsapps.org/fra/ora/bienvenu/js/14-B031-001.html
https://media.ipsapps.org/fra/ora/bienvenu/,https://media.ipsapps.org/fra/ora/bienvenu/js/48-B057-001.html,HTTPError: 404 Client Error: Not Found for url: https://media.ipsapps.org/fra/ora/bienvenu/js/48-B057-001.html
https://media.ipsapps.org/fra/ora/bienvenu/,https://media.ipsapps.org/fra/ora/bienvenu/js/43-B022-001.html,HTTPError: 404 Client Error: Not Found for url: https://media.ipsapps.org/fra/ora/bienvenu/js/43-B022-001.html
https://media.ipsapps.org/fra/ora/bienvenu/,https://media.ipsapps.org/fra/ora/bienvenu/js/63-B055-001.html,HTTPError: 404 Client Error: Not Found for url: https://media.ipsapps.org/fra/ora/bienvenu/js/63-B055-001.html
https://media.ipsapps.org/fra/ora/bienvenu/,https://media.ipsapps.org/fra/ora/bienvenu/js/33-B017-001.html,HTTPError: 404 Client Error: Not Found for url: https://media.ipsapps.org/fra/ora/bienvenu/js/33-B017-001.html
https://media.ipsapps.org/fra/ora/bienvenu/,https://media.ipsapps.org/fra/ora/bienvenu/js/64-B065-001.html,HTTPError: 404 Client Error: Not Found for url: https://media.ipsapps.org/fra/ora/bienvenu/js/64-B065-001.html
https://media.ipsapps.org/fra/ora/bienvenu/,https://media.ipsapps.org/fra/ora/bienvenu/js/96-B097-001.html,HTTPError: 404 Client Error: Not Found for url: https://media.ipsapps.org/fra/ora/bienvenu/js/96-B097-001.html
https://media.ipsapps.org/fra/ora/bienvenu/,https://media.ipsapps.org/fra/ora/bienvenu/js/92-B093-001.html,HTTPError: 404 Client Error: Not Found for url: https://media.ipsapps.org/fra/ora/bienvenu/js/92-B093-001.html
https://media.ipsapps.org/fra/ora/bienvenu/,https://media.ipsapps.org/fra/ora/bienvenu/js/88-B089-001.html,HTTPError: 404 Client Error: Not Found for url: https://media.ipsapps.org/fra/ora/bienvenu/js/88-B089-001.html
https://media.ipsapps.org/fra/ora/bienvenu/,https://media.ipsapps.org/fra/ora/bienvenu/js/11-B030-001.html,HTTPError: 404 Client Error: Not Found for url: https://media.ipsapps.org/fra/ora/bienvenu/js/11-B030-001.html
https://media.ipsapps.org/fra/ora/bienvenu/,https://media.ipsapps.org/fra/ora/bienvenu/js/71-B071-001.html,HTTPError: 404 Client Error: Not Found for url: https://media.ipsapps.org/fra/ora/bienvenu/js/71-B071-001.html
https://media.ipsapps.org/fra/ora/bienvenu/,https://media.ipsapps.org/fra/ora/bienvenu/js/42-B045-001.html,HTTPError: 404 Client Error: Not Found for url: https://media.ipsapps.org/fra/ora/bienvenu/js/42-B045-001.html
https://media.ipsapps.org/fra/ora/bienvenu/,https://media.ipsapps.org/fra/ora/bienvenu/js/58-B062-001.html,HTTPError: 404 Client Error: Not Found for url: https://media.ipsapps.org/fra/ora/bienvenu/js/58-B062-001.html
https://media.ipsapps.org/fra/ora/bienvenu/,https://media.ipsapps.org/fra/ora/bienvenu/js/10-B005-001.html,HTTPError: 404 Client Error: Not Found for url: https://media.ipsapps.org/fra/ora/bienvenu/js/10-B005-001.html
https://media.ipsapps.org/fra/ora/bienvenu/,https://media.ipsapps.org/fra/ora/bienvenu/js/91-B092-001.html,HTTPError: 404 Client Error: Not Found for url: https://media.ipsapps.org/fra/ora/bienvenu/js/91-B092-001.html
https://media.ipsapps.org/fra/ora/bienvenu/,https://media.ipsapps.org/fra/ora/bienvenu/js/69-B069-001.html,HTTPError: 404 Client Error: Not Found for url: https://media.ipsapps.org/fra/ora/bienvenu/js/69-B069-001.html
https://media.ipsapps.org/fra/ora/bienvenu/,https://media.ipsapps.org/fra/ora/bienvenu/js/67-B067-001.html,HTTPError: 404 Client Error: Not Found for url: https://media.ipsapps.org/fra/ora/bienvenu/js/67-B067-001.html
https://media.ipsapps.org/fra/ora/bienvenu/,https://media.ipsapps.org/fra/ora/bienvenu/js/95-B096-001.html,HTTPError: 404 Client Error: Not Found for url: https://media.ipsapps.org/fra/ora/bienvenu/js/95-B096-001.html
https://media.ipsapps.org/fra/ora/bienvenu/,https://media.ipsapps.org/fra/ora/bienvenu/js/102-B103-001.html,HTTPError: 404 Client Error: Not Found for url: https://media.ipsapps.org/fra/ora/bienvenu/js/102-B103-001.html
https://media.ipsapps.org/fra/ora/bienvenu/,https://media.ipsapps.org/fra/ora/bienvenu/js/65-B056-001.html,HTTPError: 404 Client Error: Not Found for url: https://media.ipsapps.org/fra/ora/bienvenu/js/65-B056-001.html
https://media.ipsapps.org/fra/ora/bienvenu/,https://media.ipsapps.org/fra/ora/bienvenu/js/17-B009-001.html,HTTPError: 404 Client Error: Not Found for url: https://media.ipsapps.org/fra/ora/bienvenu/js/17-B009-001.html
https://media.ipsapps.org/fra/ora/bienvenu/,https://media.ipsapps.org/fra/ora/bienvenu/js/68-B068-001.html,HTTPError: 404 Client Error: Not Found for url: https://media.ipsapps.org/fra/ora/bienvenu/js/68-B068-001.html
https://media.ipsapps.org/fra/ora/bienvenu/,https://media.ipsapps.org/fra/ora/bienvenu/js/78-B079-001.html,HTTPError: 404 Client Error: Not Found for url: https://media.ipsapps.org/fra/ora/bienvenu/js/78-B079-001.html
https://media.ipsapps.org/fra/ora/bienvenu/,https://media.ipsapps.org/fra/ora/bienvenu/js/08-B028-001.html,HTTPError: 404 Client Error: Not Found for url: https://media.ipsapps.org/fra/ora/bienvenu/js/08-B028-001.html
https://media.ipsapps.org/fra/ora/bienvenu/,https://media.ipsapps.org/fra/ora/bienvenu/js/02-B025-001.html,HTTPError: 404 Client Error: Not Found for url: https://media.ipsapps.org/fra/ora/bienvenu/js/02-B025-001.html
https://media.ipsapps.org/fra/ora/bienvenu/,https://media.ipsapps.org/fra/ora/bienvenu/js/19-B010-001.html,HTTPError: 404 Client Error: Not Found for url: https://media.ipsapps.org/fra/ora/bienvenu/js/19-B010-001.html
https://media.ipsapps.org/fra/ora/bienvenu/,https://media.ipsapps.org/fra/ora/bienvenu/js/46-B047-001.html,HTTPError: 404 Client Error: Not Found for url: https://media.ipsapps.org/fra/ora/bienvenu/js/46-B047-001.html
https://media.ipsapps.org/fra/ora/bienvenu/,https://media.ipsapps.org/fra/ora/bienvenu/js/27-B014-001.html,HTTPError: 404 Client Error: Not Found for url: https://media.ipsapps.org/fra/ora/bienvenu/js/27-B014-001.html
https://media.ipsapps.org/fra/ora/bienvenu/,https://media.ipsapps.org/fra/ora/bienvenu/js/59-B053-001.html,HTTPError: 404 Client Error: Not Found for url: https://media.ipsapps.org/fra/ora/bienvenu/js/59-B053-001.html
https://media.ipsapps.org/fra/ora/bienvenu/,https://media.ipsapps.org/fra/ora/bienvenu/js/57-B052-001.html,HTTPError: 404 Client Error: Not Found for url: https://media.ipsapps.org/fra/ora/bienvenu/js/57-B052-001.html
https://media.ipsapps.org/fra/ora/bienvenu/,https://media.ipsapps.org/fra/ora/bienvenu/js/51-B049-001.html,HTTPError: 404 Client Error: Not Found for url: https://media.ipsapps.org/fra/ora/bienvenu/js/51-B049-001.html
https://media.ipsapps.org/fra/ora/bienvenu/,https://media.ipsapps.org/fra/ora/bienvenu/js/85-B086-001.html,HTTPError: 404 Client Error: Not Found for url: https://media.ipsapps.org/fra/ora/bienvenu/js/85-B086-001.html
https://media.ipsapps.org/fra/ora/bienvenu/,https://media.ipsapps.org/fra/ora/bienvenu/js/66-B066-001.html,HTTPError: 404 Client Error: Not Found for url: https://media.ipsapps.org/fra/ora/bienvenu/js/66-B066-001.html
https://media.ipsapps.org/fra/ora/bienvenu/,https://media.ipsapps.org/fra/ora/bienvenu/js/52-B059-001.html,HTTPError: 404 Client Error: Not Found for url: https://media.ipsapps.org/fra/ora/bienvenu/js/52-B059-001.html
https://media.ipsapps.org/fra/ora/bienvenu/,https://media.ipsapps.org/fra/ora/bienvenu/js/54-B060-001.html,HTTPError: 404 Client Error: Not Found for url: https://media.ipsapps.org/fra/ora/bienvenu/js/54-B060-001.html
https://media.ipsapps.org/fra/ora/bienvenu/,https://media.ipsapps.org/fra/ora/bienvenu/js/41-B021-001.html,HTTPError: 404 Client Error: Not Found for url: https://media.ipsapps.org/fra/ora/bienvenu/js/41-B021-001.html
https://media.ipsapps.org/fra/ora/bienvenu/,https://media.ipsapps.org/fra/ora/bienvenu/js/21-B011-001.html,HTTPError: 404 Client Error: Not Found for url: https://media.ipsapps.org/fra/ora/bienvenu/js/21-B011-001.html
https://media.ipsapps.org/fra/ora/bienvenu/,https://media.ipsapps.org/fra/ora/bienvenu/js/05-B003-001.html,HTTPError: 404 Client Error: Not Found for url: https://media.ipsapps.org/fra/ora/bienvenu/js/05-B003-001.html
https://media.ipsapps.org/fra/ora/bienvenu/,https://media.ipsapps.org/fra/ora/bienvenu/js/77-B078-001.html,HTTPError: 404 Client Error: Not Found for url: https://media.ipsapps.org/fra/ora/bienvenu/js/77-B078-001.html
https://media.ipsapps.org/fra/ora/bienvenu/,https://media.ipsapps.org/fra/ora/bienvenu/js/31-B016-001.html,HTTPError: 404 Client Error: Not Found for url: https://media.ipsapps.org/fra/ora/bienvenu/js/31-B016-001.html
https://media.ipsapps.org/fra/ora/bienvenu/,https://media.ipsapps.org/fra/ora/bienvenu/js/20-B034-001.html,HTTPError: 404 Client Error: Not Found for url: https://media.ipsapps.org/fra/ora/bienvenu/js/20-B034-001.html
https://media.ipsapps.org/fra/ora/bienvenu/,https://media.ipsapps.org/fra/ora/bienvenu/js/01-B001-001.html,HTTPError: 404 Client Error: Not Found for url: https://media.ipsapps.org/fra/ora/bienvenu/js/01-B001-001.html
https://media.ipsapps.org/fra/ora/bienvenu/,https://media.ipsapps.org/fra/ora/bienvenu/js/60-B063-001.html,HTTPError: 404 Client Error: Not Found for url: https://media.ipsapps.org/fra/ora/bienvenu/js/60-B063-001.html
https://media.ipsapps.org/fra/ora/bienvenu/,https://media.ipsapps.org/fra/ora/bienvenu/js/103-B104-001.html,HTTPError: 404 Client Error: Not Found for url: https://media.ipsapps.org/fra/ora/bienvenu/js/103-B104-001.html
https://media.ipsapps.org/fra/ora/bienvenu/,https://media.ipsapps.org/fra/ora/bienvenu/js/49-B048-001.html,HTTPError: 404 Client Error: Not Found for url: https://media.ipsapps.org/fra/ora/bienvenu/js/49-B048-001.html
https://media.ipsapps.org/fra/ora/bienvenu/,https://media.ipsapps.org/fra/ora/bienvenu/js/23-B012-001.html,HTTPError: 404 Client Error: Not Found for url: https://media.ipsapps.org/fra/ora/bienvenu/js/23-B012-001.html
https://media.ipsapps.org/fra/ora/bienvenu/,https://media.ipsapps.org/fra/ora/bienvenu/js/62-B064-001.html,HTTPError: 404 Client Error: Not Found for url: https://media.ipsapps.org/fra/ora/bienvenu/js/62-B064-001.html
https://media.ipsapps.org/fra/ora/bienvenu/,https://media.ipsapps.org/fra/ora/bienvenu/js/07-B004-001.html,HTTPError: 404 Client Error: Not Found for url: https://media.ipsapps.org/fra/ora/bienvenu/js/07-B004-001.html
https://media.ipsapps.org/fra/ora/bienvenu/,https://media.ipsapps.org/fra/ora/bienvenu/js/40-B044-001.html,HTTPError: 404 Client Error: Not Found for url: https://media.ipsapps.org/fra/ora/bienvenu/js/40-B044-001.html
https://media.ipsapps.org/fra/ora/bienvenu/,https://media.ipsapps.org/fra/ora/bienvenu/js/04-B026-001.html,HTTPError: 404 Client Error: Not Found for url: https://media.ipsapps.org/fra/ora/bienvenu/js/04-B026-001.html
https://media.ipsapps.org/fra/ora/bienvenu/,https://media.ipsapps.org/fra/ora/bienvenu/js/55-B051-001.html,HTTPError: 404 Client Error: Not Found for url: https://media.ipsapps.org/fra/ora/bienvenu/js/55-B051-001.html
https://media.ipsapps.org/fra/ora/bienvenu/,https://media.ipsapps.org/fra/ora/bienvenu/js/80-B081-001.html,HTTPError: 404 Client Error: Not Found for url: https://media.ipsapps.org/fra/ora/bienvenu/js/80-B081-001.html
https://media.ipsapps.org/fra/ora/bienvenu/,https://media.ipsapps.org/fra/ora/bienvenu/js/50-B058-001.html,HTTPError: 404 Client Error: Not Found for url: https://media.ipsapps.org/fra/ora/bienvenu/js/50-B058-001.html
https://media.ipsapps.org/fra/ora/bienvenu/,https://media.ipsapps.org/fra/ora/bienvenu/js/87-B088-001.html,HTTPError: 404 Client Error: Not Found for url: https://media.ipsapps.org/fra/ora/bienvenu/js/87-B088-001.html
https://media.ipsapps.org/fra/ora/bienvenu/,https://media.ipsapps.org/fra/ora/bienvenu/js/89-B090-001.html,HTTPError: 404 Client Error: Not Found for url: https://media.ipsapps.org/fra/ora/bienvenu/js/89-B090-001.html
https://media.ipsapps.org/fra/ora/bienvenu/,https://media.ipsapps.org/fra/ora/bienvenu/js/101-B102-001.html,HTTPError: 404 Client Error: Not Found for url: https://media.ipsapps.org/fra/ora/bienvenu/js/101-B102-001.html
https://media.ipsapps.org/fra/ora/bienvenu/,https://media.ipsapps.org/fra/ora/bienvenu/js/47-B024-001.html,HTTPError: 404 Client Error: Not Found for url: https://media.ipsapps.org/fra/ora/bienvenu/js/47-B024-001.html
https://media.ipsapps.org/fra/ora/bienvenu/,https://media.ipsapps.org/fra/ora/bienvenu/js/36-B042-001.html,HTTPError: 404 Client Error: Not Found for url: https://media.ipsapps.org/fra/ora/bienvenu/js/36-B042-001.html
https://media.ipsapps.org/fra/ora/bienvenu/,https://media.ipsapps.org/fra/ora/bienvenu/js/90-B091-001.html,HTTPError: 404 Client Error: Not Found for url: https://media.ipsapps.org/fra/ora/bienvenu/js/90-B091-001.html
https://media.ipsapps.org/fra/ora/bienvenu/,https://media.ipsapps.org/fra/ora/bienvenu/js/70-B070-001.html,HTTPError: 404 Client Error: Not Found for url: https://media.ipsapps.org/fra/ora/bienvenu/js/70-B070-001.html
https://media.ipsapps.org/fra/ora/bienvenu/,https://media.ipsapps.org/fra/ora/bienvenu/js/56-B061-001.html,HTTPError: 404 Client Error: Not Found for url: https://media.ipsapps.org/fra/ora/bienvenu/js/56-B061-001.html
https://media.ipsapps.org/fra/ora/bienvenu/,https://media.ipsapps.org/fra/ora/bienvenu/js/86-B087-001.html,HTTPError: 404 Client Error: Not Found for url: https://media.ipsapps.org/fra/ora/bienvenu/js/86-B087-001.html
https://media.ipsapps.org/fra/ora/bienvenu/,https://media.ipsapps.org/fra/ora/bienvenu/js/76-B077-001.html,HTTPError: 404 Client Error: Not Found for url: https://media.ipsapps.org/fra/ora/bienvenu/js/76-B077-001.html
https://media.ipsapps.org/fra/ora/bienvenu/,https://media.ipsapps.org/fra/ora/bienvenu/js/26-B037-001.html,HTTPError: 404 Client Error: Not Found for url: https://media.ipsapps.org/fra/ora/bienvenu/js/26-B037-001.html
https://media.ipsapps.org/fra/ora/bienvenu/,https://media.ipsapps.org/fra/ora/bienvenu/js/12-B006-001.html,HTTPError: 404 Client Error: Not Found for url: https://media.ipsapps.org/fra/ora/bienvenu/js/12-B006-001.html
https://media.ipsapps.org/fra/ora/bienvenu/,https://media.ipsapps.org/fra/ora/bienvenu/js/105-B106-001.html,HTTPError: 404 Client Error: Not Found for url: https://media.ipsapps.org/fra/ora/bienvenu/js/105-B106-001.html
https://media.ipsapps.org/fra/ora/bienvenu/,https://media.ipsapps.org/fra/ora/bienvenu/js/84-B085-001.html,HTTPError: 404 Client Error: Not Found for url: https://media.ipsapps.org/fra/ora/bienvenu/js/84-B085-001.html
https://media.ipsapps.org/fra/ora/bienvenu/,https://media.ipsapps.org/fra/ora/bienvenu/js/100-B101-001.html,HTTPError: 404 Client Error: Not Found for url: https://media.ipsapps.org/fra/ora/bienvenu/js/100-B101-001.html
https://media.ipsapps.org/fra/ora/bienvenu/,https://media.ipsapps.org/fra/ora/bienvenu/js/35-B018-001.html,HTTPError: 404 Client Error: Not Found for url: https://media.ipsapps.org/fra/ora/bienvenu/js/35-B018-001.html
https://media.ipsapps.org/fra/ora/bienvenu/,https://media.ipsapps.org/fra/ora/bienvenu/js/39-B020-001.html,HTTPError: 404 Client Error: Not Found for url: https://media.ipsapps.org/fra/ora/bienvenu/js/39-B020-001.html
https://media.ipsapps.org/fra/ora/bienvenu/,https://media.ipsapps.org/fra/ora/bienvenu/js/73-B074-001.html,HTTPError: 404 Client Error: Not Found for url: https://media.ipsapps.org/fra/ora/bienvenu/js/73-B074-001.html
https://media.ipsapps.org/fra/ora/bienvenu/,https://media.ipsapps.org/fra/ora/bienvenu/js/25-B013-001.html,HTTPError: 404 Client Error: Not Found for url: https://media.ipsapps.org/fra/ora/bienvenu/js/25-B013-001.html
https://media.ipsapps.org/fra/ora/bienvenu/,https://media.ipsapps.org/fra/ora/bienvenu/js/79-B080-001.html,HTTPError: 404 Client Error: Not Found for url: https://media.ipsapps.org/fra/ora/bienvenu/js/79-B080-001.html
https://media.ipsapps.org/fra/ora/bienvenu/,https://media.ipsapps.org/fra/ora/bienvenu/js/74-B075-001.html,HTTPError: 404 Client Error: Not Found for url: https://media.ipsapps.org/fra/ora/bienvenu/js/74-B075-001.html
https://media.ipsapps.org/fra/ora/bienvenu/,https://media.ipsapps.org/fra/ora/bienvenu/js/75-B076-001.html,HTTPError: 404 Client Error: Not Found for url: https://media.ipsapps.org/fra/ora/bienvenu/js/75-B076-001.html
https://media.ipsapps.org/fra/ora/bienvenu/,https://media.ipsapps.org/fra/ora/bienvenu/js/53-B050-001.html,HTTPError: 404 Client Error: Not Found for url: https://media.ipsapps.org/fra/ora/bienvenu/js/53-B050-001.html
https://media.ipsapps.org/fra/ora/bienvenu/,https://media.ipsapps.org/fra/ora/bienvenu/js/81-B082-001.html,HTTPError: 404 Client Error: Not Found for url: https://media.ipsapps.org/fra/ora/bienvenu/js/81-B082-001.html
https://media.ipsapps.org/fra/ora/bienvenu/,https://media.ipsapps.org/fra/ora/bienvenu/js/06-B027-001.html,HTTPError: 404 Client Error: Not Found for url: https://media.ipsapps.org/fra/ora/bienvenu/js/06-B027-001.html
https://media.ipsapps.org/fra/ora/bienvenu/,https://media.ipsapps.org/fra/ora/bienvenu/js/34-B041-001.html,HTTPError: 404 Client Error: Not Found for url: https://media.ipsapps.org/fra/ora/bienvenu/js/34-B041-001.html
https://media.ipsapps.org/fra/ora/bienvenu/,https://media.ipsapps.org/fra/ora/bienvenu/js/16-B032-001.html,HTTPError: 404 Client Error: Not Found for url: https://media.ipsapps.org/fra/ora/bienvenu/js/16-B032-001.html
https://media.ipsapps.org/fra/ora/bienvenu/,https://media.ipsapps.org/fra/ora/bienvenu/js/94-B095-001.html,HTTPError: 404 Client Error: Not Found for url: https://media.ipsapps.org/fra/ora/bienvenu/js/94-B095-001.html
https://media.ipsapps.org/fra/ora/bienvenu/,https://media.ipsapps.org/fra/ora/bienvenu/js/18-B033-001.html,HTTPError: 404 Client Error: Not Found for url: https://media.ipsapps.org/fra/ora/bienvenu/js/18-B033-001.html
https://media.ipsapps.org/fra/ora/bienvenu/,https://media.ipsapps.org/fra/ora/bienvenu/js/03-B002-001.html,HTTPError: 404 Client Error: Not Found for url: https://media.ipsapps.org/fra/ora/bienvenu/js/03-B002-001.html
https://media.ipsapps.org/fra/ora/bienvenu/,https://media.ipsapps.org/fra/ora/bienvenu/js/83-B084-001.html,HTTPError: 404 Client Error: Not Found for url: https://media.ipsapps.org/fra/ora/bienvenu/js/83-B084-001.html
https://media.ipsapps.org/fra/ora/bienvenu/,https://media.ipsapps.org/fra/ora/bienvenu/js/61-B054-001.html,HTTPError: 404 Client Error: Not Found for url: https://media.ipsapps.org/fra/ora/bienvenu/js/61-B054-001.html
https://media.ipsapps.org/fra/ora/bienvenu/,https://media.ipsapps.org/fra/ora/bienvenu/js/28-B038-001.html,HTTPError: 404 Client Error: Not Found for url: https://media.ipsapps.org/fra/ora/bienvenu/js/28-B038-001.html
https://media.ipsapps.org/fra/ora/bienvenu/,https://media.ipsapps.org/fra/ora/bienvenu/js/99-B100-001.html,HTTPError: 404 Client Error: Not Found for url: https://media.ipsapps.org/fra/ora/bienvenu/js/99-B100-001.html
https://media.ipsapps.org/fra/ora/bienvenu/,https://media.ipsapps.org/fra/ora/bienvenu/js/45-B023-001.html,HTTPError: 404 Client Error: Not Found for url: https://media.ipsapps.org/fra/ora/bienvenu/js/45-B023-001.html
https://media.ipsapps.org/fra/ora/bienvenu/,https://media.ipsapps.org/fra/ora/bienvenu/js/44-B046-001.html,HTTPError: 404 Client Error: Not Found for url: https://media.ipsapps.org/fra/ora/bienvenu/js/44-B046-001.html
https://media.ipsapps.org/fra/ora/bienvenu/,https://media.ipsapps.org/fra/ora/bienvenu/js/98-B099-001.html,HTTPError: 404 Client Error: Not Found for url: https://media.ipsapps.org/fra/ora/bienvenu/js/98-B099-001.html
https://media.ipsapps.org/fra/ora/bienvenu/,https://media.ipsapps.org/fra/ora/bienvenu/js/09-B029-001.html,HTTPError: 404 Client Error: Not Found for url: https://media.ipsapps.org/fra/ora/bienvenu/js/09-B029-001.html
https://media.ipsapps.org/fra/ora/bienvenu/,https://media.ipsapps.org/fra/ora/bienvenu/js/29-B015-001.html,HTTPError: 404 Client Error: Not Found for url: https://media.ipsapps.org/fra/ora/bienvenu/js/29-B015-001.html
https://media.ipsapps.org/fra/ora/bienvenu/,https://media.ipsapps.org/fra/ora/bienvenu/js/38-B043-001.html,HTTPError: 404 Client Error: Not Found for url: https://media.ipsapps.org/fra/ora/bienvenu/js/38-B043-001.html
https://media.ipsapps.org/fra/ora/bienvenu/,https://media.ipsapps.org/fra/ora/bienvenu/js/93-B094-001.html,HTTPError: 404 Client Error: Not Found for url: https://media.ipsapps.org/fra/ora/bienvenu/js/93-B094-001.html
https://media.ipsapps.org/fra/ora/bienvenu/,https://media.ipsapps.org/fra/ora/bienvenu/js/24-B036-001.html,HTTPError: 404 Client Error: Not Found for url: https://media.ipsapps.org/fra/ora/bienvenu/js/24-B036-001.html
https://media.ipsapps.org/fra/ora/bienvenu/,https://media.ipsapps.org/fra/ora/bienvenu/js/Popcorn.js,HTTPError: 404 Client Error: Not Found for url: https://media.ipsapps.org/fra/ora/bienvenu/js/Popcorn.js
https://media.ipsapps.org/fra/ora/bienvenu/,https://media.ipsapps.org/fra/ora/bienvenu/js/22-B035-001.html,HTTPError: 404 Client Error: Not Found for url: https://media.ipsapps.org/fra/ora/bienvenu/js/22-B035-001.html
https://media.ipsapps.org/fra/ora/bienvenu/,https://media.ipsapps.org/fra/fra-audio/ora/01 Welcome Man voice.mp3,HTTPError: 404 Client Error: Not Found for url: https://media.ipsapps.org/fra/fra-audio/ora/01%20Welcome%20Man%20voice.mp3
https://media.ipsapps.org/fra/ora/bienvenu/,https://media.ipsapps.org/fra/ora/bienvenu/js/37-B019-001.html,HTTPError: 404 Client Error: Not Found for url: https://media.ipsapps.org/fra/ora/bienvenu/js/37-B019-001.html
https://media.ipsapps.org/fra/ora/bienvenu/,https://media.ipsapps.org/fra/ora/bienvenu/js/82-B083-001.html,HTTPError: 404 Client Error: Not Found for url: https://media.ipsapps.org/fra/ora/bienvenu/js/82-B083-001.html
https://media.ipsapps.org/fra/ora/bienvenu/,https://media.ipsapps.org/fra/fra-audio/ora/01 Bienvenu francais.mp3,HTTPError: 404 Client Error: Not Found for url: https://media.ipsapps.org/fra/fra-audio/ora/01%20Bienvenu%20francais.mp3
https://media.ipsapps.org/fra/ora/bienvenu/,https://media.ipsapps.org/fra/fra-audio/ora/02 Welcome Woman.mp3,HTTPError: 404 Client Error: Not Found for url: https://media.ipsapps.org/fra/fra-audio/ora/02%20Welcome%20Woman.mp3
https://media.ipsapps.org/fra/ora/bienvenu/,https://media.ipsapps.org/fra/fra-audio/ora/21 Welcome Man voice.mp3,HTTPError: 404 Client Error: Not Found for url: https://media.ipsapps.org/fra/fra-audio/ora/21%20Welcome%20Man%20voice.mp3
https://media.ipsapps.org/fra/ora/bienvenu/,https://media.ipsapps.org/fra/fra-audio/ora/02 Bienvenu francais.mp3,HTTPError: 404 Client Error: Not Found for url: https://media.ipsapps.org/fra/fra-audio/ora/02%20Bienvenu%20francais.mp3
https://media.ipsapps.org/fra/ora/bienvenu/,https://media.ipsapps.org/fra/fra-audio/ora/07 Welcome Man voice.mp3,HTTPError: 404 Client Error: Not Found for url: https://media.ipsapps.org/fra/fra-audio/ora/07%20Welcome%20Man%20voice.mp3
https://media.ipsapps.org/fra/ora/bienvenu/,https://media.ipsapps.org/fra/fra-audio/ora/11 Welcome Man voice.mp3,HTTPError: 404 Client Error: Not Found for url: https://media.ipsapps.org/fra/fra-audio/ora/11%20Welcome%20Man%20voice.mp3
https://media.ipsapps.org/fra/ora/bienvenu/,https://media.ipsapps.org/fra/fra-audio/ora/14 Welcome Woman.mp3,HTTPError: 404 Client Error: Not Found for url: https://media.ipsapps.org/fra/fra-audio/ora/14%20Welcome%20Woman.mp3
https://media.ipsapps.org/fra/ora/bienvenu/,https://media.ipsapps.org/fra/fra-audio/ora/32 Welcome Woman.mp3,HTTPError: 404 Client Error: Not Found for url: https://media.ipsapps.org/fra/fra-audio/ora/32%20Welcome%20Woman.mp3
https://media.ipsapps.org/fra/ora/bienvenu/,https://media.ipsapps.org/fra/fra-audio/ora/05 Bienvenu francais.mp3,HTTPError: 404 Client Error: Not Found for url: https://media.ipsapps.org/fra/fra-audio/ora/05%20Bienvenu%20francais.mp3
https://media.ipsapps.org/fra/ora/bienvenu/,https://media.ipsapps.org/fra/fra-audio/ora/18 Welcome Woman.mp3,HTTPError: 404 Client Error: Not Found for url: https://media.ipsapps.org/fra/fra-audio/ora/18%20Welcome%20Woman.mp3
https://media.ipsapps.org/fra/ora/bienvenu/,https://media.ipsapps.org/fra/fra-audio/ora/23 Welcome Man voice.mp3,HTTPError: 404 Client Error: Not Found for url: https://media.ipsapps.org/fra/fra-audio/ora/23%20Welcome%20Man%20voice.mp3
https://media.ipsapps.org/fra/ora/bienvenu/,https://media.ipsapps.org/fra/fra-audio/ora/17 Bienvenu francais.mp3,HTTPError: 404 Client Error: Not Found for url: https://media.ipsapps.org/fra/fra-audio/ora/17%20Bienvenu%20francais.mp3
https://media.ipsapps.org/fra/ora/bienvenu/,https://media.ipsapps.org/fra/fra-audio/ora/10 Bienvenu francais.mp3,HTTPError: 404 Client Error: Not Found for url: https://media.ipsapps.org/fra/fra-audio/ora/10%20Bienvenu%20francais.mp3
https://media.ipsapps.org/fra/ora/bienvenu/,https://media.ipsapps.org/fra/fra-audio/ora/08 Welcome Woman.mp3,HTTPError: 404 Client Error: Not Found for url: https://media.ipsapps.org/fra/fra-audio/ora/08%20Welcome%20Woman.mp3
https://media.ipsapps.org/fra/ora/bienvenu/,https://media.ipsapps.org/fra/fra-audio/ora/24 Bienvenu francais.mp3,HTTPError: 404 Client Error: Not Found for url: https://media.ipsapps.org/fra/fra-audio/ora/24%20Bienvenu%20francais.mp3
https://media.ipsapps.org/fra/ora/bienvenu/,https://media.ipsapps.org/fra/fra-audio/ora/20 Welcome Woman.mp3,HTTPError: 404 Client Error: Not Found for url: https://media.ipsapps.org/fra/fra-audio/ora/20%20Welcome%20Woman.mp3
https://media.ipsapps.org/fra/ora/bienvenu/,https://media.ipsapps.org/fra/fra-audio/ora/29 Bienvenu francais.mp3,HTTPError: 404 Client Error: Not Found for url: https://media.ipsapps.org/fra/fra-audio/ora/29%20Bienvenu%20francais.mp3
https://media.ipsapps.org/fra/ora/bienvenu/,https://media.ipsapps.org/fra/fra-audio/ora/03 Bienvenu francais.mp3,HTTPError: 404 Client Error: Not Found for url: https://media.ipsapps.org/fra/fra-audio/ora/03%20Bienvenu%20francais.mp3
https://media.ipsapps.org/fra/ora/bienvenu/,https://media.ipsapps.org/fra/fra-audio/ora/12 Welcome Woman.mp3,HTTPError: 404 Client Error: Not Found for url: https://media.ipsapps.org/fra/fra-audio/ora/12%20Welcome%20Woman.mp3
https://media.ipsapps.org/fra/ora/bienvenu/,https://media.ipsapps.org/fra/fra-audio/ora/22 Bienvenu francais.mp3,HTTPError: 404 Client Error: Not Found for url: https://media.ipsapps.org/fra/fra-audio/ora/22%20Bienvenu%20francais.mp3
https://media.ipsapps.org/fra/ora/bienvenu/,https://media.ipsapps.org/fra/fra-audio/ora/13 Bienvenu francais.mp3,HTTPError: 404 Client Error: Not Found for url: https://media.ipsapps.org/fra/fra-audio/ora/13%20Bienvenu%20francais.mp3
https://media.ipsapps.org/fra/ora/bienvenu/,https://media.ipsapps.org/fra/fra-audio/ora/03 Welcome Man voice.mp3,HTTPError: 404 Client Error: Not Found for url: https://media.ipsapps.org/fra/fra-audio/ora/03%20Welcome%20Man%20voice.mp3
https://media.ipsapps.org/fra/ora/bienvenu/,https://media.ipsapps.org/fra/fra-audio/ora/22 Welcome Woman.mp3,HTTPError: 404 Client Error: Not Found for url: https://media.ipsapps.org/fra/fra-audio/ora/22%20Welcome%20Woman.mp3
https://media.ipsapps.org/fra/ora/bienvenu/,https://media.ipsapps.org/fra/fra-audio/ora/06 Welcome Woman.mp3,HTTPError: 404 Client Error: Not Found for url: https://media.ipsapps.org/fra/fra-audio/ora/06%20Welcome%20Woman.mp3
https://media.ipsapps.org/fra/ora/bienvenu/,https://media.ipsapps.org/fra/fra-audio/ora/12 Bienvenu francais.mp3,HTTPError: 404 Client Error: Not Found for url: https://media.ipsapps.org/fra/fra-audio/ora/12%20Bienvenu%20francais.mp3
https://media.ipsapps.org/fra/ora/bienvenu/,https://media.ipsapps.org/fra/fra-audio/ora/21 Bienvenu francais.mp3,HTTPError: 404 Client Error: Not Found for url: https://media.ipsapps.org/fra/fra-audio/ora/21%20Bienvenu%20francais.mp3
https://media.ipsapps.org/fra/ora/bienvenu/,https://media.ipsapps.org/fra/fra-audio/ora/30 Bienvenu francais.mp3,HTTPError: 404 Client Error: Not Found for url: https://media.ipsapps.org/fra/fra-audio/ora/30%20Bienvenu%20francais.mp3
https://media.ipsapps.org/fra/ora/bienvenu/,https://media.ipsapps.org/fra/fra-audio/ora/15 Bienvenu francais.mp3,HTTPError: 404 Client Error: Not Found for url: https://media.ipsapps.org/fra/fra-audio/ora/15%20Bienvenu%20francais.mp3
https://media.ipsapps.org/fra/ora/bienvenu/,https://media.ipsapps.org/fra/fra-audio/ora/31 Bienvenu francais.mp3,HTTPError: 404 Client Error: Not Found for url: https://media.ipsapps.org/fra/fra-audio/ora/31%20Bienvenu%20francais.mp3
https://media.ipsapps.org/fra/ora/bienvenu/,https://media.ipsapps.org/fra/fra-audio/ora/15 Welcome Man voice.mp3,HTTPError: 404 Client Error: Not Found for url: https://media.ipsapps.org/fra/fra-audio/ora/15%20Welcome%20Man%20voice.mp3
https://media.ipsapps.org/fra/ora/bienvenu/,https://media.ipsapps.org/fra/fra-audio/ora/23 Bienvenu francais.mp3,HTTPError: 404 Client Error: Not Found for url: https://media.ipsapps.org/fra/fra-audio/ora/23%20Bienvenu%20francais.mp3
https://media.ipsapps.org/fra/ora/bienvenu/,https://media.ipsapps.org/fra/fra-audio/ora/27 Bienvenu francais.mp3,HTTPError: 404 Client Error: Not Found for url: https://media.ipsapps.org/fra/fra-audio/ora/27%20Bienvenu%20francais.mp3
https://media.ipsapps.org/fra/ora/bienvenu/,https://media.ipsapps.org/fra/fra-audio/ora/17 Welcome Man voice.mp3,HTTPError: 404 Client Error: Not Found for url: https://media.ipsapps.org/fra/fra-audio/ora/17%20Welcome%20Man%20voice.mp3
https://media.ipsapps.org/fra/ora/bienvenu/,https://media.ipsapps.org/fra/fra-audio/ora/07 Bienvenu francais.mp3,HTTPError: 404 Client Error: Not Found for url: https://media.ipsapps.org/fra/fra-audio/ora/07%20Bienvenu%20francais.mp3
https://media.ipsapps.org/fra/ora/bienvenu/,https://media.ipsapps.org/fra/fra-audio/ora/09 Bienvenu francais.mp3,HTTPError: 404 Client Error: Not Found for url: https://media.ipsapps.org/fra/fra-audio/ora/09%20Bienvenu%20francais.mp3
https://media.ipsapps.org/fra/ora/bienvenu/,https://media.ipsapps.org/fra/fra-audio/ora/31 Welcome Man voice.mp3,HTTPError: 404 Client Error: Not Found for url: https://media.ipsapps.org/fra/fra-audio/ora/31%20Welcome%20Man%20voice.mp3
https://media.ipsapps.org/fra/ora/bienvenu/,https://media.ipsapps.org/fra/fra-audio/ora/30 Welcome Woman.mp3,HTTPError: 404 Client Error: Not Found for url: https://media.ipsapps.org/fra/fra-audio/ora/30%20Welcome%20Woman.mp3
https://media.ipsapps.org/fra/ora/bienvenu/,https://media.ipsapps.org/fra/fra-audio/ora/28 Bienvenu francais.mp3,HTTPError: 404 Client Error: Not Found for url: https://media.ipsapps.org/fra/fra-audio/ora/28%20Bienvenu%20francais.mp3
https://media.ipsapps.org/fra/ora/bienvenu/,https://media.ipsapps.org/fra/fra-audio/ora/05 Welcome Man voice.mp3,HTTPError: 404 Client Error: Not Found for url: https://media.ipsapps.org/fra/fra-audio/ora/05%20Welcome%20Man%20voice.mp3
https://media.ipsapps.org/fra/ora/bienvenu/,https://media.ipsapps.org/fra/fra-audio/ora/32 Bienvenu francais.mp3,HTTPError: 404 Client Error: Not Found for url: https://media.ipsapps.org/fra/fra-audio/ora/32%20Bienvenu%20francais.mp3
https://media.ipsapps.org/fra/ora/bienvenu/,https://media.ipsapps.org/fra/fra-audio/ora/28 Welcome Woman.mp3,HTTPError: 404 Client Error: Not Found for url: https://media.ipsapps.org/fra/fra-audio/ora/28%20Welcome%20Woman.mp3
https://media.ipsapps.org/fra/ora/bienvenu/,https://media.ipsapps.org/fra/fra-audio/ora/18 Bienvenu francais.mp3,HTTPError: 404 Client Error: Not Found for url: https://media.ipsapps.org/fra/fra-audio/ora/18%20Bienvenu%20francais.mp3
https://media.ipsapps.org/fra/ora/bienvenu/,https://media.ipsapps.org/fra/fra-audio/ora/26 Welcome Woman.mp3,HTTPError: 404 Client Error: Not Found for url: https://media.ipsapps.org/fra/fra-audio/ora/26%20Welcome%20Woman.mp3
https://media.ipsapps.org/fra/ora/bienvenu/,https://media.ipsapps.org/fra/fra-audio/ora/06 Bienvenu francais.mp3,HTTPError: 404 Client Error: Not Found for url: https://media.ipsapps.org/fra/fra-audio/ora/06%20Bienvenu%20francais.mp3
https://media.ipsapps.org/fra/ora/bienvenu/,https://media.ipsapps.org/fra/fra-audio/ora/14 Bienvenu francais.mp3,HTTPError: 404 Client Error: Not Found for url: https://media.ipsapps.org/fra/fra-audio/ora/14%20Bienvenu%20francais.mp3
https://media.ipsapps.org/fra/ora/bienvenu/,https://media.ipsapps.org/fra/fra-audio/ora/27 Welcome Man voice.mp3,HTTPError: 404 Client Error: Not Found for url: https://media.ipsapps.org/fra/fra-audio/ora/27%20Welcome%20Man%20voice.mp3
https://media.ipsapps.org/fra/ora/bienvenu/,https://media.ipsapps.org/fra/fra-audio/ora/04 Welcome Woman.mp3,HTTPError: 404 Client Error: Not Found for url: https://media.ipsapps.org/fra/fra-audio/ora/04%20Welcome%20Woman.mp3
https://media.ipsapps.org/fra/ora/bienvenu/,https://media.ipsapps.org/fra/fra-audio/ora/08 Bienvenu francais.mp3,HTTPError: 404 Client Error: Not Found for url: https://media.ipsapps.org/fra/fra-audio/ora/08%20Bienvenu%20francais.mp3
https://media.ipsapps.org/fra/ora/bienvenu/,https://media.ipsapps.org/fra/fra-audio/ora/16 Bienvenu francais.mp3,HTTPError: 404 Client Error: Not Found for url: https://media.ipsapps.org/fra/fra-audio/ora/16%20Bienvenu%20francais.mp3
https://media.ipsapps.org/fra/ora/bienvenu/,https://media.ipsapps.org/fra/fra-audio/ora/20 Bienvenu francais.mp3,HTTPError: 404 Client Error: Not Found for url: https://media.ipsapps.org/fra/fra-audio/ora/20%20Bienvenu%20francais.mp3
https://media.ipsapps.org/fra/ora/bienvenu/,https://media.ipsapps.org/fra/fra-audio/ora/04 Bienvenu francais.mp3,HTTPError: 404 Client Error: Not Found for url: https://media.ipsapps.org/fra/fra-audio/ora/04%20Bienvenu%20francais.mp3
https://media.ipsapps.org/fra/ora/bienvenu/,https://media.ipsapps.org/fra/fra-audio/ora/25 Bienvenu francais.mp3,HTTPError: 404 Client Error: Not Found for url: https://media.ipsapps.org/fra/fra-audio/ora/25%20Bienvenu%20francais.mp3
https://media.ipsapps.org/fra/ora/bienvenu/,https://media.ipsapps.org/fra/fra-audio/ora/10 Welcome Woman.mp3,HTTPError: 404 Client Error: Not Found for url: https://media.ipsapps.org/fra/fra-audio/ora/10%20Welcome%20Woman.mp3
https://media.ipsapps.org/fra/ora/bienvenu/,https://media.ipsapps.org/fra/fra-audio/ora/26 Bienvenu francais.mp3,HTTPError: 404 Client Error: Not Found for url: https://media.ipsapps.org/fra/fra-audio/ora/26%20Bienvenu%20francais.mp3
https://media.ipsapps.org/fra/ora/bienvenu/,https://media.ipsapps.org/fra/fra-audio/ora/11 Bienvenu francais.mp3,HTTPError: 404 Client Error: Not Found for url: https://media.ipsapps.org/fra/fra-audio/ora/11%20Bienvenu%20francais.mp3
https://media.ipsapps.org/fra/ora/bienvenu/,https://media.ipsapps.org/fra/fra-audio/ora/13 Welcome Man voice.mp3,HTTPError: 404 Client Error: Not Found for url: https://media.ipsapps.org/fra/fra-audio/ora/13%20Welcome%20Man%20voice.mp3
https://media.ipsapps.org/fra/ora/bienvenu/,https://media.ipsapps.org/fra/fra-audio/ora/09 Welcome Man voice.mp3,HTTPError: 404 Client Error: Not Found for url: https://media.ipsapps.org/fra/fra-audio/ora/09%20Welcome%20Man%20voice.mp3
https://media.ipsapps.org/fra/ora/bienvenu/,https://media.ipsapps.org/fra/fra-audio/ora/16 Welcome Woman.mp3,HTTPError: 404 Client Error: Not Found for url: https://media.ipsapps.org/fra/fra-audio/ora/16%20Welcome%20Woman.mp3
https://media.ipsapps.org/fra/ora/bienvenu/,https://media.ipsapps.org/fra/fra-audio/ora/19 Bienvenu francais.mp3,HTTPError: 404 Client Error: Not Found for url: https://media.ipsapps.org/fra/fra-audio/ora/19%20Bienvenu%20francais.mp3
https://media.ipsapps.org/fra/ora/bienvenu/,https://media.ipsapps.org/fra/fra-audio/ora/33 Welcome Man voice.mp3,HTTPError: 404 Client Error: Not Found for url: https://media.ipsapps.org/fra/fra-audio/ora/33%20Welcome%20Man%20voice.mp3
https://media.ipsapps.org/fra/ora/bienvenu/,https://media.ipsapps.org/fra/fra-audio/ora/25 Welcome Man voice.mp3,HTTPError: 404 Client Error: Not Found for url: https://media.ipsapps.org/fra/fra-audio/ora/25%20Welcome%20Man%20voice.mp3
https://media.ipsapps.org/fra/ora/bienvenu/,https://media.ipsapps.org/fra/fra-audio/ora/19 Welcome Man voice.mp3,HTTPError: 404 Client Error: Not Found for url: https://media.ipsapps.org/fra/fra-audio/ora/19%20Welcome%20Man%20voice.mp3
https://media.ipsapps.org/fra/ora/bienvenu/,https://media.ipsapps.org/fra/fra-audio/ora/29 Welcome Man voice.mp3,HTTPError: 404 Client Error: Not Found for url: https://media.ipsapps.org/fra/fra-audio/ora/29%20Welcome%20Man%20voice.mp3
https://media.ipsapps.org/fra/ora/choisir/,https://media.ipsapps.org/fra/ora/choisir/js/18-B018-001.html,HTTPError: 404 Client Error: Not Found for url: https://media.ipsapps.org/fra/ora/choisir/js/18-B018-001.html
https://media.ipsapps.org/fra/ora/choisir/,https://media.ipsapps.org/fra/ora/choisir/js/02-B002-001.html,HTTPError: 404 Client Error: Not Found for url: https://media.ipsapps.org/fra/ora/choisir/js/02-B002-001.html
https://media.ipsapps.org/fra/ora/choisir/,https://media.ipsapps.org/fra/ora/choisir/js/22-B022-001.html,HTTPError: 404 Client Error: Not Found for url: https://media.ipsapps.org/fra/ora/choisir/js/22-B022-001.html
https://media.ipsapps.org/fra/ora/choisir/,https://media.ipsapps.org/fra/ora/choisir/js/20-B020-001.html,HTTPError: 404 Client Error: Not Found for url: https://media.ipsapps.org/fra/ora/choisir/js/20-B020-001.html
https://media.ipsapps.org/fra/ora/choisir/,https://media.ipsapps.org/fra/ora/choisir/js/16-B016-001.html,HTTPError: 404 Client Error: Not Found for url: https://media.ipsapps.org/fra/ora/choisir/js/16-B016-001.html
https://media.ipsapps.org/fra/ora/choisir/,https://media.ipsapps.org/fra/ora/choisir/js/33-B033-001.html,HTTPError: 404 Client Error: Not Found for url: https://media.ipsapps.org/fra/ora/choisir/js/33-B033-001.html
https://media.ipsapps.org/fra/ora/choisir/,https://media.ipsapps.org/fra/ora/choisir/js/14-B014-001.html,HTTPError: 404 Client Error: Not Found for url: https://media.ipsapps.org/fra/ora/choisir/js/14-B014-001.html
https://media.ipsapps.org/fra/ora/choisir/,https://media.ipsapps.org/fra/ora/choisir/js/17-B017-001.html,HTTPError: 404 Client Error: Not Found for url: https://media.ipsapps.org/fra/ora/choisir/js/17-B017-001.html
https://media.ipsapps.org/fra/ora/choisir/,https://media.ipsapps.org/fra/ora/choisir/js/01-B001-001.html,HTTPError: 404 Client Error: Not Found for url: https://media.ipsapps.org/fra/ora/choisir/js/01-B001-001.html
https://media.ipsapps.org/fra/ora/choisir/,https://media.ipsapps.org/fra/ora/choisir/js/13-B013-001.html,HTTPError: 404 Client Error: Not Found for url: https://media.ipsapps.org/fra/ora/choisir/js/13-B013-001.html
https://media.ipsapps.org/fra/ora/choisir/,https://media.ipsapps.org/fra/ora/choisir/js/08-B008-001.html,HTTPError: 404 Client Error: Not Found for url: https://media.ipsapps.org/fra/ora/choisir/js/08-B008-001.html
https://media.ipsapps.org/fra/ora/choisir/,https://media.ipsapps.org/fra/ora/choisir/js/09-B009-001.html,HTTPError: 404 Client Error: Not Found for url: https://media.ipsapps.org/fra/ora/choisir/js/09-B009-001.html
https://media.ipsapps.org/fra/ora/choisir/,https://media.ipsapps.org/fra/ora/choisir/js/04-B004-001.html,HTTPError: 404 Client Error: Not Found for url: https://media.ipsapps.org/fra/ora/choisir/js/04-B004-001.html
https://media.ipsapps.org/fra/ora/choisir/,https://media.ipsapps.org/fra/ora/choisir/js/28-B028-001.html,HTTPError: 404 Client Error: Not Found for url: https://media.ipsapps.org/fra/ora/choisir/js/28-B028-001.html
https://media.ipsapps.org/fra/ora/choisir/,https://media.ipsapps.org/fra/ora/choisir/js/21-B021-001.html,HTTPError: 404 Client Error: Not Found for url: https://media.ipsapps.org/fra/ora/choisir/js/21-B021-001.html
https://media.ipsapps.org/fra/ora/choisir/,https://media.ipsapps.org/fra/ora/choisir/js/30-B030-001.html,HTTPError: 404 Client Error: Not Found for url: https://media.ipsapps.org/fra/ora/choisir/js/30-B030-001.html
https://media.ipsapps.org/fra/ora/choisir/,https://media.ipsapps.org/fra/ora/choisir/js/25-B025-001.html,HTTPError: 404 Client Error: Not Found for url: https://media.ipsapps.org/fra/ora/choisir/js/25-B025-001.html
https://media.ipsapps.org/fra/ora/choisir/,https://media.ipsapps.org/fra/ora/choisir/js/24-B024-001.html,HTTPError: 404 Client Error: Not Found for url: https://media.ipsapps.org/fra/ora/choisir/js/24-B024-001.html
https://media.ipsapps.org/fra/ora/choisir/,https://media.ipsapps.org/fra/ora/choisir/js/06-B006-001.html,HTTPError: 404 Client Error: Not Found for url: https://media.ipsapps.org/fra/ora/choisir/js/06-B006-001.html
https://media.ipsapps.org/fra/ora/choisir/,https://media.ipsapps.org/fra/ora/choisir/js/15-B015-001.html,HTTPError: 404 Client Error: Not Found for url: https://media.ipsapps.org/fra/ora/choisir/js/15-B015-001.html
https://media.ipsapps.org/fra/ora/choisir/,https://media.ipsapps.org/fra/ora/choisir/js/32-B032-001.html,HTTPError: 404 Client Error: Not Found for url: https://media.ipsapps.org/fra/ora/choisir/js/32-B032-001.html
https://media.ipsapps.org/fra/ora/choisir/,https://media.ipsapps.org/fra/ora/choisir/js/19-B019-001.html,HTTPError: 404 Client Error: Not Found for url: https://media.ipsapps.org/fra/ora/choisir/js/19-B019-001.html
https://media.ipsapps.org/fra/ora/choisir/,https://media.ipsapps.org/fra/ora/choisir/js/03-B003-001.html,HTTPError: 404 Client Error: Not Found for url: https://media.ipsapps.org/fra/ora/choisir/js/03-B003-001.html
https://media.ipsapps.org/fra/ora/choisir/,https://media.ipsapps.org/fra/ora/choisir/js/26-B026-001.html,HTTPError: 404 Client Error: Not Found for url: https://media.ipsapps.org/fra/ora/choisir/js/26-B026-001.html
https://media.ipsapps.org/fra/ora/choisir/,https://media.ipsapps.org/fra/ora/choisir/js/11-B011-001.html,HTTPError: 404 Client Error: Not Found for url: https://media.ipsapps.org/fra/ora/choisir/js/11-B011-001.html
https://media.ipsapps.org/fra/ora/choisir/,https://media.ipsapps.org/fra/ora/choisir/js/27-B027-001.html,HTTPError: 404 Client Error: Not Found for url: https://media.ipsapps.org/fra/ora/choisir/js/27-B027-001.html
https://media.ipsapps.org/fra/ora/choisir/,https://media.ipsapps.org/fra/ora/choisir/js/07-B007-001.html,HTTPError: 404 Client Error: Not Found for url: https://media.ipsapps.org/fra/ora/choisir/js/07-B007-001.html
https://media.ipsapps.org/fra/ora/choisir/,https://media.ipsapps.org/fra/ora/choisir/js/23-B023-001.html,HTTPError: 404 Client Error: Not Found for url: https://media.ipsapps.org/fra/ora/choisir/js/23-B023-001.html
https://media.ipsapps.org/fra/ora/choisir/,https://media.ipsapps.org/fra/ora/choisir/js/31-B031-001.html,HTTPError: 404 Client Error: Not Found for url: https://media.ipsapps.org/fra/ora/choisir/js/31-B031-001.html
https://media.ipsapps.org/fra/ora/choisir/,https://media.ipsapps.org/fra/ora/choisir/js/12-B012-001.html,HTTPError: 404 Client Error: Not Found for url: https://media.ipsapps.org/fra/ora/choisir/js/12-B012-001.html
https://media.ipsapps.org/fra/ora/choisir/,https://media.ipsapps.org/fra/ora/choisir/js/34-B034-001.html,HTTPError: 404 Client Error: Not Found for url: https://media.ipsapps.org/fra/ora/choisir/js/34-B034-001.html
https://media.ipsapps.org/fra/ora/choisir/,https://media.ipsapps.org/fra/ora/choisir/js/29-B029-001.html,HTTPError: 404 Client Error: Not Found for url: https://media.ipsapps.org/fra/ora/choisir/js/29-B029-001.html
https://media.ipsapps.org/fra/ora/choisir/,https://media.ipsapps.org/fra/ora/choisir/js/10-B010-001.html,HTTPError: 404 Client Error: Not Found for url: https://media.ipsapps.org/fra/ora/choisir/js/10-B010-001.html
https://media.ipsapps.org/fra/ora/choisir/,https://media.ipsapps.org/fra/ora/choisir/js/05-B005-001.html,HTTPError: 404 Client Error: Not Found for url: https://media.ipsapps.org/fra/ora/choisir/js/05-B005-001.html
https://media.ipsapps.org/fra/ora/choisir/,https://media.ipsapps.org/fra/ora/choisir/js/Popcorn.js,HTTPError: 404 Client Error: Not Found for url: https://media.ipsapps.org/fra/ora/choisir/js/Popcorn.js
https://media.ipsapps.org/fra/ora/conseils/,https://media.ipsapps.org/fra/ora/conseils/js/32-B032-001.html,HTTPError: 404 Client Error: Not Found for url: https://media.ipsapps.org/fra/ora/conseils/js/32-B032-001.html
https://media.ipsapps.org/fra/ora/conseils/,https://media.ipsapps.org/fra/ora/conseils/js/30-B030-001.html,HTTPError: 404 Client Error: Not Found for url: https://media.ipsapps.org/fra/ora/conseils/js/30-B030-001.html
https://media.ipsapps.org/fra/ora/conseils/,https://media.ipsapps.org/fra/ora/conseils/js/34-B035-001.html,HTTPError: 404 Client Error: Not Found for url: https://media.ipsapps.org/fra/ora/conseils/js/34-B035-001.html
https://media.ipsapps.org/fra/ora/conseils/,https://media.ipsapps.org/fra/ora/conseils/js/Popcorn.js,HTTPError: 404 Client Error: Not Found for url: https://media.ipsapps.org/fra/ora/conseils/js/Popcorn.js
https://media.ipsapps.org/fra/ora/conseils/,https://media.ipsapps.org/fra/ora/conseils/js/03-B003-001.html,HTTPError: 404 Client Error: Not Found for url: https://media.ipsapps.org/fra/ora/conseils/js/03-B003-001.html
https://media.ipsapps.org/fra/ora/conseils/,https://media.ipsapps.org/fra/ora/conseils/js/33-B033-001.html,HTTPError: 404 Client Error: Not Found for url: https://media.ipsapps.org/fra/ora/conseils/js/33-B033-001.html
https://media.ipsapps.org/fra/ora/conseils/,https://media.ipsapps.org/fra/ora/conseils/js/12-B012-001.html,HTTPError: 404 Client Error: Not Found for url: https://media.ipsapps.org/fra/ora/conseils/js/12-B012-001.html
https://media.ipsapps.org/fra/ora/conseils/,https://media.ipsapps.org/fra/ora/conseils/js/05-B005-001.html,HTTPError: 404 Client Error: Not Found for url: https://media.ipsapps.org/fra/ora/conseils/js/05-B005-001.html
https://media.ipsapps.org/fra/ora/conseils/,https://media.ipsapps.org/fra/ora/conseils/js/35-B034-001.html,HTTPError: 404 Client Error: Not Found for url: https://media.ipsapps.org/fra/ora/conseils/js/35-B034-001.html
https://media.ipsapps.org/fra/ora/conseils/,https://media.ipsapps.org/fra/ora/conseils/js/09-B009-001.html,HTTPError: 404 Client Error: Not Found for url: https://media.ipsapps.org/fra/ora/conseils/js/09-B009-001.html
https://media.ipsapps.org/fra/ora/conseils/,https://media.ipsapps.org/fra/ora/conseils/js/24-B024-001.html,HTTPError: 404 Client Error: Not Found for url: https://media.ipsapps.org/fra/ora/conseils/js/24-B024-001.html
https://media.ipsapps.org/fra/ora/conseils/,https://media.ipsapps.org/fra/ora/conseils/js/29-B029-001.html,HTTPError: 404 Client Error: Not Found for url: https://media.ipsapps.org/fra/ora/conseils/js/29-B029-001.html
https://media.ipsapps.org/fra/ora/conseils/,https://media.ipsapps.org/fra/ora/conseils/js/25-B025-001.html,HTTPError: 404 Client Error: Not Found for url: https://media.ipsapps.org/fra/ora/conseils/js/25-B025-001.html
https://media.ipsapps.org/fra/ora/conseils/,https://media.ipsapps.org/fra/ora/conseils/js/18-B018-001.html,HTTPError: 404 Client Error: Not Found for url: https://media.ipsapps.org/fra/ora/conseils/js/18-B018-001.html
https://media.ipsapps.org/fra/ora/conseils/,https://media.ipsapps.org/fra/ora/conseils/js/14-B014-001.html,HTTPError: 404 Client Error: Not Found for url: https://media.ipsapps.org/fra/ora/conseils/js/14-B014-001.html
https://media.ipsapps.org/fra/ora/conseils/,https://media.ipsapps.org/fra/ora/conseils/js/15-B015-001.html,HTTPError: 404 Client Error: Not Found for url: https://media.ipsapps.org/fra/ora/conseils/js/15-B015-001.html
https://media.ipsapps.org/fra/ora/conseils/,https://media.ipsapps.org/fra/ora/conseils/js/02-B002-001.html,HTTPError: 404 Client Error: Not Found for url: https://media.ipsapps.org/fra/ora/conseils/js/02-B002-001.html
https://media.ipsapps.org/fra/ora/conseils/,https://media.ipsapps.org/fra/ora/conseils/js/11-B011-001.html,HTTPError: 404 Client Error: Not Found for url: https://media.ipsapps.org/fra/ora/conseils/js/11-B011-001.html
https://media.ipsapps.org/fra/ora/conseils/,https://media.ipsapps.org/fra/ora/conseils/js/26-B026-001.html,HTTPError: 404 Client Error: Not Found for url: https://media.ipsapps.org/fra/ora/conseils/js/26-B026-001.html
https://media.ipsapps.org/fra/ora/conseils/,https://media.ipsapps.org/fra/ora/conseils/js/10-B010-001.html,HTTPError: 404 Client Error: Not Found for url: https://media.ipsapps.org/fra/ora/conseils/js/10-B010-001.html
https://media.ipsapps.org/fra/ora/conseils/,https://media.ipsapps.org/fra/ora/conseils/js/06-B006-001.html,HTTPError: 404 Client Error: Not Found for url: https://media.ipsapps.org/fra/ora/conseils/js/06-B006-001.html
https://media.ipsapps.org/fra/ora/conseils/,https://media.ipsapps.org/fra/ora/conseils/js/16-B016-001.html,HTTPError: 404 Client Error: Not Found for url: https://media.ipsapps.org/fra/ora/conseils/js/16-B016-001.html
https://media.ipsapps.org/fra/ora/conseils/,https://media.ipsapps.org/fra/ora/conseils/js/22-B022-001.html,HTTPError: 404 Client Error: Not Found for url: https://media.ipsapps.org/fra/ora/conseils/js/22-B022-001.html
https://media.ipsapps.org/fra/ora/conseils/,https://media.ipsapps.org/fra/ora/conseils/js/28-B028-001.html,HTTPError: 404 Client Error: Not Found for url: https://media.ipsapps.org/fra/ora/conseils/js/28-B028-001.html
https://media.ipsapps.org/fra/ora/conseils/,https://media.ipsapps.org/fra/ora/conseils/js/20-B020-001.html,HTTPError: 404 Client Error: Not Found for url: https://media.ipsapps.org/fra/ora/conseils/js/20-B020-001.html
https://media.ipsapps.org/fra/ora/conseils/,https://media.ipsapps.org/fra/ora/conseils/js/21-B021-001.html,HTTPError: 404 Client Error: Not Found for url: https://media.ipsapps.org/fra/ora/conseils/js/21-B021-001.html
https://media.ipsapps.org/fra/ora/conseils/,https://media.ipsapps.org/fra/ora/conseils/js/04-B004-001.html,HTTPError: 404 Client Error: Not Found for url: https://media.ipsapps.org/fra/ora/conseils/js/04-B004-001.html
https://media.ipsapps.org/fra/ora/conseils/,https://media.ipsapps.org/fra/ora/conseils/js/01-B001-001.html,HTTPError: 404 Client Error: Not Found for url: https://media.ipsapps.org/fra/ora/conseils/js/01-B001-001.html
https://media.ipsapps.org/fra/ora/conseils/,https://media.ipsapps.org/fra/ora/conseils/js/31-B031-001.html,HTTPError: 404 Client Error: Not Found for url: https://media.ipsapps.org/fra/ora/conseils/js/31-B031-001.html
https://media.ipsapps.org/fra/ora/conseils/,https://media.ipsapps.org/fra/ora/conseils/js/08-B008-001.html,HTTPError: 404 Client Error: Not Found for url: https://media.ipsapps.org/fra/ora/conseils/js/08-B008-001.html
https://media.ipsapps.org/fra/ora/conseils/,https://media.ipsapps.org/fra/ora/conseils/js/07-B007-001.html,HTTPError: 404 Client Error: Not Found for url: https://media.ipsapps.org/fra/ora/conseils/js/07-B007-001.html
https://media.ipsapps.org/fra/ora/conseils/,https://media.ipsapps.org/fra/ora/conseils/js/19-B019-001.html,HTTPError: 404 Client Error: Not Found for url: https://media.ipsapps.org/fra/ora/conseils/js/19-B019-001.html
https://media.ipsapps.org/fra/ora/conseils/,https://media.ipsapps.org/fra/ora/conseils/js/17-B017-001.html,HTTPError: 404 Client Error: Not Found for url: https://media.ipsapps.org/fra/ora/conseils/js/17-B017-001.html
https://media.ipsapps.org/fra/ora/conseils/,https://media.ipsapps.org/fra/ora/conseils/js/27-B027-001.html,HTTPError: 404 Client Error: Not Found for url: https://media.ipsapps.org/fra/ora/conseils/js/27-B027-001.html
https://media.ipsapps.org/fra/ora/conseils/,https://media.ipsapps.org/fra/ora/conseils/js/13-B013-001.html,HTTPError: 404 Client Error: Not Found for url: https://media.ipsapps.org/fra/ora/conseils/js/13-B013-001.html
https://media.ipsapps.org/fra/ora/conseils/,https://media.ipsapps.org/fra/ora/conseils/js/23-B023-001.html,HTTPError: 404 Client Error: Not Found for url: https://media.ipsapps.org/fra/ora/conseils/js/23-B023-001.html
https://media.ipsapps.org/fra/ora/contes-faso/,https://media.ipsapps.org/fra/ora/contes-faso/js/13-B013-001.html,HTTPError: 404 Client Error: Not Found for url: https://media.ipsapps.org/fra/ora/contes-faso/js/13-B013-001.html
https://media.ipsapps.org/fra/ora/contes-faso/,https://media.ipsapps.org/fra/ora/contes-faso/js/12-B012-001.html,HTTPError: 404 Client Error: Not Found for url: https://media.ipsapps.org/fra/ora/contes-faso/js/12-B012-001.html
https://media.ipsapps.org/fra/ora/contes-faso/,https://media.ipsapps.org/fra/ora/contes-faso/js/10-B010-001.html,HTTPError: 404 Client Error: Not Found for url: https://media.ipsapps.org/fra/ora/contes-faso/js/10-B010-001.html
https://media.ipsapps.org/fra/ora/contes-faso/,https://media.ipsapps.org/fra/ora/contes-faso/js/02-B002-001.html,HTTPError: 404 Client Error: Not Found for url: https://media.ipsapps.org/fra/ora/contes-faso/js/02-B002-001.html
https://media.ipsapps.org/fra/ora/contes-faso/,https://media.ipsapps.org/fra/ora/contes-faso/js/11-B011-001.html,HTTPError: 404 Client Error: Not Found for url: https://media.ipsapps.org/fra/ora/contes-faso/js/11-B011-001.html
https://media.ipsapps.org/fra/ora/contes-faso/,https://media.ipsapps.org/fra/ora/contes-faso/js/06-B006-001.html,HTTPError: 404 Client Error: Not Found for url: https://media.ipsapps.org/fra/ora/contes-faso/js/06-B006-001.html
https://media.ipsapps.org/fra/ora/contes-faso/,https://media.ipsapps.org/fra/ora/contes-faso/js/17-B017-001.html,HTTPError: 404 Client Error: Not Found for url: https://media.ipsapps.org/fra/ora/contes-faso/js/17-B017-001.html
https://media.ipsapps.org/fra/ora/contes-faso/,https://media.ipsapps.org/fra/ora/contes-faso/js/16-B016-001.html,HTTPError: 404 Client Error: Not Found for url: https://media.ipsapps.org/fra/ora/contes-faso/js/16-B016-001.html
https://media.ipsapps.org/fra/ora/contes-faso/,https://media.ipsapps.org/fra/ora/contes-faso/js/22-B022-001.html,HTTPError: 404 Client Error: Not Found for url: https://media.ipsapps.org/fra/ora/contes-faso/js/22-B022-001.html
https://media.ipsapps.org/fra/ora/contes-faso/,https://media.ipsapps.org/fra/ora/contes-faso/js/07-B007-001.html,HTTPError: 404 Client Error: Not Found for url: https://media.ipsapps.org/fra/ora/contes-faso/js/07-B007-001.html
https://media.ipsapps.org/fra/ora/contes-faso/,https://media.ipsapps.org/fra/ora/contes-faso/js/23-B023-001.html,HTTPError: 404 Client Error: Not Found for url: https://media.ipsapps.org/fra/ora/contes-faso/js/23-B023-001.html
https://media.ipsapps.org/fra/ora/contes-faso/,https://media.ipsapps.org/fra/ora/contes-faso/js/15-B015-001.html,HTTPError: 404 Client Error: Not Found for url: https://media.ipsapps.org/fra/ora/contes-faso/js/15-B015-001.html
https://media.ipsapps.org/fra/ora/contes-faso/,https://media.ipsapps.org/fra/ora/contes-faso/js/28-B028-001.html,HTTPError: 404 Client Error: Not Found for url: https://media.ipsapps.org/fra/ora/contes-faso/js/28-B028-001.html
https://media.ipsapps.org/fra/ora/contes-faso/,https://media.ipsapps.org/fra/ora/contes-faso/js/21-B021-001.html,HTTPError: 404 Client Error: Not Found for url: https://media.ipsapps.org/fra/ora/contes-faso/js/21-B021-001.html
https://media.ipsapps.org/fra/ora/contes-faso/,https://media.ipsapps.org/fra/ora/contes-faso/js/05-B005-001.html,HTTPError: 404 Client Error: Not Found for url: https://media.ipsapps.org/fra/ora/contes-faso/js/05-B005-001.html
https://media.ipsapps.org/fra/ora/contes-faso/,https://media.ipsapps.org/fra/ora/contes-faso/js/03-B003-001.html,HTTPError: 404 Client Error: Not Found for url: https://media.ipsapps.org/fra/ora/contes-faso/js/03-B003-001.html
https://media.ipsapps.org/fra/ora/contes-faso/,https://media.ipsapps.org/fra/ora/contes-faso/js/18-B018-001.html,HTTPError: 404 Client Error: Not Found for url: https://media.ipsapps.org/fra/ora/contes-faso/js/18-B018-001.html
https://media.ipsapps.org/fra/ora/contes-faso/,https://media.ipsapps.org/fra/ora/contes-faso/js/08-B008-001.html,HTTPError: 404 Client Error: Not Found for url: https://media.ipsapps.org/fra/ora/contes-faso/js/08-B008-001.html
https://media.ipsapps.org/fra/ora/contes-faso/,https://media.ipsapps.org/fra/ora/contes-faso/js/20-B020-001.html,HTTPError: 404 Client Error: Not Found for url: https://media.ipsapps.org/fra/ora/contes-faso/js/20-B020-001.html
https://media.ipsapps.org/fra/ora/contes-faso/,https://media.ipsapps.org/fra/ora/contes-faso/js/26-B026-001.html,HTTPError: 404 Client Error: Not Found for url: https://media.ipsapps.org/fra/ora/contes-faso/js/26-B026-001.html
https://media.ipsapps.org/fra/ora/contes-faso/,https://media.ipsapps.org/fra/ora/contes-faso/js/19-B019-001.html,HTTPError: 404 Client Error: Not Found for url: https://media.ipsapps.org/fra/ora/contes-faso/js/19-B019-001.html
https://media.ipsapps.org/fra/ora/contes-faso/,https://media.ipsapps.org/fra/ora/contes-faso/js/01-B001-001.html,HTTPError: 404 Client Error: Not Found for url: https://media.ipsapps.org/fra/ora/contes-faso/js/01-B001-001.html
https://media.ipsapps.org/fra/ora/contes-faso/,https://media.ipsapps.org/fra/ora/contes-faso/js/24-B024-001.html,HTTPError: 404 Client Error: Not Found for url: https://media.ipsapps.org/fra/ora/contes-faso/js/24-B024-001.html
https://media.ipsapps.org/fra/ora/contes-faso/,https://media.ipsapps.org/fra/ora/contes-faso/js/09-B009-001.html,HTTPError: 404 Client Error: Not Found for url: https://media.ipsapps.org/fra/ora/contes-faso/js/09-B009-001.html
https://media.ipsapps.org/fra/ora/contes-faso/,https://media.ipsapps.org/fra/ora/contes-faso/js/27-B027-001.html,HTTPError: 404 Client Error: Not Found for url: https://media.ipsapps.org/fra/ora/contes-faso/js/27-B027-001.html
https://media.ipsapps.org/fra/ora/contes-faso/,https://media.ipsapps.org/fra/ora/contes-faso/js/04-B004-001.html,HTTPError: 404 Client Error: Not Found for url: https://media.ipsapps.org/fra/ora/contes-faso/js/04-B004-001.html
https://media.ipsapps.org/fra/ora/contes-faso/,https://media.ipsapps.org/fra/ora/contes-faso/js/25-B025-001.html,HTTPError: 404 Client Error: Not Found for url: https://media.ipsapps.org/fra/ora/contes-faso/js/25-B025-001.html
https://media.ipsapps.org/fra/ora/contes-faso/,https://media.ipsapps.org/fra/ora/contes-faso/js/Popcorn.js,HTTPError: 404 Client Error: Not Found for url: https://media.ipsapps.org/fra/ora/contes-faso/js/Popcorn.js
https://media.ipsapps.org/fra/ora/contes-faso/,https://media.ipsapps.org/fra/ora/contes-faso/js/14-B014-001.html,HTTPError: 404 Client Error: Not Found for url: https://media.ipsapps.org/fra/ora/contes-faso/js/14-B014-001.html
https://media.ipsapps.org/fra/ora/contes/,https://media.ipsapps.org/fra/ora/contes/js/09-B009-001.html,HTTPError: 404 Client Error: Not Found for url: https://media.ipsapps.org/fra/ora/contes/js/09-B009-001.html
https://media.ipsapps.org/fra/ora/contes/,https://media.ipsapps.org/fra/ora/contes/js/01-B001-001.html,HTTPError: 404 Client Error: Not Found for url: https://media.ipsapps.org/fra/ora/contes/js/01-B001-001.html
https://media.ipsapps.org/fra/ora/contes/,https://media.ipsapps.org/fra/ora/contes/js/05-B005-001.html,HTTPError: 404 Client Error: Not Found for url: https://media.ipsapps.org/fra/ora/contes/js/05-B005-001.html
https://media.ipsapps.org/fra/ora/contes/,https://media.ipsapps.org/fra/ora/contes/js/06-B006-001.html,HTTPError: 404 Client Error: Not Found for url: https://media.ipsapps.org/fra/ora/contes/js/06-B006-001.html
https://media.ipsapps.org/fra/ora/contes/,https://media.ipsapps.org/fra/ora/contes/js/04-B004-001.html,HTTPError: 404 Client Error: Not Found for url: https://media.ipsapps.org/fra/ora/contes/js/04-B004-001.html
https://media.ipsapps.org/fra/ora/contes/,https://media.ipsapps.org/fra/ora/contes/js/02-B002-001.html,HTTPError: 404 Client Error: Not Found for url: https://media.ipsapps.org/fra/ora/contes/js/02-B002-001.html
https://media.ipsapps.org/fra/ora/contes/,https://media.ipsapps.org/fra/ora/contes/js/12-B012-001.html,HTTPError: 404 Client Error: Not Found for url: https://media.ipsapps.org/fra/ora/contes/js/12-B012-001.html
https://media.ipsapps.org/fra/ora/contes/,https://media.ipsapps.org/fra/ora/contes/js/16-B016-001.html,HTTPError: 404 Client Error: Not Found for url: https://media.ipsapps.org/fra/ora/contes/js/16-B016-001.html
https://media.ipsapps.org/fra/ora/contes/,https://media.ipsapps.org/fra/ora/contes/js/10-B010-001.html,HTTPError: 404 Client Error: Not Found for url: https://media.ipsapps.org/fra/ora/contes/js/10-B010-001.html
https://media.ipsapps.org/fra/ora/contes/,https://media.ipsapps.org/fra/ora/contes/js/11-B011-001.html,HTTPError: 404 Client Error: Not Found for url: https://media.ipsapps.org/fra/ora/contes/js/11-B011-001.html
https://media.ipsapps.org/fra/ora/contes/,https://media.ipsapps.org/fra/ora/contes/js/17-B017-001.html,HTTPError: 404 Client Error: Not Found for url: https://media.ipsapps.org/fra/ora/contes/js/17-B017-001.html
https://media.ipsapps.org/fra/ora/contes/,https://media.ipsapps.org/fra/ora/contes/js/14-B014-001.html,HTTPError: 404 Client Error: Not Found for url: https://media.ipsapps.org/fra/ora/contes/js/14-B014-001.html
https://media.ipsapps.org/fra/ora/contes/,https://media.ipsapps.org/fra/ora/contes/js/03-B003-001.html,HTTPError: 404 Client Error: Not Found for url: https://media.ipsapps.org/fra/ora/contes/js/03-B003-001.html
https://media.ipsapps.org/fra/ora/contes/,https://media.ipsapps.org/fra/ora/contes/js/18-B018-001.html,HTTPError: 404 Client Error: Not Found for url: https://media.ipsapps.org/fra/ora/contes/js/18-B018-001.html
https://media.ipsapps.org/fra/ora/contes/,https://media.ipsapps.org/fra/ora/contes/js/15-B015-001.html,HTTPError: 404 Client Error: Not Found for url: https://media.ipsapps.org/fra/ora/contes/js/15-B015-001.html
https://media.ipsapps.org/fra/ora/contes/,https://media.ipsapps.org/fra/ora/contes/js/08-B008-001.html,HTTPError: 404 Client Error: Not Found for url: https://media.ipsapps.org/fra/ora/contes/js/08-B008-001.html
https://media.ipsapps.org/fra/ora/contes/,https://media.ipsapps.org/fra/ora/contes/js/13-B013-001.html,HTTPError: 404 Client Error: Not Found for url: https://media.ipsapps.org/fra/ora/contes/js/13-B013-001.html
https://media.ipsapps.org/fra/ora/contes/,https://media.ipsapps.org/fra/ora/contes/js/07-B007-001.html,HTTPError: 404 Client Error: Not Found for url: https://media.ipsapps.org/fra/ora/contes/js/07-B007-001.html
https://media.ipsapps.org/fra/ora/contes/,https://media.ipsapps.org/fra/ora/contes/js/Popcorn.js,HTTPError: 404 Client Error: Not Found for url: https://media.ipsapps.org/fra/ora/contes/js/Popcorn.js
https://media.ipsapps.org/fra/ora/dons/,https://media.ipsapps.org/fra/ora/dons/js/28-B028-001.html,HTTPError: 404 Client Error: Not Found for url: https://media.ipsapps.org/fra/ora/dons/js/28-B028-001.html
https://media.ipsapps.org/fra/ora/dons/,https://media.ipsapps.org/fra/ora/dons/js/22-B022-001.html,HTTPError: 404 Client Error: Not Found for url: https://media.ipsapps.org/fra/ora/dons/js/22-B022-001.html
https://media.ipsapps.org/fra/ora/dons/,https://media.ipsapps.org/fra/ora/dons/js/24-B024-001.html,HTTPError: 404 Client Error: Not Found for url: https://media.ipsapps.org/fra/ora/dons/js/24-B024-001.html
https://media.ipsapps.org/fra/ora/dons/,https://media.ipsapps.org/fra/ora/dons/js/15-B015-001.html,HTTPError: 404 Client Error: Not Found for url: https://media.ipsapps.org/fra/ora/dons/js/15-B015-001.html
https://media.ipsapps.org/fra/ora/dons/,https://media.ipsapps.org/fra/ora/dons/js/11-B011-001.html,HTTPError: 404 Client Error: Not Found for url: https://media.ipsapps.org/fra/ora/dons/js/11-B011-001.html
https://media.ipsapps.org/fra/ora/dons/,https://media.ipsapps.org/fra/ora/dons/js/26-B026-001.html,HTTPError: 404 Client Error: Not Found for url: https://media.ipsapps.org/fra/ora/dons/js/26-B026-001.html
https://media.ipsapps.org/fra/ora/dons/,https://media.ipsapps.org/fra/ora/dons/js/23-B023-001.html,HTTPError: 404 Client Error: Not Found for url: https://media.ipsapps.org/fra/ora/dons/js/23-B023-001.html
https://media.ipsapps.org/fra/ora/dons/,https://media.ipsapps.org/fra/ora/dons/js/08-B008-001.html,HTTPError: 404 Client Error: Not Found for url: https://media.ipsapps.org/fra/ora/dons/js/08-B008-001.html
https://media.ipsapps.org/fra/ora/dons/,https://media.ipsapps.org/fra/ora/dons/js/05-B005-001.html,HTTPError: 404 Client Error: Not Found for url: https://media.ipsapps.org/fra/ora/dons/js/05-B005-001.html
https://media.ipsapps.org/fra/ora/dons/,https://media.ipsapps.org/fra/ora/dons/js/04-B004-001.html,HTTPError: 404 Client Error: Not Found for url: https://media.ipsapps.org/fra/ora/dons/js/04-B004-001.html
https://media.ipsapps.org/fra/ora/dons/,https://media.ipsapps.org/fra/ora/dons/js/02-B002-001.html,HTTPError: 404 Client Error: Not Found for url: https://media.ipsapps.org/fra/ora/dons/js/02-B002-001.html
https://media.ipsapps.org/fra/ora/dons/,https://media.ipsapps.org/fra/ora/dons/js/14-B014-001.html,HTTPError: 404 Client Error: Not Found for url: https://media.ipsapps.org/fra/ora/dons/js/14-B014-001.html
https://media.ipsapps.org/fra/ora/dons/,https://media.ipsapps.org/fra/ora/dons/js/21-B021-001.html,HTTPError: 404 Client Error: Not Found for url: https://media.ipsapps.org/fra/ora/dons/js/21-B021-001.html
https://media.ipsapps.org/fra/ora/dons/,https://media.ipsapps.org/fra/ora/dons/js/18-B018-001.html,HTTPError: 404 Client Error: Not Found for url: https://media.ipsapps.org/fra/ora/dons/js/18-B018-001.html
https://media.ipsapps.org/fra/ora/dons/,https://media.ipsapps.org/fra/ora/dons/js/12-B012-001.html,HTTPError: 404 Client Error: Not Found for url: https://media.ipsapps.org/fra/ora/dons/js/12-B012-001.html
https://media.ipsapps.org/fra/ora/dons/,https://media.ipsapps.org/fra/ora/dons/js/25-B025-001.html,HTTPError: 404 Client Error: Not Found for url: https://media.ipsapps.org/fra/ora/dons/js/25-B025-001.html
https://media.ipsapps.org/fra/ora/dons/,https://media.ipsapps.org/fra/ora/dons/js/13-B013-001.html,HTTPError: 404 Client Error: Not Found for url: https://media.ipsapps.org/fra/ora/dons/js/13-B013-001.html
https://media.ipsapps.org/fra/ora/dons/,https://media.ipsapps.org/fra/ora/dons/js/01-B001-001.html,HTTPError: 404 Client Error: Not Found for url: https://media.ipsapps.org/fra/ora/dons/js/01-B001-001.html
https://media.ipsapps.org/fra/ora/dons/,https://media.ipsapps.org/fra/ora/dons/js/10-B010-001.html,HTTPError: 404 Client Error: Not Found for url: https://media.ipsapps.org/fra/ora/dons/js/10-B010-001.html
https://media.ipsapps.org/fra/ora/dons/,https://media.ipsapps.org/fra/ora/dons/js/07-B007-001.html,HTTPError: 404 Client Error: Not Found for url: https://media.ipsapps.org/fra/ora/dons/js/07-B007-001.html
https://media.ipsapps.org/fra/ora/dons/,https://media.ipsapps.org/fra/ora/dons/js/27-B027-001.html,HTTPError: 404 Client Error: Not Found for url: https://media.ipsapps.org/fra/ora/dons/js/27-B027-001.html
https://media.ipsapps.org/fra/ora/dons/,https://media.ipsapps.org/fra/ora/dons/js/06-B006-001.html,HTTPError: 404 Client Error: Not Found for url: https://media.ipsapps.org/fra/ora/dons/js/06-B006-001.html
https://media.ipsapps.org/fra/ora/dons/,https://media.ipsapps.org/fra/ora/dons/js/09-B009-001.html,HTTPError: 404 Client Error: Not Found for url: https://media.ipsapps.org/fra/ora/dons/js/09-B009-001.html
https://media.ipsapps.org/fra/ora/dons/,https://media.ipsapps.org/fra/ora/dons/js/17-B017-001.html,HTTPError: 404 Client Error: Not Found for url: https://media.ipsapps.org/fra/ora/dons/js/17-B017-001.html
https://media.ipsapps.org/fra/ora/dons/,https://media.ipsapps.org/fra/ora/dons/js/19-B019-001.html,HTTPError: 404 Client Error: Not Found for url: https://media.ipsapps.org/fra/ora/dons/js/19-B019-001.html
https://media.ipsapps.org/fra/ora/dons/,https://media.ipsapps.org/fra/ora/dons/js/Popcorn.js,HTTPError: 404 Client Error: Not Found for url: https://media.ipsapps.org/fra/ora/dons/js/Popcorn.js
https://media.ipsapps.org/fra/ora/dons/,https://media.ipsapps.org/fra/ora/dons/js/03-B003-001.html,HTTPError: 404 Client Error: Not Found for url: https://media.ipsapps.org/fra/ora/dons/js/03-B003-001.html
https://media.ipsapps.org/fra/ora/dons/,https://media.ipsapps.org/fra/ora/dons/js/16-B016-001.html,HTTPError: 404 Client Error: Not Found for url: https://media.ipsapps.org/fra/ora/dons/js/16-B016-001.html
https://media.ipsapps.org/fra/ora/dons/,https://media.ipsapps.org/fra/ora/dons/js/20-B020-001.html,HTTPError: 404 Client Error: Not Found for url: https://media.ipsapps.org/fra/ora/dons/js/20-B020-001.html
https://media.ipsapps.org/fra/ora/ecole1/,https://media.ipsapps.org/fra/ora/ecole1/js/15-B015-001.html,HTTPError: 404 Client Error: Not Found for url: https://media.ipsapps.org/fra/ora/ecole1/js/15-B015-001.html
https://media.ipsapps.org/fra/ora/ecole1/,https://media.ipsapps.org/fra/ora/ecole1/js/Popcorn.js,HTTPError: 404 Client Error: Not Found for url: https://media.ipsapps.org/fra/ora/ecole1/js/Popcorn.js
https://media.ipsapps.org/fra/ora/ecole1/,https://media.ipsapps.org/fra/ora/ecole1/js/26-B026-001.html,HTTPError: 404 Client Error: Not Found for url: https://media.ipsapps.org/fra/ora/ecole1/js/26-B026-001.html
https://media.ipsapps.org/fra/ora/ecole1/,https://media.ipsapps.org/fra/ora/ecole1/js/01-B001-001.html,HTTPError: 404 Client Error: Not Found for url: https://media.ipsapps.org/fra/ora/ecole1/js/01-B001-001.html
https://media.ipsapps.org/fra/ora/ecole1/,https://media.ipsapps.org/fra/ora/ecole1/js/14-B014-001.html,HTTPError: 404 Client Error: Not Found for url: https://media.ipsapps.org/fra/ora/ecole1/js/14-B014-001.html
https://media.ipsapps.org/fra/ora/ecole1/,https://media.ipsapps.org/fra/ora/ecole1/js/17-B017-001.html,HTTPError: 404 Client Error: Not Found for url: https://media.ipsapps.org/fra/ora/ecole1/js/17-B017-001.html
https://media.ipsapps.org/fra/ora/ecole1/,https://media.ipsapps.org/fra/ora/ecole1/js/24-B024-001.html,HTTPError: 404 Client Error: Not Found for url: https://media.ipsapps.org/fra/ora/ecole1/js/24-B024-001.html
https://media.ipsapps.org/fra/ora/ecole1/,https://media.ipsapps.org/fra/ora/ecole1/js/02-B002-001.html,HTTPError: 404 Client Error: Not Found for url: https://media.ipsapps.org/fra/ora/ecole1/js/02-B002-001.html
https://media.ipsapps.org/fra/ora/ecole1/,https://media.ipsapps.org/fra/ora/ecole1/js/05-B005-001.html,HTTPError: 404 Client Error: Not Found for url: https://media.ipsapps.org/fra/ora/ecole1/js/05-B005-001.html
https://media.ipsapps.org/fra/ora/ecole1/,https://media.ipsapps.org/fra/ora/ecole1/js/18-B018-001.html,HTTPError: 404 Client Error: Not Found for url: https://media.ipsapps.org/fra/ora/ecole1/js/18-B018-001.html
https://media.ipsapps.org/fra/ora/ecole1/,https://media.ipsapps.org/fra/ora/ecole1/js/03-B003-001.html,HTTPError: 404 Client Error: Not Found for url: https://media.ipsapps.org/fra/ora/ecole1/js/03-B003-001.html
https://media.ipsapps.org/fra/ora/ecole1/,https://media.ipsapps.org/fra/ora/ecole1/js/09-B009-001.html,HTTPError: 404 Client Error: Not Found for url: https://media.ipsapps.org/fra/ora/ecole1/js/09-B009-001.html
https://media.ipsapps.org/fra/ora/ecole1/,https://media.ipsapps.org/fra/ora/ecole1/js/27-B027-001.html,HTTPError: 404 Client Error: Not Found for url: https://media.ipsapps.org/fra/ora/ecole1/js/27-B027-001.html
https://media.ipsapps.org/fra/ora/ecole1/,https://media.ipsapps.org/fra/ora/ecole1/js/25-B025-001.html,HTTPError: 404 Client Error: Not Found for url: https://media.ipsapps.org/fra/ora/ecole1/js/25-B025-001.html
https://media.ipsapps.org/fra/ora/ecole1/,https://media.ipsapps.org/fra/ora/ecole1/js/10-B010-001.html,HTTPError: 404 Client Error: Not Found for url: https://media.ipsapps.org/fra/ora/ecole1/js/10-B010-001.html
https://media.ipsapps.org/fra/ora/ecole1/,https://media.ipsapps.org/fra/ora/ecole1/js/22-B022-001.html,HTTPError: 404 Client Error: Not Found for url: https://media.ipsapps.org/fra/ora/ecole1/js/22-B022-001.html
https://media.ipsapps.org/fra/ora/ecole1/,https://media.ipsapps.org/fra/ora/ecole1/js/23-B023-001.html,HTTPError: 404 Client Error: Not Found for url: https://media.ipsapps.org/fra/ora/ecole1/js/23-B023-001.html
https://media.ipsapps.org/fra/ora/ecole1/,https://media.ipsapps.org/fra/ora/ecole1/js/13-B013-001.html,HTTPError: 404 Client Error: Not Found for url: https://media.ipsapps.org/fra/ora/ecole1/js/13-B013-001.html
https://media.ipsapps.org/fra/ora/ecole1/,https://media.ipsapps.org/fra/ora/ecole1/js/06-B006-001.html,HTTPError: 404 Client Error: Not Found for url: https://media.ipsapps.org/fra/ora/ecole1/js/06-B006-001.html
https://media.ipsapps.org/fra/ora/ecole1/,https://media.ipsapps.org/fra/ora/ecole1/js/16-B016-001.html,HTTPError: 404 Client Error: Not Found for url: https://media.ipsapps.org/fra/ora/ecole1/js/16-B016-001.html
https://media.ipsapps.org/fra/ora/ecole1/,https://media.ipsapps.org/fra/ora/ecole1/js/12-B012-001.html,HTTPError: 404 Client Error: Not Found for url: https://media.ipsapps.org/fra/ora/ecole1/js/12-B012-001.html
https://media.ipsapps.org/fra/ora/ecole1/,https://media.ipsapps.org/fra/ora/ecole1/js/11-B011-001.html,HTTPError: 404 Client Error: Not Found for url: https://media.ipsapps.org/fra/ora/ecole1/js/11-B011-001.html
https://media.ipsapps.org/fra/ora/ecole1/,https://media.ipsapps.org/fra/ora/ecole1/js/19-B019-001.html,HTTPError: 404 Client Error: Not Found for url: https://media.ipsapps.org/fra/ora/ecole1/js/19-B019-001.html
https://media.ipsapps.org/fra/ora/ecole1/,https://media.ipsapps.org/fra/ora/ecole1/js/21-B021-001.html,HTTPError: 404 Client Error: Not Found for url: https://media.ipsapps.org/fra/ora/ecole1/js/21-B021-001.html
https://media.ipsapps.org/fra/ora/ecole1/,https://media.ipsapps.org/fra/ora/ecole1/js/20-B020-001.html,HTTPError: 404 Client Error: Not Found for url: https://media.ipsapps.org/fra/ora/ecole1/js/20-B020-001.html
https://media.ipsapps.org/fra/ora/ecole1/,https://media.ipsapps.org/fra/ora/ecole1/js/07-B007-001.html,HTTPError: 404 Client Error: Not Found for url: https://media.ipsapps.org/fra/ora/ecole1/js/07-B007-001.html
https://media.ipsapps.org/fra/ora/ecole1/,https://media.ipsapps.org/fra/ora/ecole1/js/04-B004-001.html,HTTPError: 404 Client Error: Not Found for url: https://media.ipsapps.org/fra/ora/ecole1/js/04-B004-001.html
https://media.ipsapps.org/fra/ora/ecole1/,https://media.ipsapps.org/fra/ora/ecole1/js/08-B008-001.html,HTTPError: 404 Client Error: Not Found for url: https://media.ipsapps.org/fra/ora/ecole1/js/08-B008-001.html
https://media.ipsapps.org/fra/ora/ecole2/,https://media.ipsapps.org/fra/ora/ecole2/js/17-B017-001.html,HTTPError: 404 Client Error: Not Found for url: https://media.ipsapps.org/fra/ora/ecole2/js/17-B017-001.html
https://media.ipsapps.org/fra/ora/ecole2/,https://media.ipsapps.org/fra/ora/ecole2/js/26-B026-001.html,HTTPError: 404 Client Error: Not Found for url: https://media.ipsapps.org/fra/ora/ecole2/js/26-B026-001.html
https://media.ipsapps.org/fra/ora/ecole2/,https://media.ipsapps.org/fra/ora/ecole2/js/06-B006-001.html,HTTPError: 404 Client Error: Not Found for url: https://media.ipsapps.org/fra/ora/ecole2/js/06-B006-001.html
https://media.ipsapps.org/fra/ora/ecole2/,https://media.ipsapps.org/fra/ora/ecole2/js/Popcorn.js,HTTPError: 404 Client Error: Not Found for url: https://media.ipsapps.org/fra/ora/ecole2/js/Popcorn.js
https://media.ipsapps.org/fra/ora/ecole2/,https://media.ipsapps.org/fra/ora/ecole2/js/27-B027-001.html,HTTPError: 404 Client Error: Not Found for url: https://media.ipsapps.org/fra/ora/ecole2/js/27-B027-001.html
https://media.ipsapps.org/fra/ora/ecole2/,https://media.ipsapps.org/fra/ora/ecole2/js/08-B008-001.html,HTTPError: 404 Client Error: Not Found for url: https://media.ipsapps.org/fra/ora/ecole2/js/08-B008-001.html
https://media.ipsapps.org/fra/ora/ecole2/,https://media.ipsapps.org/fra/ora/ecole2/js/05-B005-001.html,HTTPError: 404 Client Error: Not Found for url: https://media.ipsapps.org/fra/ora/ecole2/js/05-B005-001.html
https://media.ipsapps.org/fra/ora/ecole2/,https://media.ipsapps.org/fra/ora/ecole2/js/14-B014-001.html,HTTPError: 404 Client Error: Not Found for url: https://media.ipsapps.org/fra/ora/ecole2/js/14-B014-001.html
https://media.ipsapps.org/fra/ora/ecole2/,https://media.ipsapps.org/fra/ora/ecole2/js/16-B016-001.html,HTTPError: 404 Client Error: Not Found for url: https://media.ipsapps.org/fra/ora/ecole2/js/16-B016-001.html
https://media.ipsapps.org/fra/ora/ecole2/,https://media.ipsapps.org/fra/ora/ecole2/js/18-B018-001.html,HTTPError: 404 Client Error: Not Found for url: https://media.ipsapps.org/fra/ora/ecole2/js/18-B018-001.html
https://media.ipsapps.org/fra/ora/ecole2/,https://media.ipsapps.org/fra/ora/ecole2/js/12-B012-001.html,HTTPError: 404 Client Error: Not Found for url: https://media.ipsapps.org/fra/ora/ecole2/js/12-B012-001.html
https://media.ipsapps.org/fra/ora/ecole2/,https://media.ipsapps.org/fra/ora/ecole2/js/04-B004-001.html,HTTPError: 404 Client Error: Not Found for url: https://media.ipsapps.org/fra/ora/ecole2/js/04-B004-001.html
https://media.ipsapps.org/fra/ora/ecole2/,https://media.ipsapps.org/fra/ora/ecole2/js/22-B022-001.html,HTTPError: 404 Client Error: Not Found for url: https://media.ipsapps.org/fra/ora/ecole2/js/22-B022-001.html
https://media.ipsapps.org/fra/ora/ecole2/,https://media.ipsapps.org/fra/ora/ecole2/js/24-B024-001.html,HTTPError: 404 Client Error: Not Found for url: https://media.ipsapps.org/fra/ora/ecole2/js/24-B024-001.html
https://media.ipsapps.org/fra/ora/ecole2/,https://media.ipsapps.org/fra/ora/ecole2/js/19-B019-001.html,HTTPError: 404 Client Error: Not Found for url: https://media.ipsapps.org/fra/ora/ecole2/js/19-B019-001.html
https://media.ipsapps.org/fra/ora/ecole2/,https://media.ipsapps.org/fra/ora/ecole2/js/25-B025-001.html,HTTPError: 404 Client Error: Not Found for url: https://media.ipsapps.org/fra/ora/ecole2/js/25-B025-001.html
https://media.ipsapps.org/fra/ora/ecole2/,https://media.ipsapps.org/fra/ora/ecole2/js/21-B021-001.html,HTTPError: 404 Client Error: Not Found for url: https://media.ipsapps.org/fra/ora/ecole2/js/21-B021-001.html
https://media.ipsapps.org/fra/ora/ecole2/,https://media.ipsapps.org/fra/ora/ecole2/js/03-B003-001.html,HTTPError: 404 Client Error: Not Found for url: https://media.ipsapps.org/fra/ora/ecole2/js/03-B003-001.html
https://media.ipsapps.org/fra/ora/ecole2/,https://media.ipsapps.org/fra/ora/ecole2/js/09-B009-001.html,HTTPError: 404 Client Error: Not Found for url: https://media.ipsapps.org/fra/ora/ecole2/js/09-B009-001.html
https://media.ipsapps.org/fra/ora/ecole2/,https://media.ipsapps.org/fra/ora/ecole2/js/11-B011-001.html,HTTPError: 404 Client Error: Not Found for url: https://media.ipsapps.org/fra/ora/ecole2/js/11-B011-001.html
https://media.ipsapps.org/fra/ora/ecole2/,https://media.ipsapps.org/fra/ora/ecole2/js/01-B001-001.html,HTTPError: 404 Client Error: Not Found for url: https://media.ipsapps.org/fra/ora/ecole2/js/01-B001-001.html
https://media.ipsapps.org/fra/ora/ecole2/,https://media.ipsapps.org/fra/ora/ecole2/js/20-B020-001.html,HTTPError: 404 Client Error: Not Found for url: https://media.ipsapps.org/fra/ora/ecole2/js/20-B020-001.html
https://media.ipsapps.org/fra/ora/ecole2/,https://media.ipsapps.org/fra/ora/ecole2/js/13-B013-001.html,HTTPError: 404 Client Error: Not Found for url: https://media.ipsapps.org/fra/ora/ecole2/js/13-B013-001.html
https://media.ipsapps.org/fra/ora/ecole2/,https://media.ipsapps.org/fra/ora/ecole2/js/02-B002-001.html,HTTPError: 404 Client Error: Not Found for url: https://media.ipsapps.org/fra/ora/ecole2/js/02-B002-001.html
https://media.ipsapps.org/fra/ora/ecole2/,https://media.ipsapps.org/fra/ora/ecole2/js/10-B010-001.html,HTTPError: 404 Client Error: Not Found for url: https://media.ipsapps.org/fra/ora/ecole2/js/10-B010-001.html
https://media.ipsapps.org/fra/ora/ecole2/,https://media.ipsapps.org/fra/ora/ecole2/js/07-B007-001.html,HTTPError: 404 Client Error: Not Found for url: https://media.ipsapps.org/fra/ora/ecole2/js/07-B007-001.html
https://media.ipsapps.org/fra/ora/ecole2/,https://media.ipsapps.org/fra/ora/ecole2/js/23-B023-001.html,HTTPError: 404 Client Error: Not Found for url: https://media.ipsapps.org/fra/ora/ecole2/js/23-B023-001.html
https://media.ipsapps.org/fra/ora/ecole2/,https://media.ipsapps.org/fra/ora/ecole2/js/15-B015-001.html,HTTPError: 404 Client Error: Not Found for url: https://media.ipsapps.org/fra/ora/ecole2/js/15-B015-001.html
https://media.ipsapps.org/fra/ora/ecole3/,https://media.ipsapps.org/fra/ora/ecole3/js/16-B016-001.html,HTTPError: 404 Client Error: Not Found for url: https://media.ipsapps.org/fra/ora/ecole3/js/16-B016-001.html
https://media.ipsapps.org/fra/ora/ecole3/,https://media.ipsapps.org/fra/ora/ecole3/js/07-B007-001.html,HTTPError: 404 Client Error: Not Found for url: https://media.ipsapps.org/fra/ora/ecole3/js/07-B007-001.html
https://media.ipsapps.org/fra/ora/ecole3/,https://media.ipsapps.org/fra/ora/ecole3/js/Popcorn.js,HTTPError: 404 Client Error: Not Found for url: https://media.ipsapps.org/fra/ora/ecole3/js/Popcorn.js
https://media.ipsapps.org/fra/ora/ecole3/,https://media.ipsapps.org/fra/ora/ecole3/js/51-B051-001.html,HTTPError: 404 Client Error: Not Found for url: https://media.ipsapps.org/fra/ora/ecole3/js/51-B051-001.html
https://media.ipsapps.org/fra/ora/ecole3/,https://media.ipsapps.org/fra/ora/ecole3/js/08-B008-001.html,HTTPError: 404 Client Error: Not Found for url: https://media.ipsapps.org/fra/ora/ecole3/js/08-B008-001.html
https://media.ipsapps.org/fra/ora/ecole3/,https://media.ipsapps.org/fra/ora/ecole3/js/06-B006-001.html,HTTPError: 404 Client Error: Not Found for url: https://media.ipsapps.org/fra/ora/ecole3/js/06-B006-001.html
https://media.ipsapps.org/fra/ora/ecole3/,https://media.ipsapps.org/fra/ora/ecole3/js/02-B002-001.html,HTTPError: 404 Client Error: Not Found for url: https://media.ipsapps.org/fra/ora/ecole3/js/02-B002-001.html
https://media.ipsapps.org/fra/ora/ecole3/,https://media.ipsapps.org/fra/ora/ecole3/js/47-B047-001.html,HTTPError: 404 Client Error: Not Found for url: https://media.ipsapps.org/fra/ora/ecole3/js/47-B047-001.html
https://media.ipsapps.org/fra/ora/ecole3/,https://media.ipsapps.org/fra/ora/ecole3/js/53-B053-001.html,HTTPError: 404 Client Error: Not Found for url: https://media.ipsapps.org/fra/ora/ecole3/js/53-B053-001.html
https://media.ipsapps.org/fra/ora/ecole3/,https://media.ipsapps.org/fra/ora/ecole3/js/10-B010-001.html,HTTPError: 404 Client Error: Not Found for url: https://media.ipsapps.org/fra/ora/ecole3/js/10-B010-001.html
https://media.ipsapps.org/fra/ora/ecole3/,https://media.ipsapps.org/fra/ora/ecole3/js/23-B023-001.html,HTTPError: 404 Client Error: Not Found for url: https://media.ipsapps.org/fra/ora/ecole3/js/23-B023-001.html
https://media.ipsapps.org/fra/ora/ecole3/,https://media.ipsapps.org/fra/ora/ecole3/js/29-B029-001.html,HTTPError: 404 Client Error: Not Found for url: https://media.ipsapps.org/fra/ora/ecole3/js/29-B029-001.html
https://media.ipsapps.org/fra/ora/ecole3/,https://media.ipsapps.org/fra/ora/ecole3/js/44-B044-001.html,HTTPError: 404 Client Error: Not Found for url: https://media.ipsapps.org/fra/ora/ecole3/js/44-B044-001.html
https://media.ipsapps.org/fra/ora/ecole3/,https://media.ipsapps.org/fra/ora/ecole3/js/52-B052-001.html,HTTPError: 404 Client Error: Not Found for url: https://media.ipsapps.org/fra/ora/ecole3/js/52-B052-001.html
https://media.ipsapps.org/fra/ora/ecole3/,https://media.ipsapps.org/fra/ora/ecole3/js/18-B018-001.html,HTTPError: 404 Client Error: Not Found for url: https://media.ipsapps.org/fra/ora/ecole3/js/18-B018-001.html
https://media.ipsapps.org/fra/ora/ecole3/,https://media.ipsapps.org/fra/ora/ecole3/js/50-B050-001.html,HTTPError: 404 Client Error: Not Found for url: https://media.ipsapps.org/fra/ora/ecole3/js/50-B050-001.html
https://media.ipsapps.org/fra/ora/ecole3/,https://media.ipsapps.org/fra/ora/ecole3/js/12-B012-001.html,HTTPError: 404 Client Error: Not Found for url: https://media.ipsapps.org/fra/ora/ecole3/js/12-B012-001.html
https://media.ipsapps.org/fra/ora/ecole3/,https://media.ipsapps.org/fra/ora/ecole3/js/33-B033-001.html,HTTPError: 404 Client Error: Not Found for url: https://media.ipsapps.org/fra/ora/ecole3/js/33-B033-001.html
https://media.ipsapps.org/fra/ora/ecole3/,https://media.ipsapps.org/fra/ora/ecole3/js/28-B028-001.html,HTTPError: 404 Client Error: Not Found for url: https://media.ipsapps.org/fra/ora/ecole3/js/28-B028-001.html
https://media.ipsapps.org/fra/ora/ecole3/,https://media.ipsapps.org/fra/ora/ecole3/js/21-B021-001.html,HTTPError: 404 Client Error: Not Found for url: https://media.ipsapps.org/fra/ora/ecole3/js/21-B021-001.html
https://media.ipsapps.org/fra/ora/ecole3/,https://media.ipsapps.org/fra/ora/ecole3/js/34-B034-001.html,HTTPError: 404 Client Error: Not Found for url: https://media.ipsapps.org/fra/ora/ecole3/js/34-B034-001.html
https://media.ipsapps.org/fra/ora/ecole3/,https://media.ipsapps.org/fra/ora/ecole3/js/30-B030-001.html,HTTPError: 404 Client Error: Not Found for url: https://media.ipsapps.org/fra/ora/ecole3/js/30-B030-001.html
https://media.ipsapps.org/fra/ora/ecole3/,https://media.ipsapps.org/fra/ora/ecole3/js/42-B042-001.html,HTTPError: 404 Client Error: Not Found for url: https://media.ipsapps.org/fra/ora/ecole3/js/42-B042-001.html
https://media.ipsapps.org/fra/ora/ecole3/,https://media.ipsapps.org/fra/ora/ecole3/js/05-B005-001.html,HTTPError: 404 Client Error: Not Found for url: https://media.ipsapps.org/fra/ora/ecole3/js/05-B005-001.html
https://media.ipsapps.org/fra/ora/ecole3/,https://media.ipsapps.org/fra/ora/ecole3/js/26-B026-001.html,HTTPError: 404 Client Error: Not Found for url: https://media.ipsapps.org/fra/ora/ecole3/js/26-B026-001.html
https://media.ipsapps.org/fra/ora/ecole3/,https://media.ipsapps.org/fra/ora/ecole3/js/04-B004-001.html,HTTPError: 404 Client Error: Not Found for url: https://media.ipsapps.org/fra/ora/ecole3/js/04-B004-001.html
https://media.ipsapps.org/fra/ora/ecole3/,https://media.ipsapps.org/fra/ora/ecole3/js/15-B015-001.html,HTTPError: 404 Client Error: Not Found for url: https://media.ipsapps.org/fra/ora/ecole3/js/15-B015-001.html
https://media.ipsapps.org/fra/ora/ecole3/,https://media.ipsapps.org/fra/ora/ecole3/js/13-B013-001.html,HTTPError: 404 Client Error: Not Found for url: https://media.ipsapps.org/fra/ora/ecole3/js/13-B013-001.html
https://media.ipsapps.org/fra/ora/ecole3/,https://media.ipsapps.org/fra/ora/ecole3/js/14-B014-001.html,HTTPError: 404 Client Error: Not Found for url: https://media.ipsapps.org/fra/ora/ecole3/js/14-B014-001.html
https://media.ipsapps.org/fra/ora/ecole3/,https://media.ipsapps.org/fra/ora/ecole3/js/49-B049-001.html,HTTPError: 404 Client Error: Not Found for url: https://media.ipsapps.org/fra/ora/ecole3/js/49-B049-001.html
https://media.ipsapps.org/fra/ora/ecole3/,https://media.ipsapps.org/fra/ora/ecole3/js/27-B027-001.html,HTTPError: 404 Client Error: Not Found for url: https://media.ipsapps.org/fra/ora/ecole3/js/27-B027-001.html
https://media.ipsapps.org/fra/ora/ecole3/,https://media.ipsapps.org/fra/ora/ecole3/js/11-B011-001.html,HTTPError: 404 Client Error: Not Found for url: https://media.ipsapps.org/fra/ora/ecole3/js/11-B011-001.html
https://media.ipsapps.org/fra/ora/ecole3/,https://media.ipsapps.org/fra/ora/ecole3/js/48-B048-001.html,HTTPError: 404 Client Error: Not Found for url: https://media.ipsapps.org/fra/ora/ecole3/js/48-B048-001.html
https://media.ipsapps.org/fra/ora/ecole3/,https://media.ipsapps.org/fra/ora/ecole3/js/31-B031-001.html,HTTPError: 404 Client Error: Not Found for url: https://media.ipsapps.org/fra/ora/ecole3/js/31-B031-001.html
https://media.ipsapps.org/fra/ora/ecole3/,https://media.ipsapps.org/fra/ora/ecole3/js/22-B022-001.html,HTTPError: 404 Client Error: Not Found for url: https://media.ipsapps.org/fra/ora/ecole3/js/22-B022-001.html
https://media.ipsapps.org/fra/ora/ecole3/,https://media.ipsapps.org/fra/ora/ecole3/js/35-B035-001.html,HTTPError: 404 Client Error: Not Found for url: https://media.ipsapps.org/fra/ora/ecole3/js/35-B035-001.html
https://media.ipsapps.org/fra/ora/ecole3/,https://media.ipsapps.org/fra/ora/ecole3/js/40-B040-001.html,HTTPError: 404 Client Error: Not Found for url: https://media.ipsapps.org/fra/ora/ecole3/js/40-B040-001.html
https://media.ipsapps.org/fra/ora/ecole3/,https://media.ipsapps.org/fra/ora/ecole3/js/46-B046-001.html,HTTPError: 404 Client Error: Not Found for url: https://media.ipsapps.org/fra/ora/ecole3/js/46-B046-001.html
https://media.ipsapps.org/fra/ora/ecole3/,https://media.ipsapps.org/fra/ora/ecole3/js/20-B020-001.html,HTTPError: 404 Client Error: Not Found for url: https://media.ipsapps.org/fra/ora/ecole3/js/20-B020-001.html
https://media.ipsapps.org/fra/ora/ecole3/,https://media.ipsapps.org/fra/ora/ecole3/js/24-B024-001.html,HTTPError: 404 Client Error: Not Found for url: https://media.ipsapps.org/fra/ora/ecole3/js/24-B024-001.html
https://media.ipsapps.org/fra/ora/ecole3/,https://media.ipsapps.org/fra/ora/ecole3/js/01-B001-001.html,HTTPError: 404 Client Error: Not Found for url: https://media.ipsapps.org/fra/ora/ecole3/js/01-B001-001.html
https://media.ipsapps.org/fra/ora/ecole3/,https://media.ipsapps.org/fra/ora/ecole3/js/45-B045-001.html,HTTPError: 404 Client Error: Not Found for url: https://media.ipsapps.org/fra/ora/ecole3/js/45-B045-001.html
https://media.ipsapps.org/fra/ora/ecole3/,https://media.ipsapps.org/fra/ora/ecole3/js/03-B003-001.html,HTTPError: 404 Client Error: Not Found for url: https://media.ipsapps.org/fra/ora/ecole3/js/03-B003-001.html
https://media.ipsapps.org/fra/ora/ecole3/,https://media.ipsapps.org/fra/ora/ecole3/js/36-B036-001.html,HTTPError: 404 Client Error: Not Found for url: https://media.ipsapps.org/fra/ora/ecole3/js/36-B036-001.html
https://media.ipsapps.org/fra/ora/ecole3/,https://media.ipsapps.org/fra/ora/ecole3/js/09-B009-001.html,HTTPError: 404 Client Error: Not Found for url: https://media.ipsapps.org/fra/ora/ecole3/js/09-B009-001.html
https://media.ipsapps.org/fra/ora/ecole3/,https://media.ipsapps.org/fra/ora/ecole3/js/41-B041-001.html,HTTPError: 404 Client Error: Not Found for url: https://media.ipsapps.org/fra/ora/ecole3/js/41-B041-001.html
https://media.ipsapps.org/fra/ora/ecole3/,https://media.ipsapps.org/fra/ora/ecole3/js/25-B025-001.html,HTTPError: 404 Client Error: Not Found for url: https://media.ipsapps.org/fra/ora/ecole3/js/25-B025-001.html
https://media.ipsapps.org/fra/ora/ecole3/,https://media.ipsapps.org/fra/ora/ecole3/js/38-B038-001.html,HTTPError: 404 Client Error: Not Found for url: https://media.ipsapps.org/fra/ora/ecole3/js/38-B038-001.html
https://media.ipsapps.org/fra/ora/ecole3/,https://media.ipsapps.org/fra/ora/ecole3/js/19-B019-001.html,HTTPError: 404 Client Error: Not Found for url: https://media.ipsapps.org/fra/ora/ecole3/js/19-B019-001.html
https://media.ipsapps.org/fra/ora/ecole3/,https://media.ipsapps.org/fra/ora/ecole3/js/17-B017-001.html,HTTPError: 404 Client Error: Not Found for url: https://media.ipsapps.org/fra/ora/ecole3/js/17-B017-001.html
https://media.ipsapps.org/fra/ora/ecole3/,https://media.ipsapps.org/fra/ora/ecole3/js/37-B037-001.html,HTTPError: 404 Client Error: Not Found for url: https://media.ipsapps.org/fra/ora/ecole3/js/37-B037-001.html
https://media.ipsapps.org/fra/ora/ecole3/,https://media.ipsapps.org/fra/ora/ecole3/js/32-B032-001.html,HTTPError: 404 Client Error: Not Found for url: https://media.ipsapps.org/fra/ora/ecole3/js/32-B032-001.html
https://media.ipsapps.org/fra/ora/ecole3/,https://media.ipsapps.org/fra/ora/ecole3/js/39-B039-001.html,HTTPError: 404 Client Error: Not Found for url: https://media.ipsapps.org/fra/ora/ecole3/js/39-B039-001.html
https://media.ipsapps.org/fra/ora/ecole3/,https://media.ipsapps.org/fra/ora/ecole3/js/43-B043-001.html,HTTPError: 404 Client Error: Not Found for url: https://media.ipsapps.org/fra/ora/ecole3/js/43-B043-001.html
https://media.ipsapps.org/fra/ora/evangile/,https://media.ipsapps.org/fra/ora/evangile/js/20-B020-001.html,HTTPError: 404 Client Error: Not Found for url: https://media.ipsapps.org/fra/ora/evangile/js/20-B020-001.html
https://media.ipsapps.org/fra/ora/evangile/,https://media.ipsapps.org/fra/ora/evangile/js/08-B008-001.html,HTTPError: 404 Client Error: Not Found for url: https://media.ipsapps.org/fra/ora/evangile/js/08-B008-001.html
https://media.ipsapps.org/fra/ora/evangile/,https://media.ipsapps.org/fra/ora/evangile/js/23-B023-001.html,HTTPError: 404 Client Error: Not Found for url: https://media.ipsapps.org/fra/ora/evangile/js/23-B023-001.html
https://media.ipsapps.org/fra/ora/evangile/,https://media.ipsapps.org/fra/ora/evangile/js/05-B005-001.html,HTTPError: 404 Client Error: Not Found for url: https://media.ipsapps.org/fra/ora/evangile/js/05-B005-001.html
https://media.ipsapps.org/fra/ora/evangile/,https://media.ipsapps.org/fra/ora/evangile/js/30-B030-001.html,HTTPError: 404 Client Error: Not Found for url: https://media.ipsapps.org/fra/ora/evangile/js/30-B030-001.html
https://media.ipsapps.org/fra/ora/evangile/,https://media.ipsapps.org/fra/ora/evangile/js/Popcorn.js,HTTPError: 404 Client Error: Not Found for url: https://media.ipsapps.org/fra/ora/evangile/js/Popcorn.js
https://media.ipsapps.org/fra/ora/evangile/,https://media.ipsapps.org/fra/ora/evangile/js/07-B007-001.html,HTTPError: 404 Client Error: Not Found for url: https://media.ipsapps.org/fra/ora/evangile/js/07-B007-001.html
https://media.ipsapps.org/fra/ora/evangile/,https://media.ipsapps.org/fra/ora/evangile/js/12-B012-001.html,HTTPError: 404 Client Error: Not Found for url: https://media.ipsapps.org/fra/ora/evangile/js/12-B012-001.html
https://media.ipsapps.org/fra/ora/evangile/,https://media.ipsapps.org/fra/ora/evangile/js/39-B039-001.html,HTTPError: 404 Client Error: Not Found for url: https://media.ipsapps.org/fra/ora/evangile/js/39-B039-001.html
https://media.ipsapps.org/fra/ora/evangile/,https://media.ipsapps.org/fra/ora/evangile/js/04-B004-001.html,HTTPError: 404 Client Error: Not Found for url: https://media.ipsapps.org/fra/ora/evangile/js/04-B004-001.html
https://media.ipsapps.org/fra/ora/evangile/,https://media.ipsapps.org/fra/ora/evangile/js/02-B002-001.html,HTTPError: 404 Client Error: Not Found for url: https://media.ipsapps.org/fra/ora/evangile/js/02-B002-001.html
https://media.ipsapps.org/fra/ora/evangile/,https://media.ipsapps.org/fra/ora/evangile/js/45-B044-001.html,HTTPError: 404 Client Error: Not Found for url: https://media.ipsapps.org/fra/ora/evangile/js/45-B044-001.html
https://media.ipsapps.org/fra/ora/evangile/,https://media.ipsapps.org/fra/ora/evangile/js/06-B006-001.html,HTTPError: 404 Client Error: Not Found for url: https://media.ipsapps.org/fra/ora/evangile/js/06-B006-001.html
https://media.ipsapps.org/fra/ora/evangile/,https://media.ipsapps.org/fra/ora/evangile/js/40-B040-001.html,HTTPError: 404 Client Error: Not Found for url: https://media.ipsapps.org/fra/ora/evangile/js/40-B040-001.html
https://media.ipsapps.org/fra/ora/evangile/,https://media.ipsapps.org/fra/ora/evangile/js/01-B001-001.html,HTTPError: 404 Client Error: Not Found for url: https://media.ipsapps.org/fra/ora/evangile/js/01-B001-001.html
https://media.ipsapps.org/fra/ora/evangile/,https://media.ipsapps.org/fra/ora/evangile/js/42-B041-001.html,HTTPError: 404 Client Error: Not Found for url: https://media.ipsapps.org/fra/ora/evangile/js/42-B041-001.html
https://media.ipsapps.org/fra/ora/evangile/,https://media.ipsapps.org/fra/ora/evangile/js/47-B046-001.html,HTTPError: 404 Client Error: Not Found for url: https://media.ipsapps.org/fra/ora/evangile/js/47-B046-001.html
https://media.ipsapps.org/fra/ora/evangile/,https://media.ipsapps.org/fra/ora/evangile/js/15-B015-001.html,HTTPError: 404 Client Error: Not Found for url: https://media.ipsapps.org/fra/ora/evangile/js/15-B015-001.html
https://media.ipsapps.org/fra/ora/evangile/,https://media.ipsapps.org/fra/ora/evangile/js/13-B013-001.html,HTTPError: 404 Client Error: Not Found for url: https://media.ipsapps.org/fra/ora/evangile/js/13-B013-001.html
https://media.ipsapps.org/fra/ora/evangile/,https://media.ipsapps.org/fra/ora/evangile/js/19-B019-001.html,HTTPError: 404 Client Error: Not Found for url: https://media.ipsapps.org/fra/ora/evangile/js/19-B019-001.html
https://media.ipsapps.org/fra/ora/evangile/,https://media.ipsapps.org/fra/ora/evangile/js/10-B010-001.html,HTTPError: 404 Client Error: Not Found for url: https://media.ipsapps.org/fra/ora/evangile/js/10-B010-001.html
https://media.ipsapps.org/fra/ora/evangile/,https://media.ipsapps.org/fra/ora/evangile/js/44-B043-001.html,HTTPError: 404 Client Error: Not Found for url: https://media.ipsapps.org/fra/ora/evangile/js/44-B043-001.html
https://media.ipsapps.org/fra/ora/evangile/,https://media.ipsapps.org/fra/ora/evangile/js/43-B042-001.html,HTTPError: 404 Client Error: Not Found for url: https://media.ipsapps.org/fra/ora/evangile/js/43-B042-001.html
https://media.ipsapps.org/fra/ora/evangile/,https://media.ipsapps.org/fra/ora/evangile/js/46-B045-001.html,HTTPError: 404 Client Error: Not Found for url: https://media.ipsapps.org/fra/ora/evangile/js/46-B045-001.html
https://media.ipsapps.org/fra/ora/evangile/,https://media.ipsapps.org/fra/ora/evangile/js/18-B018-001.html,HTTPError: 404 Client Error: Not Found for url: https://media.ipsapps.org/fra/ora/evangile/js/18-B018-001.html
https://media.ipsapps.org/fra/ora/evangile/,https://media.ipsapps.org/fra/ora/evangile/js/17-B017-001.html,HTTPError: 404 Client Error: Not Found for url: https://media.ipsapps.org/fra/ora/evangile/js/17-B017-001.html
https://media.ipsapps.org/fra/ora/evangile/,https://media.ipsapps.org/fra/ora/evangile/js/16-B016-001.html,HTTPError: 404 Client Error: Not Found for url: https://media.ipsapps.org/fra/ora/evangile/js/16-B016-001.html
https://media.ipsapps.org/fra/ora/evangile/,https://media.ipsapps.org/fra/ora/evangile/js/36-B036-001.html,HTTPError: 404 Client Error: Not Found for url: https://media.ipsapps.org/fra/ora/evangile/js/36-B036-001.html
https://media.ipsapps.org/fra/ora/evangile/,https://media.ipsapps.org/fra/ora/evangile/js/22-B022-001.html,HTTPError: 404 Client Error: Not Found for url: https://media.ipsapps.org/fra/ora/evangile/js/22-B022-001.html
https://media.ipsapps.org/fra/ora/evangile/,https://media.ipsapps.org/fra/ora/evangile/js/26-B026-001.html,HTTPError: 404 Client Error: Not Found for url: https://media.ipsapps.org/fra/ora/evangile/js/26-B026-001.html
https://media.ipsapps.org/fra/ora/evangile/,https://media.ipsapps.org/fra/ora/evangile/js/09-B009-001.html,HTTPError: 404 Client Error: Not Found for url: https://media.ipsapps.org/fra/ora/evangile/js/09-B009-001.html
https://media.ipsapps.org/fra/ora/evangile/,https://media.ipsapps.org/fra/ora/evangile/js/14-B014-001.html,HTTPError: 404 Client Error: Not Found for url: https://media.ipsapps.org/fra/ora/evangile/js/14-B014-001.html
https://media.ipsapps.org/fra/ora/evangile/,https://media.ipsapps.org/fra/ora/evangile/js/31-B031-001.html,HTTPError: 404 Client Error: Not Found for url: https://media.ipsapps.org/fra/ora/evangile/js/31-B031-001.html
https://media.ipsapps.org/fra/ora/evangile/,https://media.ipsapps.org/fra/ora/evangile/js/11-B011-001.html,HTTPError: 404 Client Error: Not Found for url: https://media.ipsapps.org/fra/ora/evangile/js/11-B011-001.html
https://media.ipsapps.org/fra/ora/evangile/,https://media.ipsapps.org/fra/ora/evangile/js/34-B034-001.html,HTTPError: 404 Client Error: Not Found for url: https://media.ipsapps.org/fra/ora/evangile/js/34-B034-001.html
https://media.ipsapps.org/fra/ora/evangile/,https://media.ipsapps.org/fra/ora/evangile/js/41-B047-001.html,HTTPError: 404 Client Error: Not Found for url: https://media.ipsapps.org/fra/ora/evangile/js/41-B047-001.html
https://media.ipsapps.org/fra/ora/evangile/,https://media.ipsapps.org/fra/ora/evangile/js/03-B003-001.html,HTTPError: 404 Client Error: Not Found for url: https://media.ipsapps.org/fra/ora/evangile/js/03-B003-001.html
https://media.ipsapps.org/fra/ora/evangile/,https://media.ipsapps.org/fra/ora/evangile/js/35-B035-001.html,HTTPError: 404 Client Error: Not Found for url: https://media.ipsapps.org/fra/ora/evangile/js/35-B035-001.html
https://media.ipsapps.org/fra/ora/evangile/,https://media.ipsapps.org/fra/ora/evangile/js/21-B021-001.html,HTTPError: 404 Client Error: Not Found for url: https://media.ipsapps.org/fra/ora/evangile/js/21-B021-001.html
https://media.ipsapps.org/fra/ora/evangile/,https://media.ipsapps.org/fra/ora/evangile/js/24-B024-001.html,HTTPError: 404 Client Error: Not Found for url: https://media.ipsapps.org/fra/ora/evangile/js/24-B024-001.html
https://media.ipsapps.org/fra/ora/evangile/,https://media.ipsapps.org/fra/ora/evangile/js/29-B029-001.html,HTTPError: 404 Client Error: Not Found for url: https://media.ipsapps.org/fra/ora/evangile/js/29-B029-001.html
https://media.ipsapps.org/fra/ora/evangile/,https://media.ipsapps.org/fra/ora/evangile/js/32-B032-001.html,HTTPError: 404 Client Error: Not Found for url: https://media.ipsapps.org/fra/ora/evangile/js/32-B032-001.html
https://media.ipsapps.org/fra/ora/evangile/,https://media.ipsapps.org/fra/ora/evangile/js/27-B027-001.html,HTTPError: 404 Client Error: Not Found for url: https://media.ipsapps.org/fra/ora/evangile/js/27-B027-001.html
https://media.ipsapps.org/fra/ora/evangile/,https://media.ipsapps.org/fra/ora/evangile/js/38-B038-001.html,HTTPError: 404 Client Error: Not Found for url: https://media.ipsapps.org/fra/ora/evangile/js/38-B038-001.html
https://media.ipsapps.org/fra/ora/evangile/,https://media.ipsapps.org/fra/ora/evangile/js/37-B037-001.html,HTTPError: 404 Client Error: Not Found for url: https://media.ipsapps.org/fra/ora/evangile/js/37-B037-001.html
https://media.ipsapps.org/fra/ora/evangile/,https://media.ipsapps.org/fra/ora/evangile/js/33-B033-001.html,HTTPError: 404 Client Error: Not Found for url: https://media.ipsapps.org/fra/ora/evangile/js/33-B033-001.html
https://media.ipsapps.org/fra/ora/evangile/,https://media.ipsapps.org/fra/ora/evangile/js/25-B025-001.html,HTTPError: 404 Client Error: Not Found for url: https://media.ipsapps.org/fra/ora/evangile/js/25-B025-001.html
https://media.ipsapps.org/fra/ora/evangile/,https://media.ipsapps.org/fra/ora/evangile/js/28-B028-001.html,HTTPError: 404 Client Error: Not Found for url: https://media.ipsapps.org/fra/ora/evangile/js/28-B028-001.html
https://media.ipsapps.org/fra/ora/excision/,https://media.ipsapps.org/fra/ora/excision/js/17-B017-001.html,HTTPError: 404 Client Error: Not Found for url: https://media.ipsapps.org/fra/ora/excision/js/17-B017-001.html
https://media.ipsapps.org/fra/ora/excision/,https://media.ipsapps.org/fra/ora/excision/js/24-B024-001.html,HTTPError: 404 Client Error: Not Found for url: https://media.ipsapps.org/fra/ora/excision/js/24-B024-001.html
https://media.ipsapps.org/fra/ora/excision/,https://media.ipsapps.org/fra/ora/excision/js/14-B014-001.html,HTTPError: 404 Client Error: Not Found for url: https://media.ipsapps.org/fra/ora/excision/js/14-B014-001.html
https://media.ipsapps.org/fra/ora/excision/,https://media.ipsapps.org/fra/ora/excision/js/12-B012-001.html,HTTPError: 404 Client Error: Not Found for url: https://media.ipsapps.org/fra/ora/excision/js/12-B012-001.html
https://media.ipsapps.org/fra/ora/excision/,https://media.ipsapps.org/fra/ora/excision/js/22-B022-001.html,HTTPError: 404 Client Error: Not Found for url: https://media.ipsapps.org/fra/ora/excision/js/22-B022-001.html
https://media.ipsapps.org/fra/ora/excision/,https://media.ipsapps.org/fra/ora/excision/js/19-B019-001.html,HTTPError: 404 Client Error: Not Found for url: https://media.ipsapps.org/fra/ora/excision/js/19-B019-001.html
https://media.ipsapps.org/fra/ora/excision/,https://media.ipsapps.org/fra/ora/excision/js/03-B003-001.html,HTTPError: 404 Client Error: Not Found for url: https://media.ipsapps.org/fra/ora/excision/js/03-B003-001.html
https://media.ipsapps.org/fra/ora/excision/,https://media.ipsapps.org/fra/ora/excision/js/13-B013-001.html,HTTPError: 404 Client Error: Not Found for url: https://media.ipsapps.org/fra/ora/excision/js/13-B013-001.html
https://media.ipsapps.org/fra/ora/excision/,https://media.ipsapps.org/fra/ora/excision/js/28-B028-001.html,HTTPError: 404 Client Error: Not Found for url: https://media.ipsapps.org/fra/ora/excision/js/28-B028-001.html
https://media.ipsapps.org/fra/ora/excision/,https://media.ipsapps.org/fra/ora/excision/js/09-B009-001.html,HTTPError: 404 Client Error: Not Found for url: https://media.ipsapps.org/fra/ora/excision/js/09-B009-001.html
https://media.ipsapps.org/fra/ora/excision/,https://media.ipsapps.org/fra/ora/excision/js/15-B015-001.html,HTTPError: 404 Client Error: Not Found for url: https://media.ipsapps.org/fra/ora/excision/js/15-B015-001.html
https://media.ipsapps.org/fra/ora/excision/,https://media.ipsapps.org/fra/ora/excision/js/18-B018-001.html,HTTPError: 404 Client Error: Not Found for url: https://media.ipsapps.org/fra/ora/excision/js/18-B018-001.html
https://media.ipsapps.org/fra/ora/excision/,https://media.ipsapps.org/fra/ora/excision/js/21-B021-001.html,HTTPError: 404 Client Error: Not Found for url: https://media.ipsapps.org/fra/ora/excision/js/21-B021-001.html
https://media.ipsapps.org/fra/ora/excision/,https://media.ipsapps.org/fra/ora/excision/js/05-B005-001.html,HTTPError: 404 Client Error: Not Found for url: https://media.ipsapps.org/fra/ora/excision/js/05-B005-001.html
https://media.ipsapps.org/fra/ora/excision/,https://media.ipsapps.org/fra/ora/excision/js/20-B020-001.html,HTTPError: 404 Client Error: Not Found for url: https://media.ipsapps.org/fra/ora/excision/js/20-B020-001.html
https://media.ipsapps.org/fra/ora/excision/,https://media.ipsapps.org/fra/ora/excision/js/25-B025-001.html,HTTPError: 404 Client Error: Not Found for url: https://media.ipsapps.org/fra/ora/excision/js/25-B025-001.html
https://media.ipsapps.org/fra/ora/excision/,https://media.ipsapps.org/fra/ora/excision/js/02-B002-001.html,HTTPError: 404 Client Error: Not Found for url: https://media.ipsapps.org/fra/ora/excision/js/02-B002-001.html
https://media.ipsapps.org/fra/ora/excision/,https://media.ipsapps.org/fra/ora/excision/js/31-B031-001.html,HTTPError: 404 Client Error: Not Found for url: https://media.ipsapps.org/fra/ora/excision/js/31-B031-001.html
https://media.ipsapps.org/fra/ora/excision/,https://media.ipsapps.org/fra/ora/excision/js/07-B007-001.html,HTTPError: 404 Client Error: Not Found for url: https://media.ipsapps.org/fra/ora/excision/js/07-B007-001.html
https://media.ipsapps.org/fra/ora/excision/,https://media.ipsapps.org/fra/ora/excision/js/16-B016-001.html,HTTPError: 404 Client Error: Not Found for url: https://media.ipsapps.org/fra/ora/excision/js/16-B016-001.html
https://media.ipsapps.org/fra/ora/excision/,https://media.ipsapps.org/fra/ora/excision/js/26-B026-001.html,HTTPError: 404 Client Error: Not Found for url: https://media.ipsapps.org/fra/ora/excision/js/26-B026-001.html
https://media.ipsapps.org/fra/ora/excision/,https://media.ipsapps.org/fra/ora/excision/js/04-B004-001.html,HTTPError: 404 Client Error: Not Found for url: https://media.ipsapps.org/fra/ora/excision/js/04-B004-001.html
https://media.ipsapps.org/fra/ora/excision/,https://media.ipsapps.org/fra/ora/excision/js/10-B010-001.html,HTTPError: 404 Client Error: Not Found for url: https://media.ipsapps.org/fra/ora/excision/js/10-B010-001.html
https://media.ipsapps.org/fra/ora/excision/,https://media.ipsapps.org/fra/ora/excision/js/08-B008-001.html,HTTPError: 404 Client Error: Not Found for url: https://media.ipsapps.org/fra/ora/excision/js/08-B008-001.html
https://media.ipsapps.org/fra/ora/excision/,https://media.ipsapps.org/fra/ora/excision/js/11-B011-001.html,HTTPError: 404 Client Error: Not Found for url: https://media.ipsapps.org/fra/ora/excision/js/11-B011-001.html
https://media.ipsapps.org/fra/ora/excision/,https://media.ipsapps.org/fra/ora/excision/js/30-B030-001.html,HTTPError: 404 Client Error: Not Found for url: https://media.ipsapps.org/fra/ora/excision/js/30-B030-001.html
https://media.ipsapps.org/fra/ora/excision/,https://media.ipsapps.org/fra/ora/excision/js/27-B027-001.html,HTTPError: 404 Client Error: Not Found for url: https://media.ipsapps.org/fra/ora/excision/js/27-B027-001.html
https://media.ipsapps.org/fra/ora/excision/,https://media.ipsapps.org/fra/ora/excision/js/06-B006-001.html,HTTPError: 404 Client Error: Not Found for url: https://media.ipsapps.org/fra/ora/excision/js/06-B006-001.html
https://media.ipsapps.org/fra/ora/excision/,https://media.ipsapps.org/fra/ora/excision/js/23-B023-001.html,HTTPError: 404 Client Error: Not Found for url: https://media.ipsapps.org/fra/ora/excision/js/23-B023-001.html
https://media.ipsapps.org/fra/ora/excision/,https://media.ipsapps.org/fra/ora/excision/js/01-B001-001.html,HTTPError: 404 Client Error: Not Found for url: https://media.ipsapps.org/fra/ora/excision/js/01-B001-001.html
https://media.ipsapps.org/fra/ora/excision/,https://media.ipsapps.org/fra/ora/excision/js/Popcorn.js,HTTPError: 404 Client Error: Not Found for url: https://media.ipsapps.org/fra/ora/excision/js/Popcorn.js
https://media.ipsapps.org/fra/ora/excision/,https://media.ipsapps.org/fra/ora/excision/js/29-B032-001.html,HTTPError: 404 Client Error: Not Found for url: https://media.ipsapps.org/fra/ora/excision/js/29-B032-001.html
https://media.ipsapps.org/fra/ora/guerir/,https://media.ipsapps.org/fra/ora/guerir/js/01-B001-001.html,HTTPError: 404 Client Error: Not Found for url: https://media.ipsapps.org/fra/ora/guerir/js/01-B001-001.html
https://media.ipsapps.org/fra/ora/guerir/,https://media.ipsapps.org/fra/ora/guerir/js/04-B004-001.html,HTTPError: 404 Client Error: Not Found for url: https://media.ipsapps.org/fra/ora/guerir/js/04-B004-001.html
https://media.ipsapps.org/fra/ora/guerir/,https://media.ipsapps.org/fra/ora/guerir/js/07-B007-001.html,HTTPError: 404 Client Error: Not Found for url: https://media.ipsapps.org/fra/ora/guerir/js/07-B007-001.html
https://media.ipsapps.org/fra/ora/guerir/,https://media.ipsapps.org/fra/ora/guerir/js/Popcorn.js,HTTPError: 404 Client Error: Not Found for url: https://media.ipsapps.org/fra/ora/guerir/js/Popcorn.js
https://media.ipsapps.org/fra/ora/guerir/,https://media.ipsapps.org/fra/ora/guerir/js/05-B005-001.html,HTTPError: 404 Client Error: Not Found for url: https://media.ipsapps.org/fra/ora/guerir/js/05-B005-001.html
https://media.ipsapps.org/fra/ora/guerir/,https://media.ipsapps.org/fra/ora/guerir/js/03-B003-001.html,HTTPError: 404 Client Error: Not Found for url: https://media.ipsapps.org/fra/ora/guerir/js/03-B003-001.html
https://media.ipsapps.org/fra/ora/guerir/,https://media.ipsapps.org/fra/ora/guerir/js/11-B011-001.html,HTTPError: 404 Client Error: Not Found for url: https://media.ipsapps.org/fra/ora/guerir/js/11-B011-001.html
https://media.ipsapps.org/fra/ora/guerir/,https://media.ipsapps.org/fra/ora/guerir/js/12-B012-001.html,HTTPError: 404 Client Error: Not Found for url: https://media.ipsapps.org/fra/ora/guerir/js/12-B012-001.html
https://media.ipsapps.org/fra/ora/guerir/,https://media.ipsapps.org/fra/ora/guerir/js/09-B009-001.html,HTTPError: 404 Client Error: Not Found for url: https://media.ipsapps.org/fra/ora/guerir/js/09-B009-001.html
https://media.ipsapps.org/fra/ora/guerir/,https://media.ipsapps.org/fra/ora/guerir/js/06-B006-001.html,HTTPError: 404 Client Error: Not Found for url: https://media.ipsapps.org/fra/ora/guerir/js/06-B006-001.html
https://media.ipsapps.org/fra/ora/guerir/,https://media.ipsapps.org/fra/ora/guerir/js/13-B013-001.html,HTTPError: 404 Client Error: Not Found for url: https://media.ipsapps.org/fra/ora/guerir/js/13-B013-001.html
https://media.ipsapps.org/fra/ora/guerir/,https://media.ipsapps.org/fra/ora/guerir/js/08-B008-001.html,HTTPError: 404 Client Error: Not Found for url: https://media.ipsapps.org/fra/ora/guerir/js/08-B008-001.html
https://media.ipsapps.org/fra/ora/guerir/,https://media.ipsapps.org/fra/ora/guerir/js/15-B015-001.html,HTTPError: 404 Client Error: Not Found for url: https://media.ipsapps.org/fra/ora/guerir/js/15-B015-001.html
https://media.ipsapps.org/fra/ora/guerir/,https://media.ipsapps.org/fra/ora/guerir/js/16-B016-001.html,HTTPError: 404 Client Error: Not Found for url: https://media.ipsapps.org/fra/ora/guerir/js/16-B016-001.html
https://media.ipsapps.org/fra/ora/guerir/,https://media.ipsapps.org/fra/ora/guerir/js/10-B010-001.html,HTTPError: 404 Client Error: Not Found for url: https://media.ipsapps.org/fra/ora/guerir/js/10-B010-001.html
https://media.ipsapps.org/fra/ora/guerir/,https://media.ipsapps.org/fra/ora/guerir/js/14-B014-001.html,HTTPError: 404 Client Error: Not Found for url: https://media.ipsapps.org/fra/ora/guerir/js/14-B014-001.html
https://media.ipsapps.org/fra/ora/guerir/,https://media.ipsapps.org/fra/ora/guerir/js/02-B002-001.html,HTTPError: 404 Client Error: Not Found for url: https://media.ipsapps.org/fra/ora/guerir/js/02-B002-001.html
https://media.ipsapps.org/fra/ora/marage/,https://media.ipsapps.org/fra/ora/marage/js/14-B014-001.html,HTTPError: 404 Client Error: Not Found for url: https://media.ipsapps.org/fra/ora/marage/js/14-B014-001.html
https://media.ipsapps.org/fra/ora/marage/,https://media.ipsapps.org/fra/fra-audio/ora/01 Pascal mariage.mp3,HTTPError: 404 Client Error: Not Found for url: https://media.ipsapps.org/fra/fra-audio/ora/01%20Pascal%20mariage.mp3
https://media.ipsapps.org/fra/ora/marage/,https://media.ipsapps.org/fra/ora/marage/js/38-B038-001.html,HTTPError: 404 Client Error: Not Found for url: https://media.ipsapps.org/fra/ora/marage/js/38-B038-001.html
https://media.ipsapps.org/fra/ora/marage/,https://media.ipsapps.org/fra/ora/marage/js/42-B042-001.html,HTTPError: 404 Client Error: Not Found for url: https://media.ipsapps.org/fra/ora/marage/js/42-B042-001.html
https://media.ipsapps.org/fra/ora/marage/,https://media.ipsapps.org/fra/ora/marage/js/31-B031-001.html,HTTPError: 404 Client Error: Not Found for url: https://media.ipsapps.org/fra/ora/marage/js/31-B031-001.html
https://media.ipsapps.org/fra/ora/marage/,https://media.ipsapps.org/fra/ora/marage/js/04-B004-001.html,HTTPError: 404 Client Error: Not Found for url: https://media.ipsapps.org/fra/ora/marage/js/04-B004-001.html
https://media.ipsapps.org/fra/ora/marage/,https://media.ipsapps.org/fra/ora/marage/js/37-B037-001.html,HTTPError: 404 Client Error: Not Found for url: https://media.ipsapps.org/fra/ora/marage/js/37-B037-001.html
https://media.ipsapps.org/fra/ora/marage/,https://media.ipsapps.org/fra/ora/marage/js/24-B024-001.html,HTTPError: 404 Client Error: Not Found for url: https://media.ipsapps.org/fra/ora/marage/js/24-B024-001.html
https://media.ipsapps.org/fra/ora/marage/,https://media.ipsapps.org/fra/ora/marage/js/28-B028-001.html,HTTPError: 404 Client Error: Not Found for url: https://media.ipsapps.org/fra/ora/marage/js/28-B028-001.html
https://media.ipsapps.org/fra/ora/marage/,https://media.ipsapps.org/fra/ora/marage/js/33-B033-001.html,HTTPError: 404 Client Error: Not Found for url: https://media.ipsapps.org/fra/ora/marage/js/33-B033-001.html
https://media.ipsapps.org/fra/ora/marage/,https://media.ipsapps.org/fra/ora/marage/js/44-B044-001.html,HTTPError: 404 Client Error: Not Found for url: https://media.ipsapps.org/fra/ora/marage/js/44-B044-001.html
https://media.ipsapps.org/fra/ora/marage/,https://media.ipsapps.org/fra/ora/marage/js/39-B039-001.html,HTTPError: 404 Client Error: Not Found for url: https://media.ipsapps.org/fra/ora/marage/js/39-B039-001.html
https://media.ipsapps.org/fra/ora/marage/,https://media.ipsapps.org/fra/ora/marage/js/11-B011-001.html,HTTPError: 404 Client Error: Not Found for url: https://media.ipsapps.org/fra/ora/marage/js/11-B011-001.html
https://media.ipsapps.org/fra/ora/marage/,https://media.ipsapps.org/fra/ora/marage/js/13-B013-001.html,HTTPError: 404 Client Error: Not Found for url: https://media.ipsapps.org/fra/ora/marage/js/13-B013-001.html
https://media.ipsapps.org/fra/ora/marage/,https://media.ipsapps.org/fra/ora/marage/js/29-B029-001.html,HTTPError: 404 Client Error: Not Found for url: https://media.ipsapps.org/fra/ora/marage/js/29-B029-001.html
https://media.ipsapps.org/fra/ora/marage/,https://media.ipsapps.org/fra/ora/marage/js/17-B017-001.html,HTTPError: 404 Client Error: Not Found for url: https://media.ipsapps.org/fra/ora/marage/js/17-B017-001.html
https://media.ipsapps.org/fra/ora/marage/,https://media.ipsapps.org/fra/ora/marage/js/19-B019-001.html,HTTPError: 404 Client Error: Not Found for url: https://media.ipsapps.org/fra/ora/marage/js/19-B019-001.html
https://media.ipsapps.org/fra/ora/marage/,https://media.ipsapps.org/fra/ora/marage/js/10-B010-001.html,HTTPError: 404 Client Error: Not Found for url: https://media.ipsapps.org/fra/ora/marage/js/10-B010-001.html
https://media.ipsapps.org/fra/ora/marage/,https://media.ipsapps.org/fra/ora/marage/js/25-B025-001.html,HTTPError: 404 Client Error: Not Found for url: https://media.ipsapps.org/fra/ora/marage/js/25-B025-001.html
https://media.ipsapps.org/fra/ora/marage/,https://media.ipsapps.org/fra/ora/marage/js/06-B006-001.html,HTTPError: 404 Client Error: Not Found for url: https://media.ipsapps.org/fra/ora/marage/js/06-B006-001.html
https://media.ipsapps.org/fra/ora/marage/,https://media.ipsapps.org/fra/ora/marage/js/45-B045-001.html,HTTPError: 404 Client Error: Not Found for url: https://media.ipsapps.org/fra/ora/marage/js/45-B045-001.html
https://media.ipsapps.org/fra/ora/marage/,https://media.ipsapps.org/fra/ora/marage/js/15-B015-001.html,HTTPError: 404 Client Error: Not Found for url: https://media.ipsapps.org/fra/ora/marage/js/15-B015-001.html
https://media.ipsapps.org/fra/ora/marage/,https://media.ipsapps.org/fra/ora/marage/js/23-B023-001.html,HTTPError: 404 Client Error: Not Found for url: https://media.ipsapps.org/fra/ora/marage/js/23-B023-001.html
https://media.ipsapps.org/fra/ora/marage/,https://media.ipsapps.org/fra/ora/marage/js/35-B035-001.html,HTTPError: 404 Client Error: Not Found for url: https://media.ipsapps.org/fra/ora/marage/js/35-B035-001.html
https://media.ipsapps.org/fra/ora/marage/,https://media.ipsapps.org/fra/ora/marage/js/27-B027-001.html,HTTPError: 404 Client Error: Not Found for url: https://media.ipsapps.org/fra/ora/marage/js/27-B027-001.html
https://media.ipsapps.org/fra/ora/marage/,https://media.ipsapps.org/fra/ora/marage/js/22-B022-001.html,HTTPError: 404 Client Error: Not Found for url: https://media.ipsapps.org/fra/ora/marage/js/22-B022-001.html
https://media.ipsapps.org/fra/ora/marage/,https://media.ipsapps.org/fra/ora/marage/js/16-B016-001.html,HTTPError: 404 Client Error: Not Found for url: https://media.ipsapps.org/fra/ora/marage/js/16-B016-001.html
https://media.ipsapps.org/fra/ora/marage/,https://media.ipsapps.org/fra/ora/marage/js/07-B007-001.html,HTTPError: 404 Client Error: Not Found for url: https://media.ipsapps.org/fra/ora/marage/js/07-B007-001.html
https://media.ipsapps.org/fra/ora/marage/,https://media.ipsapps.org/fra/ora/marage/js/32-B032-001.html,HTTPError: 404 Client Error: Not Found for url: https://media.ipsapps.org/fra/ora/marage/js/32-B032-001.html
https://media.ipsapps.org/fra/ora/marage/,https://media.ipsapps.org/fra/ora/marage/js/09-B009-001.html,HTTPError: 404 Client Error: Not Found for url: https://media.ipsapps.org/fra/ora/marage/js/09-B009-001.html
https://media.ipsapps.org/fra/ora/marage/,https://media.ipsapps.org/fra/ora/marage/js/26-B026-001.html,HTTPError: 404 Client Error: Not Found for url: https://media.ipsapps.org/fra/ora/marage/js/26-B026-001.html
https://media.ipsapps.org/fra/ora/marage/,https://media.ipsapps.org/fra/ora/marage/js/05-B005-001.html,HTTPError: 404 Client Error: Not Found for url: https://media.ipsapps.org/fra/ora/marage/js/05-B005-001.html
https://media.ipsapps.org/fra/ora/marage/,https://media.ipsapps.org/fra/ora/marage/js/03-B003-001.html,HTTPError: 404 Client Error: Not Found for url: https://media.ipsapps.org/fra/ora/marage/js/03-B003-001.html
https://media.ipsapps.org/fra/ora/marage/,https://media.ipsapps.org/fra/ora/marage/js/34-B034-001.html,HTTPError: 404 Client Error: Not Found for url: https://media.ipsapps.org/fra/ora/marage/js/34-B034-001.html
https://media.ipsapps.org/fra/ora/marage/,https://media.ipsapps.org/fra/ora/marage/js/01-B048-001.html,HTTPError: 404 Client Error: Not Found for url: https://media.ipsapps.org/fra/ora/marage/js/01-B048-001.html
https://media.ipsapps.org/fra/ora/marage/,https://media.ipsapps.org/fra/ora/marage/js/43-B043-001.html,HTTPError: 404 Client Error: Not Found for url: https://media.ipsapps.org/fra/ora/marage/js/43-B043-001.html
https://media.ipsapps.org/fra/ora/marage/,https://media.ipsapps.org/fra/ora/marage/js/46-B046-001.html,HTTPError: 404 Client Error: Not Found for url: https://media.ipsapps.org/fra/ora/marage/js/46-B046-001.html
https://media.ipsapps.org/fra/ora/marage/,https://media.ipsapps.org/fra/ora/marage/js/21-B021-001.html,HTTPError: 404 Client Error: Not Found for url: https://media.ipsapps.org/fra/ora/marage/js/21-B021-001.html
https://media.ipsapps.org/fra/ora/marage/,https://media.ipsapps.org/fra/ora/marage/js/12-B012-001.html,HTTPError: 404 Client Error: Not Found for url: https://media.ipsapps.org/fra/ora/marage/js/12-B012-001.html
https://media.ipsapps.org/fra/ora/marage/,https://media.ipsapps.org/fra/ora/marage/js/30-B030-001.html,HTTPError: 404 Client Error: Not Found for url: https://media.ipsapps.org/fra/ora/marage/js/30-B030-001.html
https://media.ipsapps.org/fra/ora/marage/,https://media.ipsapps.org/fra/ora/marage/js/08-B008-001.html,HTTPError: 404 Client Error: Not Found for url: https://media.ipsapps.org/fra/ora/marage/js/08-B008-001.html
https://media.ipsapps.org/fra/ora/marage/,https://media.ipsapps.org/fra/ora/marage/js/47-B047-001.html,HTTPError: 404 Client Error: Not Found for url: https://media.ipsapps.org/fra/ora/marage/js/47-B047-001.html
https://media.ipsapps.org/fra/ora/marage/,https://media.ipsapps.org/fra/ora/marage/js/02-B002-001.html,HTTPError: 404 Client Error: Not Found for url: https://media.ipsapps.org/fra/ora/marage/js/02-B002-001.html
https://media.ipsapps.org/fra/ora/marage/,https://media.ipsapps.org/fra/ora/marage/js/36-B036-001.html,HTTPError: 404 Client Error: Not Found for url: https://media.ipsapps.org/fra/ora/marage/js/36-B036-001.html
https://media.ipsapps.org/fra/ora/marage/,https://media.ipsapps.org/fra/ora/marage/js/20-B020-001.html,HTTPError: 404 Client Error: Not Found for url: https://media.ipsapps.org/fra/ora/marage/js/20-B020-001.html
https://media.ipsapps.org/fra/ora/marage/,https://media.ipsapps.org/fra/ora/marage/js/40-B040-001.html,HTTPError: 404 Client Error: Not Found for url: https://media.ipsapps.org/fra/ora/marage/js/40-B040-001.html
https://media.ipsapps.org/fra/ora/marage/,https://media.ipsapps.org/fra/ora/marage/js/18-B018-001.html,HTTPError: 404 Client Error: Not Found for url: https://media.ipsapps.org/fra/ora/marage/js/18-B018-001.html
https://media.ipsapps.org/fra/ora/marage/,https://media.ipsapps.org/fra/ora/marage/js/Popcorn.js,HTTPError: 404 Client Error: Not Found for url: https://media.ipsapps.org/fra/ora/marage/js/Popcorn.js
https://media.ipsapps.org/fra/ora/marage/,https://media.ipsapps.org/fra/ora/marage/js/41-B041-001.html,HTTPError: 404 Client Error: Not Found for url: https://media.ipsapps.org/fra/ora/marage/js/41-B041-001.html
https://media.ipsapps.org/fra/ora/marage/,https://media.ipsapps.org/fra/fra-audio/ora/02 Pascal mariage.mp3,HTTPError: 404 Client Error: Not Found for url: https://media.ipsapps.org/fra/fra-audio/ora/02%20Pascal%20mariage.mp3
https://media.ipsapps.org/fra/ora/marage/,https://media.ipsapps.org/fra/fra-audio/ora/03 Pascal mariage.mp3,HTTPError: 404 Client Error: Not Found for url: https://media.ipsapps.org/fra/fra-audio/ora/03%20Pascal%20mariage.mp3
https://media.ipsapps.org/fra/ora/marage/,https://media.ipsapps.org/fra/fra-audio/ora/14 Pascal mariage.mp3,HTTPError: 404 Client Error: Not Found for url: https://media.ipsapps.org/fra/fra-audio/ora/14%20Pascal%20mariage.mp3
https://media.ipsapps.org/fra/ora/marage/,https://media.ipsapps.org/fra/fra-audio/ora/36a Pascal mariage.mp3,HTTPError: 404 Client Error: Not Found for url: https://media.ipsapps.org/fra/fra-audio/ora/36a%20Pascal%20mariage.mp3
https://media.ipsapps.org/fra/ora/marage/,https://media.ipsapps.org/fra/fra-audio/ora/04 Pascal mariage.mp3,HTTPError: 404 Client Error: Not Found for url: https://media.ipsapps.org/fra/fra-audio/ora/04%20Pascal%20mariage.mp3
https://media.ipsapps.org/fra/ora/marage/,https://media.ipsapps.org/fra/fra-audio/ora/27 Pascal mariage.mp3,HTTPError: 404 Client Error: Not Found for url: https://media.ipsapps.org/fra/fra-audio/ora/27%20Pascal%20mariage.mp3
https://media.ipsapps.org/fra/ora/marage/,https://media.ipsapps.org/fra/fra-audio/ora/35 Pascal mariage.mp3,HTTPError: 404 Client Error: Not Found for url: https://media.ipsapps.org/fra/fra-audio/ora/35%20Pascal%20mariage.mp3
https://media.ipsapps.org/fra/ora/marage/,https://media.ipsapps.org/fra/fra-audio/ora/33 Pascal mariage.mp3,HTTPError: 404 Client Error: Not Found for url: https://media.ipsapps.org/fra/fra-audio/ora/33%20Pascal%20mariage.mp3
https://media.ipsapps.org/fra/ora/marage/,https://media.ipsapps.org/fra/fra-audio/ora/37 Pascal mariage.mp3,HTTPError: 404 Client Error: Not Found for url: https://media.ipsapps.org/fra/fra-audio/ora/37%20Pascal%20mariage.mp3
https://media.ipsapps.org/fra/ora/marage/,https://media.ipsapps.org/fra/fra-audio/ora/16 Pascal mariage.mp3,HTTPError: 404 Client Error: Not Found for url: https://media.ipsapps.org/fra/fra-audio/ora/16%20Pascal%20mariage.mp3
https://media.ipsapps.org/fra/ora/marage/,https://media.ipsapps.org/fra/fra-audio/ora/07 Pascal mariage.mp3,HTTPError: 404 Client Error: Not Found for url: https://media.ipsapps.org/fra/fra-audio/ora/07%20Pascal%20mariage.mp3
https://media.ipsapps.org/fra/ora/marage/,https://media.ipsapps.org/fra/fra-audio/ora/20 Pascal mariage.mp3,HTTPError: 404 Client Error: Not Found for url: https://media.ipsapps.org/fra/fra-audio/ora/20%20Pascal%20mariage.mp3
https://media.ipsapps.org/fra/ora/marage/,https://media.ipsapps.org/fra/fra-audio/ora/21 Pascal mariage.mp3,HTTPError: 404 Client Error: Not Found for url: https://media.ipsapps.org/fra/fra-audio/ora/21%20Pascal%20mariage.mp3
https://media.ipsapps.org/fra/ora/marage/,https://media.ipsapps.org/fra/fra-audio/ora/07a Pascal mariage.mp3,HTTPError: 404 Client Error: Not Found for url: https://media.ipsapps.org/fra/fra-audio/ora/07a%20Pascal%20mariage.mp3
https://media.ipsapps.org/fra/ora/marage/,https://media.ipsapps.org/fra/fra-audio/ora/29 Pascal mariage.mp3,HTTPError: 404 Client Error: Not Found for url: https://media.ipsapps.org/fra/fra-audio/ora/29%20Pascal%20mariage.mp3
https://media.ipsapps.org/fra/ora/marage/,https://media.ipsapps.org/fra/fra-audio/ora/05a Pascal mariage.mp3,HTTPError: 404 Client Error: Not Found for url: https://media.ipsapps.org/fra/fra-audio/ora/05a%20Pascal%20mariage.mp3
https://media.ipsapps.org/fra/ora/marage/,https://media.ipsapps.org/fra/fra-audio/ora/17 Pascal mariage.mp3,HTTPError: 404 Client Error: Not Found for url: https://media.ipsapps.org/fra/fra-audio/ora/17%20Pascal%20mariage.mp3
https://media.ipsapps.org/fra/ora/marage/,https://media.ipsapps.org/fra/fra-audio/ora/26 Pascal mariage.mp3,HTTPError: 404 Client Error: Not Found for url: https://media.ipsapps.org/fra/fra-audio/ora/26%20Pascal%20mariage.mp3
https://media.ipsapps.org/fra/ora/marage/,https://media.ipsapps.org/fra/fra-audio/ora/19 Pascal mariage.mp3,HTTPError: 404 Client Error: Not Found for url: https://media.ipsapps.org/fra/fra-audio/ora/19%20Pascal%20mariage.mp3
https://media.ipsapps.org/fra/ora/marage/,https://media.ipsapps.org/fra/fra-audio/ora/22 Pascal mariage.mp3,HTTPError: 404 Client Error: Not Found for url: https://media.ipsapps.org/fra/fra-audio/ora/22%20Pascal%20mariage.mp3
https://media.ipsapps.org/fra/ora/marage/,https://media.ipsapps.org/fra/fra-audio/ora/11a Pascal mariage.mp3,HTTPError: 404 Client Error: Not Found for url: https://media.ipsapps.org/fra/fra-audio/ora/11a%20Pascal%20mariage.mp3
https://media.ipsapps.org/fra/ora/marage/,https://media.ipsapps.org/fra/fra-audio/ora/24 Pascal mariage.mp3,HTTPError: 404 Client Error: Not Found for url: https://media.ipsapps.org/fra/fra-audio/ora/24%20Pascal%20mariage.mp3
https://media.ipsapps.org/fra/ora/marage/,https://media.ipsapps.org/fra/fra-audio/ora/13 Pascal mariage.mp3,HTTPError: 404 Client Error: Not Found for url: https://media.ipsapps.org/fra/fra-audio/ora/13%20Pascal%20mariage.mp3
https://media.ipsapps.org/fra/ora/marage/,https://media.ipsapps.org/fra/fra-audio/ora/08 Pascal mariage.mp3,HTTPError: 404 Client Error: Not Found for url: https://media.ipsapps.org/fra/fra-audio/ora/08%20Pascal%20mariage.mp3
https://media.ipsapps.org/fra/ora/marage/,https://media.ipsapps.org/fra/fra-audio/ora/38 Pascal mariage.mp3,HTTPError: 404 Client Error: Not Found for url: https://media.ipsapps.org/fra/fra-audio/ora/38%20Pascal%20mariage.mp3
https://media.ipsapps.org/fra/ora/marage/,https://media.ipsapps.org/fra/fra-audio/ora/18 Pascal mariage.mp3,HTTPError: 404 Client Error: Not Found for url: https://media.ipsapps.org/fra/fra-audio/ora/18%20Pascal%20mariage.mp3
https://media.ipsapps.org/fra/ora/marage/,https://media.ipsapps.org/fra/fra-audio/ora/23 Pascal mariage.mp3,HTTPError: 404 Client Error: Not Found for url: https://media.ipsapps.org/fra/fra-audio/ora/23%20Pascal%20mariage.mp3
https://media.ipsapps.org/fra/ora/marage/,https://media.ipsapps.org/fra/fra-audio/ora/06 Pascal mariage.mp3,HTTPError: 404 Client Error: Not Found for url: https://media.ipsapps.org/fra/fra-audio/ora/06%20Pascal%20mariage.mp3
https://media.ipsapps.org/fra/ora/marage/,https://media.ipsapps.org/fra/fra-audio/ora/39 Pascal mariage.mp3,HTTPError: 404 Client Error: Not Found for url: https://media.ipsapps.org/fra/fra-audio/ora/39%20Pascal%20mariage.mp3
https://media.ipsapps.org/fra/ora/marage/,https://media.ipsapps.org/fra/fra-audio/ora/09 Pascal mariage.mp3,HTTPError: 404 Client Error: Not Found for url: https://media.ipsapps.org/fra/fra-audio/ora/09%20Pascal%20mariage.mp3
https://media.ipsapps.org/fra/ora/marage/,https://media.ipsapps.org/fra/fra-audio/ora/28 Pascal mariage.mp3,HTTPError: 404 Client Error: Not Found for url: https://media.ipsapps.org/fra/fra-audio/ora/28%20Pascal%20mariage.mp3
https://media.ipsapps.org/fra/ora/marage/,https://media.ipsapps.org/fra/fra-audio/ora/37a Pascal mariage.mp3,HTTPError: 404 Client Error: Not Found for url: https://media.ipsapps.org/fra/fra-audio/ora/37a%20Pascal%20mariage.mp3
https://media.ipsapps.org/fra/ora/marage/,https://media.ipsapps.org/fra/fra-audio/ora/11 Pascal mariage.mp3,HTTPError: 404 Client Error: Not Found for url: https://media.ipsapps.org/fra/fra-audio/ora/11%20Pascal%20mariage.mp3
https://media.ipsapps.org/fra/ora/marage/,https://media.ipsapps.org/fra/fra-audio/ora/32 Pascal mariage.mp3,HTTPError: 404 Client Error: Not Found for url: https://media.ipsapps.org/fra/fra-audio/ora/32%20Pascal%20mariage.mp3
https://media.ipsapps.org/fra/ora/marage/,https://media.ipsapps.org/fra/fra-audio/ora/05 Pascal mariage.mp3,HTTPError: 404 Client Error: Not Found for url: https://media.ipsapps.org/fra/fra-audio/ora/05%20Pascal%20mariage.mp3
https://media.ipsapps.org/fra/ora/marage/,https://media.ipsapps.org/fra/fra-audio/ora/12 Pascal mariage.mp3,HTTPError: 404 Client Error: Not Found for url: https://media.ipsapps.org/fra/fra-audio/ora/12%20Pascal%20mariage.mp3
https://media.ipsapps.org/fra/ora/marage/,https://media.ipsapps.org/fra/fra-audio/ora/30 Pascal mariage.mp3,HTTPError: 404 Client Error: Not Found for url: https://media.ipsapps.org/fra/fra-audio/ora/30%20Pascal%20mariage.mp3
https://media.ipsapps.org/fra/ora/marage/,https://media.ipsapps.org/fra/fra-audio/ora/15 Pascal mariage.mp3,HTTPError: 404 Client Error: Not Found for url: https://media.ipsapps.org/fra/fra-audio/ora/15%20Pascal%20mariage.mp3
https://media.ipsapps.org/fra/ora/marage/,https://media.ipsapps.org/fra/fra-audio/ora/25a Pascal mariage.mp3,HTTPError: 404 Client Error: Not Found for url: https://media.ipsapps.org/fra/fra-audio/ora/25a%20Pascal%20mariage.mp3
https://media.ipsapps.org/fra/ora/marage/,https://media.ipsapps.org/fra/fra-audio/ora/10 Pascal mariage.mp3,HTTPError: 404 Client Error: Not Found for url: https://media.ipsapps.org/fra/fra-audio/ora/10%20Pascal%20mariage.mp3
https://media.ipsapps.org/fra/ora/marage/,https://media.ipsapps.org/fra/fra-audio/ora/36 Pascal mariage.mp3,HTTPError: 404 Client Error: Not Found for url: https://media.ipsapps.org/fra/fra-audio/ora/36%20Pascal%20mariage.mp3
https://media.ipsapps.org/fra/ora/marage/,https://media.ipsapps.org/fra/fra-audio/ora/25 Pascal mariage.mp3,HTTPError: 404 Client Error: Not Found for url: https://media.ipsapps.org/fra/fra-audio/ora/25%20Pascal%20mariage.mp3
https://media.ipsapps.org/fra/ora/marage/,https://media.ipsapps.org/fra/fra-audio/ora/31 Pascal mariage.mp3,HTTPError: 404 Client Error: Not Found for url: https://media.ipsapps.org/fra/fra-audio/ora/31%20Pascal%20mariage.mp3
https://media.ipsapps.org/fra/ora/marage/,https://media.ipsapps.org/fra/fra-audio/ora/34 Pascal mariage.mp3,HTTPError: 404 Client Error: Not Found for url: https://media.ipsapps.org/fra/fra-audio/ora/34%20Pascal%20mariage.mp3
https://media.ipsapps.org/fra/ora/marage/,https://media.ipsapps.org/fra/fra-audio/ora/09a Pascal mariage.mp3,HTTPError: 404 Client Error: Not Found for url: https://media.ipsapps.org/fra/fra-audio/ora/09a%20Pascal%20mariage.mp3
https://media.ipsapps.org/fra/ora/proverbes/,https://media.ipsapps.org/fra/ora/proverbes/js/18-B018-001.html,HTTPError: 404 Client Error: Not Found for url: https://media.ipsapps.org/fra/ora/proverbes/js/18-B018-001.html
https://media.ipsapps.org/fra/ora/proverbes/,https://media.ipsapps.org/fra/ora/proverbes/js/51-B051-001.html,HTTPError: 404 Client Error: Not Found for url: https://media.ipsapps.org/fra/ora/proverbes/js/51-B051-001.html
https://media.ipsapps.org/fra/ora/proverbes/,https://media.ipsapps.org/fra/ora/proverbes/js/05-B005-001.html,HTTPError: 404 Client Error: Not Found for url: https://media.ipsapps.org/fra/ora/proverbes/js/05-B005-001.html
https://media.ipsapps.org/fra/ora/proverbes/,https://media.ipsapps.org/fra/ora/proverbes/js/22-B022-001.html,HTTPError: 404 Client Error: Not Found for url: https://media.ipsapps.org/fra/ora/proverbes/js/22-B022-001.html
https://media.ipsapps.org/fra/ora/proverbes/,https://media.ipsapps.org/fra/ora/proverbes/js/Popcorn.js,HTTPError: 404 Client Error: Not Found for url: https://media.ipsapps.org/fra/ora/proverbes/js/Popcorn.js
https://media.ipsapps.org/fra/ora/proverbes/,https://media.ipsapps.org/fra/ora/proverbes/js/08-B008-001.html,HTTPError: 404 Client Error: Not Found for url: https://media.ipsapps.org/fra/ora/proverbes/js/08-B008-001.html
https://media.ipsapps.org/fra/ora/proverbes/,https://media.ipsapps.org/fra/ora/proverbes/js/04-B004-001.html,HTTPError: 404 Client Error: Not Found for url: https://media.ipsapps.org/fra/ora/proverbes/js/04-B004-001.html
https://media.ipsapps.org/fra/ora/proverbes/,https://media.ipsapps.org/fra/ora/proverbes/js/46-B046-001.html,HTTPError: 404 Client Error: Not Found for url: https://media.ipsapps.org/fra/ora/proverbes/js/46-B046-001.html
https://media.ipsapps.org/fra/ora/proverbes/,https://media.ipsapps.org/fra/ora/proverbes/js/53-B053-001.html,HTTPError: 404 Client Error: Not Found for url: https://media.ipsapps.org/fra/ora/proverbes/js/53-B053-001.html
https://media.ipsapps.org/fra/ora/proverbes/,https://media.ipsapps.org/fra/ora/proverbes/js/31-B031-001.html,HTTPError: 404 Client Error: Not Found for url: https://media.ipsapps.org/fra/ora/proverbes/js/31-B031-001.html
https://media.ipsapps.org/fra/ora/proverbes/,https://media.ipsapps.org/fra/ora/proverbes/js/32-B032-001.html,HTTPError: 404 Client Error: Not Found for url: https://media.ipsapps.org/fra/ora/proverbes/js/32-B032-001.html
https://media.ipsapps.org/fra/ora/proverbes/,https://media.ipsapps.org/fra/ora/proverbes/js/02-B002-001.html,HTTPError: 404 Client Error: Not Found for url: https://media.ipsapps.org/fra/ora/proverbes/js/02-B002-001.html
https://media.ipsapps.org/fra/ora/proverbes/,https://media.ipsapps.org/fra/ora/proverbes/js/52-B052-001.html,HTTPError: 404 Client Error: Not Found for url: https://media.ipsapps.org/fra/ora/proverbes/js/52-B052-001.html
https://media.ipsapps.org/fra/ora/proverbes/,https://media.ipsapps.org/fra/ora/proverbes/js/19-B019-001.html,HTTPError: 404 Client Error: Not Found for url: https://media.ipsapps.org/fra/ora/proverbes/js/19-B019-001.html
https://media.ipsapps.org/fra/ora/proverbes/,https://media.ipsapps.org/fra/ora/proverbes/js/57-B057-001.html,HTTPError: 404 Client Error: Not Found for url: https://media.ipsapps.org/fra/ora/proverbes/js/57-B057-001.html
https://media.ipsapps.org/fra/ora/proverbes/,https://media.ipsapps.org/fra/ora/proverbes/js/17-B017-001.html,HTTPError: 404 Client Error: Not Found for url: https://media.ipsapps.org/fra/ora/proverbes/js/17-B017-001.html
https://media.ipsapps.org/fra/ora/proverbes/,https://media.ipsapps.org/fra/ora/proverbes/js/59-B059-001.html,HTTPError: 404 Client Error: Not Found for url: https://media.ipsapps.org/fra/ora/proverbes/js/59-B059-001.html
https://media.ipsapps.org/fra/ora/proverbes/,https://media.ipsapps.org/fra/ora/proverbes/js/16-B016-001.html,HTTPError: 404 Client Error: Not Found for url: https://media.ipsapps.org/fra/ora/proverbes/js/16-B016-001.html
https://media.ipsapps.org/fra/ora/proverbes/,https://media.ipsapps.org/fra/ora/proverbes/js/12-B012-001.html,HTTPError: 404 Client Error: Not Found for url: https://media.ipsapps.org/fra/ora/proverbes/js/12-B012-001.html
https://media.ipsapps.org/fra/ora/proverbes/,https://media.ipsapps.org/fra/ora/proverbes/js/20-B020-001.html,HTTPError: 404 Client Error: Not Found for url: https://media.ipsapps.org/fra/ora/proverbes/js/20-B020-001.html
https://media.ipsapps.org/fra/ora/proverbes/,https://media.ipsapps.org/fra/ora/proverbes/js/58-B058-001.html,HTTPError: 404 Client Error: Not Found for url: https://media.ipsapps.org/fra/ora/proverbes/js/58-B058-001.html
https://media.ipsapps.org/fra/ora/proverbes/,https://media.ipsapps.org/fra/ora/proverbes/js/24-B024-001.html,HTTPError: 404 Client Error: Not Found for url: https://media.ipsapps.org/fra/ora/proverbes/js/24-B024-001.html
https://media.ipsapps.org/fra/ora/proverbes/,https://media.ipsapps.org/fra/ora/proverbes/js/15-B015-001.html,HTTPError: 404 Client Error: Not Found for url: https://media.ipsapps.org/fra/ora/proverbes/js/15-B015-001.html
https://media.ipsapps.org/fra/ora/proverbes/,https://media.ipsapps.org/fra/ora/proverbes/js/49-B049-001.html,HTTPError: 404 Client Error: Not Found for url: https://media.ipsapps.org/fra/ora/proverbes/js/49-B049-001.html
https://media.ipsapps.org/fra/ora/proverbes/,https://media.ipsapps.org/fra/ora/proverbes/js/07-B007-001.html,HTTPError: 404 Client Error: Not Found for url: https://media.ipsapps.org/fra/ora/proverbes/js/07-B007-001.html
https://media.ipsapps.org/fra/ora/proverbes/,https://media.ipsapps.org/fra/ora/proverbes/js/47-B047-001.html,HTTPError: 404 Client Error: Not Found for url: https://media.ipsapps.org/fra/ora/proverbes/js/47-B047-001.html
https://media.ipsapps.org/fra/ora/proverbes/,https://media.ipsapps.org/fra/ora/proverbes/js/25-B025-001.html,HTTPError: 404 Client Error: Not Found for url: https://media.ipsapps.org/fra/ora/proverbes/js/25-B025-001.html
https://media.ipsapps.org/fra/ora/proverbes/,https://media.ipsapps.org/fra/ora/proverbes/js/29-B029-001.html,HTTPError: 404 Client Error: Not Found for url: https://media.ipsapps.org/fra/ora/proverbes/js/29-B029-001.html
https://media.ipsapps.org/fra/ora/proverbes/,https://media.ipsapps.org/fra/ora/proverbes/js/28-B028-001.html,HTTPError: 404 Client Error: Not Found for url: https://media.ipsapps.org/fra/ora/proverbes/js/28-B028-001.html
https://media.ipsapps.org/fra/ora/proverbes/,https://media.ipsapps.org/fra/ora/proverbes/js/03-B003-001.html,HTTPError: 404 Client Error: Not Found for url: https://media.ipsapps.org/fra/ora/proverbes/js/03-B003-001.html
https://media.ipsapps.org/fra/ora/proverbes/,https://media.ipsapps.org/fra/ora/proverbes/js/42-B042-001.html,HTTPError: 404 Client Error: Not Found for url: https://media.ipsapps.org/fra/ora/proverbes/js/42-B042-001.html
https://media.ipsapps.org/fra/ora/proverbes/,https://media.ipsapps.org/fra/ora/proverbes/js/50-B050-001.html,HTTPError: 404 Client Error: Not Found for url: https://media.ipsapps.org/fra/ora/proverbes/js/50-B050-001.html
https://media.ipsapps.org/fra/ora/proverbes/,https://media.ipsapps.org/fra/ora/proverbes/js/01-B001-001.html,HTTPError: 404 Client Error: Not Found for url: https://media.ipsapps.org/fra/ora/proverbes/js/01-B001-001.html
https://media.ipsapps.org/fra/ora/proverbes/,https://media.ipsapps.org/fra/ora/proverbes/js/55-B055-001.html,HTTPError: 404 Client Error: Not Found for url: https://media.ipsapps.org/fra/ora/proverbes/js/55-B055-001.html
https://media.ipsapps.org/fra/ora/proverbes/,https://media.ipsapps.org/fra/ora/proverbes/js/35-B035-001.html,HTTPError: 404 Client Error: Not Found for url: https://media.ipsapps.org/fra/ora/proverbes/js/35-B035-001.html
https://media.ipsapps.org/fra/ora/proverbes/,https://media.ipsapps.org/fra/ora/proverbes/js/26-B026-001.html,HTTPError: 404 Client Error: Not Found for url: https://media.ipsapps.org/fra/ora/proverbes/js/26-B026-001.html
https://media.ipsapps.org/fra/ora/proverbes/,https://media.ipsapps.org/fra/ora/proverbes/js/37-B037-001.html,HTTPError: 404 Client Error: Not Found for url: https://media.ipsapps.org/fra/ora/proverbes/js/37-B037-001.html
https://media.ipsapps.org/fra/ora/proverbes/,https://media.ipsapps.org/fra/ora/proverbes/js/56-B056-001.html,HTTPError: 404 Client Error: Not Found for url: https://media.ipsapps.org/fra/ora/proverbes/js/56-B056-001.html
https://media.ipsapps.org/fra/ora/proverbes/,https://media.ipsapps.org/fra/ora/proverbes/js/48-B048-001.html,HTTPError: 404 Client Error: Not Found for url: https://media.ipsapps.org/fra/ora/proverbes/js/48-B048-001.html
https://media.ipsapps.org/fra/ora/proverbes/,https://media.ipsapps.org/fra/ora/proverbes/js/43-B043-001.html,HTTPError: 404 Client Error: Not Found for url: https://media.ipsapps.org/fra/ora/proverbes/js/43-B043-001.html
https://media.ipsapps.org/fra/ora/proverbes/,https://media.ipsapps.org/fra/ora/proverbes/js/14-B014-001.html,HTTPError: 404 Client Error: Not Found for url: https://media.ipsapps.org/fra/ora/proverbes/js/14-B014-001.html
https://media.ipsapps.org/fra/ora/proverbes/,https://media.ipsapps.org/fra/ora/proverbes/js/13-B013-001.html,HTTPError: 404 Client Error: Not Found for url: https://media.ipsapps.org/fra/ora/proverbes/js/13-B013-001.html
https://media.ipsapps.org/fra/ora/proverbes/,https://media.ipsapps.org/fra/ora/proverbes/js/21-B021-001.html,HTTPError: 404 Client Error: Not Found for url: https://media.ipsapps.org/fra/ora/proverbes/js/21-B021-001.html
https://media.ipsapps.org/fra/ora/proverbes/,https://media.ipsapps.org/fra/ora/proverbes/js/33-B033-001.html,HTTPError: 404 Client Error: Not Found for url: https://media.ipsapps.org/fra/ora/proverbes/js/33-B033-001.html
https://media.ipsapps.org/fra/ora/proverbes/,https://media.ipsapps.org/fra/ora/proverbes/js/45-B045-001.html,HTTPError: 404 Client Error: Not Found for url: https://media.ipsapps.org/fra/ora/proverbes/js/45-B045-001.html
https://media.ipsapps.org/fra/ora/proverbes/,https://media.ipsapps.org/fra/ora/proverbes/js/06-B006-001.html,HTTPError: 404 Client Error: Not Found for url: https://media.ipsapps.org/fra/ora/proverbes/js/06-B006-001.html
https://media.ipsapps.org/fra/ora/proverbes/,https://media.ipsapps.org/fra/ora/proverbes/js/10-B010-001.html,HTTPError: 404 Client Error: Not Found for url: https://media.ipsapps.org/fra/ora/proverbes/js/10-B010-001.html
https://media.ipsapps.org/fra/ora/proverbes/,https://media.ipsapps.org/fra/ora/proverbes/js/40-B040-001.html,HTTPError: 404 Client Error: Not Found for url: https://media.ipsapps.org/fra/ora/proverbes/js/40-B040-001.html
https://media.ipsapps.org/fra/ora/proverbes/,https://media.ipsapps.org/fra/ora/proverbes/js/23-B023-001.html,HTTPError: 404 Client Error: Not Found for url: https://media.ipsapps.org/fra/ora/proverbes/js/23-B023-001.html
https://media.ipsapps.org/fra/ora/proverbes/,https://media.ipsapps.org/fra/ora/proverbes/js/09-B009-001.html,HTTPError: 404 Client Error: Not Found for url: https://media.ipsapps.org/fra/ora/proverbes/js/09-B009-001.html
https://media.ipsapps.org/fra/ora/proverbes/,https://media.ipsapps.org/fra/ora/proverbes/js/34-B034-001.html,HTTPError: 404 Client Error: Not Found for url: https://media.ipsapps.org/fra/ora/proverbes/js/34-B034-001.html
https://media.ipsapps.org/fra/ora/proverbes/,https://media.ipsapps.org/fra/ora/proverbes/js/38-B038-001.html,HTTPError: 404 Client Error: Not Found for url: https://media.ipsapps.org/fra/ora/proverbes/js/38-B038-001.html
https://media.ipsapps.org/fra/ora/proverbes/,https://media.ipsapps.org/fra/ora/proverbes/js/27-B027-001.html,HTTPError: 404 Client Error: Not Found for url: https://media.ipsapps.org/fra/ora/proverbes/js/27-B027-001.html
https://media.ipsapps.org/fra/ora/proverbes/,https://media.ipsapps.org/fra/ora/proverbes/js/39-B039-001.html,HTTPError: 404 Client Error: Not Found for url: https://media.ipsapps.org/fra/ora/proverbes/js/39-B039-001.html
https://media.ipsapps.org/fra/ora/proverbes/,https://media.ipsapps.org/fra/ora/proverbes/js/11-B011-001.html,HTTPError: 404 Client Error: Not Found for url: https://media.ipsapps.org/fra/ora/proverbes/js/11-B011-001.html
https://media.ipsapps.org/fra/ora/proverbes/,https://media.ipsapps.org/fra/ora/proverbes/js/36-B036-001.html,HTTPError: 404 Client Error: Not Found for url: https://media.ipsapps.org/fra/ora/proverbes/js/36-B036-001.html
https://media.ipsapps.org/fra/ora/proverbes/,https://media.ipsapps.org/fra/ora/proverbes/js/41-B041-001.html,HTTPError: 404 Client Error: Not Found for url: https://media.ipsapps.org/fra/ora/proverbes/js/41-B041-001.html
https://media.ipsapps.org/fra/ora/proverbes/,https://media.ipsapps.org/fra/ora/proverbes/js/44-B044-001.html,HTTPError: 404 Client Error: Not Found for url: https://media.ipsapps.org/fra/ora/proverbes/js/44-B044-001.html
https://media.ipsapps.org/fra/ora/proverbes/,https://media.ipsapps.org/fra/ora/proverbes/js/30-B030-001.html,HTTPError: 404 Client Error: Not Found for url: https://media.ipsapps.org/fra/ora/proverbes/js/30-B030-001.html
https://media.ipsapps.org/fra/ora/proverbes/,https://media.ipsapps.org/fra/ora/proverbes/js/54-B054-001.html,HTTPError: 404 Client Error: Not Found for url: https://media.ipsapps.org/fra/ora/proverbes/js/54-B054-001.html
https://media.ipsapps.org/fra/ora/proverbes2/,https://media.ipsapps.org/fra/ora/proverbes2/js/13-B013-001.html,HTTPError: 404 Client Error: Not Found for url: https://media.ipsapps.org/fra/ora/proverbes2/js/13-B013-001.html
https://media.ipsapps.org/fra/ora/proverbes2/,https://media.ipsapps.org/fra/ora/proverbes2/js/11-B011-001.html,HTTPError: 404 Client Error: Not Found for url: https://media.ipsapps.org/fra/ora/proverbes2/js/11-B011-001.html
https://media.ipsapps.org/fra/ora/proverbes2/,https://media.ipsapps.org/fra/ora/proverbes2/js/05-B005-001.html,HTTPError: 404 Client Error: Not Found for url: https://media.ipsapps.org/fra/ora/proverbes2/js/05-B005-001.html
https://media.ipsapps.org/fra/ora/proverbes2/,https://media.ipsapps.org/fra/ora/proverbes2/js/03-B003-001.html,HTTPError: 404 Client Error: Not Found for url: https://media.ipsapps.org/fra/ora/proverbes2/js/03-B003-001.html
https://media.ipsapps.org/fra/ora/proverbes2/,https://media.ipsapps.org/fra/ora/proverbes2/js/10-B010-001.html,HTTPError: 404 Client Error: Not Found for url: https://media.ipsapps.org/fra/ora/proverbes2/js/10-B010-001.html
https://media.ipsapps.org/fra/ora/proverbes2/,https://media.ipsapps.org/fra/ora/proverbes2/js/08-B008-001.html,HTTPError: 404 Client Error: Not Found for url: https://media.ipsapps.org/fra/ora/proverbes2/js/08-B008-001.html
https://media.ipsapps.org/fra/ora/proverbes2/,https://media.ipsapps.org/fra/ora/proverbes2/js/15-B015-001.html,HTTPError: 404 Client Error: Not Found for url: https://media.ipsapps.org/fra/ora/proverbes2/js/15-B015-001.html
https://media.ipsapps.org/fra/ora/proverbes2/,https://media.ipsapps.org/fra/ora/proverbes2/js/09-B009-001.html,HTTPError: 404 Client Error: Not Found for url: https://media.ipsapps.org/fra/ora/proverbes2/js/09-B009-001.html
https://media.ipsapps.org/fra/ora/proverbes2/,https://media.ipsapps.org/fra/ora/proverbes2/js/06-B006-001.html,HTTPError: 404 Client Error: Not Found for url: https://media.ipsapps.org/fra/ora/proverbes2/js/06-B006-001.html
https://media.ipsapps.org/fra/ora/proverbes2/,https://media.ipsapps.org/fra/ora/proverbes2/js/02-B002-001.html,HTTPError: 404 Client Error: Not Found for url: https://media.ipsapps.org/fra/ora/proverbes2/js/02-B002-001.html
https://media.ipsapps.org/fra/ora/proverbes2/,https://media.ipsapps.org/fra/ora/proverbes2/js/01-B001-001.html,HTTPError: 404 Client Error: Not Found for url: https://media.ipsapps.org/fra/ora/proverbes2/js/01-B001-001.html
https://media.ipsapps.org/fra/ora/proverbes2/,https://media.ipsapps.org/fra/ora/proverbes2/js/14-B014-001.html,HTTPError: 404 Client Error: Not Found for url: https://media.ipsapps.org/fra/ora/proverbes2/js/14-B014-001.html
https://media.ipsapps.org/fra/ora/proverbes2/,https://media.ipsapps.org/fra/ora/proverbes2/js/07-B007-001.html,HTTPError: 404 Client Error: Not Found for url: https://media.ipsapps.org/fra/ora/proverbes2/js/07-B007-001.html
https://media.ipsapps.org/fra/ora/proverbes2/,https://media.ipsapps.org/fra/ora/proverbes2/js/12-B012-001.html,HTTPError: 404 Client Error: Not Found for url: https://media.ipsapps.org/fra/ora/proverbes2/js/12-B012-001.html
https://media.ipsapps.org/fra/ora/proverbes2/,https://media.ipsapps.org/fra/ora/proverbes2/js/04-B004-001.html,HTTPError: 404 Client Error: Not Found for url: https://media.ipsapps.org/fra/ora/proverbes2/js/04-B004-001.html
https://media.ipsapps.org/fra/ora/proverbes2/,https://media.ipsapps.org/fra/ora/proverbes2/js/Popcorn.js,HTTPError: 404 Client Error: Not Found for url: https://media.ipsapps.org/fra/ora/proverbes2/js/Popcorn.js
https://media.ipsapps.org/fra/ora/richesses/,https://media.ipsapps.org/fra/ora/richesses/js/05-B005-001.html,HTTPError: 404 Client Error: Not Found for url: https://media.ipsapps.org/fra/ora/richesses/js/05-B005-001.html
https://media.ipsapps.org/fra/ora/richesses/,https://media.ipsapps.org/fra/ora/richesses/js/11-B011-001.html,HTTPError: 404 Client Error: Not Found for url: https://media.ipsapps.org/fra/ora/richesses/js/11-B011-001.html
https://media.ipsapps.org/fra/ora/richesses/,https://media.ipsapps.org/fra/ora/richesses/js/02-B001-001.html,HTTPError: 404 Client Error: Not Found for url: https://media.ipsapps.org/fra/ora/richesses/js/02-B001-001.html
https://media.ipsapps.org/fra/ora/richesses/,https://media.ipsapps.org/fra/ora/richesses/js/20-B019-001.html,HTTPError: 404 Client Error: Not Found for url: https://media.ipsapps.org/fra/ora/richesses/js/20-B019-001.html
https://media.ipsapps.org/fra/ora/richesses/,https://media.ipsapps.org/fra/ora/richesses/js/10-B010-001.html,HTTPError: 404 Client Error: Not Found for url: https://media.ipsapps.org/fra/ora/richesses/js/10-B010-001.html
https://media.ipsapps.org/fra/ora/richesses/,https://media.ipsapps.org/fra/ora/richesses/js/21-B022-001.html,HTTPError: 404 Client Error: Not Found for url: https://media.ipsapps.org/fra/ora/richesses/js/21-B022-001.html
https://media.ipsapps.org/fra/ora/richesses/,https://media.ipsapps.org/fra/ora/richesses/js/08-B008-001.html,HTTPError: 404 Client Error: Not Found for url: https://media.ipsapps.org/fra/ora/richesses/js/08-B008-001.html
https://media.ipsapps.org/fra/ora/richesses/,https://media.ipsapps.org/fra/ora/richesses/js/19-B018-001.html,HTTPError: 404 Client Error: Not Found for url: https://media.ipsapps.org/fra/ora/richesses/js/19-B018-001.html
https://media.ipsapps.org/fra/ora/richesses/,https://media.ipsapps.org/fra/ora/richesses/js/03-B003-001.html,HTTPError: 404 Client Error: Not Found for url: https://media.ipsapps.org/fra/ora/richesses/js/03-B003-001.html
https://media.ipsapps.org/fra/ora/richesses/,https://media.ipsapps.org/fra/ora/richesses/js/04-B004-001.html,HTTPError: 404 Client Error: Not Found for url: https://media.ipsapps.org/fra/ora/richesses/js/04-B004-001.html
https://media.ipsapps.org/fra/ora/richesses/,https://media.ipsapps.org/fra/ora/richesses/js/15-B015-001.html,HTTPError: 404 Client Error: Not Found for url: https://media.ipsapps.org/fra/ora/richesses/js/15-B015-001.html
https://media.ipsapps.org/fra/ora/richesses/,https://media.ipsapps.org/fra/ora/richesses/js/13-B013-001.html,HTTPError: 404 Client Error: Not Found for url: https://media.ipsapps.org/fra/ora/richesses/js/13-B013-001.html
https://media.ipsapps.org/fra/ora/richesses/,https://media.ipsapps.org/fra/ora/richesses/js/17-B016-001.html,HTTPError: 404 Client Error: Not Found for url: https://media.ipsapps.org/fra/ora/richesses/js/17-B016-001.html
https://media.ipsapps.org/fra/ora/richesses/,https://media.ipsapps.org/fra/ora/richesses/js/09-B009-001.html,HTTPError: 404 Client Error: Not Found for url: https://media.ipsapps.org/fra/ora/richesses/js/09-B009-001.html
https://media.ipsapps.org/fra/ora/richesses/,https://media.ipsapps.org/fra/ora/richesses/js/01-B002-001.html,HTTPError: 404 Client Error: Not Found for url: https://media.ipsapps.org/fra/ora/richesses/js/01-B002-001.html
https://media.ipsapps.org/fra/ora/richesses/,https://media.ipsapps.org/fra/ora/richesses/js/18-B017-001.html,HTTPError: 404 Client Error: Not Found for url: https://media.ipsapps.org/fra/ora/richesses/js/18-B017-001.html
https://media.ipsapps.org/fra/ora/richesses/,https://media.ipsapps.org/fra/ora/richesses/js/14-B014-001.html,HTTPError: 404 Client Error: Not Found for url: https://media.ipsapps.org/fra/ora/richesses/js/14-B014-001.html
https://media.ipsapps.org/fra/ora/richesses/,https://media.ipsapps.org/fra/ora/richesses/js/12-B012-001.html,HTTPError: 404 Client Error: Not Found for url: https://media.ipsapps.org/fra/ora/richesses/js/12-B012-001.html
https://media.ipsapps.org/fra/ora/richesses/,https://media.ipsapps.org/fra/ora/richesses/js/06-B006-001.html,HTTPError: 404 Client Error: Not Found for url: https://media.ipsapps.org/fra/ora/richesses/js/06-B006-001.html
https://media.ipsapps.org/fra/ora/richesses/,https://media.ipsapps.org/fra/ora/richesses/js/16-B021-001.html,HTTPError: 404 Client Error: Not Found for url: https://media.ipsapps.org/fra/ora/richesses/js/16-B021-001.html
https://media.ipsapps.org/fra/ora/richesses/,https://media.ipsapps.org/fra/ora/richesses/js/07-B007-001.html,HTTPError: 404 Client Error: Not Found for url: https://media.ipsapps.org/fra/ora/richesses/js/07-B007-001.html
https://media.ipsapps.org/fra/ora/richesses/,https://media.ipsapps.org/fra/ora/richesses/js/22-B020-001.html,HTTPError: 404 Client Error: Not Found for url: https://media.ipsapps.org/fra/ora/richesses/js/22-B020-001.html
https://media.ipsapps.org/fra/ora/richesses/,https://media.ipsapps.org/fra/fra-audio/ora/Richesse French webm16.mp3,HTTPError: 404 Client Error: Not Found for url: https://media.ipsapps.org/fra/fra-audio/ora/Richesse%20French%20webm16.mp3
https://media.ipsapps.org/fra/ora/richesses/,https://media.ipsapps.org/fra/ora/richesses/js/Popcorn.js,HTTPError: 404 Client Error: Not Found for url: https://media.ipsapps.org/fra/ora/richesses/js/Popcorn.js
https://media.ipsapps.org/fra/ora/richesses/,https://media.ipsapps.org/fra/fra-audio/ora/Riches English webm16.mp3,HTTPError: 404 Client Error: Not Found for url: https://media.ipsapps.org/fra/fra-audio/ora/Riches%20English%20webm16.mp3
https://media.ipsapps.org/mos/ora/vol5/,https://media.ipsapps.org/mos/ora/vol5/js/Popcorn.js,HTTPError: 404 Client Error: Not Found for url: https://media.ipsapps.org/mos/ora/vol5/js/Popcorn.js
https://media.ipsapps.org/mos/ora/vol5/,https://media.ipsapps.org/mos/ora/vol5/js/49-B033-001.html,HTTPError: 404 Client Error: Not Found for url: https://media.ipsapps.org/mos/ora/vol5/js/49-B033-001.html
https://media.ipsapps.org/mos/ora/vol5/,https://media.ipsapps.org/mos/ora/vol5/js/11-B053-001.html,HTTPError: 404 Client Error: Not Found for url: https://media.ipsapps.org/mos/ora/vol5/js/11-B053-001.html
https://media.ipsapps.org/mos/ora/vol5/,https://media.ipsapps.org/mos/ora/vol5/js/14-B056-001.html,HTTPError: 404 Client Error: Not Found for url: https://media.ipsapps.org/mos/ora/vol5/js/14-B056-001.html
https://media.ipsapps.org/mos/ora/vol5/,https://media.ipsapps.org/mos/ora/vol5/js/36-B018-001.html,HTTPError: 404 Client Error: Not Found for url: https://media.ipsapps.org/mos/ora/vol5/js/36-B018-001.html
https://media.ipsapps.org/mos/ora/vol5/,https://media.ipsapps.org/mos/ora/vol5/js/55-B039-001.html,HTTPError: 404 Client Error: Not Found for url: https://media.ipsapps.org/mos/ora/vol5/js/55-B039-001.html
https://media.ipsapps.org/mos/ora/vol5/,https://media.ipsapps.org/mos/ora/vol5/js/12-B054-001.html,HTTPError: 404 Client Error: Not Found for url: https://media.ipsapps.org/mos/ora/vol5/js/12-B054-001.html
https://media.ipsapps.org/mos/ora/vol5/,https://media.ipsapps.org/mos/ora/vol5/js/24-B006-001.html,HTTPError: 404 Client Error: Not Found for url: https://media.ipsapps.org/mos/ora/vol5/js/24-B006-001.html
https://media.ipsapps.org/mos/ora/vol5/,https://media.ipsapps.org/mos/ora/vol5/js/06-B048-001.html,HTTPError: 404 Client Error: Not Found for url: https://media.ipsapps.org/mos/ora/vol5/js/06-B048-001.html
https://media.ipsapps.org/mos/ora/vol5/,https://media.ipsapps.org/mos/ora/vol5/js/25-B007-001.html,HTTPError: 404 Client Error: Not Found for url: https://media.ipsapps.org/mos/ora/vol5/js/25-B007-001.html
https://media.ipsapps.org/mos/ora/vol5/,https://media.ipsapps.org/mos/ora/vol5/js/22-B004-001.html,HTTPError: 404 Client Error: Not Found for url: https://media.ipsapps.org/mos/ora/vol5/js/22-B004-001.html
https://media.ipsapps.org/mos/ora/vol5/,https://media.ipsapps.org/mos/ora/vol5/js/51-B035-001.html,HTTPError: 404 Client Error: Not Found for url: https://media.ipsapps.org/mos/ora/vol5/js/51-B035-001.html
https://media.ipsapps.org/mos/ora/vol5/,https://media.ipsapps.org/mos/ora/vol5/js/28-B010-001.html,HTTPError: 404 Client Error: Not Found for url: https://media.ipsapps.org/mos/ora/vol5/js/28-B010-001.html
https://media.ipsapps.org/mos/ora/vol5/,https://media.ipsapps.org/mos/ora/vol5/js/40-B024-001.html,HTTPError: 404 Client Error: Not Found for url: https://media.ipsapps.org/mos/ora/vol5/js/40-B024-001.html
https://media.ipsapps.org/mos/ora/vol5/,https://media.ipsapps.org/mos/ora/vol5/js/38-B020-001.html,HTTPError: 404 Client Error: Not Found for url: https://media.ipsapps.org/mos/ora/vol5/js/38-B020-001.html
https://media.ipsapps.org/mos/ora/vol5/,https://media.ipsapps.org/mos/ora/vol5/js/04-B044-001.html,HTTPError: 404 Client Error: Not Found for url: https://media.ipsapps.org/mos/ora/vol5/js/04-B044-001.html
https://media.ipsapps.org/mos/ora/vol5/,https://media.ipsapps.org/mos/ora/vol5/js/16-B058-001.html,HTTPError: 404 Client Error: Not Found for url: https://media.ipsapps.org/mos/ora/vol5/js/16-B058-001.html
https://media.ipsapps.org/mos/ora/vol5/,https://media.ipsapps.org/mos/ora/vol5/js/05-B047-001.html,HTTPError: 404 Client Error: Not Found for url: https://media.ipsapps.org/mos/ora/vol5/js/05-B047-001.html
https://media.ipsapps.org/mos/ora/vol5/,https://media.ipsapps.org/mos/ora/vol5/js/20-B002-001.html,HTTPError: 404 Client Error: Not Found for url: https://media.ipsapps.org/mos/ora/vol5/js/20-B002-001.html
https://media.ipsapps.org/mos/ora/vol5/,https://media.ipsapps.org/mos/ora/vol5/js/44-B028-001.html,HTTPError: 404 Client Error: Not Found for url: https://media.ipsapps.org/mos/ora/vol5/js/44-B028-001.html
https://media.ipsapps.org/mos/ora/vol5/,https://media.ipsapps.org/mos/ora/vol5/js/57-B041-001.html,HTTPError: 404 Client Error: Not Found for url: https://media.ipsapps.org/mos/ora/vol5/js/57-B041-001.html
https://media.ipsapps.org/mos/ora/vol5/,https://media.ipsapps.org/mos/ora/vol5/js/29-B011-001.html,HTTPError: 404 Client Error: Not Found for url: https://media.ipsapps.org/mos/ora/vol5/js/29-B011-001.html
https://media.ipsapps.org/mos/ora/vol5/,https://media.ipsapps.org/mos/ora/vol5/js/19-B001-001.html,HTTPError: 404 Client Error: Not Found for url: https://media.ipsapps.org/mos/ora/vol5/js/19-B001-001.html
https://media.ipsapps.org/mos/ora/vol5/,https://media.ipsapps.org/mos/ora/vol5/js/18-B060-001.html,HTTPError: 404 Client Error: Not Found for url: https://media.ipsapps.org/mos/ora/vol5/js/18-B060-001.html
https://media.ipsapps.org/mos/ora/vol5/,https://media.ipsapps.org/mos/ora/vol5/js/52-B036-001.html,HTTPError: 404 Client Error: Not Found for url: https://media.ipsapps.org/mos/ora/vol5/js/52-B036-001.html
https://media.ipsapps.org/mos/ora/vol5/,https://media.ipsapps.org/mos/ora/vol5/js/03-B043-001.html,HTTPError: 404 Client Error: Not Found for url: https://media.ipsapps.org/mos/ora/vol5/js/03-B043-001.html
https://media.ipsapps.org/mos/ora/vol5/,https://media.ipsapps.org/mos/ora/vol5/js/53-B037-001.html,HTTPError: 404 Client Error: Not Found for url: https://media.ipsapps.org/mos/ora/vol5/js/53-B037-001.html
https://media.ipsapps.org/mos/ora/vol5/,https://media.ipsapps.org/mos/ora/vol5/js/09-B051-001.html,HTTPError: 404 Client Error: Not Found for url: https://media.ipsapps.org/mos/ora/vol5/js/09-B051-001.html
https://media.ipsapps.org/mos/ora/vol5/,https://media.ipsapps.org/mos/ora/vol5/js/37-B019-001.html,HTTPError: 404 Client Error: Not Found for url: https://media.ipsapps.org/mos/ora/vol5/js/37-B019-001.html
https://media.ipsapps.org/mos/ora/vol5/,https://media.ipsapps.org/mos/ora/vol5/js/30-B012-001.html,HTTPError: 404 Client Error: Not Found for url: https://media.ipsapps.org/mos/ora/vol5/js/30-B012-001.html
https://media.ipsapps.org/mos/ora/vol5/,https://media.ipsapps.org/mos/ora/vol5/js/45-B029-001.html,HTTPError: 404 Client Error: Not Found for url: https://media.ipsapps.org/mos/ora/vol5/js/45-B029-001.html
https://media.ipsapps.org/mos/ora/vol5/,https://media.ipsapps.org/mos/ora/vol5/js/13-B055-001.html,HTTPError: 404 Client Error: Not Found for url: https://media.ipsapps.org/mos/ora/vol5/js/13-B055-001.html
https://media.ipsapps.org/mos/ora/vol5/,https://media.ipsapps.org/mos/ora/vol5/js/27-B009-001.html,HTTPError: 404 Client Error: Not Found for url: https://media.ipsapps.org/mos/ora/vol5/js/27-B009-001.html
https://media.ipsapps.org/mos/ora/vol5/,https://media.ipsapps.org/mos/ora/vol5/js/23-B005-001.html,HTTPError: 404 Client Error: Not Found for url: https://media.ipsapps.org/mos/ora/vol5/js/23-B005-001.html
https://media.ipsapps.org/mos/ora/vol5/,https://media.ipsapps.org/mos/ora/vol5/js/56-B040-001.html,HTTPError: 404 Client Error: Not Found for url: https://media.ipsapps.org/mos/ora/vol5/js/56-B040-001.html
https://media.ipsapps.org/mos/ora/vol5/,https://media.ipsapps.org/mos/ora/vol5/js/46-B030-001.html,HTTPError: 404 Client Error: Not Found for url: https://media.ipsapps.org/mos/ora/vol5/js/46-B030-001.html
https://media.ipsapps.org/mos/ora/vol5/,https://media.ipsapps.org/mos/ora/vol5/js/58-B042-001.html,HTTPError: 404 Client Error: Not Found for url: https://media.ipsapps.org/mos/ora/vol5/js/58-B042-001.html
https://media.ipsapps.org/mos/ora/vol5/,https://media.ipsapps.org/mos/ora/vol5/js/26-B008-001.html,HTTPError: 404 Client Error: Not Found for url: https://media.ipsapps.org/mos/ora/vol5/js/26-B008-001.html
https://media.ipsapps.org/mos/ora/vol5/,https://media.ipsapps.org/mos/ora/vol5/js/07-B049-001.html,HTTPError: 404 Client Error: Not Found for url: https://media.ipsapps.org/mos/ora/vol5/js/07-B049-001.html
https://media.ipsapps.org/mos/ora/vol5/,https://media.ipsapps.org/mos/ora/vol5/js/08-B050-001.html,HTTPError: 404 Client Error: Not Found for url: https://media.ipsapps.org/mos/ora/vol5/js/08-B050-001.html
https://media.ipsapps.org/mos/ora/vol5/,https://media.ipsapps.org/mos/ora/vol5/js/31-B013-001.html,HTTPError: 404 Client Error: Not Found for url: https://media.ipsapps.org/mos/ora/vol5/js/31-B013-001.html
https://media.ipsapps.org/mos/ora/vol5/,https://media.ipsapps.org/mos/ora/vol5/js/35-B017-001.html,HTTPError: 404 Client Error: Not Found for url: https://media.ipsapps.org/mos/ora/vol5/js/35-B017-001.html
https://media.ipsapps.org/mos/ora/vol5/,https://media.ipsapps.org/mos/ora/vol5/js/60-B046-001.html,HTTPError: 404 Client Error: Not Found for url: https://media.ipsapps.org/mos/ora/vol5/js/60-B046-001.html
https://media.ipsapps.org/mos/ora/vol5/,https://media.ipsapps.org/mos/ora/vol5/js/41-B025-001.html,HTTPError: 404 Client Error: Not Found for url: https://media.ipsapps.org/mos/ora/vol5/js/41-B025-001.html
https://media.ipsapps.org/mos/ora/vol5/,https://media.ipsapps.org/mos/ora/vol5/js/10-B052-001.html,HTTPError: 404 Client Error: Not Found for url: https://media.ipsapps.org/mos/ora/vol5/js/10-B052-001.html
https://media.ipsapps.org/mos/ora/vol5/,https://media.ipsapps.org/mos/ora/vol5/js/01-B021-001.html,HTTPError: 404 Client Error: Not Found for url: https://media.ipsapps.org/mos/ora/vol5/js/01-B021-001.html
https://media.ipsapps.org/mos/ora/vol5/,https://media.ipsapps.org/mos/ora/vol5/js/15-B057-001.html,HTTPError: 404 Client Error: Not Found for url: https://media.ipsapps.org/mos/ora/vol5/js/15-B057-001.html
https://media.ipsapps.org/mos/ora/vol5/,https://media.ipsapps.org/mos/ora/vol5/js/17-B059-001.html,HTTPError: 404 Client Error: Not Found for url: https://media.ipsapps.org/mos/ora/vol5/js/17-B059-001.html
https://media.ipsapps.org/mos/ora/vol5/,https://media.ipsapps.org/mos/ora/vol5/js/39-B023-001.html,HTTPError: 404 Client Error: Not Found for url: https://media.ipsapps.org/mos/ora/vol5/js/39-B023-001.html
https://media.ipsapps.org/mos/ora/vol5/,https://media.ipsapps.org/mos/ora/vol5/js/42-B026-001.html,HTTPError: 404 Client Error: Not Found for url: https://media.ipsapps.org/mos/ora/vol5/js/42-B026-001.html
https://media.ipsapps.org/mos/ora/vol5/,https://media.ipsapps.org/mos/ora/vol5/js/59-B045-001.html,HTTPError: 404 Client Error: Not Found for url: https://media.ipsapps.org/mos/ora/vol5/js/59-B045-001.html
https://media.ipsapps.org/mos/ora/vol5/,https://media.ipsapps.org/mos/ora/vol5/js/50-B034-001.html,HTTPError: 404 Client Error: Not Found for url: https://media.ipsapps.org/mos/ora/vol5/js/50-B034-001.html
https://media.ipsapps.org/mos/ora/vol5/,https://media.ipsapps.org/mos/ora/vol5/js/02-B022-001.html,HTTPError: 404 Client Error: Not Found for url: https://media.ipsapps.org/mos/ora/vol5/js/02-B022-001.html
https://media.ipsapps.org/mos/ora/vol5/,https://media.ipsapps.org/mos/ora/vol5/js/47-B031-001.html,HTTPError: 404 Client Error: Not Found for url: https://media.ipsapps.org/mos/ora/vol5/js/47-B031-001.html
https://media.ipsapps.org/mos/ora/vol5/,https://media.ipsapps.org/mos/ora/vol5/js/48-B032-001.html,HTTPError: 404 Client Error: Not Found for url: https://media.ipsapps.org/mos/ora/vol5/js/48-B032-001.html
https://media.ipsapps.org/mos/ora/vol5/,https://media.ipsapps.org/mos/ora/vol5/js/32-B014-001.html,HTTPError: 404 Client Error: Not Found for url: https://media.ipsapps.org/mos/ora/vol5/js/32-B014-001.html
https://media.ipsapps.org/mos/ora/vol5/,https://media.ipsapps.org/mos/ora/vol5/js/33-B015-001.html,HTTPError: 404 Client Error: Not Found for url: https://media.ipsapps.org/mos/ora/vol5/js/33-B015-001.html
https://media.ipsapps.org/mos/ora/vol5/,https://media.ipsapps.org/mos/ora/vol5/js/21-B003-001.html,HTTPError: 404 Client Error: Not Found for url: https://media.ipsapps.org/mos/ora/vol5/js/21-B003-001.html
https://media.ipsapps.org/mos/ora/vol5/,https://media.ipsapps.org/mos/ora/vol5/js/54-B038-001.html,HTTPError: 404 Client Error: Not Found for url: https://media.ipsapps.org/mos/ora/vol5/js/54-B038-001.html
https://media.ipsapps.org/mos/ora/vol5/,https://media.ipsapps.org/mos/ora/vol5/js/34-B016-001.html,HTTPError: 404 Client Error: Not Found for url: https://media.ipsapps.org/mos/ora/vol5/js/34-B016-001.html
https://media.ipsapps.org/mos/ora/vol5/,https://media.ipsapps.org/mos/ora/vol5/js/43-B027-001.html,HTTPError: 404 Client Error: Not Found for url: https://media.ipsapps.org/mos/ora/vol5/js/43-B027-001.html
https://media.ipsapps.org/mos/ora/vol5/,https://media.ipsapps.org/mos/ora/vol5/sw.js,HTTPError: 404 Client Error: Not Found for url: https://media.ipsapps.org/mos/ora/vol5/sw.js
https://media.ipsapps.org/fuh/oda/,https://media.ipsapps.org/fuh/oda/audio/636909397164711251Amaana Kiiɗɗo.mp3,HTTPError: 404 Client Error: Not Found for url: https://media.ipsapps.org/fuh/oda/audio/636909397164711251Amaana%20Kii%C9%97%C9%97o.mp3
https://media.ipsapps.org/fuh/oda/,https://media.ipsapps.org/fuh/oda/audio/636909416313165035awotooɗo.mp3,HTTPError: 404 Client Error: Not Found for url: https://media.ipsapps.org/fuh/oda/audio/636909416313165035awotoo%C9%97o.mp3
https://media.ipsapps.org/fuh/oda/,https://media.ipsapps.org/fuh/oda/audio/636909410945537131arɗo.mp3,HTTPError: 404 Client Error: Not Found for url: https://media.ipsapps.org/fuh/oda/audio/636909410945537131ar%C9%97o.mp3
https://media.ipsapps.org/fuh/oda/,https://media.ipsapps.org/fuh/oda/audio/636909409674369029ardiiɗo.mp3,HTTPError: 404 Client Error: Not Found for url: https://media.ipsapps.org/fuh/oda/audio/636909409674369029ardii%C9%97o.mp3
https://media.ipsapps.org/fuh/oda/,https://media.ipsapps.org/fuh/oda/audio/636909416890011700awƴorgal.mp3,HTTPError: 404 Client Error: Not Found for url: https://media.ipsapps.org/fuh/oda/audio/636909416890011700aw%C6%B4orgal.mp3
https://media.ipsapps.org/fuh/oda/,https://media.ipsapps.org/fuh/oda/audio/636909379334280665aawdi-liƴƴi.mp3,HTTPError: 404 Client Error: Not Found for url: https://media.ipsapps.org/fuh/oda/audio/636909379334280665aawdi-li%C6%B4%C6%B4i.mp3
https://media.ipsapps.org/fuh/oda/,https://media.ipsapps.org/fuh/oda/audio/636909415370341038awagol liƴƴi.mp3,HTTPError: 404 Client Error: Not Found for url: https://media.ipsapps.org/fuh/oda/audio/636909415370341038awagol%20li%C6%B4%C6%B4i.mp3
https://media.ipsapps.org/fuh/oda/,https://media.ipsapps.org/fuh/oda/audio/636909417013613278awƴude.mp3,HTTPError: 404 Client Error: Not Found for url: https://media.ipsapps.org/fuh/oda/audio/636909417013613278aw%C6%B4ude.mp3
https://media.ipsapps.org/fuh/oda/,https://media.ipsapps.org/fuh/oda/audio/636909416784392328awƴaade.mp3,HTTPError: 404 Client Error: Not Found for url: https://media.ipsapps.org/fuh/oda/audio/636909416784392328aw%C6%B4aade.mp3
https://media.ipsapps.org/fuh/oda/,https://media.ipsapps.org/fuh/oda/audio/636909404343940155annduɗo.mp3,HTTPError: 404 Client Error: Not Found for url: https://media.ipsapps.org/fuh/oda/audio/636909404343940155anndu%C9%97o.mp3
https://media.ipsapps.org/fuh/oda/,https://media.ipsapps.org/fuh/oda/audio/636909402919167144anndal-fuɗngo.mp3,HTTPError: 404 Client Error: Not Found for url: https://media.ipsapps.org/fuh/oda/audio/636909402919167144anndal-fu%C9%97ngo.mp3
https://media.ipsapps.org/fuh/oda/,https://media.ipsapps.org/fuh/oda/audio/636909410399824285ardinaaɗo.mp3,HTTPError: 404 Client Error: Not Found for url: https://media.ipsapps.org/fuh/oda/audio/636909410399824285ardinaa%C9%97o.mp3
https://media.ipsapps.org/fuh/oda/,https://media.ipsapps.org/fuh/oda/audio/636935028839783915iɓe.mp3,HTTPError: 404 Client Error: Not Found for url: https://media.ipsapps.org/fuh/oda/audio/636935028839783915i%C9%93e.mp3
https://media.ipsapps.org/fuh/oda/,https://media.ipsapps.org/fuh/oda/audio/636935033417188715ina moƴƴa.mp3,HTTPError: 404 Client Error: Not Found for url: https://media.ipsapps.org/fuh/oda/audio/636935033417188715ina%20mo%C6%B4%C6%B4a.mp3
https://media.ipsapps.org/fuh/oda/,https://media.ipsapps.org/fuh/oda/audio/636935029194123302Ibraninkooɓe.mp3,HTTPError: 404 Client Error: Not Found for url: https://media.ipsapps.org/fuh/oda/audio/636935029194123302Ibraninkoo%C9%93e.mp3
https://media.ipsapps.org/fuh/oda/,https://media.ipsapps.org/fuh/oda/audio/636945433947397045mbuuɗu.mp3,HTTPError: 404 Client Error: Not Found for url: https://media.ipsapps.org/fuh/oda/audio/636945433947397045mbuu%C9%97u.mp3
https://media.ipsapps.org/fuh/oda/,https://media.ipsapps.org/fuh/oda/audio/636945461914077023miiɓaade.mp3,HTTPError: 404 Client Error: Not Found for url: https://media.ipsapps.org/fuh/oda/audio/636945461914077023mii%C9%93aade.mp3
https://media.ipsapps.org/fuh/oda/,https://media.ipsapps.org/fuh/oda/audio/636945461830197235miɗo.mp3,HTTPError: 404 Client Error: Not Found for url: https://media.ipsapps.org/fuh/oda/audio/636945461830197235mi%C9%97o.mp3
https://media.ipsapps.org/fuh/oda/,https://media.ipsapps.org/fuh/oda/audio/636945458942842477metta ƴiiƴaajo.mp3,HTTPError: 404 Client Error: Not Found for url: https://media.ipsapps.org/fuh/oda/audio/636945458942842477metta%20%C6%B4ii%C6%B4aajo.mp3
https://media.ipsapps.org/fuh/oda/,https://media.ipsapps.org/fuh/oda/audio/636945474735103279mommiɗinde.mp3,HTTPError: 404 Client Error: Not Found for url: https://media.ipsapps.org/fuh/oda/audio/636945474735103279mommi%C9%97inde.mp3
https://media.ipsapps.org/fuh/oda/,https://media.ipsapps.org/fuh/oda/audio/636945469981768913mo ɓeerndemum.mp3,HTTPError: 404 Client Error: Not Found for url: https://media.ipsapps.org/fuh/oda/audio/636945469981768913mo%20%C9%93eerndemum.mp3
https://media.ipsapps.org/fuh/oda/,https://media.ipsapps.org/fuh/oda/audio/636940237209541118maaɗa.mp3,HTTPError: 404 Client Error: Not Found for url: https://media.ipsapps.org/fuh/oda/audio/636940237209541118maa%C9%97a.mp3
https://media.ipsapps.org/fuh/oda/,https://media.ipsapps.org/fuh/oda/audio/636945435565073852mbuƴu.mp3,HTTPError: 404 Client Error: Not Found for url: https://media.ipsapps.org/fuh/oda/audio/636945435565073852mbu%C6%B4u.mp3
https://media.ipsapps.org/fuh/oda/,https://media.ipsapps.org/fuh/oda/audio/636945483129565936moƴƴuki.mp3,HTTPError: 404 Client Error: Not Found for url: https://media.ipsapps.org/fuh/oda/audio/636945483129565936mo%C6%B4%C6%B4uki.mp3
https://media.ipsapps.org/fuh/oda/,https://media.ipsapps.org/fuh/oda/audio/636945436115040430meeɗude.mp3,HTTPError: 404 Client Error: Not Found for url: https://media.ipsapps.org/fuh/oda/audio/636945436115040430mee%C9%97ude.mp3
https://media.ipsapps.org/fuh/oda/,https://media.ipsapps.org/fuh/oda/audio/636945476470138596moofiɗinde.mp3,HTTPError: 404 Client Error: Not Found for url: https://media.ipsapps.org/fuh/oda/audio/636945476470138596moofi%C9%97inde.mp3
https://media.ipsapps.org/fuh/oda/,https://media.ipsapps.org/fuh/oda/audio/636945405542260862maraaɗo.mp3,HTTPError: 404 Client Error: Not Found for url: https://media.ipsapps.org/fuh/oda/audio/636945405542260862maraa%C9%97o.mp3
https://media.ipsapps.org/fuh/oda/,https://media.ipsapps.org/fuh/oda/audio/636945413584429669mawnitiiɗo.mp3,HTTPError: 404 Client Error: Not Found for url: https://media.ipsapps.org/fuh/oda/audio/636945413584429669mawnitii%C9%97o.mp3
https://media.ipsapps.org/fuh/oda/,https://media.ipsapps.org/fuh/oda/audio/636945482541167294moƴƴinaade.mp3,HTTPError: 404 Client Error: Not Found for url: https://media.ipsapps.org/fuh/oda/audio/636945482541167294mo%C6%B4%C6%B4inaade.mp3
https://media.ipsapps.org/fuh/oda/,https://media.ipsapps.org/fuh/oda/audio/636945415196091013maƴƴere.mp3,HTTPError: 404 Client Error: Not Found for url: https://media.ipsapps.org/fuh/oda/audio/636945415196091013ma%C6%B4%C6%B4ere.mp3
https://media.ipsapps.org/fuh/oda/,https://media.ipsapps.org/fuh/oda/audio/636940237520199541maamiraaɓe.mp3,HTTPError: 404 Client Error: Not Found for url: https://media.ipsapps.org/fuh/oda/audio/636940237520199541maamiraa%C9%93e.mp3
https://media.ipsapps.org/fuh/oda/,https://media.ipsapps.org/fuh/oda/audio/636945475739746100mooɓirde.mp3,HTTPError: 404 Client Error: Not Found for url: https://media.ipsapps.org/fuh/oda/audio/636945475739746100moo%C9%93irde.mp3
https://media.ipsapps.org/fuh/oda/,https://media.ipsapps.org/fuh/oda/audio/636945482883798922moƴƴinnde.mp3,HTTPError: 404 Client Error: Not Found for url: https://media.ipsapps.org/fuh/oda/audio/636945482883798922mo%C6%B4%C6%B4innde.mp3
https://media.ipsapps.org/fuh/oda/,https://media.ipsapps.org/fuh/oda/audio/636945482472566547moƴƴiɗinde.mp3,HTTPError: 404 Client Error: Not Found for url: https://media.ipsapps.org/fuh/oda/audio/636945482472566547mo%C6%B4%C6%B4i%C9%97inde.mp3
https://media.ipsapps.org/fuh/oda/,https://media.ipsapps.org/fuh/oda/audio/636945488205523911mulgiɗinde.mp3,HTTPError: 404 Client Error: Not Found for url: https://media.ipsapps.org/fuh/oda/audio/636945488205523911mulgi%C9%97inde.mp3
https://media.ipsapps.org/fuh/oda/,https://media.ipsapps.org/fuh/oda/audio/636945395775306264maayo ɓaleewo.mp3,HTTPError: 404 Client Error: Not Found for url: https://media.ipsapps.org/fuh/oda/audio/636945395775306264maayo%20%C9%93aleewo.mp3
https://media.ipsapps.org/fuh/oda/,https://media.ipsapps.org/fuh/oda/audio/636945400338366056malliɗinde.mp3,HTTPError: 404 Client Error: Not Found for url: https://media.ipsapps.org/fuh/oda/audio/636945400338366056malli%C9%97inde.mp3
https://media.ipsapps.org/fuh/oda/,https://media.ipsapps.org/fuh/oda/audio/636945487886468763mukkiɗinde.mp3,HTTPError: 404 Client Error: Not Found for url: https://media.ipsapps.org/fuh/oda/audio/636945487886468763mukki%C9%97inde.mp3
https://media.ipsapps.org/fuh/oda/,https://media.ipsapps.org/fuh/oda/audio/636945426885253941mbooɗirka.mp3,HTTPError: 404 Client Error: Not Found for url: https://media.ipsapps.org/fuh/oda/audio/636945426885253941mboo%C9%97irka.mp3
https://media.ipsapps.org/fuh/oda/,https://media.ipsapps.org/fuh/oda/audio/636945405483963030maraaɗo.mp3,HTTPError: 404 Client Error: Not Found for url: https://media.ipsapps.org/fuh/oda/audio/636945405483963030maraa%C9%97o.mp3
https://media.ipsapps.org/fuh/oda/,https://media.ipsapps.org/fuh/oda/audio/636945396338158356maɓɓe.mp3,HTTPError: 404 Client Error: Not Found for url: https://media.ipsapps.org/fuh/oda/audio/636945396338158356ma%C9%93%C9%93e.mp3
https://media.ipsapps.org/fuh/oda/,https://media.ipsapps.org/fuh/oda/audio/636945482404400261moƴƴere.mp3,HTTPError: 404 Client Error: Not Found for url: https://media.ipsapps.org/fuh/oda/audio/636945482404400261mo%C6%B4%C6%B4ere.mp3
https://media.ipsapps.org/fuh/oda/,https://media.ipsapps.org/fuh/oda/audio/636945496520588954muuɗum'en.mp3,HTTPError: 404 Client Error: Not Found for url: https://media.ipsapps.org/fuh/oda/audio/636945496520588954muu%C9%97um'en.mp3
https://media.ipsapps.org/fuh/oda/,https://media.ipsapps.org/fuh/oda/audio/636940237876030381maanda annditiirɗo.mp3,HTTPError: 404 Client Error: Not Found for url: https://media.ipsapps.org/fuh/oda/audio/636940237876030381maanda%20annditiir%C9%97o.mp3
https://media.ipsapps.org/fuh/oda/,https://media.ipsapps.org/fuh/oda/audio/636945476054705712mooɓude.mp3,HTTPError: 404 Client Error: Not Found for url: https://media.ipsapps.org/fuh/oda/audio/636945476054705712moo%C9%93ude.mp3
https://media.ipsapps.org/fuh/oda/,https://media.ipsapps.org/fuh/oda/audio/636945396419386549maɓɓude.mp3,HTTPError: 404 Client Error: Not Found for url: https://media.ipsapps.org/fuh/oda/audio/636945396419386549ma%C9%93%C9%93ude.mp3
https://media.ipsapps.org/fuh/oda/,https://media.ipsapps.org/fuh/oda/audio/636945482954495157moƴƴo.mp3,HTTPError: 404 Client Error: Not Found for url: https://media.ipsapps.org/fuh/oda/audio/636945482954495157mo%C6%B4%C6%B4o.mp3
https://media.ipsapps.org/fuh/oda/,https://media.ipsapps.org/fuh/oda/audio/636945476353307834mooɗon.mp3,HTTPError: 404 Client Error: Not Found for url: https://media.ipsapps.org/fuh/oda/audio/636945476353307834moo%C9%97on.mp3
https://media.ipsapps.org/fuh/oda/,https://media.ipsapps.org/fuh/oda/audio/636945483059476233moƴƴude.mp3,HTTPError: 404 Client Error: Not Found for url: https://media.ipsapps.org/fuh/oda/audio/636945483059476233mo%C6%B4%C6%B4ude.mp3
https://media.ipsapps.org/fuh/oda/,https://media.ipsapps.org/fuh/oda/audio/636945475653032812mooɓaade.mp3,HTTPError: 404 Client Error: Not Found for url: https://media.ipsapps.org/fuh/oda/audio/636945475653032812moo%C9%93aade.mp3
https://media.ipsapps.org/fuh/oda/,https://media.ipsapps.org/fuh/oda/audio/636945435994088906meeɗen.mp3,HTTPError: 404 Client Error: Not Found for url: https://media.ipsapps.org/fuh/oda/audio/636945435994088906mee%C9%97en.mp3
https://media.ipsapps.org/fuh/oda/,https://media.ipsapps.org/fuh/oda/audio/636945498486090199muuyɗe bonɗe.mp3,HTTPError: 404 Client Error: Not Found for url: https://media.ipsapps.org/fuh/oda/audio/636945498486090199muuy%C9%97e%20bon%C9%97e.mp3
https://media.ipsapps.org/fuh/oda/,https://media.ipsapps.org/fuh/oda/audio/636945418859196036mbaɓɓattu.mp3,HTTPError: 404 Client Error: Not Found for url: https://media.ipsapps.org/fuh/oda/audio/636945418859196036mba%C9%93%C9%93attu.mp3
https://media.ipsapps.org/fuh/oda/,https://media.ipsapps.org/fuh/oda/audio/636945423030487443mbeɗu.mp3,HTTPError: 404 Client Error: Not Found for url: https://media.ipsapps.org/fuh/oda/audio/636945423030487443mbe%C9%97u.mp3
https://media.ipsapps.org/fuh/oda/,https://media.ipsapps.org/fuh/oda/audio/636945476634805080moolaaɗo.mp3,HTTPError: 404 Client Error: Not Found for url: https://media.ipsapps.org/fuh/oda/audio/636945476634805080moolaa%C9%97o.mp3
https://media.ipsapps.org/fuh/oda/,https://media.ipsapps.org/fuh/oda/audio/636945498382728194muuyɗe.mp3,HTTPError: 404 Client Error: Not Found for url: https://media.ipsapps.org/fuh/oda/audio/636945498382728194muuy%C9%97e.mp3
https://media.ipsapps.org/fuh/oda/,https://media.ipsapps.org/fuh/oda/audio/636945486947507033muɓɓaade.mp3,HTTPError: 404 Client Error: Not Found for url: https://media.ipsapps.org/fuh/oda/audio/636945486947507033mu%C9%93%C9%93aade.mp3
https://media.ipsapps.org/fuh/oda/,https://media.ipsapps.org/fuh/oda/audio/636945426022063847mboɓoli.mp3,HTTPError: 404 Client Error: Not Found for url: https://media.ipsapps.org/fuh/oda/audio/636945426022063847mbo%C9%93oli.mp3
https://media.ipsapps.org/fuh/oda/,https://media.ipsapps.org/fuh/oda/audio/636945461766473545miɗen.mp3,HTTPError: 404 Client Error: Not Found for url: https://media.ipsapps.org/fuh/oda/audio/636945461766473545mi%C9%97en.mp3
https://media.ipsapps.org/fuh/oda/,https://media.ipsapps.org/fuh/oda/audio/636945496778534880muumɗude.mp3,HTTPError: 404 Client Error: Not Found for url: https://media.ipsapps.org/fuh/oda/audio/636945496778534880muum%C9%97ude.mp3
https://media.ipsapps.org/fuh/oda/,https://media.ipsapps.org/fuh/oda/audio/636945460265056795meƴƴude.mp3,HTTPError: 404 Client Error: Not Found for url: https://media.ipsapps.org/fuh/oda/audio/636945460265056795me%C6%B4%C6%B4ude.mp3
https://media.ipsapps.org/fuh/oda/,https://media.ipsapps.org/fuh/oda/audio/636945471405234507moɗude.mp3,HTTPError: 404 Client Error: Not Found for url: https://media.ipsapps.org/fuh/oda/audio/636945471405234507mo%C9%97ude.mp3
https://media.ipsapps.org/fuh/oda/,https://media.ipsapps.org/fuh/oda/audio/636945470875665993mo ƴi'ataake.mp3,HTTPError: 404 Client Error: Not Found for url: https://media.ipsapps.org/fuh/oda/audio/636945470875665993mo%20%C6%B4i'ataake.mp3
https://media.ipsapps.org/fuh/oda/,https://media.ipsapps.org/fuh/oda/audio/636945488335325436mulƴitaade.mp3,HTTPError: 404 Client Error: Not Found for url: https://media.ipsapps.org/fuh/oda/audio/636945488335325436mul%C6%B4itaade.mp3
https://media.ipsapps.org/fuh/oda/,https://media.ipsapps.org/fuh/oda/audio/636945481319207788mooƴude.mp3,HTTPError: 404 Client Error: Not Found for url: https://media.ipsapps.org/fuh/oda/audio/636945481319207788moo%C6%B4ude.mp3
https://media.ipsapps.org/fuh/oda/,https://media.ipsapps.org/fuh/oda/audio/636945475953927203mooɓoowo.mp3,HTTPError: 404 Client Error: Not Found for url: https://media.ipsapps.org/fuh/oda/audio/636945475953927203moo%C9%93oowo.mp3
https://media.ipsapps.org/fuh/oda/,https://media.ipsapps.org/fuh/oda/audio/636945396106477446maayraaɗo deekum.mp3,HTTPError: 404 Client Error: Not Found for url: https://media.ipsapps.org/fuh/oda/audio/636945396106477446maayraa%C9%97o%20deekum.mp3
https://media.ipsapps.org/fuh/oda/,https://media.ipsapps.org/fuh/oda/audio/636945487219357056muɓɓude.mp3,HTTPError: 404 Client Error: Not Found for url: https://media.ipsapps.org/fuh/oda/audio/636945487219357056mu%C9%93%C9%93ude.mp3
https://media.ipsapps.org/fuh/oda/,https://media.ipsapps.org/fuh/oda/audio/636945414698427287mayɗo.mp3,HTTPError: 404 Client Error: Not Found for url: https://media.ipsapps.org/fuh/oda/audio/636945414698427287may%C9%97o.mp3
https://media.ipsapps.org/fuh/oda/,https://media.ipsapps.org/fuh/oda/audio/636945482800201324moƴƴinde.mp3,HTTPError: 404 Client Error: Not Found for url: https://media.ipsapps.org/fuh/oda/audio/636945482800201324mo%C6%B4%C6%B4inde.mp3
https://media.ipsapps.org/fuh/oda/,https://media.ipsapps.org/fuh/oda/audio/636945415392537981maƴƴude.mp3,HTTPError: 404 Client Error: Not Found for url: https://media.ipsapps.org/fuh/oda/audio/636945415392537981ma%C6%B4%C6%B4ude.mp3
https://media.ipsapps.org/fuh/oda/,https://media.ipsapps.org/fuh/oda/audio/636945471329835064moɗoori.mp3,HTTPError: 404 Client Error: Not Found for url: https://media.ipsapps.org/fuh/oda/audio/636945471329835064mo%C9%97oori.mp3
https://media.ipsapps.org/fuh/oda/,https://media.ipsapps.org/fuh/oda/audio/636945409403907676mawɗo.mp3,HTTPError: 404 Client Error: Not Found for url: https://media.ipsapps.org/fuh/oda/audio/636945409403907676maw%C9%97o.mp3
https://media.ipsapps.org/fuh/oda/,https://media.ipsapps.org/fuh/oda/audio/636945482239900533moƴtude.mp3,HTTPError: 404 Client Error: Not Found for url: https://media.ipsapps.org/fuh/oda/audio/636945482239900533mo%C6%B4tude.mp3
https://media.ipsapps.org/fuh/oda/,https://media.ipsapps.org/fuh/oda/audio/636945396475875322maccuɗo.mp3,HTTPError: 404 Client Error: Not Found for url: https://media.ipsapps.org/fuh/oda/audio/636945396475875322maccu%C9%97o.mp3
https://media.ipsapps.org/fuh/oda/,https://media.ipsapps.org/fuh/oda/audio/636945408920748253masin ƴeptoowo ko teddi.mp3,HTTPError: 404 Client Error: Not Found for url: https://media.ipsapps.org/fuh/oda/audio/636945408920748253masin%20%C6%B4eptoowo%20ko%20teddi.mp3
https://media.ipsapps.org/fuh/oda/,https://media.ipsapps.org/fuh/oda/audio/636945487149053224muɓɓen.mp3,HTTPError: 404 Client Error: Not Found for url: https://media.ipsapps.org/fuh/oda/audio/636945487149053224mu%C9%93%C9%93en.mp3
https://media.ipsapps.org/fuh/oda/,https://media.ipsapps.org/fuh/oda/audio/636945395935846223Maayo Lamɗam.mp3,HTTPError: 404 Client Error: Not Found for url: https://media.ipsapps.org/fuh/oda/audio/636945395935846223Maayo%20Lam%C9%97am.mp3
https://media.ipsapps.org/fuh/oda/,https://media.ipsapps.org/fuh/oda/audio/636945396173983896maayraaɗo gorum.mp3,HTTPError: 404 Client Error: Not Found for url: https://media.ipsapps.org/fuh/oda/audio/636945396173983896maayraa%C9%97o%20gorum.mp3
https://media.ipsapps.org/fuh/oda/,https://media.ipsapps.org/fuh/oda/audio/636945459787020268mettinɗo.mp3,HTTPError: 404 Client Error: Not Found for url: https://media.ipsapps.org/fuh/oda/audio/636945459787020268mettin%C9%97o.mp3
https://media.ipsapps.org/fuh/oda/,https://media.ipsapps.org/fuh/oda/audio/636940238701593918maantotooɗo.mp3,HTTPError: 404 Client Error: Not Found for url: https://media.ipsapps.org/fuh/oda/audio/636940238701593918maantotoo%C9%97o.mp3
https://media.ipsapps.org/fuh/oda/,https://media.ipsapps.org/fuh/oda/audio/636945496453801056muuɗum.mp3,HTTPError: 404 Client Error: Not Found for url: https://media.ipsapps.org/fuh/oda/audio/636945496453801056muu%C9%97um.mp3
https://media.ipsapps.org/fuh/oda/,https://media.ipsapps.org/fuh/oda/audio/636945487436447673muddiɗinde.mp3,HTTPError: 404 Client Error: Not Found for url: https://media.ipsapps.org/fuh/oda/audio/636945487436447673muddi%C9%97inde.mp3
https://media.ipsapps.org/fuh/oda/,https://media.ipsapps.org/fuh/oda/audio/636945422847492699mbeɗɗudi.mp3,HTTPError: 404 Client Error: Not Found for url: https://media.ipsapps.org/fuh/oda/audio/636945422847492699mbe%C9%97%C9%97udi.mp3
https://media.ipsapps.org/fuh/oda/,https://media.ipsapps.org/fuh/oda/audio/636945470792441354mo wooɗaa hawju.mp3,HTTPError: 404 Client Error: Not Found for url: https://media.ipsapps.org/fuh/oda/audio/636945470792441354mo%20woo%C9%97aa%20hawju.mp3
https://media.ipsapps.org/fuh/oda/,https://media.ipsapps.org/fuh/oda/audio/636945425725948950mbinƴu.mp3,HTTPError: 404 Client Error: Not Found for url: https://media.ipsapps.org/fuh/oda/audio/636945425725948950mbin%C6%B4u.mp3
https://media.ipsapps.org/fuh/oda/,https://media.ipsapps.org/fuh/oda/audio/636945481219200331mooƴu.mp3,HTTPError: 404 Client Error: Not Found for url: https://media.ipsapps.org/fuh/oda/audio/636945481219200331moo%C6%B4u.mp3
https://media.ipsapps.org/fuh/oda/,https://media.ipsapps.org/fuh/oda/audio/636945426135920777mboɗa.mp3,HTTPError: 404 Client Error: Not Found for url: https://media.ipsapps.org/fuh/oda/audio/636945426135920777mbo%C9%97a.mp3
https://media.ipsapps.org/fuh/oda/,https://media.ipsapps.org/fuh/oda/audio/636938521994697796ko ɗuuɗi.mp3,HTTPError: 404 Client Error: Not Found for url: https://media.ipsapps.org/fuh/oda/audio/636938521994697796ko%20%C9%97uu%C9%97i.mp3
https://media.ipsapps.org/fuh/oda/,https://media.ipsapps.org/fuh/oda/audio/636938515948588927kiikiiɗe.mp3,HTTPError: 404 Client Error: Not Found for url: https://media.ipsapps.org/fuh/oda/audio/636938515948588927kiikii%C9%97e.mp3
https://media.ipsapps.org/fuh/oda/,https://media.ipsapps.org/fuh/oda/audio/636938499013946050kaɓitirgal.mp3,HTTPError: 404 Client Error: Not Found for url: https://media.ipsapps.org/fuh/oda/audio/636938499013946050ka%C9%93itirgal.mp3
https://media.ipsapps.org/fuh/oda/,https://media.ipsapps.org/fuh/oda/audio/636938515769217305kiɓɓal.mp3,HTTPError: 404 Client Error: Not Found for url: https://media.ipsapps.org/fuh/oda/audio/636938515769217305ki%C9%93%C9%93al.mp3
https://media.ipsapps.org/fuh/oda/,https://media.ipsapps.org/fuh/oda/audio/636939371104217056kunnganaaɗo.mp3,HTTPError: 404 Client Error: Not Found for url: https://media.ipsapps.org/fuh/oda/audio/636939371104217056kunnganaa%C9%97o.mp3
https://media.ipsapps.org/fuh/oda/,https://media.ipsapps.org/fuh/oda/audio/636938553097683899koƴƴa.mp3,HTTPError: 404 Client Error: Not Found for url: https://media.ipsapps.org/fuh/oda/audio/636938553097683899ko%C6%B4%C6%B4a.mp3
https://media.ipsapps.org/fuh/oda/,https://media.ipsapps.org/fuh/oda/audio/636938551003740473kotiiɗi.mp3,HTTPError: 404 Client Error: Not Found for url: https://media.ipsapps.org/fuh/oda/audio/636938551003740473kotii%C9%97i.mp3
https://media.ipsapps.org/fuh/oda/,https://media.ipsapps.org/fuh/oda/audio/636938498588727519kaɓɓol.mp3,HTTPError: 404 Client Error: Not Found for url: https://media.ipsapps.org/fuh/oda/audio/636938498588727519ka%C9%93%C9%93ol.mp3
https://media.ipsapps.org/fuh/oda/,https://media.ipsapps.org/fuh/oda/audio/636938512560913201kelɓol.mp3,HTTPError: 404 Client Error: Not Found for url: https://media.ipsapps.org/fuh/oda/audio/636938512560913201kel%C9%93ol.mp3
https://media.ipsapps.org/fuh/oda/,https://media.ipsapps.org/fuh/oda/audio/636938503881805953kaŋ.mp3,HTTPError: 404 Client Error: Not Found for url: https://media.ipsapps.org/fuh/oda/audio/636938503881805953ka%C5%8B.mp3
https://media.ipsapps.org/fuh/oda/,https://media.ipsapps.org/fuh/oda/audio/636938498948863743kaɓi.mp3,HTTPError: 404 Client Error: Not Found for url: https://media.ipsapps.org/fuh/oda/audio/636938498948863743ka%C9%93i.mp3
https://media.ipsapps.org/fuh/oda/,https://media.ipsapps.org/fuh/oda/audio/636935356254201564kaaɗam.mp3,HTTPError: 404 Client Error: Not Found for url: https://media.ipsapps.org/fuh/oda/audio/636935356254201564kaa%C9%97am.mp3
https://media.ipsapps.org/fuh/oda/,https://media.ipsapps.org/fuh/oda/audio/636938511303608310keeɗu.mp3,HTTPError: 404 Client Error: Not Found for url: https://media.ipsapps.org/fuh/oda/audio/636938511303608310kee%C9%97u.mp3
https://media.ipsapps.org/fuh/oda/,https://media.ipsapps.org/fuh/oda/audio/636938550149714531koroŋ.mp3,HTTPError: 404 Client Error: Not Found for url: https://media.ipsapps.org/fuh/oda/audio/636938550149714531koro%C5%8B.mp3
https://media.ipsapps.org/fuh/oda/,https://media.ipsapps.org/fuh/oda/audio/636938502908253901kamɓen.mp3,HTTPError: 404 Client Error: Not Found for url: https://media.ipsapps.org/fuh/oda/audio/636938502908253901kam%C9%93en.mp3
https://media.ipsapps.org/fuh/oda/,https://media.ipsapps.org/fuh/oda/audio/636938551620241810koyɗo.mp3,HTTPError: 404 Client Error: Not Found for url: https://media.ipsapps.org/fuh/oda/audio/636938551620241810koy%C9%97o.mp3
https://media.ipsapps.org/fuh/oda/,https://media.ipsapps.org/fuh/oda/audio/636938536861073220koɓalawal.mp3,HTTPError: 404 Client Error: Not Found for url: https://media.ipsapps.org/fuh/oda/audio/636938536861073220ko%C9%93alawal.mp3
https://media.ipsapps.org/fuh/oda/,https://media.ipsapps.org/fuh/oda/audio/636938553951329350kuɗooli.mp3,HTTPError: 404 Client Error: Not Found for url: https://media.ipsapps.org/fuh/oda/audio/636938553951329350ku%C9%97ooli.mp3
https://media.ipsapps.org/fuh/oda/,https://media.ipsapps.org/fuh/oda/audio/636938526522846794ko neeɓaay.mp3,HTTPError: 404 Client Error: Not Found for url: https://media.ipsapps.org/fuh/oda/audio/636938526522846794ko%20nee%C9%93aay.mp3
https://media.ipsapps.org/fuh/oda/,https://media.ipsapps.org/fuh/oda/audio/636938536301551460ko yoɓataake.mp3,HTTPError: 404 Client Error: Not Found for url: https://media.ipsapps.org/fuh/oda/audio/636938536301551460ko%20yo%C9%93ataake.mp3
https://media.ipsapps.org/fuh/oda/,https://media.ipsapps.org/fuh/oda/audio/636938508887079277kawteteeɗo.mp3,HTTPError: 404 Client Error: Not Found for url: https://media.ipsapps.org/fuh/oda/audio/636938508887079277kawtetee%C9%97o.mp3
https://media.ipsapps.org/fuh/oda/,https://media.ipsapps.org/fuh/oda/audio/636938498644895897kaɓɓorgol.mp3,HTTPError: 404 Client Error: Not Found for url: https://media.ipsapps.org/fuh/oda/audio/636938498644895897ka%C9%93%C9%93orgol.mp3
https://media.ipsapps.org/fuh/oda/,https://media.ipsapps.org/fuh/oda/audio/636938498434029745kaɓɓol.mp3,HTTPError: 404 Client Error: Not Found for url: https://media.ipsapps.org/fuh/oda/audio/636938498434029745ka%C9%93%C9%93ol.mp3
https://media.ipsapps.org/fuh/oda/,https://media.ipsapps.org/fuh/oda/audio/636938544512684193konngol goonɗinaangol.mp3,HTTPError: 404 Client Error: Not Found for url: https://media.ipsapps.org/fuh/oda/audio/636938544512684193konngol%20goon%C9%97inaangol.mp3
https://media.ipsapps.org/fuh/oda/,https://media.ipsapps.org/fuh/oda/audio/636935360190551512kaaƴeeri.mp3,HTTPError: 404 Client Error: Not Found for url: https://media.ipsapps.org/fuh/oda/audio/636935360190551512kaa%C6%B4eeri.mp3
https://media.ipsapps.org/fuh/oda/,https://media.ipsapps.org/fuh/oda/audio/636938529031147961ko waɗi.mp3,HTTPError: 404 Client Error: Not Found for url: https://media.ipsapps.org/fuh/oda/audio/636938529031147961ko%20wa%C9%97i.mp3
https://media.ipsapps.org/fuh/oda/,https://media.ipsapps.org/fuh/oda/audio/636938499087116442kaɓitirgal-tergal.mp3,HTTPError: 404 Client Error: Not Found for url: https://media.ipsapps.org/fuh/oda/audio/636938499087116442ka%C9%93itirgal-tergal.mp3
https://media.ipsapps.org/fuh/oda/,https://media.ipsapps.org/fuh/oda/audio/636938511870188963keeŋan.mp3,HTTPError: 404 Client Error: Not Found for url: https://media.ipsapps.org/fuh/oda/audio/636938511870188963kee%C5%8Ban.mp3
https://media.ipsapps.org/fuh/oda/,https://media.ipsapps.org/fuh/oda/audio/636938536047669985ko wumɗi.mp3,HTTPError: 404 Client Error: Not Found for url: https://media.ipsapps.org/fuh/oda/audio/636938536047669985ko%20wum%C9%97i.mp3
https://media.ipsapps.org/fuh/oda/,https://media.ipsapps.org/fuh/oda/audio/636938545727348273kooɓal.mp3,HTTPError: 404 Client Error: Not Found for url: https://media.ipsapps.org/fuh/oda/audio/636938545727348273koo%C9%93al.mp3
https://media.ipsapps.org/fuh/oda/,https://media.ipsapps.org/fuh/oda/audio/636938521401225547ko ɓuuɓi.mp3,HTTPError: 404 Client Error: Not Found for url: https://media.ipsapps.org/fuh/oda/audio/636938521401225547ko%20%C9%93uu%C9%93i.mp3
https://media.ipsapps.org/fuh/oda/,https://media.ipsapps.org/fuh/oda/audio/636938524431515465ko heyɗi.mp3,HTTPError: 404 Client Error: Not Found for url: https://media.ipsapps.org/fuh/oda/audio/636938524431515465ko%20hey%C9%97i.mp3
https://media.ipsapps.org/fuh/oda/,https://media.ipsapps.org/fuh/oda/audio/636938548398346710kooƴol.mp3,HTTPError: 404 Client Error: Not Found for url: https://media.ipsapps.org/fuh/oda/audio/636938548398346710koo%C6%B4ol.mp3
https://media.ipsapps.org/fuh/oda/,https://media.ipsapps.org/fuh/oda/audio/636938537294050293koɓoraaru.mp3,HTTPError: 404 Client Error: Not Found for url: https://media.ipsapps.org/fuh/oda/audio/636938537294050293ko%C9%93oraaru.mp3
https://media.ipsapps.org/fuh/oda/,https://media.ipsapps.org/fuh/oda/audio/636938523208313765ko haɓɓondiri e taariki.mp3,HTTPError: 404 Client Error: Not Found for url: https://media.ipsapps.org/fuh/oda/audio/636938523208313765ko%20ha%C9%93%C9%93ondiri%20e%20taariki.mp3
https://media.ipsapps.org/fuh/oda/,https://media.ipsapps.org/fuh/oda/audio/636939378471019149kurkaaƴe.mp3,HTTPError: 404 Client Error: Not Found for url: https://media.ipsapps.org/fuh/oda/audio/636939378471019149kurkaa%C6%B4e.mp3
https://media.ipsapps.org/fuh/oda/,https://media.ipsapps.org/fuh/oda/audio/636938505171952966kaŋŋe.mp3,HTTPError: 404 Client Error: Not Found for url: https://media.ipsapps.org/fuh/oda/audio/636938505171952966ka%C5%8B%C5%8Be.mp3
https://media.ipsapps.org/fuh/oda/,https://media.ipsapps.org/fuh/oda/audio/636938512163593517keesindiiɗo.mp3,HTTPError: 404 Client Error: Not Found for url: https://media.ipsapps.org/fuh/oda/audio/636938512163593517keesindii%C9%97o.mp3
https://media.ipsapps.org/fuh/oda/,https://media.ipsapps.org/fuh/oda/audio/636938553764280215kuɗol.mp3,HTTPError: 404 Client Error: Not Found for url: https://media.ipsapps.org/fuh/oda/audio/636938553764280215ku%C9%97ol.mp3
https://media.ipsapps.org/fuh/oda/,https://media.ipsapps.org/fuh/oda/audio/636938530420590319ko waɗi waɗinta.mp3,HTTPError: 404 Client Error: Not Found for url: https://media.ipsapps.org/fuh/oda/audio/636938530420590319ko%20wa%C9%97i%20wa%C9%97inta.mp3
https://media.ipsapps.org/fuh/oda/,https://media.ipsapps.org/fuh/oda/audio/636938522066096672ko faaɗi.mp3,HTTPError: 404 Client Error: Not Found for url: https://media.ipsapps.org/fuh/oda/audio/636938522066096672ko%20faa%C9%97i.mp3
https://media.ipsapps.org/fuh/oda/,https://media.ipsapps.org/fuh/oda/audio/636938520640698567ko ɓilli i.mp3,HTTPError: 404 Client Error: Not Found for url: https://media.ipsapps.org/fuh/oda/audio/636938520640698567ko%20%C9%93illi%20i.mp3
https://media.ipsapps.org/fuh/oda/,https://media.ipsapps.org/fuh/oda/audio/636938553437662434kuɓɓu.mp3,HTTPError: 404 Client Error: Not Found for url: https://media.ipsapps.org/fuh/oda/audio/636938553437662434ku%C9%93%C9%93u.mp3
https://media.ipsapps.org/fuh/oda/,https://media.ipsapps.org/fuh/oda/audio/636935360684060174kaɓɓal.mp3,HTTPError: 404 Client Error: Not Found for url: https://media.ipsapps.org/fuh/oda/audio/636935360684060174ka%C9%93%C9%93al.mp3
https://media.ipsapps.org/fuh/oda/,https://media.ipsapps.org/fuh/oda/audio/636938541139570185kollitaaɗo.mp3,HTTPError: 404 Client Error: Not Found for url: https://media.ipsapps.org/fuh/oda/audio/636938541139570185kollitaa%C9%97o.mp3
https://media.ipsapps.org/fuh/oda/,https://media.ipsapps.org/fuh/oda/audio/636938549694346676korkaƴri.mp3,HTTPError: 404 Client Error: Not Found for url: https://media.ipsapps.org/fuh/oda/audio/636938549694346676korka%C6%B4ri.mp3
https://media.ipsapps.org/fuh/oda/,https://media.ipsapps.org/fuh/oda/audio/636938556673630073kunkuuru silɓundu.mp3,HTTPError: 404 Client Error: Not Found for url: https://media.ipsapps.org/fuh/oda/audio/636938556673630073kunkuuru%20sil%C9%93undu.mp3
https://media.ipsapps.org/fuh/oda/,https://media.ipsapps.org/fuh/oda/audio/636938553553828398kuɓɓuyel hiite.mp3,HTTPError: 404 Client Error: Not Found for url: https://media.ipsapps.org/fuh/oda/audio/636938553553828398ku%C9%93%C9%93uyel%20hiite.mp3
https://media.ipsapps.org/fuh/oda/,https://media.ipsapps.org/fuh/oda/audio/636938509760135181kayŋ.mp3,HTTPError: 404 Client Error: Not Found for url: https://media.ipsapps.org/fuh/oda/audio/636938509760135181kay%C5%8B.mp3
https://media.ipsapps.org/fuh/oda/,https://media.ipsapps.org/fuh/oda/audio/636938551685213155koyɗol.mp3,HTTPError: 404 Client Error: Not Found for url: https://media.ipsapps.org/fuh/oda/audio/636938551685213155koy%C9%97ol.mp3
https://media.ipsapps.org/fuh/oda/,https://media.ipsapps.org/fuh/oda/audio/636938517778612534Kinniiɗo.mp3,HTTPError: 404 Client Error: Not Found for url: https://media.ipsapps.org/fuh/oda/audio/636938517778612534Kinnii%C9%97o.mp3
https://media.ipsapps.org/fuh/oda/,https://media.ipsapps.org/fuh/oda/audio/636938515286805883kewtuɗo hoorem.mp3,HTTPError: 404 Client Error: Not Found for url: https://media.ipsapps.org/fuh/oda/audio/636938515286805883kewtu%C9%97o%20hoorem.mp3
https://media.ipsapps.org/fuh/oda/,https://media.ipsapps.org/fuh/oda/audio/636938548889317918korɗo.mp3,HTTPError: 404 Client Error: Not Found for url: https://media.ipsapps.org/fuh/oda/audio/636938548889317918kor%C9%97o.mp3
https://media.ipsapps.org/fuh/oda/,https://media.ipsapps.org/fuh/oda/audio/636938526864918372ko oolɗi.mp3,HTTPError: 404 Client Error: Not Found for url: https://media.ipsapps.org/fuh/oda/audio/636938526864918372ko%20ool%C9%97i.mp3
https://media.ipsapps.org/fuh/oda/,https://media.ipsapps.org/fuh/oda/audio/636938507920472500katinginɗo.mp3,HTTPError: 404 Client Error: Not Found for url: https://media.ipsapps.org/fuh/oda/audio/636938507920472500katingin%C9%97o.mp3
https://media.ipsapps.org/fuh/oda/,https://media.ipsapps.org/fuh/oda/audio/636938520709730802ko ɓolɗi.mp3,HTTPError: 404 Client Error: Not Found for url: https://media.ipsapps.org/fuh/oda/audio/636938520709730802ko%20%C9%93ol%C9%97i.mp3
https://media.ipsapps.org/fuh/oda/,https://media.ipsapps.org/fuh/oda/audio/636938527017751323ko rimɗi.mp3,HTTPError: 404 Client Error: Not Found for url: https://media.ipsapps.org/fuh/oda/audio/636938527017751323ko%20rim%C9%97i.mp3
https://media.ipsapps.org/fuh/oda/,https://media.ipsapps.org/fuh/oda/audio/636938527826249159ko suɓtinaa.mp3,HTTPError: 404 Client Error: Not Found for url: https://media.ipsapps.org/fuh/oda/audio/636938527826249159ko%20su%C9%93tinaa.mp3
https://media.ipsapps.org/fuh/oda/,https://media.ipsapps.org/fuh/oda/audio/636938521198527163ko ɓuri fu wooɗude.mp3,HTTPError: 404 Client Error: Not Found for url: https://media.ipsapps.org/fuh/oda/audio/636938521198527163ko%20%C9%93uri%20fu%20woo%C9%97ude.mp3
https://media.ipsapps.org/fuh/oda/,https://media.ipsapps.org/fuh/oda/audio/636935357929102083kaanɗi.mp3,HTTPError: 404 Client Error: Not Found for url: https://media.ipsapps.org/fuh/oda/audio/636935357929102083kaan%C9%97i.mp3
https://media.ipsapps.org/fuh/oda/,https://media.ipsapps.org/fuh/oda/audio/636938510743454317keccuɗo.mp3,HTTPError: 404 Client Error: Not Found for url: https://media.ipsapps.org/fuh/oda/audio/636938510743454317keccu%C9%97o.mp3
https://media.ipsapps.org/fuh/oda/,https://media.ipsapps.org/fuh/oda/audio/636938529096290057ko waɗi.mp3,HTTPError: 404 Client Error: Not Found for url: https://media.ipsapps.org/fuh/oda/audio/636938529096290057ko%20wa%C9%97i.mp3
https://media.ipsapps.org/fuh/oda/,https://media.ipsapps.org/fuh/oda/audio/636938535329877974ko wooɗaa.mp3,HTTPError: 404 Client Error: Not Found for url: https://media.ipsapps.org/fuh/oda/audio/636938535329877974ko%20woo%C9%97aa.mp3
https://media.ipsapps.org/fuh/oda/,https://media.ipsapps.org/fuh/oda/audio/636938526453743533ko neɗɗo waɗi.mp3,HTTPError: 404 Client Error: Not Found for url: https://media.ipsapps.org/fuh/oda/audio/636938526453743533ko%20ne%C9%97%C9%97o%20wa%C9%97i.mp3
https://media.ipsapps.org/fuh/oda/,https://media.ipsapps.org/fuh/oda/audio/636938516585198474kilimooƴooƴe.mp3,HTTPError: 404 Client Error: Not Found for url: https://media.ipsapps.org/fuh/oda/audio/636938516585198474kilimoo%C6%B4oo%C6%B4e.mp3
https://media.ipsapps.org/fuh/oda/,https://media.ipsapps.org/fuh/oda/audio/636938513712013345keni ceeɗu.mp3,HTTPError: 404 Client Error: Not Found for url: https://media.ipsapps.org/fuh/oda/audio/636938513712013345keni%20cee%C9%97u.mp3
https://media.ipsapps.org/fuh/oda/,https://media.ipsapps.org/fuh/oda/audio/636938526709797282ko nyaamata huɗo.mp3,HTTPError: 404 Client Error: Not Found for url: https://media.ipsapps.org/fuh/oda/audio/636938526709797282ko%20nyaamata%20hu%C9%97o.mp3
https://media.ipsapps.org/fuh/oda/,https://media.ipsapps.org/fuh/oda/audio/636939371785641544kural-fuɗngo.mp3,HTTPError: 404 Client Error: Not Found for url: https://media.ipsapps.org/fuh/oda/audio/636939371785641544kural-fu%C9%97ngo.mp3
https://media.ipsapps.org/fuh/oda/,https://media.ipsapps.org/fuh/oda/audio/636938510158306588keɓal.mp3,HTTPError: 404 Client Error: Not Found for url: https://media.ipsapps.org/fuh/oda/audio/636938510158306588ke%C9%93al.mp3
https://media.ipsapps.org/fuh/oda/,https://media.ipsapps.org/fuh/oda/audio/636938528958113045ko waɗataako.mp3,HTTPError: 404 Client Error: Not Found for url: https://media.ipsapps.org/fuh/oda/audio/636938528958113045ko%20wa%C9%97ataako.mp3
https://media.ipsapps.org/fuh/oda/,https://media.ipsapps.org/fuh/oda/audio/636938500686116958kakkitorɗe.mp3,HTTPError: 404 Client Error: Not Found for url: https://media.ipsapps.org/fuh/oda/audio/636938500686116958kakkitor%C9%97e.mp3
https://media.ipsapps.org/fuh/oda/,https://media.ipsapps.org/fuh/oda/audio/636938498870198825kaɓɓuko'u.mp3,HTTPError: 404 Client Error: Not Found for url: https://media.ipsapps.org/fuh/oda/audio/636938498870198825ka%C9%93%C9%93uko'u.mp3
https://media.ipsapps.org/fuh/oda/,https://media.ipsapps.org/fuh/oda/audio/636938502073715444kaltuɗo.mp3,HTTPError: 404 Client Error: Not Found for url: https://media.ipsapps.org/fuh/oda/audio/636938502073715444kaltu%C9%97o.mp3
https://media.ipsapps.org/fuh/oda/,https://media.ipsapps.org/fuh/oda/audio/636938528852617405ko waɗata jeɗɗiire faa jeɗɗiire.mp3,HTTPError: 404 Client Error: Not Found for url: https://media.ipsapps.org/fuh/oda/audio/636938528852617405ko%20wa%C9%97ata%20je%C9%97%C9%97iire%20faa%20je%C9%97%C9%97iire.mp3
https://media.ipsapps.org/fuh/oda/,https://media.ipsapps.org/fuh/oda/audio/636938525988520726ko ŋaɗi.mp3,HTTPError: 404 Client Error: Not Found for url: https://media.ipsapps.org/fuh/oda/audio/636938525988520726ko%20%C5%8Ba%C9%97i.mp3
https://media.ipsapps.org/fuh/oda/,https://media.ipsapps.org/fuh/oda/audio/636938541612068316koloŋ.mp3,HTTPError: 404 Client Error: Not Found for url: https://media.ipsapps.org/fuh/oda/audio/636938541612068316kolo%C5%8B.mp3
https://media.ipsapps.org/fuh/oda/,https://media.ipsapps.org/fuh/oda/audio/636938521602314014ko ɗaayi faa hulƴinii.mp3,HTTPError: 404 Client Error: Not Found for url: https://media.ipsapps.org/fuh/oda/audio/636938521602314014ko%20%C9%97aayi%20faa%20hul%C6%B4inii.mp3
https://media.ipsapps.org/fuh/oda/,https://media.ipsapps.org/fuh/oda/audio/636938553705762984kuɗel.mp3,HTTPError: 404 Client Error: Not Found for url: https://media.ipsapps.org/fuh/oda/audio/636938553705762984ku%C9%97el.mp3
https://media.ipsapps.org/fuh/oda/,https://media.ipsapps.org/fuh/oda/audio/636938534381382094ko waggiɗi.mp3,HTTPError: 404 Client Error: Not Found for url: https://media.ipsapps.org/fuh/oda/audio/636938534381382094ko%20waggi%C9%97i.mp3
https://media.ipsapps.org/fuh/oda/,https://media.ipsapps.org/fuh/oda/audio/636938537174488309koɓolowal.mp3,HTTPError: 404 Client Error: Not Found for url: https://media.ipsapps.org/fuh/oda/audio/636938537174488309ko%C9%93olowal.mp3
https://media.ipsapps.org/fuh/oda/,https://media.ipsapps.org/fuh/oda/audio/636938520877195600ko ɓolmi.mp3,HTTPError: 404 Client Error: Not Found for url: https://media.ipsapps.org/fuh/oda/audio/636938520877195600ko%20%C9%93olmi.mp3
https://media.ipsapps.org/fuh/oda/,https://media.ipsapps.org/fuh/oda/audio/636938504493050350kanɗi.mp3,HTTPError: 404 Client Error: Not Found for url: https://media.ipsapps.org/fuh/oda/audio/636938504493050350kan%C9%97i.mp3
https://media.ipsapps.org/fuh/oda/,https://media.ipsapps.org/fuh/oda/audio/636938551539943649koyɗaajo.mp3,HTTPError: 404 Client Error: Not Found for url: https://media.ipsapps.org/fuh/oda/audio/636938551539943649koy%C9%97aajo.mp3
https://media.ipsapps.org/fuh/oda/,https://media.ipsapps.org/fuh/oda/audio/636938499954239027kaɗkaɗngel.mp3,HTTPError: 404 Client Error: Not Found for url: https://media.ipsapps.org/fuh/oda/audio/636938499954239027ka%C9%97ka%C9%97ngel.mp3
https://media.ipsapps.org/fuh/oda/,https://media.ipsapps.org/fuh/oda/audio/636938537878976857koɗol.mp3,HTTPError: 404 Client Error: Not Found for url: https://media.ipsapps.org/fuh/oda/audio/636938537878976857ko%C9%97ol.mp3
https://media.ipsapps.org/fuh/oda/,https://media.ipsapps.org/fuh/oda/audio/636938543063113246kongitirikoŋ.mp3,HTTPError: 404 Client Error: Not Found for url: https://media.ipsapps.org/fuh/oda/audio/636938543063113246kongitiriko%C5%8B.mp3
https://media.ipsapps.org/fuh/oda/,https://media.ipsapps.org/fuh/oda/audio/636938549519713202Korintunkooɓe.mp3,HTTPError: 404 Client Error: Not Found for url: https://media.ipsapps.org/fuh/oda/audio/636938549519713202Korintunkoo%C9%93e.mp3
https://media.ipsapps.org/fuh/oda/,https://media.ipsapps.org/fuh/oda/audio/636938537088590518koɓawal.mp3,HTTPError: 404 Client Error: Not Found for url: https://media.ipsapps.org/fuh/oda/audio/636938537088590518ko%C9%93awal.mp3
https://media.ipsapps.org/fuh/oda/,https://media.ipsapps.org/fuh/oda/audio/636938541810298427Koloosinkooɓe.mp3,HTTPError: 404 Client Error: Not Found for url: https://media.ipsapps.org/fuh/oda/audio/636938541810298427Koloosinkoo%C9%93e.mp3
https://media.ipsapps.org/fuh/oda/,https://media.ipsapps.org/fuh/oda/audio/636938523292294411ko heɓaa.mp3,HTTPError: 404 Client Error: Not Found for url: https://media.ipsapps.org/fuh/oda/audio/636938523292294411ko%20he%C9%93aa.mp3
https://media.ipsapps.org/fuh/oda/,https://media.ipsapps.org/fuh/oda/audio/636935360470746019kaɓa karo.mp3,HTTPError: 404 Client Error: Not Found for url: https://media.ipsapps.org/fuh/oda/audio/636935360470746019ka%C9%93a%20karo.mp3
https://media.ipsapps.org/fuh/oda/,https://media.ipsapps.org/fuh/oda/audio/636938499515915105kaɗɗe.mp3,HTTPError: 404 Client Error: Not Found for url: https://media.ipsapps.org/fuh/oda/audio/636938499515915105ka%C9%97%C9%97e.mp3
https://media.ipsapps.org/fuh/oda/,https://media.ipsapps.org/fuh/oda/audio/636938521828928660ko deƴƴi.mp3,HTTPError: 404 Client Error: Not Found for url: https://media.ipsapps.org/fuh/oda/audio/636938521828928660ko%20de%C6%B4%C6%B4i.mp3
https://media.ipsapps.org/fuh/oda/,https://media.ipsapps.org/fuh/oda/audio/636938529210616556ko waɗi onye onye.mp3,HTTPError: 404 Client Error: Not Found for url: https://media.ipsapps.org/fuh/oda/audio/636938529210616556ko%20wa%C9%97i%20onye%20onye.mp3
https://media.ipsapps.org/fuh/oda/,https://media.ipsapps.org/fuh/oda/audio/636938537800351059koɗo.mp3,HTTPError: 404 Client Error: Not Found for url: https://media.ipsapps.org/fuh/oda/audio/636938537800351059ko%C9%97o.mp3
https://media.ipsapps.org/fuh/oda/,https://media.ipsapps.org/fuh/oda/audio/636938524602652886ko hulƴinii.mp3,HTTPError: 404 Client Error: Not Found for url: https://media.ipsapps.org/fuh/oda/audio/636938524602652886ko%20hul%C6%B4inii.mp3
https://media.ipsapps.org/fuh/oda/,https://media.ipsapps.org/fuh/oda/audio/636935356524041760kaaɗungel.mp3,HTTPError: 404 Client Error: Not Found for url: https://media.ipsapps.org/fuh/oda/audio/636935356524041760kaa%C9%97ungel.mp3
https://media.ipsapps.org/fuh/oda/,https://media.ipsapps.org/fuh/oda/audio/636938517858321362kippooɗe.mp3,HTTPError: 404 Client Error: Not Found for url: https://media.ipsapps.org/fuh/oda/audio/636938517858321362kippoo%C9%97e.mp3
https://media.ipsapps.org/fuh/oda/,https://media.ipsapps.org/fuh/oda/audio/636938535175992111ko woɗɗi.mp3,HTTPError: 404 Client Error: Not Found for url: https://media.ipsapps.org/fuh/oda/audio/636938535175992111ko%20wo%C9%97%C9%97i.mp3
https://media.ipsapps.org/fuh/oda/,https://media.ipsapps.org/fuh/oda/audio/636938505099051392kanŋe.mp3,HTTPError: 404 Client Error: Not Found for url: https://media.ipsapps.org/fuh/oda/audio/636938505099051392kan%C5%8Be.mp3
https://media.ipsapps.org/fuh/oda/,https://media.ipsapps.org/fuh/oda/audio/636938526076216447ko ŋarɗi.mp3,HTTPError: 404 Client Error: Not Found for url: https://media.ipsapps.org/fuh/oda/audio/636938526076216447ko%20%C5%8Bar%C9%97i.mp3
https://media.ipsapps.org/fuh/oda/,https://media.ipsapps.org/fuh/oda/audio/636938521297022023ko ɓuttiɗi.mp3,HTTPError: 404 Client Error: Not Found for url: https://media.ipsapps.org/fuh/oda/audio/636938521297022023ko%20%C9%93utti%C9%97i.mp3
https://media.ipsapps.org/fuh/oda/,https://media.ipsapps.org/fuh/oda/audio/636935356318123643kaaɗo.mp3,HTTPError: 404 Client Error: Not Found for url: https://media.ipsapps.org/fuh/oda/audio/636935356318123643kaa%C9%97o.mp3
https://media.ipsapps.org/fuh/oda/,https://media.ipsapps.org/fuh/oda/audio/636938523012392301ko goonɗi.mp3,HTTPError: 404 Client Error: Not Found for url: https://media.ipsapps.org/fuh/oda/audio/636938523012392301ko%20goon%C9%97i.mp3
https://media.ipsapps.org/fuh/oda/,https://media.ipsapps.org/fuh/oda/audio/636938508468578008kawjiiɗo.mp3,HTTPError: 404 Client Error: Not Found for url: https://media.ipsapps.org/fuh/oda/audio/636938508468578008kawjii%C9%97o.mp3
https://media.ipsapps.org/fuh/oda/,https://media.ipsapps.org/fuh/oda/audio/636938552480142217koyraaɗo.mp3,HTTPError: 404 Client Error: Not Found for url: https://media.ipsapps.org/fuh/oda/audio/636938552480142217koyraa%C9%97o.mp3
https://media.ipsapps.org/fuh/oda/,https://media.ipsapps.org/fuh/oda/audio/636935360860659460kaɓɓinorgol jebe.mp3,HTTPError: 404 Client Error: Not Found for url: https://media.ipsapps.org/fuh/oda/audio/636935360860659460ka%C9%93%C9%93inorgol%20jebe.mp3
https://media.ipsapps.org/fuh/oda/,https://media.ipsapps.org/fuh/oda/audio/636938548333850349kooƴirgal.mp3,HTTPError: 404 Client Error: Not Found for url: https://media.ipsapps.org/fuh/oda/audio/636938548333850349koo%C6%B4irgal.mp3
https://media.ipsapps.org/fuh/oda/,https://media.ipsapps.org/fuh/oda/audio/636935357506200372kaaŋaaɗo.mp3,HTTPError: 404 Client Error: Not Found for url: https://media.ipsapps.org/fuh/oda/audio/636935357506200372kaa%C5%8Baa%C9%97o.mp3
https://media.ipsapps.org/fuh/oda/,https://media.ipsapps.org/fuh/oda/audio/636938556842951683kunnduɗe.mp3,HTTPError: 404 Client Error: Not Found for url: https://media.ipsapps.org/fuh/oda/audio/636938556842951683kunndu%C9%97e.mp3
https://media.ipsapps.org/fuh/oda/,https://media.ipsapps.org/fuh/oda/audio/636938525222744554ko laaɓi.mp3,HTTPError: 404 Client Error: Not Found for url: https://media.ipsapps.org/fuh/oda/audio/636938525222744554ko%20laa%C9%93i.mp3
https://media.ipsapps.org/fuh/oda/,https://media.ipsapps.org/fuh/oda/audio/636938542918084057koŋ.mp3,HTTPError: 404 Client Error: Not Found for url: https://media.ipsapps.org/fuh/oda/audio/636938542918084057ko%C5%8B.mp3
https://media.ipsapps.org/fuh/oda/,https://media.ipsapps.org/fuh/oda/audio/636938510370040201keɓɗo.mp3,HTTPError: 404 Client Error: Not Found for url: https://media.ipsapps.org/fuh/oda/audio/636938510370040201ke%C9%93%C9%97o.mp3
https://media.ipsapps.org/fuh/oda/,https://media.ipsapps.org/fuh/oda/audio/636935360384324015kaaynaaɗam.mp3,HTTPError: 404 Client Error: Not Found for url: https://media.ipsapps.org/fuh/oda/audio/636935360384324015kaaynaa%C9%97am.mp3
https://media.ipsapps.org/fuh/oda/,https://media.ipsapps.org/fuh/oda/audio/636938498334640786kaɓɓitorgol.mp3,HTTPError: 404 Client Error: Not Found for url: https://media.ipsapps.org/fuh/oda/audio/636938498334640786ka%C9%93%C9%93itorgol.mp3
https://media.ipsapps.org/fuh/oda/,https://media.ipsapps.org/fuh/oda/audio/636938536958819028koɓalawal.mp3,HTTPError: 404 Client Error: Not Found for url: https://media.ipsapps.org/fuh/oda/audio/636938536958819028ko%C9%93alawal.mp3
https://media.ipsapps.org/fuh/oda/,https://media.ipsapps.org/fuh/oda/audio/636938528206615427ko teeŋi.mp3,HTTPError: 404 Client Error: Not Found for url: https://media.ipsapps.org/fuh/oda/audio/636938528206615427ko%20tee%C5%8Bi.mp3
https://media.ipsapps.org/fuh/oda/,https://media.ipsapps.org/fuh/oda/audio/636938502778917254kamɓe.mp3,HTTPError: 404 Client Error: Not Found for url: https://media.ipsapps.org/fuh/oda/audio/636938502778917254kam%C9%93e.mp3
https://media.ipsapps.org/fuh/oda/,https://media.ipsapps.org/fuh/oda/audio/636938512484191757keeƴe.mp3,HTTPError: 404 Client Error: Not Found for url: https://media.ipsapps.org/fuh/oda/audio/636938512484191757kee%C6%B4e.mp3
https://media.ipsapps.org/fuh/oda/,https://media.ipsapps.org/fuh/oda/audio/636938536645997744ko ƴuwi e anndal tayka.mp3,HTTPError: 404 Client Error: Not Found for url: https://media.ipsapps.org/fuh/oda/audio/636938536645997744ko%20%C6%B4uwi%20e%20anndal%20tayka.mp3
https://media.ipsapps.org/fuh/oda/,https://media.ipsapps.org/fuh/oda/audio/636935360003222496kaaƴe.mp3,HTTPError: 404 Client Error: Not Found for url: https://media.ipsapps.org/fuh/oda/audio/636935360003222496kaa%C6%B4e.mp3
https://media.ipsapps.org/fuh/oda/,https://media.ipsapps.org/fuh/oda/audio/636938553856829247kuɗol-bakteeri.mp3,HTTPError: 404 Client Error: Not Found for url: https://media.ipsapps.org/fuh/oda/audio/636938553856829247ku%C9%97ol-bakteeri.mp3
https://media.ipsapps.org/fuh/oda/,https://media.ipsapps.org/fuh/oda/audio/636968052987602772ƴommbal kamanaari.mp3,HTTPError: 404 Client Error: Not Found for url: https://media.ipsapps.org/fuh/oda/audio/636968052987602772%C6%B4ommbal%20kamanaari.mp3
https://media.ipsapps.org/fuh/oda/,https://media.ipsapps.org/fuh/oda/audio/636968023178580709ƴaamnde.mp3,HTTPError: 404 Client Error: Not Found for url: https://media.ipsapps.org/fuh/oda/audio/636968023178580709%C6%B4aamnde.mp3
https://media.ipsapps.org/fuh/oda/,https://media.ipsapps.org/fuh/oda/audio/636968028158206122ƴakkinde.mp3,HTTPError: 404 Client Error: Not Found for url: https://media.ipsapps.org/fuh/oda/audio/636968028158206122%C6%B4akkinde.mp3
https://media.ipsapps.org/fuh/oda/,https://media.ipsapps.org/fuh/oda/audio/636968050328177949ƴiwude.mp3,HTTPError: 404 Client Error: Not Found for url: https://media.ipsapps.org/fuh/oda/audio/636968050328177949%C6%B4iwude.mp3
https://media.ipsapps.org/fuh/oda/,https://media.ipsapps.org/fuh/oda/audio/636968028927622627ƴamande.mp3,HTTPError: 404 Client Error: Not Found for url: https://media.ipsapps.org/fuh/oda/audio/636968028927622627%C6%B4amande.mp3
https://media.ipsapps.org/fuh/oda/,https://media.ipsapps.org/fuh/oda/audio/636968036159084944ƴeekiiwo.mp3,HTTPError: 404 Client Error: Not Found for url: https://media.ipsapps.org/fuh/oda/audio/636968036159084944%C6%B4eekiiwo.mp3
https://media.ipsapps.org/fuh/oda/,https://media.ipsapps.org/fuh/oda/audio/636968061513676358ƴukkinaare.mp3,HTTPError: 404 Client Error: Not Found for url: https://media.ipsapps.org/fuh/oda/audio/636968061513676358%C6%B4ukkinaare.mp3
https://media.ipsapps.org/fuh/oda/,https://media.ipsapps.org/fuh/oda/audio/636968043592610561ƴi'e.mp3,HTTPError: 404 Client Error: Not Found for url: https://media.ipsapps.org/fuh/oda/audio/636968043592610561%C6%B4i'e.mp3
https://media.ipsapps.org/fuh/oda/,https://media.ipsapps.org/fuh/oda/audio/636968042852391997ƴeƴude.mp3,HTTPError: 404 Client Error: Not Found for url: https://media.ipsapps.org/fuh/oda/audio/636968042852391997%C6%B4e%C6%B4ude.mp3
https://media.ipsapps.org/fuh/oda/,https://media.ipsapps.org/fuh/oda/audio/636968037689212242ƴeewnaade.mp3,HTTPError: 404 Client Error: Not Found for url: https://media.ipsapps.org/fuh/oda/audio/636968037689212242%C6%B4eewnaade.mp3
https://media.ipsapps.org/fuh/oda/,https://media.ipsapps.org/fuh/oda/audio/636968063610970232ƴuugoode.mp3,HTTPError: 404 Client Error: Not Found for url: https://media.ipsapps.org/fuh/oda/audio/636968063610970232%C6%B4uugoode.mp3
https://media.ipsapps.org/fuh/oda/,https://media.ipsapps.org/fuh/oda/audio/636968037157090902ƴeenyude.mp3,HTTPError: 404 Client Error: Not Found for url: https://media.ipsapps.org/fuh/oda/audio/636968037157090902%C6%B4eenyude.mp3
https://media.ipsapps.org/fuh/oda/,https://media.ipsapps.org/fuh/oda/audio/636968064348927657ƴuuwaade.mp3,HTTPError: 404 Client Error: Not Found for url: https://media.ipsapps.org/fuh/oda/audio/636968064348927657%C6%B4uuwaade.mp3
https://media.ipsapps.org/fuh/oda/,https://media.ipsapps.org/fuh/oda/audio/636968028239977642ƴakkude.mp3,HTTPError: 404 Client Error: Not Found for url: https://media.ipsapps.org/fuh/oda/audio/636968028239977642%C6%B4akkude.mp3
https://media.ipsapps.org/fuh/oda/,https://media.ipsapps.org/fuh/oda/audio/636968064250094114ƴuurude.mp3,HTTPError: 404 Client Error: Not Found for url: https://media.ipsapps.org/fuh/oda/audio/636968064250094114%C6%B4uurude.mp3
https://media.ipsapps.org/fuh/oda/,https://media.ipsapps.org/fuh/oda/audio/636968063348274651ƴuufude.mp3,HTTPError: 404 Client Error: Not Found for url: https://media.ipsapps.org/fuh/oda/audio/636968063348274651%C6%B4uufude.mp3
https://media.ipsapps.org/fuh/oda/,https://media.ipsapps.org/fuh/oda/audio/636968029486676015ƴamirgel.mp3,HTTPError: 404 Client Error: Not Found for url: https://media.ipsapps.org/fuh/oda/audio/636968029486676015%C6%B4amirgel.mp3
https://media.ipsapps.org/fuh/oda/,https://media.ipsapps.org/fuh/oda/audio/636968029698776134ƴamle.mp3,HTTPError: 404 Client Error: Not Found for url: https://media.ipsapps.org/fuh/oda/audio/636968029698776134%C6%B4amle.mp3
https://media.ipsapps.org/fuh/oda/,https://media.ipsapps.org/fuh/oda/audio/636968024472056904ƴaartaade.mp3,HTTPError: 404 Client Error: Not Found for url: https://media.ipsapps.org/fuh/oda/audio/636968024472056904%C6%B4aartaade.mp3
https://media.ipsapps.org/fuh/oda/,https://media.ipsapps.org/fuh/oda/audio/636968063747972409ƴuulde.mp3,HTTPError: 404 Client Error: Not Found for url: https://media.ipsapps.org/fuh/oda/audio/636968063747972409%C6%B4uulde.mp3
https://media.ipsapps.org/fuh/oda/,https://media.ipsapps.org/fuh/oda/audio/636968023398148400ƴaanɗude.mp3,HTTPError: 404 Client Error: Not Found for url: https://media.ipsapps.org/fuh/oda/audio/636968023398148400%C6%B4aan%C9%97ude.mp3
https://media.ipsapps.org/fuh/oda/,https://media.ipsapps.org/fuh/oda/audio/636968053127570715ƴommbal muutiri.mp3,HTTPError: 404 Client Error: Not Found for url: https://media.ipsapps.org/fuh/oda/audio/636968053127570715%C6%B4ommbal%20muutiri.mp3
https://media.ipsapps.org/fuh/oda/,https://media.ipsapps.org/fuh/oda/audio/636968041386579566ƴerem.mp3,HTTPError: 404 Client Error: Not Found for url: https://media.ipsapps.org/fuh/oda/audio/636968041386579566%C6%B4erem.mp3
https://media.ipsapps.org/fuh/oda/,https://media.ipsapps.org/fuh/oda/audio/636968032622758978ƴarorde.mp3,HTTPError: 404 Client Error: Not Found for url: https://media.ipsapps.org/fuh/oda/audio/636968032622758978%C6%B4arorde.mp3
https://media.ipsapps.org/fuh/oda/,https://media.ipsapps.org/fuh/oda/audio/636968060853732199ƴoƴude.mp3,HTTPError: 404 Client Error: Not Found for url: https://media.ipsapps.org/fuh/oda/audio/636968060853732199%C6%B4o%C6%B4ude.mp3
https://media.ipsapps.org/fuh/oda/,https://media.ipsapps.org/fuh/oda/audio/636968064600224313ƴuwdi.mp3,HTTPError: 404 Client Error: Not Found for url: https://media.ipsapps.org/fuh/oda/audio/636968064600224313%C6%B4uwdi.mp3
https://media.ipsapps.org/fuh/oda/,https://media.ipsapps.org/fuh/oda/audio/636968048775389820ƴiiƴam.mp3,HTTPError: 404 Client Error: Not Found for url: https://media.ipsapps.org/fuh/oda/audio/636968048775389820%C6%B4ii%C6%B4am.mp3
https://media.ipsapps.org/fuh/oda/,https://media.ipsapps.org/fuh/oda/audio/636968041169732224ƴeptude.mp3,HTTPError: 404 Client Error: Not Found for url: https://media.ipsapps.org/fuh/oda/audio/636968041169732224%C6%B4eptude.mp3
https://media.ipsapps.org/fuh/oda/,https://media.ipsapps.org/fuh/oda/audio/636968065056324557ƴuwude.mp3,HTTPError: 404 Client Error: Not Found for url: https://media.ipsapps.org/fuh/oda/audio/636968065056324557%C6%B4uwude.mp3
https://media.ipsapps.org/fuh/oda/,https://media.ipsapps.org/fuh/oda/audio/636968032222110724ƴaraade.mp3,HTTPError: 404 Client Error: Not Found for url: https://media.ipsapps.org/fuh/oda/audio/636968032222110724%C6%B4araade.mp3
https://media.ipsapps.org/fuh/oda/,https://media.ipsapps.org/fuh/oda/audio/636968064824395742ƴuwoonde.mp3,HTTPError: 404 Client Error: Not Found for url: https://media.ipsapps.org/fuh/oda/audio/636968064824395742%C6%B4uwoonde.mp3
https://media.ipsapps.org/fuh/oda/,https://media.ipsapps.org/fuh/oda/audio/636968025752061695ƴaɓɓaade.mp3,HTTPError: 404 Client Error: Not Found for url: https://media.ipsapps.org/fuh/oda/audio/636968025752061695%C6%B4a%C9%93%C9%93aade.mp3
https://media.ipsapps.org/fuh/oda/,https://media.ipsapps.org/fuh/oda/audio/636968049933908359ƴiwdi.mp3,HTTPError: 404 Client Error: Not Found for url: https://media.ipsapps.org/fuh/oda/audio/636968049933908359%C6%B4iwdi.mp3
https://media.ipsapps.org/fuh/oda/,https://media.ipsapps.org/fuh/oda/audio/636968030660810288ƴamtindagol.mp3,HTTPError: 404 Client Error: Not Found for url: https://media.ipsapps.org/fuh/oda/audio/636968030660810288%C6%B4amtindagol.mp3
https://media.ipsapps.org/fuh/oda/,https://media.ipsapps.org/fuh/oda/audio/636968052174479363ƴolude.mp3,HTTPError: 404 Client Error: Not Found for url: https://media.ipsapps.org/fuh/oda/audio/636968052174479363%C6%B4olude.mp3
https://media.ipsapps.org/fuh/oda/,https://media.ipsapps.org/fuh/oda/audio/636968064515394882ƴuuwnude.mp3,HTTPError: 404 Client Error: Not Found for url: https://media.ipsapps.org/fuh/oda/audio/636968064515394882%C6%B4uuwnude.mp3
https://media.ipsapps.org/fuh/oda/,https://media.ipsapps.org/fuh/oda/audio/636968043450754026ƴi'al kunkuuru.mp3,HTTPError: 404 Client Error: Not Found for url: https://media.ipsapps.org/fuh/oda/audio/636968043450754026%C6%B4i'al%20kunkuuru.mp3
https://media.ipsapps.org/fuh/oda/,https://media.ipsapps.org/fuh/oda/audio/636968023326552843ƴaamnude.mp3,HTTPError: 404 Client Error: Not Found for url: https://media.ipsapps.org/fuh/oda/audio/636968023326552843%C6%B4aamnude.mp3
https://media.ipsapps.org/fuh/oda/,https://media.ipsapps.org/fuh/oda/audio/636968064907724699ƴuwoowo.mp3,HTTPError: 404 Client Error: Not Found for url: https://media.ipsapps.org/fuh/oda/audio/636968064907724699%C6%B4uwoowo.mp3
https://media.ipsapps.org/fuh/oda/,https://media.ipsapps.org/fuh/oda/audio/636968052875996417ƴommbaariya.mp3,HTTPError: 404 Client Error: Not Found for url: https://media.ipsapps.org/fuh/oda/audio/636968052875996417%C6%B4ommbaariya.mp3
https://media.ipsapps.org/fuh/oda/,https://media.ipsapps.org/fuh/oda/audio/636968037924314067ƴeewtaade.mp3,HTTPError: 404 Client Error: Not Found for url: https://media.ipsapps.org/fuh/oda/audio/636968037924314067%C6%B4eewtaade.mp3
https://media.ipsapps.org/fuh/oda/,https://media.ipsapps.org/fuh/oda/audio/636968061026281180ƴoƴuɗo.mp3,HTTPError: 404 Client Error: Not Found for url: https://media.ipsapps.org/fuh/oda/audio/636968061026281180%C6%B4o%C6%B4u%C9%97o.mp3
https://media.ipsapps.org/fuh/oda/,https://media.ipsapps.org/fuh/oda/audio/636968030263509004ƴamol.mp3,HTTPError: 404 Client Error: Not Found for url: https://media.ipsapps.org/fuh/oda/audio/636968030263509004%C6%B4amol.mp3
https://media.ipsapps.org/fuh/oda/,https://media.ipsapps.org/fuh/oda/audio/636968055836392300ƴoolde.mp3,HTTPError: 404 Client Error: Not Found for url: https://media.ipsapps.org/fuh/oda/audio/636968055836392300%C6%B4oolde.mp3
https://media.ipsapps.org/fuh/oda/,https://media.ipsapps.org/fuh/oda/audio/636968050209479302ƴiwrude.mp3,HTTPError: 404 Client Error: Not Found for url: https://media.ipsapps.org/fuh/oda/audio/636968050209479302%C6%B4iwrude.mp3
https://media.ipsapps.org/fuh/oda/,https://media.ipsapps.org/fuh/oda/audio/636968030747003800ƴamtude.mp3,HTTPError: 404 Client Error: Not Found for url: https://media.ipsapps.org/fuh/oda/audio/636968030747003800%C6%B4amtude.mp3
https://media.ipsapps.org/fuh/oda/,https://media.ipsapps.org/fuh/oda/audio/636968023261919875ƴaamndeeje.mp3,HTTPError: 404 Client Error: Not Found for url: https://media.ipsapps.org/fuh/oda/audio/636968023261919875%C6%B4aamndeeje.mp3
https://media.ipsapps.org/fuh/oda/,https://media.ipsapps.org/fuh/oda/audio/636968042250920435ƴewnaade.mp3,HTTPError: 404 Client Error: Not Found for url: https://media.ipsapps.org/fuh/oda/audio/636968042250920435%C6%B4ewnaade.mp3
https://media.ipsapps.org/fuh/oda/,https://media.ipsapps.org/fuh/oda/audio/636968061736132398ƴulmere.mp3,HTTPError: 404 Client Error: Not Found for url: https://media.ipsapps.org/fuh/oda/audio/636968061736132398%C6%B4ulmere.mp3
https://media.ipsapps.org/fuh/oda/,https://media.ipsapps.org/fuh/oda/audio/636968043072754823ƴi'al.mp3,HTTPError: 404 Client Error: Not Found for url: https://media.ipsapps.org/fuh/oda/audio/636968043072754823%C6%B4i'al.mp3
https://media.ipsapps.org/fuh/oda/,https://media.ipsapps.org/fuh/oda/audio/636968061290060102ƴugoore.mp3,HTTPError: 404 Client Error: Not Found for url: https://media.ipsapps.org/fuh/oda/audio/636968061290060102%C6%B4ugoore.mp3
https://media.ipsapps.org/fuh/oda/,https://media.ipsapps.org/fuh/oda/audio/636968063685182306ƴuulaade.mp3,HTTPError: 404 Client Error: Not Found for url: https://media.ipsapps.org/fuh/oda/audio/636968063685182306%C6%B4uulaade.mp3
https://media.ipsapps.org/fuh/oda/,https://media.ipsapps.org/fuh/oda/audio/636968037083473074ƴeenyirgal.mp3,HTTPError: 404 Client Error: Not Found for url: https://media.ipsapps.org/fuh/oda/audio/636968037083473074%C6%B4eenyirgal.mp3
https://media.ipsapps.org/fuh/oda/,https://media.ipsapps.org/fuh/oda/audio/636968048421289961ƴiire wecco.mp3,HTTPError: 404 Client Error: Not Found for url: https://media.ipsapps.org/fuh/oda/audio/636968048421289961%C6%B4iire%20wecco.mp3
https://media.ipsapps.org/fuh/oda/,https://media.ipsapps.org/fuh/oda/audio/636968043384653258ƴi'al hoore.mp3,HTTPError: 404 Client Error: Not Found for url: https://media.ipsapps.org/fuh/oda/audio/636968043384653258%C6%B4i'al%20hoore.mp3
https://media.ipsapps.org/fuh/oda/,https://media.ipsapps.org/fuh/oda/audio/636968060753931479ƴoyre.mp3,HTTPError: 404 Client Error: Not Found for url: https://media.ipsapps.org/fuh/oda/audio/636968060753931479%C6%B4oyre.mp3
https://media.ipsapps.org/fuh/oda/,https://media.ipsapps.org/fuh/oda/audio/636968029630109356ƴamitaade.mp3,HTTPError: 404 Client Error: Not Found for url: https://media.ipsapps.org/fuh/oda/audio/636968029630109356%C6%B4amitaade.mp3
https://media.ipsapps.org/fuh/oda/,https://media.ipsapps.org/fuh/oda/audio/636968056327005017ƴoonde.mp3,HTTPError: 404 Client Error: Not Found for url: https://media.ipsapps.org/fuh/oda/audio/636968056327005017%C6%B4oonde.mp3
https://media.ipsapps.org/fuh/oda/,https://media.ipsapps.org/fuh/oda/audio/636968029237000479ƴamgal.mp3,HTTPError: 404 Client Error: Not Found for url: https://media.ipsapps.org/fuh/oda/audio/636968029237000479%C6%B4amgal.mp3
https://media.ipsapps.org/fuh/oda/,https://media.ipsapps.org/fuh/oda/audio/636968048345845034ƴiire.mp3,HTTPError: 404 Client Error: Not Found for url: https://media.ipsapps.org/fuh/oda/audio/636968048345845034%C6%B4iire.mp3
https://media.ipsapps.org/fuh/oda/,https://media.ipsapps.org/fuh/oda/audio/636968061945636005ƴulndi.mp3,HTTPError: 404 Client Error: Not Found for url: https://media.ipsapps.org/fuh/oda/audio/636968061945636005%C6%B4ulndi.mp3
https://media.ipsapps.org/fuh/oda/,https://media.ipsapps.org/fuh/oda/audio/636968030814610413ƴamtugol nyamaale.mp3,HTTPError: 404 Client Error: Not Found for url: https://media.ipsapps.org/fuh/oda/audio/636968030814610413%C6%B4amtugol%20nyamaale.mp3
https://media.ipsapps.org/fuh/oda/,https://media.ipsapps.org/fuh/oda/audio/636968046553490103ƴibbere.mp3,HTTPError: 404 Client Error: Not Found for url: https://media.ipsapps.org/fuh/oda/audio/636968046553490103%C6%B4ibbere.mp3
https://media.ipsapps.org/fuh/oda/,https://media.ipsapps.org/fuh/oda/audio/636968052048852663ƴolondirde.mp3,HTTPError: 404 Client Error: Not Found for url: https://media.ipsapps.org/fuh/oda/audio/636968052048852663%C6%B4olondirde.mp3
https://media.ipsapps.org/fuh/oda/,https://media.ipsapps.org/fuh/oda/audio/636968052778862600ƴommbal.mp3,HTTPError: 404 Client Error: Not Found for url: https://media.ipsapps.org/fuh/oda/audio/636968052778862600%C6%B4ommbal.mp3
https://media.ipsapps.org/fuh/oda/,https://media.ipsapps.org/fuh/oda/audio/636968048846917035ƴilfaade.mp3,HTTPError: 404 Client Error: Not Found for url: https://media.ipsapps.org/fuh/oda/audio/636968048846917035%C6%B4ilfaade.mp3
https://media.ipsapps.org/fuh/oda/,https://media.ipsapps.org/fuh/oda/audio/636968047882926229ƴiigal.mp3,HTTPError: 404 Client Error: Not Found for url: https://media.ipsapps.org/fuh/oda/audio/636968047882926229%C6%B4iigal.mp3
https://media.ipsapps.org/fuh/oda/,https://media.ipsapps.org/fuh/oda/audio/636968041011133760ƴeppitaade.mp3,HTTPError: 404 Client Error: Not Found for url: https://media.ipsapps.org/fuh/oda/audio/636968041011133760%C6%B4eppitaade.mp3
https://media.ipsapps.org/fuh/oda/,https://media.ipsapps.org/fuh/oda/audio/636968061143458057ƴufinde saabunde.mp3,HTTPError: 404 Client Error: Not Found for url: https://media.ipsapps.org/fuh/oda/audio/636968061143458057%C6%B4ufinde%20saabunde.mp3
https://media.ipsapps.org/fuh/oda/,https://media.ipsapps.org/fuh/oda/audio/636968062261831061ƴunndi.mp3,HTTPError: 404 Client Error: Not Found for url: https://media.ipsapps.org/fuh/oda/audio/636968062261831061%C6%B4unndi.mp3
https://media.ipsapps.org/fuh/oda/,https://media.ipsapps.org/fuh/oda/audio/636968043523423970ƴi'al wecco.mp3,HTTPError: 404 Client Error: Not Found for url: https://media.ipsapps.org/fuh/oda/audio/636968043523423970%C6%B4i'al%20wecco.mp3
https://media.ipsapps.org/fuh/oda/,https://media.ipsapps.org/fuh/oda/audio/636968048713522478ƴiiƴaahi.mp3,HTTPError: 404 Client Error: Not Found for url: https://media.ipsapps.org/fuh/oda/audio/636968048713522478%C6%B4ii%C6%B4aahi.mp3
https://media.ipsapps.org/fuh/oda/,https://media.ipsapps.org/fuh/oda/audio/636968046391522382ƴibbi.mp3,HTTPError: 404 Client Error: Not Found for url: https://media.ipsapps.org/fuh/oda/audio/636968046391522382%C6%B4ibbi.mp3
https://media.ipsapps.org/fuh/oda/,https://media.ipsapps.org/fuh/oda/audio/636968039936521620ƴellaade.mp3,HTTPError: 404 Client Error: Not Found for url: https://media.ipsapps.org/fuh/oda/audio/636968039936521620%C6%B4ellaade.mp3
https://media.ipsapps.org/fuh/oda/,https://media.ipsapps.org/fuh/oda/audio/636968053062765855ƴommbal mbayeeri.mp3,HTTPError: 404 Client Error: Not Found for url: https://media.ipsapps.org/fuh/oda/audio/636968053062765855%C6%B4ommbal%20mbayeeri.mp3
https://media.ipsapps.org/fuh/oda/,https://media.ipsapps.org/fuh/oda/audio/636968040625806541ƴengilaade.mp3,HTTPError: 404 Client Error: Not Found for url: https://media.ipsapps.org/fuh/oda/audio/636968040625806541%C6%B4engilaade.mp3
https://media.ipsapps.org/fuh/oda/,https://media.ipsapps.org/fuh/oda/audio/636968039050779523ƴeewude.mp3,HTTPError: 404 Client Error: Not Found for url: https://media.ipsapps.org/fuh/oda/audio/636968039050779523%C6%B4eewude.mp3
https://media.ipsapps.org/fuh/oda/,https://media.ipsapps.org/fuh/oda/audio/636968042523425888ƴewƴewtude.mp3,HTTPError: 404 Client Error: Not Found for url: https://media.ipsapps.org/fuh/oda/audio/636968042523425888%C6%B4ew%C6%B4ewtude.mp3
https://media.ipsapps.org/fuh/oda/,https://media.ipsapps.org/fuh/oda/audio/636968030414210665ƴamtindaade.mp3,HTTPError: 404 Client Error: Not Found for url: https://media.ipsapps.org/fuh/oda/audio/636968030414210665%C6%B4amtindaade.mp3
https://media.ipsapps.org/fuh/oda/,https://media.ipsapps.org/fuh/oda/audio/636968043316185591ƴi'al ɓernde.mp3,HTTPError: 404 Client Error: Not Found for url: https://media.ipsapps.org/fuh/oda/audio/636968043316185591%C6%B4i'al%20%C9%93ernde.mp3
https://media.ipsapps.org/fuh/oda/,https://media.ipsapps.org/fuh/oda/audio/636968053202193129ƴommbe.mp3,HTTPError: 404 Client Error: Not Found for url: https://media.ipsapps.org/fuh/oda/audio/636968053202193129%C6%B4ommbe.mp3
https://media.ipsapps.org/fuh/oda/,https://media.ipsapps.org/fuh/oda/audio/636968055457993883ƴoogude.mp3,HTTPError: 404 Client Error: Not Found for url: https://media.ipsapps.org/fuh/oda/audio/636968055457993883%C6%B4oogude.mp3
https://media.ipsapps.org/fuh/oda/,https://media.ipsapps.org/fuh/oda/audio/636968059647123445ƴotaade.mp3,HTTPError: 404 Client Error: Not Found for url: https://media.ipsapps.org/fuh/oda/audio/636968059647123445%C6%B4otaade.mp3
https://media.ipsapps.org/fuh/oda/,https://media.ipsapps.org/fuh/oda/audio/636968050271996581ƴiwtude.mp3,HTTPError: 404 Client Error: Not Found for url: https://media.ipsapps.org/fuh/oda/audio/636968050271996581%C6%B4iwtude.mp3
https://media.ipsapps.org/fuh/oda/,https://media.ipsapps.org/fuh/oda/audio/636968053254458450ƴommbeewo.mp3,HTTPError: 404 Client Error: Not Found for url: https://media.ipsapps.org/fuh/oda/audio/636968053254458450%C6%B4ommbeewo.mp3
https://media.ipsapps.org/fuh/oda/,https://media.ipsapps.org/fuh/oda/audio/636968030331413086ƴamoowo.mp3,HTTPError: 404 Client Error: Not Found for url: https://media.ipsapps.org/fuh/oda/audio/636968030331413086%C6%B4amoowo.mp3
https://media.ipsapps.org/fuh/oda/,https://media.ipsapps.org/fuh/oda/audio/636968041097142439ƴeptaade.mp3,HTTPError: 404 Client Error: Not Found for url: https://media.ipsapps.org/fuh/oda/audio/636968041097142439%C6%B4eptaade.mp3
https://media.ipsapps.org/fuh/oda/,https://media.ipsapps.org/fuh/oda/audio/636968031360507513ƴangal.mp3,HTTPError: 404 Client Error: Not Found for url: https://media.ipsapps.org/fuh/oda/audio/636968031360507513%C6%B4angal.mp3
https://media.ipsapps.org/fuh/oda/,https://media.ipsapps.org/fuh/oda/audio/636968051867979876ƴolde.mp3,HTTPError: 404 Client Error: Not Found for url: https://media.ipsapps.org/fuh/oda/audio/636968051867979876%C6%B4olde.mp3
https://media.ipsapps.org/fuh/oda/,https://media.ipsapps.org/fuh/oda/audio/636968063835596080ƴuurirde.mp3,HTTPError: 404 Client Error: Not Found for url: https://media.ipsapps.org/fuh/oda/audio/636968063835596080%C6%B4uurirde.mp3
https://media.ipsapps.org/fuh/oda/,https://media.ipsapps.org/fuh/oda/audio/636947119215771601ŋirfude.mp3,HTTPError: 404 Client Error: Not Found for url: https://media.ipsapps.org/fuh/oda/audio/636947119215771601%C5%8Birfude.mp3
https://media.ipsapps.org/fuh/oda/,https://media.ipsapps.org/fuh/oda/audio/636968030887105208ƴamude.mp3,HTTPError: 404 Client Error: Not Found for url: https://media.ipsapps.org/fuh/oda/audio/636968030887105208%C6%B4amude.mp3
https://media.ipsapps.org/fuh/oda/,https://media.ipsapps.org/fuh/oda/audio/636968043248952621ƴi'al ɓaawo.mp3,HTTPError: 404 Client Error: Not Found for url: https://media.ipsapps.org/fuh/oda/audio/636968043248952621%C6%B4i'al%20%C9%93aawo.mp3
https://media.ipsapps.org/fuh/oda/,https://media.ipsapps.org/fuh/oda/audio/636968055903000887ƴoolde huɗo.mp3,HTTPError: 404 Client Error: Not Found for url: https://media.ipsapps.org/fuh/oda/audio/636968055903000887%C6%B4oolde%20hu%C9%97o.mp3
https://media.ipsapps.org/fuh/oda/,https://media.ipsapps.org/fuh/oda/audio/636945505976577302ŋaarseede.mp3,HTTPError: 404 Client Error: Not Found for url: https://media.ipsapps.org/fuh/oda/audio/636945505976577302%C5%8Baarseede.mp3
https://media.ipsapps.org/fuh/oda/,https://media.ipsapps.org/fuh/oda/audio/636946384618472938ŋersitaade.mp3,HTTPError: 404 Client Error: Not Found for url: https://media.ipsapps.org/fuh/oda/audio/636946384618472938%C5%8Bersitaade.mp3
https://media.ipsapps.org/fuh/oda/,https://media.ipsapps.org/fuh/oda/audio/636945507787002387ŋaaƴeede.mp3,HTTPError: 404 Client Error: Not Found for url: https://media.ipsapps.org/fuh/oda/audio/636945507787002387%C5%8Baa%C6%B4eede.mp3
https://media.ipsapps.org/fuh/oda/,https://media.ipsapps.org/fuh/oda/audio/636946382665668014ŋeesaade.mp3,HTTPError: 404 Client Error: Not Found for url: https://media.ipsapps.org/fuh/oda/audio/636946382665668014%C5%8Beesaade.mp3
https://media.ipsapps.org/fuh/oda/,https://media.ipsapps.org/fuh/oda/audio/636947133965902371ŋuu'aade.mp3,HTTPError: 404 Client Error: Not Found for url: https://media.ipsapps.org/fuh/oda/audio/636947133965902371%C5%8Buu'aade.mp3
https://media.ipsapps.org/fuh/oda/,https://media.ipsapps.org/fuh/oda/audio/636947131208913371ŋoosude.mp3,HTTPError: 404 Client Error: Not Found for url: https://media.ipsapps.org/fuh/oda/audio/636947131208913371%C5%8Boosude.mp3
https://media.ipsapps.org/fuh/oda/,https://media.ipsapps.org/fuh/oda/audio/636947131735423307ŋormaade.mp3,HTTPError: 404 Client Error: Not Found for url: https://media.ipsapps.org/fuh/oda/audio/636947131735423307%C5%8Bormaade.mp3
https://media.ipsapps.org/fuh/oda/,https://media.ipsapps.org/fuh/oda/audio/636945501912405518ŋaalaade.mp3,HTTPError: 404 Client Error: Not Found for url: https://media.ipsapps.org/fuh/oda/audio/636945501912405518%C5%8Baalaade.mp3
https://media.ipsapps.org/fuh/oda/,https://media.ipsapps.org/fuh/oda/audio/636946360383559278ŋarɗinnde.mp3,HTTPError: 404 Client Error: Not Found for url: https://media.ipsapps.org/fuh/oda/audio/636946360383559278%C5%8Bar%C9%97innde.mp3
https://media.ipsapps.org/fuh/oda/,https://media.ipsapps.org/fuh/oda/audio/636945505808177790ŋaarowal.mp3,HTTPError: 404 Client Error: Not Found for url: https://media.ipsapps.org/fuh/oda/audio/636945505808177790%C5%8Baarowal.mp3
https://media.ipsapps.org/fuh/oda/,https://media.ipsapps.org/fuh/oda/audio/636945508206544815ŋaccoy.mp3,HTTPError: 404 Client Error: Not Found for url: https://media.ipsapps.org/fuh/oda/audio/636945508206544815%C5%8Baccoy.mp3
https://media.ipsapps.org/fuh/oda/,https://media.ipsapps.org/fuh/oda/audio/636946361201058372ŋarsaango.mp3,HTTPError: 404 Client Error: Not Found for url: https://media.ipsapps.org/fuh/oda/audio/636946361201058372%C5%8Barsaango.mp3
https://media.ipsapps.org/fuh/oda/,https://media.ipsapps.org/fuh/oda/audio/636947134367215436ŋuylude.mp3,HTTPError: 404 Client Error: Not Found for url: https://media.ipsapps.org/fuh/oda/audio/636947134367215436%C5%8Buylude.mp3
https://media.ipsapps.org/fuh/oda/,https://media.ipsapps.org/fuh/oda/audio/636945502266116286ŋaalal.mp3,HTTPError: 404 Client Error: Not Found for url: https://media.ipsapps.org/fuh/oda/audio/636945502266116286%C5%8Baalal.mp3
https://media.ipsapps.org/fuh/oda/,https://media.ipsapps.org/fuh/oda/audio/636946360992448250ŋarraade.mp3,HTTPError: 404 Client Error: Not Found for url: https://media.ipsapps.org/fuh/oda/audio/636946360992448250%C5%8Barraade.mp3
https://media.ipsapps.org/fuh/oda/,https://media.ipsapps.org/fuh/oda/audio/636946384486042003ŋeppitere.mp3,HTTPError: 404 Client Error: Not Found for url: https://media.ipsapps.org/fuh/oda/audio/636946384486042003%C5%8Beppitere.mp3
https://media.ipsapps.org/fuh/oda/,https://media.ipsapps.org/fuh/oda/audio/636946362241490195ŋatude.mp3,HTTPError: 404 Client Error: Not Found for url: https://media.ipsapps.org/fuh/oda/audio/636946362241490195%C5%8Batude.mp3
https://media.ipsapps.org/fuh/oda/,https://media.ipsapps.org/fuh/oda/audio/636946383254162703ŋeetude.mp3,HTTPError: 404 Client Error: Not Found for url: https://media.ipsapps.org/fuh/oda/audio/636946383254162703%C5%8Beetude.mp3
https://media.ipsapps.org/fuh/oda/,https://media.ipsapps.org/fuh/oda/audio/636945503535716697ŋaancuwa.mp3,HTTPError: 404 Client Error: Not Found for url: https://media.ipsapps.org/fuh/oda/audio/636945503535716697%C5%8Baancuwa.mp3
https://media.ipsapps.org/fuh/oda/,https://media.ipsapps.org/fuh/oda/audio/636947133747267628ŋurŋurtude.mp3,HTTPError: 404 Client Error: Not Found for url: https://media.ipsapps.org/fuh/oda/audio/636947133747267628%C5%8Bur%C5%8Burtude.mp3
https://media.ipsapps.org/fuh/oda/,https://media.ipsapps.org/fuh/oda/audio/636947134265894838ŋuyɓaade.mp3,HTTPError: 404 Client Error: Not Found for url: https://media.ipsapps.org/fuh/oda/audio/636947134265894838%C5%8Buy%C9%93aade.mp3
https://media.ipsapps.org/fuh/oda/,https://media.ipsapps.org/fuh/oda/audio/636946364568650585ŋawlo.mp3,HTTPError: 404 Client Error: Not Found for url: https://media.ipsapps.org/fuh/oda/audio/636946364568650585%C5%8Bawlo.mp3
https://media.ipsapps.org/fuh/oda/,https://media.ipsapps.org/fuh/oda/audio/636947130158507121ŋooltaade.mp3,HTTPError: 404 Client Error: Not Found for url: https://media.ipsapps.org/fuh/oda/audio/636947130158507121%C5%8Booltaade.mp3
https://media.ipsapps.org/fuh/oda/,https://media.ipsapps.org/fuh/oda/audio/636947129657513373ŋonɗi.mp3,HTTPError: 404 Client Error: Not Found for url: https://media.ipsapps.org/fuh/oda/audio/636947129657513373%C5%8Bon%C9%97i.mp3
https://media.ipsapps.org/fuh/oda/,https://media.ipsapps.org/fuh/oda/audio/636947130947868329ŋoornaade.mp3,HTTPError: 404 Client Error: Not Found for url: https://media.ipsapps.org/fuh/oda/audio/636947130947868329%C5%8Boornaade.mp3
https://media.ipsapps.org/fuh/oda/,https://media.ipsapps.org/fuh/oda/audio/636945503092147253ŋaancaare.mp3,HTTPError: 404 Client Error: Not Found for url: https://media.ipsapps.org/fuh/oda/audio/636945503092147253%C5%8Baancaare.mp3
https://media.ipsapps.org/fuh/oda/,https://media.ipsapps.org/fuh/oda/audio/636947132013951233ŋottude.mp3,HTTPError: 404 Client Error: Not Found for url: https://media.ipsapps.org/fuh/oda/audio/636947132013951233%C5%8Bottude.mp3
https://media.ipsapps.org/fuh/oda/,https://media.ipsapps.org/fuh/oda/audio/636947131889644458ŋottinaade.mp3,HTTPError: 404 Client Error: Not Found for url: https://media.ipsapps.org/fuh/oda/audio/636947131889644458%C5%8Bottinaade.mp3
https://media.ipsapps.org/fuh/oda/,https://media.ipsapps.org/fuh/oda/audio/636946360168236419ŋarɗinde.mp3,HTTPError: 404 Client Error: Not Found for url: https://media.ipsapps.org/fuh/oda/audio/636946360168236419%C5%8Bar%C9%97inde.mp3
https://media.ipsapps.org/fuh/oda/,https://media.ipsapps.org/fuh/oda/audio/636946359753262510ŋappitere.mp3,HTTPError: 404 Client Error: Not Found for url: https://media.ipsapps.org/fuh/oda/audio/636946359753262510%C5%8Bappitere.mp3
https://media.ipsapps.org/fuh/oda/,https://media.ipsapps.org/fuh/oda/audio/636946384902470182ŋerƴondirde.mp3,HTTPError: 404 Client Error: Not Found for url: https://media.ipsapps.org/fuh/oda/audio/636946384902470182%C5%8Ber%C6%B4ondirde.mp3
https://media.ipsapps.org/fuh/oda/,https://media.ipsapps.org/fuh/oda/audio/636945505740494601ŋaarnde.mp3,HTTPError: 404 Client Error: Not Found for url: https://media.ipsapps.org/fuh/oda/audio/636945505740494601%C5%8Baarnde.mp3
https://media.ipsapps.org/fuh/oda/,https://media.ipsapps.org/fuh/oda/audio/636945506133175652ŋaarsude.mp3,HTTPError: 404 Client Error: Not Found for url: https://media.ipsapps.org/fuh/oda/audio/636945506133175652%C5%8Baarsude.mp3
https://media.ipsapps.org/fuh/oda/,https://media.ipsapps.org/fuh/oda/audio/636947128707157284ŋogude.mp3,HTTPError: 404 Client Error: Not Found for url: https://media.ipsapps.org/fuh/oda/audio/636947128707157284%C5%8Bogude.mp3
https://media.ipsapps.org/fuh/oda/,https://media.ipsapps.org/fuh/oda/audio/636947130597165340ŋooraahi.mp3,HTTPError: 404 Client Error: Not Found for url: https://media.ipsapps.org/fuh/oda/audio/636947130597165340%C5%8Booraahi.mp3
https://media.ipsapps.org/fuh/oda/,https://media.ipsapps.org/fuh/oda/audio/636945504037164315ŋaangude.mp3,HTTPError: 404 Client Error: Not Found for url: https://media.ipsapps.org/fuh/oda/audio/636945504037164315%C5%8Baangude.mp3
https://media.ipsapps.org/fuh/oda/,https://media.ipsapps.org/fuh/oda/audio/636946382982020114ŋeetinde.mp3,HTTPError: 404 Client Error: Not Found for url: https://media.ipsapps.org/fuh/oda/audio/636946382982020114%C5%8Beetinde.mp3
https://media.ipsapps.org/fuh/oda/,https://media.ipsapps.org/fuh/oda/audio/636945505887514135ŋaarsaade.mp3,HTTPError: 404 Client Error: Not Found for url: https://media.ipsapps.org/fuh/oda/audio/636945505887514135%C5%8Baarsaade.mp3
https://media.ipsapps.org/fuh/oda/,https://media.ipsapps.org/fuh/oda/audio/636945508014277005ŋaaƴude.mp3,HTTPError: 404 Client Error: Not Found for url: https://media.ipsapps.org/fuh/oda/audio/636945508014277005%C5%8Baa%C6%B4ude.mp3
https://media.ipsapps.org/fuh/oda/,https://media.ipsapps.org/fuh/oda/audio/636945502532547272ŋaalitaade.mp3,HTTPError: 404 Client Error: Not Found for url: https://media.ipsapps.org/fuh/oda/audio/636945502532547272%C5%8Baalitaade.mp3
https://media.ipsapps.org/fuh/oda/,https://media.ipsapps.org/fuh/oda/audio/636946364731076328ŋawlondirde.mp3,HTTPError: 404 Client Error: Not Found for url: https://media.ipsapps.org/fuh/oda/audio/636946364731076328%C5%8Bawlondirde.mp3
https://media.ipsapps.org/fuh/oda/,https://media.ipsapps.org/fuh/oda/audio/636946384555267696ŋeppitinde.mp3,HTTPError: 404 Client Error: Not Found for url: https://media.ipsapps.org/fuh/oda/audio/636946384555267696%C5%8Beppitinde.mp3
https://media.ipsapps.org/fuh/oda/,https://media.ipsapps.org/fuh/oda/audio/636946384121367304ŋelsude.mp3,HTTPError: 404 Client Error: Not Found for url: https://media.ipsapps.org/fuh/oda/audio/636946384121367304%C5%8Belsude.mp3
https://media.ipsapps.org/fuh/oda/,https://media.ipsapps.org/fuh/oda/audio/636946359665753610ŋappiɗinde.mp3,HTTPError: 404 Client Error: Not Found for url: https://media.ipsapps.org/fuh/oda/audio/636946359665753610%C5%8Bappi%C9%97inde.mp3
https://media.ipsapps.org/fuh/oda/,https://media.ipsapps.org/fuh/oda/audio/636946381172663155ŋecce.mp3,HTTPError: 404 Client Error: Not Found for url: https://media.ipsapps.org/fuh/oda/audio/636946381172663155%C5%8Becce.mp3
https://media.ipsapps.org/fuh/oda/,https://media.ipsapps.org/fuh/oda/audio/636946381027364830ŋeccaade.mp3,HTTPError: 404 Client Error: Not Found for url: https://media.ipsapps.org/fuh/oda/audio/636946381027364830%C5%8Beccaade.mp3
https://media.ipsapps.org/fuh/oda/,https://media.ipsapps.org/fuh/oda/audio/636946360465779406ŋarɗude.mp3,HTTPError: 404 Client Error: Not Found for url: https://media.ipsapps.org/fuh/oda/audio/636946360465779406%C5%8Bar%C9%97ude.mp3
https://media.ipsapps.org/fuh/oda/,https://media.ipsapps.org/fuh/oda/audio/636946383093964593ŋeetinnde.mp3,HTTPError: 404 Client Error: Not Found for url: https://media.ipsapps.org/fuh/oda/audio/636946383093964593%C5%8Beetinnde.mp3
https://media.ipsapps.org/fuh/oda/,https://media.ipsapps.org/fuh/oda/audio/636946382562867366ŋeeru.mp3,HTTPError: 404 Client Error: Not Found for url: https://media.ipsapps.org/fuh/oda/audio/636946382562867366%C5%8Beeru.mp3
https://media.ipsapps.org/fuh/oda/,https://media.ipsapps.org/fuh/oda/audio/636947131950973402ŋottineede.mp3,HTTPError: 404 Client Error: Not Found for url: https://media.ipsapps.org/fuh/oda/audio/636947131950973402%C5%8Bottineede.mp3
https://media.ipsapps.org/fuh/oda/,https://media.ipsapps.org/fuh/oda/audio/636946359824564939ŋappitinde.mp3,HTTPError: 404 Client Error: Not Found for url: https://media.ipsapps.org/fuh/oda/audio/636946359824564939%C5%8Bappitinde.mp3
https://media.ipsapps.org/fuh/oda/,https://media.ipsapps.org/fuh/oda/audio/636945503243320007ŋaanceede.mp3,HTTPError: 404 Client Error: Not Found for url: https://media.ipsapps.org/fuh/oda/audio/636945503243320007%C5%8Baanceede.mp3
https://media.ipsapps.org/fuh/oda/,https://media.ipsapps.org/fuh/oda/audio/636947129972510580ŋoŋude.mp3,HTTPError: 404 Client Error: Not Found for url: https://media.ipsapps.org/fuh/oda/audio/636947129972510580%C5%8Bo%C5%8Bude.mp3
https://media.ipsapps.org/fuh/oda/,https://media.ipsapps.org/fuh/oda/audio/636945503449552631ŋaancude.mp3,HTTPError: 404 Client Error: Not Found for url: https://media.ipsapps.org/fuh/oda/audio/636945503449552631%C5%8Baancude.mp3
https://media.ipsapps.org/fuh/oda/,https://media.ipsapps.org/fuh/oda/audio/636946384825669783ŋerƴinde.mp3,HTTPError: 404 Client Error: Not Found for url: https://media.ipsapps.org/fuh/oda/audio/636946384825669783%C5%8Ber%C6%B4inde.mp3
https://media.ipsapps.org/fuh/oda/,https://media.ipsapps.org/fuh/oda/audio/636947132608468927ŋuccitinde.mp3,HTTPError: 404 Client Error: Not Found for url: https://media.ipsapps.org/fuh/oda/audio/636947132608468927%C5%8Buccitinde.mp3
https://media.ipsapps.org/fuh/oda/,https://media.ipsapps.org/fuh/oda/audio/636947131012068587ŋoorude.mp3,HTTPError: 404 Client Error: Not Found for url: https://media.ipsapps.org/fuh/oda/audio/636947131012068587%C5%8Boorude.mp3
https://media.ipsapps.org/fuh/oda/,https://media.ipsapps.org/fuh/oda/audio/636946360719162155ŋaroŋaro.mp3,HTTPError: 404 Client Error: Not Found for url: https://media.ipsapps.org/fuh/oda/audio/636946360719162155%C5%8Baro%C5%8Baro.mp3
https://media.ipsapps.org/fuh/oda/,https://media.ipsapps.org/fuh/oda/audio/636947134140996392ŋuusuuru.mp3,HTTPError: 404 Client Error: Not Found for url: https://media.ipsapps.org/fuh/oda/audio/636947134140996392%C5%8Buusuuru.mp3
https://media.ipsapps.org/fuh/oda/,https://media.ipsapps.org/fuh/oda/audio/636945502359152078ŋaaleede.mp3,HTTPError: 404 Client Error: Not Found for url: https://media.ipsapps.org/fuh/oda/audio/636945502359152078%C5%8Baaleede.mp3
https://media.ipsapps.org/fuh/oda/,https://media.ipsapps.org/fuh/oda/audio/636947119439842559ŋiti.mp3,HTTPError: 404 Client Error: Not Found for url: https://media.ipsapps.org/fuh/oda/audio/636947119439842559%C5%8Biti.mp3
https://media.ipsapps.org/fuh/oda/,https://media.ipsapps.org/fuh/oda/audio/636945502908336227ŋaancaade.mp3,HTTPError: 404 Client Error: Not Found for url: https://media.ipsapps.org/fuh/oda/audio/636945502908336227%C5%8Baancaade.mp3
https://media.ipsapps.org/fuh/oda/,https://media.ipsapps.org/fuh/oda/audio/636945504131924488ŋaaraade.mp3,HTTPError: 404 Client Error: Not Found for url: https://media.ipsapps.org/fuh/oda/audio/636945504131924488%C5%8Baaraade.mp3
https://media.ipsapps.org/fuh/oda/,https://media.ipsapps.org/fuh/oda/audio/636946361780189356ŋatooru.mp3,HTTPError: 404 Client Error: Not Found for url: https://media.ipsapps.org/fuh/oda/audio/636946361780189356%C5%8Batooru.mp3
https://media.ipsapps.org/fuh/oda/,https://media.ipsapps.org/fuh/oda/audio/636946382000967930ŋeemaade.mp3,HTTPError: 404 Client Error: Not Found for url: https://media.ipsapps.org/fuh/oda/audio/636946382000967930%C5%8Beemaade.mp3
https://media.ipsapps.org/fuh/oda/,https://media.ipsapps.org/fuh/oda/audio/636947131821023283ŋotteede.mp3,HTTPError: 404 Client Error: Not Found for url: https://media.ipsapps.org/fuh/oda/audio/636947131821023283%C5%8Botteede.mp3
https://media.ipsapps.org/fuh/oda/,https://media.ipsapps.org/fuh/oda/audio/636945508130556805ŋabbude.mp3,HTTPError: 404 Client Error: Not Found for url: https://media.ipsapps.org/fuh/oda/audio/636945508130556805%C5%8Babbude.mp3
https://media.ipsapps.org/fuh/oda/,https://media.ipsapps.org/fuh/oda/audio/636947129866912016ŋoŋtude.mp3,HTTPError: 404 Client Error: Not Found for url: https://media.ipsapps.org/fuh/oda/audio/636947129866912016%C5%8Bo%C5%8Btude.mp3
https://media.ipsapps.org/fuh/oda/,https://media.ipsapps.org/fuh/oda/audio/636945502603140592ŋaalude.mp3,HTTPError: 404 Client Error: Not Found for url: https://media.ipsapps.org/fuh/oda/audio/636945502603140592%C5%8Baalude.mp3
https://media.ipsapps.org/fuh/oda/,https://media.ipsapps.org/fuh/oda/audio/636945509393819011ŋakkude.mp3,HTTPError: 404 Client Error: Not Found for url: https://media.ipsapps.org/fuh/oda/audio/636945509393819011%C5%8Bakkude.mp3
https://media.ipsapps.org/fuh/oda/,https://media.ipsapps.org/fuh/oda/audio/636947129804302194ŋoŋgol.mp3,HTTPError: 404 Client Error: Not Found for url: https://media.ipsapps.org/fuh/oda/audio/636947129804302194%C5%8Bo%C5%8Bgol.mp3
https://media.ipsapps.org/fuh/oda/,https://media.ipsapps.org/fuh/oda/audio/636946382170938597ŋeencaade.mp3,HTTPError: 404 Client Error: Not Found for url: https://media.ipsapps.org/fuh/oda/audio/636946382170938597%C5%8Beencaade.mp3
https://media.ipsapps.org/fuh/oda/,https://media.ipsapps.org/fuh/oda/audio/636946380934835761ŋebbere.mp3,HTTPError: 404 Client Error: Not Found for url: https://media.ipsapps.org/fuh/oda/audio/636946380934835761%C5%8Bebbere.mp3
https://media.ipsapps.org/fuh/oda/,https://media.ipsapps.org/fuh/oda/audio/636947128645136439ŋofude.mp3,HTTPError: 404 Client Error: Not Found for url: https://media.ipsapps.org/fuh/oda/audio/636947128645136439%C5%8Bofude.mp3
https://media.ipsapps.org/fuh/oda/,https://media.ipsapps.org/fuh/oda/audio/636947130238527388ŋoolude.mp3,HTTPError: 404 Client Error: Not Found for url: https://media.ipsapps.org/fuh/oda/audio/636947130238527388%C5%8Boolude.mp3
https://media.ipsapps.org/fuh/oda/,https://media.ipsapps.org/fuh/oda/audio/636947129447228620ŋomsude.mp3,HTTPError: 404 Client Error: Not Found for url: https://media.ipsapps.org/fuh/oda/audio/636947129447228620%C5%8Bomsude.mp3
https://media.ipsapps.org/fuh/oda/,https://media.ipsapps.org/fuh/oda/audio/636946359927158972ŋappo.mp3,HTTPError: 404 Client Error: Not Found for url: https://media.ipsapps.org/fuh/oda/audio/636946359927158972%C5%8Bappo.mp3
https://media.ipsapps.org/fuh/oda/,https://media.ipsapps.org/fuh/oda/audio/636946383401138971ŋeewude.mp3,HTTPError: 404 Client Error: Not Found for url: https://media.ipsapps.org/fuh/oda/audio/636946383401138971%C5%8Beewude.mp3
https://media.ipsapps.org/fuh/oda/,https://media.ipsapps.org/fuh/oda/audio/636946381244264139ŋeccuure.mp3,HTTPError: 404 Client Error: Not Found for url: https://media.ipsapps.org/fuh/oda/audio/636946381244264139%C5%8Beccuure.mp3
https://media.ipsapps.org/fuh/oda/,https://media.ipsapps.org/fuh/oda/audio/636946360626145797ŋari.mp3,HTTPError: 404 Client Error: Not Found for url: https://media.ipsapps.org/fuh/oda/audio/636946360626145797%C5%8Bari.mp3
https://media.ipsapps.org/fuh/oda/,https://media.ipsapps.org/fuh/oda/audio/636946382483414033ŋeenyo.mp3,HTTPError: 404 Client Error: Not Found for url: https://media.ipsapps.org/fuh/oda/audio/636946382483414033%C5%8Beenyo.mp3
https://media.ipsapps.org/fuh/oda/,https://media.ipsapps.org/fuh/oda/audio/636947128583153994ŋofinde.mp3,HTTPError: 404 Client Error: Not Found for url: https://media.ipsapps.org/fuh/oda/audio/636947128583153994%C5%8Bofinde.mp3
https://media.ipsapps.org/fuh/oda/,https://media.ipsapps.org/fuh/oda/audio/636945506043692985ŋaarsitaade.mp3,HTTPError: 404 Client Error: Not Found for url: https://media.ipsapps.org/fuh/oda/audio/636945506043692985%C5%8Baarsitaade.mp3
https://media.ipsapps.org/fuh/oda/,https://media.ipsapps.org/fuh/oda/audio/636946383828674763ŋelde.mp3,HTTPError: 404 Client Error: Not Found for url: https://media.ipsapps.org/fuh/oda/audio/636946383828674763%C5%8Belde.mp3
https://media.ipsapps.org/fuh/oda/,https://media.ipsapps.org/fuh/oda/audio/636946364139545903ŋawlaade.mp3,HTTPError: 404 Client Error: Not Found for url: https://media.ipsapps.org/fuh/oda/audio/636946364139545903%C5%8Bawlaade.mp3
https://media.ipsapps.org/fuh/oda/,https://media.ipsapps.org/fuh/oda/audio/636947129361864826ŋomngu.mp3,HTTPError: 404 Client Error: Not Found for url: https://media.ipsapps.org/fuh/oda/audio/636947129361864826%C5%8Bomngu.mp3
https://media.ipsapps.org/fuh/oda/,https://media.ipsapps.org/fuh/oda/audio/636945505659676168ŋaareede.mp3,HTTPError: 404 Client Error: Not Found for url: https://media.ipsapps.org/fuh/oda/audio/636945505659676168%C5%8Baareede.mp3
https://media.ipsapps.org/fuh/oda/,https://media.ipsapps.org/fuh/oda/audio/636946385055043490ŋerƴude.mp3,HTTPError: 404 Client Error: Not Found for url: https://media.ipsapps.org/fuh/oda/audio/636946385055043490%C5%8Ber%C6%B4ude.mp3
https://media.ipsapps.org/fuh/oda/,https://media.ipsapps.org/fuh/oda/audio/636946359491967183ŋappere.mp3,HTTPError: 404 Client Error: Not Found for url: https://media.ipsapps.org/fuh/oda/audio/636946359491967183%C5%8Bappere.mp3
https://media.ipsapps.org/fuh/oda/,https://media.ipsapps.org/fuh/oda/audio/636946384361939852ŋenyol.mp3,HTTPError: 404 Client Error: Not Found for url: https://media.ipsapps.org/fuh/oda/audio/636946384361939852%C5%8Benyol.mp3
https://media.ipsapps.org/fuh/oda/,https://media.ipsapps.org/fuh/oda/audio/636919517824505076ɗatol.mp3,HTTPError: 404 Client Error: Not Found for url: https://media.ipsapps.org/fuh/oda/audio/636919517824505076%C9%97atol.mp3
https://media.ipsapps.org/fuh/oda/,https://media.ipsapps.org/fuh/oda/audio/636919470050736205ɗaɓɓude.mp3,HTTPError: 404 Client Error: Not Found for url: https://media.ipsapps.org/fuh/oda/audio/636919470050736205%C9%97a%C9%93%C9%93ude.mp3
https://media.ipsapps.org/fuh/oda/,https://media.ipsapps.org/fuh/oda/audio/636919568820244566ɗowki.mp3,HTTPError: 404 Client Error: Not Found for url: https://media.ipsapps.org/fuh/oda/audio/636919568820244566%C9%97owki.mp3
https://media.ipsapps.org/fuh/oda/,https://media.ipsapps.org/fuh/oda/audio/636919557030242376ɗiye.mp3,HTTPError: 404 Client Error: Not Found for url: https://media.ipsapps.org/fuh/oda/audio/636919557030242376%C9%97iye.mp3
https://media.ipsapps.org/fuh/oda/,https://media.ipsapps.org/fuh/oda/audio/636919537407454428ɗen.mp3,HTTPError: 404 Client Error: Not Found for url: https://media.ipsapps.org/fuh/oda/audio/636919537407454428%C9%97en.mp3
https://media.ipsapps.org/fuh/oda/,https://media.ipsapps.org/fuh/oda/audio/636919548855322778ɗigginde.mp3,HTTPError: 404 Client Error: Not Found for url: https://media.ipsapps.org/fuh/oda/audio/636919548855322778%C9%97igginde.mp3
https://media.ipsapps.org/fuh/oda/,https://media.ipsapps.org/fuh/oda/audio/636919568741708173ɗowirgal.mp3,HTTPError: 404 Client Error: Not Found for url: https://media.ipsapps.org/fuh/oda/audio/636919568741708173%C9%97owirgal.mp3
https://media.ipsapps.org/fuh/oda/,https://media.ipsapps.org/fuh/oda/audio/636919462454195836ɗaaloolu.mp3,HTTPError: 404 Client Error: Not Found for url: https://media.ipsapps.org/fuh/oda/audio/636919462454195836%C9%97aaloolu.mp3
https://media.ipsapps.org/fuh/oda/,https://media.ipsapps.org/fuh/oda/audio/636919569067642872ɗowtanaade.mp3,HTTPError: 404 Client Error: Not Found for url: https://media.ipsapps.org/fuh/oda/audio/636919569067642872%C9%97owtanaade.mp3
https://media.ipsapps.org/fuh/oda/,https://media.ipsapps.org/fuh/oda/audio/636919475509442320ɗakkitaade.mp3,HTTPError: 404 Client Error: Not Found for url: https://media.ipsapps.org/fuh/oda/audio/636919475509442320%C9%97akkitaade.mp3
https://media.ipsapps.org/fuh/oda/,https://media.ipsapps.org/fuh/oda/audio/636919529000403798ɗeɗɗude.mp3,HTTPError: 404 Client Error: Not Found for url: https://media.ipsapps.org/fuh/oda/audio/636919529000403798%C9%97e%C9%97%C9%97ude.mp3
https://media.ipsapps.org/fuh/oda/,https://media.ipsapps.org/fuh/oda/audio/636919512110854166ɗannginde.mp3,HTTPError: 404 Client Error: Not Found for url: https://media.ipsapps.org/fuh/oda/audio/636919512110854166%C9%97annginde.mp3
https://media.ipsapps.org/fuh/oda/,https://media.ipsapps.org/fuh/oda/audio/636922001349444276ɗum'en.mp3,HTTPError: 404 Client Error: Not Found for url: https://media.ipsapps.org/fuh/oda/audio/636922001349444276%C9%97um'en.mp3
https://media.ipsapps.org/fuh/oda/,https://media.ipsapps.org/fuh/oda/audio/636919510230848280ɗankanooma.mp3,HTTPError: 404 Client Error: Not Found for url: https://media.ipsapps.org/fuh/oda/audio/636919510230848280%C9%97ankanooma.mp3
https://media.ipsapps.org/fuh/oda/,https://media.ipsapps.org/fuh/oda/audio/636919467030637688ɗaayɗo.mp3,HTTPError: 404 Client Error: Not Found for url: https://media.ipsapps.org/fuh/oda/audio/636919467030637688%C9%97aay%C9%97o.mp3
https://media.ipsapps.org/fuh/oda/,https://media.ipsapps.org/fuh/oda/audio/636919544101333548ɗeppinɗinde.mp3,HTTPError: 404 Client Error: Not Found for url: https://media.ipsapps.org/fuh/oda/audio/636919544101333548%C9%97eppin%C9%97inde.mp3
https://media.ipsapps.org/fuh/oda/,https://media.ipsapps.org/fuh/oda/audio/636919548562033459ɗiɗoy.mp3,HTTPError: 404 Client Error: Not Found for url: https://media.ipsapps.org/fuh/oda/audio/636919548562033459%C9%97i%C9%97oy.mp3
https://media.ipsapps.org/fuh/oda/,https://media.ipsapps.org/fuh/oda/audio/636919513017316959ɗapoɗappongal.mp3,HTTPError: 404 Client Error: Not Found for url: https://media.ipsapps.org/fuh/oda/audio/636919513017316959%C9%97apo%C9%97appongal.mp3
https://media.ipsapps.org/fuh/oda/,https://media.ipsapps.org/fuh/oda/audio/636919536596432533ɗemngal.mp3,HTTPError: 404 Client Error: Not Found for url: https://media.ipsapps.org/fuh/oda/audio/636919536596432533%C9%97emngal.mp3
https://media.ipsapps.org/fuh/oda/,https://media.ipsapps.org/fuh/oda/audio/636919472667441291ɗaɗol-hoorewol.mp3,HTTPError: 404 Client Error: Not Found for url: https://media.ipsapps.org/fuh/oda/audio/636919472667441291%C9%97a%C9%97ol-hoorewol.mp3
https://media.ipsapps.org/fuh/oda/,https://media.ipsapps.org/fuh/oda/audio/636919468446286540ɗabbeede.mp3,HTTPError: 404 Client Error: Not Found for url: https://media.ipsapps.org/fuh/oda/audio/636919468446286540%C9%97abbeede.mp3
https://media.ipsapps.org/fuh/oda/,https://media.ipsapps.org/fuh/oda/audio/636919561555704336ɗojjude.mp3,HTTPError: 404 Client Error: Not Found for url: https://media.ipsapps.org/fuh/oda/audio/636919561555704336%C9%97ojjude.mp3
https://media.ipsapps.org/fuh/oda/,https://media.ipsapps.org/fuh/oda/audio/636919511819391485ɗanninde.mp3,HTTPError: 404 Client Error: Not Found for url: https://media.ipsapps.org/fuh/oda/audio/636919511819391485%C9%97anninde.mp3
https://media.ipsapps.org/fuh/oda/,https://media.ipsapps.org/fuh/oda/audio/636919550337310680ɗiilude.mp3,HTTPError: 404 Client Error: Not Found for url: https://media.ipsapps.org/fuh/oda/audio/636919550337310680%C9%97iilude.mp3
https://media.ipsapps.org/fuh/oda/,https://media.ipsapps.org/fuh/oda/audio/636919511974986095ɗanngude.mp3,HTTPError: 404 Client Error: Not Found for url: https://media.ipsapps.org/fuh/oda/audio/636919511974986095%C9%97anngude.mp3
https://media.ipsapps.org/fuh/oda/,https://media.ipsapps.org/fuh/oda/audio/636919473403556809ɗagaade.mp3,HTTPError: 404 Client Error: Not Found for url: https://media.ipsapps.org/fuh/oda/audio/636919473403556809%C9%97agaade.mp3
https://media.ipsapps.org/fuh/oda/,https://media.ipsapps.org/fuh/oda/audio/636919557744991663ɗo leɗɗe golletee.mp3,HTTPError: 404 Client Error: Not Found for url: https://media.ipsapps.org/fuh/oda/audio/636919557744991663%C9%97o%20le%C9%97%C9%97e%20golletee.mp3
https://media.ipsapps.org/fuh/oda/,https://media.ipsapps.org/fuh/oda/audio/636919469267434966ɗabbol.mp3,HTTPError: 404 Client Error: Not Found for url: https://media.ipsapps.org/fuh/oda/audio/636919469267434966%C9%97abbol.mp3
https://media.ipsapps.org/fuh/oda/,https://media.ipsapps.org/fuh/oda/audio/636921995112095185ɗoyki.mp3,HTTPError: 404 Client Error: Not Found for url: https://media.ipsapps.org/fuh/oda/audio/636921995112095185%C9%97oyki.mp3
https://media.ipsapps.org/fuh/oda/,https://media.ipsapps.org/fuh/oda/audio/636919468377503775ɗabbaade.mp3,HTTPError: 404 Client Error: Not Found for url: https://media.ipsapps.org/fuh/oda/audio/636919468377503775%C9%97abbaade.mp3
https://media.ipsapps.org/fuh/oda/,https://media.ipsapps.org/fuh/oda/audio/636919551798634966ɗiisude.mp3,HTTPError: 404 Client Error: Not Found for url: https://media.ipsapps.org/fuh/oda/audio/636919551798634966%C9%97iisude.mp3
https://media.ipsapps.org/fuh/oda/,https://media.ipsapps.org/fuh/oda/audio/636919527977609890ɗe.mp3,HTTPError: 404 Client Error: Not Found for url: https://media.ipsapps.org/fuh/oda/audio/636919527977609890%C9%97e.mp3
https://media.ipsapps.org/fuh/oda/,https://media.ipsapps.org/fuh/oda/audio/636919464786201918ɗaaninde.mp3,HTTPError: 404 Client Error: Not Found for url: https://media.ipsapps.org/fuh/oda/audio/636919464786201918%C9%97aaninde.mp3
https://media.ipsapps.org/fuh/oda/,https://media.ipsapps.org/fuh/oda/audio/636919527101224112ɗawude.mp3,HTTPError: 404 Client Error: Not Found for url: https://media.ipsapps.org/fuh/oda/audio/636919527101224112%C9%97awude.mp3
https://media.ipsapps.org/fuh/oda/,https://media.ipsapps.org/fuh/oda/audio/636921996669269548ɗoyru.mp3,HTTPError: 404 Client Error: Not Found for url: https://media.ipsapps.org/fuh/oda/audio/636921996669269548%C9%97oyru.mp3
https://media.ipsapps.org/fuh/oda/,https://media.ipsapps.org/fuh/oda/audio/636922005755166297ɗuuɗude.mp3,HTTPError: 404 Client Error: Not Found for url: https://media.ipsapps.org/fuh/oda/audio/636922005755166297%C9%97uu%C9%97ude.mp3
https://media.ipsapps.org/fuh/oda/,https://media.ipsapps.org/fuh/oda/audio/636919536276980322ɗemmbitaade.mp3,HTTPError: 404 Client Error: Not Found for url: https://media.ipsapps.org/fuh/oda/audio/636919536276980322%C9%97emmbitaade.mp3
https://media.ipsapps.org/fuh/oda/,https://media.ipsapps.org/fuh/oda/audio/636919548404294119ɗiɗi.mp3,HTTPError: 404 Client Error: Not Found for url: https://media.ipsapps.org/fuh/oda/audio/636919548404294119%C9%97i%C9%97i.mp3
https://media.ipsapps.org/fuh/oda/,https://media.ipsapps.org/fuh/oda/audio/636919562148435387ɗokko.mp3,HTTPError: 404 Client Error: Not Found for url: https://media.ipsapps.org/fuh/oda/audio/636919562148435387%C9%97okko.mp3
https://media.ipsapps.org/fuh/oda/,https://media.ipsapps.org/fuh/oda/audio/636919562909769085ɗomeede.mp3,HTTPError: 404 Client Error: Not Found for url: https://media.ipsapps.org/fuh/oda/audio/636919562909769085%C9%97omeede.mp3
https://media.ipsapps.org/fuh/oda/,https://media.ipsapps.org/fuh/oda/audio/636922008120106647ɗuurude.mp3,HTTPError: 404 Client Error: Not Found for url: https://media.ipsapps.org/fuh/oda/audio/636922008120106647%C9%97uurude.mp3
https://media.ipsapps.org/fuh/oda/,https://media.ipsapps.org/fuh/oda/audio/636922007600423943ɗuunnude.mp3,HTTPError: 404 Client Error: Not Found for url: https://media.ipsapps.org/fuh/oda/audio/636922007600423943%C9%97uunnude.mp3
https://media.ipsapps.org/fuh/oda/,https://media.ipsapps.org/fuh/oda/audio/636921994958371106ɗoygiire.mp3,HTTPError: 404 Client Error: Not Found for url: https://media.ipsapps.org/fuh/oda/audio/636921994958371106%C9%97oygiire.mp3
https://media.ipsapps.org/fuh/oda/,https://media.ipsapps.org/fuh/oda/audio/636919565345837286ɗooki.mp3,HTTPError: 404 Client Error: Not Found for url: https://media.ipsapps.org/fuh/oda/audio/636919565345837286%C9%97ooki.mp3
https://media.ipsapps.org/fuh/oda/,https://media.ipsapps.org/fuh/oda/audio/636919543876869876ɗeppiɗinde.mp3,HTTPError: 404 Client Error: Not Found for url: https://media.ipsapps.org/fuh/oda/audio/636919543876869876%C9%97eppi%C9%97inde.mp3
https://media.ipsapps.org/fuh/oda/,https://media.ipsapps.org/fuh/oda/audio/636919529343847260ɗeeɗeede.mp3,HTTPError: 404 Client Error: Not Found for url: https://media.ipsapps.org/fuh/oda/audio/636919529343847260%C9%97ee%C9%97eede.mp3
https://media.ipsapps.org/fuh/oda/,https://media.ipsapps.org/fuh/oda/audio/636919527545787012ɗaylugol.mp3,HTTPError: 404 Client Error: Not Found for url: https://media.ipsapps.org/fuh/oda/audio/636919527545787012%C9%97aylugol.mp3
https://media.ipsapps.org/fuh/oda/,https://media.ipsapps.org/fuh/oda/audio/636921996896483967ɗoytoroyel.mp3,HTTPError: 404 Client Error: Not Found for url: https://media.ipsapps.org/fuh/oda/audio/636921996896483967%C9%97oytoroyel.mp3
https://media.ipsapps.org/fuh/oda/,https://media.ipsapps.org/fuh/oda/audio/636922001100160000ɗum jaati.mp3,HTTPError: 404 Client Error: Not Found for url: https://media.ipsapps.org/fuh/oda/audio/636922001100160000%C9%97um%20jaati.mp3
https://media.ipsapps.org/fuh/oda/,https://media.ipsapps.org/fuh/oda/audio/636919568893867443ɗowoowo.mp3,HTTPError: 404 Client Error: Not Found for url: https://media.ipsapps.org/fuh/oda/audio/636919568893867443%C9%97owoowo.mp3
https://media.ipsapps.org/fuh/oda/,https://media.ipsapps.org/fuh/oda/audio/636922008217452229ɗuusel.mp3,HTTPError: 404 Client Error: Not Found for url: https://media.ipsapps.org/fuh/oda/audio/636922008217452229%C9%97uusel.mp3
https://media.ipsapps.org/fuh/oda/,https://media.ipsapps.org/fuh/oda/audio/636919565211971050ɗoofude.mp3,HTTPError: 404 Client Error: Not Found for url: https://media.ipsapps.org/fuh/oda/audio/636919565211971050%C9%97oofude.mp3
https://media.ipsapps.org/fuh/oda/,https://media.ipsapps.org/fuh/oda/audio/636919544322204070ɗeppiriwal-balaawal.mp3,HTTPError: 404 Client Error: Not Found for url: https://media.ipsapps.org/fuh/oda/audio/636919544322204070%C9%97eppiriwal-balaawal.mp3
https://media.ipsapps.org/fuh/oda/,https://media.ipsapps.org/fuh/oda/audio/636919543994701548ɗeppiɗinɗum.mp3,HTTPError: 404 Client Error: Not Found for url: https://media.ipsapps.org/fuh/oda/audio/636919543994701548%C9%97eppi%C9%97in%C9%97um.mp3
https://media.ipsapps.org/fuh/oda/,https://media.ipsapps.org/fuh/oda/audio/636922000978184009ɗum.mp3,HTTPError: 404 Client Error: Not Found for url: https://media.ipsapps.org/fuh/oda/audio/636922000978184009%C9%97um.mp3
https://media.ipsapps.org/fuh/oda/,https://media.ipsapps.org/fuh/oda/audio/636919477695048112ɗam.mp3,HTTPError: 404 Client Error: Not Found for url: https://media.ipsapps.org/fuh/oda/audio/636919477695048112%C9%97am.mp3
https://media.ipsapps.org/fuh/oda/,https://media.ipsapps.org/fuh/oda/audio/636919567784361936ɗooyngol.mp3,HTTPError: 404 Client Error: Not Found for url: https://media.ipsapps.org/fuh/oda/audio/636919567784361936%C9%97ooyngol.mp3
https://media.ipsapps.org/fuh/oda/,https://media.ipsapps.org/fuh/oda/audio/636919566239757473ɗoon.mp3,HTTPError: 404 Client Error: Not Found for url: https://media.ipsapps.org/fuh/oda/audio/636919566239757473%C9%97oon.mp3
https://media.ipsapps.org/fuh/oda/,https://media.ipsapps.org/fuh/oda/audio/636919529263567382ɗeeɗaade.mp3,HTTPError: 404 Client Error: Not Found for url: https://media.ipsapps.org/fuh/oda/audio/636919529263567382%C9%97ee%C9%97aade.mp3
https://media.ipsapps.org/fuh/oda/,https://media.ipsapps.org/fuh/oda/audio/636919551547123985ɗiisal.mp3,HTTPError: 404 Client Error: Not Found for url: https://media.ipsapps.org/fuh/oda/audio/636919551547123985%C9%97iisal.mp3
https://media.ipsapps.org/fuh/oda/,https://media.ipsapps.org/fuh/oda/audio/636919562980692463ɗomka.mp3,HTTPError: 404 Client Error: Not Found for url: https://media.ipsapps.org/fuh/oda/audio/636919562980692463%C9%97omka.mp3
https://media.ipsapps.org/fuh/oda/,https://media.ipsapps.org/fuh/oda/audio/636919550569212828ɗiimitinde.mp3,HTTPError: 404 Client Error: Not Found for url: https://media.ipsapps.org/fuh/oda/audio/636919550569212828%C9%97iimitinde.mp3
https://media.ipsapps.org/fuh/oda/,https://media.ipsapps.org/fuh/oda/audio/636919553849526465ɗimmitaade.mp3,HTTPError: 404 Client Error: Not Found for url: https://media.ipsapps.org/fuh/oda/audio/636919553849526465%C9%97immitaade.mp3
https://media.ipsapps.org/fuh/oda/,https://media.ipsapps.org/fuh/oda/audio/636919568972731761ɗowtaare.mp3,HTTPError: 404 Client Error: Not Found for url: https://media.ipsapps.org/fuh/oda/audio/636919568972731761%C9%97owtaare.mp3
https://media.ipsapps.org/fuh/oda/,https://media.ipsapps.org/fuh/oda/audio/636919535772645024ɗelmude.mp3,HTTPError: 404 Client Error: Not Found for url: https://media.ipsapps.org/fuh/oda/audio/636919535772645024%C9%97elmude.mp3
https://media.ipsapps.org/fuh/oda/,https://media.ipsapps.org/fuh/oda/audio/636922009717009150ɗuytude.mp3,HTTPError: 404 Client Error: Not Found for url: https://media.ipsapps.org/fuh/oda/audio/636922009717009150%C9%97uytude.mp3
https://media.ipsapps.org/fuh/oda/,https://media.ipsapps.org/fuh/oda/audio/636919505074867789ɗammi'aade.mp3,HTTPError: 404 Client Error: Not Found for url: https://media.ipsapps.org/fuh/oda/audio/636919505074867789%C9%97ammi'aade.mp3
https://media.ipsapps.org/fuh/oda/,https://media.ipsapps.org/fuh/oda/audio/636919547688430166ɗi.mp3,HTTPError: 404 Client Error: Not Found for url: https://media.ipsapps.org/fuh/oda/audio/636919547688430166%C9%97i.mp3
https://media.ipsapps.org/fuh/oda/,https://media.ipsapps.org/fuh/oda/audio/636919529495560533ɗeeɗitaade.mp3,HTTPError: 404 Client Error: Not Found for url: https://media.ipsapps.org/fuh/oda/audio/636919529495560533%C9%97ee%C9%97itaade.mp3
https://media.ipsapps.org/fuh/oda/,https://media.ipsapps.org/fuh/oda/audio/636919544732421969ɗer.mp3,HTTPError: 404 Client Error: Not Found for url: https://media.ipsapps.org/fuh/oda/audio/636919544732421969%C9%97er.mp3
https://media.ipsapps.org/fuh/oda/,https://media.ipsapps.org/fuh/oda/audio/636919463589684500ɗaamon.mp3,HTTPError: 404 Client Error: Not Found for url: https://media.ipsapps.org/fuh/oda/audio/636919463589684500%C9%97aamon.mp3
https://media.ipsapps.org/fuh/oda/,https://media.ipsapps.org/fuh/oda/audio/636922001669283368ɗume.mp3,HTTPError: 404 Client Error: Not Found for url: https://media.ipsapps.org/fuh/oda/audio/636922001669283368%C9%97ume.mp3
https://media.ipsapps.org/fuh/oda/,https://media.ipsapps.org/fuh/oda/audio/636919529569269539ɗeeɗude.mp3,HTTPError: 404 Client Error: Not Found for url: https://media.ipsapps.org/fuh/oda/audio/636919529569269539%C9%97ee%C9%97ude.mp3
https://media.ipsapps.org/fuh/oda/,https://media.ipsapps.org/fuh/oda/audio/636919557490665029ɗo ɗuwetee.mp3,HTTPError: 404 Client Error: Not Found for url: https://media.ipsapps.org/fuh/oda/audio/636919557490665029%C9%97o%20%C9%97uwetee.mp3
https://media.ipsapps.org/fuh/oda/,https://media.ipsapps.org/fuh/oda/audio/636919563481888430ɗon.mp3,HTTPError: 404 Client Error: Not Found for url: https://media.ipsapps.org/fuh/oda/audio/636919563481888430%C9%97on.mp3
https://media.ipsapps.org/fuh/oda/,https://media.ipsapps.org/fuh/oda/audio/636919557826637585ɗo suuɗetee.mp3,HTTPError: 404 Client Error: Not Found for url: https://media.ipsapps.org/fuh/oda/audio/636919557826637585%C9%97o%20suu%C9%97etee.mp3
https://media.ipsapps.org/fuh/oda/,https://media.ipsapps.org/fuh/oda/audio/636919462191331265ɗaalde.mp3,HTTPError: 404 Client Error: Not Found for url: https://media.ipsapps.org/fuh/oda/audio/636919462191331265%C9%97aalde.mp3
https://media.ipsapps.org/fuh/oda/,https://media.ipsapps.org/fuh/oda/audio/636922009630923667ɗuytaade.mp3,HTTPError: 404 Client Error: Not Found for url: https://media.ipsapps.org/fuh/oda/audio/636922009630923667%C9%97uytaade.mp3
https://media.ipsapps.org/fuh/oda/,https://media.ipsapps.org/fuh/oda/audio/636919562717098348ɗomɗitinde.mp3,HTTPError: 404 Client Error: Not Found for url: https://media.ipsapps.org/fuh/oda/audio/636919562717098348%C9%97om%C9%97itinde.mp3
https://media.ipsapps.org/fuh/oda/,https://media.ipsapps.org/fuh/oda/audio/636919543794248683ɗeppeefi.mp3,HTTPError: 404 Client Error: Not Found for url: https://media.ipsapps.org/fuh/oda/audio/636919543794248683%C9%97eppeefi.mp3
https://media.ipsapps.org/fuh/oda/,https://media.ipsapps.org/fuh/oda/audio/636922001246021361ɗum pasii.mp3,HTTPError: 404 Client Error: Not Found for url: https://media.ipsapps.org/fuh/oda/audio/636922001246021361%C9%97um%20pasii.mp3
https://media.ipsapps.org/fuh/oda/,https://media.ipsapps.org/fuh/oda/audio/636919548309530161ɗiccorɗinde.mp3,HTTPError: 404 Client Error: Not Found for url: https://media.ipsapps.org/fuh/oda/audio/636919548309530161%C9%97iccor%C9%97inde.mp3
https://media.ipsapps.org/fuh/oda/,https://media.ipsapps.org/fuh/oda/audio/636919465285569085ɗaanndi.mp3,HTTPError: 404 Client Error: Not Found for url: https://media.ipsapps.org/fuh/oda/audio/636919465285569085%C9%97aanndi.mp3
https://media.ipsapps.org/fuh/oda/,https://media.ipsapps.org/fuh/oda/audio/636919543338563302ɗenngal.mp3,HTTPError: 404 Client Error: Not Found for url: https://media.ipsapps.org/fuh/oda/audio/636919543338563302%C9%97enngal.mp3
https://media.ipsapps.org/fuh/oda/,https://media.ipsapps.org/fuh/oda/audio/636922008810492856ɗuwirde.mp3,HTTPError: 404 Client Error: Not Found for url: https://media.ipsapps.org/fuh/oda/audio/636922008810492856%C9%97uwirde.mp3
https://media.ipsapps.org/fuh/oda/,https://media.ipsapps.org/fuh/oda/audio/636919469709559756ɗabbude.mp3,HTTPError: 404 Client Error: Not Found for url: https://media.ipsapps.org/fuh/oda/audio/636919469709559756%C9%97abbude.mp3
https://media.ipsapps.org/fuh/oda/,https://media.ipsapps.org/fuh/oda/audio/636919472802642778ɗaɗol-serawol.mp3,HTTPError: 404 Client Error: Not Found for url: https://media.ipsapps.org/fuh/oda/audio/636919472802642778%C9%97a%C9%97ol-serawol.mp3
https://media.ipsapps.org/fuh/oda/,https://media.ipsapps.org/fuh/oda/audio/636919555628362283ɗisude.mp3,HTTPError: 404 Client Error: Not Found for url: https://media.ipsapps.org/fuh/oda/audio/636919555628362283%C9%97isude.mp3
https://media.ipsapps.org/fuh/oda/,https://media.ipsapps.org/fuh/oda/audio/636919463500657253ɗaamol.mp3,HTTPError: 404 Client Error: Not Found for url: https://media.ipsapps.org/fuh/oda/audio/636919463500657253%C9%97aamol.mp3
https://media.ipsapps.org/fuh/oda/,https://media.ipsapps.org/fuh/oda/audio/636919475578994938ɗakkol.mp3,HTTPError: 404 Client Error: Not Found for url: https://media.ipsapps.org/fuh/oda/audio/636919475578994938%C9%97akkol.mp3
https://media.ipsapps.org/fuh/oda/,https://media.ipsapps.org/fuh/oda/audio/636919473851910063ɗagginde.mp3,HTTPError: 404 Client Error: Not Found for url: https://media.ipsapps.org/fuh/oda/audio/636919473851910063%C9%97agginde.mp3
https://media.ipsapps.org/fuh/oda/,https://media.ipsapps.org/fuh/oda/audio/636919470643497478ɗaccuki.mp3,HTTPError: 404 Client Error: Not Found for url: https://media.ipsapps.org/fuh/oda/audio/636919470643497478%C9%97accuki.mp3
https://media.ipsapps.org/fuh/oda/,https://media.ipsapps.org/fuh/oda/audio/636919527461964481ɗaylude.mp3,HTTPError: 404 Client Error: Not Found for url: https://media.ipsapps.org/fuh/oda/audio/636919527461964481%C9%97aylude.mp3
https://media.ipsapps.org/fuh/oda/,https://media.ipsapps.org/fuh/oda/audio/636919528925072383ɗeɗɗeede.mp3,HTTPError: 404 Client Error: Not Found for url: https://media.ipsapps.org/fuh/oda/audio/636919528925072383%C9%97e%C9%97%C9%97eede.mp3
https://media.ipsapps.org/fuh/oda/,https://media.ipsapps.org/fuh/oda/audio/636919535245854830ɗelkude.mp3,HTTPError: 404 Client Error: Not Found for url: https://media.ipsapps.org/fuh/oda/audio/636919535245854830%C9%97elkude.mp3
https://media.ipsapps.org/fuh/oda/,https://media.ipsapps.org/fuh/oda/audio/636919555152153871ɗirraade.mp3,HTTPError: 404 Client Error: Not Found for url: https://media.ipsapps.org/fuh/oda/audio/636919555152153871%C9%97irraade.mp3
https://media.ipsapps.org/fuh/oda/,https://media.ipsapps.org/fuh/oda/audio/636919557392389183ɗo.mp3,HTTPError: 404 Client Error: Not Found for url: https://media.ipsapps.org/fuh/oda/audio/636919557392389183%C9%97o.mp3
https://media.ipsapps.org/fuh/oda/,https://media.ipsapps.org/fuh/oda/audio/636919478419290769ɗame.mp3,HTTPError: 404 Client Error: Not Found for url: https://media.ipsapps.org/fuh/oda/audio/636919478419290769%C9%97ame.mp3
https://media.ipsapps.org/fuh/oda/,https://media.ipsapps.org/fuh/oda/audio/636919565280561628ɗoogi.mp3,HTTPError: 404 Client Error: Not Found for url: https://media.ipsapps.org/fuh/oda/audio/636919565280561628%C9%97oogi.mp3
https://media.ipsapps.org/fuh/oda/,https://media.ipsapps.org/fuh/oda/audio/636919569180444743ɗowtude.mp3,HTTPError: 404 Client Error: Not Found for url: https://media.ipsapps.org/fuh/oda/audio/636919569180444743%C9%97owtude.mp3
https://media.ipsapps.org/fuh/oda/,https://media.ipsapps.org/fuh/oda/audio/636919475445183943ɗakkere.mp3,HTTPError: 404 Client Error: Not Found for url: https://media.ipsapps.org/fuh/oda/audio/636919475445183943%C9%97akkere.mp3
https://media.ipsapps.org/fuh/oda/,https://media.ipsapps.org/fuh/oda/audio/636919567210245501ɗootirde.mp3,HTTPError: 404 Client Error: Not Found for url: https://media.ipsapps.org/fuh/oda/audio/636919567210245501%C9%97ootirde.mp3
https://media.ipsapps.org/fuh/oda/,https://media.ipsapps.org/fuh/oda/audio/636919475265333726ɗakkaade.mp3,HTTPError: 404 Client Error: Not Found for url: https://media.ipsapps.org/fuh/oda/audio/636919475265333726%C9%97akkaade.mp3
https://media.ipsapps.org/fuh/oda/,https://media.ipsapps.org/fuh/oda/audio/636919528727852856ɗeɗɗaade.mp3,HTTPError: 404 Client Error: Not Found for url: https://media.ipsapps.org/fuh/oda/audio/636919528727852856%C9%97e%C9%97%C9%97aade.mp3
https://media.ipsapps.org/fuh/oda/,https://media.ipsapps.org/fuh/oda/audio/636919467507585646ɗaayude.mp3,HTTPError: 404 Client Error: Not Found for url: https://media.ipsapps.org/fuh/oda/audio/636919467507585646%C9%97aayude.mp3
https://media.ipsapps.org/fuh/oda/,https://media.ipsapps.org/fuh/oda/audio/636919463822054970ɗaanagol.mp3,HTTPError: 404 Client Error: Not Found for url: https://media.ipsapps.org/fuh/oda/audio/636919463822054970%C9%97aanagol.mp3
https://media.ipsapps.org/fuh/oda/,https://media.ipsapps.org/fuh/oda/audio/636919477588242956ɗalude.mp3,HTTPError: 404 Client Error: Not Found for url: https://media.ipsapps.org/fuh/oda/audio/636919477588242956%C9%97alude.mp3
https://media.ipsapps.org/fuh/oda/,https://media.ipsapps.org/fuh/oda/audio/636919548476593384ɗiɗo.mp3,HTTPError: 404 Client Error: Not Found for url: https://media.ipsapps.org/fuh/oda/audio/636919548476593384%C9%97i%C9%97o.mp3
https://media.ipsapps.org/fuh/oda/,https://media.ipsapps.org/fuh/oda/audio/636919547209693773ɗeye.mp3,HTTPError: 404 Client Error: Not Found for url: https://media.ipsapps.org/fuh/oda/audio/636919547209693773%C9%97eye.mp3
https://media.ipsapps.org/fuh/oda/,https://media.ipsapps.org/fuh/oda/audio/636922007767474835ɗuurtaade.mp3,HTTPError: 404 Client Error: Not Found for url: https://media.ipsapps.org/fuh/oda/audio/636922007767474835%C9%97uurtaade.mp3
https://media.ipsapps.org/fuh/oda/,https://media.ipsapps.org/fuh/oda/audio/636919470531445080ɗaccere.mp3,HTTPError: 404 Client Error: Not Found for url: https://media.ipsapps.org/fuh/oda/audio/636919470531445080%C9%97accere.mp3
https://media.ipsapps.org/fuh/oda/,https://media.ipsapps.org/fuh/oda/audio/636921999199711588ɗuhaade.mp3,HTTPError: 404 Client Error: Not Found for url: https://media.ipsapps.org/fuh/oda/audio/636921999199711588%C9%97uhaade.mp3
https://media.ipsapps.org/fuh/oda/,https://media.ipsapps.org/fuh/oda/audio/636922005512096748ɗuuɗayaaduwal.mp3,HTTPError: 404 Client Error: Not Found for url: https://media.ipsapps.org/fuh/oda/audio/636922005512096748%C9%97uu%C9%97ayaaduwal.mp3
https://media.ipsapps.org/fuh/oda/,https://media.ipsapps.org/fuh/oda/audio/636919476054643330ɗakkudi.mp3,HTTPError: 404 Client Error: Not Found for url: https://media.ipsapps.org/fuh/oda/audio/636919476054643330%C9%97akkudi.mp3
https://media.ipsapps.org/fuh/oda/,https://media.ipsapps.org/fuh/oda/audio/636919564195138217ɗonka.mp3,HTTPError: 404 Client Error: Not Found for url: https://media.ipsapps.org/fuh/oda/audio/636919564195138217%C9%97onka.mp3
https://media.ipsapps.org/fuh/oda/,https://media.ipsapps.org/fuh/oda/audio/636919545051116425ɗerewol.mp3,HTTPError: 404 Client Error: Not Found for url: https://media.ipsapps.org/fuh/oda/audio/636919545051116425%C9%97erewol.mp3
https://media.ipsapps.org/fuh/oda/,https://media.ipsapps.org/fuh/oda/audio/636919473975260893ɗaggude.mp3,HTTPError: 404 Client Error: Not Found for url: https://media.ipsapps.org/fuh/oda/audio/636919473975260893%C9%97aggude.mp3
https://media.ipsapps.org/fuh/oda/,https://media.ipsapps.org/fuh/oda/audio/636922005201633693ɗuuɗal.mp3,HTTPError: 404 Client Error: Not Found for url: https://media.ipsapps.org/fuh/oda/audio/636922005201633693%C9%97uu%C9%97al.mp3
https://media.ipsapps.org/fuh/oda/,https://media.ipsapps.org/fuh/oda/audio/636919561790467742ɗokkiɗinde.mp3,HTTPError: 404 Client Error: Not Found for url: https://media.ipsapps.org/fuh/oda/audio/636919561790467742%C9%97okki%C9%97inde.mp3
https://media.ipsapps.org/fuh/oda/,https://media.ipsapps.org/fuh/oda/audio/636919466226024336ɗaasa.mp3,HTTPError: 404 Client Error: Not Found for url: https://media.ipsapps.org/fuh/oda/audio/636919466226024336%C9%97aasa.mp3
https://media.ipsapps.org/fuh/oda/,https://media.ipsapps.org/fuh/oda/audio/636919467350237894ɗaayre.mp3,HTTPError: 404 Client Error: Not Found for url: https://media.ipsapps.org/fuh/oda/audio/636919467350237894%C9%97aayre.mp3
https://media.ipsapps.org/fuh/oda/,https://media.ipsapps.org/fuh/oda/audio/636922001437658610ɗumaanin.mp3,HTTPError: 404 Client Error: Not Found for url: https://media.ipsapps.org/fuh/oda/audio/636922001437658610%C9%97umaanin.mp3
https://media.ipsapps.org/fuh/oda/,https://media.ipsapps.org/fuh/oda/audio/636919467194452856ɗaatude.mp3,HTTPError: 404 Client Error: Not Found for url: https://media.ipsapps.org/fuh/oda/audio/636919467194452856%C9%97aatude.mp3
https://media.ipsapps.org/fuh/oda/,https://media.ipsapps.org/fuh/oda/audio/636919463683482647ɗaanaade.mp3,HTTPError: 404 Client Error: Not Found for url: https://media.ipsapps.org/fuh/oda/audio/636919463683482647%C9%97aanaade.mp3
https://media.ipsapps.org/fuh/oda/,https://media.ipsapps.org/fuh/oda/audio/636919475357711101ɗakke.mp3,HTTPError: 404 Client Error: Not Found for url: https://media.ipsapps.org/fuh/oda/audio/636919475357711101%C9%97akke.mp3
https://media.ipsapps.org/fuh/oda/,https://media.ipsapps.org/fuh/oda/audio/636919569256373370ɗowude.mp3,HTTPError: 404 Client Error: Not Found for url: https://media.ipsapps.org/fuh/oda/audio/636919569256373370%C9%97owude.mp3
https://media.ipsapps.org/fuh/oda/,https://media.ipsapps.org/fuh/oda/audio/636919567327128477ɗootude.mp3,HTTPError: 404 Client Error: Not Found for url: https://media.ipsapps.org/fuh/oda/audio/636919567327128477%C9%97ootude.mp3
https://media.ipsapps.org/fuh/oda/,https://media.ipsapps.org/fuh/oda/audio/636919564041529571ɗonɗude.mp3,HTTPError: 404 Client Error: Not Found for url: https://media.ipsapps.org/fuh/oda/audio/636919564041529571%C9%97on%C9%97ude.mp3
https://media.ipsapps.org/fuh/oda/,https://media.ipsapps.org/fuh/oda/audio/636919566130459995ɗoomude.mp3,HTTPError: 404 Client Error: Not Found for url: https://media.ipsapps.org/fuh/oda/audio/636919566130459995%C9%97oomude.mp3
https://media.ipsapps.org/fuh/oda/,https://media.ipsapps.org/fuh/oda/audio/636919550042797585ɗiilere.mp3,HTTPError: 404 Client Error: Not Found for url: https://media.ipsapps.org/fuh/oda/audio/636919550042797585%C9%97iilere.mp3
https://media.ipsapps.org/fuh/oda/,https://media.ipsapps.org/fuh/oda/audio/636919476624630699ɗalmude.mp3,HTTPError: 404 Client Error: Not Found for url: https://media.ipsapps.org/fuh/oda/audio/636919476624630699%C9%97almude.mp3
https://media.ipsapps.org/fuh/oda/,https://media.ipsapps.org/fuh/oda/audio/636919535550232729ɗelle.mp3,HTTPError: 404 Client Error: Not Found for url: https://media.ipsapps.org/fuh/oda/audio/636919535550232729%C9%97elle.mp3
https://media.ipsapps.org/fuh/oda/,https://media.ipsapps.org/fuh/oda/audio/636919464700188416ɗaaniiɗam.mp3,HTTPError: 404 Client Error: Not Found for url: https://media.ipsapps.org/fuh/oda/audio/636919464700188416%C9%97aanii%C9%97am.mp3
https://media.ipsapps.org/fuh/oda/,https://media.ipsapps.org/fuh/oda/audio/636922009073746507ɗuyki.mp3,HTTPError: 404 Client Error: Not Found for url: https://media.ipsapps.org/fuh/oda/audio/636922009073746507%C9%97uyki.mp3
https://media.ipsapps.org/fuh/oda/,https://media.ipsapps.org/fuh/oda/audio/636919563565843695ɗon.mp3,HTTPError: 404 Client Error: Not Found for url: https://media.ipsapps.org/fuh/oda/audio/636919563565843695%C9%97on.mp3
https://media.ipsapps.org/fuh/oda/,https://media.ipsapps.org/fuh/oda/audio/636919472231382053ɗaɗol.mp3,HTTPError: 404 Client Error: Not Found for url: https://media.ipsapps.org/fuh/oda/audio/636919472231382053%C9%97a%C9%97ol.mp3
https://media.ipsapps.org/fuh/oda/,https://media.ipsapps.org/fuh/oda/audio/636922005368587714ɗuuɗal-tagunndi.mp3,HTTPError: 404 Client Error: Not Found for url: https://media.ipsapps.org/fuh/oda/audio/636922005368587714%C9%97uu%C9%97al-tagunndi.mp3
https://media.ipsapps.org/fuh/oda/,https://media.ipsapps.org/fuh/oda/audio/636919549013056411ɗiggude.mp3,HTTPError: 404 Client Error: Not Found for url: https://media.ipsapps.org/fuh/oda/audio/636919549013056411%C9%97iggude.mp3
https://media.ipsapps.org/fuh/oda/,https://media.ipsapps.org/fuh/oda/audio/636921996570263925ɗoyngol.mp3,HTTPError: 404 Client Error: Not Found for url: https://media.ipsapps.org/fuh/oda/audio/636921996570263925%C9%97oyngol.mp3
https://media.ipsapps.org/fuh/oda/,https://media.ipsapps.org/fuh/oda/audio/636919562831172350ɗomɗude.mp3,HTTPError: 404 Client Error: Not Found for url: https://media.ipsapps.org/fuh/oda/audio/636919562831172350%C9%97om%C9%97ude.mp3
https://media.ipsapps.org/fuh/oda/,https://media.ipsapps.org/fuh/oda/audio/636919469096027134ɗaɓɓitinde.mp3,HTTPError: 404 Client Error: Not Found for url: https://media.ipsapps.org/fuh/oda/audio/636919469096027134%C9%97a%C9%93%C9%93itinde.mp3
https://media.ipsapps.org/fuh/oda/,https://media.ipsapps.org/fuh/oda/audio/636919475819209038ɗakkondirde.mp3,HTTPError: 404 Client Error: Not Found for url: https://media.ipsapps.org/fuh/oda/audio/636919475819209038%C9%97akkondirde.mp3
https://media.ipsapps.org/fuh/oda/,https://media.ipsapps.org/fuh/oda/audio/636922006209122563ɗuulde.mp3,HTTPError: 404 Client Error: Not Found for url: https://media.ipsapps.org/fuh/oda/audio/636922006209122563%C9%97uulde.mp3
https://media.ipsapps.org/fuh/oda/,https://media.ipsapps.org/fuh/oda/audio/636919547924528561ɗibbude.mp3,HTTPError: 404 Client Error: Not Found for url: https://media.ipsapps.org/fuh/oda/audio/636919547924528561%C9%97ibbude.mp3
https://media.ipsapps.org/fuh/oda/,https://media.ipsapps.org/fuh/oda/audio/636919557598375681ɗo lanna jippotoo.mp3,HTTPError: 404 Client Error: Not Found for url: https://media.ipsapps.org/fuh/oda/audio/636919557598375681%C9%97o%20lanna%20jippotoo.mp3
https://media.ipsapps.org/fuh/oda/,https://media.ipsapps.org/fuh/oda/audio/636922008746704683ɗuwaade.mp3,HTTPError: 404 Client Error: Not Found for url: https://media.ipsapps.org/fuh/oda/audio/636922008746704683%C9%97uwaade.mp3
https://media.ipsapps.org/fuh/oda/,https://media.ipsapps.org/fuh/oda/audio/636939411451885704laƴude.mp3,HTTPError: 404 Client Error: Not Found for url: https://media.ipsapps.org/fuh/oda/audio/636939411451885704la%C6%B4ude.mp3
https://media.ipsapps.org/fuh/oda/,https://media.ipsapps.org/fuh/oda/audio/636922005689777328ɗuuɗi.mp3,HTTPError: 404 Client Error: Not Found for url: https://media.ipsapps.org/fuh/oda/audio/636922005689777328%C9%97uu%C9%97i.mp3
https://media.ipsapps.org/fuh/oda/,https://media.ipsapps.org/fuh/oda/audio/636922008314681852ɗuuwtude.mp3,HTTPError: 404 Client Error: Not Found for url: https://media.ipsapps.org/fuh/oda/audio/636922008314681852%C9%97uuwtude.mp3
https://media.ipsapps.org/fuh/oda/,https://media.ipsapps.org/fuh/oda/audio/636919472388495644ɗaɗol-giinol.mp3,HTTPError: 404 Client Error: Not Found for url: https://media.ipsapps.org/fuh/oda/audio/636919472388495644%C9%97a%C9%97ol-giinol.mp3
https://media.ipsapps.org/fuh/oda/,https://media.ipsapps.org/fuh/oda/audio/636940218799914638leyƴinaade.mp3,HTTPError: 404 Client Error: Not Found for url: https://media.ipsapps.org/fuh/oda/audio/636940218799914638ley%C6%B4inaade.mp3
https://media.ipsapps.org/fuh/oda/,https://media.ipsapps.org/fuh/oda/audio/636939410248084381lawƴirgal.mp3,HTTPError: 404 Client Error: Not Found for url: https://media.ipsapps.org/fuh/oda/audio/636939410248084381law%C6%B4irgal.mp3
https://media.ipsapps.org/fuh/oda/,https://media.ipsapps.org/fuh/oda/audio/636940219916113375liɓude.mp3,HTTPError: 404 Client Error: Not Found for url: https://media.ipsapps.org/fuh/oda/audio/636940219916113375li%C9%93ude.mp3
https://media.ipsapps.org/fuh/oda/,https://media.ipsapps.org/fuh/oda/audio/636939410311181563lawƴude.mp3,HTTPError: 404 Client Error: Not Found for url: https://media.ipsapps.org/fuh/oda/audio/636939410311181563law%C6%B4ude.mp3
https://media.ipsapps.org/fuh/oda/,https://media.ipsapps.org/fuh/oda/audio/636939420421746888leeƴinnde.mp3,HTTPError: 404 Client Error: Not Found for url: https://media.ipsapps.org/fuh/oda/audio/636939420421746888lee%C6%B4innde.mp3
https://media.ipsapps.org/fuh/oda/,https://media.ipsapps.org/fuh/oda/audio/636940232011988285loƴeede.mp3,HTTPError: 404 Client Error: Not Found for url: https://media.ipsapps.org/fuh/oda/audio/636940232011988285lo%C6%B4eede.mp3
https://media.ipsapps.org/fuh/oda/,https://media.ipsapps.org/fuh/oda/audio/636939420145627097leeƴinaare.mp3,HTTPError: 404 Client Error: Not Found for url: https://media.ipsapps.org/fuh/oda/audio/636939420145627097lee%C6%B4inaare.mp3
https://media.ipsapps.org/fuh/oda/,https://media.ipsapps.org/fuh/oda/audio/636940219086110923leyƴinkinaade.mp3,HTTPError: 404 Client Error: Not Found for url: https://media.ipsapps.org/fuh/oda/audio/636940219086110923ley%C6%B4inkinaade.mp3
https://media.ipsapps.org/fuh/oda/,https://media.ipsapps.org/fuh/oda/audio/636940231165668949looƴaade.mp3,HTTPError: 404 Client Error: Not Found for url: https://media.ipsapps.org/fuh/oda/audio/636940231165668949loo%C6%B4aade.mp3
https://media.ipsapps.org/fuh/oda/,https://media.ipsapps.org/fuh/oda/audio/636939392251024370laaliiɗo.mp3,HTTPError: 404 Client Error: Not Found for url: https://media.ipsapps.org/fuh/oda/audio/636939392251024370laalii%C9%97o.mp3
https://media.ipsapps.org/fuh/oda/,https://media.ipsapps.org/fuh/oda/audio/636940218946712683leyƴinde.mp3,HTTPError: 404 Client Error: Not Found for url: https://media.ipsapps.org/fuh/oda/audio/636940218946712683ley%C6%B4inde.mp3
https://media.ipsapps.org/fuh/oda/,https://media.ipsapps.org/fuh/oda/audio/636939404312709396lammuɗam.mp3,HTTPError: 404 Client Error: Not Found for url: https://media.ipsapps.org/fuh/oda/audio/636939404312709396lammu%C9%97am.mp3
https://media.ipsapps.org/fuh/oda/,https://media.ipsapps.org/fuh/oda/audio/636940225626743981liƴƴitere.mp3,HTTPError: 404 Client Error: Not Found for url: https://media.ipsapps.org/fuh/oda/audio/636940225626743981li%C6%B4%C6%B4itere.mp3
https://media.ipsapps.org/fuh/oda/,https://media.ipsapps.org/fuh/oda/audio/636940221497481637likkiƴinde.mp3,HTTPError: 404 Client Error: Not Found for url: https://media.ipsapps.org/fuh/oda/audio/636940221497481637likki%C6%B4inde.mp3
https://media.ipsapps.org/fuh/oda/,https://media.ipsapps.org/fuh/oda/audio/636940227408722722lohotooɗo.mp3,HTTPError: 404 Client Error: Not Found for url: https://media.ipsapps.org/fuh/oda/audio/636940227408722722lohotoo%C9%97o.mp3
https://media.ipsapps.org/fuh/oda/,https://media.ipsapps.org/fuh/oda/audio/636939407935679682lasooji ɗiɗi.mp3,HTTPError: 404 Client Error: Not Found for url: https://media.ipsapps.org/fuh/oda/audio/636939407935679682lasooji%20%C9%97i%C9%97i.mp3
https://media.ipsapps.org/fuh/oda/,https://media.ipsapps.org/fuh/oda/audio/636940233873111391lunndiiɗi.mp3,HTTPError: 404 Client Error: Not Found for url: https://media.ipsapps.org/fuh/oda/audio/636940233873111391lunndii%C9%97i.mp3
https://media.ipsapps.org/fuh/oda/,https://media.ipsapps.org/fuh/oda/audio/636940225685931340liƴƴitidde.mp3,HTTPError: 404 Client Error: Not Found for url: https://media.ipsapps.org/fuh/oda/audio/636940225685931340li%C6%B4%C6%B4itidde.mp3
https://media.ipsapps.org/fuh/oda/,https://media.ipsapps.org/fuh/oda/audio/636940232420987387luɓaade.mp3,HTTPError: 404 Client Error: Not Found for url: https://media.ipsapps.org/fuh/oda/audio/636940232420987387lu%C9%93aade.mp3
https://media.ipsapps.org/fuh/oda/,https://media.ipsapps.org/fuh/oda/audio/636940219847480907liɓnude reedu.mp3,HTTPError: 404 Client Error: Not Found for url: https://media.ipsapps.org/fuh/oda/audio/636940219847480907li%C9%93nude%20reedu.mp3
https://media.ipsapps.org/fuh/oda/,https://media.ipsapps.org/fuh/oda/audio/636939389035365736laaɓude.mp3,HTTPError: 404 Client Error: Not Found for url: https://media.ipsapps.org/fuh/oda/audio/636939389035365736laa%C9%93ude.mp3
https://media.ipsapps.org/fuh/oda/,https://media.ipsapps.org/fuh/oda/audio/636940218880612977leyƴinaare.mp3,HTTPError: 404 Client Error: Not Found for url: https://media.ipsapps.org/fuh/oda/audio/636940218880612977ley%C6%B4inaare.mp3
https://media.ipsapps.org/fuh/oda/,https://media.ipsapps.org/fuh/oda/audio/636940234807268322luuɓngol.mp3,HTTPError: 404 Client Error: Not Found for url: https://media.ipsapps.org/fuh/oda/audio/636940234807268322luu%C9%93ngol.mp3
https://media.ipsapps.org/fuh/oda/,https://media.ipsapps.org/fuh/oda/audio/636939420351545381leeƴinkinaade.mp3,HTTPError: 404 Client Error: Not Found for url: https://media.ipsapps.org/fuh/oda/audio/636939420351545381lee%C6%B4inkinaade.mp3
https://media.ipsapps.org/fuh/oda/,https://media.ipsapps.org/fuh/oda/audio/636939393147930500laamɗaaku.mp3,HTTPError: 404 Client Error: Not Found for url: https://media.ipsapps.org/fuh/oda/audio/636939393147930500laam%C9%97aaku.mp3
https://media.ipsapps.org/fuh/oda/,https://media.ipsapps.org/fuh/oda/audio/636940232190186816loƴude.mp3,HTTPError: 404 Client Error: Not Found for url: https://media.ipsapps.org/fuh/oda/audio/636940232190186816lo%C6%B4ude.mp3
https://media.ipsapps.org/fuh/oda/,https://media.ipsapps.org/fuh/oda/audio/636939412635956127leeɓi.mp3,HTTPError: 404 Client Error: Not Found for url: https://media.ipsapps.org/fuh/oda/audio/636939412635956127lee%C9%93i.mp3
https://media.ipsapps.org/fuh/oda/,https://media.ipsapps.org/fuh/oda/audio/636939403799808930lamɗam.mp3,HTTPError: 404 Client Error: Not Found for url: https://media.ipsapps.org/fuh/oda/audio/636939403799808930lam%C9%97am.mp3
https://media.ipsapps.org/fuh/oda/,https://media.ipsapps.org/fuh/oda/audio/636939399830684122laɓaade.mp3,HTTPError: 404 Client Error: Not Found for url: https://media.ipsapps.org/fuh/oda/audio/636939399830684122la%C9%93aade.mp3
https://media.ipsapps.org/fuh/oda/,https://media.ipsapps.org/fuh/oda/audio/636940219006213698leyƴineede.mp3,HTTPError: 404 Client Error: Not Found for url: https://media.ipsapps.org/fuh/oda/audio/636940219006213698ley%C6%B4ineede.mp3
https://media.ipsapps.org/fuh/oda/,https://media.ipsapps.org/fuh/oda/audio/636939420216567533leeƴinde.mp3,HTTPError: 404 Client Error: Not Found for url: https://media.ipsapps.org/fuh/oda/audio/636939420216567533lee%C6%B4inde.mp3
https://media.ipsapps.org/fuh/oda/,https://media.ipsapps.org/fuh/oda/audio/636939389595217908laaɓungu.mp3,HTTPError: 404 Client Error: Not Found for url: https://media.ipsapps.org/fuh/oda/audio/636939389595217908laa%C9%93ungu.mp3
https://media.ipsapps.org/fuh/oda/,https://media.ipsapps.org/fuh/oda/audio/636940232132900023loƴol.mp3,HTTPError: 404 Client Error: Not Found for url: https://media.ipsapps.org/fuh/oda/audio/636940232132900023lo%C6%B4ol.mp3
https://media.ipsapps.org/fuh/oda/,https://media.ipsapps.org/fuh/oda/audio/636940226236300697loɓɓaade.mp3,HTTPError: 404 Client Error: Not Found for url: https://media.ipsapps.org/fuh/oda/audio/636940226236300697lo%C9%93%C9%93aade.mp3
https://media.ipsapps.org/fuh/oda/,https://media.ipsapps.org/fuh/oda/audio/636940225494032140liƴƴaade.mp3,HTTPError: 404 Client Error: Not Found for url: https://media.ipsapps.org/fuh/oda/audio/636940225494032140li%C6%B4%C6%B4aade.mp3
https://media.ipsapps.org/fuh/oda/,https://media.ipsapps.org/fuh/oda/audio/636939388958745238laaɓinde.mp3,HTTPError: 404 Client Error: Not Found for url: https://media.ipsapps.org/fuh/oda/audio/636939388958745238laa%C9%93inde.mp3
https://media.ipsapps.org/fuh/oda/,https://media.ipsapps.org/fuh/oda/audio/636940226401034311loɓɓitaade.mp3,HTTPError: 404 Client Error: Not Found for url: https://media.ipsapps.org/fuh/oda/audio/636940226401034311lo%C9%93%C9%93itaade.mp3
https://media.ipsapps.org/fuh/oda/,https://media.ipsapps.org/fuh/oda/audio/636940234865568907luuɓude.mp3,HTTPError: 404 Client Error: Not Found for url: https://media.ipsapps.org/fuh/oda/audio/636940234865568907luu%C9%93ude.mp3
https://media.ipsapps.org/fuh/oda/,https://media.ipsapps.org/fuh/oda/audio/636940227753721094lokkiɗinde.mp3,HTTPError: 404 Client Error: Not Found for url: https://media.ipsapps.org/fuh/oda/audio/636940227753721094lokki%C9%97inde.mp3
https://media.ipsapps.org/fuh/oda/,https://media.ipsapps.org/fuh/oda/audio/636939393205894999Laamɗo.mp3,HTTPError: 404 Client Error: Not Found for url: https://media.ipsapps.org/fuh/oda/audio/636939393205894999Laam%C9%97o.mp3
https://media.ipsapps.org/fuh/oda/,https://media.ipsapps.org/fuh/oda/audio/636940219754281721liɓnude.mp3,HTTPError: 404 Client Error: Not Found for url: https://media.ipsapps.org/fuh/oda/audio/636940219754281721li%C9%93nude.mp3
https://media.ipsapps.org/fuh/oda/,https://media.ipsapps.org/fuh/oda/audio/636940227006224355loɓoloɓo.mp3,HTTPError: 404 Client Error: Not Found for url: https://media.ipsapps.org/fuh/oda/audio/636940227006224355lo%C9%93olo%C9%93o.mp3
https://media.ipsapps.org/fuh/oda/,https://media.ipsapps.org/fuh/oda/audio/636939410428732794layɓirgol.mp3,HTTPError: 404 Client Error: Not Found for url: https://media.ipsapps.org/fuh/oda/audio/636939410428732794lay%C9%93irgol.mp3
https://media.ipsapps.org/fuh/oda/,https://media.ipsapps.org/fuh/oda/audio/636940228567617815lonjorɗe.mp3,HTTPError: 404 Client Error: Not Found for url: https://media.ipsapps.org/fuh/oda/audio/636940228567617815lonjor%C9%97e.mp3
https://media.ipsapps.org/fuh/oda/,https://media.ipsapps.org/fuh/oda/audio/636940229209612500looɗe.mp3,HTTPError: 404 Client Error: Not Found for url: https://media.ipsapps.org/fuh/oda/audio/636940229209612500loo%C9%97e.mp3
https://media.ipsapps.org/fuh/oda/,https://media.ipsapps.org/fuh/oda/audio/636940219183111345leƴƴitaade.mp3,HTTPError: 404 Client Error: Not Found for url: https://media.ipsapps.org/fuh/oda/audio/636940219183111345le%C6%B4%C6%B4itaade.mp3
https://media.ipsapps.org/fuh/oda/,https://media.ipsapps.org/fuh/oda/audio/636939401528589402ladde ɓaleere.mp3,HTTPError: 404 Client Error: Not Found for url: https://media.ipsapps.org/fuh/oda/audio/636939401528589402ladde%20%C9%93aleere.mp3
https://media.ipsapps.org/fuh/oda/,https://media.ipsapps.org/fuh/oda/audio/636940221403215738likkiƴere.mp3,HTTPError: 404 Client Error: Not Found for url: https://media.ipsapps.org/fuh/oda/audio/636940221403215738likki%C6%B4ere.mp3
https://media.ipsapps.org/fuh/oda/,https://media.ipsapps.org/fuh/oda/audio/636939400971991183laɓi.mp3,HTTPError: 404 Client Error: Not Found for url: https://media.ipsapps.org/fuh/oda/audio/636939400971991183la%C9%93i.mp3
https://media.ipsapps.org/fuh/oda/,https://media.ipsapps.org/fuh/oda/audio/636940228135615756lokoƴere.mp3,HTTPError: 404 Client Error: Not Found for url: https://media.ipsapps.org/fuh/oda/audio/636940228135615756loko%C6%B4ere.mp3
https://media.ipsapps.org/fuh/oda/,https://media.ipsapps.org/fuh/oda/audio/636939420279571634leeƴineede.mp3,HTTPError: 404 Client Error: Not Found for url: https://media.ipsapps.org/fuh/oda/audio/636939420279571634lee%C6%B4ineede.mp3
https://media.ipsapps.org/fuh/oda/,https://media.ipsapps.org/fuh/oda/audio/636940231254914217looygel-ɓernde.mp3,HTTPError: 404 Client Error: Not Found for url: https://media.ipsapps.org/fuh/oda/audio/636940231254914217looygel-%C9%93ernde.mp3
https://media.ipsapps.org/fuh/oda/,https://media.ipsapps.org/fuh/oda/audio/636940226109730142loɓaade.mp3,HTTPError: 404 Client Error: Not Found for url: https://media.ipsapps.org/fuh/oda/audio/636940226109730142lo%C9%93aade.mp3
https://media.ipsapps.org/fuh/oda/,https://media.ipsapps.org/fuh/oda/audio/636939388777443398laaɓal.mp3,HTTPError: 404 Client Error: Not Found for url: https://media.ipsapps.org/fuh/oda/audio/636939388777443398laa%C9%93al.mp3
https://media.ipsapps.org/fuh/oda/,https://media.ipsapps.org/fuh/oda/audio/636939400914093369laɓeede.mp3,HTTPError: 404 Client Error: Not Found for url: https://media.ipsapps.org/fuh/oda/audio/636939400914093369la%C9%93eede.mp3
https://media.ipsapps.org/fuh/oda/,https://media.ipsapps.org/fuh/oda/audio/636939389098678450laaɓuɗo.mp3,HTTPError: 404 Client Error: Not Found for url: https://media.ipsapps.org/fuh/oda/audio/636939389098678450laa%C9%93u%C9%97o.mp3
https://media.ipsapps.org/fuh/oda/,https://media.ipsapps.org/fuh/oda/audio/636940231948488037loƴaade.mp3,HTTPError: 404 Client Error: Not Found for url: https://media.ipsapps.org/fuh/oda/audio/636940231948488037lo%C6%B4aade.mp3
https://media.ipsapps.org/fuh/oda/,https://media.ipsapps.org/fuh/oda/audio/636939407355920281larɗude.mp3,HTTPError: 404 Client Error: Not Found for url: https://media.ipsapps.org/fuh/oda/audio/636939407355920281lar%C9%97ude.mp3
https://media.ipsapps.org/fuh/oda/,https://media.ipsapps.org/fuh/oda/audio/636939412705186470leeɓude.mp3,HTTPError: 404 Client Error: Not Found for url: https://media.ipsapps.org/fuh/oda/audio/636939412705186470lee%C9%93ude.mp3
https://media.ipsapps.org/fuh/oda/,https://media.ipsapps.org/fuh/oda/audio/636940221260703373liiƴaade.mp3,HTTPError: 404 Client Error: Not Found for url: https://media.ipsapps.org/fuh/oda/audio/636940221260703373lii%C6%B4aade.mp3
https://media.ipsapps.org/fuh/oda/,https://media.ipsapps.org/fuh/oda/audio/636939393676810799laamiiɗo.mp3,HTTPError: 404 Client Error: Not Found for url: https://media.ipsapps.org/fuh/oda/audio/636939393676810799laamii%C9%97o.mp3
https://media.ipsapps.org/fuh/oda/,https://media.ipsapps.org/fuh/oda/audio/636940226338499518lobbiɗinde.mp3,HTTPError: 404 Client Error: Not Found for url: https://media.ipsapps.org/fuh/oda/audio/636940226338499518lobbi%C9%97inde.mp3
https://media.ipsapps.org/fuh/oda/,https://media.ipsapps.org/fuh/oda/audio/636940225574148762liƴƴi.mp3,HTTPError: 404 Client Error: Not Found for url: https://media.ipsapps.org/fuh/oda/audio/636940225574148762li%C6%B4%C6%B4i.mp3
https://media.ipsapps.org/fuh/oda/,https://media.ipsapps.org/fuh/oda/audio/636939420026230391leeƴinaade.mp3,HTTPError: 404 Client Error: Not Found for url: https://media.ipsapps.org/fuh/oda/audio/636939420026230391lee%C6%B4inaade.mp3
https://media.ipsapps.org/fuh/oda/,https://media.ipsapps.org/fuh/oda/audio/636939410494015316layɓude.mp3,HTTPError: 404 Client Error: Not Found for url: https://media.ipsapps.org/fuh/oda/audio/636939410494015316lay%C9%93ude.mp3
https://media.ipsapps.org/fuh/oda/,https://media.ipsapps.org/fuh/oda/audio/636939389211443748laaɓuka.mp3,HTTPError: 404 Client Error: Not Found for url: https://media.ipsapps.org/fuh/oda/audio/636939389211443748laa%C9%93uka.mp3
https://media.ipsapps.org/fuh/oda/,https://media.ipsapps.org/fuh/oda/audio/636939401029309833laɓude.mp3,HTTPError: 404 Client Error: Not Found for url: https://media.ipsapps.org/fuh/oda/audio/636939401029309833la%C9%93ude.mp3
https://media.ipsapps.org/fuh/oda/,https://media.ipsapps.org/fuh/oda/audio/636940219260284416leyƴude.mp3,HTTPError: 404 Client Error: Not Found for url: https://media.ipsapps.org/fuh/oda/audio/636940219260284416ley%C6%B4ude.mp3
https://media.ipsapps.org/fuh/oda/,https://media.ipsapps.org/fuh/oda/audio/636940226839403798loɓɓude.mp3,HTTPError: 404 Client Error: Not Found for url: https://media.ipsapps.org/fuh/oda/audio/636940226839403798lo%C9%93%C9%93ude.mp3
https://media.ipsapps.org/fuh/oda/,https://media.ipsapps.org/fuh/oda/audio/636939412499883401leɗɗe.mp3,HTTPError: 404 Client Error: Not Found for url: https://media.ipsapps.org/fuh/oda/audio/636939412499883401le%C9%97%C9%97e.mp3
https://media.ipsapps.org/fuh/oda/,https://media.ipsapps.org/fuh/oda/audio/636915502189259106bumpuƴƴere.mp3,HTTPError: 404 Client Error: Not Found for url: https://media.ipsapps.org/fuh/oda/audio/636915502189259106bumpu%C6%B4%C6%B4ere.mp3
https://media.ipsapps.org/fuh/oda/,https://media.ipsapps.org/fuh/oda/audio/636912202622042501boɓoli.mp3,HTTPError: 404 Client Error: Not Found for url: https://media.ipsapps.org/fuh/oda/audio/636912202622042501bo%C9%93oli.mp3
https://media.ipsapps.org/fuh/oda/,https://media.ipsapps.org/fuh/oda/audio/636909421217043637baaɗe.mp3,HTTPError: 404 Client Error: Not Found for url: https://media.ipsapps.org/fuh/oda/audio/636909421217043637baa%C9%97e.mp3
https://media.ipsapps.org/fuh/oda/,https://media.ipsapps.org/fuh/oda/audio/636915500342918549bulɗude.mp3,HTTPError: 404 Client Error: Not Found for url: https://media.ipsapps.org/fuh/oda/audio/636915500342918549bul%C9%97ude.mp3
https://media.ipsapps.org/fuh/oda/,https://media.ipsapps.org/fuh/oda/audio/636912230917251085boyɗo.mp3,HTTPError: 404 Client Error: Not Found for url: https://media.ipsapps.org/fuh/oda/audio/636912230917251085boy%C9%97o.mp3
https://media.ipsapps.org/fuh/oda/,https://media.ipsapps.org/fuh/oda/audio/636912217864456767bonnɗo.mp3,HTTPError: 404 Client Error: Not Found for url: https://media.ipsapps.org/fuh/oda/audio/636912217864456767bonn%C9%97o.mp3
https://media.ipsapps.org/fuh/oda/,https://media.ipsapps.org/fuh/oda/audio/636915508280600299buuɗu.mp3,HTTPError: 404 Client Error: Not Found for url: https://media.ipsapps.org/fuh/oda/audio/636915508280600299buu%C9%97u.mp3
https://media.ipsapps.org/fuh/oda/,https://media.ipsapps.org/fuh/oda/audio/636912201890009099biƴƴe.mp3,HTTPError: 404 Client Error: Not Found for url: https://media.ipsapps.org/fuh/oda/audio/636912201890009099bi%C6%B4%C6%B4e.mp3
https://media.ipsapps.org/fuh/oda/,https://media.ipsapps.org/fuh/oda/audio/636910281475012322beeranaaɗo.mp3,HTTPError: 404 Client Error: Not Found for url: https://media.ipsapps.org/fuh/oda/audio/636910281475012322beeranaa%C9%97o.mp3
https://media.ipsapps.org/fuh/oda/,https://media.ipsapps.org/fuh/oda/audio/636915502096829398bumpuƴƴe.mp3,HTTPError: 404 Client Error: Not Found for url: https://media.ipsapps.org/fuh/oda/audio/636915502096829398bumpu%C6%B4%C6%B4e.mp3
https://media.ipsapps.org/fuh/oda/,https://media.ipsapps.org/fuh/oda/audio/636910284388939342bemmbuɗo.mp3,HTTPError: 404 Client Error: Not Found for url: https://media.ipsapps.org/fuh/oda/audio/636910284388939342bemmbu%C9%97o.mp3
https://media.ipsapps.org/fuh/oda/,https://media.ipsapps.org/fuh/oda/audio/636912196262532175binndi mawɗi.mp3,HTTPError: 404 Client Error: Not Found for url: https://media.ipsapps.org/fuh/oda/audio/636912196262532175binndi%20maw%C9%97i.mp3
https://media.ipsapps.org/fuh/oda/,https://media.ipsapps.org/fuh/oda/audio/636912201983615393boɓɓaade.mp3,HTTPError: 404 Client Error: Not Found for url: https://media.ipsapps.org/fuh/oda/audio/636912201983615393bo%C9%93%C9%93aade.mp3
https://media.ipsapps.org/fuh/oda/,https://media.ipsapps.org/fuh/oda/audio/636912204838850167boɗaade.mp3,HTTPError: 404 Client Error: Not Found for url: https://media.ipsapps.org/fuh/oda/audio/636912204838850167bo%C9%97aade.mp3
https://media.ipsapps.org/fuh/oda/,https://media.ipsapps.org/fuh/oda/audio/636910206154178125banndo ciɓitel.mp3,HTTPError: 404 Client Error: Not Found for url: https://media.ipsapps.org/fuh/oda/audio/636910206154178125banndo%20ci%C9%93itel.mp3
https://media.ipsapps.org/fuh/oda/,https://media.ipsapps.org/fuh/oda/audio/636912217692608928bonkoƴƴe.mp3,HTTPError: 404 Client Error: Not Found for url: https://media.ipsapps.org/fuh/oda/audio/636912217692608928bonko%C6%B4%C6%B4e.mp3
https://media.ipsapps.org/fuh/oda/,https://media.ipsapps.org/fuh/oda/audio/636909420180086657baa ɓaade.mp3,HTTPError: 404 Client Error: Not Found for url: https://media.ipsapps.org/fuh/oda/audio/636909420180086657baa%20%C9%93aade.mp3
https://media.ipsapps.org/fuh/oda/,https://media.ipsapps.org/fuh/oda/audio/636912223386849074boogirɗe.mp3,HTTPError: 404 Client Error: Not Found for url: https://media.ipsapps.org/fuh/oda/audio/636912223386849074boogir%C9%97e.mp3
https://media.ipsapps.org/fuh/oda/,https://media.ipsapps.org/fuh/oda/audio/636910197435954000balɗe.mp3,HTTPError: 404 Client Error: Not Found for url: https://media.ipsapps.org/fuh/oda/audio/636910197435954000bal%C9%97e.mp3
https://media.ipsapps.org/fuh/oda/,https://media.ipsapps.org/fuh/oda/audio/636912208617283066boɗinde.mp3,HTTPError: 404 Client Error: Not Found for url: https://media.ipsapps.org/fuh/oda/audio/636912208617283066bo%C9%97inde.mp3
https://media.ipsapps.org/fuh/oda/,https://media.ipsapps.org/fuh/oda/audio/636915507918646624buuɗi.mp3,HTTPError: 404 Client Error: Not Found for url: https://media.ipsapps.org/fuh/oda/audio/636915507918646624buu%C9%97i.mp3
https://media.ipsapps.org/fuh/oda/,https://media.ipsapps.org/fuh/oda/audio/636912233220804682buɗude.mp3,HTTPError: 404 Client Error: Not Found for url: https://media.ipsapps.org/fuh/oda/audio/636912233220804682bu%C9%97ude.mp3
https://media.ipsapps.org/fuh/oda/,https://media.ipsapps.org/fuh/oda/audio/636910196695108378balawal cilɓungal.mp3,HTTPError: 404 Client Error: Not Found for url: https://media.ipsapps.org/fuh/oda/audio/636910196695108378balawal%20cil%C9%93ungal.mp3
https://media.ipsapps.org/fuh/oda/,https://media.ipsapps.org/fuh/oda/audio/636915508549685576buuɗude.mp3,HTTPError: 404 Client Error: Not Found for url: https://media.ipsapps.org/fuh/oda/audio/636915508549685576buu%C9%97ude.mp3
https://media.ipsapps.org/fuh/oda/,https://media.ipsapps.org/fuh/oda/audio/636915501663218797bumɗo.mp3,HTTPError: 404 Client Error: Not Found for url: https://media.ipsapps.org/fuh/oda/audio/636915501663218797bum%C9%97o.mp3
https://media.ipsapps.org/fuh/oda/,https://media.ipsapps.org/fuh/oda/audio/636910207640686380banŋeere.mp3,HTTPError: 404 Client Error: Not Found for url: https://media.ipsapps.org/fuh/oda/audio/636910207640686380ban%C5%8Beere.mp3
https://media.ipsapps.org/fuh/oda/,https://media.ipsapps.org/fuh/oda/audio/636909429968852038baɗɗiiɗo.mp3,HTTPError: 404 Client Error: Not Found for url: https://media.ipsapps.org/fuh/oda/audio/636909429968852038ba%C9%97%C9%97ii%C9%97o.mp3
https://media.ipsapps.org/fuh/oda/,https://media.ipsapps.org/fuh/oda/audio/636912208961237654boɗiyel.mp3,HTTPError: 404 Client Error: Not Found for url: https://media.ipsapps.org/fuh/oda/audio/636912208961237654bo%C9%97iyel.mp3
https://media.ipsapps.org/fuh/oda/,https://media.ipsapps.org/fuh/oda/audio/636912233323418293bufinɗo.mp3,HTTPError: 404 Client Error: Not Found for url: https://media.ipsapps.org/fuh/oda/audio/636912233323418293bufin%C9%97o.mp3
https://media.ipsapps.org/fuh/oda/,https://media.ipsapps.org/fuh/oda/audio/636912208319675027boɗeejo.mp3,HTTPError: 404 Client Error: Not Found for url: https://media.ipsapps.org/fuh/oda/audio/636912208319675027bo%C9%97eejo.mp3
https://media.ipsapps.org/fuh/oda/,https://media.ipsapps.org/fuh/oda/audio/636910282784464786belɗo.mp3,HTTPError: 404 Client Error: Not Found for url: https://media.ipsapps.org/fuh/oda/audio/636910282784464786bel%C9%97o.mp3
https://media.ipsapps.org/fuh/oda/,https://media.ipsapps.org/fuh/oda/audio/636912228753944206borooɗo.mp3,HTTPError: 404 Client Error: Not Found for url: https://media.ipsapps.org/fuh/oda/audio/636912228753944206boroo%C9%97o.mp3
https://media.ipsapps.org/fuh/oda/,https://media.ipsapps.org/fuh/oda/audio/636909422093975823baaɗiiwo.mp3,HTTPError: 404 Client Error: Not Found for url: https://media.ipsapps.org/fuh/oda/audio/636909422093975823baa%C9%97iiwo.mp3
https://media.ipsapps.org/fuh/oda/,https://media.ipsapps.org/fuh/oda/audio/636909430183826134baɗɗo.mp3,HTTPError: 404 Client Error: Not Found for url: https://media.ipsapps.org/fuh/oda/audio/636909430183826134ba%C9%97%C9%97o.mp3
https://media.ipsapps.org/fuh/oda/,https://media.ipsapps.org/fuh/oda/audio/636912216753742307bonanɗo.mp3,HTTPError: 404 Client Error: Not Found for url: https://media.ipsapps.org/fuh/oda/audio/636912216753742307bonan%C9%97o.mp3
https://media.ipsapps.org/fuh/oda/,https://media.ipsapps.org/fuh/oda/audio/636915509377339471buurɗi.mp3,HTTPError: 404 Client Error: Not Found for url: https://media.ipsapps.org/fuh/oda/audio/636915509377339471buur%C9%97i.mp3
https://media.ipsapps.org/fuh/oda/,https://media.ipsapps.org/fuh/oda/audio/636912217241255357bonɗo.mp3,HTTPError: 404 Client Error: Not Found for url: https://media.ipsapps.org/fuh/oda/audio/636912217241255357bon%C9%97o.mp3
https://media.ipsapps.org/fuh/oda/,https://media.ipsapps.org/fuh/oda/audio/636912217027109443bonde neɗɗaaku.mp3,HTTPError: 404 Client Error: Not Found for url: https://media.ipsapps.org/fuh/oda/audio/636912217027109443bonde%20ne%C9%97%C9%97aaku.mp3
https://media.ipsapps.org/fuh/oda/,https://media.ipsapps.org/fuh/oda/audio/636910274905578805bawluɗo ɓernde.mp3,HTTPError: 404 Client Error: Not Found for url: https://media.ipsapps.org/fuh/oda/audio/636910274905578805bawlu%C9%97o%20%C9%93ernde.mp3
https://media.ipsapps.org/fuh/oda/,https://media.ipsapps.org/fuh/oda/audio/636912202502947978boɓi.mp3,HTTPError: 404 Client Error: Not Found for url: https://media.ipsapps.org/fuh/oda/audio/636912202502947978bo%C9%93i.mp3
https://media.ipsapps.org/fuh/oda/,https://media.ipsapps.org/fuh/oda/audio/636910284541692328bempeƴƴe.mp3,HTTPError: 404 Client Error: Not Found for url: https://media.ipsapps.org/fuh/oda/audio/636910284541692328bempe%C6%B4%C6%B4e.mp3
https://media.ipsapps.org/fuh/oda/,https://media.ipsapps.org/fuh/oda/audio/636909427955449281baawɗe.mp3,HTTPError: 404 Client Error: Not Found for url: https://media.ipsapps.org/fuh/oda/audio/636909427955449281baaw%C9%97e.mp3
https://media.ipsapps.org/fuh/oda/,https://media.ipsapps.org/fuh/oda/audio/636915501588222269bumɗam.mp3,HTTPError: 404 Client Error: Not Found for url: https://media.ipsapps.org/fuh/oda/audio/636915501588222269bum%C9%97am.mp3
https://media.ipsapps.org/fuh/oda/,https://media.ipsapps.org/fuh/oda/audio/636912213256344307bokkuɗooru.mp3,HTTPError: 404 Client Error: Not Found for url: https://media.ipsapps.org/fuh/oda/audio/636912213256344307bokku%C9%97ooru.mp3
https://media.ipsapps.org/fuh/oda/,https://media.ipsapps.org/fuh/oda/audio/636915503246025964burɓude.mp3,HTTPError: 404 Client Error: Not Found for url: https://media.ipsapps.org/fuh/oda/audio/636915503246025964bur%C9%93ude.mp3
https://media.ipsapps.org/fuh/oda/,https://media.ipsapps.org/fuh/oda/audio/636909422316874833baaɗiiyo.mp3,HTTPError: 404 Client Error: Not Found for url: https://media.ipsapps.org/fuh/oda/audio/636909422316874833baa%C9%97iiyo.mp3
https://media.ipsapps.org/fuh/oda/,https://media.ipsapps.org/fuh/oda/audio/636912228590533075boroɗinde.mp3,HTTPError: 404 Client Error: Not Found for url: https://media.ipsapps.org/fuh/oda/audio/636912228590533075boro%C9%97inde.mp3
https://media.ipsapps.org/fuh/oda/,https://media.ipsapps.org/fuh/oda/audio/636912202381896386boɓɓinde.mp3,HTTPError: 404 Client Error: Not Found for url: https://media.ipsapps.org/fuh/oda/audio/636912202381896386bo%C9%93%C9%93inde.mp3
https://media.ipsapps.org/fuh/oda/,https://media.ipsapps.org/fuh/oda/audio/636915501108218395bulsuɗe.mp3,HTTPError: 404 Client Error: Not Found for url: https://media.ipsapps.org/fuh/oda/audio/636915501108218395bulsu%C9%97e.mp3
https://media.ipsapps.org/fuh/oda/,https://media.ipsapps.org/fuh/oda/audio/636910279386306261beebiɗinde.mp3,HTTPError: 404 Client Error: Not Found for url: https://media.ipsapps.org/fuh/oda/audio/636910279386306261beebi%C9%97inde.mp3
https://media.ipsapps.org/fuh/oda/,https://media.ipsapps.org/fuh/oda/audio/636912207059176557Boɗaajo.mp3,HTTPError: 404 Client Error: Not Found for url: https://media.ipsapps.org/fuh/oda/audio/636912207059176557Bo%C9%97aajo.mp3
https://media.ipsapps.org/fuh/oda/,https://media.ipsapps.org/fuh/oda/audio/636910284869237344beŋ.mp3,HTTPError: 404 Client Error: Not Found for url: https://media.ipsapps.org/fuh/oda/audio/636910284869237344be%C5%8B.mp3
https://media.ipsapps.org/fuh/oda/,https://media.ipsapps.org/fuh/oda/audio/636909427838218906baatoraaɗo.mp3,HTTPError: 404 Client Error: Not Found for url: https://media.ipsapps.org/fuh/oda/audio/636909427838218906baatoraa%C9%97o.mp3
https://media.ipsapps.org/fuh/oda/,https://media.ipsapps.org/fuh/oda/audio/636910278132808247beɗu.mp3,HTTPError: 404 Client Error: Not Found for url: https://media.ipsapps.org/fuh/oda/audio/636910278132808247be%C9%97u.mp3
https://media.ipsapps.org/fuh/oda/,https://media.ipsapps.org/fuh/oda/audio/636909421458374752baaɗi.mp3,HTTPError: 404 Client Error: Not Found for url: https://media.ipsapps.org/fuh/oda/audio/636909421458374752baa%C9%97i.mp3
https://media.ipsapps.org/fuh/oda/,https://media.ipsapps.org/fuh/oda/audio/636915514880159775bƴuwoonde.mp3,HTTPError: 404 Client Error: Not Found for url: https://media.ipsapps.org/fuh/oda/audio/636915514880159775b%C6%B4uwoonde.mp3
https://media.ipsapps.org/fuh/oda/,https://media.ipsapps.org/fuh/oda/audio/636948984628006671oolɗitinde.mp3,HTTPError: 404 Client Error: Not Found for url: https://media.ipsapps.org/fuh/oda/audio/636948984628006671ool%C9%97itinde.mp3
https://media.ipsapps.org/fuh/oda/,https://media.ipsapps.org/fuh/oda/audio/636909428146843675Baawɗo.mp3,HTTPError: 404 Client Error: Not Found for url: https://media.ipsapps.org/fuh/oda/audio/636909428146843675Baaw%C9%97o.mp3
https://media.ipsapps.org/fuh/oda/,https://media.ipsapps.org/fuh/oda/audio/636948984432442254oolɗinde.mp3,HTTPError: 404 Client Error: Not Found for url: https://media.ipsapps.org/fuh/oda/audio/636948984432442254ool%C9%97inde.mp3
https://media.ipsapps.org/fuh/oda/,https://media.ipsapps.org/fuh/oda/audio/636948984817006521oolɗude.mp3,HTTPError: 404 Client Error: Not Found for url: https://media.ipsapps.org/fuh/oda/audio/636948984817006521ool%C9%97ude.mp3
https://media.ipsapps.org/fuh/oda/,https://media.ipsapps.org/fuh/oda/audio/636948982000840654oɗon.mp3,HTTPError: 404 Client Error: Not Found for url: https://media.ipsapps.org/fuh/oda/audio/636948982000840654o%C9%97on.mp3
https://media.ipsapps.org/fuh/oda/,https://media.ipsapps.org/fuh/oda/audio/636968029392723675yamirɗum.mp3,HTTPError: 404 Client Error: Not Found for url: https://media.ipsapps.org/fuh/oda/audio/636968029392723675yamir%C9%97um.mp3
https://media.ipsapps.org/fuh/oda/,https://media.ipsapps.org/fuh/oda/audio/636968035512730243yeɗude.mp3,HTTPError: 404 Client Error: Not Found for url: https://media.ipsapps.org/fuh/oda/audio/636968035512730243ye%C9%97ude.mp3
https://media.ipsapps.org/fuh/oda/,https://media.ipsapps.org/fuh/oda/audio/636968021584352981yaaɓere.mp3,HTTPError: 404 Client Error: Not Found for url: https://media.ipsapps.org/fuh/oda/audio/636968021584352981yaa%C9%93ere.mp3
https://media.ipsapps.org/fuh/oda/,https://media.ipsapps.org/fuh/oda/audio/636968062527636503yurɓude.mp3,HTTPError: 404 Client Error: Not Found for url: https://media.ipsapps.org/fuh/oda/audio/636968062527636503yur%C9%93ude.mp3
https://media.ipsapps.org/fuh/oda/,https://media.ipsapps.org/fuh/oda/audio/636968055094003161yooɓaade.mp3,HTTPError: 404 Client Error: Not Found for url: https://media.ipsapps.org/fuh/oda/audio/636968055094003161yoo%C9%93aade.mp3
https://media.ipsapps.org/fuh/oda/,https://media.ipsapps.org/fuh/oda/audio/636968043805653249yiɓɓe.mp3,HTTPError: 404 Client Error: Not Found for url: https://media.ipsapps.org/fuh/oda/audio/636968043805653249yi%C9%93%C9%93e.mp3
https://media.ipsapps.org/fuh/oda/,https://media.ipsapps.org/fuh/oda/audio/636968051139278357yoɓtaade.mp3,HTTPError: 404 Client Error: Not Found for url: https://media.ipsapps.org/fuh/oda/audio/636968051139278357yo%C9%93taade.mp3
https://media.ipsapps.org/fuh/oda/,https://media.ipsapps.org/fuh/oda/audio/636968025095357146yaawtorɗinde.mp3,HTTPError: 404 Client Error: Not Found for url: https://media.ipsapps.org/fuh/oda/audio/636968025095357146yaawtor%C9%97inde.mp3
https://media.ipsapps.org/fuh/oda/,https://media.ipsapps.org/fuh/oda/audio/636968035826355603yeeborɗinde.mp3,HTTPError: 404 Client Error: Not Found for url: https://media.ipsapps.org/fuh/oda/audio/636968035826355603yeebor%C9%97inde.mp3
https://media.ipsapps.org/fuh/oda/,https://media.ipsapps.org/fuh/oda/audio/636968033430844337yawɗinde.mp3,HTTPError: 404 Client Error: Not Found for url: https://media.ipsapps.org/fuh/oda/audio/636968033430844337yaw%C9%97inde.mp3
https://media.ipsapps.org/fuh/oda/,https://media.ipsapps.org/fuh/oda/audio/636968061604530582yulɓude.mp3,HTTPError: 404 Client Error: Not Found for url: https://media.ipsapps.org/fuh/oda/audio/636968061604530582yul%C9%93ude.mp3
https://media.ipsapps.org/fuh/oda/,https://media.ipsapps.org/fuh/oda/audio/636968046855317502yiɗude.mp3,HTTPError: 404 Client Error: Not Found for url: https://media.ipsapps.org/fuh/oda/audio/636968046855317502yi%C9%97ude.mp3
https://media.ipsapps.org/fuh/oda/,https://media.ipsapps.org/fuh/oda/audio/636968046777986108yiɗeede.mp3,HTTPError: 404 Client Error: Not Found for url: https://media.ipsapps.org/fuh/oda/audio/636968046777986108yi%C9%97eede.mp3
https://media.ipsapps.org/fuh/oda/,https://media.ipsapps.org/fuh/oda/audio/636968062067762416yultuɗo.mp3,HTTPError: 404 Client Error: Not Found for url: https://media.ipsapps.org/fuh/oda/audio/636968062067762416yultu%C9%97o.mp3
https://media.ipsapps.org/fuh/oda/,https://media.ipsapps.org/fuh/oda/audio/636968051014279119yoɓnaade.mp3,HTTPError: 404 Client Error: Not Found for url: https://media.ipsapps.org/fuh/oda/audio/636968051014279119yo%C9%93naade.mp3
https://media.ipsapps.org/fuh/oda/,https://media.ipsapps.org/fuh/oda/audio/636968048984291545yimɓe.mp3,HTTPError: 404 Client Error: Not Found for url: https://media.ipsapps.org/fuh/oda/audio/636968048984291545yim%C9%93e.mp3
https://media.ipsapps.org/fuh/oda/,https://media.ipsapps.org/fuh/oda/audio/636968050882646566yoɓande.mp3,HTTPError: 404 Client Error: Not Found for url: https://media.ipsapps.org/fuh/oda/audio/636968050882646566yo%C9%93ande.mp3
https://media.ipsapps.org/fuh/oda/,https://media.ipsapps.org/fuh/oda/audio/636968021354031054yaaɓaade.mp3,HTTPError: 404 Client Error: Not Found for url: https://media.ipsapps.org/fuh/oda/audio/636968021354031054yaa%C9%93aade.mp3
https://media.ipsapps.org/fuh/oda/,https://media.ipsapps.org/fuh/oda/audio/636968039326295514yeeƴaade.mp3,HTTPError: 404 Client Error: Not Found for url: https://media.ipsapps.org/fuh/oda/audio/636968039326295514yee%C6%B4aade.mp3
https://media.ipsapps.org/fuh/oda/,https://media.ipsapps.org/fuh/oda/audio/636968021642310622yaaɓoro.mp3,HTTPError: 404 Client Error: Not Found for url: https://media.ipsapps.org/fuh/oda/audio/636968021642310622yaa%C9%93oro.mp3
https://media.ipsapps.org/fuh/oda/,https://media.ipsapps.org/fuh/oda/audio/636968033371346981yawɗaade.mp3,HTTPError: 404 Client Error: Not Found for url: https://media.ipsapps.org/fuh/oda/audio/636968033371346981yaw%C9%97aade.mp3
https://media.ipsapps.org/fuh/oda/,https://media.ipsapps.org/fuh/oda/audio/636968050959349908yoɓeede.mp3,HTTPError: 404 Client Error: Not Found for url: https://media.ipsapps.org/fuh/oda/audio/636968050959349908yo%C9%93eede.mp3
https://media.ipsapps.org/fuh/oda/,https://media.ipsapps.org/fuh/oda/audio/636968054182100890yonɗum.mp3,HTTPError: 404 Client Error: Not Found for url: https://media.ipsapps.org/fuh/oda/audio/636968054182100890yon%C9%97um.mp3
https://media.ipsapps.org/fuh/oda/,https://media.ipsapps.org/fuh/oda/audio/636968021833911559yaadiiɓe.mp3,HTTPError: 404 Client Error: Not Found for url: https://media.ipsapps.org/fuh/oda/audio/636968021833911559yaadii%C9%93e.mp3
https://media.ipsapps.org/fuh/oda/,https://media.ipsapps.org/fuh/oda/audio/636968021513538721yaaɓata-boolooli.mp3,HTTPError: 404 Client Error: Not Found for url: https://media.ipsapps.org/fuh/oda/audio/636968021513538721yaa%C9%93ata-boolooli.mp3
https://media.ipsapps.org/fuh/oda/,https://media.ipsapps.org/fuh/oda/audio/636968029143402141yamɗude.mp3,HTTPError: 404 Client Error: Not Found for url: https://media.ipsapps.org/fuh/oda/audio/636968029143402141yam%C9%97ude.mp3
https://media.ipsapps.org/fuh/oda/,https://media.ipsapps.org/fuh/oda/audio/636968051300481979yoɓude.mp3,HTTPError: 404 Client Error: Not Found for url: https://media.ipsapps.org/fuh/oda/audio/636968051300481979yo%C9%93ude.mp3
https://media.ipsapps.org/fuh/oda/,https://media.ipsapps.org/fuh/oda/audio/636968021714942512yaaɓude.mp3,HTTPError: 404 Client Error: Not Found for url: https://media.ipsapps.org/fuh/oda/audio/636968021714942512yaa%C9%93ude.mp3
https://media.ipsapps.org/fuh/oda/,https://media.ipsapps.org/fuh/oda/audio/636968051234483555yoɓteeɗo.mp3,HTTPError: 404 Client Error: Not Found for url: https://media.ipsapps.org/fuh/oda/audio/636968051234483555yo%C9%93tee%C9%97o.mp3
https://media.ipsapps.org/fuh/oda/,https://media.ipsapps.org/fuh/oda/audio/636968046325987462yiɗande.mp3,HTTPError: 404 Client Error: Not Found for url: https://media.ipsapps.org/fuh/oda/audio/636968046325987462yi%C9%97ande.mp3
https://media.ipsapps.org/fuh/oda/,https://media.ipsapps.org/fuh/oda/audio/636968031241198499yanɗude.mp3,HTTPError: 404 Client Error: Not Found for url: https://media.ipsapps.org/fuh/oda/audio/636968031241198499yan%C9%97ude.mp3
https://media.ipsapps.org/fuh/oda/,https://media.ipsapps.org/fuh/oda/audio/636968041853595310yerƴude.mp3,HTTPError: 404 Client Error: Not Found for url: https://media.ipsapps.org/fuh/oda/audio/636968041853595310yer%C6%B4ude.mp3
https://media.ipsapps.org/fuh/oda/,https://media.ipsapps.org/fuh/oda/audio/636919453370379246coƴƴaaɗi.mp3,HTTPError: 404 Client Error: Not Found for url: https://media.ipsapps.org/fuh/oda/audio/636919453370379246co%C6%B4%C6%B4aa%C9%97i.mp3
https://media.ipsapps.org/fuh/oda/,https://media.ipsapps.org/fuh/oda/audio/636915521369080870canycanyɗowal.mp3,HTTPError: 404 Client Error: Not Found for url: https://media.ipsapps.org/fuh/oda/audio/636915521369080870canycany%C9%97owal.mp3
https://media.ipsapps.org/fuh/oda/,https://media.ipsapps.org/fuh/oda/audio/636915531972420987Ceniiɗo.mp3,HTTPError: 404 Client Error: Not Found for url: https://media.ipsapps.org/fuh/oda/audio/636915531972420987Cenii%C9%97o.mp3
https://media.ipsapps.org/fuh/oda/,https://media.ipsapps.org/fuh/oda/audio/636919443202677595cimtinirɗe.mp3,HTTPError: 404 Client Error: Not Found for url: https://media.ipsapps.org/fuh/oda/audio/636919443202677595cimtinir%C9%97e.mp3
https://media.ipsapps.org/fuh/oda/,https://media.ipsapps.org/fuh/oda/audio/636915521941330629capanɗe.mp3,HTTPError: 404 Client Error: Not Found for url: https://media.ipsapps.org/fuh/oda/audio/636915521941330629capan%C9%97e.mp3
https://media.ipsapps.org/fuh/oda/,https://media.ipsapps.org/fuh/oda/audio/636915525822500060ceɓal.mp3,HTTPError: 404 Client Error: Not Found for url: https://media.ipsapps.org/fuh/oda/audio/636915525822500060ce%C9%93al.mp3
https://media.ipsapps.org/fuh/oda/,https://media.ipsapps.org/fuh/oda/audio/636919458708530320curaaɗi.mp3,HTTPError: 404 Client Error: Not Found for url: https://media.ipsapps.org/fuh/oda/audio/636919458708530320curaa%C9%97i.mp3
https://media.ipsapps.org/fuh/oda/,https://media.ipsapps.org/fuh/oda/audio/636919445900183738cokke-dawaaɗi.mp3,HTTPError: 404 Client Error: Not Found for url: https://media.ipsapps.org/fuh/oda/audio/636919445900183738cokke-dawaa%C9%97i.mp3
https://media.ipsapps.org/fuh/oda/,https://media.ipsapps.org/fuh/oda/audio/636915522409442816capanɗe-jeegom.mp3,HTTPError: 404 Client Error: Not Found for url: https://media.ipsapps.org/fuh/oda/audio/636915522409442816capan%C9%97e-jeegom.mp3
https://media.ipsapps.org/fuh/oda/,https://media.ipsapps.org/fuh/oda/audio/636919438031295934ciɓitel.mp3,HTTPError: 404 Client Error: Not Found for url: https://media.ipsapps.org/fuh/oda/audio/636919438031295934ci%C9%93itel.mp3
https://media.ipsapps.org/fuh/oda/,https://media.ipsapps.org/fuh/oda/audio/636919438458885585cicciɗingol.mp3,HTTPError: 404 Client Error: Not Found for url: https://media.ipsapps.org/fuh/oda/audio/636919438458885585cicci%C9%97ingol.mp3
https://media.ipsapps.org/fuh/oda/,https://media.ipsapps.org/fuh/oda/audio/636915522227734053capanɗe nay.mp3,HTTPError: 404 Client Error: Not Found for url: https://media.ipsapps.org/fuh/oda/audio/636915522227734053capan%C9%97e%20nay.mp3
https://media.ipsapps.org/fuh/oda/,https://media.ipsapps.org/fuh/oda/audio/636919442384783185cille-dawaaɗi.mp3,HTTPError: 404 Client Error: Not Found for url: https://media.ipsapps.org/fuh/oda/audio/636919442384783185cille-dawaa%C9%97i.mp3
https://media.ipsapps.org/fuh/oda/,https://media.ipsapps.org/fuh/oda/audio/636915525378318334caycayɗowal.mp3,HTTPError: 404 Client Error: Not Found for url: https://media.ipsapps.org/fuh/oda/audio/636915525378318334caycay%C9%97owal.mp3
https://media.ipsapps.org/fuh/oda/,https://media.ipsapps.org/fuh/oda/audio/636919438545385927ciforɗi.mp3,HTTPError: 404 Client Error: Not Found for url: https://media.ipsapps.org/fuh/oda/audio/636919438545385927cifor%C9%97i.mp3
https://media.ipsapps.org/fuh/oda/,https://media.ipsapps.org/fuh/oda/audio/636919450546133576cooɗal.mp3,HTTPError: 404 Client Error: Not Found for url: https://media.ipsapps.org/fuh/oda/audio/636919450546133576coo%C9%97al.mp3
https://media.ipsapps.org/fuh/oda/,https://media.ipsapps.org/fuh/oda/audio/636919438366148313cicciɗam.mp3,HTTPError: 404 Client Error: Not Found for url: https://media.ipsapps.org/fuh/oda/audio/636919438366148313cicci%C9%97am.mp3
https://media.ipsapps.org/fuh/oda/,https://media.ipsapps.org/fuh/oda/audio/636919437089376589ceyiiɗo.mp3,HTTPError: 404 Client Error: Not Found for url: https://media.ipsapps.org/fuh/oda/audio/636919437089376589ceyii%C9%97o.mp3
https://media.ipsapps.org/fuh/oda/,https://media.ipsapps.org/fuh/oda/audio/636915531556622708cemtuɗo.mp3,HTTPError: 404 Client Error: Not Found for url: https://media.ipsapps.org/fuh/oda/audio/636915531556622708cemtu%C9%97o.mp3
https://media.ipsapps.org/fuh/oda/,https://media.ipsapps.org/fuh/oda/audio/636915517719572996caɓɓurli.mp3,HTTPError: 404 Client Error: Not Found for url: https://media.ipsapps.org/fuh/oda/audio/636915517719572996ca%C9%93%C9%93urli.mp3
https://media.ipsapps.org/fuh/oda/,https://media.ipsapps.org/fuh/oda/audio/636919458978535373cuuɗi gese.mp3,HTTPError: 404 Client Error: Not Found for url: https://media.ipsapps.org/fuh/oda/audio/636919458978535373cuu%C9%97i%20gese.mp3
https://media.ipsapps.org/fuh/oda/,https://media.ipsapps.org/fuh/oda/audio/636919453715801038cuɓdi.mp3,HTTPError: 404 Client Error: Not Found for url: https://media.ipsapps.org/fuh/oda/audio/636919453715801038cu%C9%93di.mp3
https://media.ipsapps.org/fuh/oda/,https://media.ipsapps.org/fuh/oda/audio/636919458566438540cuuɗi.mp3,HTTPError: 404 Client Error: Not Found for url: https://media.ipsapps.org/fuh/oda/audio/636919458566438540cuu%C9%97i.mp3
https://media.ipsapps.org/fuh/oda/,https://media.ipsapps.org/fuh/oda/audio/636915526046384954ceɓel leɓel.mp3,HTTPError: 404 Client Error: Not Found for url: https://media.ipsapps.org/fuh/oda/audio/636915526046384954ce%C9%93el%20le%C9%93el.mp3
https://media.ipsapps.org/fuh/oda/,https://media.ipsapps.org/fuh/oda/audio/636919446497907789colel ɗahi.mp3,HTTPError: 404 Client Error: Not Found for url: https://media.ipsapps.org/fuh/oda/audio/636919446497907789colel%20%C9%97ahi.mp3
https://media.ipsapps.org/fuh/oda/,https://media.ipsapps.org/fuh/oda/audio/636915518767384898cakitiiɗo.mp3,HTTPError: 404 Client Error: Not Found for url: https://media.ipsapps.org/fuh/oda/audio/636915518767384898cakitii%C9%97o.mp3
https://media.ipsapps.org/fuh/oda/,https://media.ipsapps.org/fuh/oda/audio/636915520370978947cancanƴowal.mp3,HTTPError: 404 Client Error: Not Found for url: https://media.ipsapps.org/fuh/oda/audio/636915520370978947cancan%C6%B4owal.mp3
https://media.ipsapps.org/fuh/oda/,https://media.ipsapps.org/fuh/oda/audio/636915520103486297caŋale.mp3,HTTPError: 404 Client Error: Not Found for url: https://media.ipsapps.org/fuh/oda/audio/636915520103486297ca%C5%8Bale.mp3
https://media.ipsapps.org/fuh/oda/,https://media.ipsapps.org/fuh/oda/audio/636915515365263064caahiiɗo.mp3,HTTPError: 404 Client Error: Not Found for url: https://media.ipsapps.org/fuh/oda/audio/636915515365263064caahii%C9%97o.mp3
https://media.ipsapps.org/fuh/oda/,https://media.ipsapps.org/fuh/oda/audio/636915528950312683celɓol.mp3,HTTPError: 404 Client Error: Not Found for url: https://media.ipsapps.org/fuh/oda/audio/636915528950312683cel%C9%93ol.mp3
https://media.ipsapps.org/fuh/oda/,https://media.ipsapps.org/fuh/oda/audio/636919443401980959cintinirɗe.mp3,HTTPError: 404 Client Error: Not Found for url: https://media.ipsapps.org/fuh/oda/audio/636919443401980959cintinir%C9%97e.mp3
https://media.ipsapps.org/fuh/oda/,https://media.ipsapps.org/fuh/oda/audio/636915526701243330Ceɗɗo.mp3,HTTPError: 404 Client Error: Not Found for url: https://media.ipsapps.org/fuh/oda/audio/636915526701243330Ce%C9%97%C9%97o.mp3
https://media.ipsapps.org/fuh/oda/,https://media.ipsapps.org/fuh/oda/audio/636919436703611995cewɗi.mp3,HTTPError: 404 Client Error: Not Found for url: https://media.ipsapps.org/fuh/oda/audio/636919436703611995cew%C9%97i.mp3
https://media.ipsapps.org/fuh/oda/,https://media.ipsapps.org/fuh/oda/audio/636915530540867733celduɗi.mp3,HTTPError: 404 Client Error: Not Found for url: https://media.ipsapps.org/fuh/oda/audio/636915530540867733celdu%C9%97i.mp3
https://media.ipsapps.org/fuh/oda/,https://media.ipsapps.org/fuh/oda/audio/636919444548085080coɓuɗo.mp3,HTTPError: 404 Client Error: Not Found for url: https://media.ipsapps.org/fuh/oda/audio/636919444548085080co%C9%93u%C9%97o.mp3
https://media.ipsapps.org/fuh/oda/,https://media.ipsapps.org/fuh/oda/audio/636915522322431447capanɗe tati.mp3,HTTPError: 404 Client Error: Not Found for url: https://media.ipsapps.org/fuh/oda/audio/636915522322431447capan%C9%97e%20tati.mp3
https://media.ipsapps.org/fuh/oda/,https://media.ipsapps.org/fuh/oda/audio/636919450157788706conndi leɗɗe.mp3,HTTPError: 404 Client Error: Not Found for url: https://media.ipsapps.org/fuh/oda/audio/636919450157788706conndi%20le%C9%97%C9%97e.mp3
https://media.ipsapps.org/fuh/oda/,https://media.ipsapps.org/fuh/oda/audio/636915522048932060capanɗe joy.mp3,HTTPError: 404 Client Error: Not Found for url: https://media.ipsapps.org/fuh/oda/audio/636915522048932060capan%C9%97e%20joy.mp3
https://media.ipsapps.org/fuh/oda/,https://media.ipsapps.org/fuh/oda/audio/636915524341910297carotooɗo.mp3,HTTPError: 404 Client Error: Not Found for url: https://media.ipsapps.org/fuh/oda/audio/636915524341910297carotoo%C9%97o.mp3
https://media.ipsapps.org/fuh/oda/,https://media.ipsapps.org/fuh/oda/audio/636919439664974072Ciiɗo.mp3,HTTPError: 404 Client Error: Not Found for url: https://media.ipsapps.org/fuh/oda/audio/636919439664974072Cii%C9%97o.mp3
https://media.ipsapps.org/fuh/oda/,https://media.ipsapps.org/fuh/oda/audio/636919442065464149cilimooƴo.mp3,HTTPError: 404 Client Error: Not Found for url: https://media.ipsapps.org/fuh/oda/audio/636919442065464149cilimoo%C6%B4o.mp3
https://media.ipsapps.org/fuh/oda/,https://media.ipsapps.org/fuh/oda/audio/636915528836908051celaaɗo.mp3,HTTPError: 404 Client Error: Not Found for url: https://media.ipsapps.org/fuh/oda/audio/636915528836908051celaa%C9%97o.mp3
https://media.ipsapps.org/fuh/oda/,https://media.ipsapps.org/fuh/oda/audio/636915526865737787ceeɗu.mp3,HTTPError: 404 Client Error: Not Found for url: https://media.ipsapps.org/fuh/oda/audio/636915526865737787cee%C9%97u.mp3
https://media.ipsapps.org/fuh/oda/,https://media.ipsapps.org/fuh/oda/audio/636919444354088421coɓɓuli.mp3,HTTPError: 404 Client Error: Not Found for url: https://media.ipsapps.org/fuh/oda/audio/636919444354088421co%C9%93%C9%93uli.mp3
https://media.ipsapps.org/fuh/oda/,https://media.ipsapps.org/fuh/oda/audio/636919439056167326ciiɓooli.mp3,HTTPError: 404 Client Error: Not Found for url: https://media.ipsapps.org/fuh/oda/audio/636919439056167326cii%C9%93ooli.mp3
https://media.ipsapps.org/fuh/oda/,https://media.ipsapps.org/fuh/oda/audio/636919438906471532ciiɓociiɓongal.mp3,HTTPError: 404 Client Error: Not Found for url: https://media.ipsapps.org/fuh/oda/audio/636919438906471532cii%C9%93ocii%C9%93ongal.mp3
https://media.ipsapps.org/fuh/oda/,https://media.ipsapps.org/fuh/oda/audio/636915523208487345capporɗi.mp3,HTTPError: 404 Client Error: Not Found for url: https://media.ipsapps.org/fuh/oda/audio/636915523208487345cappor%C9%97i.mp3
https://media.ipsapps.org/fuh/oda/,https://media.ipsapps.org/fuh/oda/audio/636915523143693445cappinɗo.mp3,HTTPError: 404 Client Error: Not Found for url: https://media.ipsapps.org/fuh/oda/audio/636915523143693445cappin%C9%97o.mp3
https://media.ipsapps.org/fuh/oda/,https://media.ipsapps.org/fuh/oda/audio/636915519064079747calɗi.mp3,HTTPError: 404 Client Error: Not Found for url: https://media.ipsapps.org/fuh/oda/audio/636915519064079747cal%C9%97i.mp3
https://media.ipsapps.org/fuh/oda/,https://media.ipsapps.org/fuh/oda/audio/636919444480781361coɓe.mp3,HTTPError: 404 Client Error: Not Found for url: https://media.ipsapps.org/fuh/oda/audio/636919444480781361co%C9%93e.mp3
https://media.ipsapps.org/fuh/oda/,https://media.ipsapps.org/fuh/oda/audio/636919436601668800cewɗe.mp3,HTTPError: 404 Client Error: Not Found for url: https://media.ipsapps.org/fuh/oda/audio/636919436601668800cew%C9%97e.mp3
https://media.ipsapps.org/fuh/oda/,https://media.ipsapps.org/fuh/oda/audio/636915531034864486celluɗo.mp3,HTTPError: 404 Client Error: Not Found for url: https://media.ipsapps.org/fuh/oda/audio/636915531034864486cellu%C9%97o.mp3
https://media.ipsapps.org/fuh/oda/,https://media.ipsapps.org/fuh/oda/audio/636915532139941136cenndiiɗo.mp3,HTTPError: 404 Client Error: Not Found for url: https://media.ipsapps.org/fuh/oda/audio/636915532139941136cenndii%C9%97o.mp3
https://media.ipsapps.org/fuh/oda/,https://media.ipsapps.org/fuh/oda/audio/636919453505854811cuɓaaɗo.mp3,HTTPError: 404 Client Error: Not Found for url: https://media.ipsapps.org/fuh/oda/audio/636919453505854811cu%C9%93aa%C9%97o.mp3
https://media.ipsapps.org/fuh/oda/,https://media.ipsapps.org/fuh/oda/audio/636919446073480252cokooɗe.mp3,HTTPError: 404 Client Error: Not Found for url: https://media.ipsapps.org/fuh/oda/audio/636919446073480252cokoo%C9%97e.mp3
https://media.ipsapps.org/fuh/oda/,https://media.ipsapps.org/fuh/oda/audio/636919459719646830cuurtinirɗe.mp3,HTTPError: 404 Client Error: Not Found for url: https://media.ipsapps.org/fuh/oda/audio/636919459719646830cuurtinir%C9%97e.mp3
https://media.ipsapps.org/fuh/oda/,https://media.ipsapps.org/fuh/oda/audio/636919560348238128dofiɗinde.mp3,HTTPError: 404 Client Error: Not Found for url: https://media.ipsapps.org/fuh/oda/audio/636919560348238128dofi%C9%97inde.mp3
https://media.ipsapps.org/fuh/oda/,https://media.ipsapps.org/fuh/oda/audio/636919541482490610denɗiiyo.mp3,HTTPError: 404 Client Error: Not Found for url: https://media.ipsapps.org/fuh/oda/audio/636919541482490610den%C9%97iiyo.mp3
https://media.ipsapps.org/fuh/oda/,https://media.ipsapps.org/fuh/oda/audio/636919471839877735daɗɗude.mp3,HTTPError: 404 Client Error: Not Found for url: https://media.ipsapps.org/fuh/oda/audio/636919471839877735da%C9%97%C9%97ude.mp3
https://media.ipsapps.org/fuh/oda/,https://media.ipsapps.org/fuh/oda/audio/636919469166184542daɓɓo.mp3,HTTPError: 404 Client Error: Not Found for url: https://media.ipsapps.org/fuh/oda/audio/636919469166184542da%C9%93%C9%93o.mp3
https://media.ipsapps.org/fuh/oda/,https://media.ipsapps.org/fuh/oda/audio/636919438762633478ciiɓ-ciiɓolal.mp3,HTTPError: 404 Client Error: Not Found for url: https://media.ipsapps.org/fuh/oda/audio/636919438762633478cii%C9%93-cii%C9%93olal.mp3
https://media.ipsapps.org/fuh/oda/,https://media.ipsapps.org/fuh/oda/audio/636919558125670194doɓɓe.mp3,HTTPError: 404 Client Error: Not Found for url: https://media.ipsapps.org/fuh/oda/audio/636919558125670194do%C9%93%C9%93e.mp3
https://media.ipsapps.org/fuh/oda/,https://media.ipsapps.org/fuh/oda/audio/636919567548250264dooƴaalen.mp3,HTTPError: 404 Client Error: Not Found for url: https://media.ipsapps.org/fuh/oda/audio/636919567548250264doo%C6%B4aalen.mp3
https://media.ipsapps.org/fuh/oda/,https://media.ipsapps.org/fuh/oda/audio/636919543242940640denŋeere.mp3,HTTPError: 404 Client Error: Not Found for url: https://media.ipsapps.org/fuh/oda/audio/636919543242940640den%C5%8Beere.mp3
https://media.ipsapps.org/fuh/oda/,https://media.ipsapps.org/fuh/oda/audio/636919467416593497daaƴude.mp3,HTTPError: 404 Client Error: Not Found for url: https://media.ipsapps.org/fuh/oda/audio/636919467416593497daa%C6%B4ude.mp3
https://media.ipsapps.org/fuh/oda/,https://media.ipsapps.org/fuh/oda/audio/636922004963578198duuɓi hemre.mp3,HTTPError: 404 Client Error: Not Found for url: https://media.ipsapps.org/fuh/oda/audio/636922004963578198duu%C9%93i%20hemre.mp3
https://media.ipsapps.org/fuh/oda/,https://media.ipsapps.org/fuh/oda/audio/636919478305214718damɗi.mp3,HTTPError: 404 Client Error: Not Found for url: https://media.ipsapps.org/fuh/oda/audio/636919478305214718dam%C9%97i.mp3
https://media.ipsapps.org/fuh/oda/,https://media.ipsapps.org/fuh/oda/audio/636919516551193160darnugol leɗɗe.mp3,HTTPError: 404 Client Error: Not Found for url: https://media.ipsapps.org/fuh/oda/audio/636919516551193160darnugol%20le%C9%97%C9%97e.mp3
https://media.ipsapps.org/fuh/oda/,https://media.ipsapps.org/fuh/oda/audio/636919560782718933doggirgel-ƴiiƴam.mp3,HTTPError: 404 Client Error: Not Found for url: https://media.ipsapps.org/fuh/oda/audio/636919560782718933doggirgel-%C6%B4ii%C6%B4am.mp3
https://media.ipsapps.org/fuh/oda/,https://media.ipsapps.org/fuh/oda/audio/636919560896215335doggirgol-ƴiiƴam.mp3,HTTPError: 404 Client Error: Not Found for url: https://media.ipsapps.org/fuh/oda/audio/636919560896215335doggirgol-%C6%B4ii%C6%B4am.mp3
https://media.ipsapps.org/fuh/oda/,https://media.ipsapps.org/fuh/oda/audio/636921998979779929duguɗokkal.mp3,HTTPError: 404 Client Error: Not Found for url: https://media.ipsapps.org/fuh/oda/audio/636921998979779929dugu%C9%97okkal.mp3
https://media.ipsapps.org/fuh/oda/,https://media.ipsapps.org/fuh/oda/audio/636919472086069305daɗinnde.mp3,HTTPError: 404 Client Error: Not Found for url: https://media.ipsapps.org/fuh/oda/audio/636919472086069305da%C9%97innde.mp3
https://media.ipsapps.org/fuh/oda/,https://media.ipsapps.org/fuh/oda/audio/636919546694584795dewtere mopereeɓe.mp3,HTTPError: 404 Client Error: Not Found for url: https://media.ipsapps.org/fuh/oda/audio/636919546694584795dewtere%20moperee%C9%93e.mp3
https://media.ipsapps.org/fuh/oda/,https://media.ipsapps.org/fuh/oda/audio/636919461286334811daaɗe.mp3,HTTPError: 404 Client Error: Not Found for url: https://media.ipsapps.org/fuh/oda/audio/636919461286334811daa%C9%97e.mp3
https://media.ipsapps.org/fuh/oda/,https://media.ipsapps.org/fuh/oda/audio/636919547320734596deƴƴere.mp3,HTTPError: 404 Client Error: Not Found for url: https://media.ipsapps.org/fuh/oda/audio/636919547320734596de%C6%B4%C6%B4ere.mp3
https://media.ipsapps.org/fuh/oda/,https://media.ipsapps.org/fuh/oda/audio/636919528117739181debbo mawɗo.mp3,HTTPError: 404 Client Error: Not Found for url: https://media.ipsapps.org/fuh/oda/audio/636919528117739181debbo%20maw%C9%97o.mp3
https://media.ipsapps.org/fuh/oda/,https://media.ipsapps.org/fuh/oda/audio/636919534272491649deeƴaade.mp3,HTTPError: 404 Client Error: Not Found for url: https://media.ipsapps.org/fuh/oda/audio/636919534272491649dee%C6%B4aade.mp3
https://media.ipsapps.org/fuh/oda/,https://media.ipsapps.org/fuh/oda/audio/636919547466078980deƴƴinde.mp3,HTTPError: 404 Client Error: Not Found for url: https://media.ipsapps.org/fuh/oda/audio/636919547466078980de%C6%B4%C6%B4inde.mp3
https://media.ipsapps.org/fuh/oda/,https://media.ipsapps.org/fuh/oda/audio/636919534383262502deeƴinaade.mp3,HTTPError: 404 Client Error: Not Found for url: https://media.ipsapps.org/fuh/oda/audio/636919534383262502dee%C6%B4inaade.mp3
https://media.ipsapps.org/fuh/oda/,https://media.ipsapps.org/fuh/oda/audio/636921997799003302dubbunɗe.mp3,HTTPError: 404 Client Error: Not Found for url: https://media.ipsapps.org/fuh/oda/audio/636921997799003302dubbun%C9%97e.mp3
https://media.ipsapps.org/fuh/oda/,https://media.ipsapps.org/fuh/oda/audio/636919541550890909denɗiraagu.mp3,HTTPError: 404 Client Error: Not Found for url: https://media.ipsapps.org/fuh/oda/audio/636919541550890909den%C9%97iraagu.mp3
https://media.ipsapps.org/fuh/oda/,https://media.ipsapps.org/fuh/oda/audio/636919561281149202doggude suuɗoo.mp3,HTTPError: 404 Client Error: Not Found for url: https://media.ipsapps.org/fuh/oda/audio/636919561281149202doggude%20suu%C9%97oo.mp3
https://media.ipsapps.org/fuh/oda/,https://media.ipsapps.org/fuh/oda/audio/636919533574309352deerorɗinde.mp3,HTTPError: 404 Client Error: Not Found for url: https://media.ipsapps.org/fuh/oda/audio/636919533574309352deeror%C9%97inde.mp3
https://media.ipsapps.org/fuh/oda/,https://media.ipsapps.org/fuh/oda/audio/636919557197748425diƴƴude.mp3,HTTPError: 404 Client Error: Not Found for url: https://media.ipsapps.org/fuh/oda/audio/636919557197748425di%C6%B4%C6%B4ude.mp3
https://media.ipsapps.org/fuh/oda/,https://media.ipsapps.org/fuh/oda/audio/636922002145267611duŋanaade.mp3,HTTPError: 404 Client Error: Not Found for url: https://media.ipsapps.org/fuh/oda/audio/636922002145267611du%C5%8Banaade.mp3
https://media.ipsapps.org/fuh/oda/,https://media.ipsapps.org/fuh/oda/audio/636919516379232411darnude leɗɗe.mp3,HTTPError: 404 Client Error: Not Found for url: https://media.ipsapps.org/fuh/oda/audio/636919516379232411darnude%20le%C9%97%C9%97e.mp3
https://media.ipsapps.org/fuh/oda/,https://media.ipsapps.org/fuh/oda/audio/636919464211863644daande koyngal cilɓungal.mp3,HTTPError: 404 Client Error: Not Found for url: https://media.ipsapps.org/fuh/oda/audio/636919464211863644daande%20koyngal%20cil%C9%93ungal.mp3
https://media.ipsapps.org/fuh/oda/,https://media.ipsapps.org/fuh/oda/audio/636922001588054166dumɗokkal.mp3,HTTPError: 404 Client Error: Not Found for url: https://media.ipsapps.org/fuh/oda/audio/636922001588054166dum%C9%97okkal.mp3
https://media.ipsapps.org/fuh/oda/,https://media.ipsapps.org/fuh/oda/audio/636919472970217506daɗorgol.mp3,HTTPError: 404 Client Error: Not Found for url: https://media.ipsapps.org/fuh/oda/audio/636919472970217506da%C9%97orgol.mp3
https://media.ipsapps.org/fuh/oda/,https://media.ipsapps.org/fuh/oda/audio/636921998093883836duɗal.mp3,HTTPError: 404 Client Error: Not Found for url: https://media.ipsapps.org/fuh/oda/audio/636921998093883836du%C9%97al.mp3
https://media.ipsapps.org/fuh/oda/,https://media.ipsapps.org/fuh/oda/audio/636919509060713057damƴude.mp3,HTTPError: 404 Client Error: Not Found for url: https://media.ipsapps.org/fuh/oda/audio/636919509060713057dam%C6%B4ude.mp3
https://media.ipsapps.org/fuh/oda/,https://media.ipsapps.org/fuh/oda/audio/636919565429074404doolɗude.mp3,HTTPError: 404 Client Error: Not Found for url: https://media.ipsapps.org/fuh/oda/audio/636919565429074404dool%C9%97ude.mp3
https://media.ipsapps.org/fuh/oda/,https://media.ipsapps.org/fuh/oda/audio/636919542552888327denjiɗingol.mp3,HTTPError: 404 Client Error: Not Found for url: https://media.ipsapps.org/fuh/oda/audio/636919542552888327denji%C9%97ingol.mp3
https://media.ipsapps.org/fuh/oda/,https://media.ipsapps.org/fuh/oda/audio/636922002059049487duŋaade.mp3,HTTPError: 404 Client Error: Not Found for url: https://media.ipsapps.org/fuh/oda/audio/636922002059049487du%C5%8Baade.mp3
https://media.ipsapps.org/fuh/oda/,https://media.ipsapps.org/fuh/oda/audio/636919469452894624daɓɓosanne.mp3,HTTPError: 404 Client Error: Not Found for url: https://media.ipsapps.org/fuh/oda/audio/636919469452894624da%C9%93%C9%93osanne.mp3
https://media.ipsapps.org/fuh/oda/,https://media.ipsapps.org/fuh/oda/audio/636921997127018329doƴƴude.mp3,HTTPError: 404 Client Error: Not Found for url: https://media.ipsapps.org/fuh/oda/audio/636921997127018329do%C6%B4%C6%B4ude.mp3
https://media.ipsapps.org/fuh/oda/,https://media.ipsapps.org/fuh/oda/audio/636919547387789183deƴƴinaade.mp3,HTTPError: 404 Client Error: Not Found for url: https://media.ipsapps.org/fuh/oda/audio/636919547387789183de%C6%B4%C6%B4inaade.mp3
https://media.ipsapps.org/fuh/oda/,https://media.ipsapps.org/fuh/oda/audio/636919471921024102daɗinde.mp3,HTTPError: 404 Client Error: Not Found for url: https://media.ipsapps.org/fuh/oda/audio/636919471921024102da%C9%97inde.mp3
https://media.ipsapps.org/fuh/oda/,https://media.ipsapps.org/fuh/oda/audio/636919541627325295denɗoo.mp3,HTTPError: 404 Client Error: Not Found for url: https://media.ipsapps.org/fuh/oda/audio/636919541627325295den%C9%97oo.mp3
https://media.ipsapps.org/fuh/oda/,https://media.ipsapps.org/fuh/oda/audio/636919471624899752daɗɗo.mp3,HTTPError: 404 Client Error: Not Found for url: https://media.ipsapps.org/fuh/oda/audio/636919471624899752da%C9%97%C9%97o.mp3
https://media.ipsapps.org/fuh/oda/,https://media.ipsapps.org/fuh/oda/audio/636919547549357230deƴƴude.mp3,HTTPError: 404 Client Error: Not Found for url: https://media.ipsapps.org/fuh/oda/audio/636919547549357230de%C6%B4%C6%B4ude.mp3
https://media.ipsapps.org/fuh/oda/,https://media.ipsapps.org/fuh/oda/audio/636919567946706610dorbotooɗo.mp3,HTTPError: 404 Client Error: Not Found for url: https://media.ipsapps.org/fuh/oda/audio/636919567946706610dorbotoo%C9%97o.mp3
https://media.ipsapps.org/fuh/oda/,https://media.ipsapps.org/fuh/oda/audio/636919542018124669deŋeleewo.mp3,HTTPError: 404 Client Error: Not Found for url: https://media.ipsapps.org/fuh/oda/audio/636919542018124669de%C5%8Beleewo.mp3
https://media.ipsapps.org/fuh/oda/,https://media.ipsapps.org/fuh/oda/audio/636919473142740669daɗude.mp3,HTTPError: 404 Client Error: Not Found for url: https://media.ipsapps.org/fuh/oda/audio/636919473142740669da%C9%97ude.mp3
https://media.ipsapps.org/fuh/oda/,https://media.ipsapps.org/fuh/oda/audio/636922002903631691dunƴude.mp3,HTTPError: 404 Client Error: Not Found for url: https://media.ipsapps.org/fuh/oda/audio/636922002903631691dun%C6%B4ude.mp3
https://media.ipsapps.org/fuh/oda/,https://media.ipsapps.org/fuh/oda/audio/636919461966944364daakiɗinde.mp3,HTTPError: 404 Client Error: Not Found for url: https://media.ipsapps.org/fuh/oda/audio/636919461966944364daaki%C9%97inde.mp3
https://media.ipsapps.org/fuh/oda/,https://media.ipsapps.org/fuh/oda/audio/636919545525203929dewɗuɗo.mp3,HTTPError: 404 Client Error: Not Found for url: https://media.ipsapps.org/fuh/oda/audio/636919545525203929dew%C9%97u%C9%97o.mp3
https://media.ipsapps.org/fuh/oda/,https://media.ipsapps.org/fuh/oda/audio/636919511222200280danŋeere.mp3,HTTPError: 404 Client Error: Not Found for url: https://media.ipsapps.org/fuh/oda/audio/636919511222200280dan%C5%8Beere.mp3
https://media.ipsapps.org/fuh/oda/,https://media.ipsapps.org/fuh/oda/audio/636919545804435218deweteeɗo.mp3,HTTPError: 404 Client Error: Not Found for url: https://media.ipsapps.org/fuh/oda/audio/636919545804435218dewetee%C9%97o.mp3
https://media.ipsapps.org/fuh/oda/,https://media.ipsapps.org/fuh/oda/audio/636919560496411536doggaŋoŋowal.mp3,HTTPError: 404 Client Error: Not Found for url: https://media.ipsapps.org/fuh/oda/audio/636919560496411536dogga%C5%8Bo%C5%8Bowal.mp3
https://media.ipsapps.org/fuh/oda/,https://media.ipsapps.org/fuh/oda/audio/636919476305637978daliili gollitirɗo.mp3,HTTPError: 404 Client Error: Not Found for url: https://media.ipsapps.org/fuh/oda/audio/636919476305637978daliili%20gollitir%C9%97o.mp3
https://media.ipsapps.org/fuh/oda/,https://media.ipsapps.org/fuh/oda/audio/636919464108871728daande junngo silɓungo.mp3,HTTPError: 404 Client Error: Not Found for url: https://media.ipsapps.org/fuh/oda/audio/636919464108871728daande%20junngo%20sil%C9%93ungo.mp3
https://media.ipsapps.org/fuh/oda/,https://media.ipsapps.org/fuh/oda/audio/636922005612092865duuɗe.mp3,HTTPError: 404 Client Error: Not Found for url: https://media.ipsapps.org/fuh/oda/audio/636922005612092865duu%C9%97e.mp3
https://media.ipsapps.org/fuh/oda/,https://media.ipsapps.org/fuh/oda/audio/636919464364953207daande silɓunde.mp3,HTTPError: 404 Client Error: Not Found for url: https://media.ipsapps.org/fuh/oda/audio/636919464364953207daande%20sil%C9%93unde.mp3
https://media.ipsapps.org/fuh/oda/,https://media.ipsapps.org/fuh/oda/audio/636919471341665824daɗɗamaare.mp3,HTTPError: 404 Client Error: Not Found for url: https://media.ipsapps.org/fuh/oda/audio/636919471341665824da%C9%97%C9%97amaare.mp3
https://media.ipsapps.org/fuh/oda/,https://media.ipsapps.org/fuh/oda/audio/636919562467633113dolɗude.mp3,HTTPError: 404 Client Error: Not Found for url: https://media.ipsapps.org/fuh/oda/audio/636919562467633113dol%C9%97ude.mp3
https://media.ipsapps.org/fuh/oda/,https://media.ipsapps.org/fuh/oda/audio/636919515445352542dargiɗinde.mp3,HTTPError: 404 Client Error: Not Found for url: https://media.ipsapps.org/fuh/oda/audio/636919515445352542dargi%C9%97inde.mp3
https://media.ipsapps.org/fuh/oda/,https://media.ipsapps.org/fuh/oda/audio/636922007301917361Duumiiɗo.mp3,HTTPError: 404 Client Error: Not Found for url: https://media.ipsapps.org/fuh/oda/audio/636922007301917361Duumii%C9%97o.mp3
https://media.ipsapps.org/fuh/oda/,https://media.ipsapps.org/fuh/oda/audio/636919556881121702diƴaade.mp3,HTTPError: 404 Client Error: Not Found for url: https://media.ipsapps.org/fuh/oda/audio/636919556881121702di%C6%B4aade.mp3
https://media.ipsapps.org/fuh/oda/,https://media.ipsapps.org/fuh/oda/audio/636919550806891209diiŋaali.mp3,HTTPError: 404 Client Error: Not Found for url: https://media.ipsapps.org/fuh/oda/audio/636919550806891209dii%C5%8Baali.mp3
https://media.ipsapps.org/fuh/oda/,https://media.ipsapps.org/fuh/oda/audio/636919518334808711dawaaɗi.mp3,HTTPError: 404 Client Error: Not Found for url: https://media.ipsapps.org/fuh/oda/audio/636919518334808711dawaa%C9%97i.mp3
https://media.ipsapps.org/fuh/oda/,https://media.ipsapps.org/fuh/oda/audio/636922004904736486duuɓi.mp3,HTTPError: 404 Client Error: Not Found for url: https://media.ipsapps.org/fuh/oda/audio/636922004904736486duu%C9%93i.mp3
https://media.ipsapps.org/fuh/oda/,https://media.ipsapps.org/fuh/oda/audio/636949032223690760ronƴalde.mp3,HTTPError: 404 Client Error: Not Found for url: https://media.ipsapps.org/fuh/oda/audio/636949032223690760ron%C6%B4alde.mp3
https://media.ipsapps.org/fuh/oda/,https://media.ipsapps.org/fuh/oda/audio/636949034498821352ruuɗaade.mp3,HTTPError: 404 Client Error: Not Found for url: https://media.ipsapps.org/fuh/oda/audio/636949034498821352ruu%C9%97aade.mp3
https://media.ipsapps.org/fuh/oda/,https://media.ipsapps.org/fuh/oda/audio/636949030056439354rimarɓe.mp3,HTTPError: 404 Client Error: Not Found for url: https://media.ipsapps.org/fuh/oda/audio/636949030056439354rimar%C9%93e.mp3
https://media.ipsapps.org/fuh/oda/,https://media.ipsapps.org/fuh/oda/audio/636949020910973043raɓɓinɗinde.mp3,HTTPError: 404 Client Error: Not Found for url: https://media.ipsapps.org/fuh/oda/audio/636949020910973043ra%C9%93%C9%93in%C9%97inde.mp3
https://media.ipsapps.org/fuh/oda/,https://media.ipsapps.org/fuh/oda/audio/636949020781043162raɓɓiɗi.mp3,HTTPError: 404 Client Error: Not Found for url: https://media.ipsapps.org/fuh/oda/audio/636949020781043162ra%C9%93%C9%93i%C9%97i.mp3
https://media.ipsapps.org/fuh/oda/,https://media.ipsapps.org/fuh/oda/audio/636949033923334512ruɗɗitinde.mp3,HTTPError: 404 Client Error: Not Found for url: https://media.ipsapps.org/fuh/oda/audio/636949033923334512ru%C9%97%C9%97itinde.mp3
https://media.ipsapps.org/fuh/oda/,https://media.ipsapps.org/fuh/oda/audio/636949030172138591rimɓe.mp3,HTTPError: 404 Client Error: Not Found for url: https://media.ipsapps.org/fuh/oda/audio/636949030172138591rim%C9%93e.mp3
https://media.ipsapps.org/fuh/oda/,https://media.ipsapps.org/fuh/oda/audio/636949023215055129reentiiɗo.mp3,HTTPError: 404 Client Error: Not Found for url: https://media.ipsapps.org/fuh/oda/audio/636949023215055129reentii%C9%97o.mp3
https://media.ipsapps.org/fuh/oda/,https://media.ipsapps.org/fuh/oda/audio/636949020844172809raɓɓiɗinde.mp3,HTTPError: 404 Client Error: Not Found for url: https://media.ipsapps.org/fuh/oda/audio/636949020844172809ra%C9%93%C9%93i%C9%97inde.mp3
https://media.ipsapps.org/fuh/oda/,https://media.ipsapps.org/fuh/oda/audio/636949021067881974raɓɓuɓe.mp3,HTTPError: 404 Client Error: Not Found for url: https://media.ipsapps.org/fuh/oda/audio/636949021067881974ra%C9%93%C9%93u%C9%93e.mp3
https://media.ipsapps.org/fuh/oda/,https://media.ipsapps.org/fuh/oda/audio/636949025134759532rewɓe.mp3,HTTPError: 404 Client Error: Not Found for url: https://media.ipsapps.org/fuh/oda/audio/636949025134759532rew%C9%93e.mp3
https://media.ipsapps.org/fuh/oda/,https://media.ipsapps.org/fuh/oda/audio/636949021194842891raɗaade.mp3,HTTPError: 404 Client Error: Not Found for url: https://media.ipsapps.org/fuh/oda/audio/636949021194842891ra%C9%97aade.mp3
https://media.ipsapps.org/fuh/oda/,https://media.ipsapps.org/fuh/oda/audio/636949020375674545raaɓugol.mp3,HTTPError: 404 Client Error: Not Found for url: https://media.ipsapps.org/fuh/oda/audio/636949020375674545raa%C9%93ugol.mp3
https://media.ipsapps.org/fuh/oda/,https://media.ipsapps.org/fuh/oda/audio/636949030370709688rimɗude.mp3,HTTPError: 404 Client Error: Not Found for url: https://media.ipsapps.org/fuh/oda/audio/636949030370709688rim%C9%97ude.mp3
https://media.ipsapps.org/fuh/oda/,https://media.ipsapps.org/fuh/oda/audio/636949025214662923rewɗude.mp3,HTTPError: 404 Client Error: Not Found for url: https://media.ipsapps.org/fuh/oda/audio/636949025214662923rew%C9%97ude.mp3
https://media.ipsapps.org/fuh/oda/,https://media.ipsapps.org/fuh/oda/audio/636949029085376888riiɗude.mp3,HTTPError: 404 Client Error: Not Found for url: https://media.ipsapps.org/fuh/oda/audio/636949029085376888rii%C9%97ude.mp3
https://media.ipsapps.org/fuh/oda/,https://media.ipsapps.org/fuh/oda/audio/636949023418755667reereeɗinde.mp3,HTTPError: 404 Client Error: Not Found for url: https://media.ipsapps.org/fuh/oda/audio/636949023418755667reeree%C9%97inde.mp3
https://media.ipsapps.org/fuh/oda/,https://media.ipsapps.org/fuh/oda/audio/636949033860329880ruɗaade.mp3,HTTPError: 404 Client Error: Not Found for url: https://media.ipsapps.org/fuh/oda/audio/636949033860329880ru%C9%97aade.mp3
https://media.ipsapps.org/fuh/oda/,https://media.ipsapps.org/fuh/oda/audio/636949034673781557Ruuhu Ceniiɗo.mp3,HTTPError: 404 Client Error: Not Found for url: https://media.ipsapps.org/fuh/oda/audio/636949034673781557Ruuhu%20Cenii%C9%97o.mp3
https://media.ipsapps.org/fuh/oda/,https://media.ipsapps.org/fuh/oda/audio/636949032929064645rooŋre.mp3,HTTPError: 404 Client Error: Not Found for url: https://media.ipsapps.org/fuh/oda/audio/636949032929064645roo%C5%8Bre.mp3
https://media.ipsapps.org/fuh/oda/,https://media.ipsapps.org/fuh/oda/audio/636949021610060032raneeɓe.mp3,HTTPError: 404 Client Error: Not Found for url: https://media.ipsapps.org/fuh/oda/audio/636949021610060032ranee%C9%93e.mp3
https://media.ipsapps.org/fuh/oda/,https://media.ipsapps.org/fuh/oda/audio/636949027434648654rewuɓe.mp3,HTTPError: 404 Client Error: Not Found for url: https://media.ipsapps.org/fuh/oda/audio/636949027434648654rewu%C9%93e.mp3
https://media.ipsapps.org/fuh/oda/,https://media.ipsapps.org/fuh/oda/audio/636949020328585010raaɓude.mp3,HTTPError: 404 Client Error: Not Found for url: https://media.ipsapps.org/fuh/oda/audio/636949020328585010raa%C9%93ude.mp3
https://media.ipsapps.org/fuh/oda/,https://media.ipsapps.org/fuh/oda/audio/636949029311310605riimayɓe.mp3,HTTPError: 404 Client Error: Not Found for url: https://media.ipsapps.org/fuh/oda/audio/636949029311310605riimay%C9%93e.mp3
https://media.ipsapps.org/fuh/oda/,https://media.ipsapps.org/fuh/oda/audio/636949020997945712raɓɓinɗinnde.mp3,HTTPError: 404 Client Error: Not Found for url: https://media.ipsapps.org/fuh/oda/audio/636949020997945712ra%C9%93%C9%93in%C9%97innde.mp3
https://media.ipsapps.org/fuh/oda/,https://media.ipsapps.org/fuh/oda/audio/636933505865251546hecciɗi.mp3,HTTPError: 404 Client Error: Not Found for url: https://media.ipsapps.org/fuh/oda/audio/636933505865251546hecci%C9%97i.mp3
https://media.ipsapps.org/fuh/oda/,https://media.ipsapps.org/fuh/oda/audio/636933473367693363haɓɓaneede.mp3,HTTPError: 404 Client Error: Not Found for url: https://media.ipsapps.org/fuh/oda/audio/636933473367693363ha%C9%93%C9%93aneede.mp3
https://media.ipsapps.org/fuh/oda/,https://media.ipsapps.org/fuh/oda/audio/636934187480704673horɗoore-lettugaare.mp3,HTTPError: 404 Client Error: Not Found for url: https://media.ipsapps.org/fuh/oda/audio/636934187480704673hor%C9%97oore-lettugaare.mp3
https://media.ipsapps.org/fuh/oda/,https://media.ipsapps.org/fuh/oda/audio/636933507473323432heɗɗere.mp3,HTTPError: 404 Client Error: Not Found for url: https://media.ipsapps.org/fuh/oda/audio/636933507473323432he%C9%97%C9%97ere.mp3
https://media.ipsapps.org/fuh/oda/,https://media.ipsapps.org/fuh/oda/audio/636933506528045336heccitittiyel keeŋan.mp3,HTTPError: 404 Client Error: Not Found for url: https://media.ipsapps.org/fuh/oda/audio/636933506528045336heccitittiyel%20kee%C5%8Ban.mp3
https://media.ipsapps.org/fuh/oda/,https://media.ipsapps.org/fuh/oda/audio/636933465759020551haanɗinde.mp3,HTTPError: 404 Client Error: Not Found for url: https://media.ipsapps.org/fuh/oda/audio/636933465759020551haan%C9%97inde.mp3
https://media.ipsapps.org/fuh/oda/,https://media.ipsapps.org/fuh/oda/audio/636935023016461698huuɓude.mp3,HTTPError: 404 Client Error: Not Found for url: https://media.ipsapps.org/fuh/oda/audio/636935023016461698huu%C9%93ude.mp3
https://media.ipsapps.org/fuh/oda/,https://media.ipsapps.org/fuh/oda/audio/636934191114327616hoyɗude.mp3,HTTPError: 404 Client Error: Not Found for url: https://media.ipsapps.org/fuh/oda/audio/636934191114327616hoy%C9%97ude.mp3
https://media.ipsapps.org/fuh/oda/,https://media.ipsapps.org/fuh/oda/audio/636934147727679812heyɗude.mp3,HTTPError: 404 Client Error: Not Found for url: https://media.ipsapps.org/fuh/oda/audio/636934147727679812hey%C9%97ude.mp3
https://media.ipsapps.org/fuh/oda/,https://media.ipsapps.org/fuh/oda/audio/636934186661002226hooƴude.mp3,HTTPError: 404 Client Error: Not Found for url: https://media.ipsapps.org/fuh/oda/audio/636934186661002226hoo%C6%B4ude.mp3
https://media.ipsapps.org/fuh/oda/,https://media.ipsapps.org/fuh/oda/audio/636933499930415593haƴiiƴa.mp3,HTTPError: 404 Client Error: Not Found for url: https://media.ipsapps.org/fuh/oda/audio/636933499930415593ha%C6%B4ii%C6%B4a.mp3
https://media.ipsapps.org/fuh/oda/,https://media.ipsapps.org/fuh/oda/audio/636934189971759663hosooɓe.mp3,HTTPError: 404 Client Error: Not Found for url: https://media.ipsapps.org/fuh/oda/audio/636934189971759663hosoo%C9%93e.mp3
https://media.ipsapps.org/fuh/oda/,https://media.ipsapps.org/fuh/oda/audio/636934187164932032horɗoore-gorgaare.mp3,HTTPError: 404 Client Error: Not Found for url: https://media.ipsapps.org/fuh/oda/audio/636934187164932032hor%C9%97oore-gorgaare.mp3
https://media.ipsapps.org/fuh/oda/,https://media.ipsapps.org/fuh/oda/audio/636933502719240967heɓande.mp3,HTTPError: 404 Client Error: Not Found for url: https://media.ipsapps.org/fuh/oda/audio/636933502719240967he%C9%93ande.mp3
https://media.ipsapps.org/fuh/oda/,https://media.ipsapps.org/fuh/oda/audio/636934171002912196holɓundere silɓunde.mp3,HTTPError: 404 Client Error: Not Found for url: https://media.ipsapps.org/fuh/oda/audio/636934171002912196hol%C9%93undere%20sil%C9%93unde.mp3
https://media.ipsapps.org/fuh/oda/,https://media.ipsapps.org/fuh/oda/audio/636935022817794844huuɓi.mp3,HTTPError: 404 Client Error: Not Found for url: https://media.ipsapps.org/fuh/oda/audio/636935022817794844huu%C9%93i.mp3
https://media.ipsapps.org/fuh/oda/,https://media.ipsapps.org/fuh/oda/audio/636934165931747396hoɗude.mp3,HTTPError: 404 Client Error: Not Found for url: https://media.ipsapps.org/fuh/oda/audio/636934165931747396ho%C9%97ude.mp3
https://media.ipsapps.org/fuh/oda/,https://media.ipsapps.org/fuh/oda/audio/636933506023626150hecciti keeŋan.mp3,HTTPError: 404 Client Error: Not Found for url: https://media.ipsapps.org/fuh/oda/audio/636933506023626150hecciti%20kee%C5%8Ban.mp3
https://media.ipsapps.org/fuh/oda/,https://media.ipsapps.org/fuh/oda/audio/636933508156395528heeɗoore.mp3,HTTPError: 404 Client Error: Not Found for url: https://media.ipsapps.org/fuh/oda/audio/636933508156395528hee%C9%97oore.mp3
https://media.ipsapps.org/fuh/oda/,https://media.ipsapps.org/fuh/oda/audio/636933474968956551haɓeede.mp3,HTTPError: 404 Client Error: Not Found for url: https://media.ipsapps.org/fuh/oda/audio/636933474968956551ha%C9%93eede.mp3
https://media.ipsapps.org/fuh/oda/,https://media.ipsapps.org/fuh/oda/audio/636935016958728056hulƴinde.mp3,HTTPError: 404 Client Error: Not Found for url: https://media.ipsapps.org/fuh/oda/audio/636935016958728056hul%C6%B4inde.mp3
https://media.ipsapps.org/fuh/oda/,https://media.ipsapps.org/fuh/oda/audio/636933472998900813haɓɓaade.mp3,HTTPError: 404 Client Error: Not Found for url: https://media.ipsapps.org/fuh/oda/audio/636933472998900813ha%C9%93%C9%93aade.mp3
https://media.ipsapps.org/fuh/oda/,https://media.ipsapps.org/fuh/oda/audio/636934149902305890hiiɗɗude.mp3,HTTPError: 404 Client Error: Not Found for url: https://media.ipsapps.org/fuh/oda/audio/636934149902305890hii%C9%97%C9%97ude.mp3
https://media.ipsapps.org/fuh/oda/,https://media.ipsapps.org/fuh/oda/audio/636935021048365174hurɓinde.mp3,HTTPError: 404 Client Error: Not Found for url: https://media.ipsapps.org/fuh/oda/audio/636935021048365174hur%C9%93inde.mp3
https://media.ipsapps.org/fuh/oda/,https://media.ipsapps.org/fuh/oda/audio/636934199556168533huɗo nyamnirko daabaaji.mp3,HTTPError: 404 Client Error: Not Found for url: https://media.ipsapps.org/fuh/oda/audio/636934199556168533hu%C9%97o%20nyamnirko%20daabaaji.mp3
https://media.ipsapps.org/fuh/oda/,https://media.ipsapps.org/fuh/oda/audio/636934162039537609hoɓaade.mp3,HTTPError: 404 Client Error: Not Found for url: https://media.ipsapps.org/fuh/oda/audio/636934162039537609ho%C9%93aade.mp3
https://media.ipsapps.org/fuh/oda/,https://media.ipsapps.org/fuh/oda/audio/636934148244652640heƴƴaade.mp3,HTTPError: 404 Client Error: Not Found for url: https://media.ipsapps.org/fuh/oda/audio/636934148244652640he%C6%B4%C6%B4aade.mp3
https://media.ipsapps.org/fuh/oda/,https://media.ipsapps.org/fuh/oda/audio/636933476582441073haɓinde.mp3,HTTPError: 404 Client Error: Not Found for url: https://media.ipsapps.org/fuh/oda/audio/636933476582441073ha%C9%93inde.mp3
https://media.ipsapps.org/fuh/oda/,https://media.ipsapps.org/fuh/oda/audio/636933477178947839haɓo.mp3,HTTPError: 404 Client Error: Not Found for url: https://media.ipsapps.org/fuh/oda/audio/636933477178947839ha%C9%93o.mp3
https://media.ipsapps.org/fuh/oda/,https://media.ipsapps.org/fuh/oda/audio/636933472792188797haɓande.mp3,HTTPError: 404 Client Error: Not Found for url: https://media.ipsapps.org/fuh/oda/audio/636933472792188797ha%C9%93ande.mp3
https://media.ipsapps.org/fuh/oda/,https://media.ipsapps.org/fuh/oda/audio/636933466092336820haanɗude.mp3,HTTPError: 404 Client Error: Not Found for url: https://media.ipsapps.org/fuh/oda/audio/636933466092336820haan%C9%97ude.mp3
https://media.ipsapps.org/fuh/oda/,https://media.ipsapps.org/fuh/oda/audio/636933507847656582heeɗo maasa.mp3,HTTPError: 404 Client Error: Not Found for url: https://media.ipsapps.org/fuh/oda/audio/636933507847656582hee%C9%97o%20maasa.mp3
https://media.ipsapps.org/fuh/oda/,https://media.ipsapps.org/fuh/oda/audio/636934162461214708hoɓɓitinde.mp3,HTTPError: 404 Client Error: Not Found for url: https://media.ipsapps.org/fuh/oda/audio/636934162461214708ho%C9%93%C9%93itinde.mp3
https://media.ipsapps.org/fuh/oda/,https://media.ipsapps.org/fuh/oda/audio/636934140192846596helliɗinde.mp3,HTTPError: 404 Client Error: Not Found for url: https://media.ipsapps.org/fuh/oda/audio/636934140192846596helli%C9%97inde.mp3
https://media.ipsapps.org/fuh/oda/,https://media.ipsapps.org/fuh/oda/audio/636934184987457141hoosaaɓe.mp3,HTTPError: 404 Client Error: Not Found for url: https://media.ipsapps.org/fuh/oda/audio/636934184987457141hoosaa%C9%93e.mp3
https://media.ipsapps.org/fuh/oda/,https://media.ipsapps.org/fuh/oda/audio/636933504098151029heɓaneede.mp3,HTTPError: 404 Client Error: Not Found for url: https://media.ipsapps.org/fuh/oda/audio/636933504098151029he%C9%93aneede.mp3
https://media.ipsapps.org/fuh/oda/,https://media.ipsapps.org/fuh/oda/audio/636933474620202521haɓɓitinde.mp3,HTTPError: 404 Client Error: Not Found for url: https://media.ipsapps.org/fuh/oda/audio/636933474620202521ha%C9%93%C9%93itinde.mp3
https://media.ipsapps.org/fuh/oda/,https://media.ipsapps.org/fuh/oda/audio/636933505941776913hecciɗinde.mp3,HTTPError: 404 Client Error: Not Found for url: https://media.ipsapps.org/fuh/oda/audio/636933505941776913hecci%C9%97inde.mp3
https://media.ipsapps.org/fuh/oda/,https://media.ipsapps.org/fuh/oda/audio/636934164584969366hoɓude.mp3,HTTPError: 404 Client Error: Not Found for url: https://media.ipsapps.org/fuh/oda/audio/636934164584969366ho%C9%93ude.mp3
https://media.ipsapps.org/fuh/oda/,https://media.ipsapps.org/fuh/oda/audio/636933505203058861heɓitagol.mp3,HTTPError: 404 Client Error: Not Found for url: https://media.ipsapps.org/fuh/oda/audio/636933505203058861he%C9%93itagol.mp3
https://media.ipsapps.org/fuh/oda/,https://media.ipsapps.org/fuh/oda/audio/636934170910033861holɓundere.mp3,HTTPError: 404 Client Error: Not Found for url: https://media.ipsapps.org/fuh/oda/audio/636934170910033861hol%C9%93undere.mp3
https://media.ipsapps.org/fuh/oda/,https://media.ipsapps.org/fuh/oda/audio/636934180374089918hooɗeede.mp3,HTTPError: 404 Client Error: Not Found for url: https://media.ipsapps.org/fuh/oda/audio/636934180374089918hoo%C9%97eede.mp3
https://media.ipsapps.org/fuh/oda/,https://media.ipsapps.org/fuh/oda/audio/636934198153265749huɓɓooru.mp3,HTTPError: 404 Client Error: Not Found for url: https://media.ipsapps.org/fuh/oda/audio/636934198153265749hu%C9%93%C9%93ooru.mp3
https://media.ipsapps.org/fuh/oda/,https://media.ipsapps.org/fuh/oda/audio/636934164501342643hoɓtude.mp3,HTTPError: 404 Client Error: Not Found for url: https://media.ipsapps.org/fuh/oda/audio/636934164501342643ho%C9%93tude.mp3
https://media.ipsapps.org/fuh/oda/,https://media.ipsapps.org/fuh/oda/audio/636933502641383435heɓan.mp3,HTTPError: 404 Client Error: Not Found for url: https://media.ipsapps.org/fuh/oda/audio/636933502641383435he%C9%93an.mp3
https://media.ipsapps.org/fuh/oda/,https://media.ipsapps.org/fuh/oda/audio/636933501896911019haƴƴe.mp3,HTTPError: 404 Client Error: Not Found for url: https://media.ipsapps.org/fuh/oda/audio/636933501896911019ha%C6%B4%C6%B4e.mp3
https://media.ipsapps.org/fuh/oda/,https://media.ipsapps.org/fuh/oda/audio/636934154670036266himɓe.mp3,HTTPError: 404 Client Error: Not Found for url: https://media.ipsapps.org/fuh/oda/audio/636934154670036266him%C9%93e.mp3
https://media.ipsapps.org/fuh/oda/,https://media.ipsapps.org/fuh/oda/audio/636933477017441143haɓitaade.mp3,HTTPError: 404 Client Error: Not Found for url: https://media.ipsapps.org/fuh/oda/audio/636933477017441143ha%C9%93itaade.mp3
https://media.ipsapps.org/fuh/oda/,https://media.ipsapps.org/fuh/oda/audio/636934148548409440heƴƴude.mp3,HTTPError: 404 Client Error: Not Found for url: https://media.ipsapps.org/fuh/oda/audio/636934148548409440he%C6%B4%C6%B4ude.mp3
https://media.ipsapps.org/fuh/oda/,https://media.ipsapps.org/fuh/oda/audio/636933477256239102haɓude.mp3,HTTPError: 404 Client Error: Not Found for url: https://media.ipsapps.org/fuh/oda/audio/636933477256239102ha%C9%93ude.mp3
https://media.ipsapps.org/fuh/oda/,https://media.ipsapps.org/fuh/oda/audio/636934200623301033huggiɗinde.mp3,HTTPError: 404 Client Error: Not Found for url: https://media.ipsapps.org/fuh/oda/audio/636934200623301033huggi%C9%97inde.mp3
https://media.ipsapps.org/fuh/oda/,https://media.ipsapps.org/fuh/oda/audio/636933477089226146haɓnde.mp3,HTTPError: 404 Client Error: Not Found for url: https://media.ipsapps.org/fuh/oda/audio/636933477089226146ha%C9%93nde.mp3
https://media.ipsapps.org/fuh/oda/,https://media.ipsapps.org/fuh/oda/audio/636935021128296056hurɓineede.mp3,HTTPError: 404 Client Error: Not Found for url: https://media.ipsapps.org/fuh/oda/audio/636935021128296056hur%C9%93ineede.mp3
https://media.ipsapps.org/fuh/oda/,https://media.ipsapps.org/fuh/oda/audio/636934140101891555helɓinde.mp3,HTTPError: 404 Client Error: Not Found for url: https://media.ipsapps.org/fuh/oda/audio/636934140101891555hel%C9%93inde.mp3
https://media.ipsapps.org/fuh/oda/,https://media.ipsapps.org/fuh/oda/audio/636933501763131881haƴƴaango.mp3,HTTPError: 404 Client Error: Not Found for url: https://media.ipsapps.org/fuh/oda/audio/636933501763131881ha%C6%B4%C6%B4aango.mp3
https://media.ipsapps.org/fuh/oda/,https://media.ipsapps.org/fuh/oda/audio/636933466259794512haaŋeede.mp3,HTTPError: 404 Client Error: Not Found for url: https://media.ipsapps.org/fuh/oda/audio/636933466259794512haa%C5%8Beede.mp3
https://media.ipsapps.org/fuh/oda/,https://media.ipsapps.org/fuh/oda/audio/636934145106371592herɗude.mp3,HTTPError: 404 Client Error: Not Found for url: https://media.ipsapps.org/fuh/oda/audio/636934145106371592her%C9%97ude.mp3
https://media.ipsapps.org/fuh/oda/,https://media.ipsapps.org/fuh/oda/audio/636934190494312449howru silɓundu.mp3,HTTPError: 404 Client Error: Not Found for url: https://media.ipsapps.org/fuh/oda/audio/636934190494312449howru%20sil%C9%93undu.mp3
https://media.ipsapps.org/fuh/oda/,https://media.ipsapps.org/fuh/oda/audio/636934165745460771hoɗorde.mp3,HTTPError: 404 Client Error: Not Found for url: https://media.ipsapps.org/fuh/oda/audio/636934165745460771ho%C9%97orde.mp3
https://media.ipsapps.org/fuh/oda/,https://media.ipsapps.org/fuh/oda/audio/636933505466058929heɓude ndakam.mp3,HTTPError: 404 Client Error: Not Found for url: https://media.ipsapps.org/fuh/oda/audio/636933505466058929he%C9%93ude%20ndakam.mp3
https://media.ipsapps.org/fuh/oda/,https://media.ipsapps.org/fuh/oda/audio/636934148846006858hiɓɓinirde.mp3,HTTPError: 404 Client Error: Not Found for url: https://media.ipsapps.org/fuh/oda/audio/636934148846006858hi%C9%93%C9%93inirde.mp3
https://media.ipsapps.org/fuh/oda/,https://media.ipsapps.org/fuh/oda/audio/636933467927722977haaŋude.mp3,HTTPError: 404 Client Error: Not Found for url: https://media.ipsapps.org/fuh/oda/audio/636933467927722977haa%C5%8Bude.mp3
https://media.ipsapps.org/fuh/oda/,https://media.ipsapps.org/fuh/oda/audio/636933499630729867hayɗinaade.mp3,HTTPError: 404 Client Error: Not Found for url: https://media.ipsapps.org/fuh/oda/audio/636933499630729867hay%C9%97inaade.mp3
https://media.ipsapps.org/fuh/oda/,https://media.ipsapps.org/fuh/oda/audio/636933465603253303haanɗere.mp3,HTTPError: 404 Client Error: Not Found for url: https://media.ipsapps.org/fuh/oda/audio/636933465603253303haan%C9%97ere.mp3
https://media.ipsapps.org/fuh/oda/,https://media.ipsapps.org/fuh/oda/audio/636934165329067883hoɗɗugol.mp3,HTTPError: 404 Client Error: Not Found for url: https://media.ipsapps.org/fuh/oda/audio/636934165329067883ho%C9%97%C9%97ugol.mp3
https://media.ipsapps.org/fuh/oda/,https://media.ipsapps.org/fuh/oda/audio/636934164289058610hoɓɓuru.mp3,HTTPError: 404 Client Error: Not Found for url: https://media.ipsapps.org/fuh/oda/audio/636934164289058610ho%C9%93%C9%93uru.mp3
https://media.ipsapps.org/fuh/oda/,https://media.ipsapps.org/fuh/oda/audio/636934157097636584hirɓihirɓoonde.mp3,HTTPError: 404 Client Error: Not Found for url: https://media.ipsapps.org/fuh/oda/audio/636934157097636584hir%C9%93ihir%C9%93oonde.mp3
https://media.ipsapps.org/fuh/oda/,https://media.ipsapps.org/fuh/oda/audio/636933474448500185haɓɓere.mp3,HTTPError: 404 Client Error: Not Found for url: https://media.ipsapps.org/fuh/oda/audio/636933474448500185ha%C9%93%C9%93ere.mp3
https://media.ipsapps.org/fuh/oda/,https://media.ipsapps.org/fuh/oda/audio/636934157365515929hirɓude.mp3,HTTPError: 404 Client Error: Not Found for url: https://media.ipsapps.org/fuh/oda/audio/636934157365515929hir%C9%93ude.mp3
https://media.ipsapps.org/fuh/oda/,https://media.ipsapps.org/fuh/oda/audio/636934218754199373hulɓinde.mp3,HTTPError: 404 Client Error: Not Found for url: https://media.ipsapps.org/fuh/oda/audio/636934218754199373hul%C9%93inde.mp3
https://media.ipsapps.org/fuh/oda/,https://media.ipsapps.org/fuh/oda/audio/636933499804567999hayɗinnde.mp3,HTTPError: 404 Client Error: Not Found for url: https://media.ipsapps.org/fuh/oda/audio/636933499804567999hay%C9%97innde.mp3
https://media.ipsapps.org/fuh/oda/,https://media.ipsapps.org/fuh/oda/audio/636934199756800252huɗo-heccojum.mp3,HTTPError: 404 Client Error: Not Found for url: https://media.ipsapps.org/fuh/oda/audio/636934199756800252hu%C9%97o-heccojum.mp3
https://media.ipsapps.org/fuh/oda/,https://media.ipsapps.org/fuh/oda/audio/636934196333493623hoyfuɗo.mp3,HTTPError: 404 Client Error: Not Found for url: https://media.ipsapps.org/fuh/oda/audio/636934196333493623hoyfu%C9%97o.mp3
https://media.ipsapps.org/fuh/oda/,https://media.ipsapps.org/fuh/oda/audio/636934199460967054huɗo hecco.mp3,HTTPError: 404 Client Error: Not Found for url: https://media.ipsapps.org/fuh/oda/audio/636934199460967054hu%C9%97o%20hecco.mp3
https://media.ipsapps.org/fuh/oda/,https://media.ipsapps.org/fuh/oda/audio/636933504865717062heɓeede.mp3,HTTPError: 404 Client Error: Not Found for url: https://media.ipsapps.org/fuh/oda/audio/636933504865717062he%C9%93eede.mp3
https://media.ipsapps.org/fuh/oda/,https://media.ipsapps.org/fuh/oda/audio/636933502027484933haƴƴilande.mp3,HTTPError: 404 Client Error: Not Found for url: https://media.ipsapps.org/fuh/oda/audio/636933502027484933ha%C6%B4%C6%B4ilande.mp3
https://media.ipsapps.org/fuh/oda/,https://media.ipsapps.org/fuh/oda/audio/636934197896195845huɓɓude.mp3,HTTPError: 404 Client Error: Not Found for url: https://media.ipsapps.org/fuh/oda/audio/636934197896195845hu%C9%93%C9%93ude.mp3
https://media.ipsapps.org/fuh/oda/,https://media.ipsapps.org/fuh/oda/audio/636934180663143897hoodere-durooɓe.mp3,HTTPError: 404 Client Error: Not Found for url: https://media.ipsapps.org/fuh/oda/audio/636934180663143897hoodere-duroo%C9%93e.mp3
https://media.ipsapps.org/fuh/oda/,https://media.ipsapps.org/fuh/oda/audio/636935021395291349hurɓude.mp3,HTTPError: 404 Client Error: Not Found for url: https://media.ipsapps.org/fuh/oda/audio/636935021395291349hur%C9%93ude.mp3
https://media.ipsapps.org/fuh/oda/,https://media.ipsapps.org/fuh/oda/audio/636934199394987957huɗo.mp3,HTTPError: 404 Client Error: Not Found for url: https://media.ipsapps.org/fuh/oda/audio/636934199394987957hu%C9%97o.mp3
https://media.ipsapps.org/fuh/oda/,https://media.ipsapps.org/fuh/oda/audio/636935017724500229humaniiɗo.mp3,HTTPError: 404 Client Error: Not Found for url: https://media.ipsapps.org/fuh/oda/audio/636935017724500229humanii%C9%97o.mp3
https://media.ipsapps.org/fuh/oda/,https://media.ipsapps.org/fuh/oda/audio/636934164417169674hoɓitaade.mp3,HTTPError: 404 Client Error: Not Found for url: https://media.ipsapps.org/fuh/oda/audio/636934164417169674ho%C9%93itaade.mp3
https://media.ipsapps.org/fuh/oda/,https://media.ipsapps.org/fuh/oda/audio/636933474274826778haɓɓeede.mp3,HTTPError: 404 Client Error: Not Found for url: https://media.ipsapps.org/fuh/oda/audio/636933474274826778ha%C9%93%C9%93eede.mp3
https://media.ipsapps.org/fuh/oda/,https://media.ipsapps.org/fuh/oda/audio/636934165425837230hoɗinnde.mp3,HTTPError: 404 Client Error: Not Found for url: https://media.ipsapps.org/fuh/oda/audio/636934165425837230ho%C9%97innde.mp3
https://media.ipsapps.org/fuh/oda/,https://media.ipsapps.org/fuh/oda/audio/636933474790193427haɓɓude.mp3,HTTPError: 404 Client Error: Not Found for url: https://media.ipsapps.org/fuh/oda/audio/636933474790193427ha%C9%93%C9%93ude.mp3
https://media.ipsapps.org/fuh/oda/,https://media.ipsapps.org/fuh/oda/audio/636933506799641660heccorɗinde.mp3,HTTPError: 404 Client Error: Not Found for url: https://media.ipsapps.org/fuh/oda/audio/636933506799641660heccor%C9%97inde.mp3
https://media.ipsapps.org/fuh/oda/,https://media.ipsapps.org/fuh/oda/audio/636935022890590540huuɓinde.mp3,HTTPError: 404 Client Error: Not Found for url: https://media.ipsapps.org/fuh/oda/audio/636935022890590540huu%C9%93inde.mp3
https://media.ipsapps.org/fuh/oda/,https://media.ipsapps.org/fuh/oda/audio/636933502507129171haƴƴude.mp3,HTTPError: 404 Client Error: Not Found for url: https://media.ipsapps.org/fuh/oda/audio/636933502507129171ha%C6%B4%C6%B4ude.mp3
https://media.ipsapps.org/fuh/oda/,https://media.ipsapps.org/fuh/oda/audio/636934179826380725hooɓaade.mp3,HTTPError: 404 Client Error: Not Found for url: https://media.ipsapps.org/fuh/oda/audio/636934179826380725hoo%C9%93aade.mp3
https://media.ipsapps.org/fuh/oda/,https://media.ipsapps.org/fuh/oda/audio/636934149110876163hiɓɓude.mp3,HTTPError: 404 Client Error: Not Found for url: https://media.ipsapps.org/fuh/oda/audio/636934149110876163hi%C9%93%C9%93ude.mp3
https://media.ipsapps.org/fuh/oda/,https://media.ipsapps.org/fuh/oda/audio/636933493291974088hannɗuɗo.mp3,HTTPError: 404 Client Error: Not Found for url: https://media.ipsapps.org/fuh/oda/audio/636933493291974088hann%C9%97u%C9%97o.mp3
https://media.ipsapps.org/fuh/oda/,https://media.ipsapps.org/fuh/oda/audio/636934199967264598huɗooru.mp3,HTTPError: 404 Client Error: Not Found for url: https://media.ipsapps.org/fuh/oda/audio/636934199967264598hu%C9%97ooru.mp3
https://media.ipsapps.org/fuh/oda/,https://media.ipsapps.org/fuh/oda/audio/636933505567952433heɓude.mp3,HTTPError: 404 Client Error: Not Found for url: https://media.ipsapps.org/fuh/oda/audio/636933505567952433he%C9%93ude.mp3
https://media.ipsapps.org/fuh/oda/,https://media.ipsapps.org/fuh/oda/audio/636933500067613831haƴinƴinde.mp3,HTTPError: 404 Client Error: Not Found for url: https://media.ipsapps.org/fuh/oda/audio/636933500067613831ha%C6%B4in%C6%B4inde.mp3
https://media.ipsapps.org/fuh/oda/,https://media.ipsapps.org/fuh/oda/audio/636933478003502473haɗɗere.mp3,HTTPError: 404 Client Error: Not Found for url: https://media.ipsapps.org/fuh/oda/audio/636933478003502473ha%C9%97%C9%97ere.mp3
https://media.ipsapps.org/fuh/oda/,https://media.ipsapps.org/fuh/oda/audio/636933482425621745halɓude.mp3,HTTPError: 404 Client Error: Not Found for url: https://media.ipsapps.org/fuh/oda/audio/636933482425621745hal%C9%93ude.mp3
https://media.ipsapps.org/fuh/oda/,https://media.ipsapps.org/fuh/oda/audio/636934200128663532huɗude.mp3,HTTPError: 404 Client Error: Not Found for url: https://media.ipsapps.org/fuh/oda/audio/636934200128663532hu%C9%97ude.mp3
https://media.ipsapps.org/fuh/oda/,https://media.ipsapps.org/fuh/oda/audio/636933502408283427haƴƴinde.mp3,HTTPError: 404 Client Error: Not Found for url: https://media.ipsapps.org/fuh/oda/audio/636933502408283427ha%C6%B4%C6%B4inde.mp3
https://media.ipsapps.org/fuh/oda/,https://media.ipsapps.org/fuh/oda/audio/636934148026878212heƴude.mp3,HTTPError: 404 Client Error: Not Found for url: https://media.ipsapps.org/fuh/oda/audio/636934148026878212he%C6%B4ude.mp3
https://media.ipsapps.org/fuh/oda/,https://media.ipsapps.org/fuh/oda/audio/636933462261272267haabuuɓe.mp3,HTTPError: 404 Client Error: Not Found for url: https://media.ipsapps.org/fuh/oda/audio/636933462261272267haabuu%C9%93e.mp3
https://media.ipsapps.org/fuh/oda/,https://media.ipsapps.org/fuh/oda/audio/636933474536554209haɓɓitaade.mp3,HTTPError: 404 Client Error: Not Found for url: https://media.ipsapps.org/fuh/oda/audio/636933474536554209ha%C9%93%C9%93itaade.mp3
https://media.ipsapps.org/fuh/oda/,https://media.ipsapps.org/fuh/oda/audio/636933478639050792haɗude.mp3,HTTPError: 404 Client Error: Not Found for url: https://media.ipsapps.org/fuh/oda/audio/636933478639050792ha%C9%97ude.mp3
https://media.ipsapps.org/fuh/oda/,https://media.ipsapps.org/fuh/oda/audio/636934149732101576hiiɓude.mp3,HTTPError: 404 Client Error: Not Found for url: https://media.ipsapps.org/fuh/oda/audio/636934149732101576hii%C9%93ude.mp3
https://media.ipsapps.org/fuh/oda/,https://media.ipsapps.org/fuh/oda/audio/636934148480477529heƴƴere.mp3,HTTPError: 404 Client Error: Not Found for url: https://media.ipsapps.org/fuh/oda/audio/636934148480477529he%C6%B4%C6%B4ere.mp3
https://media.ipsapps.org/fuh/oda/,https://media.ipsapps.org/fuh/oda/audio/636934199307230905huɗitaade.mp3,HTTPError: 404 Client Error: Not Found for url: https://media.ipsapps.org/fuh/oda/audio/636934199307230905hu%C9%97itaade.mp3
https://media.ipsapps.org/fuh/oda/,https://media.ipsapps.org/fuh/oda/audio/636933508596303056heeferɓe.mp3,HTTPError: 404 Client Error: Not Found for url: https://media.ipsapps.org/fuh/oda/audio/636933508596303056heefer%C9%93e.mp3
https://media.ipsapps.org/fuh/oda/,https://media.ipsapps.org/fuh/oda/audio/636933495169857688harɓude.mp3,HTTPError: 404 Client Error: Not Found for url: https://media.ipsapps.org/fuh/oda/audio/636933495169857688har%C9%93ude.mp3
https://media.ipsapps.org/fuh/oda/,https://media.ipsapps.org/fuh/oda/audio/636933505038451717heɓindaade.mp3,HTTPError: 404 Client Error: Not Found for url: https://media.ipsapps.org/fuh/oda/audio/636933505038451717he%C9%93indaade.mp3
https://media.ipsapps.org/fuh/oda/,https://media.ipsapps.org/fuh/oda/audio/636934157289616280hirɓineede.mp3,HTTPError: 404 Client Error: Not Found for url: https://media.ipsapps.org/fuh/oda/audio/636934157289616280hir%C9%93ineede.mp3
https://media.ipsapps.org/fuh/oda/,https://media.ipsapps.org/fuh/oda/audio/636934197465316800hoƴƴudu.mp3,HTTPError: 404 Client Error: Not Found for url: https://media.ipsapps.org/fuh/oda/audio/636934197465316800ho%C6%B4%C6%B4udu.mp3
https://media.ipsapps.org/fuh/oda/,https://media.ipsapps.org/fuh/oda/audio/636934143248785777henndu-kuuɓundu.mp3,HTTPError: 404 Client Error: Not Found for url: https://media.ipsapps.org/fuh/oda/audio/636934143248785777henndu-kuu%C9%93undu.mp3
https://media.ipsapps.org/fuh/oda/,https://media.ipsapps.org/fuh/oda/audio/636934162144109164hoɓɓe.mp3,HTTPError: 404 Client Error: Not Found for url: https://media.ipsapps.org/fuh/oda/audio/636934162144109164ho%C9%93%C9%93e.mp3
https://media.ipsapps.org/fuh/oda/,https://media.ipsapps.org/fuh/oda/audio/636934165252866676hoɗɗude.mp3,HTTPError: 404 Client Error: Not Found for url: https://media.ipsapps.org/fuh/oda/audio/636934165252866676ho%C9%97%C9%97ude.mp3
https://media.ipsapps.org/fuh/oda/,https://media.ipsapps.org/fuh/oda/audio/636934218602393768hulɓinaade.mp3,HTTPError: 404 Client Error: Not Found for url: https://media.ipsapps.org/fuh/oda/audio/636934218602393768hul%C9%93inaade.mp3
https://media.ipsapps.org/fuh/oda/,https://media.ipsapps.org/fuh/oda/audio/636934146315079195hesiɗinde.mp3,HTTPError: 404 Client Error: Not Found for url: https://media.ipsapps.org/fuh/oda/audio/636934146315079195hesi%C9%97inde.mp3
https://media.ipsapps.org/fuh/oda/,https://media.ipsapps.org/fuh/oda/audio/636933502204746797haƴƴillowol.mp3,HTTPError: 404 Client Error: Not Found for url: https://media.ipsapps.org/fuh/oda/audio/636933502204746797ha%C6%B4%C6%B4illowol.mp3
https://media.ipsapps.org/fuh/oda/,https://media.ipsapps.org/fuh/oda/audio/636934198349754479huɓeere.mp3,HTTPError: 404 Client Error: Not Found for url: https://media.ipsapps.org/fuh/oda/audio/636934198349754479hu%C9%93eere.mp3
https://media.ipsapps.org/fuh/oda/,https://media.ipsapps.org/fuh/oda/audio/636934186454998109hooƴeede.mp3,HTTPError: 404 Client Error: Not Found for url: https://media.ipsapps.org/fuh/oda/audio/636934186454998109hoo%C6%B4eede.mp3
https://media.ipsapps.org/fuh/oda/,https://media.ipsapps.org/fuh/oda/audio/636933507045224786heɗaade.mp3,HTTPError: 404 Client Error: Not Found for url: https://media.ipsapps.org/fuh/oda/audio/636933507045224786he%C9%97aade.mp3
https://media.ipsapps.org/fuh/oda/,https://media.ipsapps.org/fuh/oda/audio/636933506318646188heccitiriiti keeŋan.mp3,HTTPError: 404 Client Error: Not Found for url: https://media.ipsapps.org/fuh/oda/audio/636933506318646188heccitiriiti%20kee%C5%8Ban.mp3
https://media.ipsapps.org/fuh/oda/,https://media.ipsapps.org/fuh/oda/audio/636934157197888112hirɓinde.mp3,HTTPError: 404 Client Error: Not Found for url: https://media.ipsapps.org/fuh/oda/audio/636934157197888112hir%C9%93inde.mp3
https://media.ipsapps.org/fuh/oda/,https://media.ipsapps.org/fuh/oda/audio/636933504684721730heɓɓude.mp3,HTTPError: 404 Client Error: Not Found for url: https://media.ipsapps.org/fuh/oda/audio/636933504684721730he%C9%93%C9%93ude.mp3
https://media.ipsapps.org/fuh/oda/,https://media.ipsapps.org/fuh/oda/audio/636934186853006362horɓe.mp3,HTTPError: 404 Client Error: Not Found for url: https://media.ipsapps.org/fuh/oda/audio/636934186853006362hor%C9%93e.mp3
https://media.ipsapps.org/fuh/oda/,https://media.ipsapps.org/fuh/oda/audio/636933508332633700heedorɗinde.mp3,HTTPError: 404 Client Error: Not Found for url: https://media.ipsapps.org/fuh/oda/audio/636933508332633700heedor%C9%97inde.mp3
https://media.ipsapps.org/fuh/oda/,https://media.ipsapps.org/fuh/oda/audio/636934199062284762huɗeede.mp3,HTTPError: 404 Client Error: Not Found for url: https://media.ipsapps.org/fuh/oda/audio/636934199062284762hu%C9%97eede.mp3
https://media.ipsapps.org/fuh/oda/,https://media.ipsapps.org/fuh/oda/audio/636934155497533277hinɗinde.mp3,HTTPError: 404 Client Error: Not Found for url: https://media.ipsapps.org/fuh/oda/audio/636934155497533277hin%C9%97inde.mp3
https://media.ipsapps.org/fuh/oda/,https://media.ipsapps.org/fuh/oda/audio/636934187085639925horɗoore.mp3,HTTPError: 404 Client Error: Not Found for url: https://media.ipsapps.org/fuh/oda/audio/636934187085639925hor%C9%97oore.mp3
https://media.ipsapps.org/fuh/oda/,https://media.ipsapps.org/fuh/oda/audio/636933505130501057heɓirde.mp3,HTTPError: 404 Client Error: Not Found for url: https://media.ipsapps.org/fuh/oda/audio/636933505130501057he%C9%93irde.mp3
https://media.ipsapps.org/fuh/oda/,https://media.ipsapps.org/fuh/oda/audio/636933482331279659halɓaango.mp3,HTTPError: 404 Client Error: Not Found for url: https://media.ipsapps.org/fuh/oda/audio/636933482331279659hal%C9%93aango.mp3
https://media.ipsapps.org/fuh/oda/,https://media.ipsapps.org/fuh/oda/audio/636933505270062095heɓtugol.mp3,HTTPError: 404 Client Error: Not Found for url: https://media.ipsapps.org/fuh/oda/audio/636933505270062095he%C9%93tugol.mp3
https://media.ipsapps.org/fuh/oda/,https://media.ipsapps.org/fuh/oda/audio/636933502109153313haƴƴillo.mp3,HTTPError: 404 Client Error: Not Found for url: https://media.ipsapps.org/fuh/oda/audio/636933502109153313ha%C6%B4%C6%B4illo.mp3
https://media.ipsapps.org/fuh/oda/,https://media.ipsapps.org/fuh/oda/audio/636933473154555929haɓɓande.mp3,HTTPError: 404 Client Error: Not Found for url: https://media.ipsapps.org/fuh/oda/audio/636933473154555929ha%C9%93%C9%93ande.mp3
https://media.ipsapps.org/fuh/oda/,https://media.ipsapps.org/fuh/oda/audio/636934148694779976hiɓɓagol.mp3,HTTPError: 404 Client Error: Not Found for url: https://media.ipsapps.org/fuh/oda/audio/636934148694779976hi%C9%93%C9%93agol.mp3
https://media.ipsapps.org/fuh/oda/,https://media.ipsapps.org/fuh/oda/audio/636934186927229642horɓude.mp3,HTTPError: 404 Client Error: Not Found for url: https://media.ipsapps.org/fuh/oda/audio/636934186927229642hor%C9%93ude.mp3
https://media.ipsapps.org/fuh/oda/,https://media.ipsapps.org/fuh/oda/audio/636933496918650623hawdaƴƴe.mp3,HTTPError: 404 Client Error: Not Found for url: https://media.ipsapps.org/fuh/oda/audio/636933496918650623hawda%C6%B4%C6%B4e.mp3
https://media.ipsapps.org/fuh/oda/,https://media.ipsapps.org/fuh/oda/audio/636933491372385896hamƴude.mp3,HTTPError: 404 Client Error: Not Found for url: https://media.ipsapps.org/fuh/oda/audio/636933491372385896ham%C6%B4ude.mp3
https://media.ipsapps.org/fuh/oda/,https://media.ipsapps.org/fuh/oda/audio/636933505666493821hecci keeŋan.mp3,HTTPError: 404 Client Error: Not Found for url: https://media.ipsapps.org/fuh/oda/audio/636933505666493821hecci%20kee%C5%8Ban.mp3
https://media.ipsapps.org/fuh/oda/,https://media.ipsapps.org/fuh/oda/audio/636934138956435499heeƴude.mp3,HTTPError: 404 Client Error: Not Found for url: https://media.ipsapps.org/fuh/oda/audio/636934138956435499hee%C6%B4ude.mp3
https://media.ipsapps.org/fuh/oda/,https://media.ipsapps.org/fuh/oda/audio/636933462596051491haaɗude.mp3,HTTPError: 404 Client Error: Not Found for url: https://media.ipsapps.org/fuh/oda/audio/636933462596051491haa%C9%97ude.mp3
https://media.ipsapps.org/fuh/oda/,https://media.ipsapps.org/fuh/oda/audio/636933474691519033haɓɓondirde.mp3,HTTPError: 404 Client Error: Not Found for url: https://media.ipsapps.org/fuh/oda/audio/636933474691519033ha%C9%93%C9%93ondirde.mp3
https://media.ipsapps.org/fuh/oda/,https://media.ipsapps.org/fuh/oda/audio/636934149279405202hiɗɗi (ko).mp3,HTTPError: 404 Client Error: Not Found for url: https://media.ipsapps.org/fuh/oda/audio/636934149279405202hi%C9%97%C9%97i%20(ko).mp3
https://media.ipsapps.org/fuh/oda/,https://media.ipsapps.org/fuh/oda/audio/636934148319979115heƴƴande.mp3,HTTPError: 404 Client Error: Not Found for url: https://media.ipsapps.org/fuh/oda/audio/636934148319979115he%C6%B4%C6%B4ande.mp3
https://media.ipsapps.org/fuh/oda/,https://media.ipsapps.org/fuh/oda/audio/636948991961661230peɗi.mp3,HTTPError: 404 Client Error: Not Found for url: https://media.ipsapps.org/fuh/oda/audio/636948991961661230pe%C9%97i.mp3
https://media.ipsapps.org/fuh/oda/,https://media.ipsapps.org/fuh/oda/audio/636949011870656411poolel boɓi.mp3,HTTPError: 404 Client Error: Not Found for url: https://media.ipsapps.org/fuh/oda/audio/636949011870656411poolel%20bo%C9%93i.mp3
https://media.ipsapps.org/fuh/oda/,https://media.ipsapps.org/fuh/oda/audio/636948991650886166payanɗe.mp3,HTTPError: 404 Client Error: Not Found for url: https://media.ipsapps.org/fuh/oda/audio/636948991650886166payan%C9%97e.mp3
https://media.ipsapps.org/fuh/oda/,https://media.ipsapps.org/fuh/oda/audio/636949012257812247poorooɗe.mp3,HTTPError: 404 Client Error: Not Found for url: https://media.ipsapps.org/fuh/oda/audio/636949012257812247pooroo%C9%97e.mp3
https://media.ipsapps.org/fuh/oda/,https://media.ipsapps.org/fuh/oda/audio/636949015501712542purƴaade.mp3,HTTPError: 404 Client Error: Not Found for url: https://media.ipsapps.org/fuh/oda/audio/636949015501712542pur%C6%B4aade.mp3
https://media.ipsapps.org/fuh/oda/,https://media.ipsapps.org/fuh/oda/audio/636949003059320935pesooɗe yeeso.mp3,HTTPError: 404 Client Error: Not Found for url: https://media.ipsapps.org/fuh/oda/audio/636949003059320935pesoo%C9%97e%20yeeso.mp3
https://media.ipsapps.org/fuh/oda/,https://media.ipsapps.org/fuh/oda/audio/636948992204286596peeruɗo.mp3,HTTPError: 404 Client Error: Not Found for url: https://media.ipsapps.org/fuh/oda/audio/636948992204286596peeru%C9%97o.mp3
https://media.ipsapps.org/fuh/oda/,https://media.ipsapps.org/fuh/oda/audio/636948993364405333peŋelel.mp3,HTTPError: 404 Client Error: Not Found for url: https://media.ipsapps.org/fuh/oda/audio/636948993364405333pe%C5%8Belel.mp3
https://media.ipsapps.org/fuh/oda/,https://media.ipsapps.org/fuh/oda/audio/636948990543310530parritiiɗo.mp3,HTTPError: 404 Client Error: Not Found for url: https://media.ipsapps.org/fuh/oda/audio/636948990543310530parritii%C9%97o.mp3
https://media.ipsapps.org/fuh/oda/,https://media.ipsapps.org/fuh/oda/audio/636949016053040860puuɗel.mp3,HTTPError: 404 Client Error: Not Found for url: https://media.ipsapps.org/fuh/oda/audio/636949016053040860puu%C9%97el.mp3
https://media.ipsapps.org/fuh/oda/,https://media.ipsapps.org/fuh/oda/audio/636949005852983569pittirɗi.mp3,HTTPError: 404 Client Error: Not Found for url: https://media.ipsapps.org/fuh/oda/audio/636949005852983569pittir%C9%97i.mp3
https://media.ipsapps.org/fuh/oda/,https://media.ipsapps.org/fuh/oda/audio/636949012963730329pooƴuɗo.mp3,HTTPError: 404 Client Error: Not Found for url: https://media.ipsapps.org/fuh/oda/audio/636949012963730329poo%C6%B4u%C9%97o.mp3
https://media.ipsapps.org/fuh/oda/,https://media.ipsapps.org/fuh/oda/audio/636949002738789408peruɗo.mp3,HTTPError: 404 Client Error: Not Found for url: https://media.ipsapps.org/fuh/oda/audio/636949002738789408peru%C9%97o.mp3
https://media.ipsapps.org/fuh/oda/,https://media.ipsapps.org/fuh/oda/audio/636949010356753581polaɓala.mp3,HTTPError: 404 Client Error: Not Found for url: https://media.ipsapps.org/fuh/oda/audio/636949010356753581pola%C9%93ala.mp3
https://media.ipsapps.org/fuh/oda/,https://media.ipsapps.org/fuh/oda/audio/636949004585485164piisirɗi.mp3,HTTPError: 404 Client Error: Not Found for url: https://media.ipsapps.org/fuh/oda/audio/636949004585485164piisir%C9%97i.mp3
https://media.ipsapps.org/fuh/oda/,https://media.ipsapps.org/fuh/oda/audio/636949006117852276piyanɗe.mp3,HTTPError: 404 Client Error: Not Found for url: https://media.ipsapps.org/fuh/oda/audio/636949006117852276piyan%C9%97e.mp3
https://media.ipsapps.org/fuh/oda/,https://media.ipsapps.org/fuh/oda/audio/636949003400030652piɓe.mp3,HTTPError: 404 Client Error: Not Found for url: https://media.ipsapps.org/fuh/oda/audio/636949003400030652pi%C9%93e.mp3
https://media.ipsapps.org/fuh/oda/,https://media.ipsapps.org/fuh/oda/audio/636949020078814025puuyɗo.mp3,HTTPError: 404 Client Error: Not Found for url: https://media.ipsapps.org/fuh/oda/audio/636949020078814025puuy%C9%97o.mp3
https://media.ipsapps.org/fuh/oda/,https://media.ipsapps.org/fuh/oda/audio/636948989418540332pamɗuɗo miilo.mp3,HTTPError: 404 Client Error: Not Found for url: https://media.ipsapps.org/fuh/oda/audio/636948989418540332pam%C9%97u%C9%97o%20miilo.mp3
https://media.ipsapps.org/fuh/oda/,https://media.ipsapps.org/fuh/oda/audio/636948992150389745peeɗeengu.mp3,HTTPError: 404 Client Error: Not Found for url: https://media.ipsapps.org/fuh/oda/audio/636948992150389745pee%C9%97eengu.mp3
https://media.ipsapps.org/fuh/oda/,https://media.ipsapps.org/fuh/oda/audio/636948989243556266paltotooɗo.mp3,HTTPError: 404 Client Error: Not Found for url: https://media.ipsapps.org/fuh/oda/audio/636948989243556266paltotoo%C9%97o.mp3
https://media.ipsapps.org/fuh/oda/,https://media.ipsapps.org/fuh/oda/audio/636948992012155864peɗooɗe.mp3,HTTPError: 404 Client Error: Not Found for url: https://media.ipsapps.org/fuh/oda/audio/636948992012155864pe%C9%97oo%C9%97e.mp3
https://media.ipsapps.org/fuh/oda/,https://media.ipsapps.org/fuh/oda/audio/636949003954785403piɗooyel.mp3,HTTPError: 404 Client Error: Not Found for url: https://media.ipsapps.org/fuh/oda/audio/636949003954785403pi%C9%97ooyel.mp3
https://media.ipsapps.org/fuh/oda/,https://media.ipsapps.org/fuh/oda/audio/636948988356942297paggorɗe.mp3,HTTPError: 404 Client Error: Not Found for url: https://media.ipsapps.org/fuh/oda/audio/636948988356942297paggor%C9%97e.mp3
https://media.ipsapps.org/fuh/oda/,https://media.ipsapps.org/fuh/oda/audio/636949014293942680puɗɗitan lekkol.mp3,HTTPError: 404 Client Error: Not Found for url: https://media.ipsapps.org/fuh/oda/audio/636949014293942680pu%C9%97%C9%97itan%20lekkol.mp3
https://media.ipsapps.org/fuh/oda/,https://media.ipsapps.org/fuh/oda/audio/636948987920908715paddaaɗo.mp3,HTTPError: 404 Client Error: Not Found for url: https://media.ipsapps.org/fuh/oda/audio/636948987920908715paddaa%C9%97o.mp3
https://media.ipsapps.org/fuh/oda/,https://media.ipsapps.org/fuh/oda/audio/636949014031209141puɗal naange.mp3,HTTPError: 404 Client Error: Not Found for url: https://media.ipsapps.org/fuh/oda/audio/636949014031209141pu%C9%97al%20naange.mp3
https://media.ipsapps.org/fuh/oda/,https://media.ipsapps.org/fuh/oda/audio/636949004095414147piiɗe.mp3,HTTPError: 404 Client Error: Not Found for url: https://media.ipsapps.org/fuh/oda/audio/636949004095414147pii%C9%97e.mp3
https://media.ipsapps.org/fuh/oda/,https://media.ipsapps.org/fuh/oda/audio/636949002999628940pesooɗe.mp3,HTTPError: 404 Client Error: Not Found for url: https://media.ipsapps.org/fuh/oda/audio/636949002999628940pesoo%C9%97e.mp3
https://media.ipsapps.org/fuh/oda/,https://media.ipsapps.org/fuh/oda/audio/636948991823998212peɗeeli.mp3,HTTPError: 404 Client Error: Not Found for url: https://media.ipsapps.org/fuh/oda/audio/636948991823998212pe%C9%97eeli.mp3
https://media.ipsapps.org/fuh/oda/,https://media.ipsapps.org/fuh/oda/audio/636948988220136580paɗe.mp3,HTTPError: 404 Client Error: Not Found for url: https://media.ipsapps.org/fuh/oda/audio/636948988220136580pa%C9%97e.mp3
https://media.ipsapps.org/fuh/oda/,https://media.ipsapps.org/fuh/oda/audio/636949020215845660puƴe.mp3,HTTPError: 404 Client Error: Not Found for url: https://media.ipsapps.org/fuh/oda/audio/636949020215845660pu%C6%B4e.mp3
https://media.ipsapps.org/fuh/oda/,https://media.ipsapps.org/fuh/oda/audio/636949015285691087pureegayel durooɓe.mp3,HTTPError: 404 Client Error: Not Found for url: https://media.ipsapps.org/fuh/oda/audio/636949015285691087pureegayel%20duroo%C9%93e.mp3
https://media.ipsapps.org/fuh/oda/,https://media.ipsapps.org/fuh/oda/audio/636948991902057263peɗeendu.mp3,HTTPError: 404 Client Error: Not Found for url: https://media.ipsapps.org/fuh/oda/audio/636948991902057263pe%C9%97eendu.mp3
https://media.ipsapps.org/fuh/oda/,https://media.ipsapps.org/fuh/oda/audio/636948989175308145palondirɗi.mp3,HTTPError: 404 Client Error: Not Found for url: https://media.ipsapps.org/fuh/oda/audio/636948989175308145palondir%C9%97i.mp3
https://media.ipsapps.org/fuh/oda/,https://media.ipsapps.org/fuh/oda/audio/636948988161407653paɗɗe.mp3,HTTPError: 404 Client Error: Not Found for url: https://media.ipsapps.org/fuh/oda/audio/636948988161407653pa%C9%97%C9%97e.mp3
https://media.ipsapps.org/fuh/oda/,https://media.ipsapps.org/fuh/oda/audio/636949017063896757puukooɗe.mp3,HTTPError: 404 Client Error: Not Found for url: https://media.ipsapps.org/fuh/oda/audio/636949017063896757puukoo%C9%97e.mp3
https://media.ipsapps.org/fuh/oda/,https://media.ipsapps.org/fuh/oda/audio/636949006305061922poɗo.mp3,HTTPError: 404 Client Error: Not Found for url: https://media.ipsapps.org/fuh/oda/audio/636949006305061922po%C9%97o.mp3
https://media.ipsapps.org/fuh/oda/,https://media.ipsapps.org/fuh/oda/audio/636915504621354853ɓurude.mp3,HTTPError: 404 Client Error: Not Found for url: https://media.ipsapps.org/fuh/oda/audio/636915504621354853%C9%93urude.mp3
https://media.ipsapps.org/fuh/oda/,https://media.ipsapps.org/fuh/oda/audio/636948987706155012paɓɓe.mp3,HTTPError: 404 Client Error: Not Found for url: https://media.ipsapps.org/fuh/oda/audio/636948987706155012pa%C9%93%C9%93e.mp3
https://media.ipsapps.org/fuh/oda/,https://media.ipsapps.org/fuh/oda/audio/636912225211031199ɓoortannde.mp3,HTTPError: 404 Client Error: Not Found for url: https://media.ipsapps.org/fuh/oda/audio/636912225211031199%C9%93oortannde.mp3
https://media.ipsapps.org/fuh/oda/,https://media.ipsapps.org/fuh/oda/audio/636949003612419705piɗe.mp3,HTTPError: 404 Client Error: Not Found for url: https://media.ipsapps.org/fuh/oda/audio/636949003612419705pi%C9%97e.mp3
https://media.ipsapps.org/fuh/oda/,https://media.ipsapps.org/fuh/oda/audio/636910202818018511ɓanginde.mp3,HTTPError: 404 Client Error: Not Found for url: https://media.ipsapps.org/fuh/oda/audio/636910202818018511%C9%93anginde.mp3
https://media.ipsapps.org/fuh/oda/,https://media.ipsapps.org/fuh/oda/audio/636915503969773960ɓurneede.mp3,HTTPError: 404 Client Error: Not Found for url: https://media.ipsapps.org/fuh/oda/audio/636915503969773960%C9%93urneede.mp3
https://media.ipsapps.org/fuh/oda/,https://media.ipsapps.org/fuh/oda/audio/636912223661924222ɓoola.mp3,HTTPError: 404 Client Error: Not Found for url: https://media.ipsapps.org/fuh/oda/audio/636912223661924222%C9%93oola.mp3
https://media.ipsapps.org/fuh/oda/,https://media.ipsapps.org/fuh/oda/audio/636910272287514287ɓattondirde.mp3,HTTPError: 404 Client Error: Not Found for url: https://media.ipsapps.org/fuh/oda/audio/636910272287514287%C9%93attondirde.mp3
https://media.ipsapps.org/fuh/oda/,https://media.ipsapps.org/fuh/oda/audio/636912209598853984ɓoggol-leydi.mp3,HTTPError: 404 Client Error: Not Found for url: https://media.ipsapps.org/fuh/oda/audio/636912209598853984%C9%93oggol-leydi.mp3
https://media.ipsapps.org/fuh/oda/,https://media.ipsapps.org/fuh/oda/audio/636910276180037613ɓe.mp3,HTTPError: 404 Client Error: Not Found for url: https://media.ipsapps.org/fuh/oda/audio/636910276180037613%C9%93e.mp3
https://media.ipsapps.org/fuh/oda/,https://media.ipsapps.org/fuh/oda/audio/636912224504411761ɓoominde.mp3,HTTPError: 404 Client Error: Not Found for url: https://media.ipsapps.org/fuh/oda/audio/636912224504411761%C9%93oominde.mp3
https://media.ipsapps.org/fuh/oda/,https://media.ipsapps.org/fuh/oda/audio/636912213878083384ɓoldeeru.mp3,HTTPError: 404 Client Error: Not Found for url: https://media.ipsapps.org/fuh/oda/audio/636912213878083384%C9%93oldeeru.mp3
https://media.ipsapps.org/fuh/oda/,https://media.ipsapps.org/fuh/oda/audio/636915510107338236ɓuusoonde.mp3,HTTPError: 404 Client Error: Not Found for url: https://media.ipsapps.org/fuh/oda/audio/636915510107338236%C9%93uusoonde.mp3
https://media.ipsapps.org/fuh/oda/,https://media.ipsapps.org/fuh/oda/audio/636912224094111720ɓooltannde.mp3,HTTPError: 404 Client Error: Not Found for url: https://media.ipsapps.org/fuh/oda/audio/636912224094111720%C9%93ooltannde.mp3
https://media.ipsapps.org/fuh/oda/,https://media.ipsapps.org/fuh/oda/audio/636910269108043811ɓataaki.mp3,HTTPError: 404 Client Error: Not Found for url: https://media.ipsapps.org/fuh/oda/audio/636910269108043811%C9%93ataaki.mp3
https://media.ipsapps.org/fuh/oda/,https://media.ipsapps.org/fuh/oda/audio/636912214678233334ɓolmiɗidde.mp3,HTTPError: 404 Client Error: Not Found for url: https://media.ipsapps.org/fuh/oda/audio/636912214678233334%C9%93olmi%C9%97idde.mp3
https://media.ipsapps.org/fuh/oda/,https://media.ipsapps.org/fuh/oda/audio/636910280164962217ɓeeɓude.mp3,HTTPError: 404 Client Error: Not Found for url: https://media.ipsapps.org/fuh/oda/audio/636910280164962217%C9%93ee%C9%93ude.mp3
https://media.ipsapps.org/fuh/oda/,https://media.ipsapps.org/fuh/oda/audio/636912214940030049ɓolndu.mp3,HTTPError: 404 Client Error: Not Found for url: https://media.ipsapps.org/fuh/oda/audio/636912214940030049%C9%93olndu.mp3
https://media.ipsapps.org/fuh/oda/,https://media.ipsapps.org/fuh/oda/audio/636912198587867786ɓireteenge.mp3,HTTPError: 404 Client Error: Not Found for url: https://media.ipsapps.org/fuh/oda/audio/636912198587867786%C9%93ireteenge.mp3
https://media.ipsapps.org/fuh/oda/,https://media.ipsapps.org/fuh/oda/audio/636912225583502756ɓoosiɗinde.mp3,HTTPError: 404 Client Error: Not Found for url: https://media.ipsapps.org/fuh/oda/audio/636912225583502756%C9%93oosi%C9%97inde.mp3
https://media.ipsapps.org/fuh/oda/,https://media.ipsapps.org/fuh/oda/audio/636911100494945805ɓeye.mp3,HTTPError: 404 Client Error: Not Found for url: https://media.ipsapps.org/fuh/oda/audio/636911100494945805%C9%93eye.mp3
https://media.ipsapps.org/fuh/oda/,https://media.ipsapps.org/fuh/oda/audio/636912224001115297ɓooltaade.mp3,HTTPError: 404 Client Error: Not Found for url: https://media.ipsapps.org/fuh/oda/audio/636912224001115297%C9%93ooltaade.mp3
https://media.ipsapps.org/fuh/oda/,https://media.ipsapps.org/fuh/oda/audio/636912191043138359ɓii-ƴiiƴam danewel.mp3,HTTPError: 404 Client Error: Not Found for url: https://media.ipsapps.org/fuh/oda/audio/636912191043138359%C9%93ii-%C6%B4ii%C6%B4am%20danewel.mp3
https://media.ipsapps.org/fuh/oda/,https://media.ipsapps.org/fuh/oda/audio/636910203420066123ɓaŋinde.mp3,HTTPError: 404 Client Error: Not Found for url: https://media.ipsapps.org/fuh/oda/audio/636910203420066123%C9%93a%C5%8Binde.mp3
https://media.ipsapps.org/fuh/oda/,https://media.ipsapps.org/fuh/oda/audio/636912226494718166ɓooyeefi.mp3,HTTPError: 404 Client Error: Not Found for url: https://media.ipsapps.org/fuh/oda/audio/636912226494718166%C9%93ooyeefi.mp3
https://media.ipsapps.org/fuh/oda/,https://media.ipsapps.org/fuh/oda/audio/636911098643620340ɓerninde.mp3,HTTPError: 404 Client Error: Not Found for url: https://media.ipsapps.org/fuh/oda/audio/636911098643620340%C9%93erninde.mp3
https://media.ipsapps.org/fuh/oda/,https://media.ipsapps.org/fuh/oda/audio/636912190943393124ɓii-ƴiiƴam boɗewel.mp3,HTTPError: 404 Client Error: Not Found for url: https://media.ipsapps.org/fuh/oda/audio/636912190943393124%C9%93ii-%C6%B4ii%C6%B4am%20bo%C9%97ewel.mp3
https://media.ipsapps.org/fuh/oda/,https://media.ipsapps.org/fuh/oda/audio/636915509483703681ɓuure.mp3,HTTPError: 404 Client Error: Not Found for url: https://media.ipsapps.org/fuh/oda/audio/636915509483703681%C9%93uure.mp3
https://media.ipsapps.org/fuh/oda/,https://media.ipsapps.org/fuh/oda/audio/636912227374295663ɓoptude.mp3,HTTPError: 404 Client Error: Not Found for url: https://media.ipsapps.org/fuh/oda/audio/636912227374295663%C9%93optude.mp3
https://media.ipsapps.org/fuh/oda/,https://media.ipsapps.org/fuh/oda/audio/636912233044101867ɓuɗnga.mp3,HTTPError: 404 Client Error: Not Found for url: https://media.ipsapps.org/fuh/oda/audio/636912233044101867%C9%93u%C9%97nga.mp3
https://media.ipsapps.org/fuh/oda/,https://media.ipsapps.org/fuh/oda/audio/636911098408517355ɓernde.mp3,HTTPError: 404 Client Error: Not Found for url: https://media.ipsapps.org/fuh/oda/audio/636911098408517355%C9%93ernde.mp3
https://media.ipsapps.org/fuh/oda/,https://media.ipsapps.org/fuh/oda/audio/636912225701679235ɓoosinɗinde.mp3,HTTPError: 404 Client Error: Not Found for url: https://media.ipsapps.org/fuh/oda/audio/636912225701679235%C9%93oosin%C9%97inde.mp3
https://media.ipsapps.org/fuh/oda/,https://media.ipsapps.org/fuh/oda/audio/636915497108871719ɓujiri.mp3,HTTPError: 404 Client Error: Not Found for url: https://media.ipsapps.org/fuh/oda/audio/636915497108871719%C9%93ujiri.mp3
https://media.ipsapps.org/fuh/oda/,https://media.ipsapps.org/fuh/oda/audio/636912190004317605ɓii yitere.mp3,HTTPError: 404 Client Error: Not Found for url: https://media.ipsapps.org/fuh/oda/audio/636912190004317605%C9%93ii%20yitere.mp3
https://media.ipsapps.org/fuh/oda/,https://media.ipsapps.org/fuh/oda/audio/636915501282318877ɓulude.mp3,HTTPError: 404 Client Error: Not Found for url: https://media.ipsapps.org/fuh/oda/audio/636915501282318877%C9%93ulude.mp3
https://media.ipsapps.org/fuh/oda/,https://media.ipsapps.org/fuh/oda/audio/636912230573867079ɓottude.mp3,HTTPError: 404 Client Error: Not Found for url: https://media.ipsapps.org/fuh/oda/audio/636912230573867079%C9%93ottude.mp3
https://media.ipsapps.org/fuh/oda/,https://media.ipsapps.org/fuh/oda/audio/636909427215220472ɓaaru.mp3,HTTPError: 404 Client Error: Not Found for url: https://media.ipsapps.org/fuh/oda/audio/636909427215220472%C9%93aaru.mp3
https://media.ipsapps.org/fuh/oda/,https://media.ipsapps.org/fuh/oda/audio/636911098916562424ɓernude.mp3,HTTPError: 404 Client Error: Not Found for url: https://media.ipsapps.org/fuh/oda/audio/636911098916562424%C9%93ernude.mp3
https://media.ipsapps.org/fuh/oda/,https://media.ipsapps.org/fuh/oda/audio/636915499689893183ɓulɓi.mp3,HTTPError: 404 Client Error: Not Found for url: https://media.ipsapps.org/fuh/oda/audio/636915499689893183%C9%93ul%C9%93i.mp3
https://media.ipsapps.org/fuh/oda/,https://media.ipsapps.org/fuh/oda/audio/636909428910216547ɓaaƴude.mp3,HTTPError: 404 Client Error: Not Found for url: https://media.ipsapps.org/fuh/oda/audio/636909428910216547%C9%93aa%C6%B4ude.mp3
https://media.ipsapps.org/fuh/oda/,https://media.ipsapps.org/fuh/oda/audio/636911099528639011ɓeturu.mp3,HTTPError: 404 Client Error: Not Found for url: https://media.ipsapps.org/fuh/oda/audio/636911099528639011%C9%93eturu.mp3
https://media.ipsapps.org/fuh/oda/,https://media.ipsapps.org/fuh/oda/audio/636915514680902540ɓuƴude semmbe.mp3,HTTPError: 404 Client Error: Not Found for url: https://media.ipsapps.org/fuh/oda/audio/636915514680902540%C9%93u%C6%B4ude%20semmbe.mp3
https://media.ipsapps.org/fuh/oda/,https://media.ipsapps.org/fuh/oda/audio/636910206830773313ɓanndu njanandu.mp3,HTTPError: 404 Client Error: Not Found for url: https://media.ipsapps.org/fuh/oda/audio/636910206830773313%C9%93anndu%20njanandu.mp3
https://media.ipsapps.org/fuh/oda/,https://media.ipsapps.org/fuh/oda/audio/636912229567587197ɓorwuɗum.mp3,HTTPError: 404 Client Error: Not Found for url: https://media.ipsapps.org/fuh/oda/audio/636912229567587197%C9%93orwu%C9%97um.mp3
https://media.ipsapps.org/fuh/oda/,https://media.ipsapps.org/fuh/oda/audio/636912187315215840ɓiɗɗo bonɗo.mp3,HTTPError: 404 Client Error: Not Found for url: https://media.ipsapps.org/fuh/oda/audio/636912187315215840%C9%93i%C9%97%C9%97o%20bon%C9%97o.mp3
https://media.ipsapps.org/fuh/oda/,https://media.ipsapps.org/fuh/oda/audio/636915503716124921ɓuriwalaa.mp3,HTTPError: 404 Client Error: Not Found for url: https://media.ipsapps.org/fuh/oda/audio/636915503716124921%C9%93uriwalaa.mp3
https://media.ipsapps.org/fuh/oda/,https://media.ipsapps.org/fuh/oda/audio/636915514296924145ɓuytaade.mp3,HTTPError: 404 Client Error: Not Found for url: https://media.ipsapps.org/fuh/oda/audio/636915514296924145%C9%93uytaade.mp3
https://media.ipsapps.org/fuh/oda/,https://media.ipsapps.org/fuh/oda/audio/636912213683229185ɓolaade.mp3,HTTPError: 404 Client Error: Not Found for url: https://media.ipsapps.org/fuh/oda/audio/636912213683229185%C9%93olaade.mp3
https://media.ipsapps.org/fuh/oda/,https://media.ipsapps.org/fuh/oda/audio/636912223559179205ɓoohi.mp3,HTTPError: 404 Client Error: Not Found for url: https://media.ipsapps.org/fuh/oda/audio/636912223559179205%C9%93oohi.mp3
https://media.ipsapps.org/fuh/oda/,https://media.ipsapps.org/fuh/oda/audio/636912224573437914ɓoomude.mp3,HTTPError: 404 Client Error: Not Found for url: https://media.ipsapps.org/fuh/oda/audio/636912224573437914%C9%93oomude.mp3
https://media.ipsapps.org/fuh/oda/,https://media.ipsapps.org/fuh/oda/audio/636912230737448559ɓowde.mp3,HTTPError: 404 Client Error: Not Found for url: https://media.ipsapps.org/fuh/oda/audio/636912230737448559%C9%93owde.mp3
https://media.ipsapps.org/fuh/oda/,https://media.ipsapps.org/fuh/oda/audio/636909434583140595ɓaggaade.mp3,HTTPError: 404 Client Error: Not Found for url: https://media.ipsapps.org/fuh/oda/audio/636909434583140595%C9%93aggaade.mp3
https://media.ipsapps.org/fuh/oda/,https://media.ipsapps.org/fuh/oda/audio/636912189623367047ɓii ɓernde.mp3,HTTPError: 404 Client Error: Not Found for url: https://media.ipsapps.org/fuh/oda/audio/636912189623367047%C9%93ii%20%C9%93ernde.mp3
https://media.ipsapps.org/fuh/oda/,https://media.ipsapps.org/fuh/oda/audio/636911099458901046ɓeta.mp3,HTTPError: 404 Client Error: Not Found for url: https://media.ipsapps.org/fuh/oda/audio/636911099458901046%C9%93eta.mp3
https://media.ipsapps.org/fuh/oda/,https://media.ipsapps.org/fuh/oda/audio/636909427309250662ɓaarude.mp3,HTTPError: 404 Client Error: Not Found for url: https://media.ipsapps.org/fuh/oda/audio/636909427309250662%C9%93aarude.mp3
https://media.ipsapps.org/fuh/oda/,https://media.ipsapps.org/fuh/oda/audio/636910283607072117ɓellere.mp3,HTTPError: 404 Client Error: Not Found for url: https://media.ipsapps.org/fuh/oda/audio/636910283607072117%C9%93ellere.mp3
https://media.ipsapps.org/fuh/oda/,https://media.ipsapps.org/fuh/oda/audio/636912229275742680ɓortude.mp3,HTTPError: 404 Client Error: Not Found for url: https://media.ipsapps.org/fuh/oda/audio/636912229275742680%C9%93ortude.mp3
https://media.ipsapps.org/fuh/oda/,https://media.ipsapps.org/fuh/oda/audio/636911099909100008ɓeydondirde.mp3,HTTPError: 404 Client Error: Not Found for url: https://media.ipsapps.org/fuh/oda/audio/636911099909100008%C9%93eydondirde.mp3
https://media.ipsapps.org/fuh/oda/,https://media.ipsapps.org/fuh/oda/audio/636912189441861373ɓii aadama.mp3,HTTPError: 404 Client Error: Not Found for url: https://media.ipsapps.org/fuh/oda/audio/636912189441861373%C9%93ii%20aadama.mp3
https://media.ipsapps.org/fuh/oda/,https://media.ipsapps.org/fuh/oda/audio/636912228100599919ɓoreede.mp3,HTTPError: 404 Client Error: Not Found for url: https://media.ipsapps.org/fuh/oda/audio/636912228100599919%C9%93oreede.mp3
https://media.ipsapps.org/fuh/oda/,https://media.ipsapps.org/fuh/oda/audio/636912222692191965ɓoodude.mp3,HTTPError: 404 Client Error: Not Found for url: https://media.ipsapps.org/fuh/oda/audio/636912222692191965%C9%93oodude.mp3
https://media.ipsapps.org/fuh/oda/,https://media.ipsapps.org/fuh/oda/audio/636912215753910401ɓolum.mp3,HTTPError: 404 Client Error: Not Found for url: https://media.ipsapps.org/fuh/oda/audio/636912215753910401%C9%93olum.mp3
https://media.ipsapps.org/fuh/oda/,https://media.ipsapps.org/fuh/oda/audio/636909425963493896ɓaanaade.mp3,HTTPError: 404 Client Error: Not Found for url: https://media.ipsapps.org/fuh/oda/audio/636909425963493896%C9%93aanaade.mp3
https://media.ipsapps.org/fuh/oda/,https://media.ipsapps.org/fuh/oda/audio/636915503121644350ɓurande.mp3,HTTPError: 404 Client Error: Not Found for url: https://media.ipsapps.org/fuh/oda/audio/636915503121644350%C9%93urande.mp3
https://media.ipsapps.org/fuh/oda/,https://media.ipsapps.org/fuh/oda/audio/636915504553460276ɓurtude.mp3,HTTPError: 404 Client Error: Not Found for url: https://media.ipsapps.org/fuh/oda/audio/636915504553460276%C9%93urtude.mp3
https://media.ipsapps.org/fuh/oda/,https://media.ipsapps.org/fuh/oda/audio/636912224741603521ɓoornaade.mp3,HTTPError: 404 Client Error: Not Found for url: https://media.ipsapps.org/fuh/oda/audio/636912224741603521%C9%93oornaade.mp3
https://media.ipsapps.org/fuh/oda/,https://media.ipsapps.org/fuh/oda/audio/636910202399387856ɓangal.mp3,HTTPError: 404 Client Error: Not Found for url: https://media.ipsapps.org/fuh/oda/audio/636910202399387856%C9%93angal.mp3
https://media.ipsapps.org/fuh/oda/,https://media.ipsapps.org/fuh/oda/audio/636910276022748832ɓayude.mp3,HTTPError: 404 Client Error: Not Found for url: https://media.ipsapps.org/fuh/oda/audio/636910276022748832%C9%93ayude.mp3
https://media.ipsapps.org/fuh/oda/,https://media.ipsapps.org/fuh/oda/audio/636912189524143963ɓii bappaanyo.mp3,HTTPError: 404 Client Error: Not Found for url: https://media.ipsapps.org/fuh/oda/audio/636912189524143963%C9%93ii%20bappaanyo.mp3
https://media.ipsapps.org/fuh/oda/,https://media.ipsapps.org/fuh/oda/audio/636911100838861046ɓeynude.mp3,HTTPError: 404 Client Error: Not Found for url: https://media.ipsapps.org/fuh/oda/audio/636911100838861046%C9%93eynude.mp3
https://media.ipsapps.org/fuh/oda/,https://media.ipsapps.org/fuh/oda/audio/636915509627033244ɓuure ɓaleere.mp3,HTTPError: 404 Client Error: Not Found for url: https://media.ipsapps.org/fuh/oda/audio/636915509627033244%C9%93uure%20%C9%93aleere.mp3
https://media.ipsapps.org/fuh/oda/,https://media.ipsapps.org/fuh/oda/audio/636915513592893333ɓuygi.mp3,HTTPError: 404 Client Error: Not Found for url: https://media.ipsapps.org/fuh/oda/audio/636915513592893333%C9%93uygi.mp3
https://media.ipsapps.org/fuh/oda/,https://media.ipsapps.org/fuh/oda/audio/636915506219628407ɓuttiɗinde.mp3,HTTPError: 404 Client Error: Not Found for url: https://media.ipsapps.org/fuh/oda/audio/636915506219628407%C9%93utti%C9%97inde.mp3
https://media.ipsapps.org/fuh/oda/,https://media.ipsapps.org/fuh/oda/audio/636915502913258217ɓunndu yiite.mp3,HTTPError: 404 Client Error: Not Found for url: https://media.ipsapps.org/fuh/oda/audio/636915502913258217%C9%93unndu%20yiite.mp3
https://media.ipsapps.org/fuh/oda/,https://media.ipsapps.org/fuh/oda/audio/636910202323511319ɓaŋeede.mp3,HTTPError: 404 Client Error: Not Found for url: https://media.ipsapps.org/fuh/oda/audio/636910202323511319%C9%93a%C5%8Beede.mp3
https://media.ipsapps.org/fuh/oda/,https://media.ipsapps.org/fuh/oda/audio/636912220797067244ɓooɗde-ndiyam.mp3,HTTPError: 404 Client Error: Not Found for url: https://media.ipsapps.org/fuh/oda/audio/636912220797067244%C9%93oo%C9%97de-ndiyam.mp3
https://media.ipsapps.org/fuh/oda/,https://media.ipsapps.org/fuh/oda/audio/636912197641438599ɓinnyude.mp3,HTTPError: 404 Client Error: Not Found for url: https://media.ipsapps.org/fuh/oda/audio/636912197641438599%C9%93innyude.mp3
https://media.ipsapps.org/fuh/oda/,https://media.ipsapps.org/fuh/oda/audio/636915507846475097ɓuuddi.mp3,HTTPError: 404 Client Error: Not Found for url: https://media.ipsapps.org/fuh/oda/audio/636915507846475097%C9%93uuddi.mp3
https://media.ipsapps.org/fuh/oda/,https://media.ipsapps.org/fuh/oda/audio/636912197378632267ɓinngel keccel.mp3,HTTPError: 404 Client Error: Not Found for url: https://media.ipsapps.org/fuh/oda/audio/636912197378632267%C9%93inngel%20keccel.mp3
https://media.ipsapps.org/fuh/oda/,https://media.ipsapps.org/fuh/oda/audio/636915504393756397ɓursirde.mp3,HTTPError: 404 Client Error: Not Found for url: https://media.ipsapps.org/fuh/oda/audio/636915504393756397%C9%93ursirde.mp3
https://media.ipsapps.org/fuh/oda/,https://media.ipsapps.org/fuh/oda/audio/636911100628261841ɓeyngu.mp3,HTTPError: 404 Client Error: Not Found for url: https://media.ipsapps.org/fuh/oda/audio/636911100628261841%C9%93eyngu.mp3
https://media.ipsapps.org/fuh/oda/,https://media.ipsapps.org/fuh/oda/audio/636909435114245062ɓaggude.mp3,HTTPError: 404 Client Error: Not Found for url: https://media.ipsapps.org/fuh/oda/audio/636909435114245062%C9%93aggude.mp3
https://media.ipsapps.org/fuh/oda/,https://media.ipsapps.org/fuh/oda/audio/636915507371850030ɓuuɓude.mp3,HTTPError: 404 Client Error: Not Found for url: https://media.ipsapps.org/fuh/oda/audio/636915507371850030%C9%93uu%C9%93ude.mp3
https://media.ipsapps.org/fuh/oda/,https://media.ipsapps.org/fuh/oda/audio/636910280293530332ɓeeɓugol.mp3,HTTPError: 404 Client Error: Not Found for url: https://media.ipsapps.org/fuh/oda/audio/636910280293530332%C9%93ee%C9%93ugol.mp3
https://media.ipsapps.org/fuh/oda/,https://media.ipsapps.org/fuh/oda/audio/636912226827404058ɓooyre.mp3,HTTPError: 404 Client Error: Not Found for url: https://media.ipsapps.org/fuh/oda/audio/636912226827404058%C9%93ooyre.mp3
https://media.ipsapps.org/fuh/oda/,https://media.ipsapps.org/fuh/oda/audio/636910279935764770ɓeeɓtude.mp3,HTTPError: 404 Client Error: Not Found for url: https://media.ipsapps.org/fuh/oda/audio/636910279935764770%C9%93ee%C9%93tude.mp3
https://media.ipsapps.org/fuh/oda/,https://media.ipsapps.org/fuh/oda/audio/636912195062080966ɓillaare.mp3,HTTPError: 404 Client Error: Not Found for url: https://media.ipsapps.org/fuh/oda/audio/636912195062080966%C9%93illaare.mp3
https://media.ipsapps.org/fuh/oda/,https://media.ipsapps.org/fuh/oda/audio/636912189723619987ɓii ladde.mp3,HTTPError: 404 Client Error: Not Found for url: https://media.ipsapps.org/fuh/oda/audio/636912189723619987%C9%93ii%20ladde.mp3
https://media.ipsapps.org/fuh/oda/,https://media.ipsapps.org/fuh/oda/audio/636912187482426304ɓiɗɗo gorko.mp3,HTTPError: 404 Client Error: Not Found for url: https://media.ipsapps.org/fuh/oda/audio/636912187482426304%C9%93i%C9%97%C9%97o%20gorko.mp3
https://media.ipsapps.org/fuh/oda/,https://media.ipsapps.org/fuh/oda/audio/636912230178707177ɓotel.mp3,HTTPError: 404 Client Error: Not Found for url: https://media.ipsapps.org/fuh/oda/audio/636912230178707177%C9%93otel.mp3
https://media.ipsapps.org/fuh/oda/,https://media.ipsapps.org/fuh/oda/audio/636912215492550888ɓoltindaade.mp3,HTTPError: 404 Client Error: Not Found for url: https://media.ipsapps.org/fuh/oda/audio/636912215492550888%C9%93oltindaade.mp3
https://media.ipsapps.org/fuh/oda/,https://media.ipsapps.org/fuh/oda/audio/636915498231043265ɓujugol.mp3,HTTPError: 404 Client Error: Not Found for url: https://media.ipsapps.org/fuh/oda/audio/636915498231043265%C9%93ujugol.mp3
https://media.ipsapps.org/fuh/oda/,https://media.ipsapps.org/fuh/oda/audio/636909433851837252ɓadondirde.mp3,HTTPError: 404 Client Error: Not Found for url: https://media.ipsapps.org/fuh/oda/audio/636909433851837252%C9%93adondirde.mp3
https://media.ipsapps.org/fuh/oda/,https://media.ipsapps.org/fuh/oda/audio/636910271375423138ɓattaade.mp3,HTTPError: 404 Client Error: Not Found for url: https://media.ipsapps.org/fuh/oda/audio/636910271375423138%C9%93attaade.mp3
https://media.ipsapps.org/fuh/oda/,https://media.ipsapps.org/fuh/oda/audio/636912197218752211ɓinngel.mp3,HTTPError: 404 Client Error: Not Found for url: https://media.ipsapps.org/fuh/oda/audio/636912197218752211%C9%93inngel.mp3
https://media.ipsapps.org/fuh/oda/,https://media.ipsapps.org/fuh/oda/audio/636912230499950928ɓotinɗinde.mp3,HTTPError: 404 Client Error: Not Found for url: https://media.ipsapps.org/fuh/oda/audio/636912230499950928%C9%93otin%C9%97inde.mp3
https://media.ipsapps.org/fuh/oda/,https://media.ipsapps.org/fuh/oda/audio/636910285871121916ɓenkinaade.mp3,HTTPError: 404 Client Error: Not Found for url: https://media.ipsapps.org/fuh/oda/audio/636910285871121916%C9%93enkinaade.mp3
https://media.ipsapps.org/fuh/oda/,https://media.ipsapps.org/fuh/oda/audio/636915504128524771ɓurnude.mp3,HTTPError: 404 Client Error: Not Found for url: https://media.ipsapps.org/fuh/oda/audio/636915504128524771%C9%93urnude.mp3
https://media.ipsapps.org/fuh/oda/,https://media.ipsapps.org/fuh/oda/audio/636912189330318161ɓii.mp3,HTTPError: 404 Client Error: Not Found for url: https://media.ipsapps.org/fuh/oda/audio/636912189330318161%C9%93ii.mp3
https://media.ipsapps.org/fuh/oda/,https://media.ipsapps.org/fuh/oda/audio/636912232795372780ɓuddi.mp3,HTTPError: 404 Client Error: Not Found for url: https://media.ipsapps.org/fuh/oda/audio/636912232795372780%C9%93uddi.mp3
https://media.ipsapps.org/fuh/oda/,https://media.ipsapps.org/fuh/oda/audio/636912209465158755ɓoggol fitilla.mp3,HTTPError: 404 Client Error: Not Found for url: https://media.ipsapps.org/fuh/oda/audio/636912209465158755%C9%93oggol%20fitilla.mp3
https://media.ipsapps.org/fuh/oda/,https://media.ipsapps.org/fuh/oda/audio/636912212623933689ɓokko.mp3,HTTPError: 404 Client Error: Not Found for url: https://media.ipsapps.org/fuh/oda/audio/636912212623933689%C9%93okko.mp3
https://media.ipsapps.org/fuh/oda/,https://media.ipsapps.org/fuh/oda/audio/636912187398065877ɓiɗɗo debbo.mp3,HTTPError: 404 Client Error: Not Found for url: https://media.ipsapps.org/fuh/oda/audio/636912187398065877%C9%93i%C9%97%C9%97o%20debbo.mp3
https://media.ipsapps.org/fuh/oda/,https://media.ipsapps.org/fuh/oda/audio/636915514479327476ɓuytude.mp3,HTTPError: 404 Client Error: Not Found for url: https://media.ipsapps.org/fuh/oda/audio/636915514479327476%C9%93uytude.mp3
https://media.ipsapps.org/fuh/oda/,https://media.ipsapps.org/fuh/oda/audio/636912195161142253ɓillitaade.mp3,HTTPError: 404 Client Error: Not Found for url: https://media.ipsapps.org/fuh/oda/audio/636912195161142253%C9%93illitaade.mp3
https://media.ipsapps.org/fuh/oda/,https://media.ipsapps.org/fuh/oda/audio/636912193553008151ɓiirude.mp3,HTTPError: 404 Client Error: Not Found for url: https://media.ipsapps.org/fuh/oda/audio/636912193553008151%C9%93iirude.mp3
https://media.ipsapps.org/fuh/oda/,https://media.ipsapps.org/fuh/oda/audio/636910197910164023ɓaleeri yitere.mp3,HTTPError: 404 Client Error: Not Found for url: https://media.ipsapps.org/fuh/oda/audio/636910197910164023%C9%93aleeri%20yitere.mp3
https://media.ipsapps.org/fuh/oda/,https://media.ipsapps.org/fuh/oda/audio/636910198952177137ɓalli.mp3,HTTPError: 404 Client Error: Not Found for url: https://media.ipsapps.org/fuh/oda/audio/636910198952177137%C9%93alli.mp3
https://media.ipsapps.org/fuh/oda/,https://media.ipsapps.org/fuh/oda/audio/636915506308328598ɓuttinɗinde.mp3,HTTPError: 404 Client Error: Not Found for url: https://media.ipsapps.org/fuh/oda/audio/636915506308328598%C9%93uttin%C9%97inde.mp3
https://media.ipsapps.org/fuh/oda/,https://media.ipsapps.org/fuh/oda/audio/636912189795563012ɓii lekki.mp3,HTTPError: 404 Client Error: Not Found for url: https://media.ipsapps.org/fuh/oda/audio/636912189795563012%C9%93ii%20lekki.mp3
https://media.ipsapps.org/fuh/oda/,https://media.ipsapps.org/fuh/oda/audio/636909429564948163ɓadaade.mp3,HTTPError: 404 Client Error: Not Found for url: https://media.ipsapps.org/fuh/oda/audio/636909429564948163%C9%93adaade.mp3
https://media.ipsapps.org/fuh/oda/,https://media.ipsapps.org/fuh/oda/audio/636912231755364434ɓoywinde.mp3,HTTPError: 404 Client Error: Not Found for url: https://media.ipsapps.org/fuh/oda/audio/636912231755364434%C9%93oywinde.mp3
https://media.ipsapps.org/fuh/oda/,https://media.ipsapps.org/fuh/oda/audio/636910276415041646ɓe.mp3,HTTPError: 404 Client Error: Not Found for url: https://media.ipsapps.org/fuh/oda/audio/636910276415041646%C9%93e.mp3
https://media.ipsapps.org/fuh/oda/,https://media.ipsapps.org/fuh/oda/audio/636910276772336931ɓe fuu ɓe.mp3,HTTPError: 404 Client Error: Not Found for url: https://media.ipsapps.org/fuh/oda/audio/636910276772336931%C9%93e%20fuu%20%C9%93e.mp3
https://media.ipsapps.org/fuh/oda/,https://media.ipsapps.org/fuh/oda/audio/636911099160831939ɓerol.mp3,HTTPError: 404 Client Error: Not Found for url: https://media.ipsapps.org/fuh/oda/audio/636911099160831939%C9%93erol.mp3
https://media.ipsapps.org/fuh/oda/,https://media.ipsapps.org/fuh/oda/audio/636912228317863398ɓornaade.mp3,HTTPError: 404 Client Error: Not Found for url: https://media.ipsapps.org/fuh/oda/audio/636912228317863398%C9%93ornaade.mp3
https://media.ipsapps.org/fuh/oda/,https://media.ipsapps.org/fuh/oda/audio/636910208718580849ɓantaade.mp3,HTTPError: 404 Client Error: Not Found for url: https://media.ipsapps.org/fuh/oda/audio/636910208718580849%C9%93antaade.mp3
https://media.ipsapps.org/fuh/oda/,https://media.ipsapps.org/fuh/oda/audio/636912195244231401ɓillitinde.mp3,HTTPError: 404 Client Error: Not Found for url: https://media.ipsapps.org/fuh/oda/audio/636912195244231401%C9%93illitinde.mp3
https://media.ipsapps.org/fuh/oda/,https://media.ipsapps.org/fuh/oda/audio/636910282067331083ɓeernde.mp3,HTTPError: 404 Client Error: Not Found for url: https://media.ipsapps.org/fuh/oda/audio/636910282067331083%C9%93eernde.mp3
https://media.ipsapps.org/fuh/oda/,https://media.ipsapps.org/fuh/oda/audio/636911820269414611ɓiɗɗam yitere.mp3,HTTPError: 404 Client Error: Not Found for url: https://media.ipsapps.org/fuh/oda/audio/636911820269414611%C9%93i%C9%97%C9%97am%20yitere.mp3
https://media.ipsapps.org/fuh/oda/,https://media.ipsapps.org/fuh/oda/audio/636910269693087573ɓati.mp3,HTTPError: 404 Client Error: Not Found for url: https://media.ipsapps.org/fuh/oda/audio/636910269693087573%C9%93ati.mp3
https://media.ipsapps.org/fuh/oda/,https://media.ipsapps.org/fuh/oda/audio/636912190114141792ɓii-ñaw.mp3,HTTPError: 404 Client Error: Not Found for url: https://media.ipsapps.org/fuh/oda/audio/636912190114141792%C9%93ii-%C3%B1aw.mp3
https://media.ipsapps.org/fuh/oda/,https://media.ipsapps.org/fuh/oda/audio/636911100912787628ɓeynugol.mp3,HTTPError: 404 Client Error: Not Found for url: https://media.ipsapps.org/fuh/oda/audio/636911100912787628%C9%93eynugol.mp3
https://media.ipsapps.org/fuh/oda/,https://media.ipsapps.org/fuh/oda/audio/636912193244189493ɓiirorgel.mp3,HTTPError: 404 Client Error: Not Found for url: https://media.ipsapps.org/fuh/oda/audio/636912193244189493%C9%93iirorgel.mp3
https://media.ipsapps.org/fuh/oda/,https://media.ipsapps.org/fuh/oda/audio/636915507708065001ɓuuccaade.mp3,HTTPError: 404 Client Error: Not Found for url: https://media.ipsapps.org/fuh/oda/audio/636915507708065001%C9%93uuccaade.mp3
https://media.ipsapps.org/fuh/oda/,https://media.ipsapps.org/fuh/oda/audio/636909427003927767ɓaare.mp3,HTTPError: 404 Client Error: Not Found for url: https://media.ipsapps.org/fuh/oda/audio/636909427003927767%C9%93aare.mp3
https://media.ipsapps.org/fuh/oda/,https://media.ipsapps.org/fuh/oda/audio/636912214085127934ɓolɗinde.mp3,HTTPError: 404 Client Error: Not Found for url: https://media.ipsapps.org/fuh/oda/audio/636912214085127934%C9%93ol%C9%97inde.mp3
https://media.ipsapps.org/fuh/oda/,https://media.ipsapps.org/fuh/oda/audio/636911095530405843ɓenndinde.mp3,HTTPError: 404 Client Error: Not Found for url: https://media.ipsapps.org/fuh/oda/audio/636911095530405843%C9%93enndinde.mp3
https://media.ipsapps.org/fuh/oda/,https://media.ipsapps.org/fuh/oda/audio/636912231633966204ɓoyre.mp3,HTTPError: 404 Client Error: Not Found for url: https://media.ipsapps.org/fuh/oda/audio/636912231633966204%C9%93oyre.mp3
https://media.ipsapps.org/fuh/oda/,https://media.ipsapps.org/fuh/oda/audio/636910198493578528ɓalinde.mp3,HTTPError: 404 Client Error: Not Found for url: https://media.ipsapps.org/fuh/oda/audio/636910198493578528%C9%93alinde.mp3
https://media.ipsapps.org/fuh/oda/,https://media.ipsapps.org/fuh/oda/audio/636911098115547050ɓerɗe.mp3,HTTPError: 404 Client Error: Not Found for url: https://media.ipsapps.org/fuh/oda/audio/636911098115547050%C9%93er%C9%97e.mp3
https://media.ipsapps.org/fuh/oda/,https://media.ipsapps.org/fuh/oda/audio/636912214757326248ɓolminde.mp3,HTTPError: 404 Client Error: Not Found for url: https://media.ipsapps.org/fuh/oda/audio/636912214757326248%C9%93olminde.mp3
https://media.ipsapps.org/fuh/oda/,https://media.ipsapps.org/fuh/oda/audio/636912215659212739ɓoltude.mp3,HTTPError: 404 Client Error: Not Found for url: https://media.ipsapps.org/fuh/oda/audio/636912215659212739%C9%93oltude.mp3
https://media.ipsapps.org/fuh/oda/,https://media.ipsapps.org/fuh/oda/audio/636912229346209973ɓorude.mp3,HTTPError: 404 Client Error: Not Found for url: https://media.ipsapps.org/fuh/oda/audio/636912229346209973%C9%93orude.mp3
https://media.ipsapps.org/fuh/oda/,https://media.ipsapps.org/fuh/oda/audio/636915514214660425ɓuytaa.mp3,HTTPError: 404 Client Error: Not Found for url: https://media.ipsapps.org/fuh/oda/audio/636915514214660425%C9%93uytaa.mp3
https://media.ipsapps.org/fuh/oda/,https://media.ipsapps.org/fuh/oda/audio/636912230406766894ɓotiɗidde.mp3,HTTPError: 404 Client Error: Not Found for url: https://media.ipsapps.org/fuh/oda/audio/636912230406766894%C9%93oti%C9%97idde.mp3
https://media.ipsapps.org/fuh/oda/,https://media.ipsapps.org/fuh/oda/audio/636912203046533079ɓoccinoowel.mp3,HTTPError: 404 Client Error: Not Found for url: https://media.ipsapps.org/fuh/oda/audio/636912203046533079%C9%93occinoowel.mp3
https://media.ipsapps.org/fuh/oda/,https://media.ipsapps.org/fuh/oda/audio/636912196745318699ɓinndoore.mp3,HTTPError: 404 Client Error: Not Found for url: https://media.ipsapps.org/fuh/oda/audio/636912196745318699%C9%93inndoore.mp3
https://media.ipsapps.org/fuh/oda/,https://media.ipsapps.org/fuh/oda/audio/636911100759066071ɓeyngu.mp3,HTTPError: 404 Client Error: Not Found for url: https://media.ipsapps.org/fuh/oda/audio/636911100759066071%C9%93eyngu.mp3
https://media.ipsapps.org/fuh/oda/,https://media.ipsapps.org/fuh/oda/audio/636912204022861980ɓoccoonde.mp3,HTTPError: 404 Client Error: Not Found for url: https://media.ipsapps.org/fuh/oda/audio/636912204022861980%C9%93occoonde.mp3
https://media.ipsapps.org/fuh/oda/,https://media.ipsapps.org/fuh/oda/audio/636910270743583272ɓatitere.mp3,HTTPError: 404 Client Error: Not Found for url: https://media.ipsapps.org/fuh/oda/audio/636910270743583272%C9%93atitere.mp3
https://media.ipsapps.org/fuh/oda/,https://media.ipsapps.org/fuh/oda/audio/636910207152778043ɓanndujam.mp3,HTTPError: 404 Client Error: Not Found for url: https://media.ipsapps.org/fuh/oda/audio/636910207152778043%C9%93anndujam.mp3
https://media.ipsapps.org/fuh/oda/,https://media.ipsapps.org/fuh/oda/audio/636909426889321483ɓaaraade.mp3,HTTPError: 404 Client Error: Not Found for url: https://media.ipsapps.org/fuh/oda/audio/636909426889321483%C9%93aaraade.mp3
https://media.ipsapps.org/fuh/oda/,https://media.ipsapps.org/fuh/oda/audio/636912225289509216ɓoortude.mp3,HTTPError: 404 Client Error: Not Found for url: https://media.ipsapps.org/fuh/oda/audio/636912225289509216%C9%93oortude.mp3
https://media.ipsapps.org/fuh/oda/,https://media.ipsapps.org/fuh/oda/audio/636912193341260700ɓiirtude.mp3,HTTPError: 404 Client Error: Not Found for url: https://media.ipsapps.org/fuh/oda/audio/636912193341260700%C9%93iirtude.mp3
https://media.ipsapps.org/fuh/oda/,https://media.ipsapps.org/fuh/oda/audio/636910209568769789ɓantude.mp3,HTTPError: 404 Client Error: Not Found for url: https://media.ipsapps.org/fuh/oda/audio/636910209568769789%C9%93antude.mp3
https://media.ipsapps.org/fuh/oda/,https://media.ipsapps.org/fuh/oda/audio/636915507160219040ɓuuɓol.mp3,HTTPError: 404 Client Error: Not Found for url: https://media.ipsapps.org/fuh/oda/audio/636915507160219040%C9%93uu%C9%93ol.mp3
https://media.ipsapps.org/fuh/oda/,https://media.ipsapps.org/fuh/oda/audio/636912229823948997ɓota.mp3,HTTPError: 404 Client Error: Not Found for url: https://media.ipsapps.org/fuh/oda/audio/636912229823948997%C9%93ota.mp3
https://media.ipsapps.org/fuh/oda/,https://media.ipsapps.org/fuh/oda/audio/636911101619543985ɓiɓɓe.mp3,HTTPError: 404 Client Error: Not Found for url: https://media.ipsapps.org/fuh/oda/audio/636911101619543985%C9%93i%C9%93%C9%93e.mp3
https://media.ipsapps.org/fuh/oda/,https://media.ipsapps.org/fuh/oda/audio/636912224808003253ɓoornorde.mp3,HTTPError: 404 Client Error: Not Found for url: https://media.ipsapps.org/fuh/oda/audio/636912224808003253%C9%93oornorde.mp3
https://media.ipsapps.org/fuh/oda/,https://media.ipsapps.org/fuh/oda/audio/636912220958815060ɓooɗe.mp3,HTTPError: 404 Client Error: Not Found for url: https://media.ipsapps.org/fuh/oda/audio/636912220958815060%C9%93oo%C9%97e.mp3
https://media.ipsapps.org/fuh/oda/,https://media.ipsapps.org/fuh/oda/audio/636910276920510576ɓe kala ɓe.mp3,HTTPError: 404 Client Error: Not Found for url: https://media.ipsapps.org/fuh/oda/audio/636910276920510576%C9%93e%20kala%20%C9%93e.mp3
https://media.ipsapps.org/fuh/oda/,https://media.ipsapps.org/fuh/oda/audio/636910276540377468ɓe.mp3,HTTPError: 404 Client Error: Not Found for url: https://media.ipsapps.org/fuh/oda/audio/636910276540377468%C9%93e.mp3
https://media.ipsapps.org/fuh/oda/,https://media.ipsapps.org/fuh/oda/audio/636911099618130819ɓeydaade.mp3,HTTPError: 404 Client Error: Not Found for url: https://media.ipsapps.org/fuh/oda/audio/636911099618130819%C9%93eydaade.mp3
https://media.ipsapps.org/fuh/oda/,https://media.ipsapps.org/fuh/oda/audio/636912226074306433ɓoosude nguru.mp3,HTTPError: 404 Client Error: Not Found for url: https://media.ipsapps.org/fuh/oda/audio/636912226074306433%C9%93oosude%20nguru.mp3
https://media.ipsapps.org/fuh/oda/,https://media.ipsapps.org/fuh/oda/audio/636915497331074638ɓujude.mp3,HTTPError: 404 Client Error: Not Found for url: https://media.ipsapps.org/fuh/oda/audio/636915497331074638%C9%93ujude.mp3
https://media.ipsapps.org/fuh/oda/,https://media.ipsapps.org/fuh/oda/audio/636912195344168075ɓillude.mp3,HTTPError: 404 Client Error: Not Found for url: https://media.ipsapps.org/fuh/oda/audio/636912195344168075%C9%93illude.mp3
https://media.ipsapps.org/fuh/oda/,https://media.ipsapps.org/fuh/oda/audio/636910209715528831ɓaŋude.mp3,HTTPError: 404 Client Error: Not Found for url: https://media.ipsapps.org/fuh/oda/audio/636910209715528831%C9%93a%C5%8Bude.mp3
https://media.ipsapps.org/fuh/oda/,https://media.ipsapps.org/fuh/oda/audio/636912207546771553ɓoɗde.mp3,HTTPError: 404 Client Error: Not Found for url: https://media.ipsapps.org/fuh/oda/audio/636912207546771553%C9%93o%C9%97de.mp3
https://media.ipsapps.org/fuh/oda/,https://media.ipsapps.org/fuh/oda/audio/636910272175926108ɓattinde.mp3,HTTPError: 404 Client Error: Not Found for url: https://media.ipsapps.org/fuh/oda/audio/636910272175926108%C9%93attinde.mp3
https://media.ipsapps.org/fuh/oda/,https://media.ipsapps.org/fuh/oda/audio/636911099989032827ɓeydondirgol.mp3,HTTPError: 404 Client Error: Not Found for url: https://media.ipsapps.org/fuh/oda/audio/636911099989032827%C9%93eydondirgol.mp3
https://media.ipsapps.org/fuh/oda/,https://media.ipsapps.org/fuh/oda/audio/636915512999136542ɓuuye.mp3,HTTPError: 404 Client Error: Not Found for url: https://media.ipsapps.org/fuh/oda/audio/636915512999136542%C9%93uuye.mp3
https://media.ipsapps.org/fuh/oda/,https://media.ipsapps.org/fuh/oda/audio/636911101534766184ɓiɓɓam yitere.mp3,HTTPError: 404 Client Error: Not Found for url: https://media.ipsapps.org/fuh/oda/audio/636911101534766184%C9%93i%C9%93%C9%93am%20yitere.mp3
https://media.ipsapps.org/fuh/oda/,https://media.ipsapps.org/fuh/oda/audio/636912230840066652ɓowngu.mp3,HTTPError: 404 Client Error: Not Found for url: https://media.ipsapps.org/fuh/oda/audio/636912230840066652%C9%93owngu.mp3
https://media.ipsapps.org/fuh/oda/,https://media.ipsapps.org/fuh/oda/audio/636910201946020330ɓamtude.mp3,HTTPError: 404 Client Error: Not Found for url: https://media.ipsapps.org/fuh/oda/audio/636910201946020330%C9%93amtude.mp3
https://media.ipsapps.org/fuh/oda/,https://media.ipsapps.org/fuh/oda/audio/636912223820825566ɓoolol.mp3,HTTPError: 404 Client Error: Not Found for url: https://media.ipsapps.org/fuh/oda/audio/636912223820825566%C9%93oolol.mp3
https://media.ipsapps.org/fuh/oda/,https://media.ipsapps.org/fuh/oda/audio/636912227549919733ɓorɓa.mp3,HTTPError: 404 Client Error: Not Found for url: https://media.ipsapps.org/fuh/oda/audio/636912227549919733%C9%93or%C9%93a.mp3
https://media.ipsapps.org/fuh/oda/,https://media.ipsapps.org/fuh/oda/audio/636912203827032147ɓoccongel.mp3,HTTPError: 404 Client Error: Not Found for url: https://media.ipsapps.org/fuh/oda/audio/636912203827032147%C9%93occongel.mp3
https://media.ipsapps.org/fuh/oda/,https://media.ipsapps.org/fuh/oda/audio/636912227013024413ɓooyude.mp3,HTTPError: 404 Client Error: Not Found for url: https://media.ipsapps.org/fuh/oda/audio/636912227013024413%C9%93ooyude.mp3
https://media.ipsapps.org/fuh/oda/,https://media.ipsapps.org/fuh/oda/audio/636912210196508124ɓohere.mp3,HTTPError: 404 Client Error: Not Found for url: https://media.ipsapps.org/fuh/oda/audio/636912210196508124%C9%93ohere.mp3
https://media.ipsapps.org/fuh/oda/,https://media.ipsapps.org/fuh/oda/audio/636912207486903689ɓodde.mp3,HTTPError: 404 Client Error: Not Found for url: https://media.ipsapps.org/fuh/oda/audio/636912207486903689%C9%93odde.mp3
https://media.ipsapps.org/fuh/oda/,https://media.ipsapps.org/fuh/oda/audio/636910273853445738ɓawli.mp3,HTTPError: 404 Client Error: Not Found for url: https://media.ipsapps.org/fuh/oda/audio/636910273853445738%C9%93awli.mp3
https://media.ipsapps.org/fuh/oda/,https://media.ipsapps.org/fuh/oda/audio/636910207828810229ɓannge.mp3,HTTPError: 404 Client Error: Not Found for url: https://media.ipsapps.org/fuh/oda/audio/636910207828810229%C9%93annge.mp3
https://media.ipsapps.org/fuh/oda/,https://media.ipsapps.org/fuh/oda/audio/636909435798336595ɓahanaade.mp3,HTTPError: 404 Client Error: Not Found for url: https://media.ipsapps.org/fuh/oda/audio/636909435798336595%C9%93ahanaade.mp3
https://media.ipsapps.org/fuh/oda/,https://media.ipsapps.org/fuh/oda/audio/636912226403685334ɓoowunga.mp3,HTTPError: 404 Client Error: Not Found for url: https://media.ipsapps.org/fuh/oda/audio/636912226403685334%C9%93oowunga.mp3
https://media.ipsapps.org/fuh/oda/,https://media.ipsapps.org/fuh/oda/audio/636909428452760582ɓaawo.mp3,HTTPError: 404 Client Error: Not Found for url: https://media.ipsapps.org/fuh/oda/audio/636909428452760582%C9%93aawo.mp3
https://media.ipsapps.org/fuh/oda/,https://media.ipsapps.org/fuh/oda/audio/636915514396837295ɓuytee.mp3,HTTPError: 404 Client Error: Not Found for url: https://media.ipsapps.org/fuh/oda/audio/636915514396837295%C9%93uytee.mp3
https://media.ipsapps.org/fuh/oda/,https://media.ipsapps.org/fuh/oda/audio/636912195709038826ɓilude.mp3,HTTPError: 404 Client Error: Not Found for url: https://media.ipsapps.org/fuh/oda/audio/636912195709038826%C9%93ilude.mp3
https://media.ipsapps.org/fuh/oda/,https://media.ipsapps.org/fuh/oda/audio/636910285046893208ɓenaade.mp3,HTTPError: 404 Client Error: Not Found for url: https://media.ipsapps.org/fuh/oda/audio/636910285046893208%C9%93enaade.mp3
https://media.ipsapps.org/fuh/oda/,https://media.ipsapps.org/fuh/oda/audio/636910274586176025ɓawlitinde.mp3,HTTPError: 404 Client Error: Not Found for url: https://media.ipsapps.org/fuh/oda/audio/636910274586176025%C9%93awlitinde.mp3
https://media.ipsapps.org/fuh/oda/,https://media.ipsapps.org/fuh/oda/audio/636915504758875752ɓurundurde.mp3,HTTPError: 404 Client Error: Not Found for url: https://media.ipsapps.org/fuh/oda/audio/636915504758875752%C9%93urundurde.mp3
https://media.ipsapps.org/fuh/oda/,https://media.ipsapps.org/fuh/oda/audio/636912193941660522ɓikkoy.mp3,HTTPError: 404 Client Error: Not Found for url: https://media.ipsapps.org/fuh/oda/audio/636912193941660522%C9%93ikkoy.mp3
https://media.ipsapps.org/fuh/oda/,https://media.ipsapps.org/fuh/oda/audio/636910283410453285ɓellellu.mp3,HTTPError: 404 Client Error: Not Found for url: https://media.ipsapps.org/fuh/oda/audio/636910283410453285%C9%93ellellu.mp3
https://media.ipsapps.org/fuh/oda/,https://media.ipsapps.org/fuh/oda/audio/636909433513228474ɓadiiɗum.mp3,HTTPError: 404 Client Error: Not Found for url: https://media.ipsapps.org/fuh/oda/audio/636909433513228474%C9%93adii%C9%97um.mp3
https://media.ipsapps.org/fuh/oda/,https://media.ipsapps.org/fuh/oda/audio/636912209343932539ɓoggol.mp3,HTTPError: 404 Client Error: Not Found for url: https://media.ipsapps.org/fuh/oda/audio/636912209343932539%C9%93oggol.mp3
https://media.ipsapps.org/fuh/oda/,https://media.ipsapps.org/fuh/oda/audio/636910197568764643ɓaleejo.mp3,HTTPError: 404 Client Error: Not Found for url: https://media.ipsapps.org/fuh/oda/audio/636910197568764643%C9%93aleejo.mp3
https://media.ipsapps.org/fuh/oda/,https://media.ipsapps.org/fuh/oda/audio/636910202645417776ɓangande.mp3,HTTPError: 404 Client Error: Not Found for url: https://media.ipsapps.org/fuh/oda/audio/636910202645417776%C9%93angande.mp3
https://media.ipsapps.org/fuh/oda/,https://media.ipsapps.org/fuh/oda/audio/636910206374935055ɓanndu.mp3,HTTPError: 404 Client Error: Not Found for url: https://media.ipsapps.org/fuh/oda/audio/636910206374935055%C9%93anndu.mp3
https://media.ipsapps.org/fuh/oda/,https://media.ipsapps.org/fuh/oda/audio/636909427088438630ɓaareede.mp3,HTTPError: 404 Client Error: Not Found for url: https://media.ipsapps.org/fuh/oda/audio/636909427088438630%C9%93aareede.mp3
https://media.ipsapps.org/fuh/oda/,https://media.ipsapps.org/fuh/oda/audio/636912195522332718ɓiltude.mp3,HTTPError: 404 Client Error: Not Found for url: https://media.ipsapps.org/fuh/oda/audio/636912195522332718%C9%93iltude.mp3
https://media.ipsapps.org/fuh/oda/,https://media.ipsapps.org/fuh/oda/audio/636912190290765421ɓii-ƴiiƴam.mp3,HTTPError: 404 Client Error: Not Found for url: https://media.ipsapps.org/fuh/oda/audio/636912190290765421%C9%93ii-%C6%B4ii%C6%B4am.mp3
https://media.ipsapps.org/fuh/oda/,https://media.ipsapps.org/fuh/oda/audio/636912214541132607ɓollere.mp3,HTTPError: 404 Client Error: Not Found for url: https://media.ipsapps.org/fuh/oda/audio/636912214541132607%C9%93ollere.mp3
https://media.ipsapps.org/fuh/oda/,https://media.ipsapps.org/fuh/oda/audio/636911099687403118ɓeydaari.mp3,HTTPError: 404 Client Error: Not Found for url: https://media.ipsapps.org/fuh/oda/audio/636911099687403118%C9%93eydaari.mp3
https://media.ipsapps.org/fuh/oda/,https://media.ipsapps.org/fuh/oda/audio/636912214271197364ɓolɗude.mp3,HTTPError: 404 Client Error: Not Found for url: https://media.ipsapps.org/fuh/oda/audio/636912214271197364%C9%93ol%C9%97ude.mp3
https://media.ipsapps.org/fuh/oda/,https://media.ipsapps.org/fuh/oda/audio/636912229045831877ɓortaade.mp3,HTTPError: 404 Client Error: Not Found for url: https://media.ipsapps.org/fuh/oda/audio/636912229045831877%C9%93ortaade.mp3
https://media.ipsapps.org/fuh/oda/,https://media.ipsapps.org/fuh/oda/audio/636912224658086500ɓoongu.mp3,HTTPError: 404 Client Error: Not Found for url: https://media.ipsapps.org/fuh/oda/audio/636912224658086500%C9%93oongu.mp3
https://media.ipsapps.org/fuh/oda/,https://media.ipsapps.org/fuh/oda/audio/636909428313121891ɓaawo.mp3,HTTPError: 404 Client Error: Not Found for url: https://media.ipsapps.org/fuh/oda/audio/636909428313121891%C9%93aawo.mp3
https://media.ipsapps.org/fuh/oda/,https://media.ipsapps.org/fuh/oda/audio/636911820098412216ɓiɗɗam hitere.mp3,HTTPError: 404 Client Error: Not Found for url: https://media.ipsapps.org/fuh/oda/audio/636911820098412216%C9%93i%C9%97%C9%97am%20hitere.mp3
https://media.ipsapps.org/fuh/oda/,https://media.ipsapps.org/fuh/oda/audio/636912209111912218ɓodude.mp3,HTTPError: 404 Client Error: Not Found for url: https://media.ipsapps.org/fuh/oda/audio/636912209111912218%C9%93odude.mp3
https://media.ipsapps.org/fuh/oda/,https://media.ipsapps.org/fuh/oda/audio/636912200246798407ɓirude.mp3,HTTPError: 404 Client Error: Not Found for url: https://media.ipsapps.org/fuh/oda/audio/636912200246798407%C9%93irude.mp3
https://media.ipsapps.org/fuh/oda/,https://media.ipsapps.org/fuh/oda/audio/636915496910646203ɓuhe.mp3,HTTPError: 404 Client Error: Not Found for url: https://media.ipsapps.org/fuh/oda/audio/636915496910646203%C9%93uhe.mp3
https://media.ipsapps.org/fuh/oda/,https://media.ipsapps.org/fuh/oda/audio/636915504480825674ɓursude.mp3,HTTPError: 404 Client Error: Not Found for url: https://media.ipsapps.org/fuh/oda/audio/636915504480825674%C9%93ursude.mp3
https://media.ipsapps.org/fuh/oda/,https://media.ipsapps.org/fuh/oda/audio/636910198394502138ɓalinaade.mp3,HTTPError: 404 Client Error: Not Found for url: https://media.ipsapps.org/fuh/oda/audio/636910198394502138%C9%93alinaade.mp3
https://media.ipsapps.org/fuh/oda/,https://media.ipsapps.org/fuh/oda/audio/636912225476673963ɓoosaaru.mp3,HTTPError: 404 Client Error: Not Found for url: https://media.ipsapps.org/fuh/oda/audio/636912225476673963%C9%93oosaaru.mp3
https://media.ipsapps.org/fuh/oda/,https://media.ipsapps.org/fuh/oda/audio/636911098320248828ɓernande.mp3,HTTPError: 404 Client Error: Not Found for url: https://media.ipsapps.org/fuh/oda/audio/636911098320248828%C9%93ernande.mp3
https://media.ipsapps.org/fuh/oda/,https://media.ipsapps.org/fuh/oda/audio/636911099782238098ɓeyɗo.mp3,HTTPError: 404 Client Error: Not Found for url: https://media.ipsapps.org/fuh/oda/audio/636911099782238098%C9%93ey%C9%97o.mp3
https://media.ipsapps.org/fuh/oda/,https://media.ipsapps.org/fuh/oda/audio/636911101956749278ɓiɓɓe bappinyaaɓe.mp3,HTTPError: 404 Client Error: Not Found for url: https://media.ipsapps.org/fuh/oda/audio/636911101956749278%C9%93i%C9%93%C9%93e%20bappinyaa%C9%93e.mp3
https://media.ipsapps.org/fuh/oda/,https://media.ipsapps.org/fuh/oda/audio/636915506883051976ɓuuɓal.mp3,HTTPError: 404 Client Error: Not Found for url: https://media.ipsapps.org/fuh/oda/audio/636915506883051976%C9%93uu%C9%93al.mp3
https://media.ipsapps.org/fuh/oda/,https://media.ipsapps.org/fuh/oda/audio/636912228415445407ɓornude.mp3,HTTPError: 404 Client Error: Not Found for url: https://media.ipsapps.org/fuh/oda/audio/636912228415445407%C9%93ornude.mp3
https://media.ipsapps.org/fuh/oda/,https://media.ipsapps.org/fuh/oda/audio/636912204299581899ɓoccude.mp3,HTTPError: 404 Client Error: Not Found for url: https://media.ipsapps.org/fuh/oda/audio/636912204299581899%C9%93occude.mp3
https://media.ipsapps.org/fuh/oda/,https://media.ipsapps.org/fuh/oda/audio/636912231555647372ɓoylude.mp3,HTTPError: 404 Client Error: Not Found for url: https://media.ipsapps.org/fuh/oda/audio/636912231555647372%C9%93oylude.mp3
https://media.ipsapps.org/fuh/oda/,https://media.ipsapps.org/fuh/oda/audio/636915502807757258ɓunndu.mp3,HTTPError: 404 Client Error: Not Found for url: https://media.ipsapps.org/fuh/oda/audio/636915502807757258%C9%93unndu.mp3
https://media.ipsapps.org/fuh/oda/,https://media.ipsapps.org/fuh/oda/audio/636912212342300194ɓokki.mp3,HTTPError: 404 Client Error: Not Found for url: https://media.ipsapps.org/fuh/oda/audio/636912212342300194%C9%93okki.mp3
https://media.ipsapps.org/fuh/oda/,https://media.ipsapps.org/fuh/oda/audio/636912226931199853ɓooytude.mp3,HTTPError: 404 Client Error: Not Found for url: https://media.ipsapps.org/fuh/oda/audio/636912226931199853%C9%93ooytude.mp3
https://media.ipsapps.org/fuh/oda/,https://media.ipsapps.org/fuh/oda/audio/636910273934442555ɓawlinde.mp3,HTTPError: 404 Client Error: Not Found for url: https://media.ipsapps.org/fuh/oda/audio/636910273934442555%C9%93awlinde.mp3
https://media.ipsapps.org/fuh/oda/,https://media.ipsapps.org/fuh/oda/audio/636909421374663223ɓaade.mp3,HTTPError: 404 Client Error: Not Found for url: https://media.ipsapps.org/fuh/oda/audio/636909421374663223%C9%93aade.mp3
https://media.ipsapps.org/fuh/oda/,https://media.ipsapps.org/fuh/oda/audio/636912203945588144ɓoccoode.mp3,HTTPError: 404 Client Error: Not Found for url: https://media.ipsapps.org/fuh/oda/audio/636912203945588144%C9%93occoode.mp3
https://media.ipsapps.org/fuh/oda/,https://media.ipsapps.org/fuh/oda/audio/636912231481648190ɓoylitinde.mp3,HTTPError: 404 Client Error: Not Found for url: https://media.ipsapps.org/fuh/oda/audio/636912231481648190%C9%93oylitinde.mp3
https://media.ipsapps.org/fuh/oda/,https://media.ipsapps.org/fuh/oda/audio/636912207650071948ɓodde bita.mp3,HTTPError: 404 Client Error: Not Found for url: https://media.ipsapps.org/fuh/oda/audio/636912207650071948%C9%93odde%20bita.mp3
https://media.ipsapps.org/fuh/oda/,https://media.ipsapps.org/fuh/oda/audio/636911095378696789ɓenndude.mp3,HTTPError: 404 Client Error: Not Found for url: https://media.ipsapps.org/fuh/oda/audio/636911095378696789%C9%93enndude.mp3
https://media.ipsapps.org/fuh/oda/,https://media.ipsapps.org/fuh/oda/audio/636910209001073934ɓantaare-tabitoore.mp3,HTTPError: 404 Client Error: Not Found for url: https://media.ipsapps.org/fuh/oda/audio/636910209001073934%C9%93antaare-tabitoore.mp3
https://media.ipsapps.org/fuh/oda/,https://media.ipsapps.org/fuh/oda/audio/636910208622338185ɓannude.mp3,HTTPError: 404 Client Error: Not Found for url: https://media.ipsapps.org/fuh/oda/audio/636910208622338185%C9%93annude.mp3
https://media.ipsapps.org/fuh/oda/,https://media.ipsapps.org/fuh/oda/audio/636910274797785940ɓawlude.mp3,HTTPError: 404 Client Error: Not Found for url: https://media.ipsapps.org/fuh/oda/audio/636910274797785940%C9%93awlude.mp3
https://media.ipsapps.org/fuh/oda/,https://media.ipsapps.org/fuh/oda/audio/636912232573114799ɓuccoɓuccoonde.mp3,HTTPError: 404 Client Error: Not Found for url: https://media.ipsapps.org/fuh/oda/audio/636912232573114799%C9%93ucco%C9%93uccoonde.mp3
https://media.ipsapps.org/fuh/oda/,https://media.ipsapps.org/fuh/oda/audio/636909434736864905ɓaggeede.mp3,HTTPError: 404 Client Error: Not Found for url: https://media.ipsapps.org/fuh/oda/audio/636909434736864905%C9%93aggeede.mp3
https://media.ipsapps.org/fuh/oda/,https://media.ipsapps.org/fuh/oda/audio/636912228973065592ɓorowol.mp3,HTTPError: 404 Client Error: Not Found for url: https://media.ipsapps.org/fuh/oda/audio/636912228973065592%C9%93orowol.mp3
https://media.ipsapps.org/fuh/oda/,https://media.ipsapps.org/fuh/oda/audio/636910285533987866ɓenkiɗinde.mp3,HTTPError: 404 Client Error: Not Found for url: https://media.ipsapps.org/fuh/oda/audio/636910285533987866%C9%93enki%C9%97inde.mp3
https://media.ipsapps.org/fuh/oda/,https://media.ipsapps.org/fuh/oda/audio/636912225953903926ɓoosude.mp3,HTTPError: 404 Client Error: Not Found for url: https://media.ipsapps.org/fuh/oda/audio/636912225953903926%C9%93oosude.mp3
https://media.ipsapps.org/fuh/oda/,https://media.ipsapps.org/fuh/oda/audio/636915502992124154ɓunngu.mp3,HTTPError: 404 Client Error: Not Found for url: https://media.ipsapps.org/fuh/oda/audio/636915502992124154%C9%93unngu.mp3
https://media.ipsapps.org/fuh/oda/,https://media.ipsapps.org/fuh/oda/audio/636912208143597821ɓoɗe.mp3,HTTPError: 404 Client Error: Not Found for url: https://media.ipsapps.org/fuh/oda/audio/636912208143597821%C9%93o%C9%97e.mp3
https://media.ipsapps.org/fuh/oda/,https://media.ipsapps.org/fuh/oda/audio/636912189917617494ɓii nyawu.mp3,HTTPError: 404 Client Error: Not Found for url: https://media.ipsapps.org/fuh/oda/audio/636912189917617494%C9%93ii%20nyawu.mp3
https://media.ipsapps.org/fuh/oda/,https://media.ipsapps.org/fuh/oda/audio/636912190198664342ɓii-nowru.mp3,HTTPError: 404 Client Error: Not Found for url: https://media.ipsapps.org/fuh/oda/audio/636912190198664342%C9%93ii-nowru.mp3
https://media.ipsapps.org/fuh/oda/,https://media.ipsapps.org/fuh/oda/audio/636915500766219957ɓulli.mp3,HTTPError: 404 Client Error: Not Found for url: https://media.ipsapps.org/fuh/oda/audio/636915500766219957%C9%93ulli.mp3
https://media.ipsapps.org/fuh/oda/,https://media.ipsapps.org/fuh/oda/audio/636915510620322095ɓuutude.mp3,HTTPError: 404 Client Error: Not Found for url: https://media.ipsapps.org/fuh/oda/audio/636915510620322095%C9%93uutude.mp3
https://media.ipsapps.org/fuh/oda/,https://media.ipsapps.org/fuh/oda/audio/636912194968302705ɓilirgol.mp3,HTTPError: 404 Client Error: Not Found for url: https://media.ipsapps.org/fuh/oda/audio/636912194968302705%C9%93ilirgol.mp3
https://media.ipsapps.org/fuh/oda/,https://media.ipsapps.org/fuh/oda/audio/636910203595655081ɓangude.mp3,HTTPError: 404 Client Error: Not Found for url: https://media.ipsapps.org/fuh/oda/audio/636910203595655081%C9%93angude.mp3
https://media.ipsapps.org/fuh/oda/,https://media.ipsapps.org/fuh/oda/audio/636909428590055433ɓaawo silɓungo.mp3,HTTPError: 404 Client Error: Not Found for url: https://media.ipsapps.org/fuh/oda/audio/636909428590055433%C9%93aawo%20sil%C9%93ungo.mp3
https://media.ipsapps.org/fuh/oda/,https://media.ipsapps.org/fuh/oda/audio/636912187087418430ɓiɗɗo.mp3,HTTPError: 404 Client Error: Not Found for url: https://media.ipsapps.org/fuh/oda/audio/636912187087418430%C9%93i%C9%97%C9%97o.mp3
https://media.ipsapps.org/fuh/oda/,https://media.ipsapps.org/fuh/oda/audio/636912198855381520ɓirnude.mp3,HTTPError: 404 Client Error: Not Found for url: https://media.ipsapps.org/fuh/oda/audio/636912198855381520%C9%93irnude.mp3
https://media.ipsapps.org/fuh/oda/,https://media.ipsapps.org/fuh/oda/audio/636912224907889110ɓoornude.mp3,HTTPError: 404 Client Error: Not Found for url: https://media.ipsapps.org/fuh/oda/audio/636912224907889110%C9%93oornude.mp3
https://media.ipsapps.org/fuh/oda/,https://media.ipsapps.org/fuh/oda/audio/636909427649161568ɓaatane.mp3,HTTPError: 404 Client Error: Not Found for url: https://media.ipsapps.org/fuh/oda/audio/636909427649161568%C9%93aatane.mp3
https://media.ipsapps.org/fuh/oda/,https://media.ipsapps.org/fuh/oda/audio/636915503900825740ɓurnaade.mp3,HTTPError: 404 Client Error: Not Found for url: https://media.ipsapps.org/fuh/oda/audio/636915503900825740%C9%93urnaade.mp3
https://media.ipsapps.org/fuh/oda/,https://media.ipsapps.org/fuh/oda/audio/636915506129228004ɓuttiɗeefi.mp3,HTTPError: 404 Client Error: Not Found for url: https://media.ipsapps.org/fuh/oda/audio/636915506129228004%C9%93utti%C9%97eefi.mp3
https://media.ipsapps.org/fuh/oda/,https://media.ipsapps.org/fuh/oda/audio/636910267477763410ɓarsuwol.mp3,HTTPError: 404 Client Error: Not Found for url: https://media.ipsapps.org/fuh/oda/audio/636910267477763410%C9%93arsuwol.mp3
https://media.ipsapps.org/fuh/oda/,https://media.ipsapps.org/fuh/oda/audio/636915503062727766ɓural.mp3,HTTPError: 404 Client Error: Not Found for url: https://media.ipsapps.org/fuh/oda/audio/636915503062727766%C9%93ural.mp3
https://media.ipsapps.org/fuh/oda/,https://media.ipsapps.org/fuh/oda/audio/636915500592672926ɓulirde.mp3,HTTPError: 404 Client Error: Not Found for url: https://media.ipsapps.org/fuh/oda/audio/636915500592672926%C9%93ulirde.mp3
https://media.ipsapps.org/fuh/oda/,https://media.ipsapps.org/fuh/oda/audio/636935084382355274jayɗo.mp3,HTTPError: 404 Client Error: Not Found for url: https://media.ipsapps.org/fuh/oda/audio/636935084382355274jay%C9%97o.mp3
https://media.ipsapps.org/fuh/oda/,https://media.ipsapps.org/fuh/oda/audio/636935058859331780Jalluɓeere.mp3,HTTPError: 404 Client Error: Not Found for url: https://media.ipsapps.org/fuh/oda/audio/636935058859331780Jallu%C9%93eere.mp3
https://media.ipsapps.org/fuh/oda/,https://media.ipsapps.org/fuh/oda/audio/636935038126868837jaaɓirdi.mp3,HTTPError: 404 Client Error: Not Found for url: https://media.ipsapps.org/fuh/oda/audio/636935038126868837jaa%C9%93irdi.mp3
https://media.ipsapps.org/fuh/oda/,https://media.ipsapps.org/fuh/oda/audio/636935087834095447jeetataɓo.mp3,HTTPError: 404 Client Error: Not Found for url: https://media.ipsapps.org/fuh/oda/audio/636935087834095447jeetata%C9%93o.mp3
https://media.ipsapps.org/fuh/oda/,https://media.ipsapps.org/fuh/oda/audio/636935086043281740jeelooɓi.mp3,HTTPError: 404 Client Error: Not Found for url: https://media.ipsapps.org/fuh/oda/audio/636935086043281740jeeloo%C9%93i.mp3
https://media.ipsapps.org/fuh/oda/,https://media.ipsapps.org/fuh/oda/audio/636935340340429893joɓoowo.mp3,HTTPError: 404 Client Error: Not Found for url: https://media.ipsapps.org/fuh/oda/audio/636935340340429893jo%C9%93oowo.mp3
https://media.ipsapps.org/fuh/oda/,https://media.ipsapps.org/fuh/oda/audio/636935346733723922Joomiraaɗo.mp3,HTTPError: 404 Client Error: Not Found for url: https://media.ipsapps.org/fuh/oda/audio/636935346733723922Joomiraa%C9%97o.mp3
https://media.ipsapps.org/fuh/oda/,https://media.ipsapps.org/fuh/oda/audio/636935043888066376jaaɓooyel-daamaraami.mp3,HTTPError: 404 Client Error: Not Found for url: https://media.ipsapps.org/fuh/oda/audio/636935043888066376jaa%C9%93ooyel-daamaraami.mp3
https://media.ipsapps.org/fuh/oda/,https://media.ipsapps.org/fuh/oda/audio/636935046661003134Jaawanɗo.mp3,HTTPError: 404 Client Error: Not Found for url: https://media.ipsapps.org/fuh/oda/audio/636935046661003134Jaawan%C9%97o.mp3
https://media.ipsapps.org/fuh/oda/,https://media.ipsapps.org/fuh/oda/audio/636935038197876182jaaɓirgal.mp3,HTTPError: 404 Client Error: Not Found for url: https://media.ipsapps.org/fuh/oda/audio/636935038197876182jaa%C9%93irgal.mp3
https://media.ipsapps.org/fuh/oda/,https://media.ipsapps.org/fuh/oda/audio/636935335276583940jiɓande.mp3,HTTPError: 404 Client Error: Not Found for url: https://media.ipsapps.org/fuh/oda/audio/636935335276583940ji%C9%93ande.mp3
https://media.ipsapps.org/fuh/oda/,https://media.ipsapps.org/fuh/oda/audio/636935353011510004jurmotooɗo.mp3,HTTPError: 404 Client Error: Not Found for url: https://media.ipsapps.org/fuh/oda/audio/636935353011510004jurmotoo%C9%97o.mp3
https://media.ipsapps.org/fuh/oda/,https://media.ipsapps.org/fuh/oda/audio/636935084943385169jeɗɗi.mp3,HTTPError: 404 Client Error: Not Found for url: https://media.ipsapps.org/fuh/oda/audio/636935084943385169je%C9%97%C9%97i.mp3
https://media.ipsapps.org/fuh/oda/,https://media.ipsapps.org/fuh/oda/audio/636935081430314938jareteeɗam.mp3,HTTPError: 404 Client Error: Not Found for url: https://media.ipsapps.org/fuh/oda/audio/636935081430314938jaretee%C9%97am.mp3
https://media.ipsapps.org/fuh/oda/,https://media.ipsapps.org/fuh/oda/audio/636935345534233273jooɗaade.mp3,HTTPError: 404 Client Error: Not Found for url: https://media.ipsapps.org/fuh/oda/audio/636935345534233273joo%C9%97aade.mp3
https://media.ipsapps.org/fuh/oda/,https://media.ipsapps.org/fuh/oda/audio/636935346099284286jooɗorgal.mp3,HTTPError: 404 Client Error: Not Found for url: https://media.ipsapps.org/fuh/oda/audio/636935346099284286joo%C9%97orgal.mp3
https://media.ipsapps.org/fuh/oda/,https://media.ipsapps.org/fuh/oda/audio/636935052535296477jaɓude.mp3,HTTPError: 404 Client Error: Not Found for url: https://media.ipsapps.org/fuh/oda/audio/636935052535296477ja%C9%93ude.mp3
https://media.ipsapps.org/fuh/oda/,https://media.ipsapps.org/fuh/oda/audio/636935061431371798jamɗe.mp3,HTTPError: 404 Client Error: Not Found for url: https://media.ipsapps.org/fuh/oda/audio/636935061431371798jam%C9%97e.mp3
https://media.ipsapps.org/fuh/oda/,https://media.ipsapps.org/fuh/oda/audio/636935048575774297jaɓɓaade.mp3,HTTPError: 404 Client Error: Not Found for url: https://media.ipsapps.org/fuh/oda/audio/636935048575774297ja%C9%93%C9%93aade.mp3
https://media.ipsapps.org/fuh/oda/,https://media.ipsapps.org/fuh/oda/audio/636935346044384412jooɗnde.mp3,HTTPError: 404 Client Error: Not Found for url: https://media.ipsapps.org/fuh/oda/audio/636935346044384412joo%C9%97nde.mp3
https://media.ipsapps.org/fuh/oda/,https://media.ipsapps.org/fuh/oda/audio/636935336191166903jiɗo.mp3,HTTPError: 404 Client Error: Not Found for url: https://media.ipsapps.org/fuh/oda/audio/636935336191166903ji%C9%97o.mp3
https://media.ipsapps.org/fuh/oda/,https://media.ipsapps.org/fuh/oda/audio/636935057833424860jalɓol.mp3,HTTPError: 404 Client Error: Not Found for url: https://media.ipsapps.org/fuh/oda/audio/636935057833424860jal%C9%93ol.mp3
https://media.ipsapps.org/fuh/oda/,https://media.ipsapps.org/fuh/oda/audio/636935084661455541jeɓe.mp3,HTTPError: 404 Client Error: Not Found for url: https://media.ipsapps.org/fuh/oda/audio/636935084661455541je%C9%93e.mp3
https://media.ipsapps.org/fuh/oda/,https://media.ipsapps.org/fuh/oda/audio/636935341185653940jogiiɗo konngol.mp3,HTTPError: 404 Client Error: Not Found for url: https://media.ipsapps.org/fuh/oda/audio/636935341185653940jogii%C9%97o%20konngol.mp3
https://media.ipsapps.org/fuh/oda/,https://media.ipsapps.org/fuh/oda/audio/636935353572539082juuɗe.mp3,HTTPError: 404 Client Error: Not Found for url: https://media.ipsapps.org/fuh/oda/audio/636935353572539082juu%C9%97e.mp3
https://media.ipsapps.org/fuh/oda/,https://media.ipsapps.org/fuh/oda/audio/636935037959343859jaaɓere.mp3,HTTPError: 404 Client Error: Not Found for url: https://media.ipsapps.org/fuh/oda/audio/636935037959343859jaa%C9%93ere.mp3
https://media.ipsapps.org/fuh/oda/,https://media.ipsapps.org/fuh/oda/audio/636935050800571190jaɓeede.mp3,HTTPError: 404 Client Error: Not Found for url: https://media.ipsapps.org/fuh/oda/audio/636935050800571190ja%C9%93eede.mp3
https://media.ipsapps.org/fuh/oda/,https://media.ipsapps.org/fuh/oda/audio/636935084249086605jawtuɗo.mp3,HTTPError: 404 Client Error: Not Found for url: https://media.ipsapps.org/fuh/oda/audio/636935084249086605jawtu%C9%97o.mp3
https://media.ipsapps.org/fuh/oda/,https://media.ipsapps.org/fuh/oda/audio/636935057770193469jalɓi.mp3,HTTPError: 404 Client Error: Not Found for url: https://media.ipsapps.org/fuh/oda/audio/636935057770193469jal%C9%93i.mp3
https://media.ipsapps.org/fuh/oda/,https://media.ipsapps.org/fuh/oda/audio/636935085134553534jeɗɗoy.mp3,HTTPError: 404 Client Error: Not Found for url: https://media.ipsapps.org/fuh/oda/audio/636935085134553534je%C9%97%C9%97oy.mp3
https://media.ipsapps.org/fuh/oda/,https://media.ipsapps.org/fuh/oda/audio/636935052390499125jaɓtugol.mp3,HTTPError: 404 Client Error: Not Found for url: https://media.ipsapps.org/fuh/oda/audio/636935052390499125ja%C9%93tugol.mp3
https://media.ipsapps.org/fuh/oda/,https://media.ipsapps.org/fuh/oda/audio/636935347074181999Joomiraaɗo Jom Baawdeeji.mp3,HTTPError: 404 Client Error: Not Found for url: https://media.ipsapps.org/fuh/oda/audio/636935347074181999Joomiraa%C9%97o%20Jom%20Baawdeeji.mp3
https://media.ipsapps.org/fuh/oda/,https://media.ipsapps.org/fuh/oda/audio/636935089359762704jetaɓe.mp3,HTTPError: 404 Client Error: Not Found for url: https://media.ipsapps.org/fuh/oda/audio/636935089359762704jeta%C9%93e.mp3
https://media.ipsapps.org/fuh/oda/,https://media.ipsapps.org/fuh/oda/audio/636935085323587302jeegaɓo.mp3,HTTPError: 404 Client Error: Not Found for url: https://media.ipsapps.org/fuh/oda/audio/636935085323587302jeega%C9%93o.mp3
https://media.ipsapps.org/fuh/oda/,https://media.ipsapps.org/fuh/oda/audio/636935351434415711julɗe.mp3,HTTPError: 404 Client Error: Not Found for url: https://media.ipsapps.org/fuh/oda/audio/636935351434415711jul%C9%97e.mp3
https://media.ipsapps.org/fuh/oda/,https://media.ipsapps.org/fuh/oda/audio/636935085014998250jeɗɗiire.mp3,HTTPError: 404 Client Error: Not Found for url: https://media.ipsapps.org/fuh/oda/audio/636935085014998250je%C9%97%C9%97iire.mp3
https://media.ipsapps.org/fuh/oda/,https://media.ipsapps.org/fuh/oda/audio/636935089693662400jeyaaɗo.mp3,HTTPError: 404 Client Error: Not Found for url: https://media.ipsapps.org/fuh/oda/audio/636935089693662400jeyaa%C9%97o.mp3
https://media.ipsapps.org/fuh/oda/,https://media.ipsapps.org/fuh/oda/audio/636935346965011733Joomiraaɗo Jom Baawde.mp3,HTTPError: 404 Client Error: Not Found for url: https://media.ipsapps.org/fuh/oda/audio/636935346965011733Joomiraa%C9%97o%20Jom%20Baawde.mp3
https://media.ipsapps.org/fuh/oda/,https://media.ipsapps.org/fuh/oda/audio/636935335594059042jiɓude.mp3,HTTPError: 404 Client Error: Not Found for url: https://media.ipsapps.org/fuh/oda/audio/636935335594059042ji%C9%93ude.mp3
https://media.ipsapps.org/fuh/oda/,https://media.ipsapps.org/fuh/oda/audio/636935335959467472jiɗɗo.mp3,HTTPError: 404 Client Error: Not Found for url: https://media.ipsapps.org/fuh/oda/audio/636935335959467472ji%C9%97%C9%97o.mp3
https://media.ipsapps.org/fuh/oda/,https://media.ipsapps.org/fuh/oda/audio/636935335522638011jiɓtude.mp3,HTTPError: 404 Client Error: Not Found for url: https://media.ipsapps.org/fuh/oda/audio/636935335522638011ji%C9%93tude.mp3
https://media.ipsapps.org/fuh/oda/,https://media.ipsapps.org/fuh/oda/audio/636935335866170430jiɗaale.mp3,HTTPError: 404 Client Error: Not Found for url: https://media.ipsapps.org/fuh/oda/audio/636935335866170430ji%C9%97aale.mp3
https://media.ipsapps.org/fuh/oda/,https://media.ipsapps.org/fuh/oda/audio/636935078845045258jannguɗo laaluwaaji.mp3,HTTPError: 404 Client Error: Not Found for url: https://media.ipsapps.org/fuh/oda/audio/636935078845045258janngu%C9%97o%20laaluwaaji.mp3
https://media.ipsapps.org/fuh/oda/,https://media.ipsapps.org/fuh/oda/audio/636935052325493211jaɓtude.mp3,HTTPError: 404 Client Error: Not Found for url: https://media.ipsapps.org/fuh/oda/audio/636935052325493211ja%C9%93tude.mp3
https://media.ipsapps.org/fuh/oda/,https://media.ipsapps.org/fuh/oda/audio/636935058255930348jaldiiɗo.mp3,HTTPError: 404 Client Error: Not Found for url: https://media.ipsapps.org/fuh/oda/audio/636935058255930348jaldii%C9%97o.mp3
https://media.ipsapps.org/fuh/oda/,https://media.ipsapps.org/fuh/oda/audio/636935090888198119ji'ey ɓaley.mp3,HTTPError: 404 Client Error: Not Found for url: https://media.ipsapps.org/fuh/oda/audio/636935090888198119ji'ey%20%C9%93aley.mp3
https://media.ipsapps.org/fuh/oda/,https://media.ipsapps.org/fuh/oda/audio/636935057903894493jalɓu.mp3,HTTPError: 404 Client Error: Not Found for url: https://media.ipsapps.org/fuh/oda/audio/636935057903894493jal%C9%93u.mp3
https://media.ipsapps.org/fuh/oda/,https://media.ipsapps.org/fuh/oda/audio/636935045362392205jaalɗude.mp3,HTTPError: 404 Client Error: Not Found for url: https://media.ipsapps.org/fuh/oda/audio/636935045362392205jaal%C9%97ude.mp3
https://media.ipsapps.org/fuh/oda/,https://media.ipsapps.org/fuh/oda/audio/636935050455169038jaɓɓitagol.mp3,HTTPError: 404 Client Error: Not Found for url: https://media.ipsapps.org/fuh/oda/audio/636935050455169038ja%C9%93%C9%93itagol.mp3
https://media.ipsapps.org/fuh/oda/,https://media.ipsapps.org/fuh/oda/audio/636935335356639763jiɓeede.mp3,HTTPError: 404 Client Error: Not Found for url: https://media.ipsapps.org/fuh/oda/audio/636935335356639763ji%C9%93eede.mp3
https://media.ipsapps.org/fuh/oda/,https://media.ipsapps.org/fuh/oda/audio/636935047548081759jaaƴaade.mp3,HTTPError: 404 Client Error: Not Found for url: https://media.ipsapps.org/fuh/oda/audio/636935047548081759jaa%C6%B4aade.mp3
https://media.ipsapps.org/fuh/oda/,https://media.ipsapps.org/fuh/oda/audio/636935336084386564jiɗniiɗo.mp3,HTTPError: 404 Client Error: Not Found for url: https://media.ipsapps.org/fuh/oda/audio/636935336084386564ji%C9%97nii%C9%97o.mp3
https://media.ipsapps.org/fuh/oda/,https://media.ipsapps.org/fuh/oda/audio/636935337681564460jilɗi.mp3,HTTPError: 404 Client Error: Not Found for url: https://media.ipsapps.org/fuh/oda/audio/636935337681564460jil%C9%97i.mp3
https://media.ipsapps.org/fuh/oda/,https://media.ipsapps.org/fuh/oda/audio/636935038391467705jaaɓo.mp3,HTTPError: 404 Client Error: Not Found for url: https://media.ipsapps.org/fuh/oda/audio/636935038391467705jaa%C9%93o.mp3
https://media.ipsapps.org/fuh/oda/,https://media.ipsapps.org/fuh/oda/audio/636935082472204116jawɗi.mp3,HTTPError: 404 Client Error: Not Found for url: https://media.ipsapps.org/fuh/oda/audio/636935082472204116jaw%C9%97i.mp3
https://media.ipsapps.org/fuh/oda/,https://media.ipsapps.org/fuh/oda/audio/636935335441237368jiɓinde.mp3,HTTPError: 404 Client Error: Not Found for url: https://media.ipsapps.org/fuh/oda/audio/636935335441237368ji%C9%93inde.mp3
https://media.ipsapps.org/fuh/oda/,https://media.ipsapps.org/fuh/oda/audio/636935089809693688jeyɗo.mp3,HTTPError: 404 Client Error: Not Found for url: https://media.ipsapps.org/fuh/oda/audio/636935089809693688jey%C9%97o.mp3
https://media.ipsapps.org/fuh/oda/,https://media.ipsapps.org/fuh/oda/audio/636935345973724297jooɗiiɗo.mp3,HTTPError: 404 Client Error: Not Found for url: https://media.ipsapps.org/fuh/oda/audio/636935345973724297joo%C9%97ii%C9%97o.mp3
https://media.ipsapps.org/fuh/oda/,https://media.ipsapps.org/fuh/oda/audio/636935334966265101ji'otooɗo.mp3,HTTPError: 404 Client Error: Not Found for url: https://media.ipsapps.org/fuh/oda/audio/636935334966265101ji'otoo%C9%97o.mp3
https://media.ipsapps.org/fuh/oda/,https://media.ipsapps.org/fuh/oda/audio/636935085257887588jeɗu.mp3,HTTPError: 404 Client Error: Not Found for url: https://media.ipsapps.org/fuh/oda/audio/636935085257887588je%C9%97u.mp3
https://media.ipsapps.org/fuh/oda/,https://media.ipsapps.org/fuh/oda/audio/636935072985715752jamolɗinde.mp3,HTTPError: 404 Client Error: Not Found for url: https://media.ipsapps.org/fuh/oda/audio/636935072985715752jamol%C9%97inde.mp3
https://media.ipsapps.org/fuh/oda/,https://media.ipsapps.org/fuh/oda/audio/636935088326290994jehaaɗo.mp3,HTTPError: 404 Client Error: Not Found for url: https://media.ipsapps.org/fuh/oda/audio/636935088326290994jehaa%C9%97o.mp3
https://media.ipsapps.org/fuh/oda/,https://media.ipsapps.org/fuh/oda/audio/636935345245040233jooɓaari.mp3,HTTPError: 404 Client Error: Not Found for url: https://media.ipsapps.org/fuh/oda/audio/636935345245040233joo%C9%93aari.mp3
https://media.ipsapps.org/fuh/oda/,https://media.ipsapps.org/fuh/oda/audio/636935038040283518jaaɓi.mp3,HTTPError: 404 Client Error: Not Found for url: https://media.ipsapps.org/fuh/oda/audio/636935038040283518jaa%C9%93i.mp3
https://media.ipsapps.org/fuh/oda/,https://media.ipsapps.org/fuh/oda/audio/636935335181875785jiɓaade.mp3,HTTPError: 404 Client Error: Not Found for url: https://media.ipsapps.org/fuh/oda/audio/636935335181875785ji%C9%93aade.mp3
https://media.ipsapps.org/fuh/oda/,https://media.ipsapps.org/fuh/oda/audio/636935348960307452joƴƴinde.mp3,HTTPError: 404 Client Error: Not Found for url: https://media.ipsapps.org/fuh/oda/audio/636935348960307452jo%C6%B4%C6%B4inde.mp3
https://media.ipsapps.org/fuh/oda/,https://media.ipsapps.org/fuh/oda/audio/636935085073583560jeɗɗo.mp3,HTTPError: 404 Client Error: Not Found for url: https://media.ipsapps.org/fuh/oda/audio/636935085073583560je%C9%97%C9%97o.mp3
https://media.ipsapps.org/fuh/oda/,https://media.ipsapps.org/fuh/oda/audio/636935050371668079jaɓɓitaade.mp3,HTTPError: 404 Client Error: Not Found for url: https://media.ipsapps.org/fuh/oda/audio/636935050371668079ja%C9%93%C9%93itaade.mp3
https://media.ipsapps.org/fuh/oda/,https://media.ipsapps.org/fuh/oda/audio/636935349066878527joƴƴinnde huunde.mp3,HTTPError: 404 Client Error: Not Found for url: https://media.ipsapps.org/fuh/oda/audio/636935349066878527jo%C6%B4%C6%B4innde%20huunde.mp3
https://media.ipsapps.org/fuh/oda/,https://media.ipsapps.org/fuh/oda/audio/636935065199504804jammbotooɗo.mp3,HTTPError: 404 Client Error: Not Found for url: https://media.ipsapps.org/fuh/oda/audio/636935065199504804jammbotoo%C9%97o.mp3
https://media.ipsapps.org/fuh/oda/,https://media.ipsapps.org/fuh/oda/audio/636935355292637721juuta-enɗiihi.mp3,HTTPError: 404 Client Error: Not Found for url: https://media.ipsapps.org/fuh/oda/audio/636935355292637721juuta-en%C9%97iihi.mp3
https://media.ipsapps.org/fuh/oda/,https://media.ipsapps.org/fuh/oda/audio/636935345717362774jooɗɗo.mp3,HTTPError: 404 Client Error: Not Found for url: https://media.ipsapps.org/fuh/oda/audio/636935345717362774joo%C9%97%C9%97o.mp3
https://media.ipsapps.org/fuh/oda/,https://media.ipsapps.org/fuh/oda/audio/636935050543104683jaɓɓowaade.mp3,HTTPError: 404 Client Error: Not Found for url: https://media.ipsapps.org/fuh/oda/audio/636935050543104683ja%C9%93%C9%93owaade.mp3
https://media.ipsapps.org/fuh/oda/,https://media.ipsapps.org/fuh/oda/audio/636935349240380565juɗude.mp3,HTTPError: 404 Client Error: Not Found for url: https://media.ipsapps.org/fuh/oda/audio/636935349240380565ju%C9%97ude.mp3
https://media.ipsapps.org/fuh/oda/,https://media.ipsapps.org/fuh/oda/audio/636935346171718480jooɗorgal-fowru.mp3,HTTPError: 404 Client Error: Not Found for url: https://media.ipsapps.org/fuh/oda/audio/636935346171718480joo%C9%97orgal-fowru.mp3
https://media.ipsapps.org/fuh/oda/,https://media.ipsapps.org/fuh/oda/audio/636922012914763864ekitotooɗo.mp3,HTTPError: 404 Client Error: Not Found for url: https://media.ipsapps.org/fuh/oda/audio/636922012914763864ekitotoo%C9%97o.mp3
https://media.ipsapps.org/fuh/oda/,https://media.ipsapps.org/fuh/oda/audio/636935343004925951jom ƴamngal.mp3,HTTPError: 404 Client Error: Not Found for url: https://media.ipsapps.org/fuh/oda/audio/636935343004925951jom%20%C6%B4amngal.mp3
https://media.ipsapps.org/fuh/oda/,https://media.ipsapps.org/fuh/oda/audio/636935061187088982jamɗal.mp3,HTTPError: 404 Client Error: Not Found for url: https://media.ipsapps.org/fuh/oda/audio/636935061187088982jam%C9%97al.mp3
https://media.ipsapps.org/fuh/oda/,https://media.ipsapps.org/fuh/oda/audio/636935353509728281juuɓude.mp3,HTTPError: 404 Client Error: Not Found for url: https://media.ipsapps.org/fuh/oda/audio/636935353509728281juu%C9%93ude.mp3
https://media.ipsapps.org/fuh/oda/,https://media.ipsapps.org/fuh/oda/audio/636935344468868886jonngooɗe.mp3,HTTPError: 404 Client Error: Not Found for url: https://media.ipsapps.org/fuh/oda/audio/636935344468868886jonngoo%C9%97e.mp3
https://media.ipsapps.org/fuh/oda/,https://media.ipsapps.org/fuh/oda/audio/636922010641508612eɗen.mp3,HTTPError: 404 Client Error: Not Found for url: https://media.ipsapps.org/fuh/oda/audio/636922010641508612e%C9%97en.mp3
https://media.ipsapps.org/fuh/oda/,https://media.ipsapps.org/fuh/oda/audio/636922014336357623enɗiiwa.mp3,HTTPError: 404 Client Error: Not Found for url: https://media.ipsapps.org/fuh/oda/audio/636922014336357623en%C9%97iiwa.mp3
https://media.ipsapps.org/fuh/oda/,https://media.ipsapps.org/fuh/oda/audio/636922014125910530enɗam.mp3,HTTPError: 404 Client Error: Not Found for url: https://media.ipsapps.org/fuh/oda/audio/636922014125910530en%C9%97am.mp3
https://media.ipsapps.org/fuh/oda/,https://media.ipsapps.org/fuh/oda/audio/636922011510673150Efesunkooɓe.mp3,HTTPError: 404 Client Error: Not Found for url: https://media.ipsapps.org/fuh/oda/audio/636922011510673150Efesunkoo%C9%93e.mp3
https://media.ipsapps.org/fuh/oda/,https://media.ipsapps.org/fuh/oda/audio/636922014208152673enɗam lekki.mp3,HTTPError: 404 Client Error: Not Found for url: https://media.ipsapps.org/fuh/oda/audio/636922014208152673en%C9%97am%20lekki.mp3
https://media.ipsapps.org/fuh/oda/,https://media.ipsapps.org/fuh/oda/audio/636922010103513263eɓe.mp3,HTTPError: 404 Client Error: Not Found for url: https://media.ipsapps.org/fuh/oda/audio/636922010103513263e%C9%93e.mp3
https://media.ipsapps.org/fuh/oda/,https://media.ipsapps.org/fuh/oda/audio/636964340303908099toɓol.mp3,HTTPError: 404 Client Error: Not Found for url: https://media.ipsapps.org/fuh/oda/audio/636964340303908099to%C9%93ol.mp3
https://media.ipsapps.org/fuh/oda/,https://media.ipsapps.org/fuh/oda/audio/636964356240659756turɓinaade.mp3,HTTPError: 404 Client Error: Not Found for url: https://media.ipsapps.org/fuh/oda/audio/636964356240659756tur%C9%93inaade.mp3
https://media.ipsapps.org/fuh/oda/,https://media.ipsapps.org/fuh/oda/audio/636964328754210807tiɗɗude.mp3,HTTPError: 404 Client Error: Not Found for url: https://media.ipsapps.org/fuh/oda/audio/636964328754210807ti%C9%97%C9%97ude.mp3
https://media.ipsapps.org/fuh/oda/,https://media.ipsapps.org/fuh/oda/audio/636964340235410975toɓɓude.mp3,HTTPError: 404 Client Error: Not Found for url: https://media.ipsapps.org/fuh/oda/audio/636964340235410975to%C9%93%C9%93ude.mp3
https://media.ipsapps.org/fuh/oda/,https://media.ipsapps.org/fuh/oda/audio/636964322208156375teeŋinde.mp3,HTTPError: 404 Client Error: Not Found for url: https://media.ipsapps.org/fuh/oda/audio/636964322208156375tee%C5%8Binde.mp3
https://media.ipsapps.org/fuh/oda/,https://media.ipsapps.org/fuh/oda/audio/636964327613760487tiɓa.mp3,HTTPError: 404 Client Error: Not Found for url: https://media.ipsapps.org/fuh/oda/audio/636964327613760487ti%C9%93a.mp3
https://media.ipsapps.org/fuh/oda/,https://media.ipsapps.org/fuh/oda/audio/636964338887264933toɓɓaade.mp3,HTTPError: 404 Client Error: Not Found for url: https://media.ipsapps.org/fuh/oda/audio/636964338887264933to%C9%93%C9%93aade.mp3
https://media.ipsapps.org/fuh/oda/,https://media.ipsapps.org/fuh/oda/audio/636964310231060242talkuru njoɓdi.mp3,HTTPError: 404 Client Error: Not Found for url: https://media.ipsapps.org/fuh/oda/audio/636964310231060242talkuru%20njo%C9%93di.mp3
https://media.ipsapps.org/fuh/oda/,https://media.ipsapps.org/fuh/oda/audio/636964320114691013taƴorde.mp3,HTTPError: 404 Client Error: Not Found for url: https://media.ipsapps.org/fuh/oda/audio/636964320114691013ta%C6%B4orde.mp3
https://media.ipsapps.org/fuh/oda/,https://media.ipsapps.org/fuh/oda/audio/636964329567827440tiiɗorma.mp3,HTTPError: 404 Client Error: Not Found for url: https://media.ipsapps.org/fuh/oda/audio/636964329567827440tii%C9%97orma.mp3
https://media.ipsapps.org/fuh/oda/,https://media.ipsapps.org/fuh/oda/audio/636964322425252416teeŋude.mp3,HTTPError: 404 Client Error: Not Found for url: https://media.ipsapps.org/fuh/oda/audio/636964322425252416tee%C5%8Bude.mp3
https://media.ipsapps.org/fuh/oda/,https://media.ipsapps.org/fuh/oda/audio/636964336551112789tinu wirfitaaɗo.mp3,HTTPError: 404 Client Error: Not Found for url: https://media.ipsapps.org/fuh/oda/audio/636964336551112789tinu%20wirfitaa%C9%97o.mp3
https://media.ipsapps.org/fuh/oda/,https://media.ipsapps.org/fuh/oda/audio/636964339079835326toɓɓe ɗiɗi.mp3,HTTPError: 404 Client Error: Not Found for url: https://media.ipsapps.org/fuh/oda/audio/636964339079835326to%C9%93%C9%93e%20%C9%97i%C9%97i.mp3
https://media.ipsapps.org/fuh/oda/,https://media.ipsapps.org/fuh/oda/audio/636964359484456814tuƴƴam.mp3,HTTPError: 404 Client Error: Not Found for url: https://media.ipsapps.org/fuh/oda/audio/636964359484456814tu%C6%B4%C6%B4am.mp3
https://media.ipsapps.org/fuh/oda/,https://media.ipsapps.org/fuh/oda/audio/636964359546575830tuƴƴude.mp3,HTTPError: 404 Client Error: Not Found for url: https://media.ipsapps.org/fuh/oda/audio/636964359546575830tu%C6%B4%C6%B4ude.mp3
https://media.ipsapps.org/fuh/oda/,https://media.ipsapps.org/fuh/oda/audio/636964310123377751talkiɗinde.mp3,HTTPError: 404 Client Error: Not Found for url: https://media.ipsapps.org/fuh/oda/audio/636964310123377751talki%C9%97inde.mp3
https://media.ipsapps.org/fuh/oda/,https://media.ipsapps.org/fuh/oda/audio/636964353867912689tuɓtaaɗe.mp3,HTTPError: 404 Client Error: Not Found for url: https://media.ipsapps.org/fuh/oda/audio/636964353867912689tu%C9%93taa%C9%97e.mp3
https://media.ipsapps.org/fuh/oda/,https://media.ipsapps.org/fuh/oda/audio/636964338975617898toɓɓande.mp3,HTTPError: 404 Client Error: Not Found for url: https://media.ipsapps.org/fuh/oda/audio/636964338975617898to%C9%93%C9%93ande.mp3
https://media.ipsapps.org/fuh/oda/,https://media.ipsapps.org/fuh/oda/audio/636964339514785263toɓɓere daaƴirde.mp3,HTTPError: 404 Client Error: Not Found for url: https://media.ipsapps.org/fuh/oda/audio/636964339514785263to%C9%93%C9%93ere%20daa%C6%B4irde.mp3
https://media.ipsapps.org/fuh/oda/,https://media.ipsapps.org/fuh/oda/audio/636964312624408571tamƴude.mp3,HTTPError: 404 Client Error: Not Found for url: https://media.ipsapps.org/fuh/oda/audio/636964312624408571tam%C6%B4ude.mp3
https://media.ipsapps.org/fuh/oda/,https://media.ipsapps.org/fuh/oda/audio/636964332920424846tilƴolde.mp3,HTTPError: 404 Client Error: Not Found for url: https://media.ipsapps.org/fuh/oda/audio/636964332920424846til%C6%B4olde.mp3
https://media.ipsapps.org/fuh/oda/,https://media.ipsapps.org/fuh/oda/audio/636964339350113108toɓɓere.mp3,HTTPError: 404 Client Error: Not Found for url: https://media.ipsapps.org/fuh/oda/audio/636964339350113108to%C9%93%C9%93ere.mp3
https://media.ipsapps.org/fuh/oda/,https://media.ipsapps.org/fuh/oda/audio/636964327535176533teƴorde.mp3,HTTPError: 404 Client Error: Not Found for url: https://media.ipsapps.org/fuh/oda/audio/636964327535176533te%C6%B4orde.mp3
https://media.ipsapps.org/fuh/oda/,https://media.ipsapps.org/fuh/oda/audio/636964325539534723teppere paɗal.mp3,HTTPError: 404 Client Error: Not Found for url: https://media.ipsapps.org/fuh/oda/audio/636964325539534723teppere%20pa%C9%97al.mp3
https://media.ipsapps.org/fuh/oda/,https://media.ipsapps.org/fuh/oda/audio/636964339271885411toɓɓe njokkondirɗe.mp3,HTTPError: 404 Client Error: Not Found for url: https://media.ipsapps.org/fuh/oda/audio/636964339271885411to%C9%93%C9%93e%20njokkondir%C9%97e.mp3
https://media.ipsapps.org/fuh/oda/,https://media.ipsapps.org/fuh/oda/audio/636964320593302251teɓɓude.mp3,HTTPError: 404 Client Error: Not Found for url: https://media.ipsapps.org/fuh/oda/audio/636964320593302251te%C9%93%C9%93ude.mp3
https://media.ipsapps.org/fuh/oda/,https://media.ipsapps.org/fuh/oda/audio/636964329427499861tiiɗalla.mp3,HTTPError: 404 Client Error: Not Found for url: https://media.ipsapps.org/fuh/oda/audio/636964329427499861tii%C9%97alla.mp3
https://media.ipsapps.org/fuh/oda/,https://media.ipsapps.org/fuh/oda/audio/636964313702339380tanson ƴeenyo.mp3,HTTPError: 404 Client Error: Not Found for url: https://media.ipsapps.org/fuh/oda/audio/636964313702339380tanson%20%C6%B4eenyo.mp3
https://media.ipsapps.org/fuh/oda/,https://media.ipsapps.org/fuh/oda/audio/636964313566478585tanson jippotooɗo.mp3,HTTPError: 404 Client Error: Not Found for url: https://media.ipsapps.org/fuh/oda/audio/636964313566478585tanson%20jippotoo%C9%97o.mp3
https://media.ipsapps.org/fuh/oda/,https://media.ipsapps.org/fuh/oda/audio/636964337718020535tiƴƴude.mp3,HTTPError: 404 Client Error: Not Found for url: https://media.ipsapps.org/fuh/oda/audio/636964337718020535ti%C6%B4%C6%B4ude.mp3
https://media.ipsapps.org/fuh/oda/,https://media.ipsapps.org/fuh/oda/audio/636964340165308865toɓɓitoɓɓinde.mp3,HTTPError: 404 Client Error: Not Found for url: https://media.ipsapps.org/fuh/oda/audio/636964340165308865to%C9%93%C9%93ito%C9%93%C9%93inde.mp3
https://media.ipsapps.org/fuh/oda/,https://media.ipsapps.org/fuh/oda/audio/636964326541513743Tesaloniyankooɓe.mp3,HTTPError: 404 Client Error: Not Found for url: https://media.ipsapps.org/fuh/oda/audio/636964326541513743Tesaloniyankoo%C9%93e.mp3
https://media.ipsapps.org/fuh/oda/,https://media.ipsapps.org/fuh/oda/audio/636964341457465953tokkuɗo.mp3,HTTPError: 404 Client Error: Not Found for url: https://media.ipsapps.org/fuh/oda/audio/636964341457465953tokku%C9%97o.mp3
https://media.ipsapps.org/fuh/oda/,https://media.ipsapps.org/fuh/oda/audio/636964327455286577teƴoral.mp3,HTTPError: 404 Client Error: Not Found for url: https://media.ipsapps.org/fuh/oda/audio/636964327455286577te%C6%B4oral.mp3
https://media.ipsapps.org/fuh/oda/,https://media.ipsapps.org/fuh/oda/audio/636964350280782254tonƴolde.mp3,HTTPError: 404 Client Error: Not Found for url: https://media.ipsapps.org/fuh/oda/audio/636964350280782254ton%C6%B4olde.mp3
https://media.ipsapps.org/fuh/oda/,https://media.ipsapps.org/fuh/oda/audio/636964320507671585teɓɓaare.mp3,HTTPError: 404 Client Error: Not Found for url: https://media.ipsapps.org/fuh/oda/audio/636964320507671585te%C9%93%C9%93aare.mp3
https://media.ipsapps.org/fuh/oda/,https://media.ipsapps.org/fuh/oda/audio/636949209965368186tagaaɗo.mp3,HTTPError: 404 Client Error: Not Found for url: https://media.ipsapps.org/fuh/oda/audio/636949209965368186tagaa%C9%97o.mp3
https://media.ipsapps.org/fuh/oda/,https://media.ipsapps.org/fuh/oda/audio/636964340003901605toɓɓere lamndorde.mp3,HTTPError: 404 Client Error: Not Found for url: https://media.ipsapps.org/fuh/oda/audio/636964340003901605to%C9%93%C9%93ere%20lamndorde.mp3
https://media.ipsapps.org/fuh/oda/,https://media.ipsapps.org/fuh/oda/audio/636964337480028860tirƴaade.mp3,HTTPError: 404 Client Error: Not Found for url: https://media.ipsapps.org/fuh/oda/audio/636964337480028860tir%C6%B4aade.mp3
https://media.ipsapps.org/fuh/oda/,https://media.ipsapps.org/fuh/oda/audio/636964340382399375toɓude.mp3,HTTPError: 404 Client Error: Not Found for url: https://media.ipsapps.org/fuh/oda/audio/636964340382399375to%C9%93ude.mp3
https://media.ipsapps.org/fuh/oda/,https://media.ipsapps.org/fuh/oda/audio/636964351782509214tooƴolde.mp3,HTTPError: 404 Client Error: Not Found for url: https://media.ipsapps.org/fuh/oda/audio/636964351782509214too%C6%B4olde.mp3
https://media.ipsapps.org/fuh/oda/,https://media.ipsapps.org/fuh/oda/audio/636964339597238135toɓɓere haaytorde.mp3,HTTPError: 404 Client Error: Not Found for url: https://media.ipsapps.org/fuh/oda/audio/636964339597238135to%C9%93%C9%93ere%20haaytorde.mp3
https://media.ipsapps.org/fuh/oda/,https://media.ipsapps.org/fuh/oda/audio/636949205454084529taaɓaade.mp3,HTTPError: 404 Client Error: Not Found for url: https://media.ipsapps.org/fuh/oda/audio/636949205454084529taa%C9%93aade.mp3
https://media.ipsapps.org/fuh/oda/,https://media.ipsapps.org/fuh/oda/audio/636964320015433141taƴoral.mp3,HTTPError: 404 Client Error: Not Found for url: https://media.ipsapps.org/fuh/oda/audio/636964320015433141ta%C6%B4oral.mp3
https://media.ipsapps.org/fuh/oda/,https://media.ipsapps.org/fuh/oda/audio/636964316064799784tawaaɗum.mp3,HTTPError: 404 Client Error: Not Found for url: https://media.ipsapps.org/fuh/oda/audio/636964316064799784tawaa%C9%97um.mp3
https://media.ipsapps.org/fuh/oda/,https://media.ipsapps.org/fuh/oda/audio/636964353937250599tuɓtude.mp3,HTTPError: 404 Client Error: Not Found for url: https://media.ipsapps.org/fuh/oda/audio/636964353937250599tu%C9%93tude.mp3
https://media.ipsapps.org/fuh/oda/,https://media.ipsapps.org/fuh/oda/audio/636964303502120545takkaaɗo.mp3,HTTPError: 404 Client Error: Not Found for url: https://media.ipsapps.org/fuh/oda/audio/636964303502120545takkaa%C9%97o.mp3
https://media.ipsapps.org/fuh/oda/,https://media.ipsapps.org/fuh/oda/audio/636964329496955666tiiɗallaji.mp3,HTTPError: 404 Client Error: Not Found for url: https://media.ipsapps.org/fuh/oda/audio/636964329496955666tii%C9%97allaji.mp3
https://media.ipsapps.org/fuh/oda/,https://media.ipsapps.org/fuh/oda/audio/636964340074716454toɓɓere piccal.mp3,HTTPError: 404 Client Error: Not Found for url: https://media.ipsapps.org/fuh/oda/audio/636964340074716454to%C9%93%C9%93ere%20piccal.mp3
https://media.ipsapps.org/fuh/oda/,https://media.ipsapps.org/fuh/oda/audio/636964356913466724tuuɓaade.mp3,HTTPError: 404 Client Error: Not Found for url: https://media.ipsapps.org/fuh/oda/audio/636964356913466724tuu%C9%93aade.mp3
https://media.ipsapps.org/fuh/oda/,https://media.ipsapps.org/fuh/oda/audio/636964356781215311tuttaaɗe.mp3,HTTPError: 404 Client Error: Not Found for url: https://media.ipsapps.org/fuh/oda/audio/636964356781215311tuttaa%C9%97e.mp3
https://media.ipsapps.org/fuh/oda/,https://media.ipsapps.org/fuh/oda/audio/636949205596942463taaɓannde.mp3,HTTPError: 404 Client Error: Not Found for url: https://media.ipsapps.org/fuh/oda/audio/636949205596942463taa%C9%93annde.mp3
https://media.ipsapps.org/fuh/oda/,https://media.ipsapps.org/fuh/oda/audio/636964353787369036toƴƴaade.mp3,HTTPError: 404 Client Error: Not Found for url: https://media.ipsapps.org/fuh/oda/audio/636964353787369036to%C6%B4%C6%B4aade.mp3
https://media.ipsapps.org/fuh/oda/,https://media.ipsapps.org/fuh/oda/audio/636964320320784078taƴude.mp3,HTTPError: 404 Client Error: Not Found for url: https://media.ipsapps.org/fuh/oda/audio/636964320320784078ta%C6%B4ude.mp3
https://media.ipsapps.org/fuh/oda/,https://media.ipsapps.org/fuh/oda/audio/636964357206546141tuuɗude.mp3,HTTPError: 404 Client Error: Not Found for url: https://media.ipsapps.org/fuh/oda/audio/636964357206546141tuu%C9%97ude.mp3
https://media.ipsapps.org/fuh/oda/,https://media.ipsapps.org/fuh/oda/audio/636964316670867391Tawreeta Ɗiɗaɓerde.mp3,HTTPError: 404 Client Error: Not Found for url: https://media.ipsapps.org/fuh/oda/audio/636964316670867391Tawreeta%20%C6%8Ai%C9%97a%C9%93erde.mp3
https://media.ipsapps.org/fuh/oda/,https://media.ipsapps.org/fuh/oda/audio/636964324360724766tenɗi.mp3,HTTPError: 404 Client Error: Not Found for url: https://media.ipsapps.org/fuh/oda/audio/636964324360724766ten%C9%97i.mp3
https://media.ipsapps.org/fuh/oda/,https://media.ipsapps.org/fuh/oda/audio/636949208912181757taɓɓere.mp3,HTTPError: 404 Client Error: Not Found for url: https://media.ipsapps.org/fuh/oda/audio/636949208912181757ta%C9%93%C9%93ere.mp3
https://media.ipsapps.org/fuh/oda/,https://media.ipsapps.org/fuh/oda/audio/636964319326274141taƴaade.mp3,HTTPError: 404 Client Error: Not Found for url: https://media.ipsapps.org/fuh/oda/audio/636964319326274141ta%C6%B4aade.mp3
https://media.ipsapps.org/fuh/oda/,https://media.ipsapps.org/fuh/oda/audio/636964322272153368teeŋinnde.mp3,HTTPError: 404 Client Error: Not Found for url: https://media.ipsapps.org/fuh/oda/audio/636964322272153368tee%C5%8Binnde.mp3
https://media.ipsapps.org/fuh/oda/,https://media.ipsapps.org/fuh/oda/audio/636964319747702659taƴitaade.mp3,HTTPError: 404 Client Error: Not Found for url: https://media.ipsapps.org/fuh/oda/audio/636964319747702659ta%C6%B4itaade.mp3
https://media.ipsapps.org/fuh/oda/,https://media.ipsapps.org/fuh/oda/audio/636964336231335114tiŋŋinde.mp3,HTTPError: 404 Client Error: Not Found for url: https://media.ipsapps.org/fuh/oda/audio/636964336231335114ti%C5%8B%C5%8Binde.mp3
https://media.ipsapps.org/fuh/oda/,https://media.ipsapps.org/fuh/oda/audio/636964319930931026taykaaɗe.mp3,HTTPError: 404 Client Error: Not Found for url: https://media.ipsapps.org/fuh/oda/audio/636964319930931026taykaa%C9%97e.mp3
https://media.ipsapps.org/fuh/oda/,https://media.ipsapps.org/fuh/oda/audio/636964329697015614tiiɗude.mp3,HTTPError: 404 Client Error: Not Found for url: https://media.ipsapps.org/fuh/oda/audio/636964329697015614tii%C9%97ude.mp3
https://media.ipsapps.org/fuh/oda/,https://media.ipsapps.org/fuh/oda/audio/636947130731868709noorɗude.mp3,HTTPError: 404 Client Error: Not Found for url: https://media.ipsapps.org/fuh/oda/audio/636947130731868709noor%C9%97ude.mp3
https://media.ipsapps.org/fuh/oda/,https://media.ipsapps.org/fuh/oda/audio/636947127690070385njuyɓudi.mp3,HTTPError: 404 Client Error: Not Found for url: https://media.ipsapps.org/fuh/oda/audio/636947127690070385njuy%C9%93udi.mp3
https://media.ipsapps.org/fuh/oda/,https://media.ipsapps.org/fuh/oda/audio/636947118456143568nimɓe.mp3,HTTPError: 404 Client Error: Not Found for url: https://media.ipsapps.org/fuh/oda/audio/636947118456143568nim%C9%93e.mp3
https://media.ipsapps.org/fuh/oda/,https://media.ipsapps.org/fuh/oda/audio/636946368936836642ndaɓɓa.mp3,HTTPError: 404 Client Error: Not Found for url: https://media.ipsapps.org/fuh/oda/audio/636946368936836642nda%C9%93%C9%93a.mp3
https://media.ipsapps.org/fuh/oda/,https://media.ipsapps.org/fuh/oda/audio/636947154256763198nyilɓere.mp3,HTTPError: 404 Client Error: Not Found for url: https://media.ipsapps.org/fuh/oda/audio/636947154256763198nyil%C9%93ere.mp3
https://media.ipsapps.org/fuh/oda/,https://media.ipsapps.org/fuh/oda/audio/636947122994852201njeɗɗo.mp3,HTTPError: 404 Client Error: Not Found for url: https://media.ipsapps.org/fuh/oda/audio/636947122994852201nje%C9%97%C9%97o.mp3
https://media.ipsapps.org/fuh/oda/,https://media.ipsapps.org/fuh/oda/audio/636947141895676284nyannde ŋotteteende.mp3,HTTPError: 404 Client Error: Not Found for url: https://media.ipsapps.org/fuh/oda/audio/636947141895676284nyannde%20%C5%8Botteteende.mp3
https://media.ipsapps.org/fuh/oda/,https://media.ipsapps.org/fuh/oda/audio/636947152867056035nyerƴinde.mp3,HTTPError: 404 Client Error: Not Found for url: https://media.ipsapps.org/fuh/oda/audio/636947152867056035nyer%C6%B4inde.mp3
https://media.ipsapps.org/fuh/oda/,https://media.ipsapps.org/fuh/oda/audio/636947143404429446nyarɓinaade.mp3,HTTPError: 404 Client Error: Not Found for url: https://media.ipsapps.org/fuh/oda/audio/636947143404429446nyar%C9%93inaade.mp3
https://media.ipsapps.org/fuh/oda/,https://media.ipsapps.org/fuh/oda/audio/636945507036976553naawaaɗo.mp3,HTTPError: 404 Client Error: Not Found for url: https://media.ipsapps.org/fuh/oda/audio/636945507036976553naawaa%C9%97o.mp3
https://media.ipsapps.org/fuh/oda/,https://media.ipsapps.org/fuh/oda/audio/636947152175410872nyeenyuɗo.mp3,HTTPError: 404 Client Error: Not Found for url: https://media.ipsapps.org/fuh/oda/audio/636947152175410872nyeenyu%C9%97o.mp3
https://media.ipsapps.org/fuh/oda/,https://media.ipsapps.org/fuh/oda/audio/636947155466920157nyiŋe.mp3,HTTPError: 404 Client Error: Not Found for url: https://media.ipsapps.org/fuh/oda/audio/636947155466920157nyi%C5%8Be.mp3
https://media.ipsapps.org/fuh/oda/,https://media.ipsapps.org/fuh/oda/audio/636947120462681985njaatiraaɗo.mp3,HTTPError: 404 Client Error: Not Found for url: https://media.ipsapps.org/fuh/oda/audio/636947120462681985njaatiraa%C9%97o.mp3
https://media.ipsapps.org/fuh/oda/,https://media.ipsapps.org/fuh/oda/audio/636946377572201990ndooƴikiire.mp3,HTTPError: 404 Client Error: Not Found for url: https://media.ipsapps.org/fuh/oda/audio/636946377572201990ndoo%C6%B4ikiire.mp3
https://media.ipsapps.org/fuh/oda/,https://media.ipsapps.org/fuh/oda/audio/636947116192428446niɓɓinde.mp3,HTTPError: 404 Client Error: Not Found for url: https://media.ipsapps.org/fuh/oda/audio/636947116192428446ni%C9%93%C9%93inde.mp3
https://media.ipsapps.org/fuh/oda/,https://media.ipsapps.org/fuh/oda/audio/636945501211516076naaɗaade.mp3,HTTPError: 404 Client Error: Not Found for url: https://media.ipsapps.org/fuh/oda/audio/636945501211516076naa%C9%97aade.mp3
https://media.ipsapps.org/fuh/oda/,https://media.ipsapps.org/fuh/oda/audio/636948981263342203nyoƴƴude.mp3,HTTPError: 404 Client Error: Not Found for url: https://media.ipsapps.org/fuh/oda/audio/636948981263342203nyo%C6%B4%C6%B4ude.mp3
https://media.ipsapps.org/fuh/oda/,https://media.ipsapps.org/fuh/oda/audio/636947120253645942njaalɗude.mp3,HTTPError: 404 Client Error: Not Found for url: https://media.ipsapps.org/fuh/oda/audio/636947120253645942njaal%C9%97ude.mp3
https://media.ipsapps.org/fuh/oda/,https://media.ipsapps.org/fuh/oda/audio/636947107272022159ngeɗu.mp3,HTTPError: 404 Client Error: Not Found for url: https://media.ipsapps.org/fuh/oda/audio/636947107272022159nge%C9%97u.mp3
https://media.ipsapps.org/fuh/oda/,https://media.ipsapps.org/fuh/oda/audio/636946381504066581neeɓude.mp3,HTTPError: 404 Client Error: Not Found for url: https://media.ipsapps.org/fuh/oda/audio/636946381504066581nee%C9%93ude.mp3
https://media.ipsapps.org/fuh/oda/,https://media.ipsapps.org/fuh/oda/audio/636947153171081500nyiɓal leeso.mp3,HTTPError: 404 Client Error: Not Found for url: https://media.ipsapps.org/fuh/oda/audio/636947153171081500nyi%C9%93al%20leeso.mp3
https://media.ipsapps.org/fuh/oda/,https://media.ipsapps.org/fuh/oda/audio/636948981552614315nyuɗanaade.mp3,HTTPError: 404 Client Error: Not Found for url: https://media.ipsapps.org/fuh/oda/audio/636948981552614315nyu%C9%97anaade.mp3
https://media.ipsapps.org/fuh/oda/,https://media.ipsapps.org/fuh/oda/audio/636946356321551472nanarɗinde.mp3,HTTPError: 404 Client Error: Not Found for url: https://media.ipsapps.org/fuh/oda/audio/636946356321551472nanar%C9%97inde.mp3
https://media.ipsapps.org/fuh/oda/,https://media.ipsapps.org/fuh/oda/audio/636946367561408174ndaarɗe.mp3,HTTPError: 404 Client Error: Not Found for url: https://media.ipsapps.org/fuh/oda/audio/636946367561408174ndaar%C9%97e.mp3
https://media.ipsapps.org/fuh/oda/,https://media.ipsapps.org/fuh/oda/audio/636946366594430333naykiɓɓal.mp3,HTTPError: 404 Client Error: Not Found for url: https://media.ipsapps.org/fuh/oda/audio/636946366594430333nayki%C9%93%C9%93al.mp3
https://media.ipsapps.org/fuh/oda/,https://media.ipsapps.org/fuh/oda/audio/636947153249054480nyiɓitaade.mp3,HTTPError: 404 Client Error: Not Found for url: https://media.ipsapps.org/fuh/oda/audio/636947153249054480nyi%C9%93itaade.mp3
https://media.ipsapps.org/fuh/oda/,https://media.ipsapps.org/fuh/oda/audio/636947107711489444ngeeƴu.mp3,HTTPError: 404 Client Error: Not Found for url: https://media.ipsapps.org/fuh/oda/audio/636947107711489444ngee%C6%B4u.mp3
https://media.ipsapps.org/fuh/oda/,https://media.ipsapps.org/fuh/oda/audio/636947138779481296nyaaƴude.mp3,HTTPError: 404 Client Error: Not Found for url: https://media.ipsapps.org/fuh/oda/audio/636947138779481296nyaa%C6%B4ude.mp3
https://media.ipsapps.org/fuh/oda/,https://media.ipsapps.org/fuh/oda/audio/636946373771947655ndenɗiraagu.mp3,HTTPError: 404 Client Error: Not Found for url: https://media.ipsapps.org/fuh/oda/audio/636946373771947655nden%C9%97iraagu.mp3
https://media.ipsapps.org/fuh/oda/,https://media.ipsapps.org/fuh/oda/audio/636945509262116179nakkitaaɗe.mp3,HTTPError: 404 Client Error: Not Found for url: https://media.ipsapps.org/fuh/oda/audio/636945509262116179nakkitaa%C9%97e.mp3
https://media.ipsapps.org/fuh/oda/,https://media.ipsapps.org/fuh/oda/audio/636946381419667541neɗɗo.mp3,HTTPError: 404 Client Error: Not Found for url: https://media.ipsapps.org/fuh/oda/audio/636946381419667541ne%C9%97%C9%97o.mp3
https://media.ipsapps.org/fuh/oda/,https://media.ipsapps.org/fuh/oda/audio/636947152395752504nyeliɗinde.mp3,HTTPError: 404 Client Error: Not Found for url: https://media.ipsapps.org/fuh/oda/audio/636947152395752504nyeli%C9%97inde.mp3
https://media.ipsapps.org/fuh/oda/,https://media.ipsapps.org/fuh/oda/audio/636947153021496302nyerƴude.mp3,HTTPError: 404 Client Error: Not Found for url: https://media.ipsapps.org/fuh/oda/audio/636947153021496302nyer%C6%B4ude.mp3
https://media.ipsapps.org/fuh/oda/,https://media.ipsapps.org/fuh/oda/audio/636946375333871643ndiiŋaali.mp3,HTTPError: 404 Client Error: Not Found for url: https://media.ipsapps.org/fuh/oda/audio/636946375333871643ndii%C5%8Baali.mp3
https://media.ipsapps.org/fuh/oda/,https://media.ipsapps.org/fuh/oda/audio/636946364308569144nawlinɗo.mp3,HTTPError: 404 Client Error: Not Found for url: https://media.ipsapps.org/fuh/oda/audio/636946364308569144nawlin%C9%97o.mp3
https://media.ipsapps.org/fuh/oda/,https://media.ipsapps.org/fuh/oda/audio/636946369100220383ndaɗɗudi.mp3,HTTPError: 404 Client Error: Not Found for url: https://media.ipsapps.org/fuh/oda/audio/636946369100220383nda%C9%97%C9%97udi.mp3
https://media.ipsapps.org/fuh/oda/,https://media.ipsapps.org/fuh/oda/audio/636947140933873095nyalmiiɗo.mp3,HTTPError: 404 Client Error: Not Found for url: https://media.ipsapps.org/fuh/oda/audio/636947140933873095nyalmii%C9%97o.mp3
https://media.ipsapps.org/fuh/oda/,https://media.ipsapps.org/fuh/oda/audio/636946387733906983ngaŋ.mp3,HTTPError: 404 Client Error: Not Found for url: https://media.ipsapps.org/fuh/oda/audio/636946387733906983nga%C5%8B.mp3
https://media.ipsapps.org/fuh/oda/,https://media.ipsapps.org/fuh/oda/audio/636947135628704735nyaaɗuɗo.mp3,HTTPError: 404 Client Error: Not Found for url: https://media.ipsapps.org/fuh/oda/audio/636947135628704735nyaa%C9%97u%C9%97o.mp3
https://media.ipsapps.org/fuh/oda/,https://media.ipsapps.org/fuh/oda/audio/636947155684077249nyiŋude.mp3,HTTPError: 404 Client Error: Not Found for url: https://media.ipsapps.org/fuh/oda/audio/636947155684077249nyi%C5%8Bude.mp3
https://media.ipsapps.org/fuh/oda/,https://media.ipsapps.org/fuh/oda/audio/636947151654642835nyeɗude.mp3,HTTPError: 404 Client Error: Not Found for url: https://media.ipsapps.org/fuh/oda/audio/636947151654642835nye%C9%97ude.mp3
https://media.ipsapps.org/fuh/oda/,https://media.ipsapps.org/fuh/oda/audio/636947116111238684niɓɓande.mp3,HTTPError: 404 Client Error: Not Found for url: https://media.ipsapps.org/fuh/oda/audio/636947116111238684ni%C9%93%C9%93ande.mp3
https://media.ipsapps.org/fuh/oda/,https://media.ipsapps.org/fuh/oda/audio/636947138687840156nyaaƴirɗum.mp3,HTTPError: 404 Client Error: Not Found for url: https://media.ipsapps.org/fuh/oda/audio/636947138687840156nyaa%C6%B4ir%C9%97um.mp3
https://media.ipsapps.org/fuh/oda/,https://media.ipsapps.org/fuh/oda/audio/636947117510358554niizonɗineede.mp3,HTTPError: 404 Client Error: Not Found for url: https://media.ipsapps.org/fuh/oda/audio/636947117510358554niizon%C9%97ineede.mp3
https://media.ipsapps.org/fuh/oda/,https://media.ipsapps.org/fuh/oda/audio/636947138853943944nyaɓaade.mp3,HTTPError: 404 Client Error: Not Found for url: https://media.ipsapps.org/fuh/oda/audio/636947138853943944nya%C9%93aade.mp3
https://media.ipsapps.org/fuh/oda/,https://media.ipsapps.org/fuh/oda/audio/636947153788344445nyiiɓaade.mp3,HTTPError: 404 Client Error: Not Found for url: https://media.ipsapps.org/fuh/oda/audio/636947153788344445nyii%C9%93aade.mp3
https://media.ipsapps.org/fuh/oda/,https://media.ipsapps.org/fuh/oda/audio/636947116313340034niɓnde.mp3,HTTPError: 404 Client Error: Not Found for url: https://media.ipsapps.org/fuh/oda/audio/636947116313340034ni%C9%93nde.mp3
https://media.ipsapps.org/fuh/oda/,https://media.ipsapps.org/fuh/oda/audio/636947115766737074nguƴu.mp3,HTTPError: 404 Client Error: Not Found for url: https://media.ipsapps.org/fuh/oda/audio/636947115766737074ngu%C6%B4u.mp3
https://media.ipsapps.org/fuh/oda/,https://media.ipsapps.org/fuh/oda/audio/636947108446922150ngesa leɗɗe.mp3,HTTPError: 404 Client Error: Not Found for url: https://media.ipsapps.org/fuh/oda/audio/636947108446922150ngesa%20le%C9%97%C9%97e.mp3
https://media.ipsapps.org/fuh/oda/,https://media.ipsapps.org/fuh/oda/audio/636947119985076977njaaɓi.mp3,HTTPError: 404 Client Error: Not Found for url: https://media.ipsapps.org/fuh/oda/audio/636947119985076977njaa%C9%93i.mp3
https://media.ipsapps.org/fuh/oda/,https://media.ipsapps.org/fuh/oda/audio/636946381350036112neɗɗaaku.mp3,HTTPError: 404 Client Error: Not Found for url: https://media.ipsapps.org/fuh/oda/audio/636946381350036112ne%C9%97%C9%97aaku.mp3
https://media.ipsapps.org/fuh/oda/,https://media.ipsapps.org/fuh/oda/audio/636947113311550272ngooƴaare.mp3,HTTPError: 404 Client Error: Not Found for url: https://media.ipsapps.org/fuh/oda/audio/636947113311550272ngoo%C6%B4aare.mp3
https://media.ipsapps.org/fuh/oda/,https://media.ipsapps.org/fuh/oda/audio/636947121802570687njareteeɗam.mp3,HTTPError: 404 Client Error: Not Found for url: https://media.ipsapps.org/fuh/oda/audio/636947121802570687njaretee%C9%97am.mp3
https://media.ipsapps.org/fuh/oda/,https://media.ipsapps.org/fuh/oda/audio/636947118155005080nilaaɗo.mp3,HTTPError: 404 Client Error: Not Found for url: https://media.ipsapps.org/fuh/oda/audio/636947118155005080nilaa%C9%97o.mp3
https://media.ipsapps.org/fuh/oda/,https://media.ipsapps.org/fuh/oda/audio/636947125909375855njoɓdi golle.mp3,HTTPError: 404 Client Error: Not Found for url: https://media.ipsapps.org/fuh/oda/audio/636947125909375855njo%C9%93di%20golle.mp3
https://media.ipsapps.org/fuh/oda/,https://media.ipsapps.org/fuh/oda/audio/636946365889934956nayɓita aɗo juunaaɗo coɓɓuli.mp3,HTTPError: 404 Client Error: Not Found for url: https://media.ipsapps.org/fuh/oda/audio/636946365889934956nay%C9%93ita%20a%C9%97o%20juunaa%C9%97o%20co%C9%93%C9%93uli.mp3
https://media.ipsapps.org/fuh/oda/,https://media.ipsapps.org/fuh/oda/audio/636946383185567925neetorɗinde.mp3,HTTPError: 404 Client Error: Not Found for url: https://media.ipsapps.org/fuh/oda/audio/636946383185567925neetor%C9%97inde.mp3
https://media.ipsapps.org/fuh/oda/,https://media.ipsapps.org/fuh/oda/audio/636947155615776036nyiŋoore.mp3,HTTPError: 404 Client Error: Not Found for url: https://media.ipsapps.org/fuh/oda/audio/636947155615776036nyi%C5%8Boore.mp3
https://media.ipsapps.org/fuh/oda/,https://media.ipsapps.org/fuh/oda/audio/636947153116185748nyiɓal.mp3,HTTPError: 404 Client Error: Not Found for url: https://media.ipsapps.org/fuh/oda/audio/636947153116185748nyi%C9%93al.mp3
https://media.ipsapps.org/fuh/oda/,https://media.ipsapps.org/fuh/oda/audio/636947120807868525njalɓu.mp3,HTTPError: 404 Client Error: Not Found for url: https://media.ipsapps.org/fuh/oda/audio/636947120807868525njal%C9%93u.mp3
https://media.ipsapps.org/fuh/oda/,https://media.ipsapps.org/fuh/oda/audio/636946381680837984neeɓugol.mp3,HTTPError: 404 Client Error: Not Found for url: https://media.ipsapps.org/fuh/oda/audio/636946381680837984nee%C9%93ugol.mp3
https://media.ipsapps.org/fuh/oda/,https://media.ipsapps.org/fuh/oda/audio/636947123253081218njeɗɗoy.mp3,HTTPError: 404 Client Error: Not Found for url: https://media.ipsapps.org/fuh/oda/audio/636947123253081218nje%C9%97%C9%97oy.mp3
https://media.ipsapps.org/fuh/oda/,https://media.ipsapps.org/fuh/oda/audio/636945507152076684naawɗo.mp3,HTTPError: 404 Client Error: Not Found for url: https://media.ipsapps.org/fuh/oda/audio/636945507152076684naaw%C9%97o.mp3
https://media.ipsapps.org/fuh/oda/,https://media.ipsapps.org/fuh/oda/audio/636947127897358332noɗɗaade.mp3,HTTPError: 404 Client Error: Not Found for url: https://media.ipsapps.org/fuh/oda/audio/636947127897358332no%C9%97%C9%97aade.mp3
https://media.ipsapps.org/fuh/oda/,https://media.ipsapps.org/fuh/oda/audio/636947116455328317niɗɗo.mp3,HTTPError: 404 Client Error: Not Found for url: https://media.ipsapps.org/fuh/oda/audio/636947116455328317ni%C9%97%C9%97o.mp3
https://media.ipsapps.org/fuh/oda/,https://media.ipsapps.org/fuh/oda/audio/636947123322053167njeɗu.mp3,HTTPError: 404 Client Error: Not Found for url: https://media.ipsapps.org/fuh/oda/audio/636947123322053167nje%C9%97u.mp3
https://media.ipsapps.org/fuh/oda/,https://media.ipsapps.org/fuh/oda/audio/636947126398577680njooɓaari.mp3,HTTPError: 404 Client Error: Not Found for url: https://media.ipsapps.org/fuh/oda/audio/636947126398577680njoo%C9%93aari.mp3
https://media.ipsapps.org/fuh/oda/,https://media.ipsapps.org/fuh/oda/audio/636945508505809834naɗɗinaade.mp3,HTTPError: 404 Client Error: Not Found for url: https://media.ipsapps.org/fuh/oda/audio/636945508505809834na%C9%97%C9%97inaade.mp3
https://media.ipsapps.org/fuh/oda/,https://media.ipsapps.org/fuh/oda/audio/636946366155341567nayɓitaaɗo buuriɗo.mp3,HTTPError: 404 Client Error: Not Found for url: https://media.ipsapps.org/fuh/oda/audio/636946366155341567nay%C9%93itaa%C9%97o%20buuri%C9%97o.mp3
https://media.ipsapps.org/fuh/oda/,https://media.ipsapps.org/fuh/oda/audio/636947141204541960nyamdiiɗo.mp3,HTTPError: 404 Client Error: Not Found for url: https://media.ipsapps.org/fuh/oda/audio/636947141204541960nyamdii%C9%97o.mp3
https://media.ipsapps.org/fuh/oda/,https://media.ipsapps.org/fuh/oda/audio/636946367144808523ndaaɗe juuɗe.mp3,HTTPError: 404 Client Error: Not Found for url: https://media.ipsapps.org/fuh/oda/audio/636946367144808523ndaa%C9%97e%20juu%C9%97e.mp3
https://media.ipsapps.org/fuh/oda/,https://media.ipsapps.org/fuh/oda/audio/636947116257996825niɓɓude.mp3,HTTPError: 404 Client Error: Not Found for url: https://media.ipsapps.org/fuh/oda/audio/636947116257996825ni%C9%93%C9%93ude.mp3
https://media.ipsapps.org/fuh/oda/,https://media.ipsapps.org/fuh/oda/audio/636945506838175778naatuɗo.mp3,HTTPError: 404 Client Error: Not Found for url: https://media.ipsapps.org/fuh/oda/audio/636945506838175778naatu%C9%97o.mp3
https://media.ipsapps.org/fuh/oda/,https://media.ipsapps.org/fuh/oda/audio/636945500494915705na ɓe.mp3,HTTPError: 404 Client Error: Not Found for url: https://media.ipsapps.org/fuh/oda/audio/636945500494915705na%20%C9%93e.mp3
https://media.ipsapps.org/fuh/oda/,https://media.ipsapps.org/fuh/oda/audio/636947124574999064njetaɓi.mp3,HTTPError: 404 Client Error: Not Found for url: https://media.ipsapps.org/fuh/oda/audio/636947124574999064njeta%C9%93i.mp3
https://media.ipsapps.org/fuh/oda/,https://media.ipsapps.org/fuh/oda/audio/636947153307739496nyiɓoowo.mp3,HTTPError: 404 Client Error: Not Found for url: https://media.ipsapps.org/fuh/oda/audio/636947153307739496nyi%C9%93oowo.mp3
https://media.ipsapps.org/fuh/oda/,https://media.ipsapps.org/fuh/oda/audio/636947142444907808nyaŋre.mp3,HTTPError: 404 Client Error: Not Found for url: https://media.ipsapps.org/fuh/oda/audio/636947142444907808nya%C5%8Bre.mp3
https://media.ipsapps.org/fuh/oda/,https://media.ipsapps.org/fuh/oda/audio/636947139236498955nyakkaɓere.mp3,HTTPError: 404 Client Error: Not Found for url: https://media.ipsapps.org/fuh/oda/audio/636947139236498955nyakka%C9%93ere.mp3
https://media.ipsapps.org/fuh/oda/,https://media.ipsapps.org/fuh/oda/audio/636948981135343307nyorɓude.mp3,HTTPError: 404 Client Error: Not Found for url: https://media.ipsapps.org/fuh/oda/audio/636948981135343307nyor%C9%93ude.mp3
https://media.ipsapps.org/fuh/oda/,https://media.ipsapps.org/fuh/oda/audio/636947114360532027ngulunnjaaɓi.mp3,HTTPError: 404 Client Error: Not Found for url: https://media.ipsapps.org/fuh/oda/audio/636947114360532027ngulunnjaa%C9%93i.mp3
https://media.ipsapps.org/fuh/oda/,https://media.ipsapps.org/fuh/oda/audio/636946366972608100ndaaɓoowu.mp3,HTTPError: 404 Client Error: Not Found for url: https://media.ipsapps.org/fuh/oda/audio/636946366972608100ndaa%C9%93oowu.mp3
https://media.ipsapps.org/fuh/oda/,https://media.ipsapps.org/fuh/oda/audio/636947134567587225nyaaɗere.mp3,HTTPError: 404 Client Error: Not Found for url: https://media.ipsapps.org/fuh/oda/audio/636947134567587225nyaa%C9%97ere.mp3
https://media.ipsapps.org/fuh/oda/,https://media.ipsapps.org/fuh/oda/audio/636947116361031844niɓre.mp3,HTTPError: 404 Client Error: Not Found for url: https://media.ipsapps.org/fuh/oda/audio/636947116361031844ni%C9%93re.mp3
https://media.ipsapps.org/fuh/oda/,https://media.ipsapps.org/fuh/oda/audio/636946365395280720nayaɓere.mp3,HTTPError: 404 Client Error: Not Found for url: https://media.ipsapps.org/fuh/oda/audio/636946365395280720naya%C9%93ere.mp3
https://media.ipsapps.org/fuh/oda/,https://media.ipsapps.org/fuh/oda/audio/636947157192743693nyonndiɗinde.mp3,HTTPError: 404 Client Error: Not Found for url: https://media.ipsapps.org/fuh/oda/audio/636947157192743693nyonndi%C9%97inde.mp3
https://media.ipsapps.org/fuh/oda/,https://media.ipsapps.org/fuh/oda/audio/636946376995375298ndonndorɗe.mp3,HTTPError: 404 Client Error: Not Found for url: https://media.ipsapps.org/fuh/oda/audio/636946376995375298ndonndor%C9%97e.mp3
https://media.ipsapps.org/fuh/oda/,https://media.ipsapps.org/fuh/oda/audio/636947152934385132nyerƴondirde.mp3,HTTPError: 404 Client Error: Not Found for url: https://media.ipsapps.org/fuh/oda/audio/636947152934385132nyer%C6%B4ondirde.mp3
https://media.ipsapps.org/fuh/oda/,https://media.ipsapps.org/fuh/oda/audio/636947139085092378nyaɓude.mp3,HTTPError: 404 Client Error: Not Found for url: https://media.ipsapps.org/fuh/oda/audio/636947139085092378nya%C9%93ude.mp3
https://media.ipsapps.org/fuh/oda/,https://media.ipsapps.org/fuh/oda/audio/636947121326568035njamndi mboɗeeri.mp3,HTTPError: 404 Client Error: Not Found for url: https://media.ipsapps.org/fuh/oda/audio/636947121326568035njamndi%20mbo%C9%97eeri.mp3
https://media.ipsapps.org/fuh/oda/,https://media.ipsapps.org/fuh/oda/audio/636945507432804966naawuɗo.mp3,HTTPError: 404 Client Error: Not Found for url: https://media.ipsapps.org/fuh/oda/audio/636945507432804966naawu%C9%97o.mp3
https://media.ipsapps.org/fuh/oda/,https://media.ipsapps.org/fuh/oda/audio/636946383685437642nelɓi.mp3,HTTPError: 404 Client Error: Not Found for url: https://media.ipsapps.org/fuh/oda/audio/636946383685437642nel%C9%93i.mp3
https://media.ipsapps.org/fuh/oda/,https://media.ipsapps.org/fuh/oda/audio/636947134651127067nyaaɗude.mp3,HTTPError: 404 Client Error: Not Found for url: https://media.ipsapps.org/fuh/oda/audio/636947134651127067nyaa%C9%97ude.mp3
https://media.ipsapps.org/fuh/oda/,https://media.ipsapps.org/fuh/oda/audio/636947153421747343nyiɓude.mp3,HTTPError: 404 Client Error: Not Found for url: https://media.ipsapps.org/fuh/oda/audio/636947153421747343nyi%C9%93ude.mp3
https://media.ipsapps.org/fuh/oda/,https://media.ipsapps.org/fuh/oda/audio/636949054401503681seɓondirde.mp3,HTTPError: 404 Client Error: Not Found for url: https://media.ipsapps.org/fuh/oda/audio/636949054401503681se%C9%93ondirde.mp3
https://media.ipsapps.org/fuh/oda/,https://media.ipsapps.org/fuh/oda/audio/636949200469197366suumɗude.mp3,HTTPError: 404 Client Error: Not Found for url: https://media.ipsapps.org/fuh/oda/audio/636949200469197366suum%C9%97ude.mp3
https://media.ipsapps.org/fuh/oda/,https://media.ipsapps.org/fuh/oda/audio/636949047307140650saŋalde.mp3,HTTPError: 404 Client Error: Not Found for url: https://media.ipsapps.org/fuh/oda/audio/636949047307140650sa%C5%8Balde.mp3
https://media.ipsapps.org/fuh/oda/,https://media.ipsapps.org/fuh/oda/audio/636949056462550643seemɗuɗo.mp3,HTTPError: 404 Client Error: Not Found for url: https://media.ipsapps.org/fuh/oda/audio/636949056462550643seem%C9%97u%C9%97o.mp3
https://media.ipsapps.org/fuh/oda/,https://media.ipsapps.org/fuh/oda/audio/636949167874603022soɗaade.mp3,HTTPError: 404 Client Error: Not Found for url: https://media.ipsapps.org/fuh/oda/audio/636949167874603022so%C9%97aade.mp3
https://media.ipsapps.org/fuh/oda/,https://media.ipsapps.org/fuh/oda/audio/636949054028328000saƴƴinde.mp3,HTTPError: 404 Client Error: Not Found for url: https://media.ipsapps.org/fuh/oda/audio/636949054028328000sa%C6%B4%C6%B4inde.mp3
https://media.ipsapps.org/fuh/oda/,https://media.ipsapps.org/fuh/oda/audio/636949160476286295siiwɗude.mp3,HTTPError: 404 Client Error: Not Found for url: https://media.ipsapps.org/fuh/oda/audio/636949160476286295siiw%C9%97ude.mp3
https://media.ipsapps.org/fuh/oda/,https://media.ipsapps.org/fuh/oda/audio/636949164669066775sirƴude.mp3,HTTPError: 404 Client Error: Not Found for url: https://media.ipsapps.org/fuh/oda/audio/636949164669066775sir%C6%B4ude.mp3
https://media.ipsapps.org/fuh/oda/,https://media.ipsapps.org/fuh/oda/audio/636949168796679521soɗorko.mp3,HTTPError: 404 Client Error: Not Found for url: https://media.ipsapps.org/fuh/oda/audio/636949168796679521so%C9%97orko.mp3
https://media.ipsapps.org/fuh/oda/,https://media.ipsapps.org/fuh/oda/audio/636949040282380734saɓɓintinde.mp3,HTTPError: 404 Client Error: Not Found for url: https://media.ipsapps.org/fuh/oda/audio/636949040282380734sa%C9%93%C9%93intinde.mp3
https://media.ipsapps.org/fuh/oda/,https://media.ipsapps.org/fuh/oda/audio/636949168174343242soɗondirde.mp3,HTTPError: 404 Client Error: Not Found for url: https://media.ipsapps.org/fuh/oda/audio/636949168174343242so%C9%97ondirde.mp3
https://media.ipsapps.org/fuh/oda/,https://media.ipsapps.org/fuh/oda/audio/636949197508983509suuɗaade.mp3,HTTPError: 404 Client Error: Not Found for url: https://media.ipsapps.org/fuh/oda/audio/636949197508983509suu%C9%97aade.mp3
https://media.ipsapps.org/fuh/oda/,https://media.ipsapps.org/fuh/oda/audio/636949045051587546salɗinde.mp3,HTTPError: 404 Client Error: Not Found for url: https://media.ipsapps.org/fuh/oda/audio/636949045051587546sal%C9%97inde.mp3
https://media.ipsapps.org/fuh/oda/,https://media.ipsapps.org/fuh/oda/audio/636949198982398215suuɗitaade.mp3,HTTPError: 404 Client Error: Not Found for url: https://media.ipsapps.org/fuh/oda/audio/636949198982398215suu%C9%97itaade.mp3
https://media.ipsapps.org/fuh/oda/,https://media.ipsapps.org/fuh/oda/audio/636949041311452088saɗɗa.mp3,HTTPError: 404 Client Error: Not Found for url: https://media.ipsapps.org/fuh/oda/audio/636949041311452088sa%C9%97%C9%97a.mp3
https://media.ipsapps.org/fuh/oda/,https://media.ipsapps.org/fuh/oda/audio/636949159031696040siiɗitinde.mp3,HTTPError: 404 Client Error: Not Found for url: https://media.ipsapps.org/fuh/oda/audio/636949159031696040sii%C9%97itinde.mp3
https://media.ipsapps.org/fuh/oda/,https://media.ipsapps.org/fuh/oda/audio/636949039519767672saaƴo.mp3,HTTPError: 404 Client Error: Not Found for url: https://media.ipsapps.org/fuh/oda/audio/636949039519767672saa%C6%B4o.mp3
https://media.ipsapps.org/fuh/oda/,https://media.ipsapps.org/fuh/oda/audio/636949185413098799soƴƴaange.mp3,HTTPError: 404 Client Error: Not Found for url: https://media.ipsapps.org/fuh/oda/audio/636949185413098799so%C6%B4%C6%B4aange.mp3
https://media.ipsapps.org/fuh/oda/,https://media.ipsapps.org/fuh/oda/audio/636949162639040370siŋalde.mp3,HTTPError: 404 Client Error: Not Found for url: https://media.ipsapps.org/fuh/oda/audio/636949162639040370si%C5%8Balde.mp3
https://media.ipsapps.org/fuh/oda/,https://media.ipsapps.org/fuh/oda/audio/636949167375243162soɓɓundu.mp3,HTTPError: 404 Client Error: Not Found for url: https://media.ipsapps.org/fuh/oda/audio/636949167375243162so%C9%93%C9%93undu.mp3
https://media.ipsapps.org/fuh/oda/,https://media.ipsapps.org/fuh/oda/audio/636949044328753263sakitiiɗo.mp3,HTTPError: 404 Client Error: Not Found for url: https://media.ipsapps.org/fuh/oda/audio/636949044328753263sakitii%C9%97o.mp3
https://media.ipsapps.org/fuh/oda/,https://media.ipsapps.org/fuh/oda/audio/636949186112929564suɓinɗinde.mp3,HTTPError: 404 Client Error: Not Found for url: https://media.ipsapps.org/fuh/oda/audio/636949186112929564su%C9%93in%C9%97inde.mp3
https://media.ipsapps.org/fuh/oda/,https://media.ipsapps.org/fuh/oda/audio/636949185643785236soƴƴude.mp3,HTTPError: 404 Client Error: Not Found for url: https://media.ipsapps.org/fuh/oda/audio/636949185643785236so%C6%B4%C6%B4ude.mp3
https://media.ipsapps.org/fuh/oda/,https://media.ipsapps.org/fuh/oda/audio/636949166519492084soɓɓiire.mp3,HTTPError: 404 Client Error: Not Found for url: https://media.ipsapps.org/fuh/oda/audio/636949166519492084so%C9%93%C9%93iire.mp3
https://media.ipsapps.org/fuh/oda/,https://media.ipsapps.org/fuh/oda/audio/636949158765629969Siiɓe.mp3,HTTPError: 404 Client Error: Not Found for url: https://media.ipsapps.org/fuh/oda/audio/636949158765629969Sii%C9%93e.mp3
https://media.ipsapps.org/fuh/oda/,https://media.ipsapps.org/fuh/oda/audio/636949185319703312soƴƴaade.mp3,HTTPError: 404 Client Error: Not Found for url: https://media.ipsapps.org/fuh/oda/audio/636949185319703312so%C6%B4%C6%B4aade.mp3
https://media.ipsapps.org/fuh/oda/,https://media.ipsapps.org/fuh/oda/audio/636949054484203471seɗɗa.mp3,HTTPError: 404 Client Error: Not Found for url: https://media.ipsapps.org/fuh/oda/audio/636949054484203471se%C9%97%C9%97a.mp3
https://media.ipsapps.org/fuh/oda/,https://media.ipsapps.org/fuh/oda/audio/636949054880137506seeɓude.mp3,HTTPError: 404 Client Error: Not Found for url: https://media.ipsapps.org/fuh/oda/audio/636949054880137506see%C9%93ude.mp3
https://media.ipsapps.org/fuh/oda/,https://media.ipsapps.org/fuh/oda/audio/636949063163574222seyiiɗum.mp3,HTTPError: 404 Client Error: Not Found for url: https://media.ipsapps.org/fuh/oda/audio/636949063163574222seyii%C9%97um.mp3
https://media.ipsapps.org/fuh/oda/,https://media.ipsapps.org/fuh/oda/audio/636949054099834086saƴƴude.mp3,HTTPError: 404 Client Error: Not Found for url: https://media.ipsapps.org/fuh/oda/audio/636949054099834086sa%C6%B4%C6%B4ude.mp3
https://media.ipsapps.org/fuh/oda/,https://media.ipsapps.org/fuh/oda/audio/636949050738426283sardiŋe.mp3,HTTPError: 404 Client Error: Not Found for url: https://media.ipsapps.org/fuh/oda/audio/636949050738426283sardi%C5%8Be.mp3
https://media.ipsapps.org/fuh/oda/,https://media.ipsapps.org/fuh/oda/audio/636949053662232000saytorɗinde.mp3,HTTPError: 404 Client Error: Not Found for url: https://media.ipsapps.org/fuh/oda/audio/636949053662232000saytor%C9%97inde.mp3
https://media.ipsapps.org/fuh/oda/,https://media.ipsapps.org/fuh/oda/audio/636949166587075010soɓɓiire-gorgaare.mp3,HTTPError: 404 Client Error: Not Found for url: https://media.ipsapps.org/fuh/oda/audio/636949166587075010so%C9%93%C9%93iire-gorgaare.mp3
https://media.ipsapps.org/fuh/oda/,https://media.ipsapps.org/fuh/oda/audio/636949175498293517sooɓo.mp3,HTTPError: 404 Client Error: Not Found for url: https://media.ipsapps.org/fuh/oda/audio/636949175498293517soo%C9%93o.mp3
https://media.ipsapps.org/fuh/oda/,https://media.ipsapps.org/fuh/oda/audio/636949185566426852soƴƴitaade.mp3,HTTPError: 404 Client Error: Not Found for url: https://media.ipsapps.org/fuh/oda/audio/636949185566426852so%C6%B4%C6%B4itaade.mp3
https://media.ipsapps.org/fuh/oda/,https://media.ipsapps.org/fuh/oda/audio/636949199710696808suuɗude.mp3,HTTPError: 404 Client Error: Not Found for url: https://media.ipsapps.org/fuh/oda/audio/636949199710696808suu%C9%97ude.mp3
https://media.ipsapps.org/fuh/oda/,https://media.ipsapps.org/fuh/oda/audio/636949195630040818surɓaade.mp3,HTTPError: 404 Client Error: Not Found for url: https://media.ipsapps.org/fuh/oda/audio/636949195630040818sur%C9%93aade.mp3
https://media.ipsapps.org/fuh/oda/,https://media.ipsapps.org/fuh/oda/audio/636949052633230867sawrirdesukaaɓe.mp3,HTTPError: 404 Client Error: Not Found for url: https://media.ipsapps.org/fuh/oda/audio/636949052633230867sawrirdesukaa%C9%93e.mp3
https://media.ipsapps.org/fuh/oda/,https://media.ipsapps.org/fuh/oda/audio/636949167525802478soɓude.mp3,HTTPError: 404 Client Error: Not Found for url: https://media.ipsapps.org/fuh/oda/audio/636949167525802478so%C9%93ude.mp3
https://media.ipsapps.org/fuh/oda/,https://media.ipsapps.org/fuh/oda/audio/636949161643584282silɓude.mp3,HTTPError: 404 Client Error: Not Found for url: https://media.ipsapps.org/fuh/oda/audio/636949161643584282sil%C9%93ude.mp3
https://media.ipsapps.org/fuh/oda/,https://media.ipsapps.org/fuh/oda/audio/636949167969132786soɗeede.mp3,HTTPError: 404 Client Error: Not Found for url: https://media.ipsapps.org/fuh/oda/audio/636949167969132786so%C9%97eede.mp3
https://media.ipsapps.org/fuh/oda/,https://media.ipsapps.org/fuh/oda/audio/636949054551100547seɗude.mp3,HTTPError: 404 Client Error: Not Found for url: https://media.ipsapps.org/fuh/oda/audio/636949054551100547se%C9%97ude.mp3
https://media.ipsapps.org/fuh/oda/,https://media.ipsapps.org/fuh/oda/audio/636949186059846919suɓeede.mp3,HTTPError: 404 Client Error: Not Found for url: https://media.ipsapps.org/fuh/oda/audio/636949186059846919su%C9%93eede.mp3
https://media.ipsapps.org/fuh/oda/,https://media.ipsapps.org/fuh/oda/audio/636949050449817113sarɗi.mp3,HTTPError: 404 Client Error: Not Found for url: https://media.ipsapps.org/fuh/oda/audio/636949050449817113sar%C9%97i.mp3
https://media.ipsapps.org/fuh/oda/,https://media.ipsapps.org/fuh/oda/audio/636949172269552809solɗude.mp3,HTTPError: 404 Client Error: Not Found for url: https://media.ipsapps.org/fuh/oda/audio/636949172269552809sol%C9%97ude.mp3
https://media.ipsapps.org/fuh/oda/,https://media.ipsapps.org/fuh/oda/audio/636949180339664304sordaasi mawɗo.mp3,HTTPError: 404 Client Error: Not Found for url: https://media.ipsapps.org/fuh/oda/audio/636949180339664304sordaasi%20maw%C9%97o.mp3
https://media.ipsapps.org/fuh/oda/,https://media.ipsapps.org/fuh/oda/audio/636949054818431073seeɓu.mp3,HTTPError: 404 Client Error: Not Found for url: https://media.ipsapps.org/fuh/oda/audio/636949054818431073see%C9%93u.mp3
https://media.ipsapps.org/fuh/oda/,https://media.ipsapps.org/fuh/oda/audio/636949040125151663saaƴude.mp3,HTTPError: 404 Client Error: Not Found for url: https://media.ipsapps.org/fuh/oda/audio/636949040125151663saa%C6%B4ude.mp3
https://media.ipsapps.org/fuh/oda/,https://media.ipsapps.org/fuh/oda/audio/636949035922986760saaɓaade.mp3,HTTPError: 404 Client Error: Not Found for url: https://media.ipsapps.org/fuh/oda/audio/636949035922986760saa%C9%93aade.mp3
https://media.ipsapps.org/fuh/oda/,https://media.ipsapps.org/fuh/oda/audio/636949052035089730sattuɗo.mp3,HTTPError: 404 Client Error: Not Found for url: https://media.ipsapps.org/fuh/oda/audio/636949052035089730sattu%C9%97o.mp3
https://media.ipsapps.org/fuh/oda/,https://media.ipsapps.org/fuh/oda/audio/636949063053475340Seyɗaani.mp3,HTTPError: 404 Client Error: Not Found for url: https://media.ipsapps.org/fuh/oda/audio/636949063053475340Sey%C9%97aani.mp3
https://media.ipsapps.org/fuh/oda/,https://media.ipsapps.org/fuh/oda/audio/636949041472355162saɗɗinde.mp3,HTTPError: 404 Client Error: Not Found for url: https://media.ipsapps.org/fuh/oda/audio/636949041472355162sa%C9%97%C9%97inde.mp3
https://media.ipsapps.org/fuh/oda/,https://media.ipsapps.org/fuh/oda/audio/636949054220722694seɓaade.mp3,HTTPError: 404 Client Error: Not Found for url: https://media.ipsapps.org/fuh/oda/audio/636949054220722694se%C9%93aade.mp3
https://media.ipsapps.org/fuh/oda/,https://media.ipsapps.org/fuh/oda/audio/636949168942809059soɗude.mp3,HTTPError: 404 Client Error: Not Found for url: https://media.ipsapps.org/fuh/oda/audio/636949168942809059so%C9%97ude.mp3
https://media.ipsapps.org/fuh/oda/,https://media.ipsapps.org/fuh/oda/audio/636949164532235820sirƴaade.mp3,HTTPError: 404 Client Error: Not Found for url: https://media.ipsapps.org/fuh/oda/audio/636949164532235820sir%C6%B4aade.mp3
https://media.ipsapps.org/fuh/oda/,https://media.ipsapps.org/fuh/oda/audio/636949186196760466suɓude.mp3,HTTPError: 404 Client Error: Not Found for url: https://media.ipsapps.org/fuh/oda/audio/636949186196760466su%C9%93ude.mp3
https://media.ipsapps.org/fuh/oda/,https://media.ipsapps.org/fuh/oda/audio/636949185707339600suɓaade.mp3,HTTPError: 404 Client Error: Not Found for url: https://media.ipsapps.org/fuh/oda/audio/636949185707339600su%C9%93aade.mp3
https://media.ipsapps.org/fuh/oda/,https://media.ipsapps.org/fuh/oda/audio/636949161592654140silɓere.mp3,HTTPError: 404 Client Error: Not Found for url: https://media.ipsapps.org/fuh/oda/audio/636949161592654140sil%C9%93ere.mp3
https://media.ipsapps.org/fuh/oda/,https://media.ipsapps.org/fuh/oda/audio/636949156617776081sifa bonɗo.mp3,HTTPError: 404 Client Error: Not Found for url: https://media.ipsapps.org/fuh/oda/audio/636949156617776081sifa%20bon%C9%97o.mp3
https://media.ipsapps.org/fuh/oda/,https://media.ipsapps.org/fuh/oda/audio/636949041226984842saɗawere.mp3,HTTPError: 404 Client Error: Not Found for url: https://media.ipsapps.org/fuh/oda/audio/636949041226984842sa%C9%97awere.mp3
https://media.ipsapps.org/fuh/oda/,https://media.ipsapps.org/fuh/oda/audio/636949166750939802soɓɓotoroy.mp3,HTTPError: 404 Client Error: Not Found for url: https://media.ipsapps.org/fuh/oda/audio/636949166750939802so%C9%93%C9%93otoroy.mp3
https://media.ipsapps.org/fuh/oda/,https://media.ipsapps.org/fuh/oda/audio/636949186882780989suɗɗude.mp3,HTTPError: 404 Client Error: Not Found for url: https://media.ipsapps.org/fuh/oda/audio/636949186882780989su%C9%97%C9%97ude.mp3
https://media.ipsapps.org/fuh/oda/,https://media.ipsapps.org/fuh/oda/audio/636949199424237100suudu maayɓe.mp3,HTTPError: 404 Client Error: Not Found for url: https://media.ipsapps.org/fuh/oda/audio/636949199424237100suudu%20maay%C9%93e.mp3
https://media.ipsapps.org/fuh/oda/,https://media.ipsapps.org/fuh/oda/audio/636949159163298827siiɗude.mp3,HTTPError: 404 Client Error: Not Found for url: https://media.ipsapps.org/fuh/oda/audio/636949159163298827sii%C9%97ude.mp3
https://media.ipsapps.org/fuh/oda/,https://media.ipsapps.org/fuh/oda/audio/636949197618093330suuɗeede.mp3,HTTPError: 404 Client Error: Not Found for url: https://media.ipsapps.org/fuh/oda/audio/636949197618093330suu%C9%97eede.mp3
https://media.ipsapps.org/fuh/oda/,https://media.ipsapps.org/fuh/oda/audio/636949166652342795soɓɓiire-lettugaare.mp3,HTTPError: 404 Client Error: Not Found for url: https://media.ipsapps.org/fuh/oda/audio/636949166652342795so%C9%93%C9%93iire-lettugaare.mp3
https://media.ipsapps.org/fuh/oda/,https://media.ipsapps.org/fuh/oda/audio/636949053917339349saƴƴa.mp3,HTTPError: 404 Client Error: Not Found for url: https://media.ipsapps.org/fuh/oda/audio/636949053917339349sa%C6%B4%C6%B4a.mp3
https://media.ipsapps.org/fuh/oda/,https://media.ipsapps.org/fuh/oda/audio/636949055003204088seeɗa.mp3,HTTPError: 404 Client Error: Not Found for url: https://media.ipsapps.org/fuh/oda/audio/636949055003204088see%C9%97a.mp3
https://media.ipsapps.org/fuh/oda/,https://media.ipsapps.org/fuh/oda/audio/636949058953191906selɓo.mp3,HTTPError: 404 Client Error: Not Found for url: https://media.ipsapps.org/fuh/oda/audio/636949058953191906sel%C9%93o.mp3
https://media.ipsapps.org/fuh/oda/,https://media.ipsapps.org/fuh/oda/audio/636949040358480851saɓɓitaade.mp3,HTTPError: 404 Client Error: Not Found for url: https://media.ipsapps.org/fuh/oda/audio/636949040358480851sa%C9%93%C9%93itaade.mp3
https://media.ipsapps.org/fuh/oda/,https://media.ipsapps.org/fuh/oda/audio/636949167445445183soɓɓundu silɓundu.mp3,HTTPError: 404 Client Error: Not Found for url: https://media.ipsapps.org/fuh/oda/audio/636949167445445183so%C9%93%C9%93undu%20sil%C9%93undu.mp3
https://media.ipsapps.org/fuh/oda/,https://media.ipsapps.org/fuh/oda/audio/636949036089885230saaɓannde.mp3,HTTPError: 404 Client Error: Not Found for url: https://media.ipsapps.org/fuh/oda/audio/636949036089885230saa%C9%93annde.mp3
https://media.ipsapps.org/fuh/oda/,https://media.ipsapps.org/fuh/oda/audio/636949043149583700safaare waroore huɗo.mp3,HTTPError: 404 Client Error: Not Found for url: https://media.ipsapps.org/fuh/oda/audio/636949043149583700safaare%20waroore%20hu%C9%97o.mp3
https://media.ipsapps.org/fuh/oda/,https://media.ipsapps.org/fuh/oda/audio/636949043272553927safiɗinde.mp3,HTTPError: 404 Client Error: Not Found for url: https://media.ipsapps.org/fuh/oda/audio/636949043272553927safi%C9%97inde.mp3
https://media.ipsapps.org/fuh/oda/,https://media.ipsapps.org/fuh/oda/audio/636949055682203592seeɗude.mp3,HTTPError: 404 Client Error: Not Found for url: https://media.ipsapps.org/fuh/oda/audio/636949055682203592see%C9%97ude.mp3
https://media.ipsapps.org/fuh/oda/,https://media.ipsapps.org/fuh/oda/audio/636949053513550821saygiɗinde.mp3,HTTPError: 404 Client Error: Not Found for url: https://media.ipsapps.org/fuh/oda/audio/636949053513550821saygi%C9%97inde.mp3
https://media.ipsapps.org/fuh/oda/,https://media.ipsapps.org/fuh/oda/audio/636949194328298364sunɗude.mp3,HTTPError: 404 Client Error: Not Found for url: https://media.ipsapps.org/fuh/oda/audio/636949194328298364sun%C9%97ude.mp3
https://media.ipsapps.org/fuh/oda/,https://media.ipsapps.org/fuh/oda/audio/636949037075649010saaɗude.mp3,HTTPError: 404 Client Error: Not Found for url: https://media.ipsapps.org/fuh/oda/audio/636949037075649010saa%C9%97ude.mp3
https://media.ipsapps.org/fuh/oda/,https://media.ipsapps.org/fuh/oda/audio/636949040968953178saɓu.mp3,HTTPError: 404 Client Error: Not Found for url: https://media.ipsapps.org/fuh/oda/audio/636949040968953178sa%C9%93u.mp3
https://media.ipsapps.org/fuh/oda/,https://media.ipsapps.org/fuh/oda/audio/636949176266049308soonni innum jaɓi laasi.mp3,HTTPError: 404 Client Error: Not Found for url: https://media.ipsapps.org/fuh/oda/audio/636949176266049308soonni%20innum%20ja%C9%93i%20laasi.mp3
https://media.ipsapps.org/fuh/oda/,https://media.ipsapps.org/fuh/oda/audio/636949040442798007saɓɓitoroohi.mp3,HTTPError: 404 Client Error: Not Found for url: https://media.ipsapps.org/fuh/oda/audio/636949040442798007sa%C9%93%C9%93itoroohi.mp3
https://media.ipsapps.org/fuh/oda/,https://media.ipsapps.org/fuh/oda/audio/636949185509774133soƴƴinde.mp3,HTTPError: 404 Client Error: Not Found for url: https://media.ipsapps.org/fuh/oda/audio/636949185509774133so%C6%B4%C6%B4inde.mp3
https://media.ipsapps.org/fuh/oda/,https://media.ipsapps.org/fuh/oda/audio/636949049557448542sappoɓerde.mp3,HTTPError: 404 Client Error: Not Found for url: https://media.ipsapps.org/fuh/oda/audio/636949049557448542sappo%C9%93erde.mp3
https://media.ipsapps.org/fuh/oda/,https://media.ipsapps.org/fuh/oda/audio/636949169519601651sokkiɗidde.mp3,HTTPError: 404 Client Error: Not Found for url: https://media.ipsapps.org/fuh/oda/audio/636949169519601651sokki%C9%97idde.mp3
https://media.ipsapps.org/fuh/oda/,https://media.ipsapps.org/fuh/oda/audio/636949054278431560seɓinde.mp3,HTTPError: 404 Client Error: Not Found for url: https://media.ipsapps.org/fuh/oda/audio/636949054278431560se%C9%93inde.mp3
https://media.ipsapps.org/fuh/oda/,https://media.ipsapps.org/fuh/oda/audio/636949201114511111suunɗude.mp3,HTTPError: 404 Client Error: Not Found for url: https://media.ipsapps.org/fuh/oda/audio/636949201114511111suun%C9%97ude.mp3
https://media.ipsapps.org/fuh/oda/,https://media.ipsapps.org/fuh/oda/audio/636964385049015528wayluɓe.mp3,HTTPError: 404 Client Error: Not Found for url: https://media.ipsapps.org/fuh/oda/audio/636964385049015528waylu%C9%93e.mp3
https://media.ipsapps.org/fuh/oda/,https://media.ipsapps.org/fuh/oda/audio/636964376713461194waɗtande.mp3,HTTPError: 404 Client Error: Not Found for url: https://media.ipsapps.org/fuh/oda/audio/636964376713461194wa%C9%97tande.mp3
https://media.ipsapps.org/fuh/oda/,https://media.ipsapps.org/fuh/oda/audio/636949194536607006sunkiɗinde.mp3,HTTPError: 404 Client Error: Not Found for url: https://media.ipsapps.org/fuh/oda/audio/636949194536607006sunki%C9%97inde.mp3
https://media.ipsapps.org/fuh/oda/,https://media.ipsapps.org/fuh/oda/audio/636949158650199199siiɓaade.mp3,HTTPError: 404 Client Error: Not Found for url: https://media.ipsapps.org/fuh/oda/audio/636949158650199199sii%C9%93aade.mp3
https://media.ipsapps.org/fuh/oda/,https://media.ipsapps.org/fuh/oda/audio/636964386946993869weɗɗitinde.mp3,HTTPError: 404 Client Error: Not Found for url: https://media.ipsapps.org/fuh/oda/audio/636964386946993869we%C9%97%C9%97itinde.mp3
https://media.ipsapps.org/fuh/oda/,https://media.ipsapps.org/fuh/oda/audio/636964366785857019waagiɗinde.mp3,HTTPError: 404 Client Error: Not Found for url: https://media.ipsapps.org/fuh/oda/audio/636964366785857019waagi%C9%97inde.mp3
https://media.ipsapps.org/fuh/oda/,https://media.ipsapps.org/fuh/oda/audio/636964396319778119Woɗaajo.mp3,HTTPError: 404 Client Error: Not Found for url: https://media.ipsapps.org/fuh/oda/audio/636964396319778119Wo%C9%97aajo.mp3
https://media.ipsapps.org/fuh/oda/,https://media.ipsapps.org/fuh/oda/audio/636964375999540627wadduɓe.mp3,HTTPError: 404 Client Error: Not Found for url: https://media.ipsapps.org/fuh/oda/audio/636964375999540627waddu%C9%93e.mp3
https://media.ipsapps.org/fuh/oda/,https://media.ipsapps.org/fuh/oda/audio/636964376799334947waɗtude.mp3,HTTPError: 404 Client Error: Not Found for url: https://media.ipsapps.org/fuh/oda/audio/636964376799334947wa%C9%97tude.mp3
https://media.ipsapps.org/fuh/oda/,https://media.ipsapps.org/fuh/oda/audio/636968013623887512woyɓoondu.mp3,HTTPError: 404 Client Error: Not Found for url: https://media.ipsapps.org/fuh/oda/audio/636968013623887512woy%C9%93oondu.mp3
https://media.ipsapps.org/fuh/oda/,https://media.ipsapps.org/fuh/oda/audio/636964375089323074waaƴiɗinde.mp3,HTTPError: 404 Client Error: Not Found for url: https://media.ipsapps.org/fuh/oda/audio/636964375089323074waa%C6%B4i%C9%97inde.mp3
https://media.ipsapps.org/fuh/oda/,https://media.ipsapps.org/fuh/oda/audio/636968020716710401wuƴaade.mp3,HTTPError: 404 Client Error: Not Found for url: https://media.ipsapps.org/fuh/oda/audio/636968020716710401wu%C6%B4aade.mp3
https://media.ipsapps.org/fuh/oda/,https://media.ipsapps.org/fuh/oda/audio/636964381842385911wanyuɓe.mp3,HTTPError: 404 Client Error: Not Found for url: https://media.ipsapps.org/fuh/oda/audio/636964381842385911wanyu%C9%93e.mp3
https://media.ipsapps.org/fuh/oda/,https://media.ipsapps.org/fuh/oda/audio/636968020888440948wuƴeede.mp3,HTTPError: 404 Client Error: Not Found for url: https://media.ipsapps.org/fuh/oda/audio/636968020888440948wu%C6%B4eede.mp3
https://media.ipsapps.org/fuh/oda/,https://media.ipsapps.org/fuh/oda/audio/636964396729580084woɗude.mp3,HTTPError: 404 Client Error: Not Found for url: https://media.ipsapps.org/fuh/oda/audio/636964396729580084wo%C9%97ude.mp3
https://media.ipsapps.org/fuh/oda/,https://media.ipsapps.org/fuh/oda/audio/636964378966542828walɗere.mp3,HTTPError: 404 Client Error: Not Found for url: https://media.ipsapps.org/fuh/oda/audio/636964378966542828wal%C9%97ere.mp3
https://media.ipsapps.org/fuh/oda/,https://media.ipsapps.org/fuh/oda/audio/636964396056270614woɓɓe.mp3,HTTPError: 404 Client Error: Not Found for url: https://media.ipsapps.org/fuh/oda/audio/636964396056270614wo%C9%93%C9%93e.mp3
https://media.ipsapps.org/fuh/oda/,https://media.ipsapps.org/fuh/oda/audio/636964381983691145wappayɓe.mp3,HTTPError: 404 Client Error: Not Found for url: https://media.ipsapps.org/fuh/oda/audio/636964381983691145wappay%C9%93e.mp3
https://media.ipsapps.org/fuh/oda/,https://media.ipsapps.org/fuh/oda/audio/636964377143835238waggiɗinde.mp3,HTTPError: 404 Client Error: Not Found for url: https://media.ipsapps.org/fuh/oda/audio/636964377143835238waggi%C9%97inde.mp3
https://media.ipsapps.org/fuh/oda/,https://media.ipsapps.org/fuh/oda/audio/636964376887974771waɗude.mp3,HTTPError: 404 Client Error: Not Found for url: https://media.ipsapps.org/fuh/oda/audio/636964376887974771wa%C9%97ude.mp3
https://media.ipsapps.org/fuh/oda/,https://media.ipsapps.org/fuh/oda/audio/636964387255061978weeɗude.mp3,HTTPError: 404 Client Error: Not Found for url: https://media.ipsapps.org/fuh/oda/audio/636964387255061978wee%C9%97ude.mp3
https://media.ipsapps.org/fuh/oda/,https://media.ipsapps.org/fuh/oda/audio/636964391782318093weƴƴude.mp3,HTTPError: 404 Client Error: Not Found for url: https://media.ipsapps.org/fuh/oda/audio/636964391782318093we%C6%B4%C6%B4ude.mp3
https://media.ipsapps.org/fuh/oda/,https://media.ipsapps.org/fuh/oda/audio/636964390967718285werba gaɗuɗo.mp3,HTTPError: 404 Client Error: Not Found for url: https://media.ipsapps.org/fuh/oda/audio/636964390967718285werba%20ga%C9%97u%C9%97o.mp3
https://media.ipsapps.org/fuh/oda/,https://media.ipsapps.org/fuh/oda/audio/636964376446258628waɗii jamaanuuji.mp3,HTTPError: 404 Client Error: Not Found for url: https://media.ipsapps.org/fuh/oda/audio/636964376446258628wa%C9%97ii%20jamaanuuji.mp3
https://media.ipsapps.org/fuh/oda/,https://media.ipsapps.org/fuh/oda/audio/636964384380090718wayɓe.mp3,HTTPError: 404 Client Error: Not Found for url: https://media.ipsapps.org/fuh/oda/audio/636964384380090718way%C9%93e.mp3
https://media.ipsapps.org/fuh/oda/,https://media.ipsapps.org/fuh/oda/audio/636968012613108190wortalɓe.mp3,HTTPError: 404 Client Error: Not Found for url: https://media.ipsapps.org/fuh/oda/audio/636968012613108190wortal%C9%93e.mp3
https://media.ipsapps.org/fuh/oda/,https://media.ipsapps.org/fuh/oda/audio/636964396656375746woɗinde.mp3,HTTPError: 404 Client Error: Not Found for url: https://media.ipsapps.org/fuh/oda/audio/636964396656375746wo%C9%97inde.mp3
https://media.ipsapps.org/fuh/oda/,https://media.ipsapps.org/fuh/oda/audio/636968019991908422wuunɗitinde.mp3,HTTPError: 404 Client Error: Not Found for url: https://media.ipsapps.org/fuh/oda/audio/636968019991908422wuun%C9%97itinde.mp3
https://media.ipsapps.org/fuh/oda/,https://media.ipsapps.org/fuh/oda/audio/636964396134536486Woɗaaɓe.mp3,HTTPError: 404 Client Error: Not Found for url: https://media.ipsapps.org/fuh/oda/audio/636964396134536486Wo%C9%97aa%C9%93e.mp3
https://media.ipsapps.org/fuh/oda/,https://media.ipsapps.org/fuh/oda/audio/636964377483487346wahilɓe.mp3,HTTPError: 404 Client Error: Not Found for url: https://media.ipsapps.org/fuh/oda/audio/636964377483487346wahil%C9%93e.mp3
https://media.ipsapps.org/fuh/oda/,https://media.ipsapps.org/fuh/oda/audio/636968011116733961wootonɗinde.mp3,HTTPError: 404 Client Error: Not Found for url: https://media.ipsapps.org/fuh/oda/audio/636968011116733961wooton%C9%97inde.mp3
https://media.ipsapps.org/fuh/oda/,https://media.ipsapps.org/fuh/oda/audio/636964378822260362walbo silɓungo.mp3,HTTPError: 404 Client Error: Not Found for url: https://media.ipsapps.org/fuh/oda/audio/636964378822260362walbo%20sil%C9%93ungo.mp3
https://media.ipsapps.org/fuh/oda/,https://media.ipsapps.org/fuh/oda/audio/636964378405944663walaa ɗon.mp3,HTTPError: 404 Client Error: Not Found for url: https://media.ipsapps.org/fuh/oda/audio/636964378405944663walaa%20%C9%97on.mp3
https://media.ipsapps.org/fuh/oda/,https://media.ipsapps.org/fuh/oda/audio/636964387079553165weeɓude.mp3,HTTPError: 404 Client Error: Not Found for url: https://media.ipsapps.org/fuh/oda/audio/636964387079553165wee%C9%93ude.mp3
https://media.ipsapps.org/fuh/oda/,https://media.ipsapps.org/fuh/oda/audio/636968009288620906wooɓude.mp3,HTTPError: 404 Client Error: Not Found for url: https://media.ipsapps.org/fuh/oda/audio/636968009288620906woo%C9%93ude.mp3
https://media.ipsapps.org/fuh/oda/,https://media.ipsapps.org/fuh/oda/audio/636964391319848669werbiɗinde.mp3,HTTPError: 404 Client Error: Not Found for url: https://media.ipsapps.org/fuh/oda/audio/636964391319848669werbi%C9%97inde.mp3
https://media.ipsapps.org/fuh/oda/,https://media.ipsapps.org/fuh/oda/audio/636964377000099672waɗude sinyatiiri.mp3,HTTPError: 404 Client Error: Not Found for url: https://media.ipsapps.org/fuh/oda/audio/636964377000099672wa%C9%97ude%20sinyatiiri.mp3
https://media.ipsapps.org/fuh/oda/,https://media.ipsapps.org/fuh/oda/audio/636968014931157788wuddiɗinde.mp3,HTTPError: 404 Client Error: Not Found for url: https://media.ipsapps.org/fuh/oda/audio/636968014931157788wuddi%C9%97inde.mp3
https://media.ipsapps.org/fuh/oda/,https://media.ipsapps.org/fuh/oda/audio/636964388344404416weerɓe.mp3,HTTPError: 404 Client Error: Not Found for url: https://media.ipsapps.org/fuh/oda/audio/636964388344404416weer%C9%93e.mp3
https://media.ipsapps.org/fuh/oda/,https://media.ipsapps.org/fuh/oda/audio/636964401958853881wondiiɓe.mp3,HTTPError: 404 Client Error: Not Found for url: https://media.ipsapps.org/fuh/oda/audio/636964401958853881wondii%C9%93e.mp3
https://media.ipsapps.org/fuh/oda/,https://media.ipsapps.org/fuh/oda/audio/636964392295994834wiɗaade.mp3,HTTPError: 404 Client Error: Not Found for url: https://media.ipsapps.org/fuh/oda/audio/636964392295994834wi%C9%97aade.mp3
https://media.ipsapps.org/fuh/oda/,https://media.ipsapps.org/fuh/oda/audio/636968021223845818wuƴude.mp3,HTTPError: 404 Client Error: Not Found for url: https://media.ipsapps.org/fuh/oda/audio/636968021223845818wu%C6%B4ude.mp3
https://media.ipsapps.org/fuh/oda/,https://media.ipsapps.org/fuh/oda/audio/636968009930331869wooɗude.mp3,HTTPError: 404 Client Error: Not Found for url: https://media.ipsapps.org/fuh/oda/audio/636968009930331869woo%C9%97ude.mp3
https://media.ipsapps.org/fuh/oda/,https://media.ipsapps.org/fuh/oda/audio/636968012048760527woroɗinde.mp3,HTTPError: 404 Client Error: Not Found for url: https://media.ipsapps.org/fuh/oda/audio/636968012048760527woro%C9%97inde.mp3
https://media.ipsapps.org/fuh/oda/,https://media.ipsapps.org/fuh/oda/audio/636964386873314471weɗɗitaade.mp3,HTTPError: 404 Client Error: Not Found for url: https://media.ipsapps.org/fuh/oda/audio/636964386873314471we%C9%97%C9%97itaade.mp3
https://media.ipsapps.org/fuh/oda/,https://media.ipsapps.org/fuh/oda/audio/636968011977033059worɗude.mp3,HTTPError: 404 Client Error: Not Found for url: https://media.ipsapps.org/fuh/oda/audio/636968011977033059wor%C9%97ude.mp3
https://media.ipsapps.org/fuh/oda/,https://media.ipsapps.org/fuh/oda/audio/636964375168515898waaƴude.mp3,HTTPError: 404 Client Error: Not Found for url: https://media.ipsapps.org/fuh/oda/audio/636964375168515898waa%C6%B4ude.mp3
https://media.ipsapps.org/fuh/oda/,https://media.ipsapps.org/fuh/oda/audio/636964391715854885weƴƴitinde.mp3,HTTPError: 404 Client Error: Not Found for url: https://media.ipsapps.org/fuh/oda/audio/636964391715854885we%C6%B4%C6%B4itinde.mp3
https://media.ipsapps.org/fuh/oda/,https://media.ipsapps.org/fuh/oda/audio/636964376328591697waɗeede.mp3,HTTPError: 404 Client Error: Not Found for url: https://media.ipsapps.org/fuh/oda/audio/636964376328591697wa%C9%97eede.mp3
https://media.ipsapps.org/fuh/oda/,https://media.ipsapps.org/fuh/oda/audio/636968020833833692wuyɓe.mp3,HTTPError: 404 Client Error: Not Found for url: https://media.ipsapps.org/fuh/oda/audio/636968020833833692wuy%C9%93e.mp3
https://media.ipsapps.org/fuh/oda/,https://media.ipsapps.org/fuh/oda/audio/636964376546463296waɗinde.mp3,HTTPError: 404 Client Error: Not Found for url: https://media.ipsapps.org/fuh/oda/audio/636964376546463296wa%C9%97inde.mp3
https://media.ipsapps.org/fuh/oda/,https://media.ipsapps.org/fuh/oda/audio/636964395922595969wiƴƴere.mp3,HTTPError: 404 Client Error: Not Found for url: https://media.ipsapps.org/fuh/oda/audio/636964395922595969wi%C6%B4%C6%B4ere.mp3
https://media.ipsapps.org/fuh/oda/,https://media.ipsapps.org/fuh/oda/audio/636964375639746372waɗande.mp3,HTTPError: 404 Client Error: Not Found for url: https://media.ipsapps.org/fuh/oda/audio/636964375639746372wa%C9%97ande.mp3
https://media.ipsapps.org/fuh/oda/,https://media.ipsapps.org/fuh/oda/audio/636968011748515156worɓe.mp3,HTTPError: 404 Client Error: Not Found for url: https://media.ipsapps.org/fuh/oda/audio/636968011748515156wor%C9%93e.mp3
https://media.ipsapps.org/fuh/oda/,https://media.ipsapps.org/fuh/oda/audio/636968009363753383wooɗaa.mp3,HTTPError: 404 Client Error: Not Found for url: https://media.ipsapps.org/fuh/oda/audio/636968009363753383woo%C9%97aa.mp3
https://media.ipsapps.org/fuh/oda/,https://media.ipsapps.org/fuh/oda/audio/636964396202757971woɗaade.mp3,HTTPError: 404 Client Error: Not Found for url: https://media.ipsapps.org/fuh/oda/audio/636964396202757971wo%C9%97aade.mp3
https://media.ipsapps.org/fuh/oda/,https://media.ipsapps.org/fuh/oda/audio/636964387168751173weeɗaade.mp3,HTTPError: 404 Client Error: Not Found for url: https://media.ipsapps.org/fuh/oda/audio/636964387168751173wee%C9%97aade.mp3
https://media.ipsapps.org/fuh/oda/,https://media.ipsapps.org/fuh/oda/audio/636968020204757379wuunɗude.mp3,HTTPError: 404 Client Error: Not Found for url: https://media.ipsapps.org/fuh/oda/audio/636968020204757379wuun%C9%97ude.mp3
https://media.ipsapps.org/fuh/oda/,https://media.ipsapps.org/fuh/oda/audio/636964396593590410woɗɗude.mp3,HTTPError: 404 Client Error: Not Found for url: https://media.ipsapps.org/fuh/oda/audio/636964396593590410wo%C9%97%C9%97ude.mp3
https://media.ipsapps.org/fuh/oda/,https://media.ipsapps.org/fuh/oda/audio/636964396466780779woɗɗinnde.mp3,HTTPError: 404 Client Error: Not Found for url: https://media.ipsapps.org/fuh/oda/audio/636964396466780779wo%C9%97%C9%97innde.mp3
https://media.ipsapps.org/fuh/oda/,https://media.ipsapps.org/fuh/oda/audio/636964392390192930wiɗitaade.mp3,HTTPError: 404 Client Error: Not Found for url: https://media.ipsapps.org/fuh/oda/audio/636964392390192930wi%C9%97itaade.mp3
https://media.ipsapps.org/fuh/oda/,https://media.ipsapps.org/fuh/oda/audio/636964386723807037weɗɗaade.mp3,HTTPError: 404 Client Error: Not Found for url: https://media.ipsapps.org/fuh/oda/audio/636964386723807037we%C9%97%C9%97aade.mp3
https://media.ipsapps.org/fuh/oda/,https://media.ipsapps.org/fuh/oda/audio/636964396403155033woɗɗaade.mp3,HTTPError: 404 Client Error: Not Found for url: https://media.ipsapps.org/fuh/oda/audio/636964396403155033wo%C9%97%C9%97aade.mp3
https://media.ipsapps.org/fuh/oda/,https://media.ipsapps.org/fuh/oda/audio/636968019289739868wuuɗude.mp3,HTTPError: 404 Client Error: Not Found for url: https://media.ipsapps.org/fuh/oda/audio/636968019289739868wuu%C9%97ude.mp3
https://media.ipsapps.org/fuh/oda/,https://media.ipsapps.org/fuh/oda/audio/636968013761586120woyɗuɗo.mp3,HTTPError: 404 Client Error: Not Found for url: https://media.ipsapps.org/fuh/oda/audio/636968013761586120woy%C9%97u%C9%97o.mp3
https://media.ipsapps.org/fuh/oda/,https://media.ipsapps.org/fuh/oda/audio/636968020774808879wuyɓaade.mp3,HTTPError: 404 Client Error: Not Found for url: https://media.ipsapps.org/fuh/oda/audio/636968020774808879wuy%C9%93aade.mp3
https://media.ipsapps.org/fuh/oda/,https://media.ipsapps.org/fuh/oda/audio/636968017277064020wumpuƴere.mp3,HTTPError: 404 Client Error: Not Found for url: https://media.ipsapps.org/fuh/oda/audio/636968017277064020wumpu%C6%B4ere.mp3
https://media.ipsapps.org/fuh/oda/,https://media.ipsapps.org/fuh/oda/audio/636964375733898471waɗɗaade.mp3,HTTPError: 404 Client Error: Not Found for url: https://media.ipsapps.org/fuh/oda/audio/636964375733898471wa%C9%97%C9%97aade.mp3
https://media.ipsapps.org/fuh/oda/,https://media.ipsapps.org/fuh/oda/audio/636925650074830006feɗaade.mp3,HTTPError: 404 Client Error: Not Found for url: https://media.ipsapps.org/fuh/oda/audio/636925650074830006fe%C9%97aade.mp3
https://media.ipsapps.org/fuh/oda/,https://media.ipsapps.org/fuh/oda/audio/636933375017388933futta-ɓoloore.mp3,HTTPError: 404 Client Error: Not Found for url: https://media.ipsapps.org/fuh/oda/audio/636933375017388933futta-%C9%93oloore.mp3
https://media.ipsapps.org/fuh/oda/,https://media.ipsapps.org/fuh/oda/audio/636925682049677814fuɗɗoode.mp3,HTTPError: 404 Client Error: Not Found for url: https://media.ipsapps.org/fuh/oda/audio/636925682049677814fu%C9%97%C9%97oode.mp3
https://media.ipsapps.org/fuh/oda/,https://media.ipsapps.org/fuh/oda/audio/636922032870810872fankorɗinde.mp3,HTTPError: 404 Client Error: Not Found for url: https://media.ipsapps.org/fuh/oda/audio/636922032870810872fankor%C9%97inde.mp3
https://media.ipsapps.org/fuh/oda/,https://media.ipsapps.org/fuh/oda/audio/636922023005063887faɗɗi jaango.mp3,HTTPError: 404 Client Error: Not Found for url: https://media.ipsapps.org/fuh/oda/audio/636922023005063887fa%C9%97%C9%97i%20jaango.mp3
https://media.ipsapps.org/fuh/oda/,https://media.ipsapps.org/fuh/oda/audio/636922024753387153fahɗude.mp3,HTTPError: 404 Client Error: Not Found for url: https://media.ipsapps.org/fuh/oda/audio/636922024753387153fah%C9%97ude.mp3
https://media.ipsapps.org/fuh/oda/,https://media.ipsapps.org/fuh/oda/audio/636925681942132497fuɗɗirde.mp3,HTTPError: 404 Client Error: Not Found for url: https://media.ipsapps.org/fuh/oda/audio/636925681942132497fu%C9%97%C9%97irde.mp3
https://media.ipsapps.org/fuh/oda/,https://media.ipsapps.org/fuh/oda/audio/636922023978062989faɗɗitittiyel jaango.mp3,HTTPError: 404 Client Error: Not Found for url: https://media.ipsapps.org/fuh/oda/audio/636922023978062989fa%C9%97%C9%97itittiyel%20jaango.mp3
https://media.ipsapps.org/fuh/oda/,https://media.ipsapps.org/fuh/oda/audio/636925650478421140feɗeendu.mp3,HTTPError: 404 Client Error: Not Found for url: https://media.ipsapps.org/fuh/oda/audio/636925650478421140fe%C9%97eendu.mp3
https://media.ipsapps.org/fuh/oda/,https://media.ipsapps.org/fuh/oda/audio/636925660084598072feƴƴere.mp3,HTTPError: 404 Client Error: Not Found for url: https://media.ipsapps.org/fuh/oda/audio/636925660084598072fe%C6%B4%C6%B4ere.mp3
https://media.ipsapps.org/fuh/oda/,https://media.ipsapps.org/fuh/oda/audio/636925651453069144feɗoode.mp3,HTTPError: 404 Client Error: Not Found for url: https://media.ipsapps.org/fuh/oda/audio/636925651453069144fe%C9%97oode.mp3
https://media.ipsapps.org/fuh/oda/,https://media.ipsapps.org/fuh/oda/audio/636922018850103326faaɓuru.mp3,HTTPError: 404 Client Error: Not Found for url: https://media.ipsapps.org/fuh/oda/audio/636922018850103326faa%C9%93uru.mp3
https://media.ipsapps.org/fuh/oda/,https://media.ipsapps.org/fuh/oda/audio/636925682858513416fuɗtude.mp3,HTTPError: 404 Client Error: Not Found for url: https://media.ipsapps.org/fuh/oda/audio/636925682858513416fu%C9%97tude.mp3
https://media.ipsapps.org/fuh/oda/,https://media.ipsapps.org/fuh/oda/audio/636925684102437845fulɗude.mp3,HTTPError: 404 Client Error: Not Found for url: https://media.ipsapps.org/fuh/oda/audio/636925684102437845ful%C9%97ude.mp3
https://media.ipsapps.org/fuh/oda/,https://media.ipsapps.org/fuh/oda/audio/636922019026673833faaɗude.mp3,HTTPError: 404 Client Error: Not Found for url: https://media.ipsapps.org/fuh/oda/audio/636922019026673833faa%C9%97ude.mp3
https://media.ipsapps.org/fuh/oda/,https://media.ipsapps.org/fuh/oda/audio/636922022123708313faɓɓiti jaango.mp3,HTTPError: 404 Client Error: Not Found for url: https://media.ipsapps.org/fuh/oda/audio/636922022123708313fa%C9%93%C9%93iti%20jaango.mp3
https://media.ipsapps.org/fuh/oda/,https://media.ipsapps.org/fuh/oda/audio/636925670263587638foɓaade.mp3,HTTPError: 404 Client Error: Not Found for url: https://media.ipsapps.org/fuh/oda/audio/636925670263587638fo%C9%93aade.mp3
https://media.ipsapps.org/fuh/oda/,https://media.ipsapps.org/fuh/oda/audio/636922020651206727faandu ɓernde.mp3,HTTPError: 404 Client Error: Not Found for url: https://media.ipsapps.org/fuh/oda/audio/636922020651206727faandu%20%C9%93ernde.mp3
https://media.ipsapps.org/fuh/oda/,https://media.ipsapps.org/fuh/oda/audio/636925673164833375fooɗtude.mp3,HTTPError: 404 Client Error: Not Found for url: https://media.ipsapps.org/fuh/oda/audio/636925673164833375foo%C9%97tude.mp3
https://media.ipsapps.org/fuh/oda/,https://media.ipsapps.org/fuh/oda/audio/636925678282855006forƴoondu.mp3,HTTPError: 404 Client Error: Not Found for url: https://media.ipsapps.org/fuh/oda/audio/636925678282855006for%C6%B4oondu.mp3
https://media.ipsapps.org/fuh/oda/,https://media.ipsapps.org/fuh/oda/audio/636925661520215368fiɗude.mp3,HTTPError: 404 Client Error: Not Found for url: https://media.ipsapps.org/fuh/oda/audio/636925661520215368fi%C9%97ude.mp3
https://media.ipsapps.org/fuh/oda/,https://media.ipsapps.org/fuh/oda/audio/636925673026087196fooɗaade.mp3,HTTPError: 404 Client Error: Not Found for url: https://media.ipsapps.org/fuh/oda/audio/636925673026087196foo%C9%97aade.mp3
https://media.ipsapps.org/fuh/oda/,https://media.ipsapps.org/fuh/oda/audio/636922029650009871famɗitingol ƴiiƴam.mp3,HTTPError: 404 Client Error: Not Found for url: https://media.ipsapps.org/fuh/oda/audio/636922029650009871fam%C9%97itingol%20%C6%B4ii%C6%B4am.mp3
https://media.ipsapps.org/fuh/oda/,https://media.ipsapps.org/fuh/oda/audio/636922028864219022famɗintinde.mp3,HTTPError: 404 Client Error: Not Found for url: https://media.ipsapps.org/fuh/oda/audio/636922028864219022fam%C9%97intinde.mp3
https://media.ipsapps.org/fuh/oda/,https://media.ipsapps.org/fuh/oda/audio/636925651837580521feɗude.mp3,HTTPError: 404 Client Error: Not Found for url: https://media.ipsapps.org/fuh/oda/audio/636925651837580521fe%C9%97ude.mp3
https://media.ipsapps.org/fuh/oda/,https://media.ipsapps.org/fuh/oda/audio/636922024354680215faɗo.mp3,HTTPError: 404 Client Error: Not Found for url: https://media.ipsapps.org/fuh/oda/audio/636922024354680215fa%C9%97o.mp3
https://media.ipsapps.org/fuh/oda/,https://media.ipsapps.org/fuh/oda/audio/636925682306958317fuɗngo.mp3,HTTPError: 404 Client Error: Not Found for url: https://media.ipsapps.org/fuh/oda/audio/636925682306958317fu%C9%97ngo.mp3
https://media.ipsapps.org/fuh/oda/,https://media.ipsapps.org/fuh/oda/audio/636922030141461454fanɗinde.mp3,HTTPError: 404 Client Error: Not Found for url: https://media.ipsapps.org/fuh/oda/audio/636922030141461454fan%C9%97inde.mp3
https://media.ipsapps.org/fuh/oda/,https://media.ipsapps.org/fuh/oda/audio/636922030921679962fanɗude.mp3,HTTPError: 404 Client Error: Not Found for url: https://media.ipsapps.org/fuh/oda/audio/636922030921679962fan%C9%97ude.mp3
https://media.ipsapps.org/fuh/oda/,https://media.ipsapps.org/fuh/oda/audio/636925661381086443fiɗɗude.mp3,HTTPError: 404 Client Error: Not Found for url: https://media.ipsapps.org/fuh/oda/audio/636925661381086443fi%C9%97%C9%97ude.mp3
https://media.ipsapps.org/fuh/oda/,https://media.ipsapps.org/fuh/oda/audio/636925654215720945femɗere.mp3,HTTPError: 404 Client Error: Not Found for url: https://media.ipsapps.org/fuh/oda/audio/636925654215720945fem%C9%97ere.mp3
https://media.ipsapps.org/fuh/oda/,https://media.ipsapps.org/fuh/oda/audio/636925650800585745feɗo.mp3,HTTPError: 404 Client Error: Not Found for url: https://media.ipsapps.org/fuh/oda/audio/636925650800585745fe%C9%97o.mp3
https://media.ipsapps.org/fuh/oda/,https://media.ipsapps.org/fuh/oda/audio/636922024639045885fahɗuɓe.mp3,HTTPError: 404 Client Error: Not Found for url: https://media.ipsapps.org/fuh/oda/audio/636922024639045885fah%C9%97u%C9%93e.mp3
https://media.ipsapps.org/fuh/oda/,https://media.ipsapps.org/fuh/oda/audio/636925654365161394femɗude.mp3,HTTPError: 404 Client Error: Not Found for url: https://media.ipsapps.org/fuh/oda/audio/636925654365161394fem%C9%97ude.mp3
https://media.ipsapps.org/fuh/oda/,https://media.ipsapps.org/fuh/oda/audio/636922029236509305famɗita-ƴiiƴajum.mp3,HTTPError: 404 Client Error: Not Found for url: https://media.ipsapps.org/fuh/oda/audio/636922029236509305fam%C9%97ita-%C6%B4ii%C6%B4ajum.mp3
https://media.ipsapps.org/fuh/oda/,https://media.ipsapps.org/fuh/oda/audio/636925673292304643fooɗude.mp3,HTTPError: 404 Client Error: Not Found for url: https://media.ipsapps.org/fuh/oda/audio/636925673292304643foo%C9%97ude.mp3
https://media.ipsapps.org/fuh/oda/,https://media.ipsapps.org/fuh/oda/audio/636922018927807981faaɗinde.mp3,HTTPError: 404 Client Error: Not Found for url: https://media.ipsapps.org/fuh/oda/audio/636922018927807981faa%C9%97inde.mp3
https://media.ipsapps.org/fuh/oda/,https://media.ipsapps.org/fuh/oda/audio/636922023117229211faɗɗinde.mp3,HTTPError: 404 Client Error: Not Found for url: https://media.ipsapps.org/fuh/oda/audio/636922023117229211fa%C9%97%C9%97inde.mp3
https://media.ipsapps.org/fuh/oda/,https://media.ipsapps.org/fuh/oda/audio/636922024114904290faɗɗondirgol.mp3,HTTPError: 404 Client Error: Not Found for url: https://media.ipsapps.org/fuh/oda/audio/636922024114904290fa%C9%97%C9%97ondirgol.mp3
https://media.ipsapps.org/fuh/oda/,https://media.ipsapps.org/fuh/oda/audio/636925670846752918foɗtaade.mp3,HTTPError: 404 Client Error: Not Found for url: https://media.ipsapps.org/fuh/oda/audio/636925670846752918fo%C9%97taade.mp3
https://media.ipsapps.org/fuh/oda/,https://media.ipsapps.org/fuh/oda/audio/636922030802824589fanɗintinde.mp3,HTTPError: 404 Client Error: Not Found for url: https://media.ipsapps.org/fuh/oda/audio/636922030802824589fan%C9%97intinde.mp3
https://media.ipsapps.org/fuh/oda/,https://media.ipsapps.org/fuh/oda/audio/636933376219554717fuuɗaade.mp3,HTTPError: 404 Client Error: Not Found for url: https://media.ipsapps.org/fuh/oda/audio/636933376219554717fuu%C9%97aade.mp3
https://media.ipsapps.org/fuh/oda/,https://media.ipsapps.org/fuh/oda/audio/636922023222522966faɗɗitaade.mp3,HTTPError: 404 Client Error: Not Found for url: https://media.ipsapps.org/fuh/oda/audio/636922023222522966fa%C9%97%C9%97itaade.mp3
https://media.ipsapps.org/fuh/oda/,https://media.ipsapps.org/fuh/oda/audio/636922029759181239famɗude.mp3,HTTPError: 404 Client Error: Not Found for url: https://media.ipsapps.org/fuh/oda/audio/636922029759181239fam%C9%97ude.mp3
https://media.ipsapps.org/fuh/oda/,https://media.ipsapps.org/fuh/oda/audio/636925676626171042fooƴude.mp3,HTTPError: 404 Client Error: Not Found for url: https://media.ipsapps.org/fuh/oda/audio/636925676626171042foo%C6%B4ude.mp3
https://media.ipsapps.org/fuh/oda/,https://media.ipsapps.org/fuh/oda/audio/636925683840283158Fulɓe.mp3,HTTPError: 404 Client Error: Not Found for url: https://media.ipsapps.org/fuh/oda/audio/636925683840283158Ful%C9%93e.mp3
https://media.ipsapps.org/fuh/oda/,https://media.ipsapps.org/fuh/oda/audio/636925660699909478fiɓude.mp3,HTTPError: 404 Client Error: Not Found for url: https://media.ipsapps.org/fuh/oda/audio/636925660699909478fi%C9%93ude.mp3
https://media.ipsapps.org/fuh/oda/,https://media.ipsapps.org/fuh/oda/audio/636933376630588683fuuɗeede.mp3,HTTPError: 404 Client Error: Not Found for url: https://media.ipsapps.org/fuh/oda/audio/636933376630588683fuu%C9%97eede.mp3
https://media.ipsapps.org/fuh/oda/,https://media.ipsapps.org/fuh/oda/audio/636925682786955707fuɗtere.mp3,HTTPError: 404 Client Error: Not Found for url: https://media.ipsapps.org/fuh/oda/audio/636925682786955707fu%C9%97tere.mp3
https://media.ipsapps.org/fuh/oda/,https://media.ipsapps.org/fuh/oda/audio/636933377283808363fuuɗude.mp3,HTTPError: 404 Client Error: Not Found for url: https://media.ipsapps.org/fuh/oda/audio/636933377283808363fuu%C9%97ude.mp3
https://media.ipsapps.org/fuh/oda/,https://media.ipsapps.org/fuh/oda/audio/636922028689210301famɗinde.mp3,HTTPError: 404 Client Error: Not Found for url: https://media.ipsapps.org/fuh/oda/audio/636922028689210301fam%C9%97inde.mp3
https://media.ipsapps.org/fuh/oda/,https://media.ipsapps.org/fuh/oda/audio/636922022327250498faɓɓude.mp3,HTTPError: 404 Client Error: Not Found for url: https://media.ipsapps.org/fuh/oda/audio/636922022327250498fa%C9%93%C9%93ude.mp3
https://media.ipsapps.org/fuh/oda/,https://media.ipsapps.org/fuh/oda/audio/636933372923356620furɗude.mp3,HTTPError: 404 Client Error: Not Found for url: https://media.ipsapps.org/fuh/oda/audio/636933372923356620fur%C9%97ude.mp3
https://media.ipsapps.org/fuh/oda/,https://media.ipsapps.org/fuh/oda/audio/636925676704731648fooƴuɗo.mp3,HTTPError: 404 Client Error: Not Found for url: https://media.ipsapps.org/fuh/oda/audio/636925676704731648foo%C6%B4u%C9%97o.mp3
https://media.ipsapps.org/fuh/oda/,https://media.ipsapps.org/fuh/oda/audio/636922023323445258faɗɗiti jaango.mp3,HTTPError: 404 Client Error: Not Found for url: https://media.ipsapps.org/fuh/oda/audio/636922023323445258fa%C9%97%C9%97iti%20jaango.mp3
https://media.ipsapps.org/fuh/oda/,https://media.ipsapps.org/fuh/oda/audio/636925660541320436fiɓande.mp3,HTTPError: 404 Client Error: Not Found for url: https://media.ipsapps.org/fuh/oda/audio/636925660541320436fi%C9%93ande.mp3
https://media.ipsapps.org/fuh/oda/,https://media.ipsapps.org/fuh/oda/audio/636925654524313271femɗuɗo.mp3,HTTPError: 404 Client Error: Not Found for url: https://media.ipsapps.org/fuh/oda/audio/636925654524313271fem%C9%97u%C9%97o.mp3
https://media.ipsapps.org/fuh/oda/,https://media.ipsapps.org/fuh/oda/audio/636925660449378848feƴƴude.mp3,HTTPError: 404 Client Error: Not Found for url: https://media.ipsapps.org/fuh/oda/audio/636925660449378848fe%C6%B4%C6%B4ude.mp3
https://media.ipsapps.org/fuh/oda/,https://media.ipsapps.org/fuh/oda/audio/636925653244671026felɓude.mp3,HTTPError: 404 Client Error: Not Found for url: https://media.ipsapps.org/fuh/oda/audio/636925653244671026fel%C9%93ude.mp3
https://media.ipsapps.org/fuh/oda/,https://media.ipsapps.org/fuh/oda/audio/636925682518628335fuɗngo-nokku.mp3,HTTPError: 404 Client Error: Not Found for url: https://media.ipsapps.org/fuh/oda/audio/636925682518628335fu%C9%97ngo-nokku.mp3
https://media.ipsapps.org/fuh/oda/,https://media.ipsapps.org/fuh/oda/audio/636922024264074601faɗo.mp3,HTTPError: 404 Client Error: Not Found for url: https://media.ipsapps.org/fuh/oda/audio/636922024264074601fa%C9%97o.mp3
https://media.ipsapps.org/fuh/oda/,https://media.ipsapps.org/fuh/oda/audio/636922023423362404faɗɗitinde.mp3,HTTPError: 404 Client Error: Not Found for url: https://media.ipsapps.org/fuh/oda/audio/636922023423362404fa%C9%97%C9%97itinde.mp3
https://media.ipsapps.org/fuh/oda/,https://media.ipsapps.org/fuh/oda/audio/636925682116677044Fuɗɗoode.mp3,HTTPError: 404 Client Error: Not Found for url: https://media.ipsapps.org/fuh/oda/audio/636925682116677044Fu%C9%97%C9%97oode.mp3
https://media.ipsapps.org/fuh/oda/,https://media.ipsapps.org/fuh/oda/audio/636922033427148809faŋude.mp3,HTTPError: 404 Client Error: Not Found for url: https://media.ipsapps.org/fuh/oda/audio/636922033427148809fa%C5%8Bude.mp3
https://media.ipsapps.org/fuh/oda/,https://media.ipsapps.org/fuh/oda/audio/636925682203007193fuɗɗude.mp3,HTTPError: 404 Client Error: Not Found for url: https://media.ipsapps.org/fuh/oda/audio/636925682203007193fu%C9%97%C9%97ude.mp3
https://media.ipsapps.org/fuh/oda/,https://media.ipsapps.org/fuh/oda/audio/636922022230079859faɓɓitittiyel jaango.mp3,HTTPError: 404 Client Error: Not Found for url: https://media.ipsapps.org/fuh/oda/audio/636922022230079859fa%C9%93%C9%93itittiyel%20jaango.mp3
https://media.ipsapps.org/fuh/oda/,https://media.ipsapps.org/fuh/oda/audio/636925545156097357faydinɗo.mp3,HTTPError: 404 Client Error: Not Found for url: https://media.ipsapps.org/fuh/oda/audio/636925545156097357faydin%C9%97o.mp3
https://media.ipsapps.org/fuh/oda/,https://media.ipsapps.org/fuh/oda/audio/636922024201869183faɗɗude.mp3,HTTPError: 404 Client Error: Not Found for url: https://media.ipsapps.org/fuh/oda/audio/636922024201869183fa%C9%97%C9%97ude.mp3
https://media.ipsapps.org/fuh/oda/,https://media.ipsapps.org/fuh/oda/audio/636925664744329374Filipiyankooɓe.mp3,HTTPError: 404 Client Error: Not Found for url: https://media.ipsapps.org/fuh/oda/audio/636925664744329374Filipiyankoo%C9%93e.mp3
https://media.ipsapps.org/fuh/oda/,https://media.ipsapps.org/fuh/oda/audio/636925650676377694feɗnude.mp3,HTTPError: 404 Client Error: Not Found for url: https://media.ipsapps.org/fuh/oda/audio/636925650676377694fe%C9%97nude.mp3
https://media.ipsapps.org/fuh/oda/,https://media.ipsapps.org/fuh/oda/audio/636925655048022646femƴaa.mp3,HTTPError: 404 Client Error: Not Found for url: https://media.ipsapps.org/fuh/oda/audio/636925655048022646fem%C6%B4aa.mp3
https://media.ipsapps.org/fuh/oda/,https://media.ipsapps.org/fuh/oda/audio/636925650596042836feɗeengo.mp3,HTTPError: 404 Client Error: Not Found for url: https://media.ipsapps.org/fuh/oda/audio/636925650596042836fe%C9%97eengo.mp3
https://media.ipsapps.org/fuh/oda/,https://media.ipsapps.org/fuh/oda/audio/636925660637336591fiɓaneede.mp3,HTTPError: 404 Client Error: Not Found for url: https://media.ipsapps.org/fuh/oda/audio/636925660637336591fi%C9%93aneede.mp3
https://media.ipsapps.org/fuh/oda/,https://media.ipsapps.org/fuh/oda/audio/636925660284971461feƴƴitinde.mp3,HTTPError: 404 Client Error: Not Found for url: https://media.ipsapps.org/fuh/oda/audio/636925660284971461fe%C6%B4%C6%B4itinde.mp3
https://media.ipsapps.org/fuh/oda/,https://media.ipsapps.org/fuh/oda/audio/636925683038819895fuɗude.mp3,HTTPError: 404 Client Error: Not Found for url: https://media.ipsapps.org/fuh/oda/audio/636925683038819895fu%C9%97ude.mp3
https://media.ipsapps.org/fuh/oda/,https://media.ipsapps.org/fuh/oda/audio/636925670928196456foɗtinde.mp3,HTTPError: 404 Client Error: Not Found for url: https://media.ipsapps.org/fuh/oda/audio/636925670928196456fo%C9%97tinde.mp3
https://media.ipsapps.org/fuh/oda/,https://media.ipsapps.org/fuh/oda/audio/636925650148979241feɗeede.mp3,HTTPError: 404 Client Error: Not Found for url: https://media.ipsapps.org/fuh/oda/audio/636925650148979241fe%C9%97eede.mp3
https://media.ipsapps.org/fuh/oda/,https://media.ipsapps.org/fuh/oda/audio/636922034143259424Farillaaji Lewinkooɓe.mp3,HTTPError: 404 Client Error: Not Found for url: https://media.ipsapps.org/fuh/oda/audio/636922034143259424Farillaaji%20Lewinkoo%C9%93e.mp3
https://media.ipsapps.org/fuh/oda/,https://media.ipsapps.org/fuh/oda/audio/636922022017071840faɓɓi jaango.mp3,HTTPError: 404 Client Error: Not Found for url: https://media.ipsapps.org/fuh/oda/audio/636922022017071840fa%C9%93%C9%93i%20jaango.mp3
https://media.ipsapps.org/fuh/oda/,https://media.ipsapps.org/fuh/oda/audio/636922033512819256faŋude.mp3,HTTPError: 404 Client Error: Not Found for url: https://media.ipsapps.org/fuh/oda/audio/636922033512819256fa%C5%8Bude.mp3
https://media.ipsapps.org/fuh/oda/,https://media.ipsapps.org/fuh/oda/audio/636925655201562073femƴere.mp3,HTTPError: 404 Client Error: Not Found for url: https://media.ipsapps.org/fuh/oda/audio/636925655201562073fem%C6%B4ere.mp3
https://media.ipsapps.org/fuh/oda/,https://media.ipsapps.org/fuh/oda/audio/636933412618575217giɗo.mp3,HTTPError: 404 Client Error: Not Found for url: https://media.ipsapps.org/fuh/oda/audio/636933412618575217gi%C9%97o.mp3
https://media.ipsapps.org/fuh/oda/,https://media.ipsapps.org/fuh/oda/audio/636933398632237405geɓe.mp3,HTTPError: 404 Client Error: Not Found for url: https://media.ipsapps.org/fuh/oda/audio/636933398632237405ge%C9%93e.mp3
https://media.ipsapps.org/fuh/oda/,https://media.ipsapps.org/fuh/oda/audio/636933433876657451gonɗum.mp3,HTTPError: 404 Client Error: Not Found for url: https://media.ipsapps.org/fuh/oda/audio/636933433876657451gon%C9%97um.mp3
https://media.ipsapps.org/fuh/oda/,https://media.ipsapps.org/fuh/oda/audio/636933461959548196guƴƴaade.mp3,HTTPError: 404 Client Error: Not Found for url: https://media.ipsapps.org/fuh/oda/audio/636933461959548196gu%C6%B4%C6%B4aade.mp3
https://media.ipsapps.org/fuh/oda/,https://media.ipsapps.org/fuh/oda/audio/636933400247752872geɗu.mp3,HTTPError: 404 Client Error: Not Found for url: https://media.ipsapps.org/fuh/oda/audio/636933400247752872ge%C9%97u.mp3
https://media.ipsapps.org/fuh/oda/,https://media.ipsapps.org/fuh/oda/audio/636933417354603311giiniwol-ɓanndu.mp3,HTTPError: 404 Client Error: Not Found for url: https://media.ipsapps.org/fuh/oda/audio/636933417354603311giiniwol-%C9%93anndu.mp3
https://media.ipsapps.org/fuh/oda/,https://media.ipsapps.org/fuh/oda/audio/636933444779718703guɗɗe hinere.mp3,HTTPError: 404 Client Error: Not Found for url: https://media.ipsapps.org/fuh/oda/audio/636933444779718703gu%C9%97%C9%97e%20hinere.mp3
https://media.ipsapps.org/fuh/oda/,https://media.ipsapps.org/fuh/oda/audio/636933387947833452gaɓɓugal.mp3,HTTPError: 404 Client Error: Not Found for url: https://media.ipsapps.org/fuh/oda/audio/636933387947833452ga%C9%93%C9%93ugal.mp3
https://media.ipsapps.org/fuh/oda/,https://media.ipsapps.org/fuh/oda/audio/636933400841039968geelooɗi.mp3,HTTPError: 404 Client Error: Not Found for url: https://media.ipsapps.org/fuh/oda/audio/636933400841039968geeloo%C9%97i.mp3
https://media.ipsapps.org/fuh/oda/,https://media.ipsapps.org/fuh/oda/audio/636933458442243169guugaaɗo.mp3,HTTPError: 404 Client Error: Not Found for url: https://media.ipsapps.org/fuh/oda/audio/636933458442243169guugaa%C9%97o.mp3
https://media.ipsapps.org/fuh/oda/,https://media.ipsapps.org/fuh/oda/audio/636933411418028615geƴƴelle.mp3,HTTPError: 404 Client Error: Not Found for url: https://media.ipsapps.org/fuh/oda/audio/636933411418028615ge%C6%B4%C6%B4elle.mp3
https://media.ipsapps.org/fuh/oda/,https://media.ipsapps.org/fuh/oda/audio/636933402095446325geeƴi.mp3,HTTPError: 404 Client Error: Not Found for url: https://media.ipsapps.org/fuh/oda/audio/636933402095446325gee%C6%B4i.mp3
https://media.ipsapps.org/fuh/oda/,https://media.ipsapps.org/fuh/oda/audio/636933411329873903geƴƴeede.mp3,HTTPError: 404 Client Error: Not Found for url: https://media.ipsapps.org/fuh/oda/audio/636933411329873903ge%C6%B4%C6%B4eede.mp3
https://media.ipsapps.org/fuh/oda/,https://media.ipsapps.org/fuh/oda/audio/636933422998330735goɗɗum.mp3,HTTPError: 404 Client Error: Not Found for url: https://media.ipsapps.org/fuh/oda/audio/636933422998330735go%C9%97%C9%97um.mp3
https://media.ipsapps.org/fuh/oda/,https://media.ipsapps.org/fuh/oda/audio/636933397598196232gayɗe.mp3,HTTPError: 404 Client Error: Not Found for url: https://media.ipsapps.org/fuh/oda/audio/636933397598196232gay%C9%97e.mp3
https://media.ipsapps.org/fuh/oda/,https://media.ipsapps.org/fuh/oda/audio/636933431887763894golloowo golle juuɗe.mp3,HTTPError: 404 Client Error: Not Found for url: https://media.ipsapps.org/fuh/oda/audio/636933431887763894golloowo%20golle%20juu%C9%97e.mp3
https://media.ipsapps.org/fuh/oda/,https://media.ipsapps.org/fuh/oda/audio/636933434796017675goonɗinal.mp3,HTTPError: 404 Client Error: Not Found for url: https://media.ipsapps.org/fuh/oda/audio/636933434796017675goon%C9%97inal.mp3
https://media.ipsapps.org/fuh/oda/,https://media.ipsapps.org/fuh/oda/audio/636933390834702343galle laamiiɗo.mp3,HTTPError: 404 Client Error: Not Found for url: https://media.ipsapps.org/fuh/oda/audio/636933390834702343galle%20laamii%C9%97o.mp3
https://media.ipsapps.org/fuh/oda/,https://media.ipsapps.org/fuh/oda/audio/636933459084710502guusiɗinde.mp3,HTTPError: 404 Client Error: Not Found for url: https://media.ipsapps.org/fuh/oda/audio/636933459084710502guusi%C9%97inde.mp3
https://media.ipsapps.org/fuh/oda/,https://media.ipsapps.org/fuh/oda/audio/636933402018225930geeƴam.mp3,HTTPError: 404 Client Error: Not Found for url: https://media.ipsapps.org/fuh/oda/audio/636933402018225930gee%C6%B4am.mp3
https://media.ipsapps.org/fuh/oda/,https://media.ipsapps.org/fuh/oda/audio/636933434875017225goonɗinde.mp3,HTTPError: 404 Client Error: Not Found for url: https://media.ipsapps.org/fuh/oda/audio/636933434875017225goon%C9%97inde.mp3
https://media.ipsapps.org/fuh/oda/,https://media.ipsapps.org/fuh/oda/audio/636933430766945863gollinteeɗo.mp3,HTTPError: 404 Client Error: Not Found for url: https://media.ipsapps.org/fuh/oda/audio/636933430766945863gollintee%C9%97o.mp3
https://media.ipsapps.org/fuh/oda/,https://media.ipsapps.org/fuh/oda/audio/636933444068443961guɓɓaade.mp3,HTTPError: 404 Client Error: Not Found for url: https://media.ipsapps.org/fuh/oda/audio/636933444068443961gu%C9%93%C9%93aade.mp3
https://media.ipsapps.org/fuh/oda/,https://media.ipsapps.org/fuh/oda/audio/636933390289203755Galaatiyankooɓe.mp3,HTTPError: 404 Client Error: Not Found for url: https://media.ipsapps.org/fuh/oda/audio/636933390289203755Galaatiyankoo%C9%93e.mp3
https://media.ipsapps.org/fuh/oda/,https://media.ipsapps.org/fuh/oda/audio/636933434966871234goonɗude.mp3,HTTPError: 404 Client Error: Not Found for url: https://media.ipsapps.org/fuh/oda/audio/636933434966871234goon%C9%97ude.mp3
https://media.ipsapps.org/fuh/oda/,https://media.ipsapps.org/fuh/oda/audio/636933426132871090golle sardiŋe.mp3,HTTPError: 404 Client Error: Not Found for url: https://media.ipsapps.org/fuh/oda/audio/636933426132871090golle%20sardi%C5%8Be.mp3
https://media.ipsapps.org/fuh/oda/,https://media.ipsapps.org/fuh/oda/audio/636933406610069712gere goɗɗo.mp3,HTTPError: 404 Client Error: Not Found for url: https://media.ipsapps.org/fuh/oda/audio/636933406610069712gere%20go%C9%97%C9%97o.mp3
https://media.ipsapps.org/fuh/oda/,https://media.ipsapps.org/fuh/oda/audio/636933432152654528golloowo kanŋe.mp3,HTTPError: 404 Client Error: Not Found for url: https://media.ipsapps.org/fuh/oda/audio/636933432152654528golloowo%20kan%C5%8Be.mp3
https://media.ipsapps.org/fuh/oda/,https://media.ipsapps.org/fuh/oda/audio/636933388858780532gaɗa junngo.mp3,HTTPError: 404 Client Error: Not Found for url: https://media.ipsapps.org/fuh/oda/audio/636933388858780532ga%C9%97a%20junngo.mp3
https://media.ipsapps.org/fuh/oda/,https://media.ipsapps.org/fuh/oda/audio/636933431732020815gollitirɗe.mp3,HTTPError: 404 Client Error: Not Found for url: https://media.ipsapps.org/fuh/oda/audio/636933431732020815gollitir%C9%97e.mp3
https://media.ipsapps.org/fuh/oda/,https://media.ipsapps.org/fuh/oda/audio/636933447947666032guleeɗe.mp3,HTTPError: 404 Client Error: Not Found for url: https://media.ipsapps.org/fuh/oda/audio/636933447947666032gulee%C9%97e.mp3
https://media.ipsapps.org/fuh/oda/,https://media.ipsapps.org/fuh/oda/audio/636933419695322236ginewol ɓanndu.mp3,HTTPError: 404 Client Error: Not Found for url: https://media.ipsapps.org/fuh/oda/audio/636933419695322236ginewol%20%C9%93anndu.mp3
https://media.ipsapps.org/fuh/oda/,https://media.ipsapps.org/fuh/oda/audio/636933454858580382gurɓinde.mp3,HTTPError: 404 Client Error: Not Found for url: https://media.ipsapps.org/fuh/oda/audio/636933454858580382gur%C9%93inde.mp3
https://media.ipsapps.org/fuh/oda/,https://media.ipsapps.org/fuh/oda/audio/636933405527289040geŋerewal.mp3,HTTPError: 404 Client Error: Not Found for url: https://media.ipsapps.org/fuh/oda/audio/636933405527289040ge%C5%8Berewal.mp3
https://media.ipsapps.org/fuh/oda/,https://media.ipsapps.org/fuh/oda/audio/636933396932650767gawtooɗo.mp3,HTTPError: 404 Client Error: Not Found for url: https://media.ipsapps.org/fuh/oda/audio/636933396932650767gawtoo%C9%97o.mp3
https://media.ipsapps.org/fuh/oda/,https://media.ipsapps.org/fuh/oda/audio/636933412219105332giɗaale.mp3,HTTPError: 404 Client Error: Not Found for url: https://media.ipsapps.org/fuh/oda/audio/636933412219105332gi%C9%97aale.mp3
https://media.ipsapps.org/fuh/oda/,https://media.ipsapps.org/fuh/oda/audio/636933388797282565gaɗa.mp3,HTTPError: 404 Client Error: Not Found for url: https://media.ipsapps.org/fuh/oda/audio/636933388797282565ga%C9%97a.mp3
https://media.ipsapps.org/fuh/oda/,https://media.ipsapps.org/fuh/oda/audio/636933430478026435Golleeji Nulaaɓe.mp3,HTTPError: 404 Client Error: Not Found for url: https://media.ipsapps.org/fuh/oda/audio/636933430478026435Golleeji%20Nulaa%C9%93e.mp3
https://media.ipsapps.org/fuh/oda/,https://media.ipsapps.org/fuh/oda/audio/636933447010180009guɗɗel-nguli.mp3,HTTPError: 404 Client Error: Not Found for url: https://media.ipsapps.org/fuh/oda/audio/636933447010180009gu%C9%97%C9%97el-nguli.mp3
https://media.ipsapps.org/fuh/oda/,https://media.ipsapps.org/fuh/oda/audio/636933388094028022gaɓɓulal.mp3,HTTPError: 404 Client Error: Not Found for url: https://media.ipsapps.org/fuh/oda/audio/636933388094028022ga%C9%93%C9%93ulal.mp3
https://media.ipsapps.org/fuh/oda/,https://media.ipsapps.org/fuh/oda/audio/636933431605649956gollirɗe.mp3,HTTPError: 404 Client Error: Not Found for url: https://media.ipsapps.org/fuh/oda/audio/636933431605649956gollir%C9%97e.mp3
https://media.ipsapps.org/fuh/oda/,https://media.ipsapps.org/fuh/oda/audio/636933433513949659gonɗo.mp3,HTTPError: 404 Client Error: Not Found for url: https://media.ipsapps.org/fuh/oda/audio/636933433513949659gon%C9%97o.mp3
https://media.ipsapps.org/fuh/oda/,https://media.ipsapps.org/fuh/oda/audio/636933418741050185gilɗi.mp3,HTTPError: 404 Client Error: Not Found for url: https://media.ipsapps.org/fuh/oda/audio/636933418741050185gil%C9%97i.mp3
https://media.ipsapps.org/fuh/oda/,https://media.ipsapps.org/fuh/oda/audio/636933447136955314guddiɗinde.mp3,HTTPError: 404 Client Error: Not Found for url: https://media.ipsapps.org/fuh/oda/audio/636933447136955314guddi%C9%97inde.mp3
https://media.ipsapps.org/fuh/oda/,https://media.ipsapps.org/fuh/oda/audio/636933432688800368gomɗi.mp3,HTTPError: 404 Client Error: Not Found for url: https://media.ipsapps.org/fuh/oda/audio/636933432688800368gom%C9%97i.mp3
https://media.ipsapps.org/fuh/oda/,https://media.ipsapps.org/fuh/oda/audio/636933411496307809geƴƴude.mp3,HTTPError: 404 Client Error: Not Found for url: https://media.ipsapps.org/fuh/oda/audio/636933411496307809ge%C6%B4%C6%B4ude.mp3
https://media.ipsapps.org/fuh/oda/,https://media.ipsapps.org/fuh/oda/audio/636933435872450514goosiɗidde.mp3,HTTPError: 404 Client Error: Not Found for url: https://media.ipsapps.org/fuh/oda/audio/636933435872450514goosi%C9%97idde.mp3
https://media.ipsapps.org/fuh/oda/,https://media.ipsapps.org/fuh/oda/audio/636933425843629201golle iimaaɗe.mp3,HTTPError: 404 Client Error: Not Found for url: https://media.ipsapps.org/fuh/oda/audio/636933425843629201golle%20iimaa%C9%97e.mp3
https://media.ipsapps.org/fuh/oda/,https://media.ipsapps.org/fuh/oda/audio/636933423063611470goɗɗum ladde.mp3,HTTPError: 404 Client Error: Not Found for url: https://media.ipsapps.org/fuh/oda/audio/636933423063611470go%C9%97%C9%97um%20ladde.mp3
https://media.ipsapps.org/fuh/oda/,https://media.ipsapps.org/fuh/oda/audio/636933457314713543guuɓal.mp3,HTTPError: 404 Client Error: Not Found for url: https://media.ipsapps.org/fuh/oda/audio/636933457314713543guu%C9%93al.mp3
https://media.ipsapps.org/fuh/oda/,https://media.ipsapps.org/fuh/oda/audio/636933421729788851girriɗinde.mp3,HTTPError: 404 Client Error: Not Found for url: https://media.ipsapps.org/fuh/oda/audio/636933421729788851girri%C9%97inde.mp3
https://media.ipsapps.org/fuh/oda/,https://media.ipsapps.org/fuh/oda/audio/636933401870354306geetiɗinde.mp3,HTTPError: 404 Client Error: Not Found for url: https://media.ipsapps.org/fuh/oda/audio/636933401870354306geeti%C9%97inde.mp3
https://media.ipsapps.org/fuh/oda/,https://media.ipsapps.org/fuh/oda/audio/636933422587537106giƴƴude.mp3,HTTPError: 404 Client Error: Not Found for url: https://media.ipsapps.org/fuh/oda/audio/636933422587537106gi%C6%B4%C6%B4ude.mp3
https://media.ipsapps.org/fuh/oda/,https://media.ipsapps.org/fuh/oda/audio/636933431979810652golloowo golle leɗɗe.mp3,HTTPError: 404 Client Error: Not Found for url: https://media.ipsapps.org/fuh/oda/audio/636933431979810652golloowo%20golle%20le%C9%97%C9%97e.mp3
https://media.ipsapps.org/fuh/oda/,https://media.ipsapps.org/fuh/oda/audio/636933459734854979guƴu.mp3,HTTPError: 404 Client Error: Not Found for url: https://media.ipsapps.org/fuh/oda/audio/636933459734854979gu%C6%B4u.mp3
https://media.ipsapps.org/fuh/oda/,https://media.ipsapps.org/fuh/oda/audio/636933422929254057goɗɗo.mp3,HTTPError: 404 Client Error: Not Found for url: https://media.ipsapps.org/fuh/oda/audio/636933422929254057go%C9%97%C9%97o.mp3
https://media.ipsapps.org/fuh/oda/,https://media.ipsapps.org/fuh/oda/audio/636933388994957005gaɗawal.mp3,HTTPError: 404 Client Error: Not Found for url: https://media.ipsapps.org/fuh/oda/audio/636933388994957005ga%C9%97awal.mp3
https://media.ipsapps.org/fuh/oda/,https://media.ipsapps.org/fuh/oda/audio/636933404094054857genɗe.mp3,HTTPError: 404 Client Error: Not Found for url: https://media.ipsapps.org/fuh/oda/audio/636933404094054857gen%C9%97e.mp3
https://media.ipsapps.org/fuh/oda/,https://media.ipsapps.org/fuh/oda/javascript/c12.htm,HTTPError: 404 Client Error: Not Found for url: https://media.ipsapps.org/fuh/oda/javascript/c12.htm
https://media.ipsapps.org/fuh/oda/,https://media.ipsapps.org/fuh/oda/javascript/c37.htm,HTTPError: 404 Client Error: Not Found for url: https://media.ipsapps.org/fuh/oda/javascript/c37.htm
https://media.ipsapps.org/fuh/oda/,https://media.ipsapps.org/fuh/oda/javascript/c27.htm,HTTPError: 404 Client Error: Not Found for url: https://media.ipsapps.org/fuh/oda/javascript/c27.htm
https://media.ipsapps.org/fuh/oda/,https://media.ipsapps.org/fuh/oda/javascript/c06.htm,HTTPError: 404 Client Error: Not Found for url: https://media.ipsapps.org/fuh/oda/javascript/c06.htm
https://media.ipsapps.org/fuh/oda/,https://media.ipsapps.org/fuh/oda/javascript/c33.htm,HTTPError: 404 Client Error: Not Found for url: https://media.ipsapps.org/fuh/oda/javascript/c33.htm
https://media.ipsapps.org/fuh/oda/,https://media.ipsapps.org/fuh/oda/javascript/c31.htm,HTTPError: 404 Client Error: Not Found for url: https://media.ipsapps.org/fuh/oda/javascript/c31.htm
https://media.ipsapps.org/fuh/oda/,https://media.ipsapps.org/fuh/oda/javascript/c48.htm,HTTPError: 404 Client Error: Not Found for url: https://media.ipsapps.org/fuh/oda/javascript/c48.htm
https://media.ipsapps.org/fuh/oda/,https://media.ipsapps.org/fuh/oda/javascript/c62.htm,HTTPError: 404 Client Error: Not Found for url: https://media.ipsapps.org/fuh/oda/javascript/c62.htm
https://media.ipsapps.org/fuh/oda/,https://media.ipsapps.org/fuh/oda/javascript/c56.htm,HTTPError: 404 Client Error: Not Found for url: https://media.ipsapps.org/fuh/oda/javascript/c56.htm
https://media.ipsapps.org/fuh/oda/,https://media.ipsapps.org/fuh/oda/javascript/c45.htm,HTTPError: 404 Client Error: Not Found for url: https://media.ipsapps.org/fuh/oda/javascript/c45.htm
https://media.ipsapps.org/fuh/oda/,https://media.ipsapps.org/fuh/oda/javascript/c25.htm,HTTPError: 404 Client Error: Not Found for url: https://media.ipsapps.org/fuh/oda/javascript/c25.htm
https://media.ipsapps.org/fuh/oda/,https://media.ipsapps.org/fuh/oda/javascript/c04.htm,HTTPError: 404 Client Error: Not Found for url: https://media.ipsapps.org/fuh/oda/javascript/c04.htm
https://media.ipsapps.org/fuh/oda/,https://media.ipsapps.org/fuh/oda/javascript/c01.htm,HTTPError: 404 Client Error: Not Found for url: https://media.ipsapps.org/fuh/oda/javascript/c01.htm
https://media.ipsapps.org/fuh/oda/,https://media.ipsapps.org/fuh/oda/javascript/c44.htm,HTTPError: 404 Client Error: Not Found for url: https://media.ipsapps.org/fuh/oda/javascript/c44.htm
https://media.ipsapps.org/fuh/oda/,https://media.ipsapps.org/fuh/oda/javascript/c10.htm,HTTPError: 404 Client Error: Not Found for url: https://media.ipsapps.org/fuh/oda/javascript/c10.htm
https://media.ipsapps.org/fuh/oda/,https://media.ipsapps.org/fuh/oda/javascript/c58.htm,HTTPError: 404 Client Error: Not Found for url: https://media.ipsapps.org/fuh/oda/javascript/c58.htm
https://media.ipsapps.org/fuh/oda/,https://media.ipsapps.org/fuh/oda/javascript/c29.htm,HTTPError: 404 Client Error: Not Found for url: https://media.ipsapps.org/fuh/oda/javascript/c29.htm
https://media.ipsapps.org/fuh/oda/,https://media.ipsapps.org/fuh/oda/javascript/c09.htm,HTTPError: 404 Client Error: Not Found for url: https://media.ipsapps.org/fuh/oda/javascript/c09.htm
https://media.ipsapps.org/fuh/oda/,https://media.ipsapps.org/fuh/oda/javascript/c64.htm,HTTPError: 404 Client Error: Not Found for url: https://media.ipsapps.org/fuh/oda/javascript/c64.htm
https://media.ipsapps.org/fuh/oda/,https://media.ipsapps.org/fuh/oda/javascript/c52.htm,HTTPError: 404 Client Error: Not Found for url: https://media.ipsapps.org/fuh/oda/javascript/c52.htm
https://media.ipsapps.org/fuh/oda/,https://media.ipsapps.org/fuh/oda/javascript/c17.htm,HTTPError: 404 Client Error: Not Found for url: https://media.ipsapps.org/fuh/oda/javascript/c17.htm
https://media.ipsapps.org/fuh/oda/,https://media.ipsapps.org/fuh/oda/javascript/c68.htm,HTTPError: 404 Client Error: Not Found for url: https://media.ipsapps.org/fuh/oda/javascript/c68.htm
https://media.ipsapps.org/fuh/oda/,https://media.ipsapps.org/fuh/oda/javascript/c61.htm,HTTPError: 404 Client Error: Not Found for url: https://media.ipsapps.org/fuh/oda/javascript/c61.htm
https://media.ipsapps.org/fuh/oda/,https://media.ipsapps.org/fuh/oda/javascript/c39.htm,HTTPError: 404 Client Error: Not Found for url: https://media.ipsapps.org/fuh/oda/javascript/c39.htm
https://media.ipsapps.org/fuh/oda/,https://media.ipsapps.org/fuh/oda/javascript/c07.htm,HTTPError: 404 Client Error: Not Found for url: https://media.ipsapps.org/fuh/oda/javascript/c07.htm
https://media.ipsapps.org/fuh/oda/,https://media.ipsapps.org/fuh/oda/javascript/c34.htm,HTTPError: 404 Client Error: Not Found for url: https://media.ipsapps.org/fuh/oda/javascript/c34.htm
https://media.ipsapps.org/fuh/oda/,https://media.ipsapps.org/fuh/oda/javascript/c24.htm,HTTPError: 404 Client Error: Not Found for url: https://media.ipsapps.org/fuh/oda/javascript/c24.htm
https://media.ipsapps.org/fuh/oda/,https://media.ipsapps.org/fuh/oda/javascript/c16.htm,HTTPError: 404 Client Error: Not Found for url: https://media.ipsapps.org/fuh/oda/javascript/c16.htm
https://media.ipsapps.org/fuh/oda/,https://media.ipsapps.org/fuh/oda/javascript/c13.htm,HTTPError: 404 Client Error: Not Found for url: https://media.ipsapps.org/fuh/oda/javascript/c13.htm
https://media.ipsapps.org/fuh/oda/,https://media.ipsapps.org/fuh/oda/javascript/c54.htm,HTTPError: 404 Client Error: Not Found for url: https://media.ipsapps.org/fuh/oda/javascript/c54.htm
https://media.ipsapps.org/fuh/oda/,https://media.ipsapps.org/fuh/oda/javascript/c59.htm,HTTPError: 404 Client Error: Not Found for url: https://media.ipsapps.org/fuh/oda/javascript/c59.htm
https://media.ipsapps.org/fuh/oda/,https://media.ipsapps.org/fuh/oda/javascript/c69.htm,HTTPError: 404 Client Error: Not Found for url: https://media.ipsapps.org/fuh/oda/javascript/c69.htm
https://media.ipsapps.org/fuh/oda/,https://media.ipsapps.org/fuh/oda/javascript/c21.htm,HTTPError: 404 Client Error: Not Found for url: https://media.ipsapps.org/fuh/oda/javascript/c21.htm
https://media.ipsapps.org/fuh/oda/,https://media.ipsapps.org/fuh/oda/javascript/c53.htm,HTTPError: 404 Client Error: Not Found for url: https://media.ipsapps.org/fuh/oda/javascript/c53.htm
https://media.ipsapps.org/fuh/oda/,https://media.ipsapps.org/fuh/oda/javascript/c22.htm,HTTPError: 404 Client Error: Not Found for url: https://media.ipsapps.org/fuh/oda/javascript/c22.htm
https://media.ipsapps.org/fuh/oda/,https://media.ipsapps.org/fuh/oda/javascript/c60.htm,HTTPError: 404 Client Error: Not Found for url: https://media.ipsapps.org/fuh/oda/javascript/c60.htm
https://media.ipsapps.org/fuh/oda/,https://media.ipsapps.org/fuh/oda/javascript/c36.htm,HTTPError: 404 Client Error: Not Found for url: https://media.ipsapps.org/fuh/oda/javascript/c36.htm
https://media.ipsapps.org/fuh/oda/,https://media.ipsapps.org/fuh/oda/javascript/c11.htm,HTTPError: 404 Client Error: Not Found for url: https://media.ipsapps.org/fuh/oda/javascript/c11.htm
https://media.ipsapps.org/fuh/oda/,https://media.ipsapps.org/fuh/oda/javascript/c42.htm,HTTPError: 404 Client Error: Not Found for url: https://media.ipsapps.org/fuh/oda/javascript/c42.htm
https://media.ipsapps.org/fuh/oda/,https://media.ipsapps.org/fuh/oda/javascript/c18.htm,HTTPError: 404 Client Error: Not Found for url: https://media.ipsapps.org/fuh/oda/javascript/c18.htm
https://media.ipsapps.org/fuh/oda/,https://media.ipsapps.org/fuh/oda/javascript/c02.htm,HTTPError: 404 Client Error: Not Found for url: https://media.ipsapps.org/fuh/oda/javascript/c02.htm
https://media.ipsapps.org/fuh/oda/,https://media.ipsapps.org/fuh/oda/javascript/c30.htm,HTTPError: 404 Client Error: Not Found for url: https://media.ipsapps.org/fuh/oda/javascript/c30.htm
https://media.ipsapps.org/fuh/oda/,https://media.ipsapps.org/fuh/oda/javascript/c14.htm,HTTPError: 404 Client Error: Not Found for url: https://media.ipsapps.org/fuh/oda/javascript/c14.htm
https://media.ipsapps.org/fuh/oda/,https://media.ipsapps.org/fuh/oda/javascript/c65.htm,HTTPError: 404 Client Error: Not Found for url: https://media.ipsapps.org/fuh/oda/javascript/c65.htm
https://media.ipsapps.org/fuh/oda/,https://media.ipsapps.org/fuh/oda/javascript/c23.htm,HTTPError: 404 Client Error: Not Found for url: https://media.ipsapps.org/fuh/oda/javascript/c23.htm
https://media.ipsapps.org/fuh/oda/,https://media.ipsapps.org/fuh/oda/javascript/c47.htm,HTTPError: 404 Client Error: Not Found for url: https://media.ipsapps.org/fuh/oda/javascript/c47.htm
https://media.ipsapps.org/fuh/oda/,https://media.ipsapps.org/fuh/oda/javascript/c66.htm,HTTPError: 404 Client Error: Not Found for url: https://media.ipsapps.org/fuh/oda/javascript/c66.htm
https://media.ipsapps.org/fuh/oda/,https://media.ipsapps.org/fuh/oda/javascript/c32.htm,HTTPError: 404 Client Error: Not Found for url: https://media.ipsapps.org/fuh/oda/javascript/c32.htm
https://media.ipsapps.org/fuh/oda/,https://media.ipsapps.org/fuh/oda/javascript/c41.htm,HTTPError: 404 Client Error: Not Found for url: https://media.ipsapps.org/fuh/oda/javascript/c41.htm
https://media.ipsapps.org/fuh/oda/,https://media.ipsapps.org/fuh/oda/javascript/c26.htm,HTTPError: 404 Client Error: Not Found for url: https://media.ipsapps.org/fuh/oda/javascript/c26.htm
https://media.ipsapps.org/fuh/oda/,https://media.ipsapps.org/fuh/oda/javascript/c55.htm,HTTPError: 404 Client Error: Not Found for url: https://media.ipsapps.org/fuh/oda/javascript/c55.htm
https://media.ipsapps.org/fuh/oda/,https://media.ipsapps.org/fuh/oda/javascript/c57.htm,HTTPError: 404 Client Error: Not Found for url: https://media.ipsapps.org/fuh/oda/javascript/c57.htm
https://media.ipsapps.org/fuh/oda/,https://media.ipsapps.org/fuh/oda/javascript/c63.htm,HTTPError: 404 Client Error: Not Found for url: https://media.ipsapps.org/fuh/oda/javascript/c63.htm
https://media.ipsapps.org/fuh/oda/,https://media.ipsapps.org/fuh/oda/javascript/c49.htm,HTTPError: 404 Client Error: Not Found for url: https://media.ipsapps.org/fuh/oda/javascript/c49.htm
https://media.ipsapps.org/fuh/oda/,https://media.ipsapps.org/fuh/oda/javascript/c51.htm,HTTPError: 404 Client Error: Not Found for url: https://media.ipsapps.org/fuh/oda/javascript/c51.htm
https://media.ipsapps.org/fuh/oda/,https://media.ipsapps.org/fuh/oda/javascript/c20.htm,HTTPError: 404 Client Error: Not Found for url: https://media.ipsapps.org/fuh/oda/javascript/c20.htm
https://media.ipsapps.org/fuh/oda/,https://media.ipsapps.org/fuh/oda/javascript/c46.htm,HTTPError: 404 Client Error: Not Found for url: https://media.ipsapps.org/fuh/oda/javascript/c46.htm
https://media.ipsapps.org/fuh/oda/,https://media.ipsapps.org/fuh/oda/javascript/c05.htm,HTTPError: 404 Client Error: Not Found for url: https://media.ipsapps.org/fuh/oda/javascript/c05.htm
https://media.ipsapps.org/fuh/oda/,https://media.ipsapps.org/fuh/oda/javascript/c40.htm,HTTPError: 404 Client Error: Not Found for url: https://media.ipsapps.org/fuh/oda/javascript/c40.htm
https://media.ipsapps.org/fuh/oda/,https://media.ipsapps.org/fuh/oda/javascript/c38.htm,HTTPError: 404 Client Error: Not Found for url: https://media.ipsapps.org/fuh/oda/javascript/c38.htm
https://media.ipsapps.org/fuh/oda/,https://media.ipsapps.org/fuh/oda/javascript/c03.htm,HTTPError: 404 Client Error: Not Found for url: https://media.ipsapps.org/fuh/oda/javascript/c03.htm
https://media.ipsapps.org/fuh/oda/,https://media.ipsapps.org/fuh/oda/javascript/c35.htm,HTTPError: 404 Client Error: Not Found for url: https://media.ipsapps.org/fuh/oda/javascript/c35.htm
https://media.ipsapps.org/fuh/oda/,https://media.ipsapps.org/fuh/oda/javascript/c43.htm,HTTPError: 404 Client Error: Not Found for url: https://media.ipsapps.org/fuh/oda/javascript/c43.htm
https://media.ipsapps.org/fuh/oda/,https://media.ipsapps.org/fuh/oda/javascript/c67.htm,HTTPError: 404 Client Error: Not Found for url: https://media.ipsapps.org/fuh/oda/javascript/c67.htm
https://media.ipsapps.org/fuh/oda/,https://media.ipsapps.org/fuh/oda/javascript/c28.htm,HTTPError: 404 Client Error: Not Found for url: https://media.ipsapps.org/fuh/oda/javascript/c28.htm
https://media.ipsapps.org/fuh/oda/,https://media.ipsapps.org/fuh/oda/javascript/c50.htm,HTTPError: 404 Client Error: Not Found for url: https://media.ipsapps.org/fuh/oda/javascript/c50.htm
https://media.ipsapps.org/fuh/oda/,https://media.ipsapps.org/fuh/oda/javascript/c19.htm,HTTPError: 404 Client Error: Not Found for url: https://media.ipsapps.org/fuh/oda/javascript/c19.htm
https://media.ipsapps.org/fuh/oda/,https://media.ipsapps.org/fuh/oda/javascript/c15.htm,HTTPError: 404 Client Error: Not Found for url: https://media.ipsapps.org/fuh/oda/javascript/c15.htm
https://media.ipsapps.org/fuh/oda/,https://media.ipsapps.org/fuh/oda/javascript/c08.htm,HTTPError: 404 Client Error: Not Found for url: https://media.ipsapps.org/fuh/oda/javascript/c08.htm
https://media.ipsapps.org/fuh/ora/co1/,https://media.ipsapps.org/fuh/ora/co1/js/09-B009-001.html,HTTPError: 404 Client Error: Not Found for url: https://media.ipsapps.org/fuh/ora/co1/js/09-B009-001.html
https://media.ipsapps.org/fuh/ora/co1/,https://media.ipsapps.org/fuh/ora/co1/js/01-B001-001.html,HTTPError: 404 Client Error: Not Found for url: https://media.ipsapps.org/fuh/ora/co1/js/01-B001-001.html
https://media.ipsapps.org/fuh/ora/co1/,https://media.ipsapps.org/fuh/ora/co1/js/15-B015-001.html,HTTPError: 404 Client Error: Not Found for url: https://media.ipsapps.org/fuh/ora/co1/js/15-B015-001.html
https://media.ipsapps.org/fuh/ora/co1/,https://media.ipsapps.org/fuh/ora/co1/js/04-B004-001.html,HTTPError: 404 Client Error: Not Found for url: https://media.ipsapps.org/fuh/ora/co1/js/04-B004-001.html
https://media.ipsapps.org/fuh/ora/co1/,https://media.ipsapps.org/fuh/ora/co1/js/02-B002-001.html,HTTPError: 404 Client Error: Not Found for url: https://media.ipsapps.org/fuh/ora/co1/js/02-B002-001.html
https://media.ipsapps.org/fuh/ora/co1/,https://media.ipsapps.org/fuh/ora/co1/js/03-B003-001.html,HTTPError: 404 Client Error: Not Found for url: https://media.ipsapps.org/fuh/ora/co1/js/03-B003-001.html
https://media.ipsapps.org/fuh/ora/co1/,https://media.ipsapps.org/fuh/ora/co1/js/05-B005-001.html,HTTPError: 404 Client Error: Not Found for url: https://media.ipsapps.org/fuh/ora/co1/js/05-B005-001.html
https://media.ipsapps.org/fuh/ora/co1/,https://media.ipsapps.org/fuh/ora/co1/js/08-B008-001.html,HTTPError: 404 Client Error: Not Found for url: https://media.ipsapps.org/fuh/ora/co1/js/08-B008-001.html
https://media.ipsapps.org/fuh/ora/co1/,https://media.ipsapps.org/fuh/ora/co1/js/11-B011-001.html,HTTPError: 404 Client Error: Not Found for url: https://media.ipsapps.org/fuh/ora/co1/js/11-B011-001.html
https://media.ipsapps.org/fuh/ora/co1/,https://media.ipsapps.org/fuh/ora/co1/js/12-B012-001.html,HTTPError: 404 Client Error: Not Found for url: https://media.ipsapps.org/fuh/ora/co1/js/12-B012-001.html
https://media.ipsapps.org/fuh/ora/co1/,https://media.ipsapps.org/fuh/ora/co1/js/10-B010-001.html,HTTPError: 404 Client Error: Not Found for url: https://media.ipsapps.org/fuh/ora/co1/js/10-B010-001.html
https://media.ipsapps.org/fuh/ora/co1/,https://media.ipsapps.org/fuh/ora/co1/js/14-B014-001.html,HTTPError: 404 Client Error: Not Found for url: https://media.ipsapps.org/fuh/ora/co1/js/14-B014-001.html
https://media.ipsapps.org/fuh/ora/co1/,https://media.ipsapps.org/fuh/ora/co1/js/13-B013-001.html,HTTPError: 404 Client Error: Not Found for url: https://media.ipsapps.org/fuh/ora/co1/js/13-B013-001.html
https://media.ipsapps.org/fuh/ora/co1/,https://media.ipsapps.org/fuh/ora/co1/js/06-B006-001.html,HTTPError: 404 Client Error: Not Found for url: https://media.ipsapps.org/fuh/ora/co1/js/06-B006-001.html
https://media.ipsapps.org/fuh/ora/co1/,https://media.ipsapps.org/fuh/ora/co1/js/07-B007-001.html,HTTPError: 404 Client Error: Not Found for url: https://media.ipsapps.org/fuh/ora/co1/js/07-B007-001.html
https://media.ipsapps.org/fuh/ora/co1/,https://media.ipsapps.org/fuh/ora/co1/js/Popcorn.js,HTTPError: 404 Client Error: Not Found for url: https://media.ipsapps.org/fuh/ora/co1/js/Popcorn.js
https://media.ipsapps.org/fuh/ora/co4/,https://media.ipsapps.org/fuh/ora/co4/js/12-B012-001.html,HTTPError: 404 Client Error: Not Found for url: https://media.ipsapps.org/fuh/ora/co4/js/12-B012-001.html
https://media.ipsapps.org/fuh/ora/co4/,https://media.ipsapps.org/fuh/ora/co4/js/06-B006-001.html,HTTPError: 404 Client Error: Not Found for url: https://media.ipsapps.org/fuh/ora/co4/js/06-B006-001.html
https://media.ipsapps.org/fuh/ora/co4/,https://media.ipsapps.org/fuh/ora/co4/js/08-B008-001.html,HTTPError: 404 Client Error: Not Found for url: https://media.ipsapps.org/fuh/ora/co4/js/08-B008-001.html
https://media.ipsapps.org/fuh/ora/co4/,https://media.ipsapps.org/fuh/ora/co4/js/10-B010-001.html,HTTPError: 404 Client Error: Not Found for url: https://media.ipsapps.org/fuh/ora/co4/js/10-B010-001.html
https://media.ipsapps.org/fuh/ora/co4/,https://media.ipsapps.org/fuh/ora/co4/js/11-B011-001.html,HTTPError: 404 Client Error: Not Found for url: https://media.ipsapps.org/fuh/ora/co4/js/11-B011-001.html
https://media.ipsapps.org/fuh/ora/co4/,https://media.ipsapps.org/fuh/ora/co4/js/05-B005-001.html,HTTPError: 404 Client Error: Not Found for url: https://media.ipsapps.org/fuh/ora/co4/js/05-B005-001.html
https://media.ipsapps.org/fuh/ora/co4/,https://media.ipsapps.org/fuh/ora/co4/js/02-B002-001.html,HTTPError: 404 Client Error: Not Found for url: https://media.ipsapps.org/fuh/ora/co4/js/02-B002-001.html
https://media.ipsapps.org/fuh/ora/co4/,https://media.ipsapps.org/fuh/ora/co4/js/03-B003-001.html,HTTPError: 404 Client Error: Not Found for url: https://media.ipsapps.org/fuh/ora/co4/js/03-B003-001.html
https://media.ipsapps.org/fuh/ora/co4/,https://media.ipsapps.org/fuh/ora/co4/js/04-B004-001.html,HTTPError: 404 Client Error: Not Found for url: https://media.ipsapps.org/fuh/ora/co4/js/04-B004-001.html
https://media.ipsapps.org/fuh/ora/co4/,https://media.ipsapps.org/fuh/ora/co4/js/09-B009-001.html,HTTPError: 404 Client Error: Not Found for url: https://media.ipsapps.org/fuh/ora/co4/js/09-B009-001.html
https://media.ipsapps.org/fuh/ora/co4/,https://media.ipsapps.org/fuh/ora/co4/js/01-B001-001.html,HTTPError: 404 Client Error: Not Found for url: https://media.ipsapps.org/fuh/ora/co4/js/01-B001-001.html
https://media.ipsapps.org/fuh/ora/co4/,https://media.ipsapps.org/fuh/ora/co4/js/07-B007-001.html,HTTPError: 404 Client Error: Not Found for url: https://media.ipsapps.org/fuh/ora/co4/js/07-B007-001.html
https://media.ipsapps.org/fuh/ora/co4/,https://media.ipsapps.org/fuh/ora/co4/js/Popcorn.js,HTTPError: 404 Client Error: Not Found for url: https://media.ipsapps.org/fuh/ora/co4/js/Popcorn.js
https://media.ipsapps.org/fuh/ora/co5/,https://media.ipsapps.org/fuh/ora/co5/js/10-B010-001.html,HTTPError: 404 Client Error: Not Found for url: https://media.ipsapps.org/fuh/ora/co5/js/10-B010-001.html
https://media.ipsapps.org/fuh/ora/co5/,https://media.ipsapps.org/fuh/ora/co5/js/07-B007-001.html,HTTPError: 404 Client Error: Not Found for url: https://media.ipsapps.org/fuh/ora/co5/js/07-B007-001.html
https://media.ipsapps.org/fuh/ora/co5/,https://media.ipsapps.org/fuh/ora/co5/js/08-B008-001.html,HTTPError: 404 Client Error: Not Found for url: https://media.ipsapps.org/fuh/ora/co5/js/08-B008-001.html
https://media.ipsapps.org/fuh/ora/co5/,https://media.ipsapps.org/fuh/ora/co5/js/05-B005-001.html,HTTPError: 404 Client Error: Not Found for url: https://media.ipsapps.org/fuh/ora/co5/js/05-B005-001.html
https://media.ipsapps.org/fuh/ora/co5/,https://media.ipsapps.org/fuh/ora/co5/js/03-B003-001.html,HTTPError: 404 Client Error: Not Found for url: https://media.ipsapps.org/fuh/ora/co5/js/03-B003-001.html
https://media.ipsapps.org/fuh/ora/co5/,https://media.ipsapps.org/fuh/ora/co5/js/01-B001-001.html,HTTPError: 404 Client Error: Not Found for url: https://media.ipsapps.org/fuh/ora/co5/js/01-B001-001.html
https://media.ipsapps.org/fuh/ora/co5/,https://media.ipsapps.org/fuh/ora/co5/js/11-B011-001.html,HTTPError: 404 Client Error: Not Found for url: https://media.ipsapps.org/fuh/ora/co5/js/11-B011-001.html
https://media.ipsapps.org/fuh/ora/co5/,https://media.ipsapps.org/fuh/ora/co5/js/02-B002-001.html,HTTPError: 404 Client Error: Not Found for url: https://media.ipsapps.org/fuh/ora/co5/js/02-B002-001.html
https://media.ipsapps.org/fuh/ora/co5/,https://media.ipsapps.org/fuh/ora/co5/js/09-B009-001.html,HTTPError: 404 Client Error: Not Found for url: https://media.ipsapps.org/fuh/ora/co5/js/09-B009-001.html
https://media.ipsapps.org/fuh/ora/co5/,https://media.ipsapps.org/fuh/ora/co5/js/04-B004-001.html,HTTPError: 404 Client Error: Not Found for url: https://media.ipsapps.org/fuh/ora/co5/js/04-B004-001.html
https://media.ipsapps.org/fuh/ora/co5/,https://media.ipsapps.org/fuh/ora/co5/js/06-B006-001.html,HTTPError: 404 Client Error: Not Found for url: https://media.ipsapps.org/fuh/ora/co5/js/06-B006-001.html
https://media.ipsapps.org/fuh/ora/co5/,https://media.ipsapps.org/fuh/ora/co5/js/12-B012-001.html,HTTPError: 404 Client Error: Not Found for url: https://media.ipsapps.org/fuh/ora/co5/js/12-B012-001.html
https://media.ipsapps.org/fuh/ora/co5/,https://media.ipsapps.org/fuh/ora/co5/js/Popcorn.js,HTTPError: 404 Client Error: Not Found for url: https://media.ipsapps.org/fuh/ora/co5/js/Popcorn.js
https://media.ipsapps.org/fuh/ora/co6/,https://media.ipsapps.org/fuh/ora/co6/js/05-B005-001.html,HTTPError: 404 Client Error: Not Found for url: https://media.ipsapps.org/fuh/ora/co6/js/05-B005-001.html
https://media.ipsapps.org/fuh/ora/co6/,https://media.ipsapps.org/fuh/ora/co6/js/01-B001-001.html,HTTPError: 404 Client Error: Not Found for url: https://media.ipsapps.org/fuh/ora/co6/js/01-B001-001.html
https://media.ipsapps.org/fuh/ora/co6/,https://media.ipsapps.org/fuh/ora/co6/js/02-B002-001.html,HTTPError: 404 Client Error: Not Found for url: https://media.ipsapps.org/fuh/ora/co6/js/02-B002-001.html
https://media.ipsapps.org/fuh/ora/co6/,https://media.ipsapps.org/fuh/ora/co6/js/07-B007-001.html,HTTPError: 404 Client Error: Not Found for url: https://media.ipsapps.org/fuh/ora/co6/js/07-B007-001.html
https://media.ipsapps.org/fuh/ora/co6/,https://media.ipsapps.org/fuh/ora/co6/js/11-B011-001.html,HTTPError: 404 Client Error: Not Found for url: https://media.ipsapps.org/fuh/ora/co6/js/11-B011-001.html
https://media.ipsapps.org/fuh/ora/co6/,https://media.ipsapps.org/fuh/ora/co6/js/10-B010-001.html,HTTPError: 404 Client Error: Not Found for url: https://media.ipsapps.org/fuh/ora/co6/js/10-B010-001.html
https://media.ipsapps.org/fuh/ora/co6/,https://media.ipsapps.org/fuh/ora/co6/js/04-B004-001.html,HTTPError: 404 Client Error: Not Found for url: https://media.ipsapps.org/fuh/ora/co6/js/04-B004-001.html
https://media.ipsapps.org/fuh/ora/co6/,https://media.ipsapps.org/fuh/ora/co6/js/08-B008-001.html,HTTPError: 404 Client Error: Not Found for url: https://media.ipsapps.org/fuh/ora/co6/js/08-B008-001.html
https://media.ipsapps.org/fuh/ora/co6/,https://media.ipsapps.org/fuh/ora/co6/js/09-B009-001.html,HTTPError: 404 Client Error: Not Found for url: https://media.ipsapps.org/fuh/ora/co6/js/09-B009-001.html
https://media.ipsapps.org/fuh/ora/co6/,https://media.ipsapps.org/fuh/ora/co6/js/06-B006-001.html,HTTPError: 404 Client Error: Not Found for url: https://media.ipsapps.org/fuh/ora/co6/js/06-B006-001.html
https://media.ipsapps.org/fuh/ora/co6/,https://media.ipsapps.org/fuh/ora/co6/js/03-B003-001.html,HTTPError: 404 Client Error: Not Found for url: https://media.ipsapps.org/fuh/ora/co6/js/03-B003-001.html
https://media.ipsapps.org/fuh/ora/co6/,https://media.ipsapps.org/fuh/ora/co6/js/12-B012-001.html,HTTPError: 404 Client Error: Not Found for url: https://media.ipsapps.org/fuh/ora/co6/js/12-B012-001.html
https://media.ipsapps.org/fuh/ora/co6/,https://media.ipsapps.org/fuh/ora/co6/js/Popcorn.js,HTTPError: 404 Client Error: Not Found for url: https://media.ipsapps.org/fuh/ora/co6/js/Popcorn.js
https://media.ipsapps.org/fuh/ora/co8/,https://media.ipsapps.org/fuh/ora/co8/js/01-B001-001.html,HTTPError: 404 Client Error: Not Found for url: https://media.ipsapps.org/fuh/ora/co8/js/01-B001-001.html
https://media.ipsapps.org/fuh/ora/co8/,https://media.ipsapps.org/fuh/ora/co8/js/04-B004-001.html,HTTPError: 404 Client Error: Not Found for url: https://media.ipsapps.org/fuh/ora/co8/js/04-B004-001.html
https://media.ipsapps.org/fuh/ora/co8/,https://media.ipsapps.org/fuh/ora/co8/js/07-B007-001.html,HTTPError: 404 Client Error: Not Found for url: https://media.ipsapps.org/fuh/ora/co8/js/07-B007-001.html
https://media.ipsapps.org/fuh/ora/co8/,https://media.ipsapps.org/fuh/ora/co8/js/06-B006-001.html,HTTPError: 404 Client Error: Not Found for url: https://media.ipsapps.org/fuh/ora/co8/js/06-B006-001.html
https://media.ipsapps.org/fuh/ora/co8/,https://media.ipsapps.org/fuh/ora/co8/js/10-B010-001.html,HTTPError: 404 Client Error: Not Found for url: https://media.ipsapps.org/fuh/ora/co8/js/10-B010-001.html
https://media.ipsapps.org/fuh/ora/co8/,https://media.ipsapps.org/fuh/ora/co8/js/05-B005-001.html,HTTPError: 404 Client Error: Not Found for url: https://media.ipsapps.org/fuh/ora/co8/js/05-B005-001.html
https://media.ipsapps.org/fuh/ora/co8/,https://media.ipsapps.org/fuh/ora/co8/js/02-B002-001.html,HTTPError: 404 Client Error: Not Found for url: https://media.ipsapps.org/fuh/ora/co8/js/02-B002-001.html
https://media.ipsapps.org/fuh/ora/co8/,https://media.ipsapps.org/fuh/ora/co8/js/09-B009-001.html,HTTPError: 404 Client Error: Not Found for url: https://media.ipsapps.org/fuh/ora/co8/js/09-B009-001.html
https://media.ipsapps.org/fuh/ora/co8/,https://media.ipsapps.org/fuh/ora/co8/js/08-B008-001.html,HTTPError: 404 Client Error: Not Found for url: https://media.ipsapps.org/fuh/ora/co8/js/08-B008-001.html
https://media.ipsapps.org/fuh/ora/co8/,https://media.ipsapps.org/fuh/ora/co8/js/Popcorn.js,HTTPError: 404 Client Error: Not Found for url: https://media.ipsapps.org/fuh/ora/co8/js/Popcorn.js
https://media.ipsapps.org/fuh/ora/co8/,https://media.ipsapps.org/fuh/ora/co8/js/03-B003-001.html,HTTPError: 404 Client Error: Not Found for url: https://media.ipsapps.org/fuh/ora/co8/js/03-B003-001.html
https://media.ipsapps.org/fuh/ora/p1/,https://media.ipsapps.org/fuh/ora/p1/js/07-B007-001.html,HTTPError: 404 Client Error: Not Found for url: https://media.ipsapps.org/fuh/ora/p1/js/07-B007-001.html
https://media.ipsapps.org/fuh/ora/p1/,https://media.ipsapps.org/fuh/ora/p1/js/10-B010-001.html,HTTPError: 404 Client Error: Not Found for url: https://media.ipsapps.org/fuh/ora/p1/js/10-B010-001.html
https://media.ipsapps.org/fuh/ora/p1/,https://media.ipsapps.org/fuh/ora/p1/js/01-B001-001.html,HTTPError: 404 Client Error: Not Found for url: https://media.ipsapps.org/fuh/ora/p1/js/01-B001-001.html
https://media.ipsapps.org/fuh/ora/p1/,https://media.ipsapps.org/fuh/ora/p1/js/20-B019-001.html,HTTPError: 404 Client Error: Not Found for url: https://media.ipsapps.org/fuh/ora/p1/js/20-B019-001.html
https://media.ipsapps.org/fuh/ora/p1/,https://media.ipsapps.org/fuh/ora/p1/js/19-B018-001.html,HTTPError: 404 Client Error: Not Found for url: https://media.ipsapps.org/fuh/ora/p1/js/19-B018-001.html
https://media.ipsapps.org/fuh/ora/p1/,https://media.ipsapps.org/fuh/ora/p1/js/21-B020-001.html,HTTPError: 404 Client Error: Not Found for url: https://media.ipsapps.org/fuh/ora/p1/js/21-B020-001.html
https://media.ipsapps.org/fuh/ora/p1/,https://media.ipsapps.org/fuh/ora/p1/js/12-B012-001.html,HTTPError: 404 Client Error: Not Found for url: https://media.ipsapps.org/fuh/ora/p1/js/12-B012-001.html
https://media.ipsapps.org/fuh/ora/p1/,https://media.ipsapps.org/fuh/ora/p1/js/17-B016-001.html,HTTPError: 404 Client Error: Not Found for url: https://media.ipsapps.org/fuh/ora/p1/js/17-B016-001.html
https://media.ipsapps.org/fuh/ora/p1/,https://media.ipsapps.org/fuh/ora/p1/js/09-B009-001.html,HTTPError: 404 Client Error: Not Found for url: https://media.ipsapps.org/fuh/ora/p1/js/09-B009-001.html
https://media.ipsapps.org/fuh/ora/p1/,https://media.ipsapps.org/fuh/ora/p1/js/15-B022-001.html,HTTPError: 404 Client Error: Not Found for url: https://media.ipsapps.org/fuh/ora/p1/js/15-B022-001.html
https://media.ipsapps.org/fuh/ora/p1/,https://media.ipsapps.org/fuh/ora/p1/js/02-B002-001.html,HTTPError: 404 Client Error: Not Found for url: https://media.ipsapps.org/fuh/ora/p1/js/02-B002-001.html
https://media.ipsapps.org/fuh/ora/p1/,https://media.ipsapps.org/fuh/ora/p1/js/08-B008-001.html,HTTPError: 404 Client Error: Not Found for url: https://media.ipsapps.org/fuh/ora/p1/js/08-B008-001.html
https://media.ipsapps.org/fuh/ora/p1/,https://media.ipsapps.org/fuh/ora/p1/js/03-B003-001.html,HTTPError: 404 Client Error: Not Found for url: https://media.ipsapps.org/fuh/ora/p1/js/03-B003-001.html
https://media.ipsapps.org/fuh/ora/p1/,https://media.ipsapps.org/fuh/ora/p1/js/05-B005-001.html,HTTPError: 404 Client Error: Not Found for url: https://media.ipsapps.org/fuh/ora/p1/js/05-B005-001.html
https://media.ipsapps.org/fuh/ora/p1/,https://media.ipsapps.org/fuh/ora/p1/js/11-B011-001.html,HTTPError: 404 Client Error: Not Found for url: https://media.ipsapps.org/fuh/ora/p1/js/11-B011-001.html
https://media.ipsapps.org/fuh/ora/p1/,https://media.ipsapps.org/fuh/ora/p1/js/04-B004-001.html,HTTPError: 404 Client Error: Not Found for url: https://media.ipsapps.org/fuh/ora/p1/js/04-B004-001.html
https://media.ipsapps.org/fuh/ora/p1/,https://media.ipsapps.org/fuh/ora/p1/js/13-B013-001.html,HTTPError: 404 Client Error: Not Found for url: https://media.ipsapps.org/fuh/ora/p1/js/13-B013-001.html
https://media.ipsapps.org/fuh/ora/p1/,https://media.ipsapps.org/fuh/ora/p1/js/14-B014-001.html,HTTPError: 404 Client Error: Not Found for url: https://media.ipsapps.org/fuh/ora/p1/js/14-B014-001.html
https://media.ipsapps.org/fuh/ora/p1/,https://media.ipsapps.org/fuh/ora/p1/js/16-B015-001.html,HTTPError: 404 Client Error: Not Found for url: https://media.ipsapps.org/fuh/ora/p1/js/16-B015-001.html
https://media.ipsapps.org/fuh/ora/p1/,https://media.ipsapps.org/fuh/ora/p1/js/18-B017-001.html,HTTPError: 404 Client Error: Not Found for url: https://media.ipsapps.org/fuh/ora/p1/js/18-B017-001.html
https://media.ipsapps.org/fuh/ora/p1/,https://media.ipsapps.org/fuh/ora/p1/js/22-B021-001.html,HTTPError: 404 Client Error: Not Found for url: https://media.ipsapps.org/fuh/ora/p1/js/22-B021-001.html
https://media.ipsapps.org/fuh/ora/p1/,https://media.ipsapps.org/fuh/ora/p1/js/06-B006-001.html,HTTPError: 404 Client Error: Not Found for url: https://media.ipsapps.org/fuh/ora/p1/js/06-B006-001.html
https://media.ipsapps.org/fuh/ora/p1/,https://media.ipsapps.org/fuh/ora/p1/js/Popcorn.js,HTTPError: 404 Client Error: Not Found for url: https://media.ipsapps.org/fuh/ora/p1/js/Popcorn.js
https://media.ipsapps.org/fuh/ora/p2/,https://media.ipsapps.org/fuh/ora/p2/js/03-B003-001.html,HTTPError: 404 Client Error: Not Found for url: https://media.ipsapps.org/fuh/ora/p2/js/03-B003-001.html
https://media.ipsapps.org/fuh/ora/p2/,https://media.ipsapps.org/fuh/ora/p2/js/04-B004-001.html,HTTPError: 404 Client Error: Not Found for url: https://media.ipsapps.org/fuh/ora/p2/js/04-B004-001.html
https://media.ipsapps.org/fuh/ora/p2/,https://media.ipsapps.org/fuh/ora/p2/js/10-B010-001.html,HTTPError: 404 Client Error: Not Found for url: https://media.ipsapps.org/fuh/ora/p2/js/10-B010-001.html
https://media.ipsapps.org/fuh/ora/p2/,https://media.ipsapps.org/fuh/ora/p2/js/07-B007-001.html,HTTPError: 404 Client Error: Not Found for url: https://media.ipsapps.org/fuh/ora/p2/js/07-B007-001.html
https://media.ipsapps.org/fuh/ora/p2/,https://media.ipsapps.org/fuh/ora/p2/js/01-B001-001.html,HTTPError: 404 Client Error: Not Found for url: https://media.ipsapps.org/fuh/ora/p2/js/01-B001-001.html
https://media.ipsapps.org/fuh/ora/p2/,https://media.ipsapps.org/fuh/ora/p2/js/08-B008-001.html,HTTPError: 404 Client Error: Not Found for url: https://media.ipsapps.org/fuh/ora/p2/js/08-B008-001.html
https://media.ipsapps.org/fuh/ora/p2/,https://media.ipsapps.org/fuh/ora/p2/js/11-B011-001.html,HTTPError: 404 Client Error: Not Found for url: https://media.ipsapps.org/fuh/ora/p2/js/11-B011-001.html
https://media.ipsapps.org/fuh/ora/p2/,https://media.ipsapps.org/fuh/ora/p2/js/02-B002-001.html,HTTPError: 404 Client Error: Not Found for url: https://media.ipsapps.org/fuh/ora/p2/js/02-B002-001.html
https://media.ipsapps.org/fuh/ora/p2/,https://media.ipsapps.org/fuh/ora/p2/js/05-B005-001.html,HTTPError: 404 Client Error: Not Found for url: https://media.ipsapps.org/fuh/ora/p2/js/05-B005-001.html
https://media.ipsapps.org/fuh/ora/p2/,https://media.ipsapps.org/fuh/ora/p2/js/06-B006-001.html,HTTPError: 404 Client Error: Not Found for url: https://media.ipsapps.org/fuh/ora/p2/js/06-B006-001.html
https://media.ipsapps.org/fuh/ora/p2/,https://media.ipsapps.org/fuh/ora/p2/js/12-B012-001.html,HTTPError: 404 Client Error: Not Found for url: https://media.ipsapps.org/fuh/ora/p2/js/12-B012-001.html
https://media.ipsapps.org/fuh/ora/p2/,https://media.ipsapps.org/fuh/ora/p2/js/13-B013-001.html,HTTPError: 404 Client Error: Not Found for url: https://media.ipsapps.org/fuh/ora/p2/js/13-B013-001.html
https://media.ipsapps.org/fuh/ora/p2/,https://media.ipsapps.org/fuh/ora/p2/js/09-B009-001.html,HTTPError: 404 Client Error: Not Found for url: https://media.ipsapps.org/fuh/ora/p2/js/09-B009-001.html
https://media.ipsapps.org/fuh/ora/p2/,https://media.ipsapps.org/fuh/ora/p2/js/Popcorn.js,HTTPError: 404 Client Error: Not Found for url: https://media.ipsapps.org/fuh/ora/p2/js/Popcorn.js
https://media.ipsapps.org/fuh/ora/p3/,https://media.ipsapps.org/fuh/ora/p3/js/Popcorn.js,HTTPError: 404 Client Error: Not Found for url: https://media.ipsapps.org/fuh/ora/p3/js/Popcorn.js
https://media.ipsapps.org/fuh/ora/p3/,https://media.ipsapps.org/fuh/ora/p3/js/07-B007-001.html,HTTPError: 404 Client Error: Not Found for url: https://media.ipsapps.org/fuh/ora/p3/js/07-B007-001.html
https://media.ipsapps.org/fuh/ora/p3/,https://media.ipsapps.org/fuh/ora/p3/js/08-B008-001.html,HTTPError: 404 Client Error: Not Found for url: https://media.ipsapps.org/fuh/ora/p3/js/08-B008-001.html
https://media.ipsapps.org/fuh/ora/p3/,https://media.ipsapps.org/fuh/ora/p3/js/01-B001-001.html,HTTPError: 404 Client Error: Not Found for url: https://media.ipsapps.org/fuh/ora/p3/js/01-B001-001.html
https://media.ipsapps.org/fuh/ora/p3/,https://media.ipsapps.org/fuh/ora/p3/js/06-B006-001.html,HTTPError: 404 Client Error: Not Found for url: https://media.ipsapps.org/fuh/ora/p3/js/06-B006-001.html
https://media.ipsapps.org/fuh/ora/p3/,https://media.ipsapps.org/fuh/ora/p3/js/13-B013-001.html,HTTPError: 404 Client Error: Not Found for url: https://media.ipsapps.org/fuh/ora/p3/js/13-B013-001.html
https://media.ipsapps.org/fuh/ora/p3/,https://media.ipsapps.org/fuh/ora/p3/js/15-B015-001.html,HTTPError: 404 Client Error: Not Found for url: https://media.ipsapps.org/fuh/ora/p3/js/15-B015-001.html
https://media.ipsapps.org/fuh/ora/p3/,https://media.ipsapps.org/fuh/ora/p3/js/02-B002-001.html,HTTPError: 404 Client Error: Not Found for url: https://media.ipsapps.org/fuh/ora/p3/js/02-B002-001.html
https://media.ipsapps.org/fuh/ora/p3/,https://media.ipsapps.org/fuh/ora/p3/js/12-B012-001.html,HTTPError: 404 Client Error: Not Found for url: https://media.ipsapps.org/fuh/ora/p3/js/12-B012-001.html
https://media.ipsapps.org/fuh/ora/p3/,https://media.ipsapps.org/fuh/ora/p3/js/09-B009-001.html,HTTPError: 404 Client Error: Not Found for url: https://media.ipsapps.org/fuh/ora/p3/js/09-B009-001.html
https://media.ipsapps.org/fuh/ora/p3/,https://media.ipsapps.org/fuh/ora/p3/js/05-B005-001.html,HTTPError: 404 Client Error: Not Found for url: https://media.ipsapps.org/fuh/ora/p3/js/05-B005-001.html
https://media.ipsapps.org/fuh/ora/p3/,https://media.ipsapps.org/fuh/ora/p3/js/11-B011-001.html,HTTPError: 404 Client Error: Not Found for url: https://media.ipsapps.org/fuh/ora/p3/js/11-B011-001.html
https://media.ipsapps.org/fuh/ora/p3/,https://media.ipsapps.org/fuh/ora/p3/js/04-B004-001.html,HTTPError: 404 Client Error: Not Found for url: https://media.ipsapps.org/fuh/ora/p3/js/04-B004-001.html
https://media.ipsapps.org/fuh/ora/p3/,https://media.ipsapps.org/fuh/ora/p3/js/14-B014-001.html,HTTPError: 404 Client Error: Not Found for url: https://media.ipsapps.org/fuh/ora/p3/js/14-B014-001.html
https://media.ipsapps.org/fuh/ora/p3/,https://media.ipsapps.org/fuh/ora/p3/js/03-B003-001.html,HTTPError: 404 Client Error: Not Found for url: https://media.ipsapps.org/fuh/ora/p3/js/03-B003-001.html
https://media.ipsapps.org/fuh/ora/p3/,https://media.ipsapps.org/fuh/ora/p3/js/10-B010-001.html,HTTPError: 404 Client Error: Not Found for url: https://media.ipsapps.org/fuh/ora/p3/js/10-B010-001.html
https://media.ipsapps.org/fuh/ora/p4/,https://media.ipsapps.org/fuh/ora/p4/js/13-B013-001.html,HTTPError: 404 Client Error: Not Found for url: https://media.ipsapps.org/fuh/ora/p4/js/13-B013-001.html
https://media.ipsapps.org/fuh/ora/p4/,https://media.ipsapps.org/fuh/ora/p4/js/09-B009-001.html,HTTPError: 404 Client Error: Not Found for url: https://media.ipsapps.org/fuh/ora/p4/js/09-B009-001.html
https://media.ipsapps.org/fuh/ora/p4/,https://media.ipsapps.org/fuh/ora/p4/js/16-B016-001.html,HTTPError: 404 Client Error: Not Found for url: https://media.ipsapps.org/fuh/ora/p4/js/16-B016-001.html
https://media.ipsapps.org/fuh/ora/p4/,https://media.ipsapps.org/fuh/ora/p4/js/02-B002-001.html,HTTPError: 404 Client Error: Not Found for url: https://media.ipsapps.org/fuh/ora/p4/js/02-B002-001.html
https://media.ipsapps.org/fuh/ora/p4/,https://media.ipsapps.org/fuh/ora/p4/js/01-B001-001.html,HTTPError: 404 Client Error: Not Found for url: https://media.ipsapps.org/fuh/ora/p4/js/01-B001-001.html
https://media.ipsapps.org/fuh/ora/p4/,https://media.ipsapps.org/fuh/ora/p4/js/10-B010-001.html,HTTPError: 404 Client Error: Not Found for url: https://media.ipsapps.org/fuh/ora/p4/js/10-B010-001.html
https://media.ipsapps.org/fuh/ora/p4/,https://media.ipsapps.org/fuh/ora/p4/js/15-B015-001.html,HTTPError: 404 Client Error: Not Found for url: https://media.ipsapps.org/fuh/ora/p4/js/15-B015-001.html
https://media.ipsapps.org/fuh/ora/p4/,https://media.ipsapps.org/fuh/ora/p4/js/05-B005-001.html,HTTPError: 404 Client Error: Not Found for url: https://media.ipsapps.org/fuh/ora/p4/js/05-B005-001.html
https://media.ipsapps.org/fuh/ora/p4/,https://media.ipsapps.org/fuh/ora/p4/js/12-B012-001.html,HTTPError: 404 Client Error: Not Found for url: https://media.ipsapps.org/fuh/ora/p4/js/12-B012-001.html
https://media.ipsapps.org/fuh/ora/p4/,https://media.ipsapps.org/fuh/ora/p4/js/11-B011-001.html,HTTPError: 404 Client Error: Not Found for url: https://media.ipsapps.org/fuh/ora/p4/js/11-B011-001.html
https://media.ipsapps.org/fuh/ora/p4/,https://media.ipsapps.org/fuh/ora/p4/js/07-B007-001.html,HTTPError: 404 Client Error: Not Found for url: https://media.ipsapps.org/fuh/ora/p4/js/07-B007-001.html
https://media.ipsapps.org/fuh/ora/p4/,https://media.ipsapps.org/fuh/ora/p4/js/14-B014-001.html,HTTPError: 404 Client Error: Not Found for url: https://media.ipsapps.org/fuh/ora/p4/js/14-B014-001.html
https://media.ipsapps.org/fuh/ora/p4/,https://media.ipsapps.org/fuh/ora/p4/js/03-B003-001.html,HTTPError: 404 Client Error: Not Found for url: https://media.ipsapps.org/fuh/ora/p4/js/03-B003-001.html
https://media.ipsapps.org/fuh/ora/p4/,https://media.ipsapps.org/fuh/ora/p4/js/08-B008-001.html,HTTPError: 404 Client Error: Not Found for url: https://media.ipsapps.org/fuh/ora/p4/js/08-B008-001.html
https://media.ipsapps.org/fuh/ora/p4/,https://media.ipsapps.org/fuh/ora/p4/js/04-B004-001.html,HTTPError: 404 Client Error: Not Found for url: https://media.ipsapps.org/fuh/ora/p4/js/04-B004-001.html
https://media.ipsapps.org/fuh/ora/p4/,https://media.ipsapps.org/fuh/ora/p4/js/06-B006-001.html,HTTPError: 404 Client Error: Not Found for url: https://media.ipsapps.org/fuh/ora/p4/js/06-B006-001.html
https://media.ipsapps.org/fuh/ora/p4/,https://media.ipsapps.org/fuh/ora/p4/js/Popcorn.js,HTTPError: 404 Client Error: Not Found for url: https://media.ipsapps.org/fuh/ora/p4/js/Popcorn.js
https://media.ipsapps.org/fuh/ora/p5/,https://media.ipsapps.org/fuh/ora/p5/js/13-B013-001.html,HTTPError: 404 Client Error: Not Found for url: https://media.ipsapps.org/fuh/ora/p5/js/13-B013-001.html
https://media.ipsapps.org/fuh/ora/p5/,https://media.ipsapps.org/fuh/ora/p5/js/01-B001-001.html,HTTPError: 404 Client Error: Not Found for url: https://media.ipsapps.org/fuh/ora/p5/js/01-B001-001.html
https://media.ipsapps.org/fuh/ora/p5/,https://media.ipsapps.org/fuh/ora/p5/js/04-B004-001.html,HTTPError: 404 Client Error: Not Found for url: https://media.ipsapps.org/fuh/ora/p5/js/04-B004-001.html
https://media.ipsapps.org/fuh/ora/p5/,https://media.ipsapps.org/fuh/ora/p5/js/02-B002-001.html,HTTPError: 404 Client Error: Not Found for url: https://media.ipsapps.org/fuh/ora/p5/js/02-B002-001.html
https://media.ipsapps.org/fuh/ora/p5/,https://media.ipsapps.org/fuh/ora/p5/js/07-B007-001.html,HTTPError: 404 Client Error: Not Found for url: https://media.ipsapps.org/fuh/ora/p5/js/07-B007-001.html
https://media.ipsapps.org/fuh/ora/p5/,https://media.ipsapps.org/fuh/ora/p5/js/14-B014-001.html,HTTPError: 404 Client Error: Not Found for url: https://media.ipsapps.org/fuh/ora/p5/js/14-B014-001.html
https://media.ipsapps.org/fuh/ora/p5/,https://media.ipsapps.org/fuh/ora/p5/js/10-B010-001.html,HTTPError: 404 Client Error: Not Found for url: https://media.ipsapps.org/fuh/ora/p5/js/10-B010-001.html
https://media.ipsapps.org/fuh/ora/p5/,https://media.ipsapps.org/fuh/ora/p5/js/05-B005-001.html,HTTPError: 404 Client Error: Not Found for url: https://media.ipsapps.org/fuh/ora/p5/js/05-B005-001.html
https://media.ipsapps.org/fuh/ora/p5/,https://media.ipsapps.org/fuh/ora/p5/js/09-B009-001.html,HTTPError: 404 Client Error: Not Found for url: https://media.ipsapps.org/fuh/ora/p5/js/09-B009-001.html
https://media.ipsapps.org/fuh/ora/p5/,https://media.ipsapps.org/fuh/ora/p5/js/15-B015-001.html,HTTPError: 404 Client Error: Not Found for url: https://media.ipsapps.org/fuh/ora/p5/js/15-B015-001.html
https://media.ipsapps.org/fuh/ora/p5/,https://media.ipsapps.org/fuh/ora/p5/js/12-B012-001.html,HTTPError: 404 Client Error: Not Found for url: https://media.ipsapps.org/fuh/ora/p5/js/12-B012-001.html
https://media.ipsapps.org/fuh/ora/p5/,https://media.ipsapps.org/fuh/ora/p5/js/03-B003-001.html,HTTPError: 404 Client Error: Not Found for url: https://media.ipsapps.org/fuh/ora/p5/js/03-B003-001.html
https://media.ipsapps.org/fuh/ora/p5/,https://media.ipsapps.org/fuh/ora/p5/js/11-B011-001.html,HTTPError: 404 Client Error: Not Found for url: https://media.ipsapps.org/fuh/ora/p5/js/11-B011-001.html
https://media.ipsapps.org/fuh/ora/p5/,https://media.ipsapps.org/fuh/ora/p5/js/06-B006-001.html,HTTPError: 404 Client Error: Not Found for url: https://media.ipsapps.org/fuh/ora/p5/js/06-B006-001.html
https://media.ipsapps.org/fuh/ora/p5/,https://media.ipsapps.org/fuh/ora/p5/js/08-B008-001.html,HTTPError: 404 Client Error: Not Found for url: https://media.ipsapps.org/fuh/ora/p5/js/08-B008-001.html
https://media.ipsapps.org/fuh/ora/p5/,https://media.ipsapps.org/fuh/ora/p5/js/Popcorn.js,HTTPError: 404 Client Error: Not Found for url: https://media.ipsapps.org/fuh/ora/p5/js/Popcorn.js
https://media.ipsapps.org/fuh/osa/bible/,https://media.ipsapps.org/fuh/osa/bible/js/Popcorn.js,HTTPError: 404 Client Error: Not Found for url: https://media.ipsapps.org/fuh/osa/bible/js/Popcorn.js
https://media.ipsapps.org/fuh/osa/bible/,https://media.ipsapps.org/fuh/osa/bible/js/fu-26-1TH-001.html,HTTPError: 404 Client Error: Not Found for url: https://media.ipsapps.org/fuh/osa/bible/js/fu-26-1TH-001.html
https://media.ipsapps.org/fuh/osa/bible/,https://media.ipsapps.org/fuh/osa/bible/js/fu-25-COL-001.html,HTTPError: 404 Client Error: Not Found for url: https://media.ipsapps.org/fuh/osa/bible/js/fu-25-COL-001.html
https://media.ipsapps.org/fuh/osa/bible/,https://media.ipsapps.org/fuh/osa/bible/js/fu-18-ACT-001.html,HTTPError: 404 Client Error: Not Found for url: https://media.ipsapps.org/fuh/osa/bible/js/fu-18-ACT-001.html
https://media.ipsapps.org/fuh/osa/bible/,https://media.ipsapps.org/fuh/osa/bible/js/fu-23-EPH-001.html,HTTPError: 404 Client Error: Not Found for url: https://media.ipsapps.org/fuh/osa/bible/js/fu-23-EPH-001.html
https://media.ipsapps.org/fuh/osa/bible/,https://media.ipsapps.org/fuh/osa/bible/js/fu-11-EST-001.html,HTTPError: 404 Client Error: Not Found for url: https://media.ipsapps.org/fuh/osa/bible/js/fu-11-EST-001.html
https://media.ipsapps.org/fuh/osa/bible/,https://media.ipsapps.org/fuh/osa/bible/js/fu-06-1SA-001.html,HTTPError: 404 Client Error: Not Found for url: https://media.ipsapps.org/fuh/osa/bible/js/fu-06-1SA-001.html
https://media.ipsapps.org/fuh/osa/bible/,https://media.ipsapps.org/fuh/osa/bible/js/fu-31-PHM-001.html,HTTPError: 404 Client Error: Not Found for url: https://media.ipsapps.org/fuh/osa/bible/js/fu-31-PHM-001.html
https://media.ipsapps.org/fuh/osa/bible/,https://media.ipsapps.org/fuh/osa/bible/js/fu-12-PRO-001.html,HTTPError: 404 Client Error: Not Found for url: https://media.ipsapps.org/fuh/osa/bible/js/fu-12-PRO-001.html
https://media.ipsapps.org/fuh/osa/bible/,https://media.ipsapps.org/fuh/osa/bible/js/fu-01-GEN-001.html,HTTPError: 404 Client Error: Not Found for url: https://media.ipsapps.org/fuh/osa/bible/js/fu-01-GEN-001.html
https://media.ipsapps.org/fuh/osa/bible/,https://media.ipsapps.org/fuh/osa/bible/js/fu-33-JAS-001.html,HTTPError: 404 Client Error: Not Found for url: https://media.ipsapps.org/fuh/osa/bible/js/fu-33-JAS-001.html
https://media.ipsapps.org/fuh/osa/bible/,https://media.ipsapps.org/fuh/osa/bible/js/fu-16-LUK-001.html,HTTPError: 404 Client Error: Not Found for url: https://media.ipsapps.org/fuh/osa/bible/js/fu-16-LUK-001.html
https://media.ipsapps.org/fuh/osa/bible/,https://media.ipsapps.org/fuh/osa/bible/js/fu-28-1TI-001.html,HTTPError: 404 Client Error: Not Found for url: https://media.ipsapps.org/fuh/osa/bible/js/fu-28-1TI-001.html
https://media.ipsapps.org/fuh/osa/bible/,https://media.ipsapps.org/fuh/osa/bible/js/fu-14-MAT-001.html,HTTPError: 404 Client Error: Not Found for url: https://media.ipsapps.org/fuh/osa/bible/js/fu-14-MAT-001.html
https://media.ipsapps.org/fuh/osa/bible/,https://media.ipsapps.org/fuh/osa/bible/js/fu-05-RUT-001.html,HTTPError: 404 Client Error: Not Found for url: https://media.ipsapps.org/fuh/osa/bible/js/fu-05-RUT-001.html
https://media.ipsapps.org/fuh/osa/bible/,https://media.ipsapps.org/fuh/osa/bible/js/fu-21-2CO-001.html,HTTPError: 404 Client Error: Not Found for url: https://media.ipsapps.org/fuh/osa/bible/js/fu-21-2CO-001.html
https://media.ipsapps.org/fuh/osa/bible/,https://media.ipsapps.org/fuh/osa/bible/js/fu-30-TIT-001.html,HTTPError: 404 Client Error: Not Found for url: https://media.ipsapps.org/fuh/osa/bible/js/fu-30-TIT-001.html
https://media.ipsapps.org/fuh/osa/bible/,https://media.ipsapps.org/fuh/osa/bible/js/fu-19-ROM-001.html,HTTPError: 404 Client Error: Not Found for url: https://media.ipsapps.org/fuh/osa/bible/js/fu-19-ROM-001.html
https://media.ipsapps.org/fuh/osa/bible/,https://media.ipsapps.org/fuh/osa/bible/js/fu-40-REV-001.html,HTTPError: 404 Client Error: Not Found for url: https://media.ipsapps.org/fuh/osa/bible/js/fu-40-REV-001.html
https://media.ipsapps.org/fuh/osa/bible/,https://media.ipsapps.org/fuh/osa/bible/js/fu-22-GAL-001.html,HTTPError: 404 Client Error: Not Found for url: https://media.ipsapps.org/fuh/osa/bible/js/fu-22-GAL-001.html
https://media.ipsapps.org/fuh/osa/bible/,https://media.ipsapps.org/fuh/osa/bible/js/fu-07-2SA-001.html,HTTPError: 404 Client Error: Not Found for url: https://media.ipsapps.org/fuh/osa/bible/js/fu-07-2SA-001.html
https://media.ipsapps.org/fuh/osa/bible/,https://media.ipsapps.org/fuh/osa/bible/js/fu-36-1JN-001.html,HTTPError: 404 Client Error: Not Found for url: https://media.ipsapps.org/fuh/osa/bible/js/fu-36-1JN-001.html
https://media.ipsapps.org/fuh/osa/bible/,https://media.ipsapps.org/fuh/osa/bible/js/fu-03-JOS-001.html,HTTPError: 404 Client Error: Not Found for url: https://media.ipsapps.org/fuh/osa/bible/js/fu-03-JOS-001.html
https://media.ipsapps.org/fuh/osa/bible/,https://media.ipsapps.org/fuh/osa/bible/js/fu-38-3JN-001.html,HTTPError: 404 Client Error: Not Found for url: https://media.ipsapps.org/fuh/osa/bible/js/fu-38-3JN-001.html
https://media.ipsapps.org/fuh/osa/bible/,https://media.ipsapps.org/fuh/osa/bible/js/fu-20-1CO-001.html,HTTPError: 404 Client Error: Not Found for url: https://media.ipsapps.org/fuh/osa/bible/js/fu-20-1CO-001.html
https://media.ipsapps.org/fuh/osa/bible/,https://media.ipsapps.org/fuh/osa/bible/js/fu-29-2TI-001.html,HTTPError: 404 Client Error: Not Found for url: https://media.ipsapps.org/fuh/osa/bible/js/fu-29-2TI-001.html
https://media.ipsapps.org/fuh/osa/bible/,https://media.ipsapps.org/fuh/osa/bible/js/fu-04-JDG-001.html,HTTPError: 404 Client Error: Not Found for url: https://media.ipsapps.org/fuh/osa/bible/js/fu-04-JDG-001.html
https://media.ipsapps.org/fuh/osa/bible/,https://media.ipsapps.org/fuh/osa/bible/js/fu-10-NEH-001.html,HTTPError: 404 Client Error: Not Found for url: https://media.ipsapps.org/fuh/osa/bible/js/fu-10-NEH-001.html
https://media.ipsapps.org/fuh/osa/bible/,https://media.ipsapps.org/fuh/osa/bible/js/fu-32-HEB-001.html,HTTPError: 404 Client Error: Not Found for url: https://media.ipsapps.org/fuh/osa/bible/js/fu-32-HEB-001.html
https://media.ipsapps.org/fuh/osa/bible/,https://media.ipsapps.org/fuh/osa/bible/js/fu-24-PHP-001.html,HTTPError: 404 Client Error: Not Found for url: https://media.ipsapps.org/fuh/osa/bible/js/fu-24-PHP-001.html
https://media.ipsapps.org/fuh/osa/bible/,https://media.ipsapps.org/fuh/osa/bible/js/fu-08-1KI-001.html,HTTPError: 404 Client Error: Not Found for url: https://media.ipsapps.org/fuh/osa/bible/js/fu-08-1KI-001.html
https://media.ipsapps.org/fuh/osa/bible/,https://media.ipsapps.org/fuh/osa/bible/js/fu-15-MRK-001.html,HTTPError: 404 Client Error: Not Found for url: https://media.ipsapps.org/fuh/osa/bible/js/fu-15-MRK-001.html
https://media.ipsapps.org/fuh/osa/bible/,https://media.ipsapps.org/fuh/osa/bible/js/fu-35-2PE-001.html,HTTPError: 404 Client Error: Not Found for url: https://media.ipsapps.org/fuh/osa/bible/js/fu-35-2PE-001.html
https://media.ipsapps.org/fuh/osa/bible/,https://media.ipsapps.org/fuh/osa/bible/js/fu-13-JON-001.html,HTTPError: 404 Client Error: Not Found for url: https://media.ipsapps.org/fuh/osa/bible/js/fu-13-JON-001.html
https://media.ipsapps.org/fuh/osa/bible/,https://media.ipsapps.org/fuh/osa/bible/js/fu-27-2TH-001.html,HTTPError: 404 Client Error: Not Found for url: https://media.ipsapps.org/fuh/osa/bible/js/fu-27-2TH-001.html
https://media.ipsapps.org/fuh/osa/bible/,https://media.ipsapps.org/fuh/osa/bible/js/fu-09-EZR-001.html,HTTPError: 404 Client Error: Not Found for url: https://media.ipsapps.org/fuh/osa/bible/js/fu-09-EZR-001.html
https://media.ipsapps.org/fuh/osa/bible/,https://media.ipsapps.org/fuh/osa/bible/js/fu-02-EXO-001.html,HTTPError: 404 Client Error: Not Found for url: https://media.ipsapps.org/fuh/osa/bible/js/fu-02-EXO-001.html
https://media.ipsapps.org/fuh/osa/bible/,https://media.ipsapps.org/fuh/osa/bible/js/fu-17-JHN-001.html,HTTPError: 404 Client Error: Not Found for url: https://media.ipsapps.org/fuh/osa/bible/js/fu-17-JHN-001.html
https://media.ipsapps.org/fuh/osa/bible/,https://media.ipsapps.org/fuh/osa/bible/js/fu-39-JUD-001.html,HTTPError: 404 Client Error: Not Found for url: https://media.ipsapps.org/fuh/osa/bible/js/fu-39-JUD-001.html
https://media.ipsapps.org/fuh/osa/bible/,https://media.ipsapps.org/fuh/osa/bible/js/fu-34-1PE-001.html,HTTPError: 404 Client Error: Not Found for url: https://media.ipsapps.org/fuh/osa/bible/js/fu-34-1PE-001.html
https://media.ipsapps.org/fuh/osa/bible/,https://media.ipsapps.org/fuh/osa/bible/js/fu-37-2JN-001.html,HTTPError: 404 Client Error: Not Found for url: https://media.ipsapps.org/fuh/osa/bible/js/fu-37-2JN-001.html
https://media.ipsapps.org/fuh/osa/bible/,https://media.ipsapps.org/fuh/osa/bible/fu-14-MAT-000.html,HTTPError: 404 Client Error: Not Found for url: https://media.ipsapps.org/fuh/osa/bible/fu-14-MAT-000.html
https://media.ipsapps.org/fuh/osa/bible/,https://media.ipsapps.org/fuh/osa/bible/fu-16-LUK-000.html,HTTPError: 404 Client Error: Not Found for url: https://media.ipsapps.org/fuh/osa/bible/fu-16-LUK-000.html
https://media.ipsapps.org/fuh/ora/co2/,https://media.ipsapps.org/fuh/ora/co2/js/05-B005-001.html,HTTPError: 404 Client Error: Not Found for url: https://media.ipsapps.org/fuh/ora/co2/js/05-B005-001.html
https://media.ipsapps.org/fuh/ora/co2/,https://media.ipsapps.org/fuh/ora/co2/js/17-B017-001.html,HTTPError: 404 Client Error: Not Found for url: https://media.ipsapps.org/fuh/ora/co2/js/17-B017-001.html
https://media.ipsapps.org/fuh/ora/co2/,https://media.ipsapps.org/fuh/ora/co2/js/18-B018-001.html,HTTPError: 404 Client Error: Not Found for url: https://media.ipsapps.org/fuh/ora/co2/js/18-B018-001.html
https://media.ipsapps.org/fuh/ora/co2/,https://media.ipsapps.org/fuh/ora/co2/js/28-B028-001.html,HTTPError: 404 Client Error: Not Found for url: https://media.ipsapps.org/fuh/ora/co2/js/28-B028-001.html
https://media.ipsapps.org/fuh/ora/co2/,https://media.ipsapps.org/fuh/ora/co2/js/04-B004-001.html,HTTPError: 404 Client Error: Not Found for url: https://media.ipsapps.org/fuh/ora/co2/js/04-B004-001.html
https://media.ipsapps.org/fuh/ora/co2/,https://media.ipsapps.org/fuh/ora/co2/js/11-B011-001.html,HTTPError: 404 Client Error: Not Found for url: https://media.ipsapps.org/fuh/ora/co2/js/11-B011-001.html
https://media.ipsapps.org/fuh/ora/co2/,https://media.ipsapps.org/fuh/ora/co2/js/23-B023-001.html,HTTPError: 404 Client Error: Not Found for url: https://media.ipsapps.org/fuh/ora/co2/js/23-B023-001.html
https://media.ipsapps.org/fuh/ora/co2/,https://media.ipsapps.org/fuh/ora/co2/js/22-B022-001.html,HTTPError: 404 Client Error: Not Found for url: https://media.ipsapps.org/fuh/ora/co2/js/22-B022-001.html
https://media.ipsapps.org/fuh/ora/co2/,https://media.ipsapps.org/fuh/ora/co2/js/38-B038-001.html,HTTPError: 404 Client Error: Not Found for url: https://media.ipsapps.org/fuh/ora/co2/js/38-B038-001.html
https://media.ipsapps.org/fuh/ora/co2/,https://media.ipsapps.org/fuh/ora/co2/js/20-B020-001.html,HTTPError: 404 Client Error: Not Found for url: https://media.ipsapps.org/fuh/ora/co2/js/20-B020-001.html
https://media.ipsapps.org/fuh/ora/co2/,https://media.ipsapps.org/fuh/ora/co2/js/06-B006-001.html,HTTPError: 404 Client Error: Not Found for url: https://media.ipsapps.org/fuh/ora/co2/js/06-B006-001.html
https://media.ipsapps.org/fuh/ora/co2/,https://media.ipsapps.org/fuh/ora/co2/js/12-B012-001.html,HTTPError: 404 Client Error: Not Found for url: https://media.ipsapps.org/fuh/ora/co2/js/12-B012-001.html
https://media.ipsapps.org/fuh/ora/co2/,https://media.ipsapps.org/fuh/ora/co2/js/37-B037-001.html,HTTPError: 404 Client Error: Not Found for url: https://media.ipsapps.org/fuh/ora/co2/js/37-B037-001.html
https://media.ipsapps.org/fuh/ora/co2/,https://media.ipsapps.org/fuh/ora/co2/js/07-B007-001.html,HTTPError: 404 Client Error: Not Found for url: https://media.ipsapps.org/fuh/ora/co2/js/07-B007-001.html
https://media.ipsapps.org/fuh/ora/co2/,https://media.ipsapps.org/fuh/ora/co2/js/16-B016-001.html,HTTPError: 404 Client Error: Not Found for url: https://media.ipsapps.org/fuh/ora/co2/js/16-B016-001.html
https://media.ipsapps.org/fuh/ora/co2/,https://media.ipsapps.org/fuh/ora/co2/js/36-B036-001.html,HTTPError: 404 Client Error: Not Found for url: https://media.ipsapps.org/fuh/ora/co2/js/36-B036-001.html
https://media.ipsapps.org/fuh/ora/co2/,https://media.ipsapps.org/fuh/ora/co2/js/24-B024-001.html,HTTPError: 404 Client Error: Not Found for url: https://media.ipsapps.org/fuh/ora/co2/js/24-B024-001.html
https://media.ipsapps.org/fuh/ora/co2/,https://media.ipsapps.org/fuh/ora/co2/js/19-B019-001.html,HTTPError: 404 Client Error: Not Found for url: https://media.ipsapps.org/fuh/ora/co2/js/19-B019-001.html
https://media.ipsapps.org/fuh/ora/co2/,https://media.ipsapps.org/fuh/ora/co2/js/14-B014-001.html,HTTPError: 404 Client Error: Not Found for url: https://media.ipsapps.org/fuh/ora/co2/js/14-B014-001.html
https://media.ipsapps.org/fuh/ora/co2/,https://media.ipsapps.org/fuh/ora/co2/js/02-B002-001.html,HTTPError: 404 Client Error: Not Found for url: https://media.ipsapps.org/fuh/ora/co2/js/02-B002-001.html
https://media.ipsapps.org/fuh/ora/co2/,https://media.ipsapps.org/fuh/ora/co2/js/09-B009-001.html,HTTPError: 404 Client Error: Not Found for url: https://media.ipsapps.org/fuh/ora/co2/js/09-B009-001.html
https://media.ipsapps.org/fuh/ora/co2/,https://media.ipsapps.org/fuh/ora/co2/js/31-B031-001.html,HTTPError: 404 Client Error: Not Found for url: https://media.ipsapps.org/fuh/ora/co2/js/31-B031-001.html
https://media.ipsapps.org/fuh/ora/co2/,https://media.ipsapps.org/fuh/ora/co2/js/03-B003-001.html,HTTPError: 404 Client Error: Not Found for url: https://media.ipsapps.org/fuh/ora/co2/js/03-B003-001.html
https://media.ipsapps.org/fuh/ora/co2/,https://media.ipsapps.org/fuh/ora/co2/js/25-B025-001.html,HTTPError: 404 Client Error: Not Found for url: https://media.ipsapps.org/fuh/ora/co2/js/25-B025-001.html
https://media.ipsapps.org/fuh/ora/co2/,https://media.ipsapps.org/fuh/ora/co2/js/32-B032-001.html,HTTPError: 404 Client Error: Not Found for url: https://media.ipsapps.org/fuh/ora/co2/js/32-B032-001.html
https://media.ipsapps.org/fuh/ora/co2/,https://media.ipsapps.org/fuh/ora/co2/js/13-B013-001.html,HTTPError: 404 Client Error: Not Found for url: https://media.ipsapps.org/fuh/ora/co2/js/13-B013-001.html
https://media.ipsapps.org/fuh/ora/co2/,https://media.ipsapps.org/fuh/ora/co2/js/26-B026-001.html,HTTPError: 404 Client Error: Not Found for url: https://media.ipsapps.org/fuh/ora/co2/js/26-B026-001.html
https://media.ipsapps.org/fuh/ora/co2/,https://media.ipsapps.org/fuh/ora/co2/js/15-B015-001.html,HTTPError: 404 Client Error: Not Found for url: https://media.ipsapps.org/fuh/ora/co2/js/15-B015-001.html
https://media.ipsapps.org/fuh/ora/co2/,https://media.ipsapps.org/fuh/ora/co2/js/01-B001-001.html,HTTPError: 404 Client Error: Not Found for url: https://media.ipsapps.org/fuh/ora/co2/js/01-B001-001.html
https://media.ipsapps.org/fuh/ora/co2/,https://media.ipsapps.org/fuh/ora/co2/js/29-B029-001.html,HTTPError: 404 Client Error: Not Found for url: https://media.ipsapps.org/fuh/ora/co2/js/29-B029-001.html
https://media.ipsapps.org/fuh/ora/co2/,https://media.ipsapps.org/fuh/ora/co2/js/21-B021-001.html,HTTPError: 404 Client Error: Not Found for url: https://media.ipsapps.org/fuh/ora/co2/js/21-B021-001.html
https://media.ipsapps.org/fuh/ora/co2/,https://media.ipsapps.org/fuh/ora/co2/js/27-B027-001.html,HTTPError: 404 Client Error: Not Found for url: https://media.ipsapps.org/fuh/ora/co2/js/27-B027-001.html
https://media.ipsapps.org/fuh/ora/co2/,https://media.ipsapps.org/fuh/ora/co2/js/30-B030-001.html,HTTPError: 404 Client Error: Not Found for url: https://media.ipsapps.org/fuh/ora/co2/js/30-B030-001.html
https://media.ipsapps.org/fuh/ora/co2/,https://media.ipsapps.org/fuh/ora/co2/js/08-B008-001.html,HTTPError: 404 Client Error: Not Found for url: https://media.ipsapps.org/fuh/ora/co2/js/08-B008-001.html
https://media.ipsapps.org/fuh/ora/co2/,https://media.ipsapps.org/fuh/ora/co2/js/35-B035-001.html,HTTPError: 404 Client Error: Not Found for url: https://media.ipsapps.org/fuh/ora/co2/js/35-B035-001.html
https://media.ipsapps.org/fuh/ora/co2/,https://media.ipsapps.org/fuh/ora/co2/js/34-B034-001.html,HTTPError: 404 Client Error: Not Found for url: https://media.ipsapps.org/fuh/ora/co2/js/34-B034-001.html
https://media.ipsapps.org/fuh/ora/co2/,https://media.ipsapps.org/fuh/ora/co2/js/10-B010-001.html,HTTPError: 404 Client Error: Not Found for url: https://media.ipsapps.org/fuh/ora/co2/js/10-B010-001.html
https://media.ipsapps.org/fuh/ora/co2/,https://media.ipsapps.org/fuh/ora/co2/js/33-B033-001.html,HTTPError: 404 Client Error: Not Found for url: https://media.ipsapps.org/fuh/ora/co2/js/33-B033-001.html
https://media.ipsapps.org/fuh/ora/co2/,https://media.ipsapps.org/fuh/ora/co2/js/Popcorn.js,HTTPError: 404 Client Error: Not Found for url: https://media.ipsapps.org/fuh/ora/co2/js/Popcorn.js
https://media.ipsapps.org/fuh/ora/co3/,https://media.ipsapps.org/fuh/ora/co3/js/17-B017-001.html,HTTPError: 404 Client Error: Not Found for url: https://media.ipsapps.org/fuh/ora/co3/js/17-B017-001.html
https://media.ipsapps.org/fuh/ora/co3/,https://media.ipsapps.org/fuh/ora/co3/js/12-B012-001.html,HTTPError: 404 Client Error: Not Found for url: https://media.ipsapps.org/fuh/ora/co3/js/12-B012-001.html
https://media.ipsapps.org/fuh/ora/co3/,https://media.ipsapps.org/fuh/ora/co3/js/08-B008-001.html,HTTPError: 404 Client Error: Not Found for url: https://media.ipsapps.org/fuh/ora/co3/js/08-B008-001.html
https://media.ipsapps.org/fuh/ora/co3/,https://media.ipsapps.org/fuh/ora/co3/js/26-B026-001.html,HTTPError: 404 Client Error: Not Found for url: https://media.ipsapps.org/fuh/ora/co3/js/26-B026-001.html
https://media.ipsapps.org/fuh/ora/co3/,https://media.ipsapps.org/fuh/ora/co3/js/23-B023-001.html,HTTPError: 404 Client Error: Not Found for url: https://media.ipsapps.org/fuh/ora/co3/js/23-B023-001.html
https://media.ipsapps.org/fuh/ora/co3/,https://media.ipsapps.org/fuh/ora/co3/js/29-B029-001.html,HTTPError: 404 Client Error: Not Found for url: https://media.ipsapps.org/fuh/ora/co3/js/29-B029-001.html
https://media.ipsapps.org/fuh/ora/co3/,https://media.ipsapps.org/fuh/ora/co3/js/14-B014-001.html,HTTPError: 404 Client Error: Not Found for url: https://media.ipsapps.org/fuh/ora/co3/js/14-B014-001.html
https://media.ipsapps.org/fuh/ora/co3/,https://media.ipsapps.org/fuh/ora/co3/js/05-B005-001.html,HTTPError: 404 Client Error: Not Found for url: https://media.ipsapps.org/fuh/ora/co3/js/05-B005-001.html
https://media.ipsapps.org/fuh/ora/co3/,https://media.ipsapps.org/fuh/ora/co3/js/10-B010-001.html,HTTPError: 404 Client Error: Not Found for url: https://media.ipsapps.org/fuh/ora/co3/js/10-B010-001.html
https://media.ipsapps.org/fuh/ora/co3/,https://media.ipsapps.org/fuh/ora/co3/js/11-B011-001.html,HTTPError: 404 Client Error: Not Found for url: https://media.ipsapps.org/fuh/ora/co3/js/11-B011-001.html
https://media.ipsapps.org/fuh/ora/co3/,https://media.ipsapps.org/fuh/ora/co3/js/33-B033-001.html,HTTPError: 404 Client Error: Not Found for url: https://media.ipsapps.org/fuh/ora/co3/js/33-B033-001.html
https://media.ipsapps.org/fuh/ora/co3/,https://media.ipsapps.org/fuh/ora/co3/js/32-B032-001.html,HTTPError: 404 Client Error: Not Found for url: https://media.ipsapps.org/fuh/ora/co3/js/32-B032-001.html
https://media.ipsapps.org/fuh/ora/co3/,https://media.ipsapps.org/fuh/ora/co3/js/21-B021-001.html,HTTPError: 404 Client Error: Not Found for url: https://media.ipsapps.org/fuh/ora/co3/js/21-B021-001.html
https://media.ipsapps.org/fuh/ora/co3/,https://media.ipsapps.org/fuh/ora/co3/js/18-B018-001.html,HTTPError: 404 Client Error: Not Found for url: https://media.ipsapps.org/fuh/ora/co3/js/18-B018-001.html
https://media.ipsapps.org/fuh/ora/co3/,https://media.ipsapps.org/fuh/ora/co3/js/19-B019-001.html,HTTPError: 404 Client Error: Not Found for url: https://media.ipsapps.org/fuh/ora/co3/js/19-B019-001.html
https://media.ipsapps.org/fuh/ora/co3/,https://media.ipsapps.org/fuh/ora/co3/js/01-B001-001.html,HTTPError: 404 Client Error: Not Found for url: https://media.ipsapps.org/fuh/ora/co3/js/01-B001-001.html
https://media.ipsapps.org/fuh/ora/co3/,https://media.ipsapps.org/fuh/ora/co3/js/30-B030-001.html,HTTPError: 404 Client Error: Not Found for url: https://media.ipsapps.org/fuh/ora/co3/js/30-B030-001.html
https://media.ipsapps.org/fuh/ora/co3/,https://media.ipsapps.org/fuh/ora/co3/js/15-B015-001.html,HTTPError: 404 Client Error: Not Found for url: https://media.ipsapps.org/fuh/ora/co3/js/15-B015-001.html
https://media.ipsapps.org/fuh/ora/co3/,https://media.ipsapps.org/fuh/ora/co3/js/13-B013-001.html,HTTPError: 404 Client Error: Not Found for url: https://media.ipsapps.org/fuh/ora/co3/js/13-B013-001.html
https://media.ipsapps.org/fuh/ora/co3/,https://media.ipsapps.org/fuh/ora/co3/js/07-B007-001.html,HTTPError: 404 Client Error: Not Found for url: https://media.ipsapps.org/fuh/ora/co3/js/07-B007-001.html
https://media.ipsapps.org/fuh/ora/co3/,https://media.ipsapps.org/fuh/ora/co3/js/35-B035-001.html,HTTPError: 404 Client Error: Not Found for url: https://media.ipsapps.org/fuh/ora/co3/js/35-B035-001.html
https://media.ipsapps.org/fuh/ora/co3/,https://media.ipsapps.org/fuh/ora/co3/js/31-B031-001.html,HTTPError: 404 Client Error: Not Found for url: https://media.ipsapps.org/fuh/ora/co3/js/31-B031-001.html
https://media.ipsapps.org/fuh/ora/co3/,https://media.ipsapps.org/fuh/ora/co3/js/03-B003-001.html,HTTPError: 404 Client Error: Not Found for url: https://media.ipsapps.org/fuh/ora/co3/js/03-B003-001.html
https://media.ipsapps.org/fuh/ora/co3/,https://media.ipsapps.org/fuh/ora/co3/js/22-B022-001.html,HTTPError: 404 Client Error: Not Found for url: https://media.ipsapps.org/fuh/ora/co3/js/22-B022-001.html
https://media.ipsapps.org/fuh/ora/co3/,https://media.ipsapps.org/fuh/ora/co3/js/02-B002-001.html,HTTPError: 404 Client Error: Not Found for url: https://media.ipsapps.org/fuh/ora/co3/js/02-B002-001.html
https://media.ipsapps.org/fuh/ora/co3/,https://media.ipsapps.org/fuh/ora/co3/js/09-B009-001.html,HTTPError: 404 Client Error: Not Found for url: https://media.ipsapps.org/fuh/ora/co3/js/09-B009-001.html
https://media.ipsapps.org/fuh/ora/co3/,https://media.ipsapps.org/fuh/ora/co3/js/28-B028-001.html,HTTPError: 404 Client Error: Not Found for url: https://media.ipsapps.org/fuh/ora/co3/js/28-B028-001.html
https://media.ipsapps.org/fuh/ora/co3/,https://media.ipsapps.org/fuh/ora/co3/js/20-B020-001.html,HTTPError: 404 Client Error: Not Found for url: https://media.ipsapps.org/fuh/ora/co3/js/20-B020-001.html
https://media.ipsapps.org/fuh/ora/co3/,https://media.ipsapps.org/fuh/ora/co3/js/34-B034-001.html,HTTPError: 404 Client Error: Not Found for url: https://media.ipsapps.org/fuh/ora/co3/js/34-B034-001.html
https://media.ipsapps.org/fuh/ora/co3/,https://media.ipsapps.org/fuh/ora/co3/js/25-B025-001.html,HTTPError: 404 Client Error: Not Found for url: https://media.ipsapps.org/fuh/ora/co3/js/25-B025-001.html
https://media.ipsapps.org/fuh/ora/co3/,https://media.ipsapps.org/fuh/ora/co3/js/16-B016-001.html,HTTPError: 404 Client Error: Not Found for url: https://media.ipsapps.org/fuh/ora/co3/js/16-B016-001.html
https://media.ipsapps.org/fuh/ora/co3/,https://media.ipsapps.org/fuh/ora/co3/js/24-B024-001.html,HTTPError: 404 Client Error: Not Found for url: https://media.ipsapps.org/fuh/ora/co3/js/24-B024-001.html
https://media.ipsapps.org/fuh/ora/co3/,https://media.ipsapps.org/fuh/ora/co3/js/06-B006-001.html,HTTPError: 404 Client Error: Not Found for url: https://media.ipsapps.org/fuh/ora/co3/js/06-B006-001.html
https://media.ipsapps.org/fuh/ora/co3/,https://media.ipsapps.org/fuh/ora/co3/js/36-B036-001.html,HTTPError: 404 Client Error: Not Found for url: https://media.ipsapps.org/fuh/ora/co3/js/36-B036-001.html
https://media.ipsapps.org/fuh/ora/co3/,https://media.ipsapps.org/fuh/ora/co3/js/Popcorn.js,HTTPError: 404 Client Error: Not Found for url: https://media.ipsapps.org/fuh/ora/co3/js/Popcorn.js
https://media.ipsapps.org/fuh/ora/co3/,https://media.ipsapps.org/fuh/ora/co3/js/27-B027-001.html,HTTPError: 404 Client Error: Not Found for url: https://media.ipsapps.org/fuh/ora/co3/js/27-B027-001.html
https://media.ipsapps.org/fuh/ora/co3/,https://media.ipsapps.org/fuh/ora/co3/js/04-B004-001.html,HTTPError: 404 Client Error: Not Found for url: https://media.ipsapps.org/fuh/ora/co3/js/04-B004-001.html
https://media.ipsapps.org/gux/ora/prov-v1/,https://media.ipsapps.org/gux/ora/prov-v1/js/08-B008-001.html,HTTPError: 404 Client Error: Not Found for url: https://media.ipsapps.org/gux/ora/prov-v1/js/08-B008-001.html
https://media.ipsapps.org/gux/ora/prov-v1/,https://media.ipsapps.org/gux/ora/prov-v1/js/Popcorn.js,HTTPError: 404 Client Error: Not Found for url: https://media.ipsapps.org/gux/ora/prov-v1/js/Popcorn.js
https://media.ipsapps.org/gux/ora/prov-v1/,https://media.ipsapps.org/gux/ora/prov-v1/js/09-B009-001.html,HTTPError: 404 Client Error: Not Found for url: https://media.ipsapps.org/gux/ora/prov-v1/js/09-B009-001.html
https://media.ipsapps.org/gux/ora/prov-v1/,https://media.ipsapps.org/gux/ora/prov-v1/js/01-B001-001.html,HTTPError: 404 Client Error: Not Found for url: https://media.ipsapps.org/gux/ora/prov-v1/js/01-B001-001.html
https://media.ipsapps.org/gux/ora/prov-v1/,https://media.ipsapps.org/gux/ora/prov-v1/js/06-B006-001.html,HTTPError: 404 Client Error: Not Found for url: https://media.ipsapps.org/gux/ora/prov-v1/js/06-B006-001.html
https://media.ipsapps.org/gux/ora/prov-v1/,https://media.ipsapps.org/gux/ora/prov-v1/js/02-B002-001.html,HTTPError: 404 Client Error: Not Found for url: https://media.ipsapps.org/gux/ora/prov-v1/js/02-B002-001.html
https://media.ipsapps.org/gux/ora/prov-v1/,https://media.ipsapps.org/gux/ora/prov-v1/js/03-B003-001.html,HTTPError: 404 Client Error: Not Found for url: https://media.ipsapps.org/gux/ora/prov-v1/js/03-B003-001.html
https://media.ipsapps.org/gux/ora/prov-v1/,https://media.ipsapps.org/gux/ora/prov-v1/js/04-B004-001.html,HTTPError: 404 Client Error: Not Found for url: https://media.ipsapps.org/gux/ora/prov-v1/js/04-B004-001.html
https://media.ipsapps.org/gux/ora/prov-v1/,https://media.ipsapps.org/gux/ora/prov-v1/js/07-B007-001.html,HTTPError: 404 Client Error: Not Found for url: https://media.ipsapps.org/gux/ora/prov-v1/js/07-B007-001.html
https://media.ipsapps.org/gux/ora/prov-v1/,https://media.ipsapps.org/gux/ora/prov-v1/js/05-B005-001.html,HTTPError: 404 Client Error: Not Found for url: https://media.ipsapps.org/gux/ora/prov-v1/js/05-B005-001.html
https://media.ipsapps.org/gux/ora/prov-v1/,https://media.ipsapps.org/gux/ora/prov-v1/js/10-B010-001.html,HTTPError: 404 Client Error: Not Found for url: https://media.ipsapps.org/gux/ora/prov-v1/js/10-B010-001.html
https://media.ipsapps.org/gux/ora/prov-v2/,https://media.ipsapps.org/gux/ora/prov-v2/js/09-B009-001.html,HTTPError: 404 Client Error: Not Found for url: https://media.ipsapps.org/gux/ora/prov-v2/js/09-B009-001.html
https://media.ipsapps.org/gux/ora/prov-v2/,https://media.ipsapps.org/gux/ora/prov-v2/js/03-B003-001.html,HTTPError: 404 Client Error: Not Found for url: https://media.ipsapps.org/gux/ora/prov-v2/js/03-B003-001.html
https://media.ipsapps.org/gux/ora/prov-v2/,https://media.ipsapps.org/gux/ora/prov-v2/js/02-B002-001.html,HTTPError: 404 Client Error: Not Found for url: https://media.ipsapps.org/gux/ora/prov-v2/js/02-B002-001.html
https://media.ipsapps.org/gux/ora/prov-v2/,https://media.ipsapps.org/gux/ora/prov-v2/js/07-B007-001.html,HTTPError: 404 Client Error: Not Found for url: https://media.ipsapps.org/gux/ora/prov-v2/js/07-B007-001.html
https://media.ipsapps.org/gux/ora/prov-v2/,https://media.ipsapps.org/gux/ora/prov-v2/js/11-B011-001.html,HTTPError: 404 Client Error: Not Found for url: https://media.ipsapps.org/gux/ora/prov-v2/js/11-B011-001.html
https://media.ipsapps.org/gux/ora/prov-v2/,https://media.ipsapps.org/gux/ora/prov-v2/js/06-B006-001.html,HTTPError: 404 Client Error: Not Found for url: https://media.ipsapps.org/gux/ora/prov-v2/js/06-B006-001.html
https://media.ipsapps.org/gux/ora/prov-v2/,https://media.ipsapps.org/gux/ora/prov-v2/js/04-B004-001.html,HTTPError: 404 Client Error: Not Found for url: https://media.ipsapps.org/gux/ora/prov-v2/js/04-B004-001.html
https://media.ipsapps.org/gux/ora/prov-v2/,https://media.ipsapps.org/gux/ora/prov-v2/js/01-B001-001.html,HTTPError: 404 Client Error: Not Found for url: https://media.ipsapps.org/gux/ora/prov-v2/js/01-B001-001.html
https://media.ipsapps.org/gux/ora/prov-v2/,https://media.ipsapps.org/gux/ora/prov-v2/js/10-B010-001.html,HTTPError: 404 Client Error: Not Found for url: https://media.ipsapps.org/gux/ora/prov-v2/js/10-B010-001.html
https://media.ipsapps.org/gux/ora/prov-v2/,https://media.ipsapps.org/gux/ora/prov-v2/js/12-B012-001.html,HTTPError: 404 Client Error: Not Found for url: https://media.ipsapps.org/gux/ora/prov-v2/js/12-B012-001.html
https://media.ipsapps.org/gux/ora/prov-v2/,https://media.ipsapps.org/gux/ora/prov-v2/js/08-B008-001.html,HTTPError: 404 Client Error: Not Found for url: https://media.ipsapps.org/gux/ora/prov-v2/js/08-B008-001.html
https://media.ipsapps.org/gux/ora/prov-v2/,https://media.ipsapps.org/gux/ora/prov-v2/js/05-B005-001.html,HTTPError: 404 Client Error: Not Found for url: https://media.ipsapps.org/gux/ora/prov-v2/js/05-B005-001.html
https://media.ipsapps.org/gux/ora/prov-v2/,https://media.ipsapps.org/gux/ora/prov-v2/js/Popcorn.js,HTTPError: 404 Client Error: Not Found for url: https://media.ipsapps.org/gux/ora/prov-v2/js/Popcorn.js
https://media.ipsapps.org/gux/ora/prov-v3/,https://media.ipsapps.org/gux/ora/prov-v3/js/Popcorn.js,HTTPError: 404 Client Error: Not Found for url: https://media.ipsapps.org/gux/ora/prov-v3/js/Popcorn.js
https://media.ipsapps.org/gux/ora/prov-v3/,https://media.ipsapps.org/gux/ora/prov-v3/js/10-B010-001.html,HTTPError: 404 Client Error: Not Found for url: https://media.ipsapps.org/gux/ora/prov-v3/js/10-B010-001.html
https://media.ipsapps.org/gux/ora/prov-v3/,https://media.ipsapps.org/gux/ora/prov-v3/js/06-B006-001.html,HTTPError: 404 Client Error: Not Found for url: https://media.ipsapps.org/gux/ora/prov-v3/js/06-B006-001.html
https://media.ipsapps.org/gux/ora/prov-v3/,https://media.ipsapps.org/gux/ora/prov-v3/js/09-B009-001.html,HTTPError: 404 Client Error: Not Found for url: https://media.ipsapps.org/gux/ora/prov-v3/js/09-B009-001.html
https://media.ipsapps.org/gux/ora/prov-v3/,https://media.ipsapps.org/gux/ora/prov-v3/js/08-B008-001.html,HTTPError: 404 Client Error: Not Found for url: https://media.ipsapps.org/gux/ora/prov-v3/js/08-B008-001.html
https://media.ipsapps.org/gux/ora/prov-v3/,https://media.ipsapps.org/gux/ora/prov-v3/js/11-B011-001.html,HTTPError: 404 Client Error: Not Found for url: https://media.ipsapps.org/gux/ora/prov-v3/js/11-B011-001.html
https://media.ipsapps.org/gux/ora/prov-v3/,https://media.ipsapps.org/gux/ora/prov-v3/js/12-B012-001.html,HTTPError: 404 Client Error: Not Found for url: https://media.ipsapps.org/gux/ora/prov-v3/js/12-B012-001.html
https://media.ipsapps.org/gux/ora/prov-v3/,https://media.ipsapps.org/gux/ora/prov-v3/js/04-B004-001.html,HTTPError: 404 Client Error: Not Found for url: https://media.ipsapps.org/gux/ora/prov-v3/js/04-B004-001.html
https://media.ipsapps.org/gux/ora/prov-v3/,https://media.ipsapps.org/gux/ora/prov-v3/js/07-B007-001.html,HTTPError: 404 Client Error: Not Found for url: https://media.ipsapps.org/gux/ora/prov-v3/js/07-B007-001.html
https://media.ipsapps.org/gux/ora/prov-v3/,https://media.ipsapps.org/gux/ora/prov-v3/js/02-B002-001.html,HTTPError: 404 Client Error: Not Found for url: https://media.ipsapps.org/gux/ora/prov-v3/js/02-B002-001.html
https://media.ipsapps.org/gux/ora/prov-v3/,https://media.ipsapps.org/gux/ora/prov-v3/js/05-B005-001.html,HTTPError: 404 Client Error: Not Found for url: https://media.ipsapps.org/gux/ora/prov-v3/js/05-B005-001.html
https://media.ipsapps.org/gux/ora/prov-v3/,https://media.ipsapps.org/gux/ora/prov-v3/js/01-B001-001.html,HTTPError: 404 Client Error: Not Found for url: https://media.ipsapps.org/gux/ora/prov-v3/js/01-B001-001.html
https://media.ipsapps.org/gux/ora/prov-v3/,https://media.ipsapps.org/gux/ora/prov-v3/js/03-B003-001.html,HTTPError: 404 Client Error: Not Found for url: https://media.ipsapps.org/gux/ora/prov-v3/js/03-B003-001.html
https://media.ipsapps.org/gux/ora/vol1/,https://media.ipsapps.org/gux/ora/vol1/js/07-B007-001.html,HTTPError: 404 Client Error: Not Found for url: https://media.ipsapps.org/gux/ora/vol1/js/07-B007-001.html
https://media.ipsapps.org/gux/ora/vol1/,https://media.ipsapps.org/gux/ora/vol1/js/02-B002-001.html,HTTPError: 404 Client Error: Not Found for url: https://media.ipsapps.org/gux/ora/vol1/js/02-B002-001.html
https://media.ipsapps.org/gux/ora/vol1/,https://media.ipsapps.org/gux/ora/vol1/js/Popcorn.js,HTTPError: 404 Client Error: Not Found for url: https://media.ipsapps.org/gux/ora/vol1/js/Popcorn.js
https://media.ipsapps.org/gux/ora/vol1/,https://media.ipsapps.org/gux/ora/vol1/js/03-B003-001.html,HTTPError: 404 Client Error: Not Found for url: https://media.ipsapps.org/gux/ora/vol1/js/03-B003-001.html
https://media.ipsapps.org/gux/ora/vol1/,https://media.ipsapps.org/gux/ora/vol1/js/09-B009-001.html,HTTPError: 404 Client Error: Not Found for url: https://media.ipsapps.org/gux/ora/vol1/js/09-B009-001.html
https://media.ipsapps.org/gux/ora/vol1/,https://media.ipsapps.org/gux/ora/vol1/js/05-B005-001.html,HTTPError: 404 Client Error: Not Found for url: https://media.ipsapps.org/gux/ora/vol1/js/05-B005-001.html
https://media.ipsapps.org/gux/ora/vol1/,https://media.ipsapps.org/gux/ora/vol1/js/12-B012-001.html,HTTPError: 404 Client Error: Not Found for url: https://media.ipsapps.org/gux/ora/vol1/js/12-B012-001.html
https://media.ipsapps.org/gux/ora/vol1/,https://media.ipsapps.org/gux/ora/vol1/js/08-B008-001.html,HTTPError: 404 Client Error: Not Found for url: https://media.ipsapps.org/gux/ora/vol1/js/08-B008-001.html
https://media.ipsapps.org/gux/ora/vol1/,https://media.ipsapps.org/gux/ora/vol1/js/04-B004-001.html,HTTPError: 404 Client Error: Not Found for url: https://media.ipsapps.org/gux/ora/vol1/js/04-B004-001.html
https://media.ipsapps.org/gux/ora/vol1/,https://media.ipsapps.org/gux/ora/vol1/js/11-B011-001.html,HTTPError: 404 Client Error: Not Found for url: https://media.ipsapps.org/gux/ora/vol1/js/11-B011-001.html
https://media.ipsapps.org/gux/ora/vol1/,https://media.ipsapps.org/gux/ora/vol1/js/06-B006-001.html,HTTPError: 404 Client Error: Not Found for url: https://media.ipsapps.org/gux/ora/vol1/js/06-B006-001.html
https://media.ipsapps.org/gux/ora/vol1/,https://media.ipsapps.org/gux/ora/vol1/js/10-B010-001.html,HTTPError: 404 Client Error: Not Found for url: https://media.ipsapps.org/gux/ora/vol1/js/10-B010-001.html
https://media.ipsapps.org/gux/ora/vol1/,https://media.ipsapps.org/gux/ora/vol1/js/01-B001-001.html,HTTPError: 404 Client Error: Not Found for url: https://media.ipsapps.org/gux/ora/vol1/js/01-B001-001.html
https://media.ipsapps.org/gux/ora/vol1/,https://media.ipsapps.org/gux/ora/vol1/js/13-B013-001.html,HTTPError: 404 Client Error: Not Found for url: https://media.ipsapps.org/gux/ora/vol1/js/13-B013-001.html
https://media.ipsapps.org/gux/ora/vol2/,https://media.ipsapps.org/gux/ora/vol2/js/10-B010-001.html,HTTPError: 404 Client Error: Not Found for url: https://media.ipsapps.org/gux/ora/vol2/js/10-B010-001.html
https://media.ipsapps.org/gux/ora/vol2/,https://media.ipsapps.org/gux/ora/vol2/js/09-B009-001.html,HTTPError: 404 Client Error: Not Found for url: https://media.ipsapps.org/gux/ora/vol2/js/09-B009-001.html
https://media.ipsapps.org/gux/ora/vol2/,https://media.ipsapps.org/gux/ora/vol2/js/06-B006-001.html,HTTPError: 404 Client Error: Not Found for url: https://media.ipsapps.org/gux/ora/vol2/js/06-B006-001.html
https://media.ipsapps.org/gux/ora/vol2/,https://media.ipsapps.org/gux/ora/vol2/js/11-B011-001.html,HTTPError: 404 Client Error: Not Found for url: https://media.ipsapps.org/gux/ora/vol2/js/11-B011-001.html
https://media.ipsapps.org/gux/ora/vol2/,https://media.ipsapps.org/gux/ora/vol2/js/04-B004-001.html,HTTPError: 404 Client Error: Not Found for url: https://media.ipsapps.org/gux/ora/vol2/js/04-B004-001.html
https://media.ipsapps.org/gux/ora/vol2/,https://media.ipsapps.org/gux/ora/vol2/js/07-B007-001.html,HTTPError: 404 Client Error: Not Found for url: https://media.ipsapps.org/gux/ora/vol2/js/07-B007-001.html
https://media.ipsapps.org/gux/ora/vol2/,https://media.ipsapps.org/gux/ora/vol2/js/01-B001-001.html,HTTPError: 404 Client Error: Not Found for url: https://media.ipsapps.org/gux/ora/vol2/js/01-B001-001.html
https://media.ipsapps.org/gux/ora/vol2/,https://media.ipsapps.org/gux/ora/vol2/js/12-B012-001.html,HTTPError: 404 Client Error: Not Found for url: https://media.ipsapps.org/gux/ora/vol2/js/12-B012-001.html
https://media.ipsapps.org/gux/ora/vol2/,https://media.ipsapps.org/gux/ora/vol2/js/14-B014-001.html,HTTPError: 404 Client Error: Not Found for url: https://media.ipsapps.org/gux/ora/vol2/js/14-B014-001.html
https://media.ipsapps.org/gux/ora/vol2/,https://media.ipsapps.org/gux/ora/vol2/js/05-B005-001.html,HTTPError: 404 Client Error: Not Found for url: https://media.ipsapps.org/gux/ora/vol2/js/05-B005-001.html
https://media.ipsapps.org/gux/ora/vol2/,https://media.ipsapps.org/gux/ora/vol2/js/03-B003-001.html,HTTPError: 404 Client Error: Not Found for url: https://media.ipsapps.org/gux/ora/vol2/js/03-B003-001.html
https://media.ipsapps.org/gux/ora/vol2/,https://media.ipsapps.org/gux/ora/vol2/js/08-B008-001.html,HTTPError: 404 Client Error: Not Found for url: https://media.ipsapps.org/gux/ora/vol2/js/08-B008-001.html
https://media.ipsapps.org/gux/ora/vol2/,https://media.ipsapps.org/gux/ora/vol2/js/13-B013-001.html,HTTPError: 404 Client Error: Not Found for url: https://media.ipsapps.org/gux/ora/vol2/js/13-B013-001.html
https://media.ipsapps.org/gux/ora/vol2/,https://media.ipsapps.org/gux/ora/vol2/js/02-B002-001.html,HTTPError: 404 Client Error: Not Found for url: https://media.ipsapps.org/gux/ora/vol2/js/02-B002-001.html
https://media.ipsapps.org/gux/ora/vol2/,https://media.ipsapps.org/gux/ora/vol2/js/Popcorn.js,HTTPError: 404 Client Error: Not Found for url: https://media.ipsapps.org/gux/ora/vol2/js/Popcorn.js
https://media.ipsapps.org/mos/ora/co-fr1/,https://media.ipsapps.org/mos/ora/co-fr1/js/02-B002-001.html,HTTPError: 404 Client Error: Not Found for url: https://media.ipsapps.org/mos/ora/co-fr1/js/02-B002-001.html
https://media.ipsapps.org/mos/ora/co-fr1/,https://media.ipsapps.org/mos/ora/co-fr1/js/11-B011-001.html,HTTPError: 404 Client Error: Not Found for url: https://media.ipsapps.org/mos/ora/co-fr1/js/11-B011-001.html
https://media.ipsapps.org/mos/ora/co-fr1/,https://media.ipsapps.org/mos/ora/co-fr1/js/04-B004-001.html,HTTPError: 404 Client Error: Not Found for url: https://media.ipsapps.org/mos/ora/co-fr1/js/04-B004-001.html
https://media.ipsapps.org/mos/ora/co-fr1/,https://media.ipsapps.org/mos/ora/co-fr1/js/10-B010-001.html,HTTPError: 404 Client Error: Not Found for url: https://media.ipsapps.org/mos/ora/co-fr1/js/10-B010-001.html
https://media.ipsapps.org/mos/ora/co-fr1/,https://media.ipsapps.org/mos/ora/co-fr1/js/13-B013-001.html,HTTPError: 404 Client Error: Not Found for url: https://media.ipsapps.org/mos/ora/co-fr1/js/13-B013-001.html
https://media.ipsapps.org/mos/ora/co-fr1/,https://media.ipsapps.org/mos/ora/co-fr1/js/08-B008-001.html,HTTPError: 404 Client Error: Not Found for url: https://media.ipsapps.org/mos/ora/co-fr1/js/08-B008-001.html
https://media.ipsapps.org/mos/ora/co-fr1/,https://media.ipsapps.org/mos/ora/co-fr1/js/14-B014-001.html,HTTPError: 404 Client Error: Not Found for url: https://media.ipsapps.org/mos/ora/co-fr1/js/14-B014-001.html
https://media.ipsapps.org/mos/ora/co-fr1/,https://media.ipsapps.org/mos/ora/co-fr1/js/07-B007-001.html,HTTPError: 404 Client Error: Not Found for url: https://media.ipsapps.org/mos/ora/co-fr1/js/07-B007-001.html
https://media.ipsapps.org/mos/ora/co-fr1/,https://media.ipsapps.org/mos/ora/co-fr1/js/09-B009-001.html,HTTPError: 404 Client Error: Not Found for url: https://media.ipsapps.org/mos/ora/co-fr1/js/09-B009-001.html
https://media.ipsapps.org/mos/ora/co-fr1/,https://media.ipsapps.org/mos/ora/co-fr1/js/01-B001-001.html,HTTPError: 404 Client Error: Not Found for url: https://media.ipsapps.org/mos/ora/co-fr1/js/01-B001-001.html
https://media.ipsapps.org/mos/ora/co-fr1/,https://media.ipsapps.org/mos/ora/co-fr1/js/06-B006-001.html,HTTPError: 404 Client Error: Not Found for url: https://media.ipsapps.org/mos/ora/co-fr1/js/06-B006-001.html
https://media.ipsapps.org/mos/ora/co-fr1/,https://media.ipsapps.org/mos/ora/co-fr1/js/03-B003-001.html,HTTPError: 404 Client Error: Not Found for url: https://media.ipsapps.org/mos/ora/co-fr1/js/03-B003-001.html
https://media.ipsapps.org/mos/ora/co-fr1/,https://media.ipsapps.org/mos/ora/co-fr1/js/12-B012-001.html,HTTPError: 404 Client Error: Not Found for url: https://media.ipsapps.org/mos/ora/co-fr1/js/12-B012-001.html
https://media.ipsapps.org/mos/ora/co-fr1/,https://media.ipsapps.org/mos/ora/co-fr1/js/15-B015-001.html,HTTPError: 404 Client Error: Not Found for url: https://media.ipsapps.org/mos/ora/co-fr1/js/15-B015-001.html
https://media.ipsapps.org/mos/ora/co-fr1/,https://media.ipsapps.org/mos/ora/co-fr1/js/Popcorn.js,HTTPError: 404 Client Error: Not Found for url: https://media.ipsapps.org/mos/ora/co-fr1/js/Popcorn.js
https://media.ipsapps.org/mos/ora/co-fr1/,https://media.ipsapps.org/mos/ora/co-fr1/js/05-B005-001.html,HTTPError: 404 Client Error: Not Found for url: https://media.ipsapps.org/mos/ora/co-fr1/js/05-B005-001.html
https://media.ipsapps.org/mos/ora/co-fr2/,https://media.ipsapps.org/mos/ora/co-fr2/js/01-B001-001.html,HTTPError: 404 Client Error: Not Found for url: https://media.ipsapps.org/mos/ora/co-fr2/js/01-B001-001.html
https://media.ipsapps.org/mos/ora/co-fr2/,https://media.ipsapps.org/mos/ora/co-fr2/js/Popcorn.js,HTTPError: 404 Client Error: Not Found for url: https://media.ipsapps.org/mos/ora/co-fr2/js/Popcorn.js
https://media.ipsapps.org/mos/ora/co-fr2/,https://media.ipsapps.org/mos/ora/co-fr2/js/06-B006-001.html,HTTPError: 404 Client Error: Not Found for url: https://media.ipsapps.org/mos/ora/co-fr2/js/06-B006-001.html
https://media.ipsapps.org/mos/ora/co-fr2/,https://media.ipsapps.org/mos/ora/co-fr2/js/13-B013-001.html,HTTPError: 404 Client Error: Not Found for url: https://media.ipsapps.org/mos/ora/co-fr2/js/13-B013-001.html
https://media.ipsapps.org/mos/ora/co-fr2/,https://media.ipsapps.org/mos/ora/co-fr2/js/15-B015-001.html,HTTPError: 404 Client Error: Not Found for url: https://media.ipsapps.org/mos/ora/co-fr2/js/15-B015-001.html
https://media.ipsapps.org/mos/ora/co-fr2/,https://media.ipsapps.org/mos/ora/co-fr2/js/03-B003-001.html,HTTPError: 404 Client Error: Not Found for url: https://media.ipsapps.org/mos/ora/co-fr2/js/03-B003-001.html
https://media.ipsapps.org/mos/ora/co-fr2/,https://media.ipsapps.org/mos/ora/co-fr2/js/09-B009-001.html,HTTPError: 404 Client Error: Not Found for url: https://media.ipsapps.org/mos/ora/co-fr2/js/09-B009-001.html
https://media.ipsapps.org/mos/ora/co-fr2/,https://media.ipsapps.org/mos/ora/co-fr2/js/04-B004-001.html,HTTPError: 404 Client Error: Not Found for url: https://media.ipsapps.org/mos/ora/co-fr2/js/04-B004-001.html
https://media.ipsapps.org/mos/ora/co-fr2/,https://media.ipsapps.org/mos/ora/co-fr2/js/11-B011-001.html,HTTPError: 404 Client Error: Not Found for url: https://media.ipsapps.org/mos/ora/co-fr2/js/11-B011-001.html
https://media.ipsapps.org/mos/ora/co-fr2/,https://media.ipsapps.org/mos/ora/co-fr2/js/02-B002-001.html,HTTPError: 404 Client Error: Not Found for url: https://media.ipsapps.org/mos/ora/co-fr2/js/02-B002-001.html
https://media.ipsapps.org/mos/ora/co-fr2/,https://media.ipsapps.org/mos/ora/co-fr2/js/12-B012-001.html,HTTPError: 404 Client Error: Not Found for url: https://media.ipsapps.org/mos/ora/co-fr2/js/12-B012-001.html
https://media.ipsapps.org/mos/ora/co-fr2/,https://media.ipsapps.org/mos/ora/co-fr2/js/08-B008-001.html,HTTPError: 404 Client Error: Not Found for url: https://media.ipsapps.org/mos/ora/co-fr2/js/08-B008-001.html
https://media.ipsapps.org/mos/ora/co-fr2/,https://media.ipsapps.org/mos/ora/co-fr2/js/07-B007-001.html,HTTPError: 404 Client Error: Not Found for url: https://media.ipsapps.org/mos/ora/co-fr2/js/07-B007-001.html
https://media.ipsapps.org/mos/ora/co-fr2/,https://media.ipsapps.org/mos/ora/co-fr2/js/05-B005-001.html,HTTPError: 404 Client Error: Not Found for url: https://media.ipsapps.org/mos/ora/co-fr2/js/05-B005-001.html
https://media.ipsapps.org/mos/ora/co-fr2/,https://media.ipsapps.org/mos/ora/co-fr2/js/10-B010-001.html,HTTPError: 404 Client Error: Not Found for url: https://media.ipsapps.org/mos/ora/co-fr2/js/10-B010-001.html
https://media.ipsapps.org/mos/ora/co-fr2/,https://media.ipsapps.org/mos/ora/co-fr2/js/14-B014-001.html,HTTPError: 404 Client Error: Not Found for url: https://media.ipsapps.org/mos/ora/co-fr2/js/14-B014-001.html
https://media.ipsapps.org/mos/ora/co1/,https://media.ipsapps.org/mos/ora/co1/js/02-B002-001.html,HTTPError: 404 Client Error: Not Found for url: https://media.ipsapps.org/mos/ora/co1/js/02-B002-001.html
https://media.ipsapps.org/mos/ora/co1/,https://media.ipsapps.org/mos/ora/co1/js/04-B004-001.html,HTTPError: 404 Client Error: Not Found for url: https://media.ipsapps.org/mos/ora/co1/js/04-B004-001.html
https://media.ipsapps.org/mos/ora/co1/,https://media.ipsapps.org/mos/ora/co1/js/09-B009-001.html,HTTPError: 404 Client Error: Not Found for url: https://media.ipsapps.org/mos/ora/co1/js/09-B009-001.html
https://media.ipsapps.org/mos/ora/co1/,https://media.ipsapps.org/mos/ora/co1/js/05-B005-001.html,HTTPError: 404 Client Error: Not Found for url: https://media.ipsapps.org/mos/ora/co1/js/05-B005-001.html
https://media.ipsapps.org/mos/ora/co1/,https://media.ipsapps.org/mos/ora/co1/js/Popcorn.js,HTTPError: 404 Client Error: Not Found for url: https://media.ipsapps.org/mos/ora/co1/js/Popcorn.js
https://media.ipsapps.org/mos/ora/co1/,https://media.ipsapps.org/mos/ora/co1/js/12-B012-001.html,HTTPError: 404 Client Error: Not Found for url: https://media.ipsapps.org/mos/ora/co1/js/12-B012-001.html
https://media.ipsapps.org/mos/ora/co1/,https://media.ipsapps.org/mos/ora/co1/js/03-B003-001.html,HTTPError: 404 Client Error: Not Found for url: https://media.ipsapps.org/mos/ora/co1/js/03-B003-001.html
https://media.ipsapps.org/mos/ora/co1/,https://media.ipsapps.org/mos/ora/co1/js/07-B007-001.html,HTTPError: 404 Client Error: Not Found for url: https://media.ipsapps.org/mos/ora/co1/js/07-B007-001.html
https://media.ipsapps.org/mos/ora/co1/,https://media.ipsapps.org/mos/ora/co1/js/10-B010-001.html,HTTPError: 404 Client Error: Not Found for url: https://media.ipsapps.org/mos/ora/co1/js/10-B010-001.html
https://media.ipsapps.org/mos/ora/co1/,https://media.ipsapps.org/mos/ora/co1/js/11-B011-001.html,HTTPError: 404 Client Error: Not Found for url: https://media.ipsapps.org/mos/ora/co1/js/11-B011-001.html
https://media.ipsapps.org/mos/ora/co1/,https://media.ipsapps.org/mos/ora/co1/js/08-B008-001.html,HTTPError: 404 Client Error: Not Found for url: https://media.ipsapps.org/mos/ora/co1/js/08-B008-001.html
https://media.ipsapps.org/mos/ora/co1/,https://media.ipsapps.org/mos/ora/co1/js/01-B001-001.html,HTTPError: 404 Client Error: Not Found for url: https://media.ipsapps.org/mos/ora/co1/js/01-B001-001.html
https://media.ipsapps.org/mos/ora/co1/,https://media.ipsapps.org/mos/ora/co1/js/06-B006-001.html,HTTPError: 404 Client Error: Not Found for url: https://media.ipsapps.org/mos/ora/co1/js/06-B006-001.html
https://media.ipsapps.org/mos/ora/co2/,https://media.ipsapps.org/mos/ora/co2/js/05-B005-001.html,HTTPError: 404 Client Error: Not Found for url: https://media.ipsapps.org/mos/ora/co2/js/05-B005-001.html
https://media.ipsapps.org/mos/ora/co2/,https://media.ipsapps.org/mos/ora/co2/js/13-B013-001.html,HTTPError: 404 Client Error: Not Found for url: https://media.ipsapps.org/mos/ora/co2/js/13-B013-001.html
https://media.ipsapps.org/mos/ora/co2/,https://media.ipsapps.org/mos/ora/co2/js/Popcorn.js,HTTPError: 404 Client Error: Not Found for url: https://media.ipsapps.org/mos/ora/co2/js/Popcorn.js
https://media.ipsapps.org/mos/ora/co2/,https://media.ipsapps.org/mos/ora/co2/js/04-B004-001.html,HTTPError: 404 Client Error: Not Found for url: https://media.ipsapps.org/mos/ora/co2/js/04-B004-001.html
https://media.ipsapps.org/mos/ora/co2/,https://media.ipsapps.org/mos/ora/co2/js/03-B003-001.html,HTTPError: 404 Client Error: Not Found for url: https://media.ipsapps.org/mos/ora/co2/js/03-B003-001.html
https://media.ipsapps.org/mos/ora/co2/,https://media.ipsapps.org/mos/ora/co2/js/09-B009-001.html,HTTPError: 404 Client Error: Not Found for url: https://media.ipsapps.org/mos/ora/co2/js/09-B009-001.html
https://media.ipsapps.org/mos/ora/co2/,https://media.ipsapps.org/mos/ora/co2/js/10-B010-001.html,HTTPError: 404 Client Error: Not Found for url: https://media.ipsapps.org/mos/ora/co2/js/10-B010-001.html
https://media.ipsapps.org/mos/ora/co2/,https://media.ipsapps.org/mos/ora/co2/js/15-B015-001.html,HTTPError: 404 Client Error: Not Found for url: https://media.ipsapps.org/mos/ora/co2/js/15-B015-001.html
https://media.ipsapps.org/mos/ora/co2/,https://media.ipsapps.org/mos/ora/co2/js/11-B011-001.html,HTTPError: 404 Client Error: Not Found for url: https://media.ipsapps.org/mos/ora/co2/js/11-B011-001.html
https://media.ipsapps.org/mos/ora/co2/,https://media.ipsapps.org/mos/ora/co2/js/16-B016-001.html,HTTPError: 404 Client Error: Not Found for url: https://media.ipsapps.org/mos/ora/co2/js/16-B016-001.html
https://media.ipsapps.org/mos/ora/co2/,https://media.ipsapps.org/mos/ora/co2/js/07-B007-001.html,HTTPError: 404 Client Error: Not Found for url: https://media.ipsapps.org/mos/ora/co2/js/07-B007-001.html
https://media.ipsapps.org/mos/ora/co2/,https://media.ipsapps.org/mos/ora/co2/js/18-B018-001.html,HTTPError: 404 Client Error: Not Found for url: https://media.ipsapps.org/mos/ora/co2/js/18-B018-001.html
https://media.ipsapps.org/mos/ora/co2/,https://media.ipsapps.org/mos/ora/co2/js/12-B012-001.html,HTTPError: 404 Client Error: Not Found for url: https://media.ipsapps.org/mos/ora/co2/js/12-B012-001.html
https://media.ipsapps.org/mos/ora/co2/,https://media.ipsapps.org/mos/ora/co2/js/08-B008-001.html,HTTPError: 404 Client Error: Not Found for url: https://media.ipsapps.org/mos/ora/co2/js/08-B008-001.html
https://media.ipsapps.org/mos/ora/co2/,https://media.ipsapps.org/mos/ora/co2/js/02-B002-001.html,HTTPError: 404 Client Error: Not Found for url: https://media.ipsapps.org/mos/ora/co2/js/02-B002-001.html
https://media.ipsapps.org/mos/ora/co2/,https://media.ipsapps.org/mos/ora/co2/js/17-B017-001.html,HTTPError: 404 Client Error: Not Found for url: https://media.ipsapps.org/mos/ora/co2/js/17-B017-001.html
https://media.ipsapps.org/mos/ora/co2/,https://media.ipsapps.org/mos/ora/co2/js/06-B006-001.html,HTTPError: 404 Client Error: Not Found for url: https://media.ipsapps.org/mos/ora/co2/js/06-B006-001.html
https://media.ipsapps.org/mos/ora/co2/,https://media.ipsapps.org/mos/ora/co2/js/14-B014-001.html,HTTPError: 404 Client Error: Not Found for url: https://media.ipsapps.org/mos/ora/co2/js/14-B014-001.html
https://media.ipsapps.org/mos/ora/co2/,https://media.ipsapps.org/mos/ora/co2/js/01-B001-001.html,HTTPError: 404 Client Error: Not Found for url: https://media.ipsapps.org/mos/ora/co2/js/01-B001-001.html
https://media.ipsapps.org/mos/ora/devin/,https://media.ipsapps.org/mos/ora/devin/js/09-B009-001.html,HTTPError: 404 Client Error: Not Found for url: https://media.ipsapps.org/mos/ora/devin/js/09-B009-001.html
https://media.ipsapps.org/mos/ora/devin/,https://media.ipsapps.org/mos/ora/devin/js/07-B007-001.html,HTTPError: 404 Client Error: Not Found for url: https://media.ipsapps.org/mos/ora/devin/js/07-B007-001.html
https://media.ipsapps.org/mos/ora/devin/,https://media.ipsapps.org/mos/ora/devin/js/12-B012-001.html,HTTPError: 404 Client Error: Not Found for url: https://media.ipsapps.org/mos/ora/devin/js/12-B012-001.html
https://media.ipsapps.org/mos/ora/devin/,https://media.ipsapps.org/mos/ora/devin/js/10-B010-001.html,HTTPError: 404 Client Error: Not Found for url: https://media.ipsapps.org/mos/ora/devin/js/10-B010-001.html
https://media.ipsapps.org/mos/ora/devin/,https://media.ipsapps.org/mos/ora/devin/js/17-B017-001.html,HTTPError: 404 Client Error: Not Found for url: https://media.ipsapps.org/mos/ora/devin/js/17-B017-001.html
https://media.ipsapps.org/mos/ora/devin/,https://media.ipsapps.org/mos/ora/devin/js/18-B018-001.html,HTTPError: 404 Client Error: Not Found for url: https://media.ipsapps.org/mos/ora/devin/js/18-B018-001.html
https://media.ipsapps.org/mos/ora/devin/,https://media.ipsapps.org/mos/ora/devin/js/19-B019-001.html,HTTPError: 404 Client Error: Not Found for url: https://media.ipsapps.org/mos/ora/devin/js/19-B019-001.html
https://media.ipsapps.org/mos/ora/devin/,https://media.ipsapps.org/mos/ora/devin/js/08-B008-001.html,HTTPError: 404 Client Error: Not Found for url: https://media.ipsapps.org/mos/ora/devin/js/08-B008-001.html
https://media.ipsapps.org/mos/ora/devin/,https://media.ipsapps.org/mos/ora/devin/js/15-B015-001.html,HTTPError: 404 Client Error: Not Found for url: https://media.ipsapps.org/mos/ora/devin/js/15-B015-001.html
https://media.ipsapps.org/mos/ora/devin/,https://media.ipsapps.org/mos/ora/devin/js/16-B016-001.html,HTTPError: 404 Client Error: Not Found for url: https://media.ipsapps.org/mos/ora/devin/js/16-B016-001.html
https://media.ipsapps.org/mos/ora/devin/,https://media.ipsapps.org/mos/ora/devin/js/04-B004-001.html,HTTPError: 404 Client Error: Not Found for url: https://media.ipsapps.org/mos/ora/devin/js/04-B004-001.html
https://media.ipsapps.org/mos/ora/devin/,https://media.ipsapps.org/mos/ora/devin/js/13-B013-001.html,HTTPError: 404 Client Error: Not Found for url: https://media.ipsapps.org/mos/ora/devin/js/13-B013-001.html
https://media.ipsapps.org/mos/ora/devin/,https://media.ipsapps.org/mos/ora/devin/js/05-B005-001.html,HTTPError: 404 Client Error: Not Found for url: https://media.ipsapps.org/mos/ora/devin/js/05-B005-001.html
https://media.ipsapps.org/mos/ora/devin/,https://media.ipsapps.org/mos/ora/devin/js/11-B011-001.html,HTTPError: 404 Client Error: Not Found for url: https://media.ipsapps.org/mos/ora/devin/js/11-B011-001.html
https://media.ipsapps.org/mos/ora/devin/,https://media.ipsapps.org/mos/ora/devin/js/03-B003-001.html,HTTPError: 404 Client Error: Not Found for url: https://media.ipsapps.org/mos/ora/devin/js/03-B003-001.html
https://media.ipsapps.org/mos/ora/devin/,https://media.ipsapps.org/mos/ora/devin/js/01-B001-001.html,HTTPError: 404 Client Error: Not Found for url: https://media.ipsapps.org/mos/ora/devin/js/01-B001-001.html
https://media.ipsapps.org/mos/ora/devin/,https://media.ipsapps.org/mos/ora/devin/js/02-B002-001.html,HTTPError: 404 Client Error: Not Found for url: https://media.ipsapps.org/mos/ora/devin/js/02-B002-001.html
https://media.ipsapps.org/mos/ora/devin/,https://media.ipsapps.org/mos/ora/devin/js/06-B006-001.html,HTTPError: 404 Client Error: Not Found for url: https://media.ipsapps.org/mos/ora/devin/js/06-B006-001.html
https://media.ipsapps.org/mos/ora/devin/,https://media.ipsapps.org/mos/ora/devin/js/14-B014-001.html,HTTPError: 404 Client Error: Not Found for url: https://media.ipsapps.org/mos/ora/devin/js/14-B014-001.html
https://media.ipsapps.org/mos/ora/devin/,https://media.ipsapps.org/mos/ora/devin/js/Popcorn.js,HTTPError: 404 Client Error: Not Found for url: https://media.ipsapps.org/mos/ora/devin/js/Popcorn.js
https://media.ipsapps.org/mos/ora/devin/,https://media.ipsapps.org/mos/ora/devin/sw.js,HTTPError: 404 Client Error: Not Found for url: https://media.ipsapps.org/mos/ora/devin/sw.js
https://media.ipsapps.org/mos/ora/p1/,https://media.ipsapps.org/mos/ora/p1/js/Popcorn.js,HTTPError: 404 Client Error: Not Found for url: https://media.ipsapps.org/mos/ora/p1/js/Popcorn.js
https://media.ipsapps.org/mos/ora/p1/,https://media.ipsapps.org/mos/ora/p1/js/01-001-001.html,HTTPError: 404 Client Error: Not Found for url: https://media.ipsapps.org/mos/ora/p1/js/01-001-001.html
https://media.ipsapps.org/mos/ora/p2/,https://media.ipsapps.org/mos/ora/p2/js/Popcorn.js,HTTPError: 404 Client Error: Not Found for url: https://media.ipsapps.org/mos/ora/p2/js/Popcorn.js
https://media.ipsapps.org/mos/ora/p2/,https://media.ipsapps.org/mos/ora/p2/js/01-001-001.html,HTTPError: 404 Client Error: Not Found for url: https://media.ipsapps.org/mos/ora/p2/js/01-001-001.html
https://media.ipsapps.org/mos/ora/p3/,https://media.ipsapps.org/mos/ora/p3/js/Popcorn.js,HTTPError: 404 Client Error: Not Found for url: https://media.ipsapps.org/mos/ora/p3/js/Popcorn.js
https://media.ipsapps.org/mos/ora/p3/,https://media.ipsapps.org/mos/ora/p3/js/01-B001-001.html,HTTPError: 404 Client Error: Not Found for url: https://media.ipsapps.org/mos/ora/p3/js/01-B001-001.html
https://media.ipsapps.org/mos/ora/p4/,https://media.ipsapps.org/mos/ora/p4/js/01-B001-001.html,HTTPError: 404 Client Error: Not Found for url: https://media.ipsapps.org/mos/ora/p4/js/01-B001-001.html
https://media.ipsapps.org/mos/ora/p4/,https://media.ipsapps.org/mos/ora/p4/js/Popcorn.js,HTTPError: 404 Client Error: Not Found for url: https://media.ipsapps.org/mos/ora/p4/js/Popcorn.js
https://media.ipsapps.org/mos/ora/p5/,https://media.ipsapps.org/mos/ora/p5/js/01-001-001.html,HTTPError: 404 Client Error: Not Found for url: https://media.ipsapps.org/mos/ora/p5/js/01-001-001.html
https://media.ipsapps.org/mos/ora/p5/,https://media.ipsapps.org/mos/ora/p5/js/Popcorn.js,HTTPError: 404 Client Error: Not Found for url: https://media.ipsapps.org/mos/ora/p5/js/Popcorn.js
https://media.ipsapps.org/mos/ora/p6/,https://media.ipsapps.org/mos/ora/p6/js/Popcorn.js,HTTPError: 404 Client Error: Not Found for url: https://media.ipsapps.org/mos/ora/p6/js/Popcorn.js
https://media.ipsapps.org/mos/ora/p6/,https://media.ipsapps.org/mos/ora/p6/js/01-001-001.html,HTTPError: 404 Client Error: Not Found for url: https://media.ipsapps.org/mos/ora/p6/js/01-001-001.html
https://media.ipsapps.org/mos/ora/p7/,https://media.ipsapps.org/mos/ora/p7/js/01-001-001.html,HTTPError: 404 Client Error: Not Found for url: https://media.ipsapps.org/mos/ora/p7/js/01-001-001.html
https://media.ipsapps.org/mos/ora/p7/,https://media.ipsapps.org/mos/ora/p7/js/Popcorn.js,HTTPError: 404 Client Error: Not Found for url: https://media.ipsapps.org/mos/ora/p7/js/Popcorn.js
https://media.ipsapps.org/mos/ora/p8/,https://media.ipsapps.org/mos/ora/p8/js/Popcorn.js,HTTPError: 404 Client Error: Not Found for url: https://media.ipsapps.org/mos/ora/p8/js/Popcorn.js
https://media.ipsapps.org/mos/ora/p8/,https://media.ipsapps.org/mos/ora/p8/js/01-001-001.html,HTTPError: 404 Client Error: Not Found for url: https://media.ipsapps.org/mos/ora/p8/js/01-001-001.html
https://media.ipsapps.org/mos/ora/prv-v09/,https://media.ipsapps.org/mos/ora/prv-v09/js/01-B001-001.html,HTTPError: 404 Client Error: Not Found for url: https://media.ipsapps.org/mos/ora/prv-v09/js/01-B001-001.html
https://media.ipsapps.org/mos/ora/prv-v09/,https://media.ipsapps.org/mos/ora/prv-v09/js/Popcorn.js,HTTPError: 404 Client Error: Not Found for url: https://media.ipsapps.org/mos/ora/prv-v09/js/Popcorn.js
https://media.ipsapps.org/mos/ora/prv-v09/,https://media.ipsapps.org/mos/ora/prv-v09/js/06-B006-001.html,HTTPError: 404 Client Error: Not Found for url: https://media.ipsapps.org/mos/ora/prv-v09/js/06-B006-001.html
https://media.ipsapps.org/mos/ora/prv-v09/,https://media.ipsapps.org/mos/ora/prv-v09/js/10-B010-001.html,HTTPError: 404 Client Error: Not Found for url: https://media.ipsapps.org/mos/ora/prv-v09/js/10-B010-001.html
https://media.ipsapps.org/mos/ora/prv-v09/,https://media.ipsapps.org/mos/ora/prv-v09/js/08-B008-001.html,HTTPError: 404 Client Error: Not Found for url: https://media.ipsapps.org/mos/ora/prv-v09/js/08-B008-001.html
https://media.ipsapps.org/mos/ora/prv-v09/,https://media.ipsapps.org/mos/ora/prv-v09/js/09-B009-001.html,HTTPError: 404 Client Error: Not Found for url: https://media.ipsapps.org/mos/ora/prv-v09/js/09-B009-001.html
https://media.ipsapps.org/mos/ora/prv-v09/,https://media.ipsapps.org/mos/ora/prv-v09/js/07-B007-001.html,HTTPError: 404 Client Error: Not Found for url: https://media.ipsapps.org/mos/ora/prv-v09/js/07-B007-001.html
https://media.ipsapps.org/mos/ora/prv-v09/,https://media.ipsapps.org/mos/ora/prv-v09/js/11-B012-001.html,HTTPError: 404 Client Error: Not Found for url: https://media.ipsapps.org/mos/ora/prv-v09/js/11-B012-001.html
https://media.ipsapps.org/mos/ora/prv-v09/,https://media.ipsapps.org/mos/ora/prv-v09/js/04-B004-001.html,HTTPError: 404 Client Error: Not Found for url: https://media.ipsapps.org/mos/ora/prv-v09/js/04-B004-001.html
https://media.ipsapps.org/mos/ora/prv-v09/,https://media.ipsapps.org/mos/ora/prv-v09/js/02-B002-001.html,HTTPError: 404 Client Error: Not Found for url: https://media.ipsapps.org/mos/ora/prv-v09/js/02-B002-001.html
https://media.ipsapps.org/mos/ora/prv-v09/,https://media.ipsapps.org/mos/ora/prv-v09/js/14-B014-001.html,HTTPError: 404 Client Error: Not Found for url: https://media.ipsapps.org/mos/ora/prv-v09/js/14-B014-001.html
https://media.ipsapps.org/mos/ora/prv-v09/,https://media.ipsapps.org/mos/ora/prv-v09/js/05-B005-001.html,HTTPError: 404 Client Error: Not Found for url: https://media.ipsapps.org/mos/ora/prv-v09/js/05-B005-001.html
https://media.ipsapps.org/mos/ora/prv-v09/,https://media.ipsapps.org/mos/ora/prv-v09/js/03-B003-001.html,HTTPError: 404 Client Error: Not Found for url: https://media.ipsapps.org/mos/ora/prv-v09/js/03-B003-001.html
https://media.ipsapps.org/mos/ora/prv-v09/,https://media.ipsapps.org/mos/ora/prv-v09/js/12-B011-001.html,HTTPError: 404 Client Error: Not Found for url: https://media.ipsapps.org/mos/ora/prv-v09/js/12-B011-001.html
https://media.ipsapps.org/mos/ora/prv-v09/,https://media.ipsapps.org/mos/ora/prv-v09/js/13-B013-001.html,HTTPError: 404 Client Error: Not Found for url: https://media.ipsapps.org/mos/ora/prv-v09/js/13-B013-001.html
https://media.ipsapps.org/mos/ora/prv-v09/,https://media.ipsapps.org/mos/ora/prv-v09/sw.js,HTTPError: 404 Client Error: Not Found for url: https://media.ipsapps.org/mos/ora/prv-v09/sw.js
https://media.ipsapps.org/mos/ora/prv-v10/,https://media.ipsapps.org/mos/ora/prv-v10/js/03-B003-001.html,HTTPError: 404 Client Error: Not Found for url: https://media.ipsapps.org/mos/ora/prv-v10/js/03-B003-001.html
https://media.ipsapps.org/mos/ora/prv-v10/,https://media.ipsapps.org/mos/ora/prv-v10/sw.js,HTTPError: 404 Client Error: Not Found for url: https://media.ipsapps.org/mos/ora/prv-v10/sw.js
https://media.ipsapps.org/mos/ora/prv-v10/,https://media.ipsapps.org/mos/ora/prv-v10/js/Popcorn.js,HTTPError: 404 Client Error: Not Found for url: https://media.ipsapps.org/mos/ora/prv-v10/js/Popcorn.js
https://media.ipsapps.org/mos/ora/prv-v10/,https://media.ipsapps.org/mos/ora/prv-v10/js/21-B021-001.html,HTTPError: 404 Client Error: Not Found for url: https://media.ipsapps.org/mos/ora/prv-v10/js/21-B021-001.html
https://media.ipsapps.org/mos/ora/prv-v10/,https://media.ipsapps.org/mos/ora/prv-v10/js/09-B009-001.html,HTTPError: 404 Client Error: Not Found for url: https://media.ipsapps.org/mos/ora/prv-v10/js/09-B009-001.html
https://media.ipsapps.org/mos/ora/prv-v10/,https://media.ipsapps.org/mos/ora/prv-v10/js/07-B007-001.html,HTTPError: 404 Client Error: Not Found for url: https://media.ipsapps.org/mos/ora/prv-v10/js/07-B007-001.html
https://media.ipsapps.org/mos/ora/prv-v10/,https://media.ipsapps.org/mos/ora/prv-v10/js/01-B001-001.html,HTTPError: 404 Client Error: Not Found for url: https://media.ipsapps.org/mos/ora/prv-v10/js/01-B001-001.html
https://media.ipsapps.org/mos/ora/prv-v10/,https://media.ipsapps.org/mos/ora/prv-v10/js/15-B015-001.html,HTTPError: 404 Client Error: Not Found for url: https://media.ipsapps.org/mos/ora/prv-v10/js/15-B015-001.html
https://media.ipsapps.org/mos/ora/prv-v10/,https://media.ipsapps.org/mos/ora/prv-v10/js/06-B006-001.html,HTTPError: 404 Client Error: Not Found for url: https://media.ipsapps.org/mos/ora/prv-v10/js/06-B006-001.html
https://media.ipsapps.org/mos/ora/prv-v10/,https://media.ipsapps.org/mos/ora/prv-v10/js/14-B014-001.html,HTTPError: 404 Client Error: Not Found for url: https://media.ipsapps.org/mos/ora/prv-v10/js/14-B014-001.html
https://media.ipsapps.org/mos/ora/prv-v10/,https://media.ipsapps.org/mos/ora/prv-v10/js/17-B017-001.html,HTTPError: 404 Client Error: Not Found for url: https://media.ipsapps.org/mos/ora/prv-v10/js/17-B017-001.html
https://media.ipsapps.org/mos/ora/prv-v10/,https://media.ipsapps.org/mos/ora/prv-v10/js/13-B013-001.html,HTTPError: 404 Client Error: Not Found for url: https://media.ipsapps.org/mos/ora/prv-v10/js/13-B013-001.html
https://media.ipsapps.org/mos/ora/prv-v10/,https://media.ipsapps.org/mos/ora/prv-v10/js/16-B016-001.html,HTTPError: 404 Client Error: Not Found for url: https://media.ipsapps.org/mos/ora/prv-v10/js/16-B016-001.html
https://media.ipsapps.org/mos/ora/prv-v10/,https://media.ipsapps.org/mos/ora/prv-v10/js/18-B018-001.html,HTTPError: 404 Client Error: Not Found for url: https://media.ipsapps.org/mos/ora/prv-v10/js/18-B018-001.html
https://media.ipsapps.org/mos/ora/prv-v10/,https://media.ipsapps.org/mos/ora/prv-v10/js/11-B011-001.html,HTTPError: 404 Client Error: Not Found for url: https://media.ipsapps.org/mos/ora/prv-v10/js/11-B011-001.html
https://media.ipsapps.org/mos/ora/prv-v10/,https://media.ipsapps.org/mos/ora/prv-v10/js/05-B005-001.html,HTTPError: 404 Client Error: Not Found for url: https://media.ipsapps.org/mos/ora/prv-v10/js/05-B005-001.html
https://media.ipsapps.org/mos/ora/prv-v10/,https://media.ipsapps.org/mos/ora/prv-v10/js/12-B012-001.html,HTTPError: 404 Client Error: Not Found for url: https://media.ipsapps.org/mos/ora/prv-v10/js/12-B012-001.html
https://media.ipsapps.org/mos/ora/prv-v10/,https://media.ipsapps.org/mos/ora/prv-v10/js/20-B020-001.html,HTTPError: 404 Client Error: Not Found for url: https://media.ipsapps.org/mos/ora/prv-v10/js/20-B020-001.html
https://media.ipsapps.org/mos/ora/prv-v10/,https://media.ipsapps.org/mos/ora/prv-v10/js/10-B010-001.html,HTTPError: 404 Client Error: Not Found for url: https://media.ipsapps.org/mos/ora/prv-v10/js/10-B010-001.html
https://media.ipsapps.org/mos/ora/prv-v10/,https://media.ipsapps.org/mos/ora/prv-v10/js/19-B019-001.html,HTTPError: 404 Client Error: Not Found for url: https://media.ipsapps.org/mos/ora/prv-v10/js/19-B019-001.html
https://media.ipsapps.org/mos/ora/prv-v10/,https://media.ipsapps.org/mos/ora/prv-v10/js/04-B004-001.html,HTTPError: 404 Client Error: Not Found for url: https://media.ipsapps.org/mos/ora/prv-v10/js/04-B004-001.html
https://media.ipsapps.org/mos/ora/prv-v10/,https://media.ipsapps.org/mos/ora/prv-v10/js/02-B002-001.html,HTTPError: 404 Client Error: Not Found for url: https://media.ipsapps.org/mos/ora/prv-v10/js/02-B002-001.html
https://media.ipsapps.org/mos/ora/prv-v10/,https://media.ipsapps.org/mos/ora/prv-v10/js/08-B008-001.html,HTTPError: 404 Client Error: Not Found for url: https://media.ipsapps.org/mos/ora/prv-v10/js/08-B008-001.html
https://media.ipsapps.org/mos/ora/prv-v11/,https://media.ipsapps.org/mos/ora/prv-v11/js/04-B004-001.html,HTTPError: 404 Client Error: Not Found for url: https://media.ipsapps.org/mos/ora/prv-v11/js/04-B004-001.html
https://media.ipsapps.org/mos/ora/prv-v11/,https://media.ipsapps.org/mos/ora/prv-v11/js/03-B003-001.html,HTTPError: 404 Client Error: Not Found for url: https://media.ipsapps.org/mos/ora/prv-v11/js/03-B003-001.html
https://media.ipsapps.org/mos/ora/prv-v11/,https://media.ipsapps.org/mos/ora/prv-v11/js/21-B021-001.html,HTTPError: 404 Client Error: Not Found for url: https://media.ipsapps.org/mos/ora/prv-v11/js/21-B021-001.html
https://media.ipsapps.org/mos/ora/prv-v11/,https://media.ipsapps.org/mos/ora/prv-v11/js/02-B002-001.html,HTTPError: 404 Client Error: Not Found for url: https://media.ipsapps.org/mos/ora/prv-v11/js/02-B002-001.html
https://media.ipsapps.org/mos/ora/prv-v11/,https://media.ipsapps.org/mos/ora/prv-v11/js/10-B010-001.html,HTTPError: 404 Client Error: Not Found for url: https://media.ipsapps.org/mos/ora/prv-v11/js/10-B010-001.html
https://media.ipsapps.org/mos/ora/prv-v11/,https://media.ipsapps.org/mos/ora/prv-v11/js/18-B018-001.html,HTTPError: 404 Client Error: Not Found for url: https://media.ipsapps.org/mos/ora/prv-v11/js/18-B018-001.html
https://media.ipsapps.org/mos/ora/prv-v11/,https://media.ipsapps.org/mos/ora/prv-v11/js/07-B007-001.html,HTTPError: 404 Client Error: Not Found for url: https://media.ipsapps.org/mos/ora/prv-v11/js/07-B007-001.html
https://media.ipsapps.org/mos/ora/prv-v11/,https://media.ipsapps.org/mos/ora/prv-v11/js/20-B020-001.html,HTTPError: 404 Client Error: Not Found for url: https://media.ipsapps.org/mos/ora/prv-v11/js/20-B020-001.html
https://media.ipsapps.org/mos/ora/prv-v11/,https://media.ipsapps.org/mos/ora/prv-v11/js/06-B006-001.html,HTTPError: 404 Client Error: Not Found for url: https://media.ipsapps.org/mos/ora/prv-v11/js/06-B006-001.html
https://media.ipsapps.org/mos/ora/prv-v11/,https://media.ipsapps.org/mos/ora/prv-v11/js/01-B001-001.html,HTTPError: 404 Client Error: Not Found for url: https://media.ipsapps.org/mos/ora/prv-v11/js/01-B001-001.html
https://media.ipsapps.org/mos/ora/prv-v11/,https://media.ipsapps.org/mos/ora/prv-v11/js/14-B014-001.html,HTTPError: 404 Client Error: Not Found for url: https://media.ipsapps.org/mos/ora/prv-v11/js/14-B014-001.html
https://media.ipsapps.org/mos/ora/prv-v11/,https://media.ipsapps.org/mos/ora/prv-v11/js/05-B005-001.html,HTTPError: 404 Client Error: Not Found for url: https://media.ipsapps.org/mos/ora/prv-v11/js/05-B005-001.html
https://media.ipsapps.org/mos/ora/prv-v11/,https://media.ipsapps.org/mos/ora/prv-v11/js/17-B017-001.html,HTTPError: 404 Client Error: Not Found for url: https://media.ipsapps.org/mos/ora/prv-v11/js/17-B017-001.html
https://media.ipsapps.org/mos/ora/prv-v11/,https://media.ipsapps.org/mos/ora/prv-v11/js/15-B015-001.html,HTTPError: 404 Client Error: Not Found for url: https://media.ipsapps.org/mos/ora/prv-v11/js/15-B015-001.html
https://media.ipsapps.org/mos/ora/prv-v11/,https://media.ipsapps.org/mos/ora/prv-v11/js/12-B012-001.html,HTTPError: 404 Client Error: Not Found for url: https://media.ipsapps.org/mos/ora/prv-v11/js/12-B012-001.html
https://media.ipsapps.org/mos/ora/prv-v11/,https://media.ipsapps.org/mos/ora/prv-v11/js/13-B013-001.html,HTTPError: 404 Client Error: Not Found for url: https://media.ipsapps.org/mos/ora/prv-v11/js/13-B013-001.html
https://media.ipsapps.org/mos/ora/prv-v11/,https://media.ipsapps.org/mos/ora/prv-v11/js/11-B011-001.html,HTTPError: 404 Client Error: Not Found for url: https://media.ipsapps.org/mos/ora/prv-v11/js/11-B011-001.html
https://media.ipsapps.org/mos/ora/prv-v11/,https://media.ipsapps.org/mos/ora/prv-v11/js/19-B019-001.html,HTTPError: 404 Client Error: Not Found for url: https://media.ipsapps.org/mos/ora/prv-v11/js/19-B019-001.html
https://media.ipsapps.org/mos/ora/prv-v11/,https://media.ipsapps.org/mos/ora/prv-v11/js/16-B016-001.html,HTTPError: 404 Client Error: Not Found for url: https://media.ipsapps.org/mos/ora/prv-v11/js/16-B016-001.html
https://media.ipsapps.org/mos/ora/prv-v11/,https://media.ipsapps.org/mos/ora/prv-v11/js/09-B009-001.html,HTTPError: 404 Client Error: Not Found for url: https://media.ipsapps.org/mos/ora/prv-v11/js/09-B009-001.html
https://media.ipsapps.org/mos/ora/prv-v11/,https://media.ipsapps.org/mos/ora/prv-v11/js/08-B008-001.html,HTTPError: 404 Client Error: Not Found for url: https://media.ipsapps.org/mos/ora/prv-v11/js/08-B008-001.html
https://media.ipsapps.org/mos/ora/prv-v11/,https://media.ipsapps.org/mos/ora/prv-v11/js/Popcorn.js,HTTPError: 404 Client Error: Not Found for url: https://media.ipsapps.org/mos/ora/prv-v11/js/Popcorn.js
https://media.ipsapps.org/mos/ora/prv-v11/,https://media.ipsapps.org/mos/ora/prv-v11/sw.js,HTTPError: 404 Client Error: Not Found for url: https://media.ipsapps.org/mos/ora/prv-v11/sw.js
https://media.ipsapps.org/mos/ora/prv-v12/,https://media.ipsapps.org/mos/ora/prv-v12/js/15-B015-001.html,HTTPError: 404 Client Error: Not Found for url: https://media.ipsapps.org/mos/ora/prv-v12/js/15-B015-001.html
https://media.ipsapps.org/mos/ora/prv-v12/,https://media.ipsapps.org/mos/ora/prv-v12/js/22-B022-001.html,HTTPError: 404 Client Error: Not Found for url: https://media.ipsapps.org/mos/ora/prv-v12/js/22-B022-001.html
https://media.ipsapps.org/mos/ora/prv-v12/,https://media.ipsapps.org/mos/ora/prv-v12/sw.js,HTTPError: 404 Client Error: Not Found for url: https://media.ipsapps.org/mos/ora/prv-v12/sw.js
https://media.ipsapps.org/mos/ora/prv-v12/,https://media.ipsapps.org/mos/ora/prv-v12/js/04-B004-001.html,HTTPError: 404 Client Error: Not Found for url: https://media.ipsapps.org/mos/ora/prv-v12/js/04-B004-001.html
https://media.ipsapps.org/mos/ora/prv-v12/,https://media.ipsapps.org/mos/ora/prv-v12/js/05-B005-001.html,HTTPError: 404 Client Error: Not Found for url: https://media.ipsapps.org/mos/ora/prv-v12/js/05-B005-001.html
https://media.ipsapps.org/mos/ora/prv-v12/,https://media.ipsapps.org/mos/ora/prv-v12/js/18-B018-001.html,HTTPError: 404 Client Error: Not Found for url: https://media.ipsapps.org/mos/ora/prv-v12/js/18-B018-001.html
https://media.ipsapps.org/mos/ora/prv-v12/,https://media.ipsapps.org/mos/ora/prv-v12/js/33-B033-001.html,HTTPError: 404 Client Error: Not Found for url: https://media.ipsapps.org/mos/ora/prv-v12/js/33-B033-001.html
https://media.ipsapps.org/mos/ora/prv-v12/,https://media.ipsapps.org/mos/ora/prv-v12/js/28-B028-001.html,HTTPError: 404 Client Error: Not Found for url: https://media.ipsapps.org/mos/ora/prv-v12/js/28-B028-001.html
https://media.ipsapps.org/mos/ora/prv-v12/,https://media.ipsapps.org/mos/ora/prv-v12/js/14-B014-001.html,HTTPError: 404 Client Error: Not Found for url: https://media.ipsapps.org/mos/ora/prv-v12/js/14-B014-001.html
https://media.ipsapps.org/mos/ora/prv-v12/,https://media.ipsapps.org/mos/ora/prv-v12/js/37-B037-001.html,HTTPError: 404 Client Error: Not Found for url: https://media.ipsapps.org/mos/ora/prv-v12/js/37-B037-001.html
https://media.ipsapps.org/mos/ora/prv-v12/,https://media.ipsapps.org/mos/ora/prv-v12/js/13-B013-001.html,HTTPError: 404 Client Error: Not Found for url: https://media.ipsapps.org/mos/ora/prv-v12/js/13-B013-001.html
https://media.ipsapps.org/mos/ora/prv-v12/,https://media.ipsapps.org/mos/ora/prv-v12/js/08-B008-001.html,HTTPError: 404 Client Error: Not Found for url: https://media.ipsapps.org/mos/ora/prv-v12/js/08-B008-001.html
https://media.ipsapps.org/mos/ora/prv-v12/,https://media.ipsapps.org/mos/ora/prv-v12/js/24-B024-001.html,HTTPError: 404 Client Error: Not Found for url: https://media.ipsapps.org/mos/ora/prv-v12/js/24-B024-001.html
https://media.ipsapps.org/mos/ora/prv-v12/,https://media.ipsapps.org/mos/ora/prv-v12/js/36-B036-001.html,HTTPError: 404 Client Error: Not Found for url: https://media.ipsapps.org/mos/ora/prv-v12/js/36-B036-001.html
https://media.ipsapps.org/mos/ora/prv-v12/,https://media.ipsapps.org/mos/ora/prv-v12/js/29-B029-001.html,HTTPError: 404 Client Error: Not Found for url: https://media.ipsapps.org/mos/ora/prv-v12/js/29-B029-001.html
https://media.ipsapps.org/mos/ora/prv-v12/,https://media.ipsapps.org/mos/ora/prv-v12/js/27-B027-001.html,HTTPError: 404 Client Error: Not Found for url: https://media.ipsapps.org/mos/ora/prv-v12/js/27-B027-001.html
https://media.ipsapps.org/mos/ora/prv-v12/,https://media.ipsapps.org/mos/ora/prv-v12/js/23-B023-001.html,HTTPError: 404 Client Error: Not Found for url: https://media.ipsapps.org/mos/ora/prv-v12/js/23-B023-001.html
https://media.ipsapps.org/mos/ora/prv-v12/,https://media.ipsapps.org/mos/ora/prv-v12/js/30-B030-001.html,HTTPError: 404 Client Error: Not Found for url: https://media.ipsapps.org/mos/ora/prv-v12/js/30-B030-001.html
https://media.ipsapps.org/mos/ora/prv-v12/,https://media.ipsapps.org/mos/ora/prv-v12/js/31-B031-001.html,HTTPError: 404 Client Error: Not Found for url: https://media.ipsapps.org/mos/ora/prv-v12/js/31-B031-001.html
https://media.ipsapps.org/mos/ora/prv-v12/,https://media.ipsapps.org/mos/ora/prv-v12/js/03-B003-001.html,HTTPError: 404 Client Error: Not Found for url: https://media.ipsapps.org/mos/ora/prv-v12/js/03-B003-001.html
https://media.ipsapps.org/mos/ora/prv-v12/,https://media.ipsapps.org/mos/ora/prv-v12/js/20-B020-001.html,HTTPError: 404 Client Error: Not Found for url: https://media.ipsapps.org/mos/ora/prv-v12/js/20-B020-001.html
https://media.ipsapps.org/mos/ora/prv-v12/,https://media.ipsapps.org/mos/ora/prv-v12/js/02-B002-001.html,HTTPError: 404 Client Error: Not Found for url: https://media.ipsapps.org/mos/ora/prv-v12/js/02-B002-001.html
https://media.ipsapps.org/mos/ora/prv-v12/,https://media.ipsapps.org/mos/ora/prv-v12/js/32-B032-001.html,HTTPError: 404 Client Error: Not Found for url: https://media.ipsapps.org/mos/ora/prv-v12/js/32-B032-001.html
https://media.ipsapps.org/mos/ora/prv-v12/,https://media.ipsapps.org/mos/ora/prv-v12/js/10-B010-001.html,HTTPError: 404 Client Error: Not Found for url: https://media.ipsapps.org/mos/ora/prv-v12/js/10-B010-001.html
https://media.ipsapps.org/mos/ora/prv-v12/,https://media.ipsapps.org/mos/ora/prv-v12/js/34-B034-001.html,HTTPError: 404 Client Error: Not Found for url: https://media.ipsapps.org/mos/ora/prv-v12/js/34-B034-001.html
https://media.ipsapps.org/mos/ora/prv-v12/,https://media.ipsapps.org/mos/ora/prv-v12/js/12-B012-001.html,HTTPError: 404 Client Error: Not Found for url: https://media.ipsapps.org/mos/ora/prv-v12/js/12-B012-001.html
https://media.ipsapps.org/mos/ora/prv-v12/,https://media.ipsapps.org/mos/ora/prv-v12/js/35-B035-001.html,HTTPError: 404 Client Error: Not Found for url: https://media.ipsapps.org/mos/ora/prv-v12/js/35-B035-001.html
https://media.ipsapps.org/mos/ora/prv-v12/,https://media.ipsapps.org/mos/ora/prv-v12/js/07-B007-001.html,HTTPError: 404 Client Error: Not Found for url: https://media.ipsapps.org/mos/ora/prv-v12/js/07-B007-001.html
https://media.ipsapps.org/mos/ora/prv-v12/,https://media.ipsapps.org/mos/ora/prv-v12/js/25-B025-001.html,HTTPError: 404 Client Error: Not Found for url: https://media.ipsapps.org/mos/ora/prv-v12/js/25-B025-001.html
https://media.ipsapps.org/mos/ora/prv-v12/,https://media.ipsapps.org/mos/ora/prv-v12/js/11-B011-001.html,HTTPError: 404 Client Error: Not Found for url: https://media.ipsapps.org/mos/ora/prv-v12/js/11-B011-001.html
https://media.ipsapps.org/mos/ora/prv-v12/,https://media.ipsapps.org/mos/ora/prv-v12/js/09-B009-001.html,HTTPError: 404 Client Error: Not Found for url: https://media.ipsapps.org/mos/ora/prv-v12/js/09-B009-001.html
https://media.ipsapps.org/mos/ora/prv-v12/,https://media.ipsapps.org/mos/ora/prv-v12/js/01-B001-001.html,HTTPError: 404 Client Error: Not Found for url: https://media.ipsapps.org/mos/ora/prv-v12/js/01-B001-001.html
https://media.ipsapps.org/mos/ora/prv-v12/,https://media.ipsapps.org/mos/ora/prv-v12/js/06-B006-001.html,HTTPError: 404 Client Error: Not Found for url: https://media.ipsapps.org/mos/ora/prv-v12/js/06-B006-001.html
https://media.ipsapps.org/mos/ora/prv-v12/,https://media.ipsapps.org/mos/ora/prv-v12/js/16-B016-001.html,HTTPError: 404 Client Error: Not Found for url: https://media.ipsapps.org/mos/ora/prv-v12/js/16-B016-001.html
https://media.ipsapps.org/mos/ora/prv-v12/,https://media.ipsapps.org/mos/ora/prv-v12/js/19-B019-001.html,HTTPError: 404 Client Error: Not Found for url: https://media.ipsapps.org/mos/ora/prv-v12/js/19-B019-001.html
https://media.ipsapps.org/mos/ora/prv-v12/,https://media.ipsapps.org/mos/ora/prv-v12/js/17-B017-001.html,HTTPError: 404 Client Error: Not Found for url: https://media.ipsapps.org/mos/ora/prv-v12/js/17-B017-001.html
https://media.ipsapps.org/mos/ora/prv-v12/,https://media.ipsapps.org/mos/ora/prv-v12/js/26-B026-001.html,HTTPError: 404 Client Error: Not Found for url: https://media.ipsapps.org/mos/ora/prv-v12/js/26-B026-001.html
https://media.ipsapps.org/mos/ora/prv-v12/,https://media.ipsapps.org/mos/ora/prv-v12/js/21-B021-001.html,HTTPError: 404 Client Error: Not Found for url: https://media.ipsapps.org/mos/ora/prv-v12/js/21-B021-001.html
https://media.ipsapps.org/mos/ora/prv-v12/,https://media.ipsapps.org/mos/ora/prv-v12/js/Popcorn.js,HTTPError: 404 Client Error: Not Found for url: https://media.ipsapps.org/mos/ora/prv-v12/js/Popcorn.js
https://media.ipsapps.org/mos/ora/vol3/,https://media.ipsapps.org/mos/ora/vol3/sw.js,HTTPError: 404 Client Error: Not Found for url: https://media.ipsapps.org/mos/ora/vol3/sw.js
https://media.ipsapps.org/mos/ora/vol3/,https://media.ipsapps.org/mos/ora/vol3/js/Popcorn.js,HTTPError: 404 Client Error: Not Found for url: https://media.ipsapps.org/mos/ora/vol3/js/Popcorn.js
https://media.ipsapps.org/mos/ora/vol3/,https://media.ipsapps.org/mos/ora/vol3/js/09-B009-001.html,HTTPError: 404 Client Error: Not Found for url: https://media.ipsapps.org/mos/ora/vol3/js/09-B009-001.html
https://media.ipsapps.org/mos/ora/vol3/,https://media.ipsapps.org/mos/ora/vol3/js/01-B001-001.html,HTTPError: 404 Client Error: Not Found for url: https://media.ipsapps.org/mos/ora/vol3/js/01-B001-001.html
https://media.ipsapps.org/mos/ora/vol3/,https://media.ipsapps.org/mos/ora/vol3/js/08-B008-001.html,HTTPError: 404 Client Error: Not Found for url: https://media.ipsapps.org/mos/ora/vol3/js/08-B008-001.html
https://media.ipsapps.org/mos/ora/vol3/,https://media.ipsapps.org/mos/ora/vol3/js/02-B002-001.html,HTTPError: 404 Client Error: Not Found for url: https://media.ipsapps.org/mos/ora/vol3/js/02-B002-001.html
https://media.ipsapps.org/mos/ora/vol3/,https://media.ipsapps.org/mos/ora/vol3/js/06-B006-001.html,HTTPError: 404 Client Error: Not Found for url: https://media.ipsapps.org/mos/ora/vol3/js/06-B006-001.html
https://media.ipsapps.org/mos/ora/vol3/,https://media.ipsapps.org/mos/ora/vol3/js/05-B005-001.html,HTTPError: 404 Client Error: Not Found for url: https://media.ipsapps.org/mos/ora/vol3/js/05-B005-001.html
https://media.ipsapps.org/mos/ora/vol3/,https://media.ipsapps.org/mos/ora/vol3/js/04-B004-001.html,HTTPError: 404 Client Error: Not Found for url: https://media.ipsapps.org/mos/ora/vol3/js/04-B004-001.html
https://media.ipsapps.org/mos/ora/vol3/,https://media.ipsapps.org/mos/ora/vol3/js/12-B012-001.html,HTTPError: 404 Client Error: Not Found for url: https://media.ipsapps.org/mos/ora/vol3/js/12-B012-001.html
https://media.ipsapps.org/mos/ora/vol3/,https://media.ipsapps.org/mos/ora/vol3/js/07-B007-001.html,HTTPError: 404 Client Error: Not Found for url: https://media.ipsapps.org/mos/ora/vol3/js/07-B007-001.html
https://media.ipsapps.org/mos/ora/vol3/,https://media.ipsapps.org/mos/ora/vol3/js/03-B003-001.html,HTTPError: 404 Client Error: Not Found for url: https://media.ipsapps.org/mos/ora/vol3/js/03-B003-001.html
https://media.ipsapps.org/mos/ora/vol3/,https://media.ipsapps.org/mos/ora/vol3/js/11-B011-001.html,HTTPError: 404 Client Error: Not Found for url: https://media.ipsapps.org/mos/ora/vol3/js/11-B011-001.html
https://media.ipsapps.org/mos/ora/vol3/,https://media.ipsapps.org/mos/ora/vol3/js/10-B010-001.html,HTTPError: 404 Client Error: Not Found for url: https://media.ipsapps.org/mos/ora/vol3/js/10-B010-001.html
https://media.ipsapps.org/mos/ora/vol4/,https://media.ipsapps.org/mos/ora/vol4/js/11-B011-001.html,HTTPError: 404 Client Error: Not Found for url: https://media.ipsapps.org/mos/ora/vol4/js/11-B011-001.html
https://media.ipsapps.org/mos/ora/vol4/,https://media.ipsapps.org/mos/ora/vol4/js/Popcorn.js,HTTPError: 404 Client Error: Not Found for url: https://media.ipsapps.org/mos/ora/vol4/js/Popcorn.js
https://media.ipsapps.org/mos/ora/vol4/,https://media.ipsapps.org/mos/ora/vol4/js/09-B009-001.html,HTTPError: 404 Client Error: Not Found for url: https://media.ipsapps.org/mos/ora/vol4/js/09-B009-001.html
https://media.ipsapps.org/mos/ora/vol4/,https://media.ipsapps.org/mos/ora/vol4/js/07-B007-001.html,HTTPError: 404 Client Error: Not Found for url: https://media.ipsapps.org/mos/ora/vol4/js/07-B007-001.html
https://media.ipsapps.org/mos/ora/vol4/,https://media.ipsapps.org/mos/ora/vol4/js/08-B008-001.html,HTTPError: 404 Client Error: Not Found for url: https://media.ipsapps.org/mos/ora/vol4/js/08-B008-001.html
https://media.ipsapps.org/mos/ora/vol4/,https://media.ipsapps.org/mos/ora/vol4/js/04-B004-001.html,HTTPError: 404 Client Error: Not Found for url: https://media.ipsapps.org/mos/ora/vol4/js/04-B004-001.html
https://media.ipsapps.org/mos/ora/vol4/,https://media.ipsapps.org/mos/ora/vol4/js/12-B012-001.html,HTTPError: 404 Client Error: Not Found for url: https://media.ipsapps.org/mos/ora/vol4/js/12-B012-001.html
https://media.ipsapps.org/mos/ora/vol4/,https://media.ipsapps.org/mos/ora/vol4/js/02-B002-001.html,HTTPError: 404 Client Error: Not Found for url: https://media.ipsapps.org/mos/ora/vol4/js/02-B002-001.html
https://media.ipsapps.org/mos/ora/vol4/,https://media.ipsapps.org/mos/ora/vol4/js/05-B005-001.html,HTTPError: 404 Client Error: Not Found for url: https://media.ipsapps.org/mos/ora/vol4/js/05-B005-001.html
https://media.ipsapps.org/mos/ora/vol4/,https://media.ipsapps.org/mos/ora/vol4/js/10-B010-001.html,HTTPError: 404 Client Error: Not Found for url: https://media.ipsapps.org/mos/ora/vol4/js/10-B010-001.html
https://media.ipsapps.org/mos/ora/vol4/,https://media.ipsapps.org/mos/ora/vol4/js/03-B003-001.html,HTTPError: 404 Client Error: Not Found for url: https://media.ipsapps.org/mos/ora/vol4/js/03-B003-001.html
https://media.ipsapps.org/mos/ora/vol4/,https://media.ipsapps.org/mos/ora/vol4/js/01-B001-001.html,HTTPError: 404 Client Error: Not Found for url: https://media.ipsapps.org/mos/ora/vol4/js/01-B001-001.html
https://media.ipsapps.org/mos/ora/vol4/,https://media.ipsapps.org/mos/ora/vol4/js/06-B006-001.html,HTTPError: 404 Client Error: Not Found for url: https://media.ipsapps.org/mos/ora/vol4/js/06-B006-001.html
https://media.ipsapps.org/mos/ora/vol4/,https://media.ipsapps.org/mos/ora/vol4/sw.js,HTTPError: 404 Client Error: Not Found for url: https://media.ipsapps.org/mos/ora/vol4/sw.js
https://media.ipsapps.org/mos2/osa/,https://media.ipsapps.org/mos2/osa/js/mo-42-LUK-001.html,HTTPError: 404 Client Error: Not Found for url: https://media.ipsapps.org/mos2/osa/js/mo-42-LUK-001.html
https://media.ipsapps.org/mos2/osa/,https://media.ipsapps.org/mos2/osa/js/mo-30-AMO-001.html,HTTPError: 404 Client Error: Not Found for url: https://media.ipsapps.org/mos2/osa/js/mo-30-AMO-001.html
https://media.ipsapps.org/mos2/osa/,https://media.ipsapps.org/mos2/osa/js/Popcorn.js,HTTPError: 404 Client Error: Not Found for url: https://media.ipsapps.org/mos2/osa/js/Popcorn.js
https://media.ipsapps.org/mos2/osa/,https://media.ipsapps.org/mos2/osa/js/mo-38-ZEC-001.html,HTTPError: 404 Client Error: Not Found for url: https://media.ipsapps.org/mos2/osa/js/mo-38-ZEC-001.html
https://media.ipsapps.org/mos2/osa/,https://media.ipsapps.org/mos2/osa/js/mo-43-JHN-001.html,HTTPError: 404 Client Error: Not Found for url: https://media.ipsapps.org/mos2/osa/js/mo-43-JHN-001.html
https://media.ipsapps.org/mos2/osa/,https://media.ipsapps.org/mos2/osa/js/mo-31-OBA-001.html,HTTPError: 404 Client Error: Not Found for url: https://media.ipsapps.org/mos2/osa/js/mo-31-OBA-001.html
https://media.ipsapps.org/mos2/osa/,https://media.ipsapps.org/mos2/osa/js/mo-02-EXO-001.html,HTTPError: 404 Client Error: Not Found for url: https://media.ipsapps.org/mos2/osa/js/mo-02-EXO-001.html
https://media.ipsapps.org/mos2/osa/,https://media.ipsapps.org/mos2/osa/js/mo-41-MRK-001.html,HTTPError: 404 Client Error: Not Found for url: https://media.ipsapps.org/mos2/osa/js/mo-41-MRK-001.html
https://media.ipsapps.org/mos2/osa/,https://media.ipsapps.org/mos2/osa/js/mo-65-JUD-001.html,HTTPError: 404 Client Error: Not Found for url: https://media.ipsapps.org/mos2/osa/js/mo-65-JUD-001.html
https://media.ipsapps.org/mos2/osa/,https://media.ipsapps.org/mos2/osa/js/mo-08-RUT-001.html,HTTPError: 404 Client Error: Not Found for url: https://media.ipsapps.org/mos2/osa/js/mo-08-RUT-001.html
https://media.ipsapps.org/mos2/osa/,https://media.ipsapps.org/mos2/osa/js/mo-19-PSA-001.html,HTTPError: 404 Client Error: Not Found for url: https://media.ipsapps.org/mos2/osa/js/mo-19-PSA-001.html
https://media.ipsapps.org/mos2/osa/,https://media.ipsapps.org/mos2/osa/js/mo-23-ISA-001.html,HTTPError: 404 Client Error: Not Found for url: https://media.ipsapps.org/mos2/osa/js/mo-23-ISA-001.html
https://media.ipsapps.org/mos2/osa/,https://media.ipsapps.org/mos2/osa/js/mo-21-ECC-001.html,HTTPError: 404 Client Error: Not Found for url: https://media.ipsapps.org/mos2/osa/js/mo-21-ECC-001.html
https://media.ipsapps.org/mos2/osa/,https://media.ipsapps.org/mos2/osa/js/mo-10-2SA-001.html,HTTPError: 404 Client Error: Not Found for url: https://media.ipsapps.org/mos2/osa/js/mo-10-2SA-001.html
https://media.ipsapps.org/mos2/osa/,https://media.ipsapps.org/mos2/osa/js/mo-47-2CO-001.html,HTTPError: 404 Client Error: Not Found for url: https://media.ipsapps.org/mos2/osa/js/mo-47-2CO-001.html
https://media.ipsapps.org/mos2/osa/,https://media.ipsapps.org/mos2/osa/js/mo-05-DEU-001.html,HTTPError: 404 Client Error: Not Found for url: https://media.ipsapps.org/mos2/osa/js/mo-05-DEU-001.html
https://media.ipsapps.org/mos2/osa/,https://media.ipsapps.org/mos2/osa/js/mo-18-JOB-001.html,HTTPError: 404 Client Error: Not Found for url: https://media.ipsapps.org/mos2/osa/js/mo-18-JOB-001.html
https://media.ipsapps.org/mos2/osa/,https://media.ipsapps.org/mos2/osa/js/mo-17-EST-001.html,HTTPError: 404 Client Error: Not Found for url: https://media.ipsapps.org/mos2/osa/js/mo-17-EST-001.html
https://media.ipsapps.org/mos2/osa/,https://media.ipsapps.org/mos2/osa/js/mo-33-MIC-001.html,HTTPError: 404 Client Error: Not Found for url: https://media.ipsapps.org/mos2/osa/js/mo-33-MIC-001.html
https://media.ipsapps.org/mos2/osa/,https://media.ipsapps.org/mos2/osa/js/mo-64-3JN-001.html,HTTPError: 404 Client Error: Not Found for url: https://media.ipsapps.org/mos2/osa/js/mo-64-3JN-001.html
https://media.ipsapps.org/mos2/osa/,https://media.ipsapps.org/mos2/osa/js/mo-60-1PE-001.html,HTTPError: 404 Client Error: Not Found for url: https://media.ipsapps.org/mos2/osa/js/mo-60-1PE-001.html
https://media.ipsapps.org/mos2/osa/,https://media.ipsapps.org/mos2/osa/js/mo-28-HOS-001.html,HTTPError: 404 Client Error: Not Found for url: https://media.ipsapps.org/mos2/osa/js/mo-28-HOS-001.html
https://media.ipsapps.org/mos2/osa/,https://media.ipsapps.org/mos2/osa/js/mo-03-LEV-001.html,HTTPError: 404 Client Error: Not Found for url: https://media.ipsapps.org/mos2/osa/js/mo-03-LEV-001.html
https://media.ipsapps.org/mos2/osa/,https://media.ipsapps.org/mos2/osa/js/mo-48-GAL-001.html,HTTPError: 404 Client Error: Not Found for url: https://media.ipsapps.org/mos2/osa/js/mo-48-GAL-001.html
https://media.ipsapps.org/mos2/osa/,https://media.ipsapps.org/mos2/osa/js/mo-62-1JN-001.html,HTTPError: 404 Client Error: Not Found for url: https://media.ipsapps.org/mos2/osa/js/mo-62-1JN-001.html
https://media.ipsapps.org/mos2/osa/,https://media.ipsapps.org/mos2/osa/js/mo-01-GEN-001.html,HTTPError: 404 Client Error: Not Found for url: https://media.ipsapps.org/mos2/osa/js/mo-01-GEN-001.html
https://media.ipsapps.org/mos2/osa/,https://media.ipsapps.org/mos2/osa/js/mo-49-EPH-001.html,HTTPError: 404 Client Error: Not Found for url: https://media.ipsapps.org/mos2/osa/js/mo-49-EPH-001.html
https://media.ipsapps.org/mos2/osa/,https://media.ipsapps.org/mos2/osa/js/mo-20-PRO-001.html,HTTPError: 404 Client Error: Not Found for url: https://media.ipsapps.org/mos2/osa/js/mo-20-PRO-001.html
https://media.ipsapps.org/mos2/osa/,https://media.ipsapps.org/mos2/osa/js/mo-54-1TI-001.html,HTTPError: 404 Client Error: Not Found for url: https://media.ipsapps.org/mos2/osa/js/mo-54-1TI-001.html
https://media.ipsapps.org/mos2/osa/,https://media.ipsapps.org/mos2/osa/js/mo-39-MAL-001.html,HTTPError: 404 Client Error: Not Found for url: https://media.ipsapps.org/mos2/osa/js/mo-39-MAL-001.html
https://media.ipsapps.org/mos2/osa/,https://media.ipsapps.org/mos2/osa/js/mo-40-MAT-001.html,HTTPError: 404 Client Error: Not Found for url: https://media.ipsapps.org/mos2/osa/js/mo-40-MAT-001.html
https://media.ipsapps.org/mos2/osa/,https://media.ipsapps.org/mos2/osa/js/mo-66-REV-001.html,HTTPError: 404 Client Error: Not Found for url: https://media.ipsapps.org/mos2/osa/js/mo-66-REV-001.html
https://media.ipsapps.org/mos2/osa/,https://media.ipsapps.org/mos2/osa/js/mo-13-1CH-001.html,HTTPError: 404 Client Error: Not Found for url: https://media.ipsapps.org/mos2/osa/js/mo-13-1CH-001.html
https://media.ipsapps.org/mos2/osa/,https://media.ipsapps.org/mos2/osa/js/mo-24-JER-001.html,HTTPError: 404 Client Error: Not Found for url: https://media.ipsapps.org/mos2/osa/js/mo-24-JER-001.html
https://media.ipsapps.org/mos2/osa/,https://media.ipsapps.org/mos2/osa/js/mo-36-ZEP-001.html,HTTPError: 404 Client Error: Not Found for url: https://media.ipsapps.org/mos2/osa/js/mo-36-ZEP-001.html
https://media.ipsapps.org/mos2/osa/,https://media.ipsapps.org/mos2/osa/js/mo-32-JON-001.html,HTTPError: 404 Client Error: Not Found for url: https://media.ipsapps.org/mos2/osa/js/mo-32-JON-001.html
https://media.ipsapps.org/mos2/osa/,https://media.ipsapps.org/mos2/osa/js/mo-04-NUM-001.html,HTTPError: 404 Client Error: Not Found for url: https://media.ipsapps.org/mos2/osa/js/mo-04-NUM-001.html
https://media.ipsapps.org/mos2/osa/,https://media.ipsapps.org/mos2/osa/js/mo-57-PHM-001.html,HTTPError: 404 Client Error: Not Found for url: https://media.ipsapps.org/mos2/osa/js/mo-57-PHM-001.html
https://media.ipsapps.org/mos2/osa/,https://media.ipsapps.org/mos2/osa/js/mo-16-NEH-001.html,HTTPError: 404 Client Error: Not Found for url: https://media.ipsapps.org/mos2/osa/js/mo-16-NEH-001.html
https://media.ipsapps.org/mos2/osa/,https://media.ipsapps.org/mos2/osa/js/mo-45-ROM-001.html,HTTPError: 404 Client Error: Not Found for url: https://media.ipsapps.org/mos2/osa/js/mo-45-ROM-001.html
https://media.ipsapps.org/mos2/osa/,https://media.ipsapps.org/mos2/osa/js/mo-11-1KI-001.html,HTTPError: 404 Client Error: Not Found for url: https://media.ipsapps.org/mos2/osa/js/mo-11-1KI-001.html
https://media.ipsapps.org/mos2/osa/,https://media.ipsapps.org/mos2/osa/js/mo-27-DAN-001.html,HTTPError: 404 Client Error: Not Found for url: https://media.ipsapps.org/mos2/osa/js/mo-27-DAN-001.html
https://media.ipsapps.org/mos2/osa/,https://media.ipsapps.org/mos2/osa/js/mo-56-TIT-001.html,HTTPError: 404 Client Error: Not Found for url: https://media.ipsapps.org/mos2/osa/js/mo-56-TIT-001.html
https://media.ipsapps.org/mos2/osa/,https://media.ipsapps.org/mos2/osa/js/mo-58-HEB-001.html,HTTPError: 404 Client Error: Not Found for url: https://media.ipsapps.org/mos2/osa/js/mo-58-HEB-001.html
https://media.ipsapps.org/mos2/osa/,https://media.ipsapps.org/mos2/osa/js/mo-55-2TI-001.html,HTTPError: 404 Client Error: Not Found for url: https://media.ipsapps.org/mos2/osa/js/mo-55-2TI-001.html
https://media.ipsapps.org/mos2/osa/,https://media.ipsapps.org/mos2/osa/js/mo-12-2KI-001.html,HTTPError: 404 Client Error: Not Found for url: https://media.ipsapps.org/mos2/osa/js/mo-12-2KI-001.html
https://media.ipsapps.org/mos2/osa/,https://media.ipsapps.org/mos2/osa/js/mo-63-2JN-001.html,HTTPError: 404 Client Error: Not Found for url: https://media.ipsapps.org/mos2/osa/js/mo-63-2JN-001.html
https://media.ipsapps.org/mos2/osa/,https://media.ipsapps.org/mos2/osa/js/mo-44-ACT-001.html,HTTPError: 404 Client Error: Not Found for url: https://media.ipsapps.org/mos2/osa/js/mo-44-ACT-001.html
https://media.ipsapps.org/mos2/osa/,https://media.ipsapps.org/mos2/osa/js/mo-52-1TH-001.html,HTTPError: 404 Client Error: Not Found for url: https://media.ipsapps.org/mos2/osa/js/mo-52-1TH-001.html
https://media.ipsapps.org/mos2/osa/,https://media.ipsapps.org/mos2/osa/js/mo-09-1SA-001.html,HTTPError: 404 Client Error: Not Found for url: https://media.ipsapps.org/mos2/osa/js/mo-09-1SA-001.html
https://media.ipsapps.org/mos2/osa/,https://media.ipsapps.org/mos2/osa/js/mo-61-2PE-001.html,HTTPError: 404 Client Error: Not Found for url: https://media.ipsapps.org/mos2/osa/js/mo-61-2PE-001.html
https://media.ipsapps.org/mos2/osa/,https://media.ipsapps.org/mos2/osa/js/mo-07-JDG-001.html,HTTPError: 404 Client Error: Not Found for url: https://media.ipsapps.org/mos2/osa/js/mo-07-JDG-001.html
https://media.ipsapps.org/mos2/osa/,https://media.ipsapps.org/mos2/osa/js/mo-06-JOS-001.html,HTTPError: 404 Client Error: Not Found for url: https://media.ipsapps.org/mos2/osa/js/mo-06-JOS-001.html
https://media.ipsapps.org/mos2/osa/,https://media.ipsapps.org/mos2/osa/js/mo-35-HAB-001.html,HTTPError: 404 Client Error: Not Found for url: https://media.ipsapps.org/mos2/osa/js/mo-35-HAB-001.html
https://media.ipsapps.org/mos2/osa/,https://media.ipsapps.org/mos2/osa/js/mo-50-PHP-001.html,HTTPError: 404 Client Error: Not Found for url: https://media.ipsapps.org/mos2/osa/js/mo-50-PHP-001.html
https://media.ipsapps.org/mos2/osa/,https://media.ipsapps.org/mos2/osa/js/mo-59-JAS-001.html,HTTPError: 404 Client Error: Not Found for url: https://media.ipsapps.org/mos2/osa/js/mo-59-JAS-001.html
https://media.ipsapps.org/mos2/osa/,https://media.ipsapps.org/mos2/osa/js/mo-15-EZR-001.html,HTTPError: 404 Client Error: Not Found for url: https://media.ipsapps.org/mos2/osa/js/mo-15-EZR-001.html
https://media.ipsapps.org/mos2/osa/,https://media.ipsapps.org/mos2/osa/js/mo-37-HAG-001.html,HTTPError: 404 Client Error: Not Found for url: https://media.ipsapps.org/mos2/osa/js/mo-37-HAG-001.html
https://media.ipsapps.org/mos2/osa/,https://media.ipsapps.org/mos2/osa/js/mo-29-JOL-001.html,HTTPError: 404 Client Error: Not Found for url: https://media.ipsapps.org/mos2/osa/js/mo-29-JOL-001.html
https://media.ipsapps.org/mos2/osa/,https://media.ipsapps.org/mos2/osa/js/mo-25-LAM-001.html,HTTPError: 404 Client Error: Not Found for url: https://media.ipsapps.org/mos2/osa/js/mo-25-LAM-001.html
https://media.ipsapps.org/mos2/osa/,https://media.ipsapps.org/mos2/osa/js/mo-53-2TH-001.html,HTTPError: 404 Client Error: Not Found for url: https://media.ipsapps.org/mos2/osa/js/mo-53-2TH-001.html
https://media.ipsapps.org/mos2/osa/,https://media.ipsapps.org/mos2/osa/js/mo-46-1CO-001.html,HTTPError: 404 Client Error: Not Found for url: https://media.ipsapps.org/mos2/osa/js/mo-46-1CO-001.html
https://media.ipsapps.org/mos2/osa/,https://media.ipsapps.org/mos2/osa/js/mo-14-2CH-001.html,HTTPError: 404 Client Error: Not Found for url: https://media.ipsapps.org/mos2/osa/js/mo-14-2CH-001.html
https://media.ipsapps.org/mos2/osa/,https://media.ipsapps.org/mos2/osa/js/mo-22-SNG-001.html,HTTPError: 404 Client Error: Not Found for url: https://media.ipsapps.org/mos2/osa/js/mo-22-SNG-001.html
https://media.ipsapps.org/mos2/osa/,https://media.ipsapps.org/mos2/osa/js/mo-51-COL-001.html,HTTPError: 404 Client Error: Not Found for url: https://media.ipsapps.org/mos2/osa/js/mo-51-COL-001.html
https://media.ipsapps.org/mos2/osa/,https://media.ipsapps.org/mos2/osa/js/mo-34-NAM-001.html,HTTPError: 404 Client Error: Not Found for url: https://media.ipsapps.org/mos2/osa/js/mo-34-NAM-001.html
https://media.ipsapps.org/mos2/osa/,https://media.ipsapps.org/mos2/osa/js/mo-26-EZK-001.html,HTTPError: 404 Client Error: Not Found for url: https://media.ipsapps.org/mos2/osa/js/mo-26-EZK-001.html
https://media.ipsapps.org/mos2/osa/,https://media.ipsapps.org/mos2/osa/mo-11-1KI-132.html,HTTPError: 404 Client Error: Not Found for url: https://media.ipsapps.org/mos2/osa/mo-11-1KI-132.html
https://media.ipsapps.org/mos2/osa/,https://media.ipsapps.org/mos2/osa/mo-41-MRK-027.html,HTTPError: 404 Client Error: Not Found for url: https://media.ipsapps.org/mos2/osa/mo-41-MRK-027.html
